model_time,CD95,FADD,DISC,p55free,DISCp55,p30,p43,p18,p18inactive,Bid,tBid,PrNES_mCherry,PrNES,mCherry,PrER_mGFP,PrER,mGFP,CD95L
0,116,93,0,155,0,0,0,0,0,236,0,973,0,0,5178,0,0,16.600000000000001
0.25,116,91.876040356892219,1.1132933193093386,154.98933367619827,0.0106561511821694,1.0170067537551319e-05,2.5487862349433403e-09,3.2311443505982717e-12,1.0989642911454115e-14,235.99999999998673,1.3301546129851552e-11,972.9999999998422,1.579354262151577e-10,1.579354262151577e-10,5178,9.1206478555890517e-13,9.1206478555890517e-13,16.600000000000001
0.5,116,90.767215692073833,2.1905836850542304,154.95779937692399,0.042119904463625596,8.0638421576022012e-05,7.9986811723096651e-08,2.0264075517462523e-10,1.3819466606219535e-12,235.99999999916196,8.3811563209349722e-10,972.99999999004842,9.9513356026165314e-09,9.9513356026165314e-09,5177.9999999998863,1.1469206914451221e-10,1.1469206914451221e-10,16.600000000000001
0.75,116,89.673292931670019,3.2327938401711953,154.9060867695562,0.093642900811378729,0.00026973170057747163,5.956468833262793e-07,2.2617663845137676e-09,2.3196168210014872e-11,235.99999999060157,9.3984928608745861e-09,972.99999988840716,1.1159266458322801e-07,1.1159266458322801e-07,5177.9999999980755,1.9251224407119715e-09,1.9251224407119715e-09,16.600000000000001
1,116,88.594043109520499,4.240832151314736,154.8348752482124,0.16448862364837291,0.00063365413125138009,2.4613851893396854e-06,1.245201004400323e-08,1.707120320761439e-10,235.99999994801422,5.1985797666815026e-08,972.99999938274811,6.1725148563879571e-07,6.1725148563879571e-07,5177.9999999858319,1.4167924670724204e-08,1.4167924670724204e-08,16.600000000000001
1.25,116,87.529241296919309,5.2155921338833355,154.7448333834607,0.25393268491745191,0.0012265185967293623,7.3656832121665505e-06,4.6542279482287352e-08,7.9965672256735301e-10,235.99999980477813,1.9522194353775788e-07,972.99999768203907,2.3179606742122109e-06,2.3179606742122109e-06,5177.9999999336351,6.6366008710282286e-08,6.6366008710282286e-08,16.600000000000001
1.5,116,86.478666532583119,6.157952043227013,154.63661843682738,0.36126307489113474,0.0021003774636385517,1.7971835147578122e-05,1.3616794091279913e-07,2.8147273830640137e-09,235.99999942615841,5.7384162038899523e-07,972.99999318651203,6.8134876806244753e-06,6.8134876806244753e-06,5177.999999766399,2.3360301582751456e-07,2.3360301582751456e-07,16.600000000000001
1.75,116,85.442101752935173,7.0687745281289311,154.51087593650348,0.48578037734219304,0.0033052532054665502,3.8088388312930298e-05,3.3642613314620599e-07,8.1343806665423764e-09,235.99999857556367,1.4244363923658828e-06,972.99998308700594,1.6912993818328163e-05,1.6912993818328163e-05,5177.9999993249039,6.7509765490816698e-07,6.7509765490816698e-07,16.600000000000001
2,116,84.419333722786362,7.9489063427336397,154.36823931070421,0.6267979516434723,0.0048891688531077435,7.2813983468119207e-05,7.3446743516924401e-07,2.0348258295641681e-08,235.99999687563667,3.1243633559147306e-06,972.99996290298498,3.7097014686110185e-05,3.7097014686110185e-05,5177.9999983112339,1.6887655027027217e-06,1.6887655027027217e-06,16.600000000000001
2.25,116,83.410152966488326,8.79917811318888,154.20932957521256,0.78364208332453411,0.0068981782969492565,0.00012865870138734808,1.4588761004009685e-06,4.5588399492206401e-08,235.99999376491934,6.2350805995185149e-06,972.99992596799746,7.4032001836733956e-05,7.4032001836733956e-05,5177.9999962164757,3.7835236437305038e-06,3.7835236437305038e-06,16.600000000000001
2.5,116,82.414353699626545,9.6204041553739135,154.03475507171717,0.95565210457629923,0.0093763964584310036,0.0002136439648517909,2.6896524165929278e-06,9.3630711965546869e-08,235.99998845076951,1.1549230401820656e-05,972.99986287063678,0.00013712936257629795,0.00013712936257629795,5177.9999922292936,7.7707051861984538e-06,7.7707051861984538e-06,16.600000000000001
2.75,116,81.43173376131773,10.413382340203027,153.84511125365057,1.142180486161867,0.012366029342808615,0.00033738297461212999,4.6686311006070857e-06,1.7923898927917795e-07,235.99997985915147,2.0140848445737719e-05,972.99976085838364,0.00023914161537249345,0.00023914161537249345,5177.9999851243883,1.4875603457096694e-05,1.4875603457096694e-05,16.600000000000001
3,116,80.462094547167169,11.178894003116175,153.64098051633437,1.3425929021611291,0.01590740397894861,0.0005111435766136437,7.7101889028254743e-06,3.2376004909003595e-07,235.999966581867,3.3418132903645057e-05,972.9996032110613,0.0003967889378758117,0.0003967889378758117,5177.9999731301359,2.6869857497545111e-05,2.6869857497545111e-05,16.600000000000001
3.25,116,79.505240942939253,11.917703894498011,153.42293206834921,1.5562682689478866,0.020038998246460035,0.00074789536840072469,1.2212112714518253e-05,5.5697529742307484e-07,235.99994682173909,5.3178260734506717e-05,972.99936858998012,0.00063141001907944581,0.00063141001907944581,5177.9999537748727,4.6225119144573262e-05,4.6225119144573262e-05,16.600000000000001
3.5,116,78.560981258987312,12.630560167899828,153.19152184115941,1.7825987597702302,0.024797470585365682,0.0010623427573483351,1.8666516404530568e-05,9.1921117106849013e-07,235.99991833621004,8.1663789671856151e-05,972.99903036826606,0.00096963173358046752,0.00096963173358046752,5177.9999237117909,7.6288205194923172e-05,7.6288205194923172e-05,16.600000000000001
3.75,116,77.629127165484348,13.318194403075351,152.94729243414073,2.0209897962773957,0.030217689578873882,0.0014709455841562778,2.7670710340904676e-05,1.4637084449608517e-06,235.99987837976664,0.00012162023297993158,972.9985559472675,0.0014440527319368186,0.0014440527319368186,5177.9998785222615,0.00012147773354153324,0.00012147773354153324,16.600000000000001
4,116,76.709493628493107,13.981321660979079,152.69077309228169,2.2708600183087131,0.03633276339564976,0.0019919288235819075,3.9937942077622747e-05,2.2592482853897212e-06,235.99982364555962,0.00017635443997864408,972.99790606341469,0.002093936585092365,0.002093936585092365,5177.9998124979275,0.0001875020673767736,0.0001875020673767736,16.600000000000001
4.25,116,75.801898846907221,14.620640568014187,152.42247971395008,2.5316412332322744,0.043174069074312531,0.0026452827721323712,5.6307940020174461e-05,3.3930311546269142e-06,235.99975020654111,0.00024979345850030359,972.99703408936841,0.0029659106317021745,0.0029659106317021745,5177.9997184017502,0.00028159824420359808,0.00028159824420359808,16.600000000000001
4.5,116,74.906164190292813,15.236833426954767,152.14291488624019,2.8027783460922633,0.050771281629703707,0.0034527550306222309,7.7757204051772665e-05,4.9738032000346228e-06,235.99965345640385,0.00034654359579860196,972.99588533284577,0.0041146671543754801,0.0041146671543754801,5177.9995872085483,0.00041279144416065739,0.00041279144416065739,16.600000000000001
4.75,116,74.02211413765518,15.830566352103627,151.85256794553686,3.0837292717944287,0.05915240295777182,0.0044378354891589245,0.00010540899814013034,7.1352235636684233e-06,235.9995280505677,0.00047194943197604005,972.99439633604629,0.0056036639542412538,0.0056036639542412538,5177.9994078255395,0.00059217445278431037,0.00059217445278431037,16.600000000000001
5,116,73.149576217152486,16.402489426381216,151.55191506105848,3.3739648305286809,0.068343790513689259,0.0056257354240966447,0.0001405430098958177,1.0039465100471474e-05,235.99936784742491,0.00063215257475323608,972.99249417819749,0.0075058218030738767,0.0075058218030738767,5177.9991667934964,0.00083320649461079716,0.00083320649461079716,16.600000000000001
5.25,116,72.288380946773444,16.953236878172874,151.24141933925486,3.6729686275963416,0.078370185736036754,0.00704336172148479,0.00018460465096623369,1.3881040269128504e-05,235.99916585002322,0.00083414997642125284,972.99009578337143,0.0099042166290425719,0.0099042166290425719,5177.9988479692356,0.0011520307538675368,0.0011520307538675368,16.600000000000001
5.5,116,71.438361775994295,17.483427275890158,150.92153094706066,3.9802369187771292,0.089254742188539044,0.0087192871500698585,0.00023921398007730618,1.889084343548179e-05,235.99891414833644,0.0010858516631659439,972.98710723536385,0.012892764636765646,0.012892764636765646,5177.9984321901356,0.0015678098549158799,0.0015678098549158799,16.600000000000001
5.75,116,70.599355028426729,17.993663738326731,150.59268725211507,4.2952784623374658,0.10101905338988373,0.010683717519399831,0.0003061742375341765,2.5340400481376914e-05,235.99860386224583,0.0013961377537176336,972.98342310112457,0.016576898875757955,0.016576898875757955,5177.9978969214462,0.0021030785461984354,0.0021030785461984354,16.600000000000001
6,116,69.77119984546546,18.48453415901044,150.25531297817295,4.6176143587474536,0.11368318030158195,0.012968456475324465,0.0003874799861200163,3.3546316420526168e-05,235.998225085331,0.0017749146685594292,972.97892576394554,0.021074236054710975,0.021074236054710975,5177.9972158871778,0.0027841128154337987,0.0027841128154337987,16.600000000000001
6.25,116,68.953738130942071,18.95661144286958,149.90982037404089,4.946777879138625,0.12726567844359915,0.015606868606382407,0.00048532485864705204,4.3874911667453186e-05,235.9977668295468,0.0022331704528319152,972.97348476734658,0.026515232653611099,0.026515232653611099,5177.9963586853364,0.0036413146590257082,0.0036413146590257082,16.600000000000001
6.5,116,68.146814496789332,19.410453753644035,149.55660939447839,5.2823142834989767,0.14178362460757463,0.018633841460329238,0.00060210891697393099,5.6747037667198893e-05,235.99721697084388,0.0027830291557164859,972.96695617038711,0.033043829612836764,0.033043829612836764,5177.9952903882604,0.0047096117335624502,0.0047096117335624502,16.600000000000001
6.75,116,67.35027620971745,19.846604770579205,149.19606789160241,5.6237806295653323,0.15725264313782708,0.022085747000431501,0.00074044563116589651,7.26430627549804e-05,235.99656219577304,0.0034378042265839834,972.95918191492012,0.040818085079485235,0.040818085079485235,5177.9939711288634,0.0060288711304389312,0.0060288711304389312,16.600000000000001
7,116,66.563973138902341,20.265593953044316,148.82857181543628,5.9707455733364947,0.1736869317509854,0.026000402966110076,0.00090316849069445348,9.2108019360495689e-05,235.99578794909598,0.004212050903681549,972.94998920513228,0.050010794867700943,0.050010794867700943,5177.9923556734611,0.0076443265347125372,0.0076443265347125372,16.600000000000001
7.25,116,65.787757704684012,20.667936811814496,148.45448542233197,6.3227891620938044,0.19109928686595748,0.030417034541991503,0.001093337262204973,0.00011575690398644941,235.99487838241495,0.0051216175847211597,972.93918989955671,0.060810100443146275,0.060810100443146275,5177.9903929819402,0.0096070180550863055,0.0096070180550863055,16.600000000000001
7.5,116,65.02148482827117,21.054135185850061,148.07416149008867,6.6795026207786901,0.20950112841703636,0.035376236683306909,0.0013142439104752413,0.00014428012176178015,235.99381630381896,0.0061836961805490998,972.92657991562623,0.073420084373403735,0.073420084373403735,5177.9880257559535,0.011974244042283548,0.011974244042283548,16.600000000000001
7.75,116,64.265011882447126,21.424677523495177,147.68794153867344,7.0404881325400037,0.22890252412421383,0.040919937393718221,0.0015694182007940552,0.00017844906778482076,235.99258312853618,0.007416871463235635,972.91193864670254,0.088061353297420208,0.088061353297420208,5177.9851899757468,0.014810024247020236,0.014810024247020236,16.600000000000001
8,116,63.518198643270239,21.780039167102622,147.29615605553249,7.4053586142273025,0.24931221319620209,0.047091362203882312,0.0018626330021524024,0.00021912183791917233,235.99115883057098,0.0088411694285433651,972.89502839144018,0.10497160855946155,0.10497160855946155,5177.9818144262872,0.018185573705370772,0.018185573705370772,16.600000000000001
8.25,116,62.780907242760748,22.120682640170951,146.89912472455777,7.7737374875700924,0.27073762944324181,0.053935000055190953,0.002197909311403522,0.00026724906217542367,235.9895218952995,0.010478104699922376,972.87559379527158,0.12440620472774919,0.12440620472774919,5177.9778202132193,0.02217978677772231,0.02217978677772231,16.600000000000001
8.5,116,62.053002122565815,22.447057936155755,146.49715665784797,8.1452584467472491,0.29318492377847155,0.061496570752946664,0.0025795210189521922,0.00032387985429598753,235.98764927299237,0.012350727007046446,972.85336130372286,0.14663869627624354,0.14663869627624354,5177.9731202691883,0.026879730806967431,0.026879730806967431,16.600000000000001
8.75,116,61.334349988591754,22.759602808187566,146.0905506294707,8.5195652230159062,0.31665898608844012,0.06982299411653628,0.0030119994366147908,0.00039016787165016065,235.98551633322285,0.014483666776547681,972.82803862724813,0.17196137275112086,0.17196137275112086,5177.9676188510948,0.032381148901414428,0.032381148901414428,16.600000000000001
9,116,60.624819766593397,23.058743058996001,145.67959531050087,8.8963113470348514,0.34116346645523715,0.078962360920723923,0.0035001376080841386,0.00046737748003477641,235.98309682012331,0.016903179876122582,972.79931421722711,0.20068578277246849,0.20068578277246849,5177.9612110286062,0.038788971387488415,0.038788971387488415,16.600000000000001
9.25,116,59.92428255870815,23.344892830401669,145.264569504669,9.2751599094839268,0.36670079571469694,0.088963905691785847,0.0040489944219677327,0.00055689001845604766,235.98036280844374,0.019637191555659572,972.76685675276178,0.23314324723765714,0.23314324723765714,5177.9537821644799,0.046217835516108835,0.046217835516108835,16.600000000000001
9.5,116,59.232611600922766,23.618454891796745,144.84574238401314,9.655783320548883,0.39327220533716489,0.099877981394625448,0.0046638985466730632,0.00066021015943457399,235.97728466036884,0.022715339630559089,972.73031463790278,0.26968536209671118,0.26968536209671118,5177.9452073869525,0.054792613044170047,0.054792613044170047,16.600000000000001
9.75,116,58.549682221459818,23.879820927089565,144.42337372398268,10.037863068809374,0.42087774661942079,0.11175603602202744,0.005350452205514656,0.00077897236082291371,235.97383098304638,0.026169016953061081,972.68931550893672,0.31068449106269824,0.31068449106269824,5177.9353510546462,0.064648945348387721,0.064648945348387721,16.600000000000001
10,116,57.875371800069438,24.129371819639722,143.99771413749383,10.421089480037937,0.44951630917849689,0.12465059107461501,0.0061145348093373068,0.00091494740554898181,235.96996858678213,0.030031413217230359,972.64346575139666,0.35653424860253224,0.35653424860253224,5177.9240662142292,0.075933785762513972,0.075933785762513972,16.600000000000001
10.25,116,57.209559728213506,24.367477934758071,143.56900530748231,10.805161476388662,0.47918563874032016,0.13861522189967027,0.0069623064627088562,0.0010700490260948101,235.96566244385698,0.034337556142344496,972.5923500264729,0.40764997352639892,0.40764997352639892,5177.9111940511293,0.088805948860224804,0.088805948860224804,16.600000000000001
10.5,116,56.552127370126541,24.594499399390269,143.13748021754722,11.189786336426494,0.50988235421833727,0.15370453983855464,0.0079002113583522774,0.0012463406108852676,235.96087564792148,0.039124352077841248,972.53553080654137,0.46446919345796467,0.46446919345796467,5177.8965633335511,0.10343666643453354,0.10343666643453354,16.600000000000001
10.75,116,55.902958024739618,24.810786378643453,142.70336338031964,11.574679456421745,0.54160196407953876,0.16997417611584897,0.008934981072976295,0.0014460419900920321,235.95556937392848,0.044430626070765956,972.47254791957607,0.52745208042326175,0.52745208042326175,5177.8799898500383,0.12001014995011176,0.12001014995011176,16.600000000000001
11,116,55.261936888451054,25.016679348854026,142.26687106322996,11.959564113309215,0.57433888199759364,0.18748076738833749,0.010073637776040598,0.0016715362986515208,235.94970283856534,0.050297161433864826,972.40291810225494,0.5970818977442196,0.5970818977442196,5177.8612758407235,0.1387241592671547,0.1387241592671547,16.600000000000001
11.25,116,54.628951018729602,25.212509366929488,141.82821151138285,12.344171229687586,0.60808644179513505,0.20628194285841409,0.011323497361267599,0.0019253769145491811,235.94323326115,0.056766738849138659,972.32613456163517,0.67386543836376267,0.67386543836376267,5177.8402094225348,0.15979057745419639,0.15979057745419639,16.600000000000001
11.5,116,54.003889298534069,25.398598335729982,141.38758516728407,12.728239141212377,0.64283691167956991,0.22643631284425006,0.012692172508898682,0.0022102944706341794,235.93611582496132,0.063884175037846228,972.24166654533576,0.75833345466366409,0.75833345466366409,5177.8165640084671,0.18343599152235385,0.18343599152235385,16.600000000000001
11.75,116,53.386642401533898,25.575259265284572,140.94518488719484,13.111513366714622,0.67858150777920068,0.2480034586879673,0.014187575684796729,0.0025292039383960894,235.92830363897554,0.07169636102365827,972.14895892023492,0.85104107976438359,0.85104107976438359,5177.7900977210629,0.20990227892469035,0.20990227892469035,16.600000000000001
12,116,52.777102758115127,25.742796529665419,140.50119615391731,13.493746381357898,0.71531040698882631,0.27104392387298593,0.015817922080527503,0.0028852117822568604,235.91974769998816,0.08025230001094584,972.0474317597816,0.95256824021822961,0.95256824021822961,5177.7605528003169,0.23944719967156092,0.23944719967156092,16.600000000000001
12.25,116,52.175164522155818,25.901506119367419,140.05579728584331,13.874697393127997,0.75301275913646659,0.2956192062125288,0.017591732496514682,0.0032816231830053977,235.91039685510401,0.089603144895065212,971.93647994007608,1.0635200599237769,1.0635200599237769,5177.7276550060733,0.27234499391579475,0.27234499391579475,16.600000000000001
12.5,116,51.580723538555517,26.051675889064054,139.60915964212191,14.254132122932472,0.79167669848531719,0.32179175096285845,0.019517836168263743,0.0037219493290270534,235.90019776458308,0.099802235416000876,971.81547274499871,1.1845272550007724,1.1845272550007724,5177.6911130151302,0.30888698486023863,0.30888698486023863,16.600000000000001
12.75,116,50.993677311502701,26.193585800631055,139.1614478238258,14.631822588571804,0.83128935458758524,0.3496249447070861,0.021605373533491661,0.0042099147739546395,235.88909486503815,0.11090513496086861,971.68375348072868,1.3162465192710435,1.3162465192710435,5177.6506178131558,0.34938218683439903,0.34938218683439903,16.600000000000001
13,116,50.413924973464745,26.327508161348252,138.71281987101744,15.007546892829588,0.87183686250940395,0.37918310984823528,0.023863798935786822,0.0047494648592901314,235.87703033298442,0.12296966701457741,971.54063910010734,1.4593608998924661,1.4593608998924661,5177.6058420816089,0.39415791837656045,0.39415791837656045,16.600000000000001
13.25,116,49.841367254884936,26.453707857207089,138.26342745563292,15.381089015915951,0.91330437244864471,0.41053149954358248,0.02630288325815865,0.0053447732004154227,235.86394404874756,0.13605595125142292,971.38541983740936,1.6145801625899736,1.6145801625899736,5177.556439579841,0.44356042014270686,0.44356042014270686,16.600000000000001
13.5,116,49.275906454570809,26.572442581266539,137.81341607012507,15.752238612486678,0.95567605877011574,0.44373629290605937,0.028932716477522512,0.006000249234225488,235.84977356074543,0.15022643925354187,971.21735885417911,1.7826411458201865,1.7826411458201865,5177.5020445225382,0.49795547744371321,0.49795547744371321,16.600000000000001
13.75,116,48.717446410758576,26.683963057013848,137.36292521181667,16.120790813449815,0.99893512848533339,0.47886459029261874,0.03176371012880369,0.0067205458263766915,235.83445405016388,0.16554594983501436,971.03569189690472,1.9643081030945984,1.9643081030945984,5177.4422709527935,0.55772904718751448,0.55772904718751448,16.600000000000001
14,116,48.165892472838358,26.788513256699026,136.91208856293602,16.486546032762053,1.0430638292068437,0.51598440849388871,0.034806599664936905,0.0075105669358457392,235.81791829605586,0.18208170394296444,970.83962696742856,2.1603730325706403,2.1603730325706403,5177.3767121110077,0.62328788897317777,0.62328788897317777,16.600000000000001
14.25,116,47.62115147372532,26.886330614622228,136.46103416631618,16.849309779408596,1.088043456609898,0.5551646756341112,0.038072446696585993,0.0083754753341398393,235.80009664089951,0.19990335909928983,970.6283440070988,2.3716559929004326,2.3716559929004326,5177.3049397999303,0.695060200048918,0.695060200048918,16.600000000000001
14.5,116,47.083131702861508,26.977646235363167,136.00988459675497,17.208892474753046,1.1338543614371748,0.596475225585265,0.041572641092915016,0.0093207003760849803,235.78091695666006,0.21908304333865541,970.40099459579551,2.5990054042038775,2.5990054042038775,5177.2265037461748,0.77349625380600129,0.77349625380600129,16.600000000000001
14.75,116,46.551742879833654,27.062685096949689,135.55875712804189,17.565109275437212,1.1804759560852303,0.63998679169434558,0.045318902922206437,0.010351945818645892,235.76030461140851,0.23969538859012215,970.15670166709333,2.8432983329060404,2.8432983329060404,5177.1409309585479,0.85906904143509444,0.85906904143509444,16.600000000000001
15,116,46.026896128592895,27.14166624896966,135.10776389566968,17.917779902005194,1.227886720814358,0.68577099961804433,0.049323284208549749,0.011475197683697213,235.73818243655745,0.26181756344125323,969.89455924095046,3.1054407590488715,3.1054407590488715,5177.0477250836639,0.95227491632083971,0.95227491632083971,16.600000000000001
15.25,116,45.50850395226108,27.214803005636348,134.65701205525843,18.266728473421583,1.2760642096266617,0.73390035905445983,0.05359817047821417,0.012696732160069765,235.71447069478387,0.28552930521476166,969.61363217544533,3.3863678245541395,3.3863678245541395,5176.9463657592887,1.0536342406942034,1.0536342406942034,16.600000000000001
15.5,116,44.996480208510434,27.282303133822712,134.20660393672628,18.611783347649553,1.3249850558603262,0.78444825415705566,0.058156282066677459,0.014023123539538057,235.68908704871998,0.31091295127873347,969.31295593922061,3.6870440607786392,3.6870440607786392,5176.8363079659812,1.1636920340003796,1.1636920340003796,16.600000000000001
15.75,116,44.49074008550204,27.344369036083556,133.75663719424978,18.952776968451424,1.3746249775512758,0.83748893241178701,0.063010675154610674,0.015461252180693873,235.66194653049658,0.33805346950219323,968.99153640643578,4.0084635935641151,4.0084635935641151,5176.7169813776109,1.2830186223726405,1.2830186223726405,16.600000000000001
16,116,43.991200078369182,27.401197928688333,133.30720495206467,19.289545718571631,1.4249587826167611,0.89309749175420505,0.068174742498423521,0.017018312493866383,235.6329615122406,0.36703848775828196,968.6483496761565,4.3516503238436046,4.3516503238436046,5176.5877897114551,1.412210288529528,1.412210288529528,16.600000000000001
16.25,116,43.497777966232633,27.452982014689262,132.85839594616365,19.621929779460032,1.4759603739187672,0.95134986569943092,0.073662213818258521,0.018701820939399736,235.60204167763123,0.39795832236760553,968.28234191827698,4.7176580817230835,4.7176580817230835,5176.4481100786516,1.5518899213340194,1.5518899213340194,16.600000000000001
16.5,116,43.01039278973375,27.499908652051598,132.4102946619505,19.949772997692065,1.5276027542685719,1.012322806254162,0.079487155803594375,0.020519624030685836,235.56909399463458,0.43090600536438861,967.89242924818677,5.1075707518129763,5.1075707518129763,5176.2972923358175,1.7027076641688708,1.7027076641688708,16.600000000000001
16.75,116,42.52896482907272,27.542160516873381,131.96298146791924,20.27292275824033,1.5798580314372939,1.0760938643764255,0.085663971693885288,0.022479906332371142,235.53402268954116,0.4659773104579546,967.47749763256127,5.5225023674385874,5.5225023674385874,5176.1346584387938,1.8653415611921349,1.8653415611921349,16.600000000000001
17,116,42.053415582538541,27.579915761723004,131.51653274542886,20.591229864752226,1.6326974232407891,1.1427413677455971,0.092207400388932131,0.024591198443112933,235.49672922244724,0.50327077755177474,967.03640282878757,5.9635971712124141,5.9635971712124141,5175.9595017995443,2.0404982004409287,2.0404982004409287,16.600000000000001
17.25,116,41.583667745518277,27.613348169122201,131.07102101464776,20.904548426986405,1.6860912627708524,1.2123443956023943,0.099132515040965735,0.02686238495115234,235.45711226432715,0.54288773567188486,966.56797036069474,6.4320296393050338,6.4320296393050338,5175.7710866473353,2.2289133526498888,2.2289133526498888,16.600000000000001
17.5,116,41.119645189972921,27.642627300201884,130.6265150567466,21.212735755560992,1.7400090038482765,1.2849827504160811,0.10645472107773209,0.029302712349799236,235.41506767585321,0.58493232414590157,966.0709955333939,6.9290044666056154,6.9290044666056154,5175.5686473954402,2.4313526045434921,2.4313526045434921,16.600000000000001
17.75,116,40.661272944366949,27.667918638556991,130.18308003242137,21.515652264165105,1.7944192267769654,1.3607369261341569,0.11418975360321704,0.031921796898687904,235.37048848813595,0.62951151186319343,965.54424349018029,7.455756509818559,7.455756509818559,5175.3513880147357,2.6486119852485719,2.6486119852485719,16.600000000000001
18,116,40.208477174040219,27.689383729325041,129.74077759682922,21.813161379384642,1.8492896444818996,1.4396880727683499,0.12235367412005296,0.03472963241536433,235.32326488556322,0.67673511443602241,964.98644931459899,8.0135506854003733,8.0135506854003733,5175.1184814156286,2.8815185843551063,2.8815185843551063,16.600000000000001
18.25,116,39.761185162009504,27.70718031351128,129.29966601102464,22.105129458292108,1.9045871091173894,1.5219179570698809,0.13096286651512254,0.037736597980407252,235.27328419092862,0.72671580907068112,964.39631818089811,8.6036818191012117,8.6036818191012117,5174.8690688399502,3.1309311600297627,3.1309311600297627,16.600000000000001
18.5,116,39.319325290187841,27.721462457581328,128.85980024998324,22.39142571394855,1.9602776192355962,1.6075089190468195,0.14003403224744201,0.040953465537866676,235.22043085305245,0.77956914694686974,963.77252555625967,9.2274744437396325,9.2274744437396325,5174.602259264524,3.3977407354580977,3.3977407354580977,16.600000000000001
18.75,116,38.882827021010328,27.732380678339943,128.42123210730318,22.671922148964047,2.0163263276088372,1.6965438240769821,0.14958418467508236,0.044391407371329232,235.16458643710652,0.83541356289282087,963.11371745829149,9.8862825417082512,9.8862825417082512,5174.3171288182266,3.6828711817577884,3.6828711817577884,16.600000000000001
19,116,38.45162087945446,27.740082063111668,127.98401029667542,22.946493497260089,2.0726975498026037,1.7891060103713363,0.15963064245569958,0.048062003434391626,235.10562961786638,0.89437038213302378,962.41851077141678,10.581489228582676,10.581489228582676,5174.0127202146195,3.9872797853672788,3.9872797853672788,16.600000000000001
19.25,116,38.025638435443817,27.744710385237223,127.54818055021454,23.215017174174186,2.1293547735995357,1.8852792315453668,0.1701910219532182,0.051977248512745447,235.04343617612454,0.95656382387491945,961.68549362591102,11.314506374088495,11.314506374088495,5173.6880422022141,4.3119577977720374,4.3119577977720374,16.600000000000001
19.5,116,37.604812286624117,27.746406214896073,127.11378571374485,23.477373235042695,2.1862606693777855,1.9851475940594614,0.18128322858137283,0.056149559193451937,234.9778789985088,1.0221210014906363,960.91322584342788,12.086774156571595,12.086774156571595,5173.3420690347002,4.6579309652846259,4.6579309652846259,16.600000000000001
19.75,116,37.189076041499767,27.745307025263628,126.68086583913434,23.73344434239241,2.2433771015501662,2.0887954892941543,0.19292544701319356,0.06059178061532073,234.90882808095964,1.0911719190398261,960.10023945298224,12.899760547017614,12.899760547017614,5172.9737399635414,5.0262600364455272,5.0262600364455272,16.600000000000001
20,116,36.778364302921034,27.741547294008097,126.24945827377181,23.983115741865532,2.3006651411732721,2.196307520032196,0.20513613018414731,0.065317192972604576,234.83615053612945,1.1638494638700025,959.24503928142087,13.754960718578534,13.754960718578534,5172.5819587555288,5.4180412444596975,5.4180412444596975,16.600000000000001
20.25,116,36.372612651910231,27.73525860013029,125.8195977472819,24.226275246994341,2.3580850798382795,2.3077684211269913,0.21793398701556696,0.070339517742493515,234.75971060497801,1.2402893950215295,958.34610362250987,14.653896377489648,14.653896377489648,5172.1655932380572,5.8344067619296966,5.8344067619296966,16.600000000000001
20.5,116,35.971757631816608,27.726569716146795,125.39131645557349,24.462813232933321,2.4155964449573535,2.4232629741460703,0.23133796878423221,0.075672923605137971,234.67936967284385,1.3206303271556916,957.40188498879945,15.598115011199889,15.598115011199889,5171.7234748750006,6.276525124990731,6.276525124990731,16.600000000000001
20.75,116,35.575736732789395,27.715606695614582,124.96464414231674,24.692622639245627,2.4731580165614364,2.542875915789113,0.24536725406356655,0.081332032023166217,234.59498629028334,1.4050137097161428,956.41081095050322,16.589189049495804,16.589189049495804,5171.2543983761907,6.7456016237968557,6.7456016237968557,16.600000000000001
21,116,35.184488376558541,27.702492955993893,124.53960817794413,24.91559898182831,2.530727845726723,2.6666918398926751,0.26004123216191,0.087331922445888666,234.50641619897294,1.4935838010266114,955.37128506562476,17.628714934374315,17.628714934374315,5170.757121343835,7.2428786561517651,7.2428786561517651,16.600000000000001
21.25,116,34.797951901512917,27.687349356843942,124.11623363627093,25.131640374046789,2.5882632747480998,2.794795092848398,0.27537948498377196,0.093688137101617094,234.41351236297837,1.5864876370211118,954.28168790558334,18.718312094415804,18.718312094415804,5170.2303639590673,7.7696360409230723,7.7696360409230723,16.600000000000001
21.5,116,34.41606754806562,27.670294273345181,123.6945433688296,25.340647557132794,2.6457209591783881,2.927269662278162,0.29140176724089706,0.1004166853397768,234.31612500570222,1.68387499429722,953.14037818057113,19.859621819427939,19.859621819427939,5169.6728087122647,8.3271912877266807,8.3271912877266807,16.600000000000001
21.75,116,34.038776444296644,27.651443665141162,123.27455807701304,25.542523939881654,2.7030568918521811,3.0641990588285055,0.30812798494143845,0.10753404748276857,234.21410165282111,1.785898347178283,951.94569396882514,21.054306031173926,21.054306031173926,5169.0831001807728,8.9168998192193527,8.9168998192193527,16.600000000000001
22,116,33.666020591862683,27.630911140492476,122.85629638212112,25.737175647664763,2.7602264290124365,3.2056661909677944,0.32557817208758016,0.11505717814585664,234.10728718153257,1.8927128184669344,950.69595405392818,22.304045946070673,22.304045946070673,5168.459844857799,9.5401551421934894,9.5401551421934894,16.600000000000001
22.25,116,33.297742852164447,27.608808015736056,122.43977489340351,25.924511580749769,2.8171843186566194,3.3517532326932828,0.34377246551461504,0.12300350898173694,233.99552387642953,2.0044761235700514,949.38945937415735,23.610540625841665,23.610540625841665,5167.8016110364624,10.198388963530721,10.198388963530721,16.600000000000001
22.5,116,32.933886932761446,27.585243370043923,122.02500827419202,26.104443481896428,2.8738847312171281,3.5025414840812372,0.36273107780783098,0.13139095080488478,233.87865149232513,2.1213485076744725,948.02449458775686,24.975505412242139,24.975505412242139,5167.1069287530527,10.893071246940726,10.893071246940726,16.600000000000001
22.75,116,32.574397374025203,27.560324095476989,121.61200930621459,26.276886013168035,2.9302812926878787,3.6581112246420573,0.38247426823762148,0.14023789504931908,233.7565073243461,2.243492675653544,946.59932975785875,26.400670242140084,26.400670242140084,5166.3742897937045,11.625710206291178,11.625710206291178,16.600000000000001
23,116,32.21921953602066,27.53415494233241,121.20078895218225,26.441756841868269,2.986327120305146,3.8185415594736929,0.40302231165806779,0.14956321451205867,233.62892628561266,2.3710737143869789,945.1122221605599,27.887777839438534,27.887777839438534,5165.6021477687718,12.397852231224997,12.397852231224997,16.600000000000001
23.25,116,31.868299585606938,27.506838559785898,120.79135641673895,26.598976735480527,3.0419748608860759,3.9839102582407553,0.42439546531987821,0.15938626333331307,233.49574099281884,2.5042590071808268,943.56141821943243,29.438581780565912,29.438581780565912,5164.7889182593326,13.211081740664275,13.211081740664275,16.600000000000001
23.5,116,31.521584483748057,27.478475531834803,120.38371920586373,26.748469665451125,3.0971767319226338,4.154293587043572,0.4466139335550699,0.16972687616335722,233.35678186001917,2.6432181399805446,941.94515556945589,31.054844430542634,31.054844430542634,5163.932979040279,14.067020959717897,14.067020959717897,16.600000000000001
23.75,116,31.179021973024234,27.449164408552917,119.97788318481311,26.890162919619922,3.1518845655220034,4.3297661332811277,0.46969783029815648,0.18060536646511713,233.21187720092118,2.7881227990786015,940.26166525304222,32.738334746956042,32.738334746956042,5163.0326703845521,14.967329615444662,14.967329615444662,16.600000000000001
24,116,30.840560565335078,27.419001732673639,119.57385263469027,27.023987223060658,3.2060498552766488,4.5104006236541707,0.49366713941692308,0.19204252390074777,233.06085333997115,2.939146660028642,938.50917405045368,34.490825949544877,34.490825949544877,5162.0862954531194,15.913704546876691,15.913704546876691,16.600000000000001
24.25,116,30.506149529785553,27.388082061525932,119.17163030772558,27.14987686705048,3.2596238061382063,4.6962677355000118,0.51854167283513442,0.20405961074995962,232.90353473250852,3.0964652674913062,936.6859069464889,36.314093053509659,36.314093053509659,5161.0921207753136,16.907879224682222,16.907879224682222,16.600000000000001
24.5,116,30.175738880746167,27.35649798435503,118.77121748135306,27.267769845841631,3.3125573873592198,4.8874359016981499,0.544341026439771,0.21667835730754603,232.73974409424741,3.2602559057524205,934.790089734871,38.209910265127967,38.209910265127967,5160.0483768241511,17.951623175843828,17.951623175843828,16.600000000000001
24.75,116,29.849279366078544,27.32434013506948,118.37261401116302,27.377608000860445,3.364801388555259,5.0839711094364519,0.57108453377663537,0.22992095620752176,232.56930254032744,3.4306974596724622,932.81995176123303,40.180048238765814,40.180048238765814,5158.9532586912419,19.046741308750761,19.046741308750761,16.600000000000001
25,116,29.526722455518353,27.291697200466537,117.97581838281208,27.479337171907858,3.4163064789272513,5.285936693180159,0.5987912175504263,0.243810055621517,232.3920297341526,3.6079702658473303,930.77372880506027,42.226271194938548,42.226271194938548,5157.8049268658369,20.195073134153745,20.195073134153745,16.600000000000001
25.25,116,29.208020329207027,27.258655923999097,117.58082776296696,27.572907354883135,3.4670232696697827,5.4933931222410983,0.62747973895863196,0.25836875127960834,232.20774404621557,3.7922559537843461,928.64966610031206,44.350333899686618,44.350333899686618,5156.6015081224832,21.398491877510533,21.398491877510533,16.600000000000001
25.5,116,28.893125866364358,27.225301105160455,117.18763804935834,27.658272865497967,3.5169023795758378,5.706397783401516,0.6571683449028638,0.27362057726263495,232.01626272307561,3.9837372769243475,926.44602149380387,46.553978506195484,46.553978506195484,5155.3410965216299,22.658903478361815,22.658903478361815,16.600000000000001
25.75,116,28.58199263409432,27.191715594576625,116.79624392001718,27.73539250839189,3.5658945038316854,5.9250047591056152,0.68787481313647891,0.28958949551625973,231.81740206662914,4.1825979333707455,924.16106873969704,48.838931260302324,48.838931260302324,5154.0217545274645,23.978245472523021,23.978245472523021,16.600000000000001
26,116,28.274574876316279,27.157980284911218,116.40663888176429,27.804229751002666,3.6139504859777625,6.1492646017922103,0.71961639542352396,0.3062998840386239,231.61097762378034,4.3890223762195619,921.79310092770413,51.206899072295492,51.206899072295492,5152.6415142469286,25.358485753059316,25.358485753059316,16.600000000000001
26.25,116,27.97082750281443,27.124174097703328,116.0188153180201,27.864752901487194,3.6610213929920059,6.3792241050031508,0.75240975880110739,0.32377652369543131,231.39680438657922,4.6031956134207137,919.34043404177544,53.659565958224618,53.659565958224618,5151.1983787937561,26.801621206231538,26.801621206231538,16.600000000000001
26.5,116,27.670706078398361,27.090373966276506,115.63276453599985,27.916935289929366,3.7070585934316918,6.6149260719642049,0.786270925055221,0.34204458361868817,231.17469700285957,4.8253029971403398,916.80141064520308,56.198589354797207,56.198589354797207,5149.6903237811275,28.309676218860346,28.309676218860346,16.600000000000001
26.75,116,27.374166812167914,27.056654814874275,115.24847681335419,27.960755452012613,3.7520138385480708,6.8564090823972625,0.82121520853870122,0.36112960514816439,230.94446999736323,5.0555300026366217,914.17440368716075,58.825596312839444,58.825596312839444,5148.1152989461261,29.884701053858485,29.884701053858485,16.600000000000001
27,116,27.08116654687602,27.023089534197101,114.86594144431476,27.996197314276877,3.7958393462653395,7.1037072583847838,0.85725715247936629,0.3810574842779253,230.70593800329246,5.2940619967072955,911.45782042475821,61.542179575241704,61.542179575241704,5146.4712299089588,31.528770091025233,31.528770091025233,16.600000000000001
27.25,116,26.791662748383295,26.989748953534924,114.48514678539684,28.023250380021725,3.838487887891648,7.3568500301685402,0.89441046394626,0.40185445257403057,230.45891600418378,5.5410839958159661,908.65010645371194,64.349893546288101,64.349893546288101,5144.756020069397,33.243979930586768,33.243979930586768,16.600000000000001
27.5,116,26.50561349519862,26.956701809709596,114.10608030071114,28.041909914862327,3.8799128774051308,7.6158619028244487,0.93268794766226759,0.42354705653373104,230.20321958594369,5.7967804140560792,905.74974983971936,67.250250160280956,67.250250160280956,5142.9675526425826,35.032447357400905,35.032447357400905,16.600000000000001
27.75,116,26.222977468100467,26.924014713063112,113.72872860692928,28.0521771308909,3.9200684631324654,7.8807622248131937,0.97210143887198441,0.44616213536120353,229.93866519883369,6.0613348011661445,902.75528534159207,70.244714658408469,70.244714658408469,5141.1036928357616,36.896307164224197,36.896307164224197,16.600000000000001
28,116,25.943713939833827,26.891752110747841,113.35307751794601,28.054059368345811,3.9589096216114052,8.1515649594612576,1.0126617354944869,0.46972679714007487,229.66507042913292,6.3349295708669411,899.66529871613932,73.334701283861605,73.334701283861605,5139.1622901670198,38.837709832966361,38.837709832966361,16.600000000000001
28.25,116,25.667782764878432,26.859976247597032,112.97911208927432,28.0475702736437,3.9963922534021545,8.4282784604788024,1.0543785298113453,0.49426839338868689,229.38225428014866,6.6177457198512268,896.4784310937232,76.521568906278006,76.521568906278006,5137.141180926561,40.858819073428883,40.858819073428883,16.600000000000001
28.5,116,25.395144369284058,26.828747124875125,112.60681666220719,28.032729972586793,4.0324732805857515,8.7109052526683914,1.0972603399606811,0.51981449199023666,229.09003746218161,6.909962537818271,893.19338341233413,79.806616587666838,79.806616587666838,5135.0381907803521,42.961809219641431,42.961809219641431,16.600000000000001
28.75,116,25.12575974056934,26.798122457228551,112.2361749077721,28.009565237520139,4.0671107456608366,8.9994418190212411,1.1413144415281022,0.5463928484966033,228.78824269099059,7.211757309009295,889.80892089695828,83.19107910304264,83.19107910304264,5132.8511375154212,45.148862484571353,45.148862484571353,16.600000000000001
29,116,24.859590417681158,26.768157628178784,111.86716987050238,27.978109647181586,4.1002639115236041,9.2938783954349553,1.1865467995446735,0.57403137581180685,228.47669499423483,7.5233050057649908,886.32387756994399,86.676122430056822,86.676122430056822,5130.5778339253084,47.422166074684235,47.422166074684235,16.600000000000001
29.25,116,24.596598481011977,26.738905644519392,111.49978401204118,27.938403737961799,4.1318933621897038,9.5941987743172099,1.2329620012205049,0.60275811226863052,228.15522202530698,7.8447779746928052,882.73716077704489,90.262839222955932,90.262839222955932,5128.2160908334154,49.783909166577857,49.783909166577857,16.600000000000001
29.5,116,24.336746542473055,26.710417089998341,111.13399925459056,27.890495145273359,4.1619611038915085,9.900380118363806,1.2805631897598322,0.63260118811995025,227.82365438390121,8.176345616098585,879.0477557127997,93.952244287201054,93.952244287201054,5125.7637202512997,52.236279748691807,52.236279748691807,16.600000000000001
29.75,116,24.079997735622442,26.68274007868462,110.76979702421193,27.834438733718279,4.1904306661598563,10.212392785814892,1.3293519996193124,0.66358879047472041,227.48182594259526,8.5181740574044742,875.2547299279546,97.745270072046026,97.745270072046026,5123.2185386680821,54.781461331909782,54.781461331909782,16.600000000000001
30,116,23.8263157058465,26.655920208435337,110.40715829397796,27.770296714741132,4.2172672024764637,10.530200168500638,1.3793284935854375,0.69574912671732547,227.1295741786578,8.8704258213419873,871.3572378007209,101.64276219927977,101.64276219927977,5120.5783704662745,57.421629533716462,57.421629533716462,16.600000000000001
30.25,116,23.575664600595207,26.630000514894096,110.04606362697088,27.698138750463425,4.2424375900618223,10.853758543985537,1.430491102059239,0.72911038645808479,226.76674051022454,9.2332594897752038,867.354524952823,105.64547504717727,105.64547504717727,5117.8410514585485,60.158948541439905,60.158948541439905,16.600000000000001
30.5,116,23.32800905967126,26.605021426464482,109.68649321911612,27.618042042411993,4.2659105283440573,11.183016943108278,1.4828365649464896,0.76370070207204077,226.39317063592574,9.606829364073981,863.24593259053313,109.7540674094671,109.7540674094671,5115.0044325389863,62.995567461001059,62.995567461001059,16.600000000000001
30.75,116,23.083314205574368,26.581020720713408,109.32842694183476,27.530091403882789,4.287656635637104,11.517917034192408,1.5363598765592135,0.79954810789271036,226.00871487698012,9.9912851230196065,859.0309017502093,113.96909824979085,113.96909824979085,5112.0663834414909,65.933616558495004,65.933616558495004,16.600000000000001
31,116,22.841545633902022,26.5580334826669,108.97184438449143,27.434379314720015,4.3076485435420384,11.858393025169129,1.59105423393921,0.83668049813717993,225.61322852071405,10.386771479285651,854.70897742730176,118.29102257269859,118.29102257269859,5109.0247965971457,68.975203402841103,68.975203402841103,16.600000000000001
31.25,116,22.602669403809397,26.536092065466523,108.61672489660985,27.331005957340807,4.3258609885736865,12.204371584809707,1.6469109890162277,0.87512558364871418,225.2065721644064,10.793427835593372,850.27981256732494,122.72018743267533,122.72018743267533,5105.8775910813347,72.122408918651871,72.122408918651871,16.600000000000001
31.5,116,22.366652028531234,26.515226053856807,108.26304762982184,27.220079232897309,4.3422709005062279,12.555771784208561,1.7039196050122405,0.91491084755282814,224.78861205830566,11.211387941694204,845.74317189698081,127.2568281030192,127.2568281030192,5102.6227166406115,75.377283359376477,75.377283359376477,16.600000000000001
31.75,116,22.133460465969033,26.495462230973082,107.91079157950979,27.101714756540861,4.356857486926363,12.912505059590789,1.7620676174986869,0.95606349993250406,224.35922044661964,11.640779553380019,841.09893557341911,131.90106442658077,131.90106442658077,5099.2581577883229,78.741842211666395,78.741842211666395,16.600000000000001
32,116,21.90306210934812,26.476824548894786,107.55993562609852,26.976035830837649,4.3696023134813169,13.274475197438241,1.8213406005054504,0.99861043163780772,223.91827590523468,12.08172409476493,836.34710262958583,136.65289737041354,136.65289737041354,5095.7819379572102,82.218062042780844,82.218062042780844,16.600000000000001
32.25,116,21.67542477794909,26.459334103420922,107.21045857594575,26.843173396481053,4.3804893793114639,13.64157834283758,1.881722138068602,1.0425781673544929,223.46566367487972,12.534336325119831,831.48779419372693,141.51220580627248,141.51220580627248,5092.192123696309,85.807876303685603,85.807876303685603,16.600000000000001
32.5,116,21.4505167079191,26.443009113512701,106.86233920177703,26.703265959553129,4.3895051871640387,14.013703031851133,1.9431938015883961,1.0879928180651959,223.00127598842829,12.998724011571328,826.5212564613812,146.47874353861835,146.47874353861835,5088.4868288986954,89.513171101299278,89.513171101299278,16.600000000000001
32.75,116,21.228306543168891,26.427864905832578,106.51555628260519,26.556459494704825,4.3966388076953375,14.390730248598468,2.0057351333496478,1.1348800330454325,222.525012390999,13.474987609000635,821.44786339866209,151.55213660133754,151.55213660133754,5084.6642190459052,93.335780954086928,93.335780954086928,16.600000000000001
33,116,21.008763326361947,26.413913904788899,106.17008864307155,26.402907323752657,4.4018819374840463,14.77253350761257,2.0693236365334045,1.183264951544688,222.03678005150584,13.963219948493805,816.26811915623546,156.73188084376392,156.73188084376392,5080.7225154540974,97.277484545894666,97.277484545894666,16.600000000000001
33.25,116,20.791856490002779,26.401165628471752,105.82591519214112,26.242769969326005,4.4052289502980848,15.1589789619015,2.1339347720217927,1.2331721543103953,221.53649406429673,14.463505935702871,810.98266017421088,162.01733982578818,162.01733982578818,5076.6599995064535,101.34000049354053,101.34000049354053,16.600000000000001
33.5,116,20.577555847631594,26.389626690838035,105.48301496108191,26.076214983344869,4.4066769411816162,15.549925537003995,2.19954196226709,1.2846256151194162,221.02407773952308,14.975922260476542,805.5922569591404,167.40774304085915,167.40774304085915,5072.4750168557666,105.5249831442276,105.5249831442276,16.600000000000001
33.75,116,20.365831585133186,26.379300810471939,105.14136714065461,25.903416750260014,4.4062257629573161,15.945225091177642,2.2661166024616559,1.3376486524876656,220.49946288088978,15.500537119109865,800.09781551547951,172.90218448452009,172.90218448452009,5068.1659815806861,109.83401841930824,109.83401841930824,16.600000000000001
34,116,20.156654252167979,26.370188826211844,104.80095111743744,25.724556265146528,4.4038780547721039,16.344722601701623,2.3336280792074637,1.3922638817336839,219.96259004945637,16.037409950543207,794.50037841520839,178.49962158479121,178.49962158479121,5063.731380278693,114.26861972130317,114.26861972130317,16.600000000000001
34.25,116,19.949994753733815,26.362288719895762,104.46174650920929,25.539820886905197,4.3996392623514309,16.748256377113872,2.402043796842833,1.4484931675762343,219.41340881218665,16.5865911878129,788.80112549080252,184.19887450919731,184.19887450919731,5059.1697760786483,118.83022392135251,118.83022392135251,16.600000000000001
34.5,116,19.745824341866903,26.355595646435361,104.12373319931199,25.349404066992587,4.3935176496685049,17.15565829503673,2.4713292115399041,1.5063575774491818,218.85187797398132,17.148122026018232,783.0013741384272,189.99862586157244,189.99862586157244,5054.4798125555571,123.52018744444425,123.52018744444425,16.600000000000001
34.75,116,19.544114607490695,26.350101971383268,103.786891369914,25.153505054270109,4.3855243017794097,17.566754065076605,2.5414478732396639,1.5658773357191043,218.27796579197772,17.722034208021753,777.10257922005565,195.89742077994384,195.89742077994384,5049.6602175301769,128.33978246982423,128.33978246982423,16.600000000000001
35,116,19.344837472421709,26.345797316110584,103.45120153409661,24.952328576730377,4.3756731186233626,17.981363516114072,2.6123614754424462,1.6270717789920508,217.69165017095582,18.308349829043642,771.10633255516962,201.8936674448297,201.8936674448297,5044.7098067360694,133.29019326393177,133.29019326393177,16.600000000000001
35.25,116,19.147965181540911,26.342668610661335,103.11664456668441,24.746084501027106,4.3639807996384281,18.399300907132332,2.6840299128209684,1.6899593126957231,217.09291883875534,18.907081161244179,765.014361994816,207.98563800518335,207.98563800518335,5039.6274873369748,138.37251266302633,138.37251266302633,16.600000000000001
35.5,116,18.953470295139692,26.340700154298723,102.78320173374446,24.534987470898685,4.3504668190967983,18.820375260566191,2.7564113465709204,1.7545573691219369,216.48176950068586,19.518230499313638,758.82853007299559,214.17146992700344,214.17146992700344,5034.4122612776309,143.58773872237128,143.58773872237128,16.600000000000001
35.75,116,18.761325681449012,26.339873683704422,102.45085472067974,24.319256525734911,4.3351533921196426,19.2443907169921,2.8294622773610283,1.820882367111585,215.85820997199491,20.141790028004571,752.55083223268275,220.44916776731654,220.44916776731654,5029.0632284515896,148.93677154841279,148.93677154841279,16.600000000000001
36,116,18.571504509360267,26.340168448737941,102.11958565884557,24.099114700688592,4.3180654313888951,19.671146909824394,2.9031376256911878,1.8889496735604019,215.22225828754947,20.777741712450073,746.18339462615052,226.81660537384883,226.81660537384883,5023.5795896701575,154.42041032984505,154.42041032984505,16.600000000000001
36.25,116,18.383980241346119,26.34156129560877,101.78937715062108,23.874788609878021,4.2992304946320123,20.100439358535205,2.9773908194141168,1.9587735669186521,214.57394278798824,21.42605721201145,739.72847149174061,233.27152850825811,233.27152850825811,5017.9606494172212,160.0393505827785,160.0393505827785,16.600000000000001
36.5,116,18.198726626589028,26.344026757259105,101.46021229287217,23.646508014360318,4.2786787230146652,20.532059878777023,3.0521738881234843,2.0303672028514494,213.91330218170728,22.086697818292471,733.18844211168903,239.81155788831006,239.81155788831006,5012.2058183755635,165.79418162443679,165.79418162443679,16.600000000000001
36.75,116,18.015717694325208,26.34753715070168,101.13207469874665,23.414505376678104,4.2564427706353491,20.965797007659784,3.1274375640604455,2.1037425822187252,213.24038558215486,22.759614417845032,726.56580735810746,246.43419264189177,246.43419264189177,5006.3146157111023,171.68538428889838,171.68538428889838,16.600000000000001
37,116,17.834927747410738,26.352062681004703,100.8049485177481,23.179015403891384,4.2325577253739768,21.401436442319337,3.2031313891412125,2.1789105215250295,212.55525252002727,23.444747479972648,719.86318583673517,253.13681416326386,253.13681416326386,5000.2866711026227,177.71332889737673,177.71332889737673,16.600000000000001
37.25,116,17.6563313561164,26.357571551565364,100.47881845403982,22.940274581101509,4.2070610214037005,21.838761489813173,3.2792038276615285,2.2558806259793336,211.85797293008355,24.142027069916427,713.08330964049173,259.91669035950719,259.91669035950719,4994.1217265055875,183.87827349441071,183.87827349441071,16.600000000000001
37.5,116,17.479903352156935,26.364030080265731,100.15366978293758,22.698520697554056,4.1799923437299791,22.277553526293442,3.35560238419006,2.3346612652939478,211.14862711241733,24.851372887582631,706.22901972727868,266.77098027272069,266.77098027272069,4987.8196376398855,190.18036236011133,190.18036236011133,16.600000000000001
37.75,116,17.305618822959961,26.371402821059274,99.829488365556344,22.453992367470299,4.1513935251736891,22.717592463336914,3.4322737261222529,2.4152595523395712,210.42730566815715,25.572694331842776,699.3032609387808,273.69673906121841,273.69673906121841,4981.3803751926962,196.61962480730347,196.61962480730347,16.600000000000001
38,116,17.133453106178962,26.37965269049494,99.506260661582445,22.206928547803159,4.1213084362645045,23.158657219258579,3.5091638103298495,2.4976813247605212,209.69410940969141,26.305890590308465,692.30907667923293,280.69092332076633,280.69092332076633,4974.8040257289831,203.19597427101371,203.19597427101371,16.600000000000001
38.25,116,16.963381784453766,26.388741098648008,99.183973740151274,21.95756805514155,4.0897828685567665,23.600526193200068,3.5862180133090109,2.581931129640374,208.94914924564625,27.050850754353679,685.2496032751867,287.7503967248129,287.7503967248129,4968.0907923036984,209.90920769629895,209.90920769629895,16.600000000000001
38.5,116,16.795380680421641,26.398628083893229,98.862615288817352,21.706149083997545,4.0568644119220636,24.042977739765675,3.6633812642026573,2.668012211293719,208.19254604097063,27.807453959029271,678.12806403926083,294.87193596073848,294.87193596073848,4961.2409947710921,216.75900522890419,216.75900522890419,16.600000000000001
38.75,116,16.629425851980734,26.409272450927418,98.54217362061209,21.452908728701939,4.0226023264102144,24.485790641979843,3.7405981800502319,2.7559265022446739,207.4244304526118,28.575569547387968,670.94776306262304,302.05223693737634,302.05223693737634,4954.2550697883107,223.74493021168507,223.74493021168507,16.600000000000001
39,116,16.46549358780706,26.420631911424501,98.222637679192232,21.198082511108176,3.9870474093029498,24.928744580357446,3.8178132026009943,2.845674617437175,206.64494274138431,29.35505725861541,663.7120787625297,309.2879212374703,309.2879212374703,4947.1335705118427,230.86642948815393,230.86642948815393,16.600000000000001
39.25,116,16.303560403125157,26.432663226687694,97.90399704209014,20.941903916260134,3.9502518580121824,25.371620595914965,3.8949707360153796,2.9372558517061753,205.85423256075612,30.145767439243631,656.4244572126521,316.57554278734818,316.57554278734818,4939.8771659870854,238.1228340129085,238.1228340129085,16.600000000000001
39.5,116,16.143603035731761,26.445322351650233,97.586241922085208,20.684603938117878,3.912269129496706,25.814201545003574,3.9720152847728718,3.0306681805227758,205.05245872338958,30.947541276610188,649.08840528509063,323.91159471490954,323.91159471490954,4932.4866402328807,245.51335976711181,245.51335976711181,16.600000000000001
39.75,116,15.985598442270861,26.458564579568304,97.269363166723423,20.426410637357705,3.8731537968877996,26.256272543915472,4.0488915911045531,3.1259082640100613,204.23978894638145,31.760211053618292,641.70748363392829,331.29251636607182,331.29251636607182,4924.9628910243919,253.03710897560234,253.03710897560234,16.600000000000001
40,116,15.829523794757595,26.47234468674775,96.95335225602021,20.167548713169371,3.8329614040248523,26.697621401300569,4.1255447712736713,3.2229714542103185,203.41639957624679,32.583600423752998,634.28529955091608,338.71470044908421,338.71470044908421,4917.3069283793338,260.69307162065894,260.69307162065894,16.600000000000001
40.25,116,15.675356477347536,26.486617076649463,96.638201298389106,19.908239090865059,3.791748318607246,27.138039036530841,4.2019204500384024,3.3218518055683592,202.58247529478385,33.417524705215861,626.8254997243688,346.17450027563171,346.17450027563171,4909.5198727540701,268.48012724592343,268.48012724592343,16.600000000000001
40.5,116,15.523074083347121,26.501335922726827,96.323903024845677,19.648698526994259,3.7495715846680686,27.577319882263886,4.2779648926471721,3.4225420885799962,201.73820880704332,34.261791192956423,619.33176293262204,353.66823706737836,353.66823706737836,4901.6029529574744,276.39704704251898,276.39704704251898,16.600000000000001
40.75,116,15.372654412460038,26.516455309362925,96.010450781544108,19.389139233525309,3.7064887750687987,28.015262269583108,4.3536251337381442,3.5250338065395921,200.88380051269652,35.116199487303334,611.80779270341282,361.19220729658775,361.19220729658775,4893.5575037919962,284.4424962079961,284.4424962079961,16.600000000000001
41,116,15.224075468263591,26.531929370293781,95.697838520709482,19.129768522511682,3.6625578447025,28.451668794228635,4.4288491025407835,3.6293172153059627,200.01945816216679,35.980541837833179,604.2573099703493,368.74269002965099,368.74269002965099,4885.3849634325788,292.61503656741314,292.61503656741314,16.600000000000001
41.25,116,15.07731545590838,26.547712423927891,95.386060790035117,18.870788472509481,3.61783698507594,28.886346662578514,4.5035857438080731,3.7353813459919292,199.14539649894093,36.854603501059046,596.68404575720785,376.31595424279249,376.31595424279249,4877.0868705553785,300.91312944461447,300.91312944461447,16.600000000000001
41.5,116,14.932352780033725,26.563759105000031,95.075112720620012,18.612395617854244,3.5723844809191738,29.319108016193042,4.5777851339428706,3.8432140304697331,198.2618368895242,37.738163110475682,589.09173392013111,383.90826607986941,383.90826607986941,4868.6648612293702,309.33513877062273,309.33513877062273,16.600000000000001
41.75,116,14.789166042890765,26.580024492029708,94.764990013526628,18.354780661741739,3.5262585694445998,29.749770233893411,4.6513985918204455,3.9528019295721628,197.36900694253657,38.630993057463371,581.48410397696512,391.51589602303557,391.51589602303557,4860.1206655849737,317.87933441501684,317.87933441501684,16.600000000000001
42,116,14.647734042664419,26.596464230089992,94.455688925044043,18.098128213890401,3.479517302846665,30.17815621050871,4.7243787838512148,4.0641305638579439,196.46714011847158,39.532859881528402,573.86487405190962,399.1351259480914,399.1351259480914,4851.4561042747528,326.54389572523604,326.54389572523604,16.600000000000001
42.25,116,14.508035771984915,26.613034648431579,94.14720625074348,17.842616553394748,3.4322184145988928,30.604094611590074,4.7966798228721332,4.1771843467996428,195.55647533165646,40.443524668343478,566.23774396242754,406.76225603757342,406.76225603757342,4842.6730847420604,335.32691525792848,335.32691525792848,16.600000000000001
42.5,116,14.370050416618989,26.629692872547842,93.839539308420271,17.5884174172106,3.3844191900669314,31.027420103555855,4.8682573605022386,4.291946620243098,194.63725654595146,41.362743454048442,558.6063884739774,414.39361152602385,414.39361152602385,4833.7735973142208,344.2264026857693,344.2264026857693,16.600000000000001
42.75,116,14.233757354330555,26.646396930311045,93.532685920014742,17.335695814546305,3.3361763419155692,31.447973558896749,4.9390686726463526,4.4083996919792856,193.70973236572294,42.290267634277008,550.9744507465731,422.0255492534277,422.0255492534277,4824.7597111373962,353.24028886259225,353.24028886259225,16.600000000000001
43,116,14.099136153900199,26.663105851854418,93.22664439260987,17.084609867270576,3.2875458907444548,31.865602236230586,5.0090727378807935,4.5265248752627452,192.77415562360804,43.225844376391919,543.34553599553249,429.65446400446751,429.65446400446751,4815.6335699707515,362.3664300292358,362.3664300292358,16.600000000000001
43.25,116,13.966166574292545,26.679779762921783,92.921413498603016,16.83531067628893,3.23858305134222,32.280159935154749,5.078230308505419,4.6463025301047036,191.83078296656461,44.169217033435352,535.72320538697693,437.27679461302273,437.27679461302273,4806.3973878578136,371.60261214217292,371.60261214217292,16.600000000000001
43.5,116,13.834828563960361,26.696379971453482,92.616992455150807,16.587942213687974,3.1893421249023031,32.691507125996083,5.1465039740969676,4.7677121061648533,190.87987444166487,45.120125558335133,528.11097018679231,444.88902981320717,444.88902981320717,4797.0534446931933,380.94655530679466,380.94655530679466,16.600000000000001
43.75,116,13.705102260274076,26.712869047224441,92.313380902986097,16.342641240301393,3.1398763974963888,33.099511054703918,5.2138582174491006,4.8907321870620972,189.92169308305049,46.078306916949408,520.51228617982747,452.48771382017213,452.48771382017213,4787.6040817028461,390.39591829714135,390.39591829714135,16.600000000000001
44,116,13.576967989065375,26.729210894397774,92.010578884705254,16.099537248214411,3.090238045053793,33.504045823268861,5.2802594628339223,5.0153405359227063,188.95650450141861,47.043495498581244,512.93054837411239,460.06945162588721,460.06945162588721,4778.0516968560814,399.94830314390742,399.94830314390742,16.600000000000001
44.25,116,13.450406264273326,26.745370816903463,91.708586822624113,15.85875242759553,3.0404780450473696,33.904992446180536,5.3456761165682281,5.1415141419831807,187.98457647734921,48.015423522650579,505.36908600287956,467.63091399711999,467.63091399711999,4768.3987402272833,409.60125977270548,409.60125977270548,16.600000000000001
44.5,116,13.325397787681785,26.761315576596786,91.407405496297613,15.620401657126825,2.9906460950395104,34.302238883555319,5.4100785999143399,5.2692292680653354,187.00617855972632,48.993821440273408,497.83115783512966,475.16884216486989,475.16884216486989,4758.6477093251524,419.3522906748338,419.3522906748338,16.600000000000001
44.75,116,13.20192344873673,26.777013444195465,91.107036019798471,15.384592517196653,2.940790538195539,34.695680051675843,5.4734393743900327,5.3984614987424075,186.0215816704351,49.978418329564555,490.31994780348009,482.68005219651945,482.68005219651945,4748.801144406827,429.19885559315696,429.19885559315696,16.600000000000001
45,116,13.079964324432458,26.792434243035828,90.80747981884538,15.151425324922696,2.8909582958269775,35.085217811782307,5.53573295960447,5.5291857890171929,185.03105771644692,50.968942283552771,482.83856095603124,490.1614390439683,490.1614390439683,4738.8616237938122,439.13837620617011,439.13837620617011,16.600000000000001
45.25,116,12.959501679255679,26.807549385728709,90.508738607869986,14.920993189988662,2.841194806983903,35.470760938043306,5.5969359437766926,5.661376513336517,184.03487921032732,51.965120789672334,475.39001973703478,497.60998026296477,497.60998026296477,4728.8317592061148,449.16824079386532,449.16824079386532,16.600000000000001
45.5,116,12.840516965177057,26.822331903832918,90.210814367108185,14.693382090204917,2.7915439750743611,35.852225065711011,5.6570269871301111,5.7950075147704796,183.03331890012615,52.966681099873583,467.97726059925066,505.02273940074889,505.02273940074889,4718.7141911303315,459.28580886964983,459.28580886964983,16.600000000000001
45.75,116,12.722991821679674,26.836756470698877,89.913709319797093,14.468670965641811,2.742048121449761,36.229532620530122,5.715986818390272,5.9300521541899602,182.0266494095236,53.973350590476031,460.60313094904427,512.39686905095527,512.39686905095527,4708.5115842367231,469.48841576326066,469.48841576326066,16.600000000000001
46,116,12.606908075814664,26.850799417667439,89.617425909555635,14.246931830134747,2.6927479458585935,36.602612730524804,5.7737982246436843,6.0664833592815661,181.0151428890301,54.984857110969529,453.27038642352693,519.72961357647262,519.72961357647262,4698.2266228595881,479.77337714039544,479.77337714039544,16.600000000000001
46.25,116,12.492247742274401,26.864438743837511,89.321966778022102,14.028229898921154,2.6436824936368462,36.971401121330317,5.8304460348428639,6.204273673245722,179.99907067894725,56.00092932105246,445.98168849738141,527.01831150261751,527.01831150261751,4687.8620065543992,490.13799344558385,490.13799344558385,16.600000000000001
46.5,116,12.378993023474145,26.87765411964271,89.027334742818425,13.812623731142246,2.5948891294723615,37.335839996268803,5.8859170972666002,6.3433953030306318,178.97870298472071,57.021297015278982,438.73960241545296,534.26039758454567,534.26039758454567,4677.4204457442838,500.57955425569855,500.57955425569855,16.600000000000001
46.75,116,12.267126309633529,26.890426884499661,88.733532775904678,13.600165385924903,2.5464035175520787,37.695877902390073,5.9402002512649448,6.4838201669624356,177.95430856522967,58.045691434770063,431.54659544572684,541.45340455427186,541.45340455427186,4666.9046574675804,511.09534253240247,511.09534253240247,16.600000000000001
47,116,12.156630178849737,26.902740038811185,88.440563982384262,13.390900590752366,2.4982596078757933,38.051469583711146,5.9932862936355757,6.6255199416399142,176.92615443447477,59.073845565524998,424.4050354459755,548.59496455402268,548.59496455402268,4656.3173612372311,521.68263876275398,521.68263876275398,16.600000000000001
47.25,116,12.047487397154752,26.914578230623757,88.148431579814854,13.184868920834433,2.4504896284977162,38.402575822889567,6.045167939991912,6.768466107970541,175.89450557704987,60.105494422949832,417.31718973612766,555.68281026387024,555.68281026387024,4645.6612750218364,532.33872497814605,532.33872497814605,16.600000000000001
47.5,116,11.93968091854949,26.925927737252803,87.857138878073911,12.982103988199196,2.4031240834378247,38.749163272560878,6.0958397814939005,6.9126299962332682,174.85962467770239,61.140375322297295,410.28522426730058,562.71477573269726,562.71477573269726,4634.9391113572647,543.06088864271373,543.06088864271373,16.600000000000001
47.75,116,11.833193885008338,26.936776442200106,87.566689259824983,12.782633639247592,2.3561917559885202,39.091204277555619,6.1452982373197482,7.0579828300624552,173.82177186521145,62.178228134788313,403.31120307745493,569.68879692254313,569.68879692254313,4624.153573596669,553.84642640330867,553.84642640330867,16.600000000000001
48,116,11.728009626448006,26.947113807695427,87.27708616162468,12.586480159538768,2.3097197171286763,39.428676689189295,6.1935415032612049,7.204495769256309,172.78120447074232,63.218795529257349,396.39708802275885,576.60291197723905,576.60291197723905,4613.3073523058829,564.69264769409426,564.69264769409426,16.600000000000001
48.25,116,11.624111660655231,26.95693084319992,86.988333055705027,12.393660484607413,2.2637333387464227,39.761563672791191,6.2405694968265069,7.3521399513223491,171.73817680076615,64.261823199233632,389.54473877300131,583.4552612269963,583.4552612269963,4602.4031218101945,575.59687818978364,575.59687818978364,16.600000000000001
48.5,116,11.521483693168335,26.966220070211161,86.700433432462816,12.204186415653702,2.218256311364005,40.089853509602989,6.2863837992339198,7.5008865316814948,170.69293992456446,65.307060075435345,382.75591305876446,590.24408694123326,590.24408694123326,4591.4435368975228,586.55646310245675,586.55646310245675,16.600000000000001
48.75,116,11.420109617108276,26.974975483710033,86.413390783680498,12.018064838990616,2.1733106660526462,40.413539394138603,6.3309875946750518,7.6507067224614804,169.6457414762836,66.35425852371624,376.03226715754653,596.96773284245126,596.96773284245126,4580.4312296821581,597.56877031782199,597.56877031782199,16.600000000000001
49,116,11.319973512955311,26.983192510587671,86.127208586501297,11.835297948182474,2.1289168002222971,40.732619228052407,6.3743856072212042,7.8015718298191805,168.59682547143765,67.403174528562161,369.3753566056244,603.62464339437361,603.62464339437361,4569.3688066323157,608.63119336766647,608.63119336766647,16.600000000000001
49.25,116,11.221059648267884,26.990867965386133,85.841890288174582,11.655883467860621,2.0850935069704595,41.047095411515052,6.4165840357379142,7.9534532897402155,167.54643213771155,68.453567862288224,362.78663712213665,610.21336287786119,610.21336287786119,4558.2588457638822,619.74115423609919,619.74115423609919,16.600000000000001
49.5,116,11.123352477340926,26.998000003680701,85.557439291584629,11.479814878258065,2.0418580076755708,41.356974633044885,6.4575904871628627,8.1063227022727986,166.49479775986151,69.505202240138118,356.26746573167929,616.73253426831877,616.73253426831877,4547.1038940019771,630.89610599800392,630.89610599800392,16.600000000000001
49.75,116,11.026836640801168,27.004588073423644,85.273858941571675,11.30708163956217,1.9992259875237959,41.662267658689366,6.4974139084907279,8.2601518641610774,165.44215453846834,70.557845461531201,349.81910207158751,623.18089792841022,623.18089792841022,4535.9064647110736,642.09353528891074,642.09353528891074,16.600000000000001
50,116,10.931496965137601,27.010632864560261,84.991152512049865,11.137669415244231,1.9572116336630994,41.962989121394962,6.5360645177955083,8.4149127998511695,164.38873046225385,71.611269537745699,343.44270987007155,629.5572901299264,629.5572901299264,4524.6690353937574,653.33096460622767,653.33096460622767,16.600000000000001
50.25,116,10.837318462165696,27.016136257216868,84.709323193923922,10.971560293584977,1.9158276756850932,42.259157311347522,6.5735537346064552,8.5705777908508143,163.33474919363726,72.665250806362323,337.13935858143111,635.86064141856684,635.86064141856684,4513.3940455575157,664.60595444247122,664.60595444247122,16.600000000000001
50.5,116,10.744286328424238,27.021101268749057,84.428374083802453,10.80873300667615,1.8750854281432259,42.550793968007504,6.6098941099385051,8.72711940343099,162.28042996717389,73.7195700328258,330.9100251647169,642.0899748352814,642.0899748352814,4502.083894748198,675.91610525178703,675.91610525178703,16.600000000000001
50.75,116,10.652385944504326,27.025531999925381,84.148308173502016,10.649163146238967,1.8349948348250884,42.837924074506383,6.6450992562617746,8.8845105146645622,161.22598750048832,74.774012499511457,324.75559599241546,648.24440400758374,648.24440400758374,4490.7409407483237,687.25905925165966,687.25905925165966,16.600000000000001
51,116,10.561602874310299,27.029433580508265,83.869128340335422,10.49282337566112,1.7955645145069936,43.120575655013489,6.6791837776779559,9.0427243368038663,160.17163191729239,75.828368082707314,318.676868876002,654.32313112399743,654.32313112399743,4479.3674979377238,698.63250206226155,698.63250206226155,16.600000000000001
51.25,116,10.471922864252631,27.032812114479619,83.590837338171966,10.33968363771295,1.7568018079301417,43.398779575624808,6.7121632005539995,9.2017344400050014,159.11756868205424,76.882431317945333,312.67455519553397,660.32544480446541,660.32544480446541,4467.9658358135757,710.03416418640643,710.03416418640643,16.600000000000001
51.5,116,10.383331842373483,27.035674625144058,83.313437789257733,10.189711357462189,1.7187128257496573,43.67256934927078,6.7440539048459476,9.3615147734126367,158.06399854586869,77.936001454130945,306.74928212082756,666.25071787917204,666.25071787917204,4456.538177666449,721.46182233353454,721.46182233353454,16.600000000000001
51.75,116,10.295815917405456,27.038029000327395,83.036932176779516,10.042871639962939,1.6813024972202928,43.941980945084076,6.7748730563278885,9.5220396846242306,157.01111750306407,78.988882496935517,300.90159491217543,672.09840508782406,672.09840508782406,4445.0866994084081,732.91330059156894,732.91330059156894,16.600000000000001
52,116,10.209361377764887,27.039883937873274,82.76132283815609,9.8991274623493801,1.6445746193955681,44.207052602617054,6.8046385399232623,9.683283937557551,155.95911675807304,80.040883241926679,295.13195928901712,677.86804071098277,677.86804071098277,4433.6135285491227,744.38647145085736,744.38647145085736,16.600000000000001
52.25,116,10.123954690480851,27.041248891625106,82.486611959036836,9.7584398600174538,1.608531906630366,44.467824651246374,6.8333688943180366,9.8452227287498157,154.90818270208118,81.091817297918411,289.44076385544628,683.55923614455344,683.55923614455344,4422.1207433152485,755.87925668473281,755.87925668473281,16.600000000000001
52.5,116,10.039582500061531,27.042134018065827,82.212801567987427,9.6207681066277253,1.5731760401904857,44.72433933505458,6.861083248017823,10.007831702120898,153.85849689897029,82.141503101029485,283.82832257195122,689.1716774280485,689.1716774280485,4410.6103719084622,767.38962809151474,767.38962809151474,16.600000000000001
52.75,116,9.9562316272997595,27.042550123772408,81.939893531840411,9.4860698877107854,1.5385077177861699,44.976640643431033,6.8878012569939058,10.171086962236629,152.81023608006245,83.189763919937363,278.29487726329825,694.70512273670113,694.70512273670113,4399.0843918969767,778.91560810299939,778.91560810299939,16.600000000000001
53,116,9.8738890680196505,27.042508613827746,81.667889551688262,9.35430146770139,1.5045267028601124,45.224774147591255,6.9135430440464649,10.334965086111456,151.76357214718033,84.236427852819503,272.84060015300963,700.1593998469898,700.1593998469898,4387.5447297352721,790.4552702647012,790.4552702647012,16.600000000000001
53.25,116,9.7925419917665568,27.042021441317953,81.396791159493532,9.2254178502702207,1.4712318734738459,45.468786843171578,6.9383291399971547,10.49944313359263,150.71867218353464,85.28132781646525,267.46559641542649,705.53440358457249,705.53440358457249,4375.9932604067208,802.00673959324911,802.00673959324911,16.600000000000001
53.5,116,9.7121777404426037,27.041101058029032,81.126599715292329,9.0993729318618186,1.4386212706495778,45.708726999017117,6.9621804268075786,10.664498656370579,149.67569847195773,86.324301528042312,262.16990673689867,710.83009326309991,710.83009326309991,4364.4318071834841,813.56819281648393,813.56819281648393,16.600000000000001
53.75,116,9.6327838268901953,27.039760366443399,80.857316404965047,8.9761196483840671,1.406692146037418,45.944644012245057,6.9851180827053154,10.830109705662053,148.63480852000905,87.365191479991026,256.9535098781908,716.04649012180766,716.04649012180766,4352.8621414980944,825.13785850187503,825.13785850187503,16.600000000000001
54,116,9.5543479334260937,27.038012673123905,80.588942238549194,8.8556101150290463,1.3754410087905271,46.176588269630585,7.0071635293848455,10.996254838614753,147.5961550914862,88.403844908513989,251.81632523073731,721.18367476926096,721.18367476926096,4341.285982921032,836.71401707894029,836.71401707894029,16.600000000000001
54.25,116,9.4768579103285724,27.035871643559975,80.321478049066741,8.7377957592361959,1.3448636715428497,46.404611015332563,7.0283383813373179,11.162913123483237,146.55988624388314,89.440113756116915,246.75821535992449,726.24178464007343,726.24178464007343,4329.7049992385964,848.29500076137913,848.29500076137913,16.600000000000001
54.5,116,9.400301774280436,27.033351258539572,80.054924491841405,8.6226274468375514,1.314955295395837,46.628764224946728,7.0486643973501248,11.330064143627192,145.52614537135258,90.47385462864753,241.77898852910059,731.22101147089745,731.22101147089745,4318.1208066253512,859.87919337462108,859.87919337462108,16.600000000000001
54.75,116,9.3246677067704802,27.030465772098371,79.789282044278011,8.5100556014508939,1.2857104338318075,46.849100485848545,7.0681634342055544,11.497688000384011,144.49507125273544,91.504928747264557,236.87840119853854,736.1215988014593,736.1215988014593,4306.5349699054968,871.46503009447463,871.46503009447463,16.600000000000001
55,116,9.2499440524563052,27.027229671087877,79.524551006078553,8.400030317210021,1.2571230754823202,47.065672883763575,7.0868574025962268,11.665765314868137,143.4667981042418,92.533201895758268,232.05616049407865,740.94383950591896,740.94383950591896,4294.9490028974715,883.0509971025009,883.0509971025009,16.600000000000001
55.25,116,9.1761193174911124,27.023657636393619,79.260731499868797,8.2925014649424629,1.2291866856901663,47.278534895482743,7.1047682252648707,11.83427722874981,142.44145563637218,93.558544363627902,227.31192664066907,745.68807335932888,745.68807335932888,4283.3643688362981,894.63563116367254,894.63563116367254,16.600000000000001
55.5,116,9.103182167817355,27.01976450582557,78.997823472209248,8.1874187919233439,1.2018942468132527,47.487740287620596,7.1219177973661738,12.003205404066263,141.41916911469198,94.580830885308188,222.64531535649203,750.35468464350583,750.35468464350583,4271.7824808681889,906.21751913178355,906.21751913178355,16.600000000000001
55.75,116,9.0311214274299623,27.015565238694418,78.735826694965738,8.0847320153506015,1.175238297227746,47.693343021297409,7.1383279490396898,12.172532022117716,140.40005942407925,95.599940575920911,218.05590020382121,754.94409979617683,754.94409979617683,4260.204702611999,917.79529738797009,917.79529738797009,16.600000000000001
56,116,8.9599260766118611,27.011074882078894,78.474740767014239,7.9843909097008039,1.1492109689964143,47.895397162612177,7.1540204101744918,12.34223978150076,139.38424313608772,96.615756863912523,213.54321489318556,759.45678510681216,759.45678510681216,4248.6323487823947,929.36765121757708,929.36765121757708,16.600000000000001
56.25,116,8.8895852501446218,27.006308538782495,78.214565116256054,7.8863453881368581,1.123804024176108,48.093956798760054,7.1690167773391007,12.512311895330685,138.37183257907773,97.62816742092258,209.10675553783304,763.89324446216415,763.89324446216415,4237.0666858695031,940.9333141304711,940.9333141304711,16.600000000000001
56.5,116,8.8200882354967476,27.00128133697087,77.955299001919101,7.7905455781491915,1.0990088897457186,48.289075959637607,7.1833384828434017,12.682732087703853,137.36293591078837,98.637064089212075,204.74598285587953,768.25401714411714,768.25401714411714,4225.5089328702188,952.49106712975504,952.49106712975504,16.600000000000001
56.75,116,8.7514244709923332,26.996008401475255,77.69694151712271,7.6969418916201722,1.0748166911428898,48.480808544769474,7.1970067658933488,12.853484589450332,136.35765719303572,99.642342806964663,200.46032431790101,772.53967568209589,772.53967568209589,4213.9602620663009,964.03973793367345,964.03973793367345,16.600000000000001
57,116,8.6835835439626567,26.990504826741745,77.439491591683378,7.6054850895083099,1.0512182844040745,48.669208255383353,7.2100426457940054,13.024554133225839,135.35609646824335,100.64390353175709,196.24917623807843,776.75082376191835,776.75082376191835,4202.4217998446247,975.57820015534605,975.57820015534605,16.600000000000001
57.25,116,8.6165551888831597,26.984785651401005,77.182947995139941,7.5161263413539103,1.0282042869083734,48.854328531453689,7.2224668971517954,13.195925947991281,134.35834983752051,101.64165016247995,192.11190580733648,780.88809419266033,780.88809419266033,4190.8946275551916,987.10537244478292,987.10537244478292,16.600000000000001
57.5,116,8.550329285498325,26.978865834429101,76.927309339977029,7.4288172798113976,1.0057651067308866,49.036222493530424,7.2343000270227611,13.367585752926489,133.36450954002692,102.63549045997365,188.04785306722482,784.95214693277194,784.95214693277194,4179.3797824025087,998.62021759746494,998.62021759746494,16.600000000000001
57.75,116,8.4848958569367294,26.972760232865692,76.672574085027108,7.3435100504160262,0.98389097061618036,49.214942889165499,7.2455622539502276,13.53951975082393,132.37466403337152,103.62533596662912,184.05633282357911,788.94366717641788,788.94366717641788,4167.8782583663806,1010.1217416335901,1010.1217416335901,16.600000000000001
58,116,8.4202450678186409,26.966483581052827,76.418740539031617,7.2601573567937692,0.96257195058677458,49.39054204374812,7.2562734888323224,13.711714621006374,131.38889807481308,104.61110192518763,180.13663649927003,792.8633635007269,792.8633635007269,4156.3910071480677,1021.6089928519017,1021.6089928519017,16.600000000000001
58.25,116,8.3563672223582905,26.960050471354378,76.165806864342784,7.1787125015232407,0.94179798920550661,49.563071815558715,7.2664533175573824,13.884157511811374,130.40729280304254,105.59270719695822,176.28803392559331,796.71196607440379,796.71196607440379,4144.9189391381306,1033.0810608618369,1033.0810608618369,16.600000000000001
58.5,116,8.2932527624630268,26.953475336313755,75.913771080748603,7.0991294228576258,0.9215589235140792,49.732583554851651,7.2761209853433382,14.056836032683707,129.42992582034216,106.57007417965865,172.50977507208449,800.49022492791255,800.49022492791255,4133.4629244024354,1044.5370755975318,1044.5370755975318,16.600000000000001
58.75,116,8.2308922658312706,26.946772432205496,75.66263106940437,7.0213627275127015,0.90184450767317659,49.899128066777493,7.2852953827157787,14.229738245915524,128.45687127493136,107.54312872506952,168.80109171475388,804.19890828524251,804.19890828524251,4122.0237936829135,1055.9762063170554,1055.9762063170554,16.600000000000001
59,116,8.1692764440513344,26.939955823934483,75.412384576854251,6.9453677197245627,0.88264443433222783,50.062755577957532,7.2939950330581711,14.402852658072268,127.48819994332177,108.51180005667904,165.161199042927,807.83880095706957,807.83880095706957,4110.6023394099157,1067.3976605900511,1067.3976605900511,16.600000000000001
59.25,116,8.1083961407028244,26.933039371235161,75.163029219128717,6.8711004267772902,0.8639483547592075,50.223515706525667,7.3022380816671282,14.576168211140983,126.52397931251875,109.47602068748206,161.58929720505273,811.41070279494431,811.41070279494431,4099.1993167231876,1078.800683276779,1078.800683276779,16.600000000000001
59.5,116,8.0482423294625125,26.926036716122425,74.914562485902579,6.7985176211968987,0.84574589776285525,50.381457435455481,7.3100422862452588,14.74967427343589,125.56427366191623,110.43572633808458,158.08457279399963,814.91542720599716,814.91542720599716,4087.8154444985921,1090.1845555013736,1090.1845555013736,16.600000000000001
59.75,116,7.9888061122163307,26.918961271544493,74.666981744700891,6.7275768398035982,0.82802668744136698,50.536629088994395,7.3174250087640953,14.923360630294598,124.60914414474834,111.39085585525247,154.64620027250368,818.35379972749308,818.35379972749308,4076.451406377992,1101.5485936219754,1101.5485936219754,16.600000000000001
60,116,7.9300787171789819,26.911826211188394,74.420284245139698,6.6582363998094394,0.81078035979298069,50.689078312030404,7.3244032086298061,15.097217474596667,123.658648868969,112.34135113103181,151.27334333955903,821.72665666043747,821.72665666043747,4065.1078517997757,1112.8921482001931,1112.8921482001931,16.600000000000001
60.25,116,7.8720514970227651,26.904644460387825,74.174467123189672,6.5904554121431982,0.79399657822498126,50.838852052221426,7.3309934370850529,15.271235397134671,122.71284297744383,113.28715702255698,147.96515623865659,825.03484376133986,825.03484376133986,4053.785397027762,1124.2146029722073,1124.2146029722073,16.600000000000001
60.5,116,7.8147159270169668,26.897428688083551,73.929527405451907,6.5241937921788447,0.77766504799849423,50.98599654472234,7.3372118327809694,15.445405376866402,121.77177872734951,114.2282212726513,144.72078500887673,828.2792149911196,828.2792149911196,4042.4846261763159,1135.5153738236529,1135.5153738236529,16.600000000000001
60.75,116,7.7580636031791492,26.890191299786729,73.685462013435213,6.4594122680380712,0.76177552964706519,51.130557299349192,7.3430741184543278,15.619718771075101,120.83550556868394,115.16449443131687,141.53936867993019,831.46063132006623,831.46063132006623,4031.2060922296928,1146.7939077702763,1146.7939077702763,16.600000000000001
61,116,7.7020862404395727,26.882944431495726,73.442267767824731,6.3960723866314924,0.7463178514074108,51.272579090025999,7.3485955986460318,15.794167305463278,119.9040702218026,116.09592977819821,138.42004041231704,834.57995958767924,834.57995958767924,4019.9503180537936,1158.0496819461773,1158.0496819461773,16.600000000000001
61.25,116,7.6467756708199008,26.875699944518075,73.199941392734075,6.3341365175967521,0.73128192070095044,51.412105946364541,7.3537911583984137,15.968743064204141,118.97751675390413,117.02248324609668,135.36192858383941,837.63807141615666,837.63807141615666,4008.717797398634,1169.2822026013387,1169.2822026013387,16.600000000000001
61.5,116,7.592123841627239,26.868469421149214,72.958479519931785,6.2735678552858207,0.71665773470475613,51.54918114723317,7.3586752628703147,16.143438479973039,118.05588665439652,117.94411334560429,132.36415782375911,840.63584217623702,840.63584217623702,3997.5089958899971,1180.4910041099765,1180.4910041099765,16.600000000000001
61.75,116,7.5381228136645353,26.86126416116144,72.717878693034123,6.2143304189472364,0.7024353900504321,51.683847216176559,7.3632619578104164,16.318246323980141,117.13921890908465,118.86078109091616,129.42584999593635,843.57415000405979,843.57415000405979,3986.3243520088545,1191.6756479911164,1191.6756479911164,16.600000000000001
62,116,7.4847647594581996,26.854095179056703,72.478135371658638,6.1563890512427983,0.68860509168917672,51.816145918553332,7.3675648708310781,16.493159696023906,116.22755007312556,119.77244992687525,126.54612513232321,846.45387486767333,846.45387486767333,3975.1642780572829,1202.8357219426866,1202.8357219426866,16.600000000000001
62.25,116,7.4320419615038062,26.846973202038342,72.239245935530448,6.0997094152320042,0.67515716096086986,51.946118260265195,7.3715972134266243,16.668172014583824,115.32091434270764,120.67908565729317,123.72410231821441,849.27589768178211,849.27589768178211,3964.0291611097227,1213.9708388902486,1213.9708388902486,16.600000000000001
62.5,116,7.3799468105306669,26.839908668658126,72.001206688536442,6.0442579899510784,0.66208204290454242,52.073804487955805,7.3753717836818495,16.843277006969299,114.41934362541339,121.58065637458742,120.95890053067833,852.04109946931817,852.04109946931817,3952.919363948537,1225.0806360514348,1225.0806360514348,16.600000000000001
62.75,116,7.3284718037858934,26.832911728095823,71.764013862721413,5.9900020647074212,0.64937031284695257,52.199244090564122,7.3789009696184751,17.018468699540627,113.52286760923479,122.47713239076602,118.24963943160751,854.7503605683886,854.7503605683886,3941.8352259829808,1236.1647740169908,1236.1647740169908,16.600000000000001
63,116,7.2776095433386665,26.82599224003016,71.527663622222022,5.9369097322040663,0.63701268230531816,52.322475802122021,7.3821967531291834,17.193741408016447,112.63151383021335,123.36848616978746,115.59544011683509,857.4045598831608,857.4045598831608,3930.7770641507241,1247.2229358492459,1247.2229358492459,16.600000000000001
63.25,116,7.2273527344051871,26.819159775061287,71.292152067133387,5.8849498806028535,0.62500000423947388,52.443537605691475,7.3852707144507352,17.369089727881164,111.74530773868432,124.25469226131649,112.99542582276678,860.00457417722873,860.00457417722873,3919.7451738012546,1258.2548261987133,1258.2548261987133,16.600000000000001
63.5,116,7.1776941836948707,26.8124236156461,71.057475237305539,5.8340921846290303,0.61332327768788775,52.562466738342373,7.3881340371297748,17.544508524904476,110.86427276410865,125.13572723589216,110.44872259197555,862.55127740801993,862.55127740801993,3908.7398295605112,1269.2601704394558,1269.2601704394558,16.600000000000001
63.75,116,7.1286267977781916,26.805792757509398,70.82362911606532,5.784307095814472,0.60197365182108875,52.679299697077099,7.3907975134368575,17.719992925784272,109.98843037848047,126.01156962152034,107.95445989919919,865.04554010079664,865.04554010079664,3897.7612861762464,1280.2387138237209,1280.2387138237209,16.600000000000001
64,116,7.0801435814765705,26.799275911495123,70.590609633861376,5.735565831970888,0.59094242944510633,52.794072245612561,7.3932715501861281,17.895538308923047,109.1178001583036,126.88219984169721,105.51177123917049,867.48822876082534,867.48822876082534,3886.8097793436605,1291.1902206563068,1291.1902206563068,16.600000000000001
64.25,116,7.0322376362746208,26.792881505823377,70.358412671829782,5.6878403659792331,0.58022106998657319,52.906819421936454,7.3955661749201784,18.071140295346854,108.25239984513266,127.74760015486815,103.11979467769439,869.88020532230155,869.88020532230155,3875.8855265109592,1302.1144734890088,1302.1144734890088,16.600000000000001
64.5,116,6.9849021587550508,26.786617688720309,70.127034065277527,5.6411034139761416,0.5698011919901188,53.017575546558653,7.3976910424214966,18.24679473977514,107.39224540467943,128.60775459532138,100.77767336736828,872.22232663262787,872.22232663262787,3864.9887276645277,1313.0112723354405,1313.0112723354405,16.600000000000001
64.75,116,6.9381304390564464,26.78049233138977,69.89646960708248,5.5953284230132416,0.55967457515767627,53.126374231383139,7.3996554415138025,18.422497721848707,106.53735108448757,129.4626489155132,98.484556029321752,874.51544397067426,874.51544397067426,3854.1195660935259,1323.8804339064413,1323.8804339064413,16.600000000000001
65,116,6.891915859354099,26.774513031296216,69.666715051008296,5.5504895582603373,0.54983316195827669,53.233248389131326,7.4014683021185279,18.598245537522285,105.68772947018226,130.31227052981851,96.239597402327448,876.76040259766876,876.76040259766876,3843.2782091337381,1334.7217908662299,1334.7217908662299,16.600000000000001
65.25,116,6.8462518923640401,26.768687115730764,69.437766114932742,5.5065616898187466,0.54026905883586052,53.338230243250855,7.4031382025334898,18.774034690627388,104.84339154030343,131.15660845969734,94.041958660610291,878.95804133938611,878.95804133938611,3832.4648088905778,1345.5351911093883,1345.5351911093883,16.600000000000001
65.5,116,6.8011320998703582,26.763021645632776,69.209618483988905,5.463520379206618,0.53097453704158593,53.441351338248943,7.4046733769026911,18.949861884610339,104.00434671973447,131.99565328026631,91.890807801654304,881.10919219834216,881.10919219834216,3821.679502941246,1356.3204970587226,1356.3204970587226,16.600000000000001
65.75,116,6.756550131275894,26.757523419641462,68.982267813618606,5.4213418655737415,0.52194203311605902,53.542642550393133,7.4060817228478699,19.125724014449698,103.17060293173998,132.82939706826076,89.785320005277185,883.21467999471918,883.21467999471918,3810.9224150159944,1367.0775849839754,1367.0775849839754,16.600000000000001
66,116,6.7124997221762976,26.752198978352716,68.755709732537085,5.3800030516993083,0.51316414904587082,53.642134098726089,7.4073708092341981,19.301618158756554,102.34216664862834,133.65783335137243,87.724677965212791,885.27532203478358,885.27532203478358,3800.1936556586329,1377.8063443413366,1377.8063443413366,16.600000000000001
66.25,116,6.6689746929574554,26.747054608758102,68.52993984560969,5.3394814898220861,0.504633652117778,53.739855556344843,7.4085478840441956,19.477541572060549,101.51904294105627,134.48095705894468,85.708072194410477,887.2919278055856,887.2919278055856,3789.4933228663394,1388.5066771336324,1388.5066771336324,16.600000000000001
66.5,116,6.6259689474162524,26.742096348843955,68.304953736639575,5.2997553673488103,0.49634347449285554,53.83583586189841,7.4096198823355293,19.653491677283942,100.70123552599473,135.29876447400619,83.734701305227119,889.26529869476917,889.26529869476917,3778.8215027089095,1399.1784972910614,1399.1784972910614,16.600000000000001
66.75,116,6.583476471404583,26.737329992329915,68.080746971067981,5.2608034924830021,0.48828671252192007,53.93010333126086,7.4105934342599484,19.82946605840543,99.888746813376528,136.11125318662434,81.803772265656235,891.19622773433991,891.19622773433991,3768.1782699276887,1409.8217300722838,1409.8217300722838,16.600000000000001
67,116,6.5414913314965188,26.732761093527458,67.857315098585758,5.2226052798131004,0.48045662582254661,54.022685669340632,7.4114748731221223,20.005462453314948,99.081577951447002,136.91842204855371,79.914500632703536,893.08549936729264,893.08549936729264,3757.5636885143272,1420.4363114856455,1420.4363114856455,16.600000000000001
67.25,116,6.5000076736785228,26.728394972299867,67.63465365565861,5.185140735895545,0.47284663613701877,54.113609981989285,7.4122702434585754,20.181478746860048,98.279728870840273,137.72027112916041,78.066110763986202,894.93388923600969,894.93388923600969,3746.9778122696739,1431.0221877302993,1431.0221877302993,16.600000000000001
67.5,116,6.4590197220625338,26.724236719106653,67.412758167965308,5.1483904448654902,0.46545032598960523,54.202902787975958,7.4129853091183788,20.357512964084275,97.483198327405077,138.51680167259562,76.257836008598645,896.74216399139766,896.74216399139766,3736.4206853430333,1441.5793146569383,1441.5793146569383,16.600000000000001
67.75,116,6.4185217776217502,26.720291200115998,67.191624152750734,5.1123355541049191,0.45826143716062606,54.290590030996945,7.4136255613285327,20.533563263657232,96.691983943803919,139.30801605619669,74.488918878253031,898.51108112174336,898.51108112174336,3725.8923427521186,1452.1076572478544,1452.1076572478544,16.600000000000001
68,116,6.3785082169489877,26.716563062370362,66.971247121093938,5.076957759995306,0.45127386899387284,54.376697091691732,7.4141962267282837,20.709627931495863,95.90608224991054,140.09391775009021,72.758611199671392,900.2413888003249,900.2413888003249,3715.3928108839873,1462.6071891159861,1462.6071891159861,16.600000000000001
68.25,116,6.3389734910373017,26.713056738991089,66.751622580093141,5.0422392937793452,0.44448167655306431,54.461248799639478,7.4147022753579046,20.885705374576013,95.125488722030795,140.87451127796993,71.066174249169393,901.93382575082683,901.93382575082683,3704.9221079773379,1473.077892022633,1473.077892022633,16.600000000000001
68.5,116,6.2999121240827414,26.709776454408715,66.532746034968469,5.0081629075539649,0.43787906864217402,54.5442694453127,7.4151484285885543,21.061794114933093,94.350197820973449,141.64980217902726,69.410878870342216,903.5891211296539,903.5891211296539,3694.4802445865012,1483.519755413472,1483.519755413472,16.600000000000001
68.75,116,6.2613187123089302,26.706726229606989,66.314612991083465,4.9747118604145895,0.43146040570363547,54.625782791966166,7.4155391669810413,21.237892783850103,93.580203028995712,142.41979697100498,67.792005575726705,905.20799442426994,905.20799442426994,3684.0672240274735,1493.932775972499,1493.932775972499,16.600000000000001
69,116,6.2231879228132669,26.703909887369107,66.097218955887271,4.9418699047684411,0.42522019760764662,54.705812087441856,7.4158787380623155,21.414000116231488,92.815496885650262,143.18450311435041,66.208844633285437,906.79115536671122,906.79115536671122,3673.6830428064432,1504.3169571935321,1504.3169571935321,16.600000000000001
69.25,116,6.1855144924344643,26.701331057515777,65.880559440778953,4.9096212728328403,0.41915310134501554,54.784380075872228,7.4161711640095591,21.590114945160447,92.056071022560204,143.94392897744044,64.660696138522866,908.33930386147381,908.33930386147381,3663.3276910311179,1514.6723089688578,1514.6723089688578,16.600000000000001
69.5,116,6.1482932266411128,26.698993182125367,65.664629962894779,4.8779506633325029,0.41325391863525718,54.861509009266122,7.4164202492327309,21.766236196637642,91.301916197147818,144.69808380285284,63.146870073014846,909.85312992698175,909.85312992698175,3653.0011528053356,1524.998847194639,1524.998847194639,16.600000000000001
69.75,116,6.1115189984410563,26.69689952072725,65.449426046820989,4.8468432284081571,0.40751759346093708,54.937220658962964,7.4166295878472921,21.942362884498678,90.553022325343562,145.44697767465712,61.666686350102211,911.33331364989442,911.33331364989442,3642.7034066073111,1535.2965933926637,1535.2965933926637,16.600000000000001
70,116,6.0751867473112284,26.695053155460236,65.234943226232772,4.8162845607472802,0.40193920953857687,55.01153632694308,7.416802571029729,22.118494105507565,89.809378513301283,146.19062148669937,60.219474848467605,912.78052515152899,912.78052515152899,3632.4344256519516,1545.565574348024,1545.565574348024,16.600000000000001
70.25,116,6.0392914781476499,26.693456996188416,65.021177045461855,4.7862606809461683,0.39651398773578006,55.084476856982377,7.4169423942492907,22.294629034623519,89.070973088145777,146.92902691185489,58.80457543428755,914.19542456570878,914.19542456570878,3622.1941782376721,1555.8058217623022,1555.8058217623022,16.600000000000001
70.5,116,6.0038282602353279,26.692113785567834,64.808123060993694,4.7567580251111989,0.39123728344360642,55.156062645642422,7.417052064370127,22.470766920437896,88.33779362777824,147.66220637222253,57.421337972621863,915.57866202737443,915.57866202737443,3611.9826280781222,1566.0173719218524,1566.0173719218524,16.600000000000001
70.75,116,5.9687922262376709,26.691026104057581,64.595776842896768,4.7277634327059337,0.38610458391262903,55.226313653086549,7.4171344066187723,22.646907080778263,87.609826989765125,148.39017301023574,56.069122328675682,916.93087767132033,916.93087767132033,3601.7997346192342,1576.2002653807417,1576.2002653807417,16.600000000000001
71,116,5.9341785712051589,26.690196374869807,64.3841339761847,4.6992641346494421,0.38111150556052675,55.29524941371546,7.4171920714125701,22.823048898476223,86.887059339335735,149.11294066066512,54.747298359541709,918.25270164045423,918.25270164045423,3591.6454533420365,1586.3545466579383,1586.3545466579383,16.600000000000001
71.25,116,5.8999825516029221,26.689626868853523,64.173190062114031,4.6712477416701859,0.37625379125852593,55.36288904661523,7.4172275410452233,22.999191817295756,86.169476176512845,149.83052382348794,53.455245897004936,919.54475410299108,919.54475410299108,3581.5197360516513,1596.4802639483225,1596.4802639483225,16.600000000000001
71.5,116,5.8661994843568914,26.689319709307828,63.962940719418341,4.6437022329187894,0.37152730760347347,55.429251265813384,7.4172431362263751,23.175335338018574,85.457062362401672,150.54293763759907,52.192354721966147,920.80764527802955,920.80764527802955,3571.422531152883,1606.5774688470899,1606.5774688470899,16.600000000000001
71.75,116,5.8328247459182405,26.689276876720271,63.753381585481449,4.6166159448420867,0.36692804218183683,55.494354390337925,7.4172410224725951,23.351479014683008,84.749802144660151,151.25019785534064,50.958024531016143,922.04197546897967,922.04197546897967,3561.3537839128253,1616.6462160871495,1616.6462160871495,16.600000000000001
72,116,5.799853771345723,26.689500213426967,63.5445083174506,4.5899775603200217,0.36245210083144486,55.558216354076201,7.4172232163476446,23.527622450972963,84.047679182174846,151.95232081782601,49.751664895668739,923.24833510432745,923.24833510432745,3551.3134367108978,1626.6865632890767,1626.6865632890767,16.600000000000001
72.25,116,5.7672820534056211,26.689991428191359,63.336316593291826,4.5637760980661302,0.35809570490634257,55.620854715430923,7.4171915915505071,23.703765296753144,83.350676568965795,152.64932343103496,48.572695214737806,924.42730478525834,924.42730478525834,3541.3014292767393,1636.6985707232352,1636.6985707232352,16.600000000000001
72.5,116,5.7351051416889822,26.69075210069872,63.128802112789153,4.5380009022917331,0.3538551885497021,55.682286666771255,7.4171478848499479,23.879907244747109,82.65877685734246,153.34122314265827,47.42054466032117,925.57945533967518,925.57945533967518,3531.3176989163321,1646.6823010836422,1646.6823010836422,16.600000000000001
72.75,116,5.703318641745784,26.691783685964307,62.921960598489221,4.5126416326332066,0.34972699597932883,55.742529043677749,7.4170937018649772,24.0560480273544,81.971962080332887,154.0280379196679,46.294652117832598,926.70534788216366,926.70534788216366,3521.36218072678,1656.6378192731929,1656.6378192731929,16.600000000000001
73,116,5.6719182142357241,26.693087518653012,62.715787796593304,4.4876882543412204,0.34570767878992575,55.801598333980486,7.4170305226908004,24.232187413603153,81.290213773408894,154.70978622659194,45.194466120503144,927.80553387949317,927.80553387949317,3511.4348078001376,1666.5651921998337,1666.5651921998337,16.600000000000001
73.25,116,5.640899574095271,26.694664817308936,62.510279477797987,4.4631310287302286,0.3417938932759077,55.859510686590014,7.4169597073703164,24.408325206234426,80.613512995527302,155.38648700447357,44.119444778751998,928.88055522124444,928.88055522124444,3501.5355114166546,1676.4644885833154,1676.4644885833154,16.600000000000001
73.5,116,5.6102584897207182,26.696516688493617,62.305431438086664,4.4389605038860562,0.33798239777822819,55.916281920121754,7.4168825012115551,24.584461238914649,79.941840349508539,156.05815965049231,43.069055704808996,929.93094429518749,929.93094429518749,3491.6642212278466,1686.3357787721247,1686.3357787721247,16.600000000000001
73.75,116,5.5799907821668464,26.698644130831763,62.101239499472904,4.4151675056289914,0.33427005005834887,55.971927531314414,7.4168000399516325,24.760595373572585,79.275176001773104,156.72482399822769,42.042775932951457,930.95722406704454,930.95722406704454,3481.8208654297332,1696.1791345702366,1696.1791345702366,16.600000000000001
74,116,5.5500923243609295,26.701048038963815,61.89769951069804,4.391743128729428,0.33065380470218775,56.026462703243965,7.4167133547682509,24.93672749785701,78.61349970145487,157.38650029854591,41.04009183570102,931.95990816429457,931.95990816429457,3472.0053709266581,1705.9946290733121,1705.9946290733121,16.600000000000001
74.25,116,5.5205590403317233,26.703729207404951,61.694807347883717,4.3686787283727346,0.32713071055659165,56.07990231333433,7.4166233771398717,25.112857522711643,77.956790798911257,158.04320920108964,40.060499036308585,932.93950096368712,932.93950096368712,3462.217663485987,1715.7823365139832,1715.7823365139832,16.600000000000001
74.5,116,5.4913869044531731,26.706688334309895,61.492558915141778,4.345965911869726,0.3236979082006089,56.132260941166948,7.4165309435560323,25.288985380063821,77.305028263648396,158.69497173635253,39.103502317839045,933.89649768215691,933.89649768215691,3452.4576678840936,1725.5423321158751,1725.5423321158751,16.600000000000001
74.75,116,5.462571940702464,26.709926025143872,61.290950145142439,4.3235965306089037,0.32035262745359394,56.183552876091518,7.416436800079425,25.465111020623031,76.658190701679771,159.34180929832112,38.168615529152213,934.83138447084389,934.83138447084389,3442.7253080439436,1735.2746919560263,1735.2746919560263,16.600000000000001
75,116,5.4341102219321815,26.713442796259645,61.089976999642495,4.3015626722463427,0.31709218492193414,56.233792124640274,7.4163416067615691,25.641234411786343,76.016256372336187,159.98374362766464,37.255361488060522,935.74463851193559,935.74463851193559,3433.0205071646092,1744.9794928353604,1744.9794928353604,16.600000000000001
75.25,116,5.4059978691562289,26.717239078380906,60.889635469974863,4.2798566531289435,0.31391398158596545,56.282992417748311,7.4162459419140703,25.817355535646744,75.379203204543899,160.62079679545693,36.363271881930494,936.63672811806555,936.63672811806555,3423.3431878430697,1754.6568121569003,1754.6568121569003,16.600000000000001
75.5,116,5.378231050849215,26.721315219992661,60.689921577501487,4.2584710109465567,0.31081550042844458,56.331167217783502,7.4161503062376335,25.993474387101283,74.747008812587779,161.25299118741299,35.491887165979975,937.5081128340164,937.5081128340164,3413.6932721885814,1764.3067278113888,1764.3067278113888,16.600000000000001
75.75,116,5.3508059822590264,26.725671490639058,60.490831374029838,4.2373984976084396,0.30779430410574715,56.378329725388078,7.4160551268110835,26.169590972055666,74.119650511375866,161.88034948862494,34.640756459510847,938.35924354048552,938.35924354048552,3404.0706819299517,1773.9293180700204,1773.9293180700204,16.600000000000001
76,116,5.3237189247322867,26.730308084129685,60.292360942195799,4.2166320723392392,0.30484803266278054,56.424492886136335,7.4159607609428466,26.345705305721829,73.497105331220936,162.50289466877979,33.809437440303498,939.19056255969258,939.19056255969258,3394.4753385159993,1783.5246614839705,1783.5246614839705,16.600000000000001
76.25,116,5.2969661850524465,26.735225121654963,60.094506395813021,4.1961648949897787,0.30197440129243802,56.469669397010719,7.4158674998873746,26.521817411005518,72.879350032154477,163.12064996784628,32.997496237387587,940.00250376260828,940.00250376260828,3384.9071632095233,1793.0928367904471,1793.0928367904471,16.600000000000001
76.5,116,5.2705441147901633,26.74042265481178,59.897263880190955,4.1759903195577017,0.29917119814025644,56.513871712700464,7.4157755724291121,26.697927316980422,72.266361117787426,163.7336388822134,32.204507322391628,940.79549267760433,940.79549267760433,3375.3660771750128,1802.6339228249581,1802.6339228249581,16.600000000000001
76.75,116,5.2444491096657631,26.745900668540543,59.700629572422272,4.1561018879130813,0.2964362821548055,56.557112051726186,7.4156851483367143,26.874035057445884,71.658114848732822,164.34188515126806,31.430053399662917,941.56994660033274,941.56994660033274,3365.8520015604363,1812.1479984395337,1812.1479984395337,16.600000000000001
77,116,5.2186776089234757,26.75165908397474,59.504599681641352,4.1364933237240038,0.29376758098419148,56.599402402393956,7.4155963416902368,27.050140669565184,71.054587255603579,164.94541274439723,30.673725295338887,942.32627470465661,942.32627470465661,3356.3648575733255,1821.6351424266447,1821.6351424266447,16.600000000000001
77.25,116,5.1932260947171862,26.75769776120433,59.309170449254587,4.1171585265771098,0.29116308891894477,56.640754528582825,7.4155092140840999,27.226244192581373,70.455754151599294,165.54424584840146,29.935121845540134,943.06487815445564,943.06487815445564,3346.9045665514413,1831.0954334485273,1831.0954334485273,16.600000000000001
77.5,116,5.1680910915074456,26.764016501954341,59.114338149143997,4.098091566288196,0.28862086488143712,56.681179975368956,7.4154237777087024,27.402345666607602,69.861591144694799,166.13840885530578,29.213849783846541,943.78615021614939,943.78615021614939,3337.4710500282663,1840.5289499717039,1840.5289499717039,16.600000000000001
77.75,116,5.1432691654695049,26.770615052180094,58.920099087845223,4.0792866773977812,0.28613903046187533,56.720690074491124,7.4153399983135202,27.57844513148936,69.272073649443243,166.72792635055734,28.509523628207837,944.49047637178774,944.49047637178774,3328.0642297935501,1849.935770206419,1849.935770206419,16.600000000000001
78,116,5.1187569239120601,26.777493104580525,58.726449604700882,4.06073825384673,0.28371576800081799,56.759295949660221,7.4152577980546273,27.754542625735589,68.687176898406022,167.31282310159463,27.821765567431463,945.1782344325643,945.1782344325643,3318.6840279491817,1859.3159720507883,1859.3159720507883,16.600000000000001
78.25,116,5.0945510147065569,26.784650301031228,58.533386071990584,4.0424408438270314,0.28134931871807406,56.797008521717487,7.4151770582295526,27.930638185516145,68.106875953221191,167.89312404677949,27.150205347382119,945.84979465261381,945.84979465261381,3309.3303669605598,1868.6696330394102,1868.6696330394102,16.600000000000001
78.5,116,5.070648125726736,26.792086234938445,58.340904895038371,4.0243891448027531,0.27903798088775977,56.833838513644643,7.4150976219023823,28.106731843722912,67.531145715322054,168.46885428467863,26.494480157019243,946.5055198429767,946.5055198429767,3300.003169703733,1877.9968302962377,1877.9968302962377,16.600000000000001
78.75,116,5.0470449842982292,26.799800453516124,58.149002512298907,4.0065779986964536,0.2767801080592186,56.869796455430276,7.4150192964220727,28.282823629091894,66.959960936316705,169.04003906368408,25.854234514391003,947.14576548560478,947.14576548560478,3290.7023595084815,1887.2976404914891,1887.2976404914891,16.600000000000001
79,116,5.0237383566579563,26.807792459987251,57.957675395422875,3.9890023872361375,0.27457410732343612,56.904892688795513,7.4149418558368509,28.45891356538397,66.393296228039219,169.60670377196146,25.229120152696051,947.7708798472994,947.7708798472994,3281.4278601975702,1896.5721398024011,1896.5721398024011,16.600000000000001
79.25,116,5.0007250474231082,26.816061715711239,57.766920049303408,3.9716574274581617,0.272418437624528,56.939137371783254,7.4148650432076844,28.635001670621726,65.831126072283354,170.16887392771741,24.618795906517349,948.381204093478,948.381204093478,3272.1795961223434,1905.8204038776287,1905.8204038776287,16.600000000000001
79.5,116,4.9780018990695103,26.824607642239087,57.576733012103332,3.954538367361351,0.27031160811581761,56.972540483214516,7.4147885728236593,28.811087956380092,65.273424830227754,170.72657516977296,24.022927598325619,948.9770724016696,948.9770724016696,3262.9574921948815,1915.0425078050896,1915.0425078050896,16.600000000000001
79.75,116,4.9555657914191036,26.833429623298002,57.387110855265043,3.9376405817078011,0.26825217655997402,57.005111827015405,7.4147121323221628,28.987172427128364,64.720166751563767,171.27983324843697,23.441187925343897,949.5588120746512,949.5588120746512,3253.7614739168753,1924.2385260830958,1924.2385260830958,16.600000000000001
80,116,4.9334136411364184,26.84252700670697,57.198050183503497,3.9209595679658653,0.26623874777263323,57.036861036418436,7.4146353847167283,29.163255079621642,64.171325983333432,171.82867401666735,22.873256346858273,950.12674365313705,950.12674365313705,3244.5914674053984,1933.4085325945719,1933.4085325945719,16.600000000000001
80.25,116,4.9115424012337376,26.851899106225268,57.009547634782983,3.9044909423909178,0.26426997210889042,57.067797578041514,7.4145579703353492,29.339335902339148,63.626876578488428,172.37312342151233,22.318818972054498,950.68118102794108,950.68118102794108,3235.4473994157556,1942.5526005842144,1942.5526005842144,16.600000000000001
80.5,116,4.8899490605848266,26.861545203335311,56.821599880278782,3.8882304362395619,0.26234454399201168,57.09793075584863,7.4144795086720725,29.515414874967743,63.086792504177339,172.91320749582337,21.777568448454506,951.22243155154126,951.22243155154126,3226.3291973615583,1951.6708026384129,1951.6708026384129,16.600000000000001
80.75,116,4.8686306434470037,26.871464548961722,56.634203624324343,3.8721738921130777,0.26046120048368548,57.127269714994881,7.4143996001545753,29.691491967928265,62.551047649770531,173.4489523502302,21.249203851021917,951.75079614897345,951.75079614897345,3217.2367893321839,1960.7632106677886,1960.7632106677886,16.600000000000001
81,116,4.8475842089913845,26.881656365128222,56.447355604344629,3.8563172604259508,0.25861871989510699,57.155823445559705,7.4143178278304926,29.867567141942924,62.019615834630216,173.98038416537042,20.733430572000245,952.26656942799514,952.26656942799514,3208.1701041077722,1969.8298958921991,1969.8298958921991,16.600000000000001
81.25,116,4.8268068508410504,26.892119846553928,56.261052590776508,3.8406565959954446,0.25681592043816448,57.183600786171745,7.4142337589750902,30.043640347641826,61.49247081563405,174.50752918436658,20.229960211543485,952.77003978845187,952.77003978845187,3199.1290711719075,1978.8709288280663,1978.8709288280663,16.600000000000001
81.5,116,4.8062956966170622,26.902854162190888,56.075291386976652,3.8251880547482666,0.25505165891597881,57.210610427528167,7.4141469466229886,30.21971152520673,60.969586294459326,175.03041370554126,19.738510469193649,953.26148953080201,953.26148953080201,3190.1136207220884,1987.8863792778868,1987.8863792778868,16.600000000000001
81.75,116,4.786047907492053,26.913858456704297,55.890068829117993,3.8099078905404844,0.25332482945202855,57.236860915811505,7.4140569310264173,30.395780604050351,60.450935924635701,175.54906407536484,19.258805036256231,953.74119496373942,953.74119496373942,3181.1236836781723,1996.8763163218043,1996.8763163218043,16.600000000000001
82,116,4.7660606777512626,26.925131851897167,55.705381786074831,3.7948124520869166,0.25163436225708258,57.262360656007964,7.4139632410426133,30.571847502529373,59.936493318373067,176.0635066816275,18.790573489120032,954.20942651087546,954.20942651087546,3172.1591916888719,2005.8408083111037,2005.8408083111037,16.600000000000001
82.25,116,4.7463312343608886,26.936673448080871,55.521227159297709,3.7798981799963607,0.24997922243314902,57.28711791512913,7.4138653954527474,30.747912127689691,59.426232053171454,176.57376794682901,18.33355118356431,954.6664488164314,954.6664488164314,3163.2200771364519,2014.7799228635233,2014.7799228635233,16.600000000000001
82.5,116,4.7268568365434982,26.948482325393414,55.337601882678342,3.7651616039090885,0.24835840881364318,57.311140825340772,7.4137629042148872,30.923974375042068,58.920125678220067,177.07987432178038,17.88747915009256,955.11252084990315,955.11252084990315,3154.3062731397226,2023.6937268602537,2023.6937268602537,16.600000000000001
82.75,116,4.707634775360428,26.960557545066649,55.154502922405278,3.7505993397331263,0.2467709528389693,57.334437387001245,7.413655269653292,31.100034128366897,58.418147720591193,177.58185227940919,17.452103990328762,955.54789600966751,955.54789600966751,3145.4177135554487,2032.582286444527,2032.582286444527,16.600000000000001
83,116,4.6886623733009642,26.972898150644212,54.971927276810739,3.7362080869759944,0.24521591746670937,57.357015471612542,7.4135419875864121,31.276091259546408,57.920271691235655,178.07972830876477,17.027177774508779,955.97282222548779,955.97282222548779,3136.5543329782918,2041.4456670216846,2041.4456670216846,16.600000000000001
83.25,116,4.6699369838781921,26.985503169151588,54.789871976209348,3.7219846261685867,0.24369239611560892,57.37888282468645,7.4134225483958147,31.452145628423001,57.426471090785334,178.5735289092151,16.612457940096309,956.38754205989983,956.38754205989983,3127.7160667393528,2050.2839332606236,2050.2839332606236,16.600000000000001
83.5,116,4.6514559912313302,26.998371612219763,54.608334082729037,3.7079258163780455,0.24219951164255216,57.400047068528757,7.4132964380382314,31.628197082682213,56.936719415169016,179.06328058483146,16.207707191550348,956.79229280844595,956.79229280844595,3118.9028509034474,2059.0971490965289,2059.0971490965289,16.600000000000001
83.75,116,4.6332168097344315,27.011502477163976,54.427310690134711,3.6940285928065197,0.24073641535171836,57.420515704943789,7.4131631390029469,31.804245457759158,56.450990161046846,179.54900983895362,15.812693401267801,957.1873065987287,957.1873065987287,3110.1146222651773,2067.885377734799,2067.885377734799,16.600000000000001
84,116,4.615216883611307,27.024894748018937,54.246798923645123,3.6802899644728391,0.23930228603511577,57.44029611786226,7.4130221312165503,31.98029057676699,55.969256831068698,180.03074316893179,15.427189511722798,957.57281048827372,957.57281048827372,3101.3513183439004,2076.648681656076,2076.648681656076,16.600000000000001
84.25,116,4.5974536865565279,27.038547396531936,54.06679593974345,3.6667070119741969,0.23789632904369487,57.459395575894114,7.4128728928971075,32.156332250446354,55.491492938961862,180.50850706103864,15.050973438821464,957.94902656117495,957.94902656117495,3092.6128773776732,2085.3871226223032,2085.3871226223032,16.600000000000001
84.5,116,4.5799247213623691,27.052459383115135,53.887298925981867,3.653276885325015,0.23651777538824845,57.477821234809717,7.4127149013597702,32.332370277134331,55.017672014453062,180.98232798554741,14.68382797648878,958.31617202350799,958.31617202350799,3083.8992383162577,2094.1007616837187,2094.1007616837187,16.600000000000001
84.75,116,4.5626275195516177,27.066629657758526,53.708305100780642,3.6399968018702773,0.23516588086931203,57.495580139950732,7.4125476337757208,32.508404442752251,54.547767608029424,181.45223239197099,14.325540702501847,958.67445929749499,958.67445929749499,3075.2103408132484,2102.7896591867279,2102.7896591867279,16.600000000000001
85,116,4.5455596410160304,27.081057160904699,53.529811713222117,3.6268640442707105,0.23383992523528832,57.512679228573752,7.4123705678863292,32.684434520810754,54.081753295543564,181.91824670445703,13.975903885581955,959.02409611441499,959.02409611441499,3066.5461252174023,2111.4538747825741,2111.4538747825741,16.600000000000001
85.25,116,4.528718673660407,27.095740824286711,53.351816042839779,3.6138759585572324,0.2325392113680271,57.529125332128089,7.4121831826743776,32.860460272431411,53.619602682666709,182.3803973173338,13.634714393755713,959.36528560624174,959.36528560624174,3057.9065325632478,2120.0934674367286,2120.0934674367286,16.600000000000001
85.5,116,4.5121022330520972,27.110679571730454,53.174315399403156,3.6010299522522158,0.23126306449510317,57.544925178470614,7.411984958994065,33.036481446383775,53.161289409194865,182.83871059080562,13.301773603993849,959.69822639600363,959.69822639600363,3049.2915045610098,2128.7084954389666,2128.7084954389666,16.600000000000001
85.75,116,4.4957079620758673,27.125872319922511,52.997307122698359,3.5883234925551659,0.23001083142804507,57.560085394018891,7.4117753801615454,33.212497779136925,52.70678715321192,183.29321284678863,12.976887313134442,960.02311268686321,960.02311268686321,3040.700983585944,2137.2990164140324,2137.2990164140324,16.600000000000001
86,116,4.4795335305939945,27.141317979144876,52.820788582305184,3.5757541045905312,0.22878187982577708,57.574612505845337,7.4115539325076556,33.388508994924472,52.256069635113803,183.74393036488684,12.659865650095719,960.34013434990163,960.34013434990163,3032.1349126671198,2145.8650873328565,2145.8650873328565,16.600000000000001
86.25,116,4.4635766351114778,27.157015453977515,52.644757177370529,3.5633193697153778,0.22757559748255382,57.588512943713603,7.4113201058944442,33.564514805822462,51.809110621497901,184.19088937850267,12.350522989382071,960.6494770106151,960.6494770106151,3023.5932354757101,2154.4067645242662,2154.4067645242662,16.600000000000001
86.5,116,4.4478349984462682,27.172963643970078,52.469210336378715,3.5510169238847946,0.22639139163967195,57.601793042059725,7.4110733941970377,33.740514911838986,51.365883928921292,184.63411607107923,12.048677865885523,960.95132213411182,960.95132213411182,3015.0758963128346,2162.9241036871417,2162.9241036871417,16.600000000000001
86.75,116,4.4323063694044178,27.189161444283606,52.294145516919151,3.5388444560729542,0.2252286883202643,57.614459041919318,7.41081329575238,33.916509001014873,50.926363427531825,185.07363657246873,11.754152890983402,961.24584710901354,961.24584710901354,3006.5828400970213,2171.4171599029551,2171.4171599029551,16.600000000000001
87,116,4.4169885224600405,27.205607746303603,52.119560205451059,3.5267997067477803,0.22408693168648847,57.626517092802658,7.4105393137763,34.092496749534689,50.490523044575305,185.5094769554253,11.466774669931837,961.53322533006497,961.53322533006497,2998.114012351306,2179.8859876486704,2179.8859876486704,16.600000000000001
87.25,116,4.4018792574399646,27.222301438225191,51.945451917066073,3.5148804663973268,0.22296558341843842,57.637973254519636,7.4102509567503043,34.268477821847164,50.058336767782691,185.94166323221785,11.186373720553421,961.81362627944338,961.81362627944338,2989.6693591900553,2188.3306408099211,2188.3306408099211,16.600000000000001
87.5,116,4.3869763992130313,27.239241405611573,51.771818195248855,3.5030845741059697,0.22186412211412285,57.64883349895586,7.4099477387794845,34.444451870794666,49.629778648640212,186.3702213513603,10.912784393216308,962.08721560678021,962.08721560678021,2981.2488273055005,2196.7511726944758,2196.7511726944758,16.600000000000001
87.75,116,4.3722777973839086,27.256426531926675,51.598656611635512,3.491409916178605,0.22078204270986337,57.659103711801492,7.409629179922824,34.620418537750631,49.204822805546186,186.7951771944544,10.645844792100966,962.35415520789547,962.35415520789547,2972.8523639540763,2205.1476360459001,2205.1476360459001,16.600000000000001
88,116,4.3577813259913381,27.273855699042944,51.425964765770829,3.4798544248111125,0.21971885592048523,57.668789694234647,7.4092948064971891,34.796377452764652,48.783443426857154,187.21655657314344,10.38539669774976,962.61460330224668,962.61460330224668,2964.4799169425514,2213.5200830574249,2213.5200830574249,16.600000000000001
88.25,116,4.3434848832107322,27.291527787725183,51.253740284863525,3.4684160768053989,0.21867408769868318,57.677897164560555,7.4089441513562715,34.97232823471446,48.365614773826948,187.63438522617355,10.131285490893802,962.86871450910269,962.86871450910269,2956.1314346140211,2221.8685653859552,2221.8685653859552,16.600000000000001
88.5,116,4.3293863910610337,27.309441678091346,51.081980823540874,3.4570928923274136,0.21764727871296116,57.68643175980781,7.4085767541455843,35.148270491464267,47.951311183441327,188.04868881655921,9.8833600775504138,963.11663992244644,963.11663992244644,2947.806865833792,2230.1931341661843,2230.1931341661843,16.600000000000001
88.75,116,4.315483795115747,27.327596250051187,50.910684063601792,3.4458829337065557,0.21663798384356056,57.694399037283539,7.4081921615347266,35.324203820028742,47.540507071151033,188.45949292884956,9.6414728153839668,963.35852718461263,963.35852718461263,2939.5061599751539,2238.4938400248225,2238.4938400248225,16.600000000000001
89,116,4.3017750642180719,27.345990383723482,50.739847713769393,3.4347843042749706,0.21564577169580057,57.701804476088263,7.4077899274279861,35.500127806742512,47.133176933506434,188.86682306649408,9.4054794413219902,963.59452055867473,963.59452055867473,2931.2292669051135,2246.7707330948629,2246.7707330948629,16.600000000000001
89.25,116,4.2882581902000556,27.364622959832761,50.569469509442747,3.4237951472452908,0.21467022413027581,57.708653478592225,7.4073696131543336,35.676042027434086,46.729295350695992,189.27070464930463,9.175239000417859,963.82476099957933,963.82476099957933,2922.9761369700896,2255.0238630298868,2255.0238630298868,16.600000000000001
89.5,116,4.274931187605687,27.383492860086292,50.399547212448049,3.4129136446254127,0.21371093580936493,57.714951371873852,7.4069307876378492,35.851946047604407,46.328836988991462,189.67116301100921,8.9506137759506643,964.049386224047,964.049386224047,2914.7467209815964,2263.25327901838,2263.25327901838,16.600000000000001
89.75,116,4.2617920934178493,27.402598967531972,50.230078610789612,3.4021380161689714,0.21276751375951966,57.720703409122294,7.4064730275495441,36.027839422608999,45.931776603102435,190.06822339689828,8.7314692207522935,964.26853077924557,964.26853077924557,2906.5409702019565,2271.4590297980199,2271.4590297980199,16.600000000000001
90,116,4.2488389667890836,27.421940166898079,50.061061518400443,3.3914665183602013,0.21183957694881922,57.725914771004426,7.4059959174415217,36.203721697843513,45.538089038442443,190.46191096155817,8.5176738897512632,964.48232611024662,964.48232611024662,2898.3588363300355,2279.6411636699409,2279.6411636699409,16.600000000000001
90.25,116,4.2360698887760435,27.441515344915342,49.892493774892863,3.3808974434319534,0.21092675587928725,57.730590566997982,7.4054990498644191,36.379592408932403,45.147749233309199,190.85225076669141,8.30909937372226,964.69090062627527,964.69090062627527,2890.20027148704,2287.7997285129363,2287.7997285129363,16.600000000000001
90.5,116,4.2234829620776306,27.461323390622265,49.724373245309167,3.3704291184156334,0.21002869219348189,57.734735836691613,7.4049820254689491,36.555451081920054,44.760732220981239,191.23926777901926,8.105620234230047,964.89437976576778,964.89437976576778,2882.0652282024107,2295.9347717975656,2295.9347717975656,16.600000000000001
90.75,116,4.2110763107767113,27.481363195654126,49.556697819872461,3.3600599042219379,0.20914503829488512,57.738355551052955,7.4044444530924372,36.731297233464183,44.377013131733385,191.62298686826713,7.9071139397556909,965.09288606024234,965.09288606024234,2873.95365939978,2304.0463406001963,2304.0463406001963,16.600000000000001
91,116,4.1988480800853498,27.501633654516439,49.389465413737767,3.34978819475125,0.20827545698162847,57.741454613665923,7.4038859498310865,36.907130371031201,43.996567194772922,192.00343280522759,7.7134608029930414,965.28653919700503,965.28653919700503,2865.8655183830683,2312.134481616908,2312.134481616908,16.600000000000001
91.25,116,4.1867964360934709,27.522133664843587,49.222673966743471,3.3396124160326153,0.20741962109310763,57.744037861937791,7.4033061410988541,37.08294999309301,43.619369740098875,192.38063025990175,7.5245439193027854,965.47545608069493,965.47545608069493,2857.8007588226856,2320.1992411772908,2320.1992411772908,16.600000000000001
91.5,116,4.1749195655209697,27.542862127642923,49.056321443163462,3.3295310253902821,0.20657721316904926,57.746110068277368,7.4027046606735549,37.258755589325141,43.245396200286372,192.75460379971423,7.3402491063111563,965.65975089368658,965.65975089368658,2849.7593347418861,2328.2406652580903,2328.2406652580903,16.600000000000001
91.75,116,4.1632156754731025,27.563817947525219,48.890405831459802,3.3195425106368059,0.20574792512060758,57.747675941244886,7.4020811507310045,37.434546640805799,42.874622112198125,193.12537788780247,7.1604648446401606,965.83953515535791,965.83953515535791,2841.7412005032734,2336.258799496703,2336.258799496703,16.600000000000001
92,116,4.1516829931991834,27.585000032921897,48.724925144036,3.3096453892917435,0.20493145791308076,57.748740126674704,7.4014352618678272,37.610322620215541,42.507023118624858,193.49297688137577,6.9850822197558404,966.01491778024217,966.01491778024217,2833.7463107954641,2344.2536892045123,2344.2536892045123,16.600000000000001
92.25,116,4.1403197658544837,27.606407296289539,48.559877416991235,3.2998382078250375,0.20412752125984834,57.749307208771697,7.4007666531136076,37.786082992037485,42.142574969856838,193.85742503014376,6.8139948649209465,966.18600513507738,966.18600513507738,2825.774620619929,2352.2253793800473,2352.2253793800473,16.600000000000001
92.5,116,4.129124260265284,27.628038654302305,48.395260709875274,3.2901195409241923,0.20333583332714453,57.749381711181677,7.4000749919329962,37.961827212757598,41.781253525188077,194.21874647481243,6.6470989052381135,966.35290109476034,966.35290109476034,2817.8260852780272,2360.1739147219491,2360.1739147219491,16.600000000000001
92.75,116,4.1180947626970479,27.64989302803259,48.23107310544458,3.2804879907843869,0.20255612044929158,57.748968098037253,7.3993599542183928,38.137554731064945,41.423034754355236,194.57696524564525,6.4842929027695133,966.51570709722876,966.51570709722876,2809.9006603582238,2368.0993396417525,2368.0993396417525,16.600000000000001
93,116,4.1072295786256303,27.671969343120711,48.067312709419213,3.2709421864207102,0.20178811685403278,57.748070774979468,7.398621224273759,38.313264988051642,41.067894738912656,194.93210526108794,6.3254778027188605,966.67452219727943,966.67452219727943,2801.9983017235068,2376.0016982764696,2376.0016982764696,16.600000000000001
93.25,116,4.0965270325114771,27.694266529933653,47.903977650240947,3.2614807830017201,0.20103156439761141,57.746694090156105,7.3978584947901203,38.488957417412351,40.715809673545714,195.28419032645496,6.1705568806613593,966.82944311933682,966.82944311933682,2794.1189654990235,2383.8810345009529,2383.8810345009529,16.600000000000001
93.5,116,4.0859854675768128,27.716783523713733,47.741066078832517,3.2521024612035809,0.20028621230925767,57.744842335197177,7.3970714668132667,38.664631445643039,40.366755867323675,195.63324413267696,6.0194356908072466,966.98056430919064,966.98056430919064,2786.2626080599262,2391.7373919400502,2391.7373919400502,16.600000000000001
93.75,116,4.0756032455856674,27.73951926471738,47.578576168358119,3.242805926584023,0.19955181694475216,57.742519746168767,7.396259849704208,38.840286492238988,40.020709744893885,195.97929025510672,5.8720220152844114,967.12797798471343,967.12797798471343,2778.4291860194348,2399.5708139805415,2399.5708139805415,16.600000000000001
94,116,4.0653787466267968,27.762472698344499,47.416506113985086,3.2335899089754578,0.19882814154874692,57.739730504505076,7.3954233610927771,39.015921969891714,39.677647847618807,196.32235215238174,5.7282258144254525,967.27177418557199,967.27177418557199,2770.618656217137,2407.3813437828394,2407.3813437828394,16.600000000000001
94.25,116,4.0553103688993861,27.785642775258861,47.254854132646884,3.2244531618965264,0.19811495602553694,57.736478737920265,7.3945617268249118,39.191537284684742,39.337546834657516,196.66245316534304,5.5879591780446818,967.41204082195247,967.41204082195247,2762.8309757074981,2415.1690242924783,2415.1690242924783,16.600000000000001
94.5,116,4.0453965285015077,27.809028451499874,47.093618462807711,3.2153944619814712,0.19741203671798238,57.732768521299747,7.3936746809040317,39.367131836287967,39.000383483992785,196.99961651600773,5.4511362776902885,967.54886372230726,967.54886372230726,2755.0661017486254,2422.9338982513509,2422.9338982513509,16.600000000000001
94.75,116,4.0356356592212981,27.832628688586084,46.932797364228122,3.206412608426684,0.19671916619429189,57.728603877572219,7.3927619654269145,39.542705018150677,38.666134693405894,197.33386530659459,5.3176733198570565,967.68232668014036,967.68232668014036,2747.3239917912615,2430.6760082087148,2430.6760082087148,16.600000000000001
95,116,4.0260262123307831,27.856442453610779,46.772389117732502,3.1975064224538237,0.19603613304238907,57.723988778562756,7.3918233305144785,39.718256217692904,38.334777481399811,197.66522251860064,5.1874885001449353,967.8125114998528,967.8125114998528,2739.6046034680094,2438.395396531967,2438.395396531967,16.600000000000001
95.25,116,4.0165666563823548,27.880468719330139,46.612392024977765,3.1886747467889474,0.19536273167159035,57.718927145827507,7.3908585342378563,39.893784816495199,38.006288988072598,197.99371101192779,5.060501958348822,967.93949804164868,967.93949804164868,2731.9078945828146,2446.0921054171617,2446.0921054171617,16.600000000000001
95.5,116,4.0072554770077868,27.904706464244054,46.452804408223656,3.1799164451570694,0.19469876212133511,57.713422851470284,7.3898673425401311,40.069290190486377,37.680646475942083,198.3193535240583,4.9366357344648524,968.06336426553264,968.06336426553264,2724.2338231006756,2453.7661768993007,2453.7661768993007,16.600000000000001
95.75,116,3.9980911767198446,27.929154672670137,46.293624610104636,3.1712304017916297,0.19404402987671326,57.707479718942203,7.3888495291540321,40.244771710129648,37.357827330723403,198.64217266927693,4.8158137255986757,968.18418627439871,968.18418627439871,2716.5823471376075,2461.4176528623689,2461.4176528623689,16.600000000000001
96,116,3.9890722747163356,27.953812334811097,46.134850993403361,3.1626155209583482,0.19339834569054828,57.701101523824214,7.3878048755159833,40.420228740606426,37.037809062060475,198.96219093793988,4.6979616437610803,968.30203835623638,968.30203835623638,2708.9534249508497,2469.0465750491267,2469.0465750491267,16.600000000000001
96.25,116,3.9801973066866649,27.978678446815866,45.976481940825771,3.154070726492975,0.19276152541179922,57.694291994593264,7.3867331706767878,40.595660641998293,36.720569304212503,199.27943069578785,4.5830069745364872,968.41699302546112,968.41699302546112,2701.3470149293171,2476.6529850706593,2476.6529850706593,16.600000000000001
96.5,116,3.9714648246207802,28.00375201083471,45.818515854777743,3.1455949613524576,0.19213338982005448,57.687054813372612,7.3856342112092133,40.771066769466842,36.406085816697107,199.59391418330324,4.470878936609898,968.52912106338795,968.52912106338795,2693.7630755842961,2484.2369244156803,2484.2369244156803,16.600000000000001
96.75,116,3.962873396620533,28.029032035068518,45.660951157143572,3.1371871871790549,0.1915137644658966,57.679393616666601,7.3845078011128109,40.946446473430981,36.094336484891002,199.90566351510935,4.3615084421379109,968.63849155785999,968.63849155785999,2686.2015655403939,2491.7984344595825,2491.7984344595825,16.600000000000001
97,116,3.954421606713356,28.054517533812785,45.50378628906595,3.1288463838769642,0.19090247951692804,57.671311996080568,7.3833537517162284,41.121799099742276,35.785299320589139,200.21470067941124,4.2548280579495366,968.7451719420485,968.7451719420485,2678.6624435267177,2499.3375564732587,2499.3375564732587,16.600000000000001
97.25,116,3.9461080546682692,28.080207527496238,45.347019710727764,3.1205715492010517,0.19029936960925009,57.662813499025809,7.3821718815772259,41.297123989857781,35.478952462523978,200.52104753747633,4.1507719675626262,968.84922803243569,968.84922803243569,2671.1456683683168,2506.8543316316595,2506.8543316316595,16.600000000000001
97.5,116,3.9379313558141575,28.10610104271451,45.190649901135664,3.1123616983572417,0.18970427370420059,57.65390162941052,7.3809620163806908,41.472420481010559,35.175274176845527,200.82472582315478,4.0492759340018605,968.95072406599661,968.95072406599661,2663.651198977841,2514.3488010221354,2514.3488010221354,16.600000000000001
97.75,116,3.9298901408602993,28.132197112259096,45.034675357905179,3.1042158636142014,0.18911703495015586,57.64457984831688,7.3797239888348596,41.64768790637762,34.874242857563388,201.12575714243692,3.9502772634042733,969.04972273659416,969.04972273659416,2656.1789943474728,2521.8210056525036,2521.8210056525036,16.600000000000001
98,116,3.9219830557190791,28.158494775141751,44.879094597047654,3.0961330939259288,0.18853750054921634,57.634851574664673,7.3784576385659397,41.822925595245501,34.575837026951724,201.42416297304854,3.8537147693985161,969.14628523059991,969.14628523059991,2648.7290135410763,2529.2709864589001,2529.2709864589001,16.600000000000001
98.25,116,3.9142087613309062,28.184993076614585,44.723906152759035,3.0881124545648775,0.18796552162859589,57.624720185861676,7.3771628120113961,41.998132873173311,34.280035335918356,201.71996466408189,3.759528738244061,969.24047126175458,969.24047126175458,2641.3012156865802,2536.6987843133961,2536.6987843133961,16.600000000000001
98.5,116,3.9065659334912501,28.211691068186074,44.569108577210336,3.0801530267652808,0.18740095311654414,57.614189018441515,7.3758393623120169,42.173309062153187,33.98681656433881,202.01318343566146,3.667660894716779,969.33233910528202,969.33233910528202,2633.8955599686183,2544.1044400313581,2544.1044400313581,16.600000000000001
98.75,116,3.8990532626798036,28.23858780763311,44.414700440339885,3.0722539073763153,0.18684365362263619,57.603261368688806,7.3744871492030217,42.348453480768228,33.696159621356287,202.30384037864394,3.5780543687273791,969.42194563127157,969.42194563127157,2626.5120056213818,2551.4879943785945,2551.4879943785945,16.600000000000001
99,116,3.8916694538917227,28.265682359009347,44.260680329647258,3.0644142085247972,0.18629348532227225,57.591940493252551,7.3731060389043295,42.523565444347724,33.40804354564856,202.5919564543517,3.490653662659374,969.50934633733959,969.50934633733959,2619.1505119217122,2558.8494880782641,2558.8494880782641,16.600000000000001
99.25,116,3.8844132264709081,28.292973792650038,44.107046849989203,3.0566330572870868,0.18575031384522986,57.58022960974742,7.3716959040101653,42.69864426511981,33.122447505662592,202.87755249433775,3.4054046194133583,969.59459538058513,969.59459538058513,2611.8110381824172,2566.1889618175592,2566.1889618175592,16.600000000000001
99.5,116,3.8772833139453278,28.320461185173489,43.953798623377132,3.0489095953699188,0.18521400816812392,57.568131897343825,7.370256623378193,42.8736892523617,32.839350799817971,203.16064920018246,3.3222543911445443,969.6777456088538,969.6777456088538,2604.4935437458203,2573.5064562541561,2573.5064562541561,16.600000000000001
99.75,116,3.8702784638643046,28.348143619479302,43.80093428877656,3.0412429787998265,0.1846844405106299,57.555650497346633,7.3687880820182476,43.048699712547041,32.55873285667986,203.4412671433206,3.2411514086806155,969.75884859131793,969.75884859131793,2597.1979879775226,2580.8020120224537,2580.8020120224537,16.600000000000001
100,116,3.8633974376377873,28.376020184743531,43.648452501908153,3.0336323776209326,0.18416148623533266,57.542788513763092,7.3672901709808931,43.223674949490508,32.28057323510226,203.71942676489817,3.1620453516071434,969.83795464839193,969.83795464839193,2589.9243302603868,2588.0756697395896,2588.0756697395896,16.600000000000001
100.25,116,3.8566390103775454,28.404089976411061,43.496351935050782,3.0260769756007928,0.18364502375106884,57.529549013860226,7.3657627872458633,43.398614264490206,32.004851624342663,203.99514837565783,3.0848871190079454,969.91511288099116,969.91511288099116,2582.6725299887421,2595.3274700112343,2595.3274700112343,16.600000000000001
100.5,116,3.8500019707402848,28.432352096185131,43.344631276846201,3.0185759699440693,0.1831349344196343,57.515935028711539,7.3642058336105345,43.573516956466968,31.731547844148654,204.26845215585186,3.0096288008479277,969.99037119915124,969.99037119915124,2575.4425465627942,2602.5574534371822,2602.5574534371822,16.600000000000001
100.75,116,3.8434851207726215,28.460805652014379,43.193289232105428,3.0111285710137463,0.18263110246573339,57.501949553734178,7.3626192185785682,43.748382322101286,31.460641844817403,204.53935815518312,2.9362236499860837,970.06377635001297,970.06377635001297,2568.2343393832475,2609.7656606167288,2609.7656606167288,16.600000000000001
101,116,3.8370872757579368,28.489449758077246,43.042324521617289,3.0037340020596845,0.18213341489005136,57.487595549215754,7.3610028562487617,43.923209655967426,31.192113707228735,204.80788629277183,2.8646260548065388,970.13537394519267,970.13537394519267,2561.0478678461413,2616.952132153835,2616.952132153835,16.600000000000001
101.25,116,3.8308072640650428,28.518283534764219,42.891735881958212,2.9963914989542544,0.18164176138533566,57.472875940831827,7.3593566662042944,44.097998250665043,30.92594364285258,205.07405635714795,2.7947915124556126,970.2052084875437,970.2052084875437,2553.8830913378802,2624.1169086620962,2624.1169086620962,16.600000000000001
101.5,116,3.8246439269986574,28.5473061086578,42.741522065304196,2.989100309934841,0.1811560342553758,57.457793620154014,7.3576805734024022,44.272747396948134,30.662111993731525,205.33788800626888,2.7266766026731051,970.27332339732629,970.27332339732629,2546.7399692304507,2631.2600307695257,2631.2600307695257,16.600000000000001
101.75,116,3.818596118651659,28.576516612510279,42.591681839244401,2.9818596953529908,0.1806761283367749,57.442351445148958,7.3559745080645724,44.447456383851261,30.40059923243918,205.59940076756132,2.6602389622061358,970.33976103779332,970.33976103779332,2539.6184608768708,2638.3815391231055,2638.3815391231055,16.600000000000001
102,116,3.8126627057590965,28.605914185219749,42.442213986596407,2.9746689274300122,0.18020194092341207,57.426552240668393,7.3542384055673855,44.622124498813335,30.141385962015068,205.85861403798552,2.5954372597940214,970.40456274020562,970.40456274020562,2532.5185256067903,2645.4814743931861,2645.4814743931861,16.600000000000001
102.25,116,3.8068425675539221,28.635497971803996,42.29311730522344,2.9675272900188094,0.17973337169349557,57.410398798930451,7.3524722063340207,44.796751027798734,29.884452915876668,206.1155470841239,2.5322311717128869,970.46776882828658,970.46776882828658,2525.4401227223061,2652.5598772776702,2652.5598772776702,16.600000000000001
102.5,116,3.8011345956244393,28.665267123372786,42.144390607853104,2.9604340783717702,0.17927032263911286,57.393893879992575,7.3506758557265286,44.971335255415887,29.629780957709499,206.37021904229104,2.4705813578688169,970.52941864213096,970.52941864213096,2518.383211493951,2659.6167885060254,2659.6167885060254,16.600000000000001
102.75,116,3.7955376937734311,28.695220797098433,41.996032721897983,2.9533885989145161,0.17881269799818567,57.37704021221613,7.3488493039389278,45.145876465033275,29.377351081335476,206.62264891866502,2.4104494384285644,970.58955056157163,970.58955056157163,2511.3477511568667,2666.6522488431096,2666.6522488431096,16.600000000000001
103,116,3.7900507778789487,28.725358156184807,41.848042489277987,2.9463901690253302,0.17836040418874252,57.35984049272286,7.3469925058912127,45.320373938892899,29.127144410560692,206.87285558943984,2.3517979709769539,970.64820202902365,970.64820202902365,2504.3337009071561,2673.6662990928203,2673.6662990928203,16.600000000000001
103.25,116,3.7846727757567478,28.755678369834804,41.700418766244361,2.939438116820114,0.17791334974542322,57.342297387843601,7.3451054211242743,45.494826958221253,28.879142199002789,207.12085780099773,2.2945904281903537,970.70540957181015,970.70540957181015,2497.341019898397,2680.6589801015793,2680.6589801015793,16.600000000000001
103.5,116,3.7794026270243211,28.786180613216473,41.553160423205405,2.9325317809426608,0.17747144525813474,57.324413533559095,7.343188013695845,45.669234803337908,28.633325829898855,207.36667417010159,2.2387911760156478,970.76120882398448,970.76120882398448,2490.369667238348,2687.6303327616283,2687.6303327616283,16.600000000000001
103.75,116,3.7742392829665516,28.816864067427861,41.40626634455387,2.9256705103601335,0.17703460331277907,57.30619153593333,7.3412402520774442,45.843596753761453,28.389676815894259,207.61032318410628,2.1843654523444269,970.81563454765592,970.81563454765592,2483.4196019857991,2694.5803980141773,2694.5803980141773,16.600000000000001
104,116,3.7691817064029234,28.847727919460525,41.259735428496128,2.918853664163561,0.17660273843397797,57.287633971539663,7.3392621090524761,46.01791208831321,28.148176798813086,207.85182320118736,2.1312793461721862,970.86872065382806,970.86872065382806,2476.4907831475989,2701.5092168523774,2701.5092168523774,16.600000000000001
104.25,116,3.764228871556293,28.878771362161977,41.113566586882968,2.9120806113732178,0.17617576702972121,57.268743387879468,7.3372535616153982,46.192180085218297,27.90880754941071,208.09119245058974,2.0794997772325443,970.92050022276737,970.92050022276737,2469.5831696758296,2708.4168303241468,2708.4168303241468,16.600000000000001
104.5,116,3.759379763923191,28.909993594196955,40.967758745041955,2.905350730748717,0.17575360733786932,57.249522303793945,7.3352145908720638,46.366400022204537,27.671550967109074,208.32844903289143,2.0289944760966101,970.97100552390339,970.97100552390339,2462.696720465141,2715.3032795348354,2715.3032795348354,16.600000000000001
104.75,116,3.7546333801456391,28.9413938200078,40.822310841611674,2.8986634106037283,0.17533617937444171,57.229973209869058,7.3331451819412878,46.540571176598903,27.436389079715166,208.56361092028524,1.9797319647278386,971.02026803527201,971.02026803527201,2455.8313943502508,2722.1686056497256,2722.1686056497256,16.600000000000001
105,116,3.7499887278844639,28.972971249773771,40.677221828377412,2.8920180486251219,0.17492340488362706,57.210098568833672,7.331045323857607,46.714692825421636,27.203304043123364,208.79669595687702,1.9316815374828398,971.06831846251703,971.06831846251703,2448.9871501035664,2729.01284989641,2729.01284989641,16.600000000000001
105.25,116,3.7454448256940722,29.00472509936953,40.532490670108572,2.8854140516964595,0.17451520728945152,57.189900815951134,7.3289150094753159,46.888764245478164,26.972278141001979,209.02772185899849,1.8848132425487825,971.11518675745106,971.11518675745106,2442.163946432966,2735.8360535670104,2735.8360535670104,16.600000000000001
105.5,116,3.7410007028987051,29.036654590322794,40.388116344397638,2.8788508357256832,0.17411151164904728,57.169382359404452,7.3267542353737554,47.062784713448544,26.743293784464633,209.25670621553584,1.8390978638082016,971.16090213619145,971.16090213619145,2435.361741979722,2742.6382580202544,2742.6382580202544,16.600000000000001
105.75,116,3.7366553994701035,29.068758949771187,40.244097841500775,2.8723278254768765,0.1737122446074594,57.148545580675076,7.3245630017639227,47.236753505974995,26.51633351172692,209.48366648827351,1.7945069031221534,971.20549309687749,971.20549309687749,2428.5804953165571,2749.4195046834193,2749.4195046834193,16.600000000000001
106,116,3.7324079659066043,29.101037410418432,40.100434164180101,2.8658444544060027,0.17331733435394048,57.127392834915725,7.3223413123963779,47.410669899746956,26.291379987748808,209.70862001225149,1.7510125630228466,971.24898743697622,971.24898743697622,2421.820164945831,2756.1798350541453,2756.1798350541453,16.600000000000001
106.25,116,3.7282574631136387,29.133489210489873,39.957124327547412,2.8594001645004719,0.17292671057967404,57.105926451317046,7.3200891744704979,47.584533171584035,26.068416003863373,209.93158399613696,1.7085877298070193,971.29141227019181,971.29141227019181,2415.0807092978675,2762.9192907021088,2762.9192907021088,16.600000000000001
106.5,116,3.7242029622856108,29.166113593687342,39.814167358909472,2.8529944061224803,0.17254030443687945,57.084148733468382,7.3178065985450607,47.758342598516847,25.847424477392135,210.1525755226082,1.6672059570214885,971.33279404297707,971.33279404297707,2408.3620867293967,2769.6379132705797,2769.6379132705797,16.600000000000001
106.75,116,3.720243544789132,29.198909809143515,39.671562297615054,2.8466266378559433,0.17215804849924593,57.062061959712885,7.3154935984501988,47.932097457865815,25.628388451247574,210.37161154875281,1.6268414493324581,971.37315855066674,971.37315855066674,2401.664255522126,2776.3357444778503,2776.3357444778503,16.600000000000001
107,116,3.7163783020476164,29.231877111375734,39.529308194903301,2.8402963263569942,0.17177987672364892,57.039668383496732,7.3131501912007106,48.10579702731777,25.411291093523264,210.58870890647705,1.5874690467703165,971.41253095322907,971.41253095322907,2394.9871738814309,2783.0128261185455,2783.0128261185455,16.600000000000001
107.25,116,3.7126063354271959,29.265014760239339,39.387404113753661,2.8340029462078999,0.17140572441310264,57.016970233713174,7.3107763969107546,48.27944058500055,25.196115697072038,210.80388430292834,1.5490642093418125,971.4509357906577,971.4509357906577,2388.330799935165,2789.6692000648113,2789.6692000648113,16.600000000000001
107.5,116,3.7089267561239621,29.298322020880608,39.245849128737412,2.8277459797743103,0.17103552818090442,56.993969715040883,7.3083722387099028,48.453027409555681,24.98284567907249,211.01715432092792,1.5116030020016331,971.48839699799805,971.48839699799805,2381.6950917325753,2796.3049082674011,2796.3049082674011,16.600000000000001
107.75,116,3.7053386850524861,29.331798163689296,39.104642325870678,2.8215249170657639,0.17066922591592773,56.970669008277163,7.3059377426606105,48.626556780208936,24.771464580584468,211.22853541941589,1.4750620799755869,971.52493792002406,971.52493792002406,2375.0800072433371,2802.9199927566392,2802.9199927566392,16.600000000000001
108,116,3.7018412527356364,29.365442464250759,38.963782802468806,2.8153392555993415,0.17030675674902424,56.947070270665876,7.3034729376770384,48.800027976838976,24.561956066093714,211.43804393390658,1.4394186744276987,971.56058132557189,971.56058132557189,2368.485504356689,2809.5144956432873,2809.5144956432873,16.600000000000001
108.25,116,3.6984335991956501,29.39925420329789,38.823269667002378,2.8091885002663886,0.16994806102049326,56.923175636220222,7.3009778554452849,48.973440280044287,24.354303923046213,211.6456960769541,1.4046505784637004,971.59534942153562,971.59534942153562,2361.911540880672,2816.0884591193044,2816.0884591193044,16.600000000000001
108.5,116,3.6951148738464714,29.433232666662597,38.683102038954587,2.8030721632022222,0.16959308024858291,56.898987216040766,7.2984525303449956,49.146792971207887,24.148492061372451,211.85150793862786,1.3707361334635311,971.62926386653555,971.62926386653555,2355.3580745414733,2822.641925458503,2822.641925458503,16.600000000000001
108.75,116,3.6918842353872972,29.467377145227225,38.543279048680049,2.7969897636587455,0.16924175709898454,56.874507098628413,7.2958969993723448,49.320085332560517,23.944504513002219,212.05549548699807,1.3376542157355948,971.66234578426315,971.66234578426315,2348.8250629828735,2829.1749370171028,2829.1749370171028,16.600000000000001
109,116,3.6887408516973634,29.5016869348756,38.403799837265197,2.7909408278798815,0.16889403535528591,56.849737350192534,7.293311302064426,49.493316647241734,23.74232543137002,212.25767456863028,1.3053842234856852,971.6946157765135,971.6946157765135,2342.3124637657643,2835.6875362342121,2835.6875362342121,16.600000000000001
109.25,116,3.685683899731925,29.536161336444007,38.264663556389799,2.7849248889797575,0.16854985989034965,56.824680014954637,7.2906954804249837,49.666486199359547,23.541939090911722,212.45806090908852,1.2739060640935898,971.72609393590585,971.72609393590585,2335.820234367789,2842.1797656321874,2842.1797656321874,16.600000000000001
109.5,116,3.6827125654194246,29.57079965567187,38.125869368190159,2.7789414868235727,0.16820917663858345,56.79933711544723,7.2880495788515534,49.839593274048006,23.34332988655256,212.65667011344775,1.2432001416905636,971.75679985830902,971.75679985830902,2329.3483321830449,2848.6516678169314,2848.6516678169314,16.600000000000001
109.75,116,3.6798260435598467,29.605601203152442,37.987416445123635,2.7729901679110593,0.1678719325690714,56.773710652808262,7.2853736440639345,50.012637157523145,23.146482333186974,212.85351766681327,1.2132473450309444,971.78675265496838,971.78675265496838,2322.8967145219012,2855.1032854780751,2855.1032854780751,16.600000000000001
110,116,3.6770235377242098,29.640565294283295,37.849303969834452,2.7670704852624857,0.16753807565953591,56.747802607071172,7.2826677250340346,50.185617137137449,22.95138106515062,213.04861893484963,1.1840290356513803,971.81597096434768,971.81597096434768,2316.4653386108653,2861.5346613891111,2861.5346613891111,16.600000000000001
110.25,116,3.6743042601552274,29.675691249216708,37.711531135020884,2.7611819983071251,0.16720755487110076,56.721614937450525,7.2799318729170626,50.358532501432435,22.758010835684725,213.24198916431538,1.1555270363111885,971.84447296368808,971.84447296368808,2310.0541615925567,2867.9458384074196,2867.9458384074196,16.600000000000001
110.5,116,3.6716674316690847,29.710978392810137,37.574097143303938,2.7553242727741365,0.16688032012382822,56.695149582623479,7.277166140984046,50.531382540189682,22.566356516393359,213.43364348360666,1.127723619707568,971.87227638029185,971.87227638029185,2303.6631405257476,2874.3368594742287,2874.3368594742287,16.600000000000001
110.75,116,3.6691122815583421,29.746426054576443,37.437001207097225,2.7494968805857707,0.16655632227300193,56.66840846100709,7.2743705845557205,50.704166544480259,22.376403096693593,213.62359690330649,1.1006014974594809,971.89939850253984,971.89939850253984,2297.2922323854768,2880.7077676144995,2880.7077676144995,16.600000000000001
111,116,3.666638047495935,29.782033568634269,37.300242548478138,2.7436993997528769,0.16623551308613121,56.641393471031449,7.2715452609376596,50.876883806712819,22.188135683259173,213.81186431674098,1.0741438093541171,971.92585619064482,971.92585619064482,2290.9413940632498,2887.0586059367265,2887.0586059367265,16.600000000000001
111.25,116,3.6642439754402765,29.817800273658282,37.163820399060448,2.7379314142726154,0.16591784522065001,56.61410649140884,7.268690229356813,51.049533620679739,22.001539499457746,213.99846050054251,1.0483341128500399,971.95166588714892,971.95166588714892,2284.6105823672865,2893.3894176326899,2893.3894176326899,16.600000000000001
111.5,116,3.6619293195414251,29.853725512829588,37.027733999868119,2.7321925140283452,0.16560327220228852,56.58654938139901,7.2658055508992385,51.222115281602079,21.816599884782207,214.18340011521801,1.0231563728311719,971.97684362716825,971.97684362716825,2278.2997540228566,2899.7002459771197,2899.7002459771197,16.600000000000001
111.75,116,3.6596933420483269,29.889808633786014,36.891982601210444,2.7264822946916119,0.1652917484040918,56.558723981070621,7.2628912884491967,51.394628086173128,21.633302294276081,214.36669770572422,0.99859495160593637,972.00140504839374,972.00140504839374,2272.0088656726734,2905.9911343273029,2905.9911343273029,16.600000000000001
112,116,3.6575353132171036,29.926048988572617,36.756565462558477,2.7208003576261981,0.16498322902606558,56.530632111558681,7.2599475066294703,51.567071332600193,21.45163229795352,214.54836770204679,0.97463459914596717,972.0253654008535,972.0253654008535,2265.7378738773482,2912.2621261226282,2912.2621261226282,16.600000000000001
112.25,116,3.6554545112203822,29.962445933592093,36.621481852422527,2.7151463097941835,0.1646776700754263,56.502275575318613,7.2569742717429566,51.73944432064539,21.271575580214034,214.72842441978628,0.95126044355892925,972.04873955644064,972.04873955644064,2259.4867351159019,2918.5132648840745,2918.5132648840745,16.600000000000001
112.5,116,3.6534502220576557,29.998998829555383,36.486731048231206,2.7095197636639377,0.1643750283474347,56.473656156376315,7.2539716517154949,51.911746351664746,21.093117939252238,214.9068820607481,0.92845798179008687,972.07154201820958,972.07154201820958,2253.255405786349,2924.7445942136274,2924.7445942136274,16.600000000000001
112.75,116,3.6515217394666504,30.03570704143236,36.352312336211412,2.7039203371200378,0.16407526140679421,56.444775620574887,7.2509397160399303,52.083976728646093,20.916245286462903,215.08375471353747,0.90621307054738842,972.09378692945222,972.09378692945222,2247.0438422063235,2930.9561577936529,2930.9561577936529,16.600000000000001
113,116,3.6496683648356991,30.072569938402612,36.218225011269759,2.6983476533750372,0.16377832756959348,56.415635715817764,7.2478785357213882,52.256134756245565,20.740943645841512,215.25905635415896,0.8845119174449293,972.11548808255475,972.11548808255475,2240.8520006137601,2937.1479993862163,2937.1479993862163,16.600000000000001
113.25,116,3.6478894071171091,30.109586893806384,36.084468376875094,2.6928013408830411,0.16348418588577554,56.386238172308403,7.2447881832237426,52.42821974082306,20.567199153380592,215.43280084661993,0.86334107235977131,972.13665892763959,972.13665892763959,2234.6798371676355,2943.3201628323409,2943.3201628323409,16.600000000000001
113.5,116,3.646184182741504,30.146757285095553,35.951041744942131,2.6872810332550459,0.16319279612211551,56.356584702786478,7.2416687324172768,52.600230990476057,20.39499805646205,215.60500194353847,0.84268741899720012,972.15731258100254,972.15731258100254,2228.5273079487529,2949.4726920512235,2949.4726920512235,16.600000000000001
113.75,116,3.6445520155331343,30.184080493784901,35.817944435716392,2.6817863691760122,0.1629041187456903,56.326677002760967,7.2385202585275064,52.772167815072564,20.224326713245738,215.77567328675485,0.82253816665960888,972.17746183334009,972.17746183334009,2222.3943689605767,2955.6056310393997,2955.6056310393997,16.600000000000001
114,116,3.6429922366261409,30.221555905403441,35.685175777660334,2.6763169923236116,0.16261811490782249,56.296516750739698,7.2353428380851472,52.944029526282506,20.055171592054393,215.94482840794618,0.80288084221428657,972.19711915778544,972.19711915778544,2216.2809761301151,2961.7190238698613,2961.7190238698613,16.600000000000001
114.25,116,3.6415041843817701,30.259182909445958,35.552735107340474,2.670872551288606,0.16233474642848397,56.266105608455909,7.2321365488772491,53.115815437608383,19.887519270755444,216.11248072924522,0.78370328225550989,972.2162967177444,972.2162967177444,2210.1870853088326,2967.8129146911438,2967.8129146911438,16.600000000000001
114.5,116,3.640087204306516,30.296960899324738,35.420621769315865,2.6654526994968433,0.16205397578114311,56.235445221091481,7.2289014698994087,53.287524864414365,19.721356436139434,216.27864356386127,0.76499362545641891,972.2350063745431,972.2350063745431,2204.1126522736272,2973.8873477263492,2973.8873477263492,16.600000000000001
114.75,116,3.6387406489711798,30.334889272321416,35.288835116027386,2.6600570951327938,0.16177576607804103,56.204537217497275,7.2256376813091112,53.459157123954476,19.556669883295719,216.44333011670494,0.74674030510625999,972.25325969489347,972.25325969489347,2198.0576327278263,2979.94236727215,2979.94236727215,16.600000000000001
115,116,3.637463877930855,30.372967429539138,35.157374507688488,2.6546854010646319,0.16150008105588287,56.173383210410215,7.2223452643801833,53.630711535399683,19.39344651498546,216.60655348501513,0.72893204182867832,972.27106795817133,972.27106795817133,2192.021982302238,2985.9780176977383,2985.9780176977383,16.600000000000001
115.25,116,3.6362562576458051,30.411194775854813,35.026239312176877,2.6493372847707888,0.16122688506192959,56.141984796667394,7.219024301458254,53.802187419863834,19.23167334101193,216.76832665898874,0.71155783647682824,972.28844216352331,972.28844216352331,2186.0056565562227,2991.9943434437537,2991.9943434437537,16.600000000000001
115.5,116,3.6351171614032216,30.449570719871652,34.895428904927279,2.644012418267963,0.16095614304047884,56.110343557417423,7.215674875917343,53.973584100428582,19.071337477588692,216.92866252241188,0.69460696320116111,972.30539303679893,972.30539303679893,2180.0086109788163,2997.9913890211601,2997.9913890211601,16.600000000000001
115.75,116,3.6340459692398803,30.488094673871892,34.764942668825292,2.6387104780405464,0.16068782051972041,56.078461058328713,7.2122970721174324,54.14490090216735,18.912426146705482,217.08757385329505,0.67806896268585726,972.32193103731402,972.32193103731402,2174.0308009898695,3003.9691990101069,3003.9691990101069,16.600000000000001
116,116,3.6330420678656536,30.526766053769745,34.634779994102352,2.6334311449714329,0.16042188359895454,56.046338849794957,7.2088909753631079,54.316137152168238,18.754926675492285,217.24507332450824,0.66193363554992635,972.33806636444967,972.33806636444967,2168.0721819412342,3009.9278180587421,3009.9278180587421,16.600000000000001
116.25,116,3.6321048505878872,30.565584279064662,34.504940278231743,2.6281741042741915,0.16015829893616212,56.013978467137846,7.205456671863157,54.487292179555936,18.598826495581505,217.40117350441906,0.64619103590911919,972.35380896409038,972.35380896409038,2162.1327091179678,3015.8672908820085,3015.8672908820085,16.600000000000001
116.5,116,3.6312337172366171,30.604548772794669,34.375422925825617,2.6229390454265316,0.15989703373591399,55.981381430806991,7.2019942486912036,54.658365315512746,18.444113142468549,217.55588685753202,0.63083146509485311,972.36916853490447,972.36916853490447,2156.212337739571,3021.7876622604053,3021.7876622604053,16.600000000000001
116.75,116,3.6304280740906414,30.643658961490107,34.246227348533019,2.6177256621050966,0.15963805573760961,55.948549246577272,7.1985037937472924,54.829355893298711,18.290774254871067,217.70922574512969,0.61584546552645814,972.38415453447305,972.38415453447305,2150.3110229612557,3027.6889770387206,3027.6889770387206,16.600000000000001
117,116,3.6296873338044087,30.682914275127551,34.117352964939066,2.6125336521214719,0.15938133320403411,55.915483405743267,7.1949853957204279,55.00026324827072,18.138797574086759,217.86120242591409,0.60122381473311182,972.39877618526657,972.39877618526657,2144.4287198752322,3033.5712801247441,3033.5712801247441,16.600000000000001
117.25,116,3.6290109153357286,30.722314147083988,33.988799200464996,2.6073627173594547,0.1591268349102227,55.882185385311345,7.1914391440520671,55.17108671790087,17.988170943350216,218.01182905665053,0.58695751952192809,972.41304248047754,972.41304248047754,2138.5653835120238,3039.4346164879526,3039.4346164879526,16.600000000000001
117.5,116,3.6283982438742926,30.761858014091192,33.860565487269312,2.6022125637135227,0.15887453013262451,55.84865664818907,7.1878651289005253,55.341825641793889,17.83888230718869,218.16111769281198,0.57303781028873801,972.42696218971082,972.42696218971082,2132.7209688418052,3045.2790311581712,3045.2790311581712,16.600000000000001
117.75,116,3.6278487507709998,30.801545316190577,33.732651264149808,2.5970829010284593,0.15862438863855421,55.814898643372118,7.184263441106312,55.51247936170369,17.690919710777028,218.3090802892236,0.55945613546817197,972.44054386453138,972.44054386453138,2126.8954307757581,3051.1045692242183,3051.1045692242183,16.600000000000001
118,116,3.6273618734680646,30.841375496687988,33.605055976446707,2.5919734430401444,0.15837638067592391,55.780912806128597,7.1806341721583138,55.68304722154928,17.544271299292149,218.45572870070856,0.54620415611973561,972.45379584387967,972.45379584387967,2121.0887241674491,3056.9112758325273,3056.9112758325273,16.600000000000001
118.25,116,3.6269370554299165,30.881348002109057,33.477779075946692,2.586883907317457,0.15813047696324542,55.746700558181047,7.1769774141609224,55.853528567429613,17.39892531726667,218.60107468273401,0.53327374064664901,972.46672625935264,972.46672625935264,2115.3008038142284,3062.699196185748,3062.699196185748,16.600000000000001
118.5,116,3.6265737460748642,30.921462282154685,33.350820020787843,2.5818140152052789,0.15788664867989519,55.712263307885983,7.1732932598019499,56.02392274763799,17.254870107942409,218.74512989205826,0.52065695964427527,972.47934304035482,972.47934304035482,2109.5316244586461,3068.4683755413303,3068.4683755413303,16.600000000000001
118.75,116,3.6262714007075338,30.961717789656806,33.224178275365638,2.5767634917685638,0.1576448674566335,55.677602450411158,7.1695818023214466,56.19422911267548,17.112094112623531,218.88790588737712,0.50834608087505773,972.49165391912391,972.49165391912391,2103.7811407898762,3074.2188592101002,3074.2188592101002,16.600000000000001
119,116,3.6260294804520452,31.002113980534443,33.097853310239813,2.5717320657374603,0.15740510536636945,55.642719367910381,7.1658431354813086,56.364447015263622,16.970585870029531,219.02941412997114,0.49633356436693543,972.50366643563177,972.50366643563177,2098.0493074451711,3079.9506925548053,3079.9506925548053,16.600000000000001
119.25,116,3.6258474521859605,31.04265031375013,32.97184460204209,2.566719469453453,0.15716733491516502,55.607615429695976,7.1620773535357394,56.534575810356493,16.830334015648322,219.16966598435243,0.48461205763228959,972.51538794236626,972.51538794236626,2092.3360790113115,3085.6639209886648,3085.6639209886648,16.600000000000001
119.5,116,3.6257247884749373,31.083326251266456,32.846151633385055,2.5617254388165143,0.15693152903346938,55.572291992409312,7.1582845512024553,56.704614855152101,16.691327281089389,219.3086727189114,0.47317439100452741,972.5268256089937,972.5268256089937,2086.6414100260922,3091.3585899738841,3091.3585899738841,16.600000000000001
119.75,116,3.6256609675081499,31.124141258003011,32.720773892771653,2.5567497132332231,0.15669766106757899,55.536750400188708,7.154464823634739,56.87456350910297,16.553554493437179,219.44644550656363,0.46201357308948904,972.53798642690867,972.53798642690867,2080.9652549797966,3097.0347450201798,3097.0347450201798,16.600000000000001
120,116,3.6256554730343904,31.165094801793622,32.595710874505706,2.5517920355658439,0.15646570477131336,55.500991984835515,7.1506182663941953,57.044421133926321,16.417004574604892,219.58299542539595,0.45112278632891645,972.54887721366913,972.54887721366913,2075.3075683166944,3102.6924316832819,3102.6924316832819,16.600000000000001
120.25,116,3.6257077942989184,31.206186353343817,32.470962078603414,2.5468521520823506,0.15623563429790202,55.465018065977659,7.1467449754243111,57.214187093613248,16.281666540688736,219.71833345931216,0.44049538267329263,972.55950461732471,972.55950461732471,2069.6683044365518,3108.3316955634245,3108.3316955634245,16.600000000000001
120.5,116,3.6258174259809879,31.247415386188589,32.346527010705501,2.5419298124073562,0.1560074241920763,55.428829951231641,7.1428450470247302,57.383860754437571,16.14752950132273,219.8524704986782,0.4301248793614178,972.56987512063665,972.56987512063665,2064.0474176961443,3113.9525823038321,3113.9525823038321,16.600000000000001
120.75,116,3.6259838681320873,31.288781376650512,32.222405181990474,2.5370247694739438,0.15578104938235787,55.392428936361789,7.1389185778262556,57.553441484964054,16.014582659034328,219.98541734096662,0.42000495480414929,972.57999504519398,972.57999504519398,2058.4448624107808,3119.5551375891955,3119.5551375891955,16.600000000000001
121,116,3.6262066261148647,31.330283803798061,32.098596109088646,2.5321367794763696,0.15555648517354054,55.355816305437848,7.1349656647665691,57.722928656055885,15.882815308600687,220.11718469140018,0.41012944456979789,972.58987055542821,972.58987055542821,2052.8605928558254,3125.1394071441509,3125.1394071441509,16.600000000000001
121.25,116,3.6264852105427248,31.371922149404337,31.975099313996818,2.5272656018236312,0.15533370723935799,55.318993330990665,7.1309864050666265,57.892321640881811,15.752216836405902,220.24778316359496,0.40049233746871954,972.59950766252928,972.59950766252928,2047.2945632682452,3130.7054367317314,3130.7054367317314,16.600000000000001
121.5,116,3.6268191372201071,31.413695897906003,31.851914323994148,2.5224109990938621,0.15511269161533217,55.281961274165425,7.1269808962077565,58.061619814922395,15.622776719799244,220.37722328020163,0.3910877717347076,972.60891222826319,972.60891222826319,2041.7467278481456,3136.2532721518314,3136.2532721518314,16.600000000000001
121.75,116,3.6272079270834214,31.455604536362507,31.729040671558618,2.5175727369895609,0.15489341469179696,55.244721384873429,7.1229492359094122,58.230822555976069,15.494484526454498,220.50551547354635,0.38191003130084294,972.61808996869706,972.61808996869706,2036.2170407603178,3141.7829592396583,3141.7829592396583,16.600000000000001
122,116,3.6276511061426535,31.497647554415671,31.606477894284364,2.512750584293614,0.15467585320709304,55.207274901941688,7.118891522107579,58.399929244164561,15.367329913730439,220.63267008627037,0.37295354216751303,972.62704645783037,972.62704645783037,2030.70545613579,3147.2945438641868,3147.2945438641868,16.600000000000001
122.25,116,3.6281482054236101,31.539824444249543,31.484225534799815,2.5079443128261092,0.15445998424092655,55.169623053260523,7.1148078529338292,58.5689392619377,15.241302628032619,220.75869737196811,0.36421286886036497,972.63578713113748,972.63578713113748,2025.2119280733777,3152.7880719266,3152.7880719266,16.600000000000001
122.5,116,3.6286987609108006,31.582134700550544,31.36228314068671,2.5031536974019128,0.15424578520788898,55.131767055929593,7.1106983266949966,58.737851994077836,15.116392504176488,220.88360749582426,0.3556827109760084,972.64431728902184,972.64431728902184,2019.7364106412401,3158.263589358739,3158.263589358739,16.600000000000001
122.75,116,3.629302313490963,31.624577820467863,31.24065026439979,2.4983785157890122,0.15403323385113299,55.09370811640175,7.1065630418534598,58.906666827703773,14.992589464751985,221.00741053524871,0.34735789981333726,972.65264210018449,972.65264210018449,2014.2788578784384,3163.7211421215411,3163.7211421215411,16.600000000000001
123,116,3.6299584088972239,31.667153303574299,31.119326463187381,2.4936185486675764,0.15382230823619858,55.055447430625421,7.1024020970080457,59.075383152274298,14.869883519489607,221.13011648051108,0.33923339508838829,972.66076660490967,972.66076660490967,2008.8392237964922,3169.1607762034864,3169.1607762034864,16.600000000000001
123.25,116,3.6306665976538608,31.709860651827217,30.998311299012681,2.4888735795897583,0.15361298674498677,55.016986184184887,7.0982155908754914,59.244000359591098,14.748264764628106,221.25173523537254,0.33130428173069931,972.66869571826749,972.66869571826749,2003.417462380937,3174.5825376190414,3174.5825376190414,16.600000000000001
123.5,116,3.6314264350216905,31.752699369529925,30.877604338475891,2.4841433949401885,0.15340524806987579,54.978325552439031,7.0940036222724974,59.412517843801382,14.627723382283861,221.37227661771675,0.32356576675918663,972.67643423323921,972.67643423323921,1998.0135275928849,3179.9864724070935,3179.9864724070935,16.600000000000001
123.75,116,3.6322374809440605,31.795668963293302,30.757205152737018,2.4794277838971746,0.15319907120797507,54.93946670065818,7.0897662900983569,59.580935001400128,14.508249639822015,221.49175036017846,0.31601317623559666,972.68398682376244,972.68398682376244,1992.6273733705766,3185.3726266294043,3185.3726266294043,16.600000000000001
124,116,3.6330992999934386,31.838768941997746,30.637113317439514,2.4747265383945614,0.15299443545551514,54.900410784159405,7.085503693318107,59.749251231231753,14.389833889229372,221.61016611077113,0.30864195229364016,972.69135804770428,972.69135804770428,1987.2589536309376,3190.7410463690444,3190.7410463690444,16.600000000000001
124.25,116,3.6340114613185976,31.881998816755441,30.517328412634576,2.4700394530842678,0.15279132040236693,54.861158948439986,7.0812159309462421,59.917465934491403,14.272466566489253,221.72753343351118,0.30144765024196091,972.69855234975591,972.69855234975591,1981.9082222711338,3196.0917777288491,3196.0917777288491,16.600000000000001
124.5,116,3.6349735385923814,31.925358100872835,30.39785002270629,2.4653663252994669,0.15258970592668883,54.821712329309292,7.0769031020309328,60.085578514726144,14.15613819095824,221.84386180904215,0.29442593573913189,972.7055740642586,972.7055740642586,1976.5751331701163,3201.424866829866,3201.424866829866,16.600000000000001
124.75,116,3.6359851099600595,31.968846309813483,30.278677736297443,2.4607069550184035,0.15238957218969709,54.782072053019007,7.0725653056387792,60.253588377835456,14.040839364745015,221.95916063525542,0.28757258203891523,972.71242741795879,972.71242741795879,1971.2596401901728,3206.7403598098094,3206.7403598098094,16.600000000000001
125,116,3.6370457579882425,32.012462961161198,30.159811146236024,2.4560611448288379,0.1521908996305564,54.742239236391825,7.0682026408400507,60.421494932071496,13.926560772091205,222.07343922790923,0.28088346730406671,972.71911653269331,972.71911653269331,1965.9616971784676,3212.0383028215142,3212.0383028215142,16.600000000000001
125.25,116,3.6381550696143683,32.056207574583475,30.041249849462506,2.4514286998930936,0.15199366896138677,54.702214986948313,7.0638152066944473,60.589297588038995,13.813293178754407,222.1867068212461,0.27435457198700286,972.72564542801001,972.72564542801001,1960.6812579685788,3217.3187420314021,3217.3187420314021,16.600000000000001
125.5,116,3.6393126360967525,32.100079671795164,29.922993446957769,2.4468094279137134,0.151797861162384,54.662000403032593,7.0594031022372876,60.756995758694984,13.701027431393374,222.29897256860704,0.26798197627569026,972.73201802372193,972.73201802372193,1955.4182763820349,3222.5817236179473,3222.5817236179473,16.600000000000001
125.75,116,3.6405180529651844,32.144078776522612,29.805041543671848,2.4422031390996861,0.15160345747705142,54.621596573936074,7.0549664264662306,60.924588859347843,13.589754456955529,222.41024554304488,0.26176185760315612,972.73823814239438,972.73823814239438,1950.1727062298385,3227.8272937701413,3227.8272937701413,16.600000000000001
126,116,3.64177091997208,32.188204414467798,29.687393748453196,2.4376096461332626,0.15141043940753687,54.581004580019943,7.0505052783284041,61.092076307656399,13.479465262066691,222.52053473793376,0.25569048821905693,972.74430951177885,972.74430951177885,1944.9445013139946,3233.0554986859843,3233.0554986859843,16.600000000000001
126.25,116,3.643070841044159,32.232456113273038,29.570049673978776,2.4330287641373238,0.15121878871007624,54.540225492836022,7.0460197567080129,61.259457523628519,13.370150932423213,222.62984906757723,0.24976423282177765,972.75023576717592,972.75023576717592,1939.7336154290213,3238.2663845709581,3238.2663845709581,16.600000000000001
126.5,116,3.6444174242346778,32.276833402485877,29.453008936684768,2.4284603106432994,0.15102848739053709,54.499260375246237,7.0415099604143796,61.426731929619514,13.261802632186518,222.73819736781383,0.24397954624957222,972.75602045374785,972.75602045374785,1934.5400023634634,3243.4599976365166,3243.4599976365166,16.600000000000001
126.75,116,3.6458102816761753,32.321335813524271,29.336271156697933,2.42390410555964,0.15083951770006188,54.458110281540478,7.036975988170405,61.593898950330207,13.154411603380076,222.84558839662029,0.23833297122929412,972.76166702876822,972.76166702876822,1929.3636159013918,3248.6363840985869,3248.6363840985869,16.600000000000001
127,116,3.6472490295337452,32.36596287964209,29.219835957767732,2.4193599711408007,0.15065186213080656,54.416776257553224,7.0324179386014576,61.760958012804721,13.047969165288894,222.95203083471154,0.23282113618129244,972.76717886381641,972.76717886381641,1924.204409823903,3253.7955901760765,3253.7955901760765,16.600000000000001
127.25,116,3.6487332879588328,32.410714135894771,29.103702967198974,2.4148277319567533,0.15046550341177387,54.375259340778491,7.0278359102246588,61.927908546428078,12.94246671386157,223.05753328613895,0.22744075307909264,972.77255924691838,972.77255924691838,1919.0623379106044,3258.9376620893754,3258.9376620893754,16.600000000000001
127.5,116,3.6502626810435261,32.455589119105653,28.987871815785212,2.4103072148630043,0.15028042450473594,54.333560560483718,7.0232300014385629,62.094749982923474,12.837895721114844,223.16210427888572,0.22218861536250828,972.7778113846349,972.7778113846349,1913.9373539410933,3264.0626460588869,3264.0626460588869,16.600000000000001
127.75,116,3.651836836775368,32.500587367831969,28.872342137742773,2.4057982489711098,0.15009660860024762,54.291680937821951,7.018600310513273,62.261481756349326,12.734247734540899,223.26575226545967,0.21706159590286453,972.78293840409481,972.78293840409481,1908.8294116964305,3269.1705883035511,3269.1705883035511,16.600000000000001
128,116,3.653455386992662,32.545708422331728,28.757113570645366,2.4013006656196887,0.14991403911374465,54.249621485942797,7.0139469355808686,62.428103303096229,12.631514376517265,223.36848562348325,0.2120566450190455,972.78794335497878,972.78794335497878,1903.7384649606022,3274.2615350393794,3274.2615350393794,16.600000000000001
128.25,116,3.6551179673402712,32.590951824530613,28.642185755359378,2.3968142983458911,0.14973269968172567,54.207383210102094,7.0092699746262461,62.594614061883348,12.52968734371939,223.4703126562811,0.20717078854310891,972.79282921145477,972.79282921145477,1898.6644675219734,3279.3355324780077,3279.3355324780077,16.600000000000001
128.5,116,3.656824217225906,32.636317117989179,28.527558335979805,2.3923389828573609,0.14955257415801773,54.164967107770153,7.0045695254783142,62.761013473755035,12.42875840653601,223.57124159346444,0.20240112593424189,972.7975988740634,972.7975988740634,1893.6073731747335,3284.3926268252476,3284.3926268252476,16.600000000000001
128.75,116,3.6585737797768938,32.681803847870214,28.413230959766736,2.3878745570046473,0.14937364661011976,54.122374168738759,6.999845685801537,62.9273009820769,12.328719408487297,223.6712805915131,0.19774482843986041,972.80225517155816,972.80225517155816,1888.56713572033,3289.4328642796527,3289.4328642796527,16.600000000000001
129,116,3.6603663017974242,32.727411560906695,28.29920327708253,2.3834208607540659,0.14919590131562416,54.079605375226834,6.995098553087824,63.093476032531811,12.22956226564575,223.77043773435474,0.19319913730268551,972.80680086269524,972.80680086269524,1883.5437089688949,3294.4562910310897,3294.4562910310897,16.600000000000001
129.25,116,3.6622014337262732,32.773139805369809,28.185474941329534,2.3789777361610054,0.14901932275871502,54.036661701984855,6.9903282246487555,63.259538073115827,12.131278966059964,223.86872103394063,0.18876136201265625,972.8112386379853,972.8112386379853,1878.5370467406578,3299.4629532593258,3299.4629532593258,16.600000000000001
129.5,116,3.6640788295949873,32.818988131037251,28.072045608888473,2.3745450273436681,0.1488438956267383,53.99354411639802,6.9855347976081497,63.425486554133641,12.033861569181276,223.96613843081937,0.18442887860256738,972.81557112139569,972.81557112139569,1873.5471028673562,3304.4528971326276,3304.4528971326276,16.600000000000001
129.75,116,3.6659981469865306,32.864956089161879,27.958914939057333,2.370122580457235,0.14866960480684543,53.950253578588189,6.9807183688949204,63.591320928194179,11.937302205293276,224.06269779470736,0.18019912798634671,972.81980087201191,972.81980087201191,1868.5738311936248,3309.4261688063593,3309.4261688063593,16.600000000000001
130,116,3.667959046994389,32.911043232440583,27.846082593990943,2.3657102436684445,0.1484964353827059,53.906791041514509,6.975879035236261,63.757040650205802,11.841593074944264,224.15840692505637,0.17606961433891413,972.82393038565954,972.82393038565954,1863.6171855783812,3314.3828144216022,3314.3828144216022,16.600000000000001
130.25,116,3.6699611941821235,32.957249114983618,27.733548238641099,2.3613078671305883,0.14832437263128839,53.863157451073036,6.9710168931511438,63.922645177371535,11.746726448382631,224.25327355161792,0.17203790351658885,972.82796209648188,972.82796209648188,1858.6771198961992,3319.3228801037844,3319.3228801037844,16.600000000000001
130.5,116,3.6720042565433708,33.003573292283818,27.621311540697199,2.3569153029588956,0.14815340201970834,53.819353746194871,6.9661320389441022,64.088133969183929,11.652694664995213,224.34730533500527,0.16810162151703753,972.83189837848113,972.83189837848113,1853.7535880386708,3324.2464119613123,3324.2464119613123,16.600000000000001
130.75,116,3.6740879054622857,33.050015321186507,27.50937217052757,2.3525324052063312,0.14798350920214057,53.775380858943407,6.9612245686993095,64.253506487419941,11.559490132748689,224.44050986725182,0.1642584529777793,972.83574154702001,972.83574154702001,1848.8465439157569,3329.1534560842269,3329.1534560842269,16.600000000000001
131,116,3.6762118156744203,33.096574759859507,27.39772980112129,2.3481590298397519,0.14781468001679482,53.731239714610233,6.9562945782749095,64.418762196135731,11.467105327633931,224.53289467236658,0.16050613971228941,972.83949386028519,972.83949386028519,1843.9559414571254,3334.0440585428582,3334.0440585428582,16.600000000000001
131.25,116,3.6783756652280277,33.143251167763317,27.286384108030596,2.3437950347164662,0.14764690048295293,53.686931231809929,6.9513421632976762,64.58390056166111,11.375532793113399,224.62446720688709,0.15684247928276604,972.84315752071484,972.84315752071484,1839.0817346134795,3338.9182653865037,3338.9182653865037,16.600000000000001
131.5,116,3.6805791354458033,33.190044105621844,27.175334769313814,2.3394402795611544,0.14748015679806625,53.642456322573814,6.9463674191578955,64.748921052594,11.284765139571647,224.71523486042881,0.15326532360864561,972.84673467638913,972.84673467638913,1834.2238773578754,3343.776122642108,3343.776122642108,16.600000000000001
131.75,116,3.6828219108870353,33.236953135393058,27.064581465478856,2.3350946259431526,0.14731443533491209,53.597815892442505,6.9413704410045201,64.913823139794829,11.194795043768833,224.80520495623162,0.14977257760997723,972.85022742238777,972.85022742238777,1829.3823236870251,3348.6176763129597,3348.6176763129597,16.600000000000001
132,116,3.6851036793101826,33.283977820240224,26.954123879427353,2.3307579372540945,0.14714972263880652,53.553010840557391,6.9363513237405749,65.078606296380585,11.105615248297392,224.89438475170303,0.14636219788478835,972.85363780211333,972.85363780211333,1824.5570276225865,3353.4429723773978,3353.4429723773978,16.600000000000001
132.25,116,3.6874241316358565,33.331117724503144,26.843961696399116,2.3264300786859105,0.14698600542487356,53.508042059750913,6.9313101620188169,65.243269997719167,11.017218561041732,224.98278143895877,0.14303219141959203,972.85696780857847,972.85696780857847,1819.7479432124476,3358.2520567875363,3358.2520567875363,16.600000000000001
132.5,116,3.6897829619102178,33.378372413669943,26.734094603917413,2.3221109172091601,0.14682327057536876,53.462910436635994,6.9262470502376399,65.407813721423167,10.929597854641136,225.07040214535931,0.13978061433221015,972.86021938566603,972.86021938566603,1814.9550245319913,3363.0449754679926,3363.0449754679926,16.600000000000001
132.75,116,3.6921798672687682,33.425741454348909,26.624522291734511,2.3178003215517067,0.14666150513705609,53.41761685169427,6.921162082537184,65.572236947343995,10.842746065955744,225.15725393404466,0.13660557064610654,972.86339442935196,972.86339442935196,1810.1782256853528,3367.8217743146288,3367.8217743146288,16.600000000000001
133,116,3.6946145479005517,33.473224414240612,26.515244451777932,2.3134981621777304,0.1465006963186363,53.372162179363187,6.9160553527957127,65.736539157565531,10.756656195535717,225.24334380446473,0.13350521109544314,972.86649478890274,972.86649478890274,1805.4175008066611,3372.5824991933218,3372.5824991933218,16.600000000000001
133.25,116,3.6970867070127325,33.520820862110419,26.40626077809717,2.3092043112670568,0.14634083148822588,53.326547288122292,6.9109269546261674,65.900719836397812,10.671321307093534,225.328678692907,0.13047773196009121,972.86952226803828,972.86952226803828,1800.6728040612693,3377.3271959387112,3377.3271959387112,16.600000000000001
133.5,116,3.6995960507955847,33.568530367761198,26.29757096681082,2.3049186426948087,0.14618189817088589,53.280773040578246,6.905776981372977,66.064778470370968,10.586734526979491,225.41326547302114,0.12752137392984969,972.87247862606898,972.87247862606898,1795.944089646975,3382.0559103530045,3382.0559103530045,16.600000000000001
133.75,116,3.7021422883878472,33.616352502006222,26.189174716054474,2.3006410320113662,0.14602388404619893,53.234840293549084,6.9006055261090529,66.228714548228567,10.502889043660378,225.49711095634032,0.12463442099714146,972.87536557900194,972.87536557900194,1791.2313117952235,3386.7686882047542,3386.7686882047542,16.600000000000001
134,116,3.7047251318424723,33.664286836642496,26.081071725928815,2.2963713564226422,0.14586677694589295,53.188749898147215,6.8954126816330046,66.392527560921138,10.419778107201326,225.5802218927993,0.12181519937747397,972.87818480062128,972.87818480062128,1786.5344247723028,3391.4655752276731,3391.4655752276731,16.600000000000001
134.25,116,3.707344296092745,33.712332944424091,25.973261698448486,2.2921094947706568,0.14571056485151118,53.14250269986173,6.8901985404665336,66.556217001599805,10.337395028750857,225.66260497124978,0.11906207645697102,972.88093792354175,972.88093792354175,1781.8533828805209,3396.1466171194556,3396.1466171194556,16.600000000000001
134.5,116,3.7099994989187808,33.760490399036009,25.865744337491225,2.2878553275144049,0.14555523589212746,53.096099538639415,6.8849631948520225,66.719782365609561,10.255733180029178,225.7442668199715,0.11637345976629795,972.88362654023263,972.88362654023263,1777.1881404593746,3400.8118595406036,3400.8118595406036,16.600000000000001
134.75,116,3.7126904609143803,33.808758775068199,25.758519348747704,2.2836087367110158,0.14540077834210424,53.049541248965056,6.8797067367503386,66.883223150482536,10.174785992819636,225.82521400718107,0.11374779598031973,972.88625220401832,972.88625220401832,1772.538651886701,3405.4613481132774,3405.4613481132774,16.600000000000001
135,116,3.7154169054542678,33.857137647989674,25.651586439671711,2.2793696059971951,0.14524718061889513,53.002828659940704,6.8744292578387878,67.046538855931416,10.094546958463441,225.90545304153733,0.11118356994284749,972.88881643005584,972.88881643005584,1767.9048715798217,3410.0951284201551,3410.0951284201551,16.600000000000001
135.25,116,3.7181785586616667,33.90562659412322,25.544945319430905,2.2751378205709565,0.14509443128088778,52.955962595364014,6.869130849509248,67.209728983842723,10.015009627357594,225.98499037264321,0.10867930371584571,972.89132069628306,972.89132069628306,1763.286753996671,3414.7132460033049,3414.7132460033049,16.600000000000001
135.5,116,3.720975149376248,33.954225190620036,25.438595698857981,2.2709132671736127,0.14494251902528893,52.908943873805541,6.8638116028664955,67.372793038269833,9.9361676084560138,226.06383239154468,0.10623355565248681,972.8937664443464,972.8937664443464,1758.6842536369113,3419.3157463630655,3419.3157463630655,16.600000000000001
135.75,116,3.7238064091224246,34.002933015434792,25.332537290402311,2.2666958340720589,0.14479143268604852,52.861773308685386,6.8584716087266875,67.535730525426189,9.8580145687739584,226.14198543122669,0.10384491949345573,972.89615508050554,972.89615508050554,1754.097325043032,3423.9026749569448,3423.9026749569448,16.600000000000001
136,116,3.726672072077998,34.05174964730088,25.22676980808221,2.2624854110412911,0.14464116123182333,52.814451708348713,6.8531109576159928,67.698540953678602,9.78054423289562,226.21945576710488,0.10151202348592198,972.89848797651302,972.89848797651302,1749.5259228014434,3428.474077198533,3428.474077198533,16.600000000000001
136.25,116,3.7295718750431459,34.100674665706059,25.121292967437444,2.2582818893472179,0.14449169376397877,52.766979876140319,6.8477297397693961,67.861223833540322,9.7037503824849995,226.29624961751549,0.099233529524610148,972.90076647047431,972.90076647047431,1744.970001543551,3433.0299984564253,3433.0299984564253,16.600000000000001
136.5,116,3.7325055574097501,34.149707650868066,25.016106485482343,2.2540851617296949,0.144343019514628,52.719358610478594,6.8423280451296575,68.023778677663756,9.6276268558000098,226.3723731442004,0.097008132314415643,972.90299186768482,972.90299186768482,1740.4295159468165,3437.570484053158,3437.570484053158,16.600000000000001
136.75,116,3.7354728611310613,34.198848183710723,24.911210080659373,2.2498951223858419,0.14419512784470742,52.671588704928389,6.8369059633463989,68.186205000833937,9.5521675472098,226.44783245279066,0.094834558554024243,972.90516544144521,972.90516544144521,1735.9044207358149,3442.0955792641589,3442.0955792641589,16.600000000000001
137,116,3.7384735306917061,34.248095845840247,24.806603472793139,2.2457116669535746,0.14404800824208808,52.623670948273102,6.8314635837753546,68.348502319961369,9.4773664067153245,226.52263359328512,0.092711566140009416,972.90728843385898,972.90728843385898,1731.3946706832633,3446.605329316711,3446.605329316711,16.600000000000001
137.25,116,3.7415073130780119,34.297450219521721,24.702286383044793,2.2415346924954092,0.14390165031972174,52.575606124585839,6.8260009954777496,68.510670154075072,9.4032174394731847,226.59678256052737,0.090637943390892123,972.90936205660807,972.90936205660807,1726.9002206110506,3451.0997793889237,3451.0997793889237,16.600000000000001
137.5,116,3.7445739577486585,34.346910887655902,24.598258533866975,2.2373640974824749,0.14375604381382098,52.527395013299881,6.8205182872198336,68.672708024315682,9.3297147053226581,226.67028529467785,0.088612508290663791,972.91138749170796,972.91138749170796,1722.4210253912458,3455.5789746087285,3455.5789746087285,16.600000000000001
137.75,116,3.7476732166056608,34.396477433756189,24.494519648959169,2.2331997817787874,0.14361117858207331,52.47903838927801,6.8150155474725045,68.834615453928123,9.2568523183159925,226.7431476816846,0.086634107751282094,972.91336589224704,972.91336589224704,1717.9570399471002,3460.0429600528755,3460.0429600528755,16.600000000000001
138,116,3.7508048439656663,34.446149441925904,24.391069453223505,2.2290416466257295,0.14346704460188689,52.430537022881531,6.8094928644111068,68.99639196825494,9.1846244462519149,226.81537555374865,0.0847016168936639,972.91529838310532,972.91529838310532,1713.5082192540269,3464.4917807459483,3464.4917807459483,16.600000000000001
138.25,116,3.7539685965315641,34.495926496835807,24.287907672720952,2.2248895946267688,0.14332363196866907,52.381891680037896,6.8039503259153156,69.158037094729053,9.1130253102123966,226.88697468978808,0.082813938346710692,972.91718606165227,972.91718606165227,1709.0745183405777,3468.9254816593966,3468.9254816593966,16.600000000000001
138.5,116,3.7571642333644082,34.545808183701823,24.185034034628032,2.2207435297323874,0.14318093089413547,52.333103122307953,6.7983880195691624,69.319550362866977,9.0420491841026216,226.95795081589776,0.080970001563913332,972.91902999843524,972.91902999843524,1704.6558922894008,3473.3441077105731,3473.3441077105731,16.600000000000001
138.75,116,3.7603915158556496,34.595794088263034,24.08244826719389,2.2166033572252446,0.14303893170465048,52.284172106952127,6.7928060326611659,69.480931304261603,8.9716903941941801,227.02830960580621,0.079168762157094577,972.92083123784198,972.92083123784198,1700.2522962381863,3477.747703761785,3477.747703761785,16.600000000000001
139,116,3.7636502076996763,34.645883796759854,23.980150099697845,2.2124689837055316,0.14289762483959662,52.235099386996069,6.7872044521845769,69.642179452575135,8.9019433186714743,227.09805668132907,0.07740920124685792,972.92259079875271,972.92259079875271,1695.8636853806017,3482.1363146193689,3482.1363146193689,16.600000000000001
139.25,116,3.7669400748666528,34.696076895912569,23.878139262407334,2.2083403170765514,0.14275700084977377,52.185885711295185,6.7815833648377204,69.803294343532187,8.8328023871813759,227.16719761281908,0.075690324829324182,972.92430967517043,972.92430967517043,1691.490014967211,3486.5099850327592,3486.5099850327592,16.600000000000001
139.5,116,3.7702608855756474,34.746372972899998,23.776415486536301,2.2042172665304984,0.14261705039582659,52.136531824598777,6.7759428570244795,69.964275514912856,8.7642620803860165,227.23573791961448,0.074011163158744842,972.92598883684082,972.92598883684082,1687.131240306383,3490.8687596935865,3490.8687596935865,16.600000000000001
139.75,116,3.773612410268075,34.796771615338407,23.67497850420397,2.20009974253444,0.14247776424670097,52.087038467613112,6.7702830148548321,70.125122506545665,8.6963169295188614,227.30368307048167,0.072370770145593871,972.92762922985412,972.92762922985412,1682.7873167651883,3495.2126832347813,3495.2126832347813,16.600000000000001
140,116,3.7769944215814193,34.847272411260704,23.573828048394077,2.195987656816496,0.14233913327812645,52.037406377063967,6.7646039241455069,70.285834860300511,8.6289615159439066,227.37103848405656,0.070768222769748673,972.92923177722992,972.92923177722992,1678.4581997702794,3499.5418002296888,3499.5418002296888,16.600000000000001
140.25,116,3.7804066943232413,34.897874949095851,23.472963852914482,2.1918809223522189,0.14220114847112628,51.987636285758249,6.7589056704207504,70.446412120081831,8.5621904707181198,227.43780952928225,0.069202620508380205,972.9307973794912,972.9307973794912,1674.1438448087622,3503.8561551912057,3503.8561551912057,16.600000000000001
140.5,116,3.7838490054454779,34.948578817648531,23.372385652357227,2.187779453351153,0.14206380091055401,51.937728922644958,6.7531883389131515,70.606853831821596,8.4959984741570178,227.50400152584328,0.067673084778182596,972.93232691522121,972.93232691522121,1669.8442074290506,3508.1557925709153,3508.1557925709153,16.600000000000001
140.75,116,3.7873211340190274,34.999383606078936,23.272093182058928,2.1836831652435968,0.14192708178365532,51.887685012875473,6.7474520145645833,70.767159543472417,8.4303802554034526,227.56961974459691,0.066178758391581341,972.93382124160814,972.93382124160814,1665.559243241717,3512.440756758248,3512.440756758248,16.600000000000001
141,116,3.790822861208603,35.050288903882922,23.172086178061658,2.1795919746675421,0.14179098237865473,51.837505277862974,6.7416967820272085,70.927328805000627,8.365330591999518,227.63466940800083,0.064718805026568654,972.93528119497307,972.93528119497307,1661.2889079203187,3516.7110920796458,3516.7110920796458,16.600000000000001
141.25,116,3.7943539702478706,35.101294300872368,23.072364377074177,2.1755057994557876,0.14165549408336781,51.787190435341302,6.7359227256645831,71.087361168379459,8.3008443094616524,227.6991556905387,0.06329240870982232,972.9367075912902,972.9367075912902,1657.0331572022201,3520.9668427977435,3520.9668427977435,16.600000000000001
141.5,116,3.7979142464148619,35.152399387155754,22.972927516433543,2.1714245586232521,0.14152060838383704,51.736741199423022,6.7301299295528381,71.247256187582167,8.2369162808588925,227.76308371914146,0.061898773312774956,972.93810122668697,972.93810122668697,1652.7919468894013,3525.2080531105621,3525.2080531105621,16.600000000000001
141.75,116,3.8015034770076475,35.20360375311887,22.873775334067219,2.1673481723544401,0.14138631686299138,51.68615828065677,6.7243184774819191,71.407013418575303,8.1735414263941983,227.82645857360612,0.060537122060306404,972.93946287793983,972.93946287793983,1648.5652328492517,3529.4347671507112,3529.4347671507112,16.600000000000001
142,116,3.805121451320288,35.254906989405903,22.774907568455411,2.1632765619910894,0.14125261119932905,51.635442386084101,6.7184884529569162,71.566632419311816,8.1107147129889832,227.88928528701135,0.059206697051742307,972.94079330294846,972.94079330294846,1644.3529710153534,3533.6470289846088,3533.6470289846088,16.600000000000001
142.25,116,3.8087679606190425,35.306308686900728,22.676323958593937,2.1592096500199949,0.14111948316562281,51.584594219295361,6.7126399391994802,71.72611274972428,8.0484311538707267,227.95156884612948,0.057906758793849038,972.94209324120618,972.94209324120618,1640.1551173882538,3537.8448826117096,3537.8448826117096,16.600000000000001
142.5,116,3.8124427981188398,35.357808436708225,22.578024243957376,2.1551473600609832,0.14098692462764775,51.533614480485049,6.7067730191492574,71.885453971718363,7.9866858081636956,228.01331419183663,0.056636585745522584,972.94336341425435,972.94336341425435,1635.97162803622,3542.0283719637437,3542.0283719637437,16.600000000000001
142.75,116,3.8161457589600087,35.409405830136215,22.480008164462706,2.1510896168550677,0.14085492754293064,51.482503866506519,6.7008877754654357,72.044655649166017,7.9254737804827542,228.07452621951748,0.055395473873877457,972.94460452612589,972.94460452612589,1631.802459095991,3546.1975409039746,3546.1975409039746,16.600000000000001
143,116,3.8198766401852722,35.461100458677215,22.382275460433252,2.1470363462527464,0.14072348395952083,51.431263070925986,6.6949842905283452,72.203717347898859,7.8647902205302858,228.13520977946988,0.054182736221448077,972.94581726377885,972.94581726377885,1627.6475667735083,3550.3524332264587,3550.3524332264587,16.600000000000001
143.25,116,3.8236352407169809,35.512891913990664,22.284825872562994,2.1429874752024758,0.14059258601478222,51.379892784075842,6.6890626464411032,72.362638635701572,7.804630322696168,228.195369677304,0.052997702484223259,972.94700229751641,972.94700229751641,1623.5069073446405,3554.4930926553279,3554.4930926553279,16.600000000000001
143.5,116,3.8274213613346051,35.564779787885172,22.187659141881326,2.1389429317392832,0.14046222593420457,51.328393693107429,6.683122925031328,72.521419082305201,7.7449893256608098,228.25501067433939,0.051839718600240753,972.94816028140019,972.94816028140019,1619.3804371558949,3558.6195628440742,3558.6195628440742,16.600000000000001
143.75,116,3.8312348046524671,35.616763672301374,22.09077500971809,2.1349026449735433,0.14033239603023639,51.276766482043072,6.6771652078529051,72.680058259380928,7.6858625120012523,228.31413748799906,0.050708146348475994,972.94929185365186,972.94929185365186,1615.2681126251171,3562.7318873748509,3562.7318873748509,16.600000000000001
144,116,3.8350753750977358,35.668843159294518,21.9941732176691,2.1308665450798983,0.14020308870113685,51.225011831827409,6.6711895761878184,72.838555740533423,7.6272452078003079,228.37275479220003,0.049602362957765822,972.95039763704233,972.95039763704233,1611.1698902421765,3566.8301097577914,3566.8301097577914,16.600000000000001
144.25,116,3.8389428788886373,35.721017841017563,21.897853507561901,2.1268345632863324,0.1400742964298469,51.173130420378321,6.6651961110480196,72.996911101294373,7.5691327822587056,228.43086721774154,0.048521760725514555,972.95147823927482,972.95147823927482,1607.085726569645,3570.9142734303236,3570.9142734303236,16.600000000000001
144.5,116,3.84283712401293,35.773287309704493,21.801815621422008,2.1228066318633747,0.13994601178287916,51.121122922637014,6.6591848931773461,73.15512391911615,7.5115206473102827,228.48847935268995,0.047465746645935725,972.95253425335443,972.95253425335443,1603.0155782434611,3574.9844217565078,3574.9844217565078,16.600000000000001
144.75,116,3.8467579202066013,35.825651157653688,21.706059301439424,2.1187826841134645,0.13981822740922661,51.068990010617711,6.6531560030534926,73.313193773365469,7.4544042572401565,228.54559574276007,0.046433742047589786,972.95356625795273,972.95356625795273,1598.9594019735821,3579.0405980263854,3579.0405980263854,16.600000000000001
145,116,3.8507050789328039,35.87810897721176,21.610584289935588,2.1147626543604443,0.13969093603928986,51.016732353456398,6.6471095208900364,73.471120245317067,7.3977791083058948,228.6022208916944,0.045425182239983271,972.95457481776066,972.95457481776066,1594.9171545446286,3583.0828454553389,3583.0828454553389,16.600000000000001
145.25,116,3.8546784133610275,35.930660360757372,21.515390329330589,2.1107464779391942,0.13956413048382116,50.964350617459317,6.6410455266384743,73.62890291814746,7.3416407383616527,228.65835926163854,0.044439516169001367,972.95556048383173,972.95556048383173,1590.888792816512,3587.1112071834546,3587.1112071834546,16.600000000000001
145.5,116,3.8586777383464907,35.983304900685319,21.420477162110878,2.1067340911853942,0.13943780363288674,50.911845466150645,6.6349640999903317,73.786541376928739,7.2859847264852746,228.71401527351489,0.043476206080951679,972.95652379391993,972.95652379391993,1586.8742737250568,3591.1257262749091,3591.1257262749091,16.600000000000001
145.75,116,3.8627028704097688,36.036042189391026,21.325844530797145,2.1027254314254318,0.13931194845484624,50.859217560319649,6.6288653203793153,73.944035208622466,7.2308066926083647,228.76919330739193,0.042534727195001676,972.95746527280596,972.95746527280596,1582.8735542826093,3595.126445717357,3595.126445717357,16.600000000000001
146,116,3.866753627716641,36.088871819254969,21.231492177912759,2.0987204369664285,0.13918655799534832,50.806467558067332,6.6227492669834644,74.101384002073459,7.1761022971492512,228.82389770285107,0.041614567383799136,972.95838543261686,972.95838543261686,1578.8865915786332,3599.1134084213331,3599.1134084213331,16.600000000000001
146.25,116,3.8708298300581645,36.141793382627476,21.137419845952369,2.0947190470864054,0.13906162537634306,50.753596114852328,6.6166160187273597,74.258587348003985,7.1218672406489159,228.87813275935142,0.040715226862069048,972.95928477313919,972.95928477313919,1574.9133427802976,3603.0866572196678,3603.0866572196678,16.600000000000001
146.5,116,3.8749312988309605,36.194806471813791,21.043627277350897,2.0907212020245542,0.1389371437951111,50.700603883536296,6.6104656542843907,74.415644839007484,7.0680972634098067,228.93190273659056,0.039836217882986372,972.96016378211823,972.96016378211823,1570.9537651330538,3607.046234866913,3607.046234866913,16.600000000000001
146.75,116,3.8790578570177248,36.247910679059181,20.950114214453059,2.0867268429716623,0.13881310652330778,50.64749151442885,6.6042982520790128,74.572556069542841,7.0147881451375422,228.98521185486285,0.038977064442128513,972.96102293555896,972.96102293555896,1567.0078159611996,3610.9921840387665,3610.9921840387665,16.600000000000001
147,116,3.8832093291679528,36.301105596534342,20.856880399482876,2.0827359120606364,0.13868950690602305,50.594259655331754,6.5981138902890448,74.72932063592836,6.961935704585497,229.03806429541487,0.038137301988817186,972.96186269801262,972.96186269801262,1563.0754526684334,3614.9245473315323,3614.9245473315323,16.600000000000001
147.25,116,3.8873855413788725,36.354390816321157,20.763925574513916,2.0787483523571506,0.13856633836085702,50.540908951582672,6.5919126468480309,74.885938136336065,6.9095357992022644,229.09046420079804,0.037316477144663025,972.96268352285654,972.96268352285654,1559.1566327384005,3618.843367261567,3618.843367261567,16.600000000000001
147.5,116,3.8915863212765931,36.407765930398298,20.671249481439556,2.0747641078504167,0.13844359437701009,50.487440046098364,6.5856945994475753,75.042408170785748,6.857584324781949,229.14241567521836,0.036514147429132005,972.96348585257203,972.96348585257203,1555.2513137352248,3622.7486862647452,3622.7486862647452,16.600000000000001
147.75,116,3.8958114979974567,36.461230530627503,20.578851861943736,2.0707831234440679,0.13832126851438781,50.433853579417267,6.5794598255397299,75.198730341139452,6.8060772151173108,229.19392278488306,0.035729880991956516,972.96427011900937,972.96427011900937,1551.3594533040323,3626.6405466959404,3626.6405466959404,16.600000000000001
148,116,3.9000609021696029,36.514784208739655,20.486732457472076,2.0668053449471575,0.13819935440272002,50.380150189741578,6.5732084023394179,75.354904251095732,6.7550104416556973,229.24498955834471,0.034963256352219321,972.96503674364897,972.96503674364897,1547.4810091714646,3630.5189908285079,3630.5189908285079,16.600000000000001
148.25,116,3.9043343658947278,36.568426556321334,20.394891009203207,2.0628307190652619,0.13807784574069412,50.326330512978714,6.5669404068268564,75.510929506183928,6.7043800131578353,229.29561998684258,0.034213862143941814,972.96578613785732,972.96578613785732,1543.6159391461842,3634.3840608537889,3634.3840608537889,16.600000000000001
148.5,116,3.9086317227300595,36.622157164801393,20.303327258020477,2.0588591933917062,0.13795673629510322,50.272395182782489,6.5606559157500115,75.666805713758848,6.6541819753593519,229.34581802464106,0.033481296868013211,972.96651870313326,972.96651870313326,1539.7642011193641,3638.2357988806116,3638.2357988806116,16.600000000000001
148.75,116,3.9129528076705125,36.675975625437921,20.212040944484126,2.0548907163988877,0.13783601990000605,50.218344830593423,6.5543550056270599,75.822532482995101,6.6044124106350965,229.39558758936536,0.032765168650301005,972.96723483135099,972.96723483135099,1535.9257530651698,3642.0742469348061,3642.0742469348061,16.600000000000001
149,116,3.9172974571310557,36.729881529305274,20.121031808803522,2.0509252374297087,0.13771569045590171,50.164180085678801,6.548037752748888,75.978109424881822,6.5550674376662421,229.4449325623342,0.03206509500578715,972.96793490499567,972.96793490499567,1532.100553041239,3645.8994469587356,3645.8994469587356,16.600000000000001
149.25,116,3.9216655089292725,36.783874467281393,20.030299590809882,2.0469627066891123,0.1375957419289168,50.109901575172046,6.5417042331815978,76.13353615221709,6.5061432111100928,229.49385678889035,0.031380702608578059,972.96861929739282,972.96861929739282,1528.2885591891375,3649.7114408108368,3649.7114408108368,16.600000000000001
149.5,116,3.9260568022681057,36.837954030035249,19.939844029929375,2.0430030752357271,0.13747616835000614,50.055509924111647,6.5353545227690262,76.288812279602851,6.4576359212726224,229.54236407872784,0.03071162706764121,972.96928837293342,972.96928837293342,1524.4897297348168,3653.5102702651548,3653.5102702651548,16.600000000000001
149.75,116,3.9304711777188106,36.892119808014499,19.849664865156431,2.0390462949736006,0.13735696381416485,50.001005755479618,6.5289886971352846,76.443937423439465,6.4095417937837489,229.59045820621668,0.030057512708123627,972.96994248729288,972.96994248729288,1520.7040229890583,3657.2959770109123,3657.2959770109123,16.600000000000001
150,116,3.9349084772040772,36.946371391433495,19.75976183502738,2.0350923186440464,0.13723812247965408,49.946389690239421,6.5226068316872921,76.598911201920728,6.3618570892752944,229.63814291072518,0.02941801235811212,972.97058198764284,972.97058198764284,1516.9313973479047,3661.0686026520661,3661.0686026520661,16.600000000000001
150.25,116,3.9393685439813484,37.000708370261265,19.670134677594458,2.0311410998175736,0.13711963856723841,49.891662347373256,6.5162090016173506,76.753733235028633,6.3145781030616144,229.68542189693895,0.028792787140698519,972.97120721286092,972.97120721286092,1513.1718112930871,3664.8281887068852,3664.8281887068852,16.600000000000001
150.5,116,3.9438512226263343,37.055130334209863,19.580783130400093,2.0271925928859265,0.13700150635943509,49.836824343919112,6.5097952819057134,76.908403144528208,6.2677011648228929,229.73229883517772,0.028181506271216138,972.97181849373055,972.97181849373055,1509.4252233924417,3668.574776607531,3668.574776607531,16.600000000000001
150.75,116,3.9483563590166844,37.109636872722881,19.49170693045151,2.0232467530542086,0.13688372019977504,49.781876295007109,6.503365747323155,77.062920553962726,6.2212226382911009,229.7787773617095,0.027583846859517765,972.97241615314238,972.97241615314238,1505.6915923003146,3672.3084076996593,3672.3084076996593,16.600000000000001
151,116,3.9528838003158691,37.164227574964073,19.40290581419568,2.0193035363331049,0.13676627449207573,49.726818813895548,6.4969204724335636,77.217285088648509,6.1751389209385721,229.824861079062,0.026999493717168116,972.97300050628519,972.97300050628519,1501.9708767579605,3676.0291232420141,3676.0291232420141,16.600000000000001
151.25,116,3.9574333949572207,37.218902029806337,19.314379517494523,2.0153628995311883,0.13664916369972507,49.67165251200624,6.4904595315965397,77.371496375670333,6.1294464436691953,229.87055355633134,0.026428139169427472,972.97357186083332,972.97357186083332,1498.2630355939291,3679.7369644060445,3679.7369644060445,16.600000000000001
151.5,116,3.9620049926281573,37.273659825820772,19.226127775600467,2.0114248002473225,0.13653238234497592,49.616377998959472,6.4839829989699886,77.525554043876269,6.0841416705122189,229.91585832948829,0.02586948287190563,972.97413051713102,972.97413051713102,1494.5680277244483,3683.4319722755254,3683.4319722755254,16.600000000000001
151.75,116,3.9665984442545863,37.328500551265961,19.138150323132287,2.0074891968631525,0.136415925008253,49.560995882608765,6.4774909485127239,77.67945772387327,6.0392210983186212,229.96077890168181,0.025323231631769368,972.97467676837073,972.97467676837073,1490.885812153791,3687.1141878461826,3687.1141878461826,16.600000000000001
152,116,3.9712136019854767,37.383423794077451,19.05044689405128,2.0035560485356774,0.13629978632746853,49.505506769074636,6.4709834539870892,77.833207048022359,5.9946812564600718,230.00531874354033,0.024789099233388491,972.97521090076918,972.97521090076918,1487.2163479746387,3690.7836520253359,3690.7836520253359,16.600000000000001
152.25,116,3.9758503191776065,37.438429141857561,18.963017221637692,1.9996253151899095,0.13618396099735003,49.449911262778258,6.4644605889615576,77.986801650433762,5.9505187065304135,230.04948129347002,0.024266806268309113,972.97573319373441,972.97573319373441,1483.5595943684332,3694.440405631542,3694.440405631542,16.600000000000001
152.5,116,3.9805084503804813,37.493516181865111,18.875861038467502,1.9956969575116232,0.13606844376877741,49.394209966474705,6.457922426813349,78.140241166962696,5.9067300420496958,230.0932699579507,0.023756079969445502,972.97624392003343,972.97624392003343,1479.9155106057219,3698.0844893942517,3698.0844893942517,16.600000000000001
152.75,116,3.9851878513214127,37.54868450100556,18.788978076389444,1.9917709369401753,0.13595322944813154,49.338403481285368,6.4513690407310476,78.293525235204356,5.8633118881707427,230.13668811182959,0.023256654049384415,972.97674334595388,972.97674334595388,1476.2840560464965,3701.715943953478,3701.715943953478,16.600000000000001
153,116,3.9898883788907775,37.603933685821332,18.702368066502476,1.987847215661414,0.13583831289665033,49.282492406730483,6.4448005037172136,78.44665349449032,5.820260901388191,230.17973909861215,0.022768268542698693,972.97723173146062,972.97723173146062,1472.6651901405153,3705.3348098594583,3705.3348098594583,16.600000000000001
153.25,116,3.9946098911274261,37.659263322482197,18.616030739133279,1.9839257566006672,0.13572368902979762,49.226477340760567,6.4382168885910014,78.599625585883217,5.7775737692500435,230.22242623075019,0.022290669652169491,972.97770933035122,972.97770933035122,1469.0588724276276,3708.9411275723451,3708.9411275723451,16.600000000000001
153.5,116,3.9993522472042637,37.714672996775981,18.529965823814337,1.9800065234158046,0.13560935281663936,49.170358879787976,6.4316182679907712,78.752441152172977,5.7352472100716616,230.26475278992859,0.021823609598818888,972.97817639040454,972.97817639040454,1465.4650625380823,3712.5349374618895,3712.5349374618895,16.600000000000001
153.75,116,4.0041153074139935,37.770162294099443,18.444173049262091,1.9760894804903817,0.13549529927923051,49.114137618717578,6.4250047143766906,78.90509983787247,5.6932779726522469,230.30672202734809,0.021366846475657286,972.97863315352743,972.97863315352743,1461.8837201928307,3716.1162798071405,3716.1162798071405,16.600000000000001
154,116,4.0088989331550158,37.825730799449296,18.358652143355584,1.972174592926853,0.13538152349201063,49.057814150977435,6.4183763000333567,79.057601289213167,5.651662835993724,230.34833716400652,0.020920144105052375,972.97907985589791,972.97907985589791,1458.314805203823,3719.6851947961472,3719.6851947961472,16.600000000000001
154.25,116,4.0137029869174832,37.88137809741346,18.273402833115256,1.9682618265398695,0.13526802058120899,49.001389068548562,6.411733097072382,79.209945154141124,5.6103986090220772,230.38960139097824,0.020483271899628831,972.97951672810336,972.97951672810336,1454.7582774742937,3723.2417225256777,3723.2417225256777,16.600000000000001
154.5,116,4.0185273322695254,37.937103772162466,18.188424844681975,1.9643511478496378,0.1351547857242581,48.94486296199468,6.4050751774350134,79.362131082312771,5.5694821303110595,230.43051786968928,0.020056004726610021,972.97994399527636,972.97994399527636,1451.2140969990417,3726.785903000929,3726.785903000929,16.600000000000001
154.75,116,4.0233718338436013,37.992907407441109,18.103717903296619,1.9604425240753598,0.13504181414921698,48.888236420491275,6.3984026128947118,79.514158725091136,5.5289102678083202,230.47108973219198,0.01963812277551558,972.98036187722755,972.98036187722755,1447.6822238647026,3730.3177761352667,3730.3177761352667,16.600000000000001
155,116,4.0282363573230384,38.048788586560235,18.01928173327962,1.9565359231287369,0.13492910113420198,48.831510031854364,6.3917154750597378,79.666027735541689,5.4886799185638768,230.51132008143654,0.019229411429130441,972.98077058857416,972.98077058857416,1444.1626182500122,3733.8373817499591,3733.8373817499591,16.600000000000001
155.25,116,4.0331207694286917,38.104746892388768,17.935116058011058,1.9526313136075499,0.13481664200682675,48.774684382568751,6.3850138353757355,79.817737768428429,5.448788008460955,230.55121199153942,0.018829661137663635,972.98117033886558,972.98117033886558,1440.6552404260592,3737.344759573914,3737.344759573914,16.600000000000001
155.5,116,4.0380249379057904,38.16078190734585,17.851220599910864,1.9487286647893027,0.13470443214365072,48.717760057816008,6.3782977651283037,79.969288480210281,5.4092314919491811,230.5907685080511,0.018438667296016568,972.98156133270732,972.98156133270732,1437.1600507565381,3740.8399492434346,3740.8399492434346,16.600000000000001
155.75,116,4.0429487315108874,38.216893213393298,17.767595080419451,1.9448279466249334,0.1345924669696355,48.660737641501861,6.3715673354455671,80.120679529036963,5.3700073517800577,230.62999264822025,0.018056230124083004,972.98194376987931,972.98194376987931,1433.6770096979901,3744.3229903019833,3744.3229903019833,16.600000000000001
156,116,4.0478920199989874,38.273080392028099,17.684239219978423,1.9409291297325928,0.13448074195760915,48.603617716283324,6.3648226173007174,80.271910574745704,5.3311125987447925,230.66888740125557,0.017682154550004835,972.98231784545385,972.98231784545385,1430.2060778000355,3747.7939221999368,3747.7939221999368,16.600000000000001
156.25,116,4.0528546741108151,38.329343024275204,17.601152738011891,1.9370321853914885,0.13436925262773883,48.546400863595395,6.3580636815145697,80.422981278857264,5.2925442714143704,230.70745572858601,0.017316250096309462,972.98268374990755,972.98268374990755,1426.747215705599,3751.2527842943718,3751.2527842943718,16.600000000000001
156.5,116,4.0578365655602164,38.385680690680395,17.51833535290768,1.9331370855357899,0.13425799454701104,48.489087663677232,6.351290598758097,80.573891304572555,5.2542994358819533,230.74570056411838,0.016958330768856743,972.98304166923526,972.98304166923526,1423.3003841511349,3754.6996158488355,3754.6996158488355,16.600000000000001
156.75,116,4.06283756702173,38.442092971303467,17.435786781999088,1.9292438027485999,0.13414696332871986,48.431678695598123,6.3445034395549493,80.724640316768941,5.2163751855074825,230.78362481449284,0.016608214948524984,972.98339178505591,972.98339178505591,1419.8655439668314,3758.1344560331395,3758.1344560331395,16.600000000000001
157,116,4.0678575521182596,38.498579445711577,17.353506741546855,1.9253523102559829,0.13403615463196203,48.374174537282876,6.3377022742839753,80.875227981996773,5.1787686406645559,230.8212313593358,0.016265725285567648,972.98373427471915,972.98373427471915,1416.4426560768256,3761.5573439231471,3761.5573439231471,16.600000000000001
157.25,116,4.0728963954089021,38.555139692972617,17.271494946721372,1.9214625819210631,0.13392556416113999,48.316575765536911,6.3308871731817193,81.02565396847622,5.141476948489526,230.85852305151093,0.01593068859657373,972.98406931140823,972.98406931140823,1413.0316814993921,3764.9683185005797,3764.9683185005797,16.600000000000001
157.5,116,4.077953972376938,38.611773291648973,17.189751111585149,1.91757459223817,0.13381518766547218,48.258882956071091,6.32405820634491,81.175917946093648,5.104497282632785,230.89550271736769,0.015602935763966722,972.98439706424119,972.98439706424119,1409.6325813471428,3768.3674186528297,3768.3674186528297,16.600000000000001
157.75,116,4.083030159417933,38.668479819791379,17.108274949075668,1.9136883163270524,0.1337050209385105,48.201096683525762,6.3172154437329482,81.326019586398502,5.0678268430122788,230.93217315698814,0.015282301637978724,972.98471769836715,972.98471769836715,1406.2453168272091,3771.7546831727641,3771.7546831727641,16.600000000000001
158,116,4.0881248338279628,38.725258854932861,17.027066170988391,1.9098037299271446,0.13359505981766431,48.143217521494996,6.3103589551703498,81.475958562599956,5.0314628555691705,230.9685371444312,0.014968624941037647,972.98503137506373,972.98503137506373,1402.8698492414185,3775.1301507585545,3775.1301507585545,16.600000000000001
158.25,116,4.093237873792007,38.782109974083113,16.946124487960038,1.9059208093918927,0.13348530018373231,48.085246042549883,6.3034888103492159,81.625734549563774,4.9954025720256636,231.00459742797474,0.014661748174507354,972.98533825183029,972.98533825183029,1399.5061399864683,3778.4938600135019,3778.4938600135019,16.600000000000001
158.5,116,4.09836915837246,38.839032753722769,16.865449609452263,1.9020395316831351,0.13337573796044036,48.027182818261814,6.2966050788316643,81.775347223809248,4.9596432696449924,231.04035673035543,0.014361517527721832,972.98563848247647,972.98563848247647,1396.154150554094,3781.8458494458782,3781.8458494458782,16.600000000000001
158.75,116,4.1035185674977548,38.896026769798041,16.785041243735431,1.8981598743655375,0.13326636911398632,47.969028419225303,6.2897078300522384,81.924796263506124,4.9241822509935247,231.0758177490068,0.014067782789256029,972.98593221721512,972.98593221721512,1392.8138425312222,3785.1861574687509,3785.1861574687509,16.600000000000001
159,116,4.1086859819511465,38.953091597715471,16.704899097872801,1.8942818156010826,0.1331571896525918,47.910783415080346,6.2827971333203205,82.074081348471509,4.8890168437049644,231.11098315629533,0.013780397260377558,972.98621960274409,972.98621960274409,1389.4851776001267,3788.5148223998485,3788.5148223998485,16.600000000000001
159.25,116,4.1138712833596083,39.010226812336811,16.625022877704897,1.8904053341436131,0.13304819562605974,47.852448374534518,6.275873057822527,82.22320216016702,4.8541444002466836,231.14585559975356,0.013499217670624761,972.98650078233402,972.98650078233402,1386.1681175385741,3791.8318824614021,3791.8318824614021,16.600000000000001
159.5,116,4.1190743541828496,39.067431987974267,16.545412287834147,1.886530409333427,0.13293938312533907,47.794023865384744,6.2689356726250827,82.372158381695925,4.8195622976881172,231.18043770231219,0.013224104095458027,972.98677589590898,972.98677589590898,1382.8626242199657,3795.1373757800116,3795.1373757800116,16.600000000000001
159.75,116,4.1242950777024765,39.124706698385701,16.466067031609843,1.8826570210919222,0.13283074828209501,47.735510454538442,6.26198504667616,82.520949697800205,4.785267937471203,231.21473206252909,0.012954919875932659,972.98704508012827,972.98704508012827,1379.5686596134717,3798.4313403865071,3798.4313403865071,16.600000000000001
160,116,4.1295333380112638,39.182050516770076,16.386986811113257,1.8787851499162918,0.13272228726828586,47.676908708034688,6.2550212488082462,82.669575794857906,4.7512587451829278,231.2487412548173,0.012691531540342768,972.98730846846388,972.98730846846388,1376.2861857841542,3801.7138142158246,3801.7138142158246,16.600000000000001
160.25,116,4.1347890200025583,39.239463015763214,16.308171327143157,1.8749147768742749,0.13261399629574561,47.618219191064789,6.2480443477404526,82.818036360880214,4.7175321703298376,231.28246782967037,0.012433808727787102,972.98756619127607,972.98756619127607,1373.0151648930967,3804.9848351068836,3804.9848351068836,16.600000000000001
160.5,116,4.1400620093598004,39.296943767433497,16.229620279201473,1.8710458835989461,0.13250587161577312,47.559442467992554,6.2410544120808158,82.966331085509111,4.6840856861146278,231.31591431388549,0.012181624113608767,972.98781837589013,972.98781837589013,1369.7555591975158,3808.2444408024639,3808.2444408024639,16.600000000000001
160.75,116,4.1453521925461567,39.35449234327799,16.151333365479253,1.8671784522835613,0.13239790951872643,47.500579102374147,6.2340515103286025,83.11445966001439,4.6509167892146914,231.34908321078547,0.011934853336662275,972.98806514666728,972.98806514666728,1366.507331050876,3811.492668949104,3811.492668949104,16.600000000000001
161,116,4.150659456794302,39.412108314218493,16.073310282842929,1.8633124656764466,0.13229010633362312,47.441629656977717,6.2270357108765664,83.262421777291394,4.6180229995626778,231.38197700043756,0.011693374928362242,972.98830662507532,972.98830662507532,1363.2704429029873,3814.7295570969918,3814.7295570969918,16.600000000000001
161.25,116,4.1559836900962877,39.469791250597943,15.995550726820724,1.8594479070759351,0.13218245842774659,47.382594693802659,6.2200070820132041,83.410217131858388,4.5854018601290223,231.41459813987123,0.011457070243469333,972.98854292976,972.98854292976,1360.0448573001138,3817.9551426998664,3817.9551426998664,16.600000000000001
161.5,116,4.1613247811935317,39.527540722176973,15.918054391589479,1.8555847603253475,0.13207496220625753,47.32347477409845,6.2129656919249916,83.557845419854118,4.5530509367064207,231.44694906329391,0.011225823392570293,972.98877417661095,972.98877417661095,1356.8305368850602,3821.1694631149207,3821.1694631149207,16.600000000000001
161.75,116,4.1666826195669593,39.58535629813052,15.840820969961543,1.8517230098080208,0.13196761411181088,47.264270458383251,6.2059116086985915,83.705306339035459,4.5209678176962607,231.47903218230414,0.010999521176209764,972.98900047882717,972.98900047882717,1353.6274443972652,3824.3725556027143,3824.3725556027143,16.600000000000001
162,116,4.1720570954272134,39.643237547044741,15.763850153372095,1.8478626404423768,0.13186041062417878,47.204982306462028,6.1988449003230572,83.852599588774936,4.4891501138969767,231.51084988610347,0.01077805302063283,972.98922194698275,972.98922194698275,1350.4355426728789,3827.5644573270993,3827.5644573270993,16.600000000000001
162.25,116,4.1774480997049945,39.701184036914043,15.687141631866588,1.8440036376770355,0.13175334825987806,47.14561087744454,6.1917656346919943,83.999724870058614,4.4575954582942865,231.54240454170622,0.010561310915098172,972.98943868908827,972.98943868908827,1347.2547946448478,3830.7452053551297,3830.7452053551297,16.600000000000001
162.5,116,4.1828555240415382,39.759195335138358,15.610695094088531,1.8401459874859758,0.13164642357180337,47.08615672976282,6.1846738796057261,84.146681885483758,4.4263015058533757,231.57369849414715,0.010349189350722756,972.98965081065296,972.98965081065296,1344.0851633429791,3833.9148366569957,3833.9148366569957,16.600000000000001
162.75,116,4.1882792607791606,39.817271008520294,15.534510227267461,1.8362896763637329,0.13153963314886563,47.026620421188419,6.1775697027734271,84.293470339256643,4.3952659333129125,231.6047340666876,0.01014158526081999,972.98985841474291,972.98985841474291,1340.9266118940163,3837.0733881059573,3837.0733881059573,16.600000000000001
163,116,4.1937192029519528,39.87541062326293,15.458586717207202,1.8324346913206333,0.13143297361563497,46.967002508849347,6.1704531718152342,84.440089937190521,4.3644864389809657,231.63551356101959,0.009938397962694176,972.99006160204112,972.99006160204112,1337.7791035216931,3840.2208964782817,3840.2208964782817,16.600000000000001
163.25,116,4.1991752442765602,39.93361374496741,15.382924248274382,1.8285810198780805,0.13132644163198912,46.907303549246485,6.1633243542643399,84.586540386703263,4.3339607425327582,231.66603925746773,0.009739529100855104,972.99026047090331,972.99026047090331,1334.642601546795,3843.3573984531795,3843.3573984531795,16.600000000000001
163.5,116,4.2046472791430798,39.991879938630788,15.307522503387119,1.8247286500638749,0.13122003389276646,46.847524098270029,6.1561833175690603,84.73282139681578,4.3036865848102561,231.69631341519033,0.0095448825916174922,972.99045511741258,972.99045511741258,1331.5170693872108,3846.4829306127631,3846.4829306127631,16.600000000000001
163.75,116,4.2101352026060672,40.050208768644197,15.232381164004076,1.8208775704075686,0.13111374712742407,46.787664711215271,6.1490301290949052,84.878932678149354,4.2736617276235682,231.72633827237715,0.0093543645690508416,972.99064563543493,972.99064563543493,1328.4024705579802,3849.5975294419936,3849.5975294419936,16.600000000000001
164,116,4.2156389103756444,40.10859979879092,15.157499910113652,1.8170277699358677,0.13100757809970065,46.727725942798386,6.1418648561265794,85.024873942924401,4.2438839535541772,231.75611604644649,0.0091678833322461645,972.99083211667175,972.99083211667175,1325.298768671335,3852.7012313286377,3852.7012313286377,16.600000000000001
164.25,116,4.2211582988087173,40.167052592244872,15.082878420223476,1.8131792381680663,0.13090152360728338,46.667708347171583,6.1346875658700197,85.170644904958209,4.2143510657599581,231.78564893424075,0.0089853492938670593,972.99101465071033,972.99101465071033,1322.2059274367355,3855.7940725632361,3855.7940725632361,16.600000000000001
164.5,116,4.2266932649002875,40.225566711569108,15.00851637135013,1.8093319651115196,0.13079558048148027,46.607612477938133,6.1274983254543578,85.316245279662979,4.1850608877819511,231.81493911221881,0.0088066749299529502,972.99119332507416,972.99119332507416,1319.1239106609082,3858.8760893390613,3858.8760893390613,16.600000000000001
164.75,116,4.2322437062748746,40.284141718714501,14.934413439009106,1.8054859412571558,0.13068974558689653,46.547438888167065,6.1202972019339086,85.461674784044405,4.1560112633529132,231.84398873664776,0.0086317747309437708,972.99136822527328,972.99136822527328,1316.0526822478698,3861.9473177521004,3861.9473177521004,16.600000000000001
165,116,4.237809521178054,40.342777175018696,14.860569297205023,1.8016411575750182,0.13058401582111545,46.487188130407645,6.1130842622900916,85.606933136699681,4.1272000562076396,231.8727999437929,0.00846056515389562,972.99153943485032,972.99153943485032,1312.9922061989505,3865.0077938010186,3865.0077938010186,16.600000000000001
165.25,116,4.2433906084680642,40.401472641204975,14.786983618422063,1.7977976055098479,0.13047838811438386,46.426860756703242,6.1058595734333583,85.752020057815741,4.0986251498949686,231.9013748501055,0.0082929645758578491,972.99170703542813,972.99170703542813,1309.9424466128169,3868.0575533871502,3868.0575533871502,16.600000000000001
165.5,116,4.2489868676075409,40.460227677381695,14.713656073614658,1.7939552769767,0.13037285942930146,46.366457318605278,6.0986232022050935,85.896935269167614,4.0702844475915532,231.92971555240891,0.0081288932483829131,972.99187110675541,972.99187110675541,1306.9033676854835,3871.0966323144839,3871.0966323144839,16.600000000000001
165.75,116,4.2545981986553407,40.519041843041414,14.640586332198415,1.7901141643565943,0.130267426760515,46.305978367186611,6.0913752153794913,86.041678494116994,4.0421758719173333,231.95782412808308,0.0079682732531408552,972.99203172675038,972.99203172675038,1303.8749337103236,3874.1250662896427,3874.1250662896427,16.600000000000001
166,116,4.2602245022584642,40.577914697060592,14.567774062041286,1.7862742604921975,0.13016208713441602,46.245424453054802,6.0841156796654001,86.186249457610472,4.014297364752669,231.98570263524786,0.0078110284586110834,972.99218897154492,972.99218897154492,1300.8571090780774,3877.1428909218866,3877.1428909218866,16.600000000000001
166.25,116,4.2658656796440697,40.636845797699095,14.495218929454946,1.7824355586835425,0.13005683760884282,46.184796126364901,6.0768446617081597,86.330647886178156,3.986646887057181,232.01335311294335,0.0076570844778248073,972.9923429155258,972.9923429155258,1297.8498582768539,3880.1501417231116,3880.1501417231116,16.600000000000001
166.5,116,4.271521632611595,40.695834702600202,14.422920599186437,1.778598052683777,0.12995167527278728,46.124093936832104,6.0695622280914092,86.474873507932017,3.9592224186902478,232.04077758131035,0.0075063686271320818,972.99249363137665,972.99249363137665,1294.8531458921227,3883.146854107842,3883.146854107842,16.600000000000001
166.75,116,4.2771922635249622,40.754880968790459,14.350878734410019,1.7747617366949455,0.12984659724610415,46.063318433744008,6.0622684453388542,86.618926052564561,3.9320219582331464,232.06797804176747,0.007358809885968186,972.99264119011787,972.99264119011787,1291.8669366067154,3886.1330633932494,3886.1330633932494,16.600000000000001
167,116,4.282877475304887,40.813984152679907,14.279092996719294,1.770926605363802,0.12974160067922588,46.002470165972667,6.0549633799160496,86.762805251347487,3.9050435228128402,232.09495647718779,0.0072143388575945855,972.99278566114606,972.99278566114606,1288.8911952008123,3889.1088047991525,3889.1088047991525,16.600000000000001
167.25,116,4.2885771714212773,40.873143810062373,14.207563046119519,1.7670926537776541,0.12963668275287996,45.941549681986331,6.0476470982321215,86.906510837130071,3.8782851479273845,232.12171485207332,0.0070728877307904186,972.99292711227315,972.99292711227315,1285.9258865519237,3892.07411344804,3892.07411344804,16.600000000000001
167.5,116,4.2942912558857209,40.9323594961159,14.136288541020175,1.7632598774602399,0.12953184067781079,45.880557529860852,6.0403196666414853,87.050042544338041,3.8517448872729343,232.14825511272781,0.0069343902424709889,972.9930656097614,972.9930656097614,1282.9709756348786,3895.0290243650848,3895.0290243650848,16.600000000000001
167.75,116,4.3000196332440721,40.99163076540345,14.065269138227741,1.7594282723676291,0.12942707169450507,45.819494257290884,6.032981151445532,87.193400108972327,3.8254208125723643,232.17457918742835,0.0067987816412104028,972.99320121836286,972.99320121836286,1280.0264275217994,3897.9735724781644,3897.9735724781644,16.600000000000001
168,116,4.3057622085691225,41.050957171873627,13.994504492938749,1.7555978348841617,0.12932237307292094,45.758360411600741,6.0256316188943062,87.336583268607725,3.7993110134054513,232.20068898659511,0.0066659986516460429,972.99333400135265,972.99333400135265,1277.0922073820718,3900.9077926178925,3900.9077926178925,16.600000000000001
168.25,116,4.3115188874533574,41.110338268861575,13.923994258733003,1.7517685618184082,0.12921774211222092,45.697156539755014,6.0182711351881304,87.47959176239182,3.7734135970406455,232.22658640295984,0.0065359794397430978,972.99346402056415,972.99346402056415,1274.1682804823213,3903.8317195176419,3903.8317195176419,16.600000000000001
168.5,116,4.3172895760018237,41.1697736090901,13.853738087567084,1.747940450399162,0.12911317614050752,45.635883188368993,6.0108997664792296,87.622425331043644,3.747726688268386,232.25227331173198,0.0064086635788979151,972.99359133642474,972.99359133642474,1271.2546121863757,3906.7453878135871,3906.7453878135871,16.600000000000001
168.75,116,4.3230741808250617,41.229262744670962,13.783735629768028,1.7441134982714603,0.12900867251456358,45.574540903718571,6.0035175788733381,87.765083716852644,3.7222484292359539,232.27775157076442,0.0062839920168595602,972.9937160079869,972.9937160079869,1268.3511679552298,3909.6488320447329,3909.6488320447329,16.600000000000001
169,116,4.3288726090321203,41.288805227106089,13.713986534027255,1.7402877034926298,0.12890422861959525,45.513130231750196,5.9961246384312465,87.907566663677699,3.6969769792838685,232.30302302071647,0.0061619070434493469,972.99383809296057,972.99383809296057,1265.4579133470031,3912.5420866529598,3912.5420866529598,16.600000000000001
169.25,116,4.3346847682236875,41.348400607289264,13.644490447394734,1.7364630645283652,0.12879984186897883,45.451651718090318,5.9887210111703721,88.04987391694587,3.6719105147837925,232.32808948521648,0.006042352259058731,972.99395764774488,972.99395764774488,1262.5748140168971,3915.4251859830674,3915.4251859830674,16.600000000000001
169.5,116,4.3405105664852845,41.40804843550783,13.575247015273375,1.7326395802488257,0.12869550970401031,45.390105908054686,5.9813067630662689,88.192005223651492,3.6470472289779368,232.35295277102225,0.005925272543906371,972.99407472745997,972.99407472745997,1259.701835717143,3918.2981642828217,3918.2981642828217,16.600000000000001
169.75,116,4.3463499123805454,41.467748261444406,13.50625588141358,1.7288172499247649,0.12859122959365893,45.328493346657254,5.9738819600541264,88.333960332355232,3.6223853318199706,232.3776146681802,0.0058106140280356827,972.9941893859758,972.9941893859758,1256.8389442969578,3921.1610557030062,3921.1610557030062,16.600000000000001
170,116,4.3522027149445917,41.527499634178945,13.437516687908094,1.7249960732236866,0.12848699903432365,45.266814578619112,5.9664466680302377,88.475738993183157,3.5979230498173846,232.40207695018273,0.005698324062034678,972.99430167594164,972.99430167594164,1253.9861057024846,3924.0138942974795,3924.0138942974795,16.600000000000001
170.25,116,4.358068883677479,41.587302102190826,13.369029075187044,1.7211760502060192,0.12838281554959255,45.205070148376741,5.9590009528534642,88.617340957825704,3.5736586258753444,232.42634137412475,0.0055883511884602778,972.99441164881489,972.99441164881489,1251.1432859767358,3926.8567140232276,3926.8567140232276,16.600000000000001
170.5,116,4.3639483285377265,41.64715521336116,13.30079268201319,1.7173571813213251,0.12827867669000589,45.143260600090422,5.9515448803466517,88.758765979536918,3.5495903191419811,232.45040968085812,0.0054806451139498488,972.99451935488923,972.99451935488923,1248.3104512595335,3929.6895487404304,3929.6895487404304,16.600000000000001
170.75,116,4.3698409599359431,41.707058514975259,13.232807145477405,1.7135394674045255,0.12817458003282206,45.081386477652096,5.944078516298025,88.90001381313364,3.5257164048551322,232.47428359514501,0.005375156682003032,972.99462484332139,972.99462484332139,1245.4875677874397,3932.5124322125248,3932.5124322125248,16.600000000000001
171,116,4.3757466887285146,41.767011553725112,13.165072100994363,1.7097229096721547,0.12807052318178627,45.019448324693066,5.9366019264625765,89.041084214994555,3.5020351741904938,232.49796482580962,0.0052718378464173925,972.994728162157,972.994728162157,1242.6746018936963,3935.3253981062685,3935.3253981062685,16.600000000000001
171.25,116,4.3816654262113737,41.827013875712154,13.097587182298444,1.7059075097186374,0.12796650376690244,44.957446684591595,5.9291151765634087,89.181976943059553,3.4785449341112105,232.52145506588892,0.0051706416453618665,972.99482935835817,972.99482935835817,1239.8715200081481,3938.1284799918162,3938.1284799918162,16.600000000000001
171.5,116,4.3875970841138692,41.887065026450109,13.03035202143989,1.7020932695125881,0.12786251944420832,44.895382100479893,5.9216183322930718,89.322691756828888,3.4552440072188495,232.54475599278135,0.0050715221760723591,972.99492847782744,972.99492847782744,1237.0782886571733,3940.9217113427908,3940.9217113427908,16.600000000000001
171.75,116,4.3935415745926809,41.947164550867967,12.963366248781107,1.6982801913931334,0.12775856789555315,44.833255115251305,5.9141114593148583,89.463228417362544,3.4321307316057736,232.56786926839439,0.0049744345701541607,972.99502556543359,972.99502556543359,1234.2948744636049,3943.7051255363594,3943.7051255363594,16.600000000000001
172,116,4.3994988102258521,42.007311993313245,12.896629492993233,1.6944682780662623,0.12765464682837813,44.77106627156693,5.906594623264092,89.603586687279645,3.4092034607088899,232.59079653929126,0.0048793349694764088,972.99512066503405,972.99512066503405,1231.5212441466513,3946.4787558533135,3946.4787558533135,16.600000000000001
172.25,116,4.4054687040068661,42.06750689755502,12.830141381052895,1.6906575326011897,0.12755075397550031,44.708816111862077,5.8990678897493591,89.743766330757524,3.3864605631647713,232.61353943683531,0.0047861805026440038,972.9952138195008,972.9952138195008,1228.7573645218122,3949.2426354781537,3949.2426354781537,16.600000000000001
172.5,116,4.4114511693388048,42.127748806787643,12.763901538239214,1.6868479584267504,0.1274468870948981,44.646505178352548,5.8915313243537701,89.883767113531349,3.3639004226661231,232.63609957733397,0.0046949292620328438,972.99530507074121,972.99530507074121,1226.0032025007959,3951.9967974991691,3951.9967974991691,16.600000000000001
172.75,116,4.4174461200285897,42.188037263634115,12.697909588130956,1.6830395593278087,0.12734304396950094,44.584134013040632,5.8839849926361456,90.023588802893457,3.3415214378195972,232.65847856218051,0.0046055402813746267,972.99539445972198,972.99539445972198,1223.2587250914282,3954.7412749085352,3954.7412749085352,16.600000000000001
173,116,4.4234534702813066,42.248371810149784,12.63216515260395,1.6792323394416948,0.12723922240698035,44.521703157720872,5.8764289601321966,90.163231167692842,3.3193220220049415,232.68067797799529,0.0045179735138777292,972.99548202648975,972.99548202648975,1220.5238993975659,3957.4761006023959,3957.4761006023959,16.600000000000001
173.25,116,4.4294731346945841,42.308751987826327,12.566667851828671,1.6754263032546577,0.12713542023954463,44.459213153985537,5.8688632923556909,90.302693978334432,3.2973006032354597,232.70269939676476,0.0044321898108710409,972.99556781019282,972.99556781019282,1217.7986926189949,3960.2013073809667,3960.2013073809667,16.600000000000001
173.5,116,4.4355050282530621,42.369177337595552,12.501417304268065,1.671621455598338,0.12703163532373532,44.396664543229967,5.8612880547995792,90.441977006778828,3.2754556240197892,232.72454437598034,0.0043481509009580107,972.99565184910239,972.99565184910239,1215.0830720513422,3962.9169279486191,3962.9169279486191,16.600000000000001
173.75,116,4.4415490663229162,42.429647399833584,12.436413126675564,1.6678178016462681,0.12692786554022692,44.334057866657623,5.8537033129371041,90.581080026541713,3.2537855412249628,232.74621445877517,0.0042658193696683685,972.99573418063358,972.99573418063358,1212.3770050859732,3965.6229949139897,3965.6229949139897,16.600000000000001
174,116,4.4476051646464771,42.490161714365215,12.371654934093318,1.6640153469103847,0.12682410879362863,44.271393665284933,5.8461091322228791,90.720002812693309,3.2322888259407687,232.76771117405943,0.0041851586395954413,972.99581484136388,972.99581484136388,1209.6804592098861,3968.3195407900766,3968.3195407900766,16.600000000000001
174.25,116,4.4536732393368963,42.550719820468046,12.307142339850595,1.6602140972375641,0.12672036301228898,44.208672479945861,5.8385055780939554,90.858745141858151,3.2109639633453662,232.78903603665481,0.0041061329510071309,972.99589386705247,972.99589386705247,1206.9934020056164,3971.006597994347,3971.006597994347,16.600000000000001
174.5,116,4.4597532068728976,42.61132125687719,12.242874955562433,1.6564140588061791,0.12661662614810248,44.145894851296312,5.8308927159708581,90.997306792214616,3.1898094525721881,232.81019054742802,0.0040287073429190268,972.99597129266078,972.99597129266078,1204.3158011511246,3973.6841988488404,3973.6841988488404,16.600000000000001
174.75,116,4.4658449840936045,42.671965561789776,12.178852391128457,1.6526152381226709,0.12651289617631917,44.083061319818263,5.8232706112585788,91.1356875434942,3.1688238065780707,232.83117619342221,0.0039528476346184028,972.99604715236876,972.99604715236876,1201.6476244196842,3976.3523755802821,3976.3523755802821,16.600000000000001
175,116,4.4719484881934157,42.732652272869899,12.115074254731915,1.6488176420181415,0.12640917109535579,44.02017242582383,5.8156393293475874,91.27388717698166,3.1480055520126355,232.85199444798766,0.0038785204076280306,972.99612147959567,972.99612147959567,1198.9888396797769,3979.0111603201894,3979.0111603201894,16.600000000000001
175.25,116,4.4780636367169624,42.793380927253388,12.051540152838919,1.645021277644968,0.12630544892661028,43.957228709458732,5.8079989356147745,91.411905475514502,3.1273532290888961,232.8726467709113,0.0038056929880991739,972.99619430701546,972.99619430701546,1196.3394148949751,3981.6605851049922,3981.6605851049922,16.600000000000001
175.5,116,4.4841903475541454,42.854151061552848,11.988249690197868,1.6412261524734275,0.12620172771427796,43.894230710705983,5.8003494954243928,91.549742223482525,3.106865391455087,232.8931346085451,0.0037343334296232491,972.99626566657412,972.99626566657412,1193.6993181238252,3984.3006818761423,3984.3006818761423,16.600000000000001
175.75,116,4.4903285389352048,42.914962211862857,11.925202469839059,1.6374322742883498,0.12609800552516964,43.8311789693891,5.7926910741289799,91.687397206827825,3.0865406060676897,232.91345939393256,0.0036644104964519762,972.99633558950688,972.99633558950688,1191.0685175197291,3986.9314824802364,3986.9314824802364,16.600000000000001
176,116,4.4964781294259009,42.975813913765272,11.86239809307456,1.6336396511857789,0.125994280448533,43.768074025175238,5.7850237370702375,91.824870213044193,3.0663774530656709,232.93362254693454,0.003595893647116077,972.99640410635607,972.99640410635607,1188.4469813308276,3989.5530186691376,3989.5530186691376,16.600000000000001
176.25,116,4.5026390379227204,43.036705702334586,11.799836159498165,1.6298482915696566,0.12589055059587492,43.704916417577913,5.7773475495799032,91.962161031176976,3.0463745256458892,232.95362547435434,0.003528753018432822,972.99647124698492,972.99647124698492,1185.8346778998709,3992.1653221000947,3992.1653221000947,16.600000000000001
176.5,116,4.5088111836481852,43.097637112143495,11.737516266985665,1.6260582041485234,0.12578681410078688,43.64170668595979,5.7696625769805783,92.099269451823119,3.0265304299396836,232.97346957006047,0.0034629594098929757,972.99653704059369,972.99653704059369,1183.2315756640958,3994.7684243358694,3994.7684243358694,16.600000000000001
176.75,116,4.5149944861461835,43.158607677268542,11.675438011695229,1.622269397932236,0.12568306911877242,43.578445369535054,5.7619688845865644,92.236195267130626,3.0068437848906346,232.99315621510959,0.0033984842684179136,972.99660151573516,972.99660151573516,1180.6376431551018,3997.3623568448643,3997.3623568448643,16.600000000000001
177,116,4.5211888652774057,43.21961693129596,11.613600988068033,1.6184818822286988,0.12557931382707616,43.515133007371631,5.7542665377046456,92.372938270798471,2.9873132221334608,233.0126867778668,0.0033352996734779222,972.99666470033014,972.99666470033014,1178.0528489987159,3999.9471510012499,3999.9471510012499,16.600000000000001
177.25,116,4.5273942412148216,43.280664407327606,11.552004788829009,1.6146956666406198,0.12547554642451522,43.451770138393222,5.7465556016348618,92.509498258076306,2.9679373858740732,233.03206261412615,0.0032733783225629052,972.99672662168098,972.99672662168098,1175.4771619148671,4002.5228380850995,4002.5228380850995,16.600000000000001
177.5,116,4.5336105344392275,43.341749637986844,11.490649004987857,1.6109107610622688,0.12537176513131279,43.38835730138112,5.7388361416712472,92.645875025764724,2.9487149327707658,233.05128506722932,0.0032126935169969556,972.99678730648645,972.99678730648645,1172.9105507174477,4005.0894492825205,4005.0894492825205,16.600000000000001
177.75,116,4.5398376657348507,43.402872155424859,11.429533225840224,1.6071271756762651,0.12526796818893304,43.32489503497586,5.7311082231025674,92.782068372214638,2.9296445318165079,233.07035546818355,0.0031532191480884418,972.99684678085578,972.99684678085578,1170.3529843141812,4007.647015685789,4007.647015685789,16.600000000000001
178,116,4.5460755561850235,43.464031491326836,11.368657038969042,1.6033449209503767,0.12516415385991933,43.261383877678611,5.7233719112130039,92.918078097327466,2.9107248642223751,233.08927513577765,0.0030949296836074777,972.99690507032028,972.99690507032028,1167.8044317064841,4010.1955682934858,4010.1955682934858,16.600000000000001
178.25,116,4.5523241271679158,43.525227176918385,11.308020030246103,1.5995640076343325,0.12506032042773274,43.197824367852441,5.7156272712828304,93.053904002554987,2.8919546233020665,233.1080453766979,0.0030378001545828424,972.99696219984924,972.99696219984924,1165.2648619893259,4012.7351380106443,4012.7351380106443,16.600000000000001
178.5,116,4.558583300352316,43.586458742972006,11.247621783833759,1.5957844467566527,0.1249564661965938,43.134217043723226,5.7078743685890689,93.189545890899055,2.8733325143575152,233.12666748564251,0.0029818061424106142,972.99701819386166,972.99701819386166,1162.73424435109,4015.2657556488789,4015.2657556488789,16.600000000000001
178.75,116,4.5648529976934968,43.647725719813792,11.187461882186893,1.5920062496214908,0.12485258949132524,43.070562443380709,5.7001132684061213,93.325003566911846,2.8548572545655904,233.14514274543438,0.0029269237662669706,972.99707307623828,972.99707307623828,1160.2125480734292,4017.7874519265411,4017.7874519265411,16.600000000000001
179,116,4.5711331414291205,43.709027637330145,11.127539906054944,1.5882294278054989,0.12474868865719707,43.006861104778864,5.6923440360063546,93.460276836695527,2.8365275728658625,233.16347242713408,0.002873129670817794,972.99712687033343,972.99712687033343,1157.6997425311199,4020.3002574688526,4020.3002574688526,16.600000000000001
179.25,116,4.5774236540752042,43.770364024974548,11.067855434484269,1.5844539931546939,0.12464476205977318,42.943113565736603,5.6845667366607113,93.595365507902329,2.8183422098494426,233.1816577901505,0.0028204010142179191,972.99717959898987,972.99717959898987,1155.1957971919173,4022.8042028080563,4022.8042028080563,16.600000000000001
179.5,116,4.5837244584221644,43.831734411774647,11.008408044820575,1.5806799577813557,0.12454080808476012,42.879320363937858,5.6767814356392421,93.730269389734531,2.8002999176488639,233.19970008235109,0.0027687154563929895,972.99723128454764,972.99723128454764,1152.7006816164078,4025.2993183835674,4025.2993183835674,16.600000000000001
179.75,116,4.5900354775308836,43.893138326339312,10.949197312711549,1.5769073340609239,0.12443682513785721,42.81548203693184,5.6689881982116557,93.864988292944531,2.7823994598290125,233.21760054017091,0.0027180511475971328,972.99728194885654,972.99728194885654,1150.2143654578579,4027.7856345421174,4027.7856345421174,16.600000000000001
180,116,4.5963566347288722,43.954575296865734,10.890222812109737,1.5731361346289177,0.12433281164460865,42.751599122132696,5.6611870896478322,93.99952202983458,2.7646396112790903,233.23536038872086,0.0026683867172397698,972.99733161328686,972.99733161328686,1147.7368184620627,4030.2631815379118,4030.2631815379118,16.600000000000001
180.25,116,4.6026878536064633,44.016044851146837,10.83148411527549,1.5693663723778661,0.12422876605025707,42.68767215681936,5.6533781752182914,94.133870414257061,2.7470191581056107,233.25298084189436,0.002619701262975073,972.99738029874095,972.99738029874095,1145.2680104671933,4032.7319895327805,4032.7319895327805,16.600000000000001
180.5,116,4.6090290580130615,44.07754651657865,10.772980792780187,1.5655980604542572,0.12412468681959919,42.62370167813522,5.6455615201946809,94.26803326161442,2.7295368975263945,233.2704631024736,0.002571974340047739,972.99742802566425,972.99742802566425,1142.8079114036425,4035.1920885963309,4035.1920885963309,16.600000000000001
180.75,116,4.615380172053472,44.139079820167773,10.714712413509575,1.5618312122554936,0.12402057243684279,42.559688223087186,5.637737189850216,94.40201038885904,2.7121916377655921,233.28780836223436,0.0025251859508888847,972.99747481405359,972.99747481405359,1140.3564912938657,4037.6435087061077,4037.6435087061077,16.600000000000001
181,116,4.6217411200842546,44.200644288539152,10.656678544667303,1.5580658414268671,0.12391642140546548,42.495632328545042,5.629905249460089,94.535801614493579,2.6949821979496793,233.3050178020502,0.0024793165349560617,972.99752068346947,972.99752068346947,1137.9137202522277,4040.0862797477444,4040.0862797477444,16.600000000000001
181.25,116,4.6281118267101595,44.262239447943642,10.59887875177864,1.5543019618585432,0.12381223224807475,42.431534531240388,5.6220657643018788,94.669406758570844,2.677907408004466,233.32209259199544,0.002434346958811489,972.99756565304517,972.99756565304517,1135.4795684848386,4042.5204315151332,4042.5204315151332,16.600000000000001
181.5,116,4.6344922167805951,44.323864824265904,10.541312598694329,1.5505395876825623,0.12370800350627018,42.367395367765454,5.6142187996559203,94.802825642693819,2.6609661085530578,233.33903389144675,0.00239025850643278,972.99760974149751,972.99760974149751,1133.0540062893972,4044.945993710573,4044.945993710573,16.600000000000001
181.75,116,4.6408822153861671,44.385519943032413,10.483979647594667,1.5467787332698508,0.1236037337405065,42.303215374571856,5.6063644208056616,94.936058090015806,2.6441571508148098,233.35584284918505,0.002347032869750576,972.99765296713429,972.99765296713429,1130.6370040550262,4047.362995944944,4047.362995944944,16.600000000000001
182,116,4.6472817478552502,44.447204329419456,10.426879458993701,1.5430194132272455,0.12349942152995887,42.238995087968902,5.5985026930379957,95.069103925240526,2.6274793965052279,233.37252060349462,0.0023046521394076121,972.99769534786458,972.99769534786458,1128.2285322621094,4049.7714677378622,4049.7714677378622,16.600000000000001
182.25,116,4.6536907397506422,44.508917508261234,10.37001159174365,1.5392616423945344,0.1233950654723892,42.174735044122031,5.5906336816435651,95.201962974622234,2.6109317177368272,233.38906828226294,0.0022630987957339226,972.9977369012081,972.9977369012081,1125.8285614821248,4052.1714385178466,4052.1714385178466,16.600000000000001
182.5,116,4.6601091168662387,44.570659004058172,10.313375603039399,1.5355054358415052,0.1232906641840141,42.110435779050903,5.582757451917046,95.334635065965514,2.5945129969209364,233.40548700307897,0.0022223556999329593,972.99777764430394,972.99777764430394,1123.437062377483,4054.562937622487,4054.562937622487,16.600000000000001
182.75,116,4.6665368052237763,44.63242834098525,10.25697104842329,1.5317508088650087,0.12318621629937428,42.046097828627403,5.5748740691574268,95.467120028625885,2.5782221266704219,233.42177787332952,0.0021824060854735957,972.99781759391863,972.99781759391863,1121.0540057013561,4056.9459942986132,4056.9459942986132,16.600000000000001
183,116,4.6729737310696384,44.694225042900413,10.200797481789982,1.5279977769860356,0.12308172047120534,41.98172172857354,5.5669835986682372,95.59941769350938,2.5620580097033607,233.43794199029662,0.0021432335496830582,972.99785676645422,972.99785676645422,1118.6793622975101,4059.3206377024603,4059.3206377024603,16.600000000000001
183.25,116,4.6794198208716873,44.756048633353146,10.14485445539149,1.5242463559468002,0.12297717537031005,41.917308014458889,5.5590861057577774,95.731527893073093,2.5460195587476124,233.45398044125236,0.0021048220455359618,972.99789517795796,972.99789517795796,1116.3131031001326,4061.686896899841,4061.686896899841,16.600000000000001
183.5,116,4.6858750013161501,44.817898635593146,10.08914151984243,1.5204965617078465,0.12287257968543204,41.852857221698258,5.5511816557393123,95.863450461325087,2.5301056964463036,233.46989430355373,0.0020671558736347598,972.99793284412988,972.99793284412988,1113.955199133663,4064.0448008663088,4064.0448008663088,16.600000000000001
183.75,116,4.6923391993045769,44.87977457257896,10.033658224125386,1.5167484104451541,0.12276793212313057,41.788369885548988,5.543270313931262,95.995185233824458,2.5143153552642232,233.48568464473573,0.0020302196743770288,972.99796978032884,972.99796978032884,1111.6056215126212,4066.3943784873522,4066.3943784873522,16.600000000000001
184,116,4.6988123419508225,44.941675966986914,9.9784041155964385,1.5130019185472636,0.12266323140765734,41.723846541108159,5.5353521456573347,96.126732047681443,2.4986474773950942,233.50135252260492,0.0019939984203051014,972.99800600158278,972.99800600158278,1109.2643414414308,4068.7356585585439,4068.7356585585439,16.600000000000001
184.25,116,4.7052943565780927,45.003602341219981,9.9233787399908628,1.5092571026124142,0.12255847628083361,41.659287723309518,5.5274272162466875,96.258090741558036,2.4831010146697379,233.51689898533024,0.0019584774086336999,972.99804152259446,972.99804152259446,1106.9313302142489,4071.0686697857277,4071.0686697857277,16.600000000000001
184.5,116,4.7117851707160332,45.065553217416806,9.8685816414290013,1.5055139794456887,0.12245366550192952,41.59469396692041,5.5194955910340244,96.389261155667313,2.4676749284651174,233.53232507153484,0.0019236422539512844,972.99807635774903,972.99807635774903,1104.6065592147841,4073.3934407851916,4073.3934407851916,16.600000000000001
184.75,116,4.7182847120978693,45.127528117460741,9.8140123624222699,1.50177256605617,0.12234879784754414,41.530065806538595,5.5115573353597096,96.520243131774066,2.4523681896142406,233.54763181038572,0.0018894788810910202,972.9981105211217,972.9981105211217,1102.2899999161252,4075.7100000838536,4075.7100000838536,16.600000000000001
185,116,4.7247929086575793,45.18952656298913,9.7596704438793331,1.4980328796541136,0.12224387211148728,41.465403776588609,5.5036125145698067,96.651036513194995,2.4371797783169202,233.56282022168301,0.0018559735181672469,972.99814402648428,972.99814402648428,1099.9816238805577,4078.0183761194207,4078.0183761194207,16.600000000000001
185.25,116,4.731309688527146,45.251548075402582,9.7055554251123777,1.4942949376481292,0.12213888710466189,41.400708411318369,5.4956611940161677,96.781641144798598,2.4221086840513997,233.57789131594853,0.0018231126897735471,972.99817688731252,972.99817688731252,1097.6814027593884,4080.3185972405904,4080.3185972405904,16.600000000000001
185.5,116,4.7378349800338215,45.313592175874277,9.6516668438436835,1.4905587576423711,0.12203384165494834,41.335980244795401,5.4877034390564328,96.91205687300544,2.4071539054868074,233.59284609451311,0.0017908832103385361,972.99820911679228,972.99820911679228,1095.3893082927646,4082.6106917072138,4082.6106917072138,16.600000000000001
185.75,116,4.7443687116974553,45.375658385359564,9.598004236212164,1.4868243574337423,0.12192873460708933,41.271219810903013,5.4797393150540676,97.042283545788194,2.3923144503964515,233.60768554960336,0.0017592721776356207,972.99824072782496,972.99824072782496,1093.1053123094921,4084.8946876904865,4084.8946876904865,16.600000000000001
186,116,4.7509108122278594,45.437746224605206,9.5445671367801861,1.4830917550091107,0.12182356482257653,41.206427643336134,5.4717688873783334,97.172321012671986,2.3775893355719471,233.62241066442792,0.001728266966443053,972.99827173303629,972.99827173303629,1090.8293867268537,4087.1706132731256,4087.1706132731256,16.600000000000001
186.25,116,4.7574612105222434,45.499855214159247,9.4913550785405025,1.4793609685425302,0.12171833117953788,41.141604275597345,5.4637922214042627,97.302169124734178,2.3629775867381544,233.63702241326183,0.0016978552223507043,972.9983021447797,972.9983021447797,1088.5615035504238,4089.4384964495553,4089.4384964495553,16.600000000000001
186.5,116,4.7640198356626504,45.561984874380698,9.4383675929233046,1.4756320163924823,0.12161303257262655,41.076750240992439,5.4558093825126148,97.43182773460488,2.3484782384689415,233.65152176153092,0.0016680248557100605,972.99833197514613,972.99833197514613,1086.3016348738881,4091.6983651260916,4091.6983651260916,16.600000000000001
186.75,116,4.7705866169134765,45.624134725449231,9.3856042098034695,1.4719049170991196,0.12150766791291033,41.011866072626169,5.4478204360898026,97.561296696466897,2.3340903341037365,233.66590966589612,0.0016387640357240416,972.99836123596629,972.99836123596629,1084.0497528788574,4093.9502471211222,4093.9502471211222,16.600000000000001
187,116,4.7771614837190262,45.68630428737508,9.3330644575079145,1.4681796893815249,0.12140223612776294,40.946952303397516,5.4398254475277961,97.690575866055823,2.3198129256648867,233.68018707433501,0.0016100611846733073,972.99838993881724,972.99838993881724,1081.80582983468,4096.1941701653004,4096.1941701653004,16.600000000000001
187.25,116,4.7837443657010805,45.74849308000892,9.2807478628231124,1.4644563521349787,0.12129673616075579,40.882009465995147,5.431824482224024,97.819665100660373,2.3056450737758092,233.69435492622418,0.0015819049722758216,972.99841809502936,972.99841809502936,1079.5698380982549,4098.4301619017242,4098.4301619017242,16.600000000000001
187.5,116,4.7903351926565607,45.810700623052085,9.2286539510027641,1.4607349244282402,0.12119116697155118,40.817038092892432,5.4238176055812284,97.948564259122236,2.2915858475799147,233.7084141524202,0.0015542843101764943,972.99844571569099,972.99844571569099,1077.3417501138485,4100.6582498861317,4100.6582498861317,16.600000000000001
187.75,116,4.7969338945551918,45.87292643606645,9.1767822457755752,1.457015425500833,0.12108552753579636,40.752038716342575,5.415804883007338,98.07727320183632,2.2776343246603195,233.72236567533977,0.0015271883465638287,972.99847281165444,972.99847281165444,1075.121538412903,4102.8784615870745,4102.8784615870745,16.600000000000001
188,116,4.8035404015372274,45.93517003848465,9.1251322693532071,1.4532978747603489,0.12097981684501867,40.687011868373574,5.407786379915283,98.205791790751007,2.2637895909603092,233.73621040903978,0.0015006064609105528,972.9984993935401,972.9984993935401,1072.9091756138471,4105.0908243861304,4105.0908243861304,16.600000000000001
188.25,116,4.8101546439112051,45.997430949620458,9.0737035424383592,1.4495822917797547,0.12087403390652193,40.621958080782889,5.399762161722812,98.334119889368097,2.250050740704574,233.74994925929556,0.0014745282588352962,972.99852547174157,972.99852547174157,1070.7046344219066,4107.2953655780684,4107.2953655780684,16.600000000000001
188.5,116,4.8167765521517696,46.059708688678874,9.022495584232967,1.4458686962947167,0.12076817774328343,40.556877885132195,5.391732293852284,98.46225736274296,2.2364168763211958,233.76358312367896,0.0014489435670824488,972.99855105643337,972.99855105643337,1068.5078876289158,4109.4921123710574,4109.4921123710574,16.600000000000001
188.75,116,4.8234060568974959,46.122002774766734,8.9715079124465884,1.4421571082009257,0.12066224739385209,40.491771812741852,5.3836968417304485,98.590204077484799,2.2228871083643753,233.77711289163577,0.0014238424286173951,972.99857615757185,972.99857615757185,1066.3189081131247,4111.6810918868514,4111.6810918868514,16.600000000000001
189,116,4.8300430889487895,46.184312726903016,8.9207400433048534,1.4384475475514429,0.12055624191224786,40.42664039468535,5.375655870788191,98.717959901756359,2.2094605554379081,233.79053944456214,0.0013992150978344089,972.99860078490258,972.99860078490258,1064.137668839006,4113.8623311609717,4113.8623311609717,16.600000000000001
189.25,116,4.8366875792658117,46.246638064029462,8.8701914915580975,1.4347400345540469,0.12045016036786166,40.361484161783657,5.3676094464602819,98.845524705274485,2.1961363441193882,233.80386365588063,0.0013750520358745235,972.99862494796434,972.99862494796434,1061.9641428570628,4116.0358571429106,4116.0358571429106,16.600000000000001
189.5,116,4.8433394589664429,46.308978305021121,8.8198617704901388,1.431034589568601,0.12034400184535637,40.29630364459932,5.359557634185097,98.972898359309852,2.1829136088851278,233.81708639111488,0.0013513439060507965,972.99864865609413,972.99864865609413,1059.7983033036373,4118.2016966963374,4118.2016966963374,16.600000000000001
189.75,116,4.8499986593242941,46.371332968697025,8.7697503919271362,1.4273312331044163,0.12023776544456896,40.231099373430546,5.3515004994042963,99.100080736687403,2.1697914920358126,233.83020850796424,0.001328081569378419,972.99867191843043,972.99867191843043,1057.6401234007169,4120.3598765992574,4120.3598765992574,16.600000000000001
190,116,4.856665111766743,46.433701573830881,8.7198568662466247,1.4236299858176371,0.12013145028041347,40.165871878305154,5.3434381075625268,99.227071711785996,2.1567691436228564,233.8432308563772,0.0013052560802072079,972.99869474391983,972.99869474391983,1055.4895764557364,4122.5104235442368,4122.5104235442368,16.600000000000001
190.25,116,4.8633387478730201,46.496083639162002,8.6701807023866362,1.4199308685086318,0.12002505548278437,40.100621688974385,5.3353705241070832,99.353871160538816,2.1438457213754676,233.85615427862456,0.0012828586819540507,972.99871714131848,972.99871714131848,1053.3466358613844,4124.6533641385904,4124.6533641385904,16.600000000000001
190.5,116,4.8700194993723471,46.558478683405994,8.6207214078550098,1.4162339021193928,0.11991858019646176,40.035349334906648,5.327297814487558,99.480478960433288,2.1310203906284082,233.86897960937165,0.001260880802932956,972.99873911919769,972.99873911919769,1051.2112750954095,4126.7887249045652,4126.7887249045652,16.600000000000001
190.75,116,4.8767072981420707,46.6208862252657,8.5714784887387481,1.4125391077309484,0.11981202358101643,39.970055345281089,5.3192200441554451,99.60689499051108,2.1182923242504419,233.8817076757496,0.0012393140522804051,972.99876068594835,972.99876068594835,1049.0834677204223,4128.9165322795543,4128.9165322795543,16.600000000000001
191,116,4.8834020762058872,46.683305783442293,8.5224514497135679,1.4088465065607825,0.11970538481071664,39.90474024898117,5.3111372785637885,99.733119131368326,2.1056607025734859,233.89433929742648,0.0012181502159737674,972.99878184978479,972.99878184978479,1046.9631873836984,4131.0368126162784,4131.0368126162784,16.600000000000001
191.25,116,4.8901037657320536,46.745736876646163,8.4736397940535202,1.4051561199602642,0.11959866307443509,39.839404574587924,5.3030495831667439,99.859151265155447,2.0931247133224153,233.90687528667758,0.001197381252940579,972.99880261874785,972.99880261874785,1044.8504078169817,4133.1495921829937,4133.1495921829937,16.600000000000001
191.5,116,4.8968122990316827,46.808179023608133,8.4250430236407947,1.4014679694120888,0.11949185757555701,39.774048850373418,5.2949570234191743,99.984991275577343,2.0806835515455573,233.9193164484544,0.0011769992912565553,972.99882300070988,972.99882300070988,1042.7451028362855,4135.2548971636907,4135.2548971636907,16.600000000000001
191.75,116,4.9035276085570354,46.87063174309052,8.3766606389755704,1.3977820765277289,0.11938496753188906,39.708673604293708,5.2868596647761983,100.11063904789326,2.0683364195458465,233.93166358045411,0.001156996624430249,972.99884300337646,972.99884300337646,1040.6472463416949,4137.3527536582806,4137.3527536582806,16.600000000000001
192,116,4.9102496268998799,46.933094553898336,8.3284921391860358,1.3940984630448916,0.11927799217556882,39.643279363982188,5.2787575726927356,100.23609446891697,2.0560825268126353,233.94391747318724,0.0011373657077723182,972.998862634293,972.998862634293,1038.5568123171704,4139.4431876828048,4139.4431876828048,16.600000000000001
192.25,116,4.9169782867898517,46.99556697489065,8.2805370220385246,1.3904171508249894,0.11917093075297547,39.57786665674238,5.2706508126230371,100.36135742701653,2.0439210899541673,233.95607891004579,0.0011180991548474159,972.99888190084573,972.99888190084573,1036.4737748303421,4141.5262251696331,4141.5262251696331,16.600000000000001
192.5,116,4.9237135210928953,47.058048524991833,8.2327947839477389,1.386738161850616,0.11906378252464088,39.512436009540856,5.2625394500201841,100.48642781211439,2.0318513326306897,233.96814866736943,0.0010991897340067722,972.9989008102666,972.9989008102666,1034.3981080323176,4143.6018919676562,4143.6018919676562,16.600000000000001
192.75,116,4.9304552628096951,47.12053872320287,8.1852649199871248,1.3830615182230417,0.11895654676516135,39.446987949000082,5.2544235503355905,100.61130551568746,2.0198724854882077,233.98012751451188,0.0010806303649995596,972.9989193696357,972.9989193696357,1032.329786157477,4145.670213842498,4145.670213842498,16.600000000000001
193,116,4.9372034450741769,47.183037088612849,8.1379469238993174,1.3793872421597044,0.11884922276311068,39.381523001391031,5.2463031790184722,100.73599043076688,2.007983786092876,233.99201621390714,0.0010624141156612126,972.99893758588462,972.99893758588462,1030.2687835232744,4147.7312164767018,4147.7312164767018,16.600000000000001
193.25,116,4.9439580011520157,47.245543140410383,8.0908402881067349,1.3757153559917221,0.11874180982095307,39.316041692625781,5.2381784015152952,100.86048245193798,1.9961844788660155,234.00381552113407,0.0010445341986768911,972.9989554658016,972.9989554658016,1028.2150745300348,4149.7849254699404,4149.7849254699404,16.600000000000001
193.5,116,4.9507188644392031,47.308056397895143,8.0439445037222885,1.3720458821614068,0.11863430725495795,39.25054454825014,5.23004928326925,100.98478147534047,1.9844738150197578,234.01552618498027,0.0010269839684183288,972.99897301603198,972.99897301603198,1026.1686336607563,4151.8313663392182,4151.8313663392182,16.600000000000001
193.75,116,4.9574859684606229,47.370576380489389,7.9972590605601557,1.3683788432197947,0.11852671439511415,39.185032093435922,5.2219158897196465,101.10888739866785,1.9728510524933029,234.0271489475067,0.001009756917852353,972.9989902430824,972.9989902430824,1024.1294354809047,4153.8705645190767,4153.8705645190767,16.600000000000001
194,116,4.9642592468686857,47.433102607749625,7.9507834471467049,1.3647142618241799,0.11841903058504583,39.119504852973321,5.2137782863013431,101.23280012116793,1.9613154558897925,234.03868454411025,0.0009928466755194014,972.99900715332467,972.99900715332467,1022.097454638215,4155.9025453617651,4155.9025453617651,16.600000000000001
194.25,116,4.9710386334419727,47.49563459937815,7.9045171507315031,1.3610521607356618,0.11831125518192866,39.053963351263143,5.205636538444133,101.35651954364216,1.949866296413777,234.05013370358628,0.00097624700258039105,972.99902375299746,972.99902375299746,1020.0726658624855,4157.9273341374965,4157.9273341374965,16.600000000000001
194.5,116,4.9778240620839345,47.558171875234848,7.8584596572984529,1.3573925628167036,0.11820338755640651,38.98840811230896,5.1974907115721418,101.48004556844589,1.9385028518092962,234.0614971481908,0.00095995178993036213,972.99904004820996,972.99904004820996,1018.0550439653794,4159.9449560346038,4159.9449560346038,16.600000000000001
194.75,116,4.9846154668215945,47.620713955348812,7.8126104515770001,1.3537354910286936,0.11809542709250923,38.92283965970924,5.1893408711031723,101.60337809948793,1.9272244062985433,234.07277559370149,0.00094395505537732134,972.99905604494461,972.99905604494461,1016.0445638402166,4161.9554361597666,4161.9554361597666,16.600000000000001
195,116,4.9914127818043195,47.683260359930216,7.7669690170534746,1.3500809684295212,0.11798737318757066,38.857258516649203,5.181187082448071,101.7265170422307,1.9160302505211226,234.08396974947897,0.0009282509408847728,972.99907174905934,972.99907174905934,1014.041200461776,4163.958799538208,4163.958799538208,16.600000000000001
195.25,116,4.998215941302588,47.745810609382055,7.7215348359825144,1.3464290181711611,0.11787922525214749,38.791665205892841,5.1730294110100532,101.84946230368983,1.9049196814738865,234.09508031852616,0.00091283370987645313,972.99908716629022,972.99908716629022,1012.0449288860881,4165.9550711138945,4165.9550711138945,16.600000000000001
195.5,116,5.0050248797068182,47.808364224312051,7.6763073893985911,1.3427796634972688,0.11777098270993881,38.726060249774733,5.1648679221840288,101.972213792434,1.8938920024513517,234.10610799754875,0.00089769774460182012,972.99910230225601,972.99910230225601,1010.0557242502331,4167.9442757497482,4167.9442757497482,16.600000000000001
195.75,116,5.0118395315262063,47.870920725544408,7.6312861571276365,1.3391329277407835,0.11766264499770596,38.660444170191703,5.1567026813559025,102.09477141858484,1.8829465229866846,234.11705347701346,0.00088283754356088102,972.9991171624572,972.9991171624572,1008.0735617721355,4169.9264382278452,4169.9264382278452,16.600000000000001
196,116,5.0186598313876045,47.933479634131871,7.5864706177987742,1.3354888343215388,0.11755421156519347,38.594817488594565,5.1485337539018827,102.21713509381657,1.8720825587932519,234.12791744120688,0.00086824771898698404,972.9991317522813,972.9991317522813,1006.0984167503617,4171.9015832496179,4171.9015832496179,16.600000000000001
196.25,116,5.0254857140344198,47.996040471367643,7.5418602488561239,1.3318474067438895,0.11744568187504999,38.529180725979806,5.1403612051877303,102.33930473135591,1.8612994317067335,234.13870056829342,0.00085392299438622019,972.99914607700566,972.99914607700566,1004.1302645639154,4173.8697354360665,4173.8697354360665,16.600000000000001
196.5,116,5.0323171143255765,48.058602758797228,7.4974545265707269,1.3282086685943431,0.11733705540275044,38.463534402880917,5.1321851005680417,102.46128024598174,1.8505964696277919,234.14940353037224,0.00083985820213212698,972.99916014179814,972.99916014179814,1002.1690806720301,4175.8309193279483,4175.8309193279483,16.600000000000001
196.75,116,5.039153967234455,48.121166018230646,7.4532529260525378,1.3245726435391971,0.1172283316365182,38.397879039359985,5.1240055053855036,102.58306155402482,1.8399730064652886,234.1600269935347,0.0008260482811144077,972.99917395171917,972.99917395171917,1000.2148406139681,4177.7851593860141,4177.7851593860141,16.600000000000001
197,116,5.045996207847903,48.183729771754379,7.4092549212625283,1.3209393553221962,0.11711951007724808,38.332215154999069,5.1158224849701073,102.70464857336742,1.8294283820800417,234.17057161791979,0.00081248827444041006,972.99918751172584,972.99918751172584,998.26752000881447,4179.7324799911676,4179.7324799911676,16.600000000000001
197.25,116,5.0528437713652536,48.246293541743455,7.3654599850248763,1.3173088277621934,0.11701059023842993,38.266543268891496,5.107636104638388,102.82604122344317,1.8189619422291337,234.18103805777068,0.00079917332718815084,972.99920082667325,972.99920082667325,996.32709455527004,4181.6729054447105,4181.6729054447105,16.600000000000001
197.5,116,5.0596965930973923,48.308856850873433,7.3218675890392237,1.3136810847508122,0.11690157164607258,38.200863899633148,5.0994464296926285,102.9472394252367,1.8085730385107408,234.19142696148916,0.00078609868420968039,972.99921390131624,972.99921390131624,994.39354003144774,4183.6064599685324,4183.6064599685324,16.600000000000001
197.75,116,5.0665546084658235,48.371419222132765,7.2784772038930514,1.3100561502501404,0.11679245383862857,38.135177565313519,5.0912535254200471,103.06824310128324,1.7982610283094986,234.20173897169036,0.00077325968798363208,972.99922674031245,972.99922674031245,992.46683229466737,4185.5331677053118,4185.5331677053118,16.600000000000001
198,116,5.0734177530017872,48.433980178834759,7.235288299074103,1.3064340482904091,0.11668323636691912,38.069484783507015,5.0830574570919902,103.18905217566818,1.7880252747423897,234.21197472525751,0.00076065177651581388,972.9992393482238,972.9992393482238,990.54694728124957,4187.4530527187317,4187.4530527187317,16.600000000000001
198.25,116,5.0802859623454069,48.496539244629766,7.1923003429829357,1.3028148029676985,0.11657391879405968,38.003786071263967,5.0748582899630978,103.30966657402686,1.7778651466051505,234.22213485339483,0.00074827048128673127,972.99925172951896,972.99925172951896,988.63386100630953,4189.3661389936724,4189.3661389936724,16.600000000000001
198.5,116,5.0871591722448422,48.55909594351747,7.1495128029455213,1.2991984384416444,0.11646450069538626,37.938081945101551,5.0666560892704595,103.43008622354401,1.7677800183191947,234.23221998168077,0.00073611142524495938,972.99926388857489,972.99926388857489,986.72754956355243,4191.2724504364314,4191.2724504364314,16.600000000000001
198.75,116,5.0940373185554941,48.621649799858986,7.1069251452259383,1.2955849789331615,0.1163549816583819,37.872372920994827,5.058450920232759,103.5503110529535,1.7577692698790337,234.24223073012089,0.00072417032084530659,972.99927582967916,972.99927582967916,984.82798912506735,4193.1720108749205,4193.1720108749205,16.600000000000001
199,116,5.1009203372392191,48.684200338389218,7.0645368350391351,1.2919744487221647,0.11624536128260379,37.806659514367624,5.0502428480493995,103.67034099253772,1.7478322868002207,234.25216771319967,0.00071244296813073192,972.99928755703183,972.99928755703183,982.93515594112023,4195.0648440588675,4195.0648440588675,16.600000000000001
199.25,116,5.1078081643635693,48.746747084228993,7.0223473365637865,1.2883668721453165,0.11613563917961078,37.740942240083328,5.0420319378996314,103.79017597412695,1.7379684600677778,234.26203153993211,0.00070092525285701205,972.99929907474677,972.99929907474677,981.04902633994925,4196.9509736600385,4196.9509736600385,16.600000000000001
199.5,116,5.1147007361010868,48.809289562897412,6.9803561129552207,1.2847622735937703,0.11602581497289156,37.675221612435678,5.0338182549416555,103.90981593109942,1.7281771860851221,234.2718228139147,0.00068961314465917152,972.99931038685463,972.99931038685463,979.16957672755814,4198.8304232724295,4198.8304232724295,16.600000000000001
199.75,116,5.1215979887285821,48.871827300324036,6.9385626263584195,1.2811606775109308,0.11591588829779301,37.60949814513949,5.0256018643117191,104.02926079838031,1.7184578666234855,234.28154213337621,0.0006785026952587129,972.99932149730432,972.99932149730432,977.29678358750994,4200.7032164124812,4200.7032164124812,16.600000000000001
200,116,5.1284998586264763,48.934359822861353,6.8969663379210733,1.2775621083902204,0.11580585880144903,37.543772351321365,5.0173828311232009,104.14851051244135,1.7088099087718154,234.29119009122789,0.00066759003671071067,972.99933240996279,972.99933240996279,975.4306234807209,4202.5693765192718,4202.5693765192718,16.600000000000001
200.25,116,5.1354062822781268,48.996886657296919,6.8555667078067568,1.273966590772861,0.11569572614271037,37.478044743510232,5.0091612204656721,104.26756501130039,1.6992327248871559,234.30076727511258,0.00065687137968985102,972.99934312861956,972.99934312861956,973.57107304525528,4204.4289269547362,4204.4289269547362,16.600000000000001
200.5,116,5.142317196269242,49.059407330865739,6.8143631952081138,1.2703741492456573,0.11558548999207394,37.412315833628121,5.0009370974039742,104.38642423452069,1.6897257325455082,234.31027426745422,0.00064634301181452382,972.99935365698764,972.99935365698764,971.71810899611717,4206.2818910038741,4206.2818910038741,16.600000000000001
200.75,116,5.1492325372872489,49.121921371262687,6.7733552583601675,1.2667848084387976,0.11547515003161328,37.346586132980484,4.99271052697725,104.50508812321027,1.6802883544931533,234.31971164550657,0.00063600129600808932,972.9993639987033,972.9993639987033,969.87170812504633,4208.1282918749475,4208.1282918749475,16.600000000000001
201,116,5.1561522421207373,49.184428306654716,6.7325423545536642,1.2631985930236611,0.11536470595490932,37.280856152246777,4.9844815741980044,104.62355662002152,1.6709200185984543,234.32907998140126,0.00062584266889647319,972.99937415733064,972.99937415733064,968.03184730031217,4209.9681526996801,4209.9681526996801,16.600000000000001
201.25,116,5.1630762476589016,49.246927665693292,6.6919239401484916,1.2596155277106356,0.11525415746698112,37.215126401470997,4.9762503040511046,104.74182966915035,1.6616201578041083,234.33837984219562,0.00061586363924125056,972.99938413636028,972.99938413636028,966.19850346650446,4211.8014965334878,4211.8014965334878,16.600000000000001
201.5,116,5.1700044908910074,49.309418977526747,6.6514994705871535,1.2560356372469463,0.11514350428421759,37.149397390051895,4.968016781492822,104.85990721633554,1.6523882100798652,234.34761178991997,0.00060606078640740942,972.99939393921341,972.99939393921341,964.37165364433054,4213.6283463556629,4213.6283463556629,16.600000000000001
201.75,116,5.1769369089059101,49.371901771812631,6.6112684004083366,1.2524589464144924,0.11503274613430933,37.083669626733489,4.9597810714498127,104.97778920885818,1.6432236183756948,234.35677638162417,0.00059643075886499722,972.99940356924094,972.99940356924094,962.55127493040868,4215.4487250695865,4215.4487250695865,16.600000000000001
202,116,5.1838734388915615,49.434375578729991,6.5712301832605116,1.2488854800276967,0.11492188275618082,37.01794361959535,4.9515432388181368,105.09547559554078,1.6341258305753996,234.36587416942436,0.0005869702727238778,972.99941302972718,972.99941302972718,960.73734449705978,4217.2626555029374,4217.2626555029374,16.600000000000001
202.25,116,5.1908140181345495,49.49683992899196,6.5313842719155897,1.2453152629313633,0.11481091389992307,36.952219876042967,4.9433033484622335,105.21296632674657,1.6250942994506845,234.37490570054902,0.00057767611030084003,972.99942232388935,972.99942232388935,958.92983959210414,4219.0701604078913,4219.0701604078913,16.600000000000001
202.5,116,5.197758584019688,49.559294353857972,6.4917301182826694,1.2417483199985442,0.11469983932672645,36.886498902797847,4.9350614652138907,105.33026135437898,1.6161284826156501,234.38387151738399,0.00056854511871831865,972.99943145488123,972.99943145488123,957.12873753865426,4220.8712624613427,4220.8712624613427,16.600000000000001
202.75,116,5.2047070740295798,49.621738385146074,6.452267173421812,1.2381846761284203,0.11458865880881437,36.820781205887869,4.9268176538712254,105.44736063188051,1.6072278424817368,234.3927721575179,0.00055957420853400372,972.99944042579159,972.99944042579159,955.33401573490892,4222.6659842650888,4222.6659842650888,16.600000000000001
203,116,5.2116594257442479,49.68417155524552,6.4129948875578853,1.2346243562441899,0.11447737212937666,36.755067290637463,4.918571979197619,105.5642641142321,1.5983918462130891,234.40160815378658,0.00055076035240064021,972.99944923964745,972.99944923964745,953.54565165394695,4224.4543483460511,4224.4543483460511,16.600000000000001
203.25,116,5.2186155768407554,49.746593397128862,6.373912710094463,1.2310673852909673,0.11436597908250384,36.689357661657709,4.9103245059206895,105.68097175795231,1.5896199656823542,234.41038003431734,0.00054210058375532154,972.99945789941592,972.99945789941592,951.76362284352228,4226.2363771564742,4226.2363771564742,16.600000000000001
203.5,116,5.2255754650928781,49.809003444364592,6.3350200896277737,1.2275137882336904,0.11425447947312151,36.62365282283654,4.902075298731206,105.79748352109635,1.5809116774269061,234.41908832257278,0.00053359199553760985,972.99946640800408,972.99946640800408,949.98790692585897,4228.0120930741386,4228.0120930741386,16.600000000000001
203.75,116,5.2325390283707751,49.87140123112934,6.2963164739606947,1.2239635900550438,0.11414287311692503,36.557953277328735,4.8938244222820231,105.91379936325524,1.5722664626054794,234.42773353739426,0.00052523173893582499,972.99947476826071,972.99947476826071,948.21848159744297,4229.781518402554,4229.781518402554,16.600000000000001
204,116,5.2395062046406808,49.93378629222024,6.2578013101168075,1.2204168157533875,0.11403115984031456,36.492259527546182,4.8855719411870071,106.02991924555494,1.5636838069552295,234.43631619304449,0.00051701702216086173,972.99948298297772,972.99948298297772,946.45532462881999,4231.5446753711767,4231.5446753711767,16.600000000000001
204.25,116,5.2464769319646365,49.996158163067314,6.2194740443545067,1.2168734903406979,0.11391933948033063,36.426572075147803,4.877317920019939,106.14584313065534,1.5551632007491958,234.44483679925057,0.00050894510924690743,972.99949105489054,972.99949105489054,944.69841386438782,4233.3015861356089,4233.3015861356089,16.600000000000001
204.5,116,5.2534511485002193,50.058516379745896,6.1813341221811413,1.213333638840518,0.11380741188458966,36.360891421029528,4.8690624233134185,106.26157098274942,1.5467041387541776,234.45329586124555,0.00050101331887845296,972.99949898668115,972.99949898668115,942.94772722219273,4235.0522727778052,4235.0522727778052,16.600000000000001
204.75,116,5.2604287925003224,50.120860478988824,6.1433809883671922,1.2097972862859179,0.1136953769112201,36.295218065314451,4.8608055155577556,106.37710276756208,1.538306120189008,234.46169387981075,0.00049321902324299567,972.99950678097696,972.99950678097696,941.2032426937235,4236.7967573062788,4236.7967573062788,16.600000000000001
205,116,5.2674098023129163,50.183189998198841,6.105614086960534,1.2062644577174704,0.11358323442879872,36.229552507342724,4.852547261199855,106.49243845234925,1.5299686486832347,234.47003135131655,0.00048555964690885221,972.9995144403531,972.9995144403531,939.46493834370665,4238.5350616562955,4238.5350616562955,16.600000000000001
205.25,116,5.2743941163808614,50.245504475460841,6.0680328613007051,1.202735178181231,0.11347098431628734,36.163895245661514,4.8442877246420997,106.60757800589678,1.5216912322361906,234.47830876776359,0.00047803266572751487,972.99952196733443,972.99952196733443,937.73279230990192,4240.2672076901017,4240.2672076901017,16.600000000000001
205.5,116,5.2813816732417287,50.307803449554271,6.03063675403323,1.1992094727267331,0.11335862646296961,36.09824677801501,4.8360269702412042,106.72252139851945,1.5134733831764577,234.48652661682337,0.00047063560575999155,972.99952936439456,972.99952936439456,936.00678280289799,4241.9932171971059,4241.9932171971059,16.600000000000001
205.75,116,5.2883724115276394,50.3700864599653,5.9934252071239733,1.195687366404989,0.11324616076838825,36.032607601334384,4.8277650623070976,106.83726860205974,1.5053146181217179,234.49468538187799,0.00046336604222658832,972.99953663395809,972.99953663395809,934.28688810590756,4243.7131118940997,4243.7131118940997,16.600000000000001
206,116,5.2953662699651254,50.432353046899244,5.9563976618735559,1.192168884266509,0.1131335871422826,35.966978211727536,4.8195020651017568,106.9518195898869,1.4972144579389917,234.50278554206062,0.00045622159847960348,972.99954377840209,972.99954377840209,932.57308657456235,4245.4269134254455,4245.4269134254455,16.600000000000001
206.25,116,5.3023631873750041,50.494602751292639,5.9195535589317778,1.1886540513593247,0.1130209055045264,35.901359104469201,4.8112380428380606,107.0661743368956,1.4891724277052545,234.51082757229435,0.0004491999449984159,972.99955080005566,972.99955080005566,930.86535663670975,4247.1346433633025,4247.1346433633025,16.600000000000001
206.5,116,5.3093631026722905,50.556835114825546,5.8828923383120983,1.1851428927270236,0.11290811578506579,35.835750773990789,4.802973059678628,107.18033281950494,1.4811880566684301,234.51881194333114,0.00044229879840646002,972.99955770120266,972.99955770120266,929.16367679221037,4248.8363232078027,4248.8363232078027,16.600000000000001
206.75,116,5.3163659548660869,50.619049679933831,5.846413439406148,1.1816354334068,0.11279521792385769,35.770153713870172,4.7947071797346608,107.2942950156569,1.4732608782087582,234.52673912179071,0.00043551592050959539,972.99956448408045,972.99956448408045,927.46802561273148,4250.5319743872788,4250.5319743872788,16.600000000000001
207,116,5.3233716830595492,50.681245989821292,5.810116300998259,1.1781316984275101,0.11268221187080812,35.704568416821608,4.7864404670647467,107.40806090481557,1.4653904298005305,234.53460957019897,0.00042884911735538694,972.99957115088398,972.99957115088398,925.7783817415459,4252.2216182584634,4252.2216182584634,16.600000000000001
207.25,116,5.3303802264498179,50.743423588471828,5.7740003612800468,1.1746317128077448,0.11256909758571138,35.638995374685656,4.7781729856736934,107.52163046796561,1.4575762529741929,234.54242374702531,0.00042229623831282413,972.99957770376318,972.99957770376318,924.09472389332768,4253.9052761066851,4253.9052761066851,16.600000000000001
207.5,116,5.3373915243279884,50.805582020661646,5.7380650578650023,1.1711355015539042,0.1124558750381888,35.573435078419053,4.7699047995113313,107.63500368761099,1.4498178932788126,234.55018210672071,0.00041585517517201922,972.99958414482637,972.99958414482637,922.4170308539484,4255.582969146064,4255.582969146064,16.600000000000001
207.75,116,5.3444055160791129,50.867720831971276,5.7023098278031314,1.167643089658295,0.11234254420762831,35.507888018084437,4.7616359724713249,107.74818054777367,1.4421149002449025,234.55788509975466,0.00040952386126343559,972.9995904761405,972.9995904761405,920.74528148027548,4257.2547185197373,4257.2547185197373,16.600000000000001
208,116,5.3514221411821845,50.929839568797888,5.6667341075956035,1.1641545020972284,0.11222910508312381,35.442354682840296,4.7533665683899704,107.86116103399223,1.4344668273475969,234.56553317265198,0.00040330027059620451,972.999596699731,972.999596699731,919.07945469996866,4258.9205453000441,4258.9205453000441,16.600000000000001
208.25,116,5.3584413392101835,50.991937778367173,5.6313373332094399,1.1606697638291341,0.11211555766341506,35.376835560930829,4.7450966510449897,107.97394513332065,1.4268732319701871,234.57312676802943,0.00039718241701510349,972.9996028175849,972.9996028175849,917.41952951127826,4260.580470488735,4260.580470488735,16.600000000000001
208.5,116,5.3654630498300993,51.054015008745395,5.5961189400922233,1.1571888997926849,0.11200190195682767,35.311331139675715,4.7368262841543141,108.08653283432666,1.4193336753680015,234.58066632463161,0.00039116835337577656,972.99960883164852,972.99960883164852,915.76548498284171,4262.2345150171741,4262.2345150171741,16.600000000000001
208.75,116,5.372487212802981,51.116070808851561,5.5610783631868301,1.1537119349049361,0.11188813798121311,35.245841905460054,4.728555531374866,108.19892412709052,1.4118477226326278,234.58815227736699,0.00038525617073778513,972.99961474383156,972.99961474383156,914.11730025348288,4263.8826997465294,4263.8826997465294,16.600000000000001
209,116,5.3795137679840215,51.178104728469265,5.5262150369461693,1.1502388940594657,0.11177426576388971,35.180368343724119,4.720284456301342,108.31111900320339,1.4044149426564854,234.59558505734307,0.00037944399757509244,972.99962055600474,972.99962055600474,912.47495453200872,4265.5250454680036,4265.5250454680036,16.600000000000001
209.25,116,5.3865426553226472,51.240116318258757,5.4915283953479737,1.1467698021245389,0.1116602853415829,35.114910938953273,4.7120131224649686,108.423117455766,1.3970349080977289,234.60296509190184,0.000373729999003589,972.99962627000332,972.99962627000332,910.83842709701071,4267.1615729030018,4267.1615729030018,16.600000000000001
209.5,116,5.3935738148625987,51.302105129768805,5.4570178719095628,1.1433046839412757,0.1115461967603662,35.049470174667782,4.7037415933322828,108.5349194793871,1.3897071953454896,234.61029280465411,0.00036811237602527724,972.99963188762638,972.99963188762638,909.20769729666131,4268.792302703353,4268.792302703353,16.600000000000001
209.75,116,5.4006071867420715,51.364070715448634,5.4226828997026884,1.1398435643218308,0.11143200007560224,34.984046533412695,4.6954699323038911,108.64652507018165,1.3824313844854499,234.6175686155141,0.00036258936478874258,972.99963741063823,972.99963741063823,907.58274454851244,4270.4172554515026,4270.4172554515026,16.600000000000001
210,116,5.4076427111938425,51.426012628659791,5.3885229113683231,1.1363864680475868,0.11131769535188432,34.918640496747727,4.6871982027132093,108.75793422576969,1.3752070592657444,234.62479294073381,0.00035715923586554922,972.99964284076748,972.99964284076748,905.96354833929627,4272.0364516607187,4272.0364516607187,16.600000000000001
210.25,116,5.4146803285454155,51.487930423687914,5.354537339131527,1.1329334198673584,0.11120328266297767,34.853252545237154,4.6789264678252342,108.86914694527417,1.3680338070631903,234.63196619293643,0.00035182029354219996,972.99964817971011,972.99964817971011,904.35008822472355,4273.6499117752919,4273.6499117752919,16.600000000000001
210.5,116,5.4217199792191906,51.549823655754651,5.3207256148162729,1.1294844444956098,0.11108876209176115,34.787883158439584,4.6706547908352762,108.98016322931987,1.3609112188498347,234.6390887811497,0.00034657087512731695,972.99965342912867,972.99965342912867,902.74234382928535,4275.2576561707319,4275.2576561707319,16.600000000000001
210.75,116,5.4287616037326361,51.611691881029294,5.2870871698603334,1.1260395666106762,0.1109741337301693,34.722532814897995,4.6623832348677077,109.09098308003149,1.3538388891598283,234.64616111083961,0.00034140935027370092,972.99965859065321,972.99965859065321,901.14029484605169,4276.8597051539682,4276.8597051539682,16.600000000000001
211,116,5.4358051426984897,51.673534656640591,5.2536214353301363,1.1225988108530098,0.11085939767913428,34.657201992129558,4.6541118629746965,109.20160650103183,1.3468164160566085,234.65318358394279,0.00033633412031493893,972.99966366588308,972.99966366588308,899.54392103647137,4278.456078963547,4278.456078963547,16.600000000000001
211.25,116,5.4428505368249489,51.735351540688313,5.2203278419356636,1.1191622018234282,0.11074455404852818,34.591891166615561,4.645840738134952,109.31203349744018,1.3398434011004023,234.66015659889905,0.00033134361761623572,972.99966865638601,972.99966865638601,897.95320223017347,4280.0467977698445,4280.0467977698445,16.600000000000001
211.5,116,5.4498977269159141,51.797142092255008,5.187205820045329,1.1157297640813717,0.11062960295710537,34.52660081379139,4.6375699232524337,109.42226407587067,1.332919449316033,234.66708055068344,0.0003264363049391508,972.99967356369882,972.99967356369882,896.36811832476826,4281.6318816752491,4281.6318816752491,16.600000000000001
211.75,116,5.4569466538711993,51.858905871417541,5.1542547997008805,1.1123015221431833,0.11051454453244516,34.461331408036422,4.629299481155102,109.53229824443027,1.3260441691610352,234.67395583083842,0.00032161067481993377,972.99967838932866,972.99967838932866,894.78864928565042,4283.2113507143686,4283.2113507143686,16.600000000000001
212,116,5.4639972586868035,51.920642439258678,5.1214742106323001,1.108877500480391,0.11039937891089467,34.396083422664034,4.6210294745936276,109.64213601271706,1.3192171724940833,234.68078282750542,0.0003168652489611554,972.99968313475472,972.99968313475472,893.2147751457951,4284.7852248542222,4284.7852248542222,16.600000000000001
212.25,116,5.4710494824551592,51.982351357878549,5.0888634822727079,1.1054577235180061,0.11028410623751146,34.330857329911545,4.6127599662401053,109.75177739181835,1.3124380745437061,234.68756192545575,0.00031219857763633782,972.99968780142592,972.99968780142592,891.64647600556566,4286.3535239944513,4286.3535239944513,16.600000000000001
212.5,116,5.4781032663653946,52.044032190406249,5.0564220437732805,1.1020422156328371,0.11016872666600716,34.265653600930314,4.6044910186867902,109.861222394309,1.3057064938773126,234.69429350612211,0.00030760923910729579,972.99969239076461,972.99969239076461,890.08373203251256,4287.9162679675064,4287.9162679675064,16.600000000000001
212.75,116,5.4851585517036465,52.105684501011034,5.024149324018147,1.0986310011518026,0.1100532403586903,34.200472705775589,4.5962226944447924,109.97047103424921,1.2990220523705023,234.7009779476289,0.00030309583905390797,972.99969690416458,972.99969690416458,888.52652346117759,4289.4734765388412,4289.4734765388412,16.600000000000001
213,116,5.4922152798533448,52.167307854913943,4.9920447516392956,1.0952241043502715,0.10993764748640987,34.135315113396778,4.5879550559427997,110.0795233271827,1.2923843751766813,234.70761562482275,0.00029865701001604222,972.99970134299372,972.99970134299372,886.97483059289402,4291.0251694071239,4291.0251694071239,16.600000000000001
213.25,116,5.499273392295521,52.228901818398988,4.9601077550314896,1.0918215494504062,0.10982194822849894,34.070181291627307,4.5796881655257797,110.18837929013478,1.285793090696953,234.71420690930256,0.00029429141084736412,972.99970570859261,972.99970570859261,885.42863379559333,4292.5713662044254,4292.5713662044254,16.600000000000001
213.5,116,5.506332830609141,52.290465958824448,4.9283377623671702,1.0884233606195217,0.10970614277271858,34.005071707174864,4.571422085453694,110.2970389416103,1.2792478305503101,234.72075216944921,0.00028999772618076755,972.99971000227754,972.99971000227754,883.88791350360543,4294.1120864964159,4294.1120864964159,16.600000000000001
213.75,116,5.5133935364714279,52.351999844634172,4.8967342016113502,1.0850295619684514,0.10959023131520129,33.939986825611456,4.5631568779001874,110.40550230159164,1.2727482295440986,234.72725177045535,0.00028577466590517224,972.99971422533747,972.99971422533747,882.3526502174642,4295.6473497825573,4295.6473497825573,16.600000000000001
214,116,5.5204554516582336,52.4135030453686,4.8652965005365081,1.081640177549934,0.10947421406039541,33.874927111363526,4.5548926049513092,110.51376939153666,1.2662939256447692,234.7337060743547,0.00028162096465343147,972.99971837903888,972.99971837903888,880.82282450371133,4297.1771754963102,4297.1771754963102,16.600000000000001
214.25,116,5.5275185180443689,52.474975131676153,4.834024086737478,1.0782552313570037,0.10935809122100917,33.809893027702167,4.546629328604193,110.62184023437645,1.2598845599489101,234.74011544005049,0.00027753538130110943,972.9997224646221,972.9997224646221,879.29841699470023,4298.7015830053215,4298.7015830053215,16.600000000000001
214.5,116,5.5345826776039955,52.536415675324029,4.802916387646329,1.0748747473213998,0.10924186301795508,33.744885036733294,4.5383671107657628,110.72971485451355,1.2535197766545481,234.74648022334483,0.00027351669847588777,972.99972648330481,972.99972648330481,877.77940838840152,4300.2205916116181,4300.2205916116181,16.600000000000001
214.75,116,5.5416478724110068,52.597824249209452,4.7719728305472229,1.0714987493119803,0.10912552968029429,33.679903599387934,4.5301060132514364,110.83739327781943,1.2471992230327313,234.75280077696658,0.00026956372207736416,972.9997304362812,972.9997304362812,876.26577944820667,4301.7342205518153,4301.7342205518153,16.600000000000001
215,116,5.5487140446393992,52.659200427370486,4.7411928425912953,1.0681272611331583,0.1090090914451811,33.61494917541247,4.5218460977838042,110.94487553163245,1.2409225493993721,234.75907745059996,0.00026567528080701712,972.99973432472245,972.99973432472245,874.75751100273555,4303.2424889972881,4303.2424889972881,16.600000000000001
215.25,116,5.5557811365636924,52.720543784997069,4.7105758508114741,1.0647603065233424,0.10889254855780793,33.550022223358795,4.5135874259913331,111.05216164475561,1.2346894090873708,234.76531059091181,0.00026185022570811268,972.99973814977761,972.99973814977761,873.25458394564089,4304.7454160543857,4304.7454160543857,16.600000000000001
215.5,116,5.5628490905593457,52.781853898441803,4.6801212821373301,1.0613979091533936,0.10877590127134988,33.485123200574854,4.5053300594070578,111.1592516474544,1.228499458418993,234.77150054158011,0.00025808742971533162,972.99974191257354,972.99974191257354,871.75697923541429,4306.2430207646121,4306.2430207646121,16.600000000000001
215.75,116,5.5699178491031685,52.843130345230762,4.6498285634098906,1.0580400926250917,0.10865914984690996,33.420252563194829,4.4970740594672707,111.26614557145443,1.222352356678517,234.77764764332051,0.00025438578721390754,972.99974561421584,972.99974561421584,870.26467789519347,4307.7353221048315,4307.7353221048315,16.600000000000001
216,116,5.5769873547737676,52.904372704074291,4.61969712139644,1.0546868804696168,0.10854229455346405,33.355410766129616,4.4888194875102014,111.37284344993913,1.2162477660851385,234.7837522339139,0.00025074421360806452,972.99974925578931,972.99974925578931,868.77766101256839,4309.222338987458,4309.222338987458,16.600000000000001
216.25,116,5.5840575502519858,52.965580554877619,4.5897263828053116,1.0513382961460429,0.10842533566780609,33.290598263057326,4.4805664047747298,111.47934531754724,1.210185351766135,234.78981464823289,0.00024716164489854985,972.99975283835818,972.99975283835818,867.295909739389,4310.7040902606386,4310.7040902606386,16.600000000000001
216.5,116,5.5911283783213443,53.026753478751552,4.5599157743006469,1.0479943630398425,0.10830827347449347,33.225815506413539,4.472314872399056,111.58565121037088,1.2041647817302805,234.79583521826871,0.00024363703726906457,972.99975636296585,972.99975636296585,865.81940529157316,4312.1805947084522,4312.1805947084522,16.600000000000001
216.75,116,5.5981997818685212,53.087891058022983,4.5302647225171357,1.0446551044614065,0.10819110826579256,33.161062947382064,4.46406495141939,111.69176116595264,1.198185726841523,234.80181427315759,0.0002401693666813943,972.99975983063655,972.99975983063655,864.3481289489124,4313.6518710511118,4313.6518710511118,16.600000000000001
217,116,5.6052717038838136,53.148992876245472,4.5007726540747752,1.0413205436445752,0.10807384034162411,33.096341035885267,4.4558167027686517,111.79767522328352,1.1922478607928981,234.8077521392062,0.00023675762847905228,972.99976324237514,972.99976324237514,862.88206205488382,4315.1179379451414,4315.1179379451414,16.600000000000001
217.25,116,5.6123440874616222,53.210058518209628,4.4714389955935303,1.0379907037451785,0.107956470009509,33.031650220574832,4.4475701872751445,111.90339342280019,1.1863508600807042,234.81364913991837,0.00023340083699924675,972.99976659916672,972.99976659916672,861.42118601645529,4316.5788139835722,4316.5788139835722,16.600000000000001
217.5,116,5.619416875800944,53.271087569953423,4.4422631737080494,1.0346656078395959,0.10783899758451414,32.966990948822307,4.4393254656612573,112.00891580638275,1.1804944039789127,234.81950559602026,0.0002300980251929912,972.99976990197865,972.99976990197865,859.96548230389703,4318.0345176961309,4318.0345176961309,16.600000000000001
217.75,116,5.6264900122058705,53.332079618772703,4.413244615082311,1.0313452789233242,0.10772142338919817,32.902363666709668,4.4310825985421385,112.11424241735179,1.1746781745138275,234.82532182548539,0.00022684824425317989,972.99977315175954,972.99977315175954,858.51493245058919,4319.4850675494354,4319.4850675494354,16.600000000000001
218,116,5.6335634400860819,53.393034253231257,4.3843827464242437,1.028029739909559,0.1076037477535577,32.837768819020312,4.4228416464243967,112.21937330046636,1.1689018564389861,234.8310981435603,0.00022365056325045402,972.99977634944082,972.99977634944082,857.06951805283279,4320.9304819471918,4320.9304819471918,16.600000000000001
218.25,116,5.6406371029573714,53.453951063171118,4.3556769945003522,1.0247190136277888,0.10748597101497313,32.773206849229503,4.4146026697047871,112.32430850192104,1.1631651372102902,234.83683486278903,0.00022050406877668997,972.9997794959354,972.9997794959354,855.62922076965901,4322.3707792303612,4322.3707792303612,16.600000000000001
218.5,116,5.6477109444421769,53.514829639722606,4.3271267861502807,1.0214131228224053,0.10736809351815516,32.708678199495381,4.4063657286689031,112.42904806934325,1.1574677069613841,234.84253229303792,0.0002174078645959422,972.9997825921397,972.9997825921397,854.19402232264133,4323.8059776773789,4323.8059776773789,16.600000000000001
218.75,116,5.6547849082701012,53.57566957531445,4.2987315483013662,1.0181120901513196,0.10725011561509087,32.644183310649758,4.3981308834898556,112.53359205179098,1.1518092584792585,234.84819074151994,0.00021436107130267895,972.99978563893296,972.99978563893296,852.76390449570454,4325.2360955043168,4325.2360955043168,16.600000000000001
219,116,5.6618589382784519,53.636470463683715,4.2704907079831527,1.0148159381845983,0.10713203766499033,32.579722622188974,4.3898981942269826,112.63794049974962,1.1461894871800864,234.85381051281917,0.00021136282598715282,972.9997886371782,972.9997886371782,851.33884913493796,4326.6611508650813,4326.6611508650813,16.600000000000001
219.25,116,5.668932978412788,53.697231899885686,4.2424036923418811,1.0115246894031085,0.10701386003423294,32.515296572264923,4.3816677208245363,112.74209346512963,1.1406080910852969,234.85939190891401,0.00020841228190774928,972.99979158772226,972.99979158772226,849.91883814840503,4328.0811618516154,4328.0811618516154,16.600000000000001
219.5,116,5.6760069727274738,53.757953480303868,4.214469928654939,1.0082383661971774,0.10689558309631417,32.450905597675927,4.3734395231103678,112.84605100126355,1.1350647707978618,234.86493522920148,0.00020550860817016389,972.99979449139562,972.99979449139562,848.50385350595627,4329.4961464940661,4329.4961464940661,16.600000000000001
219.75,116,5.6830808653862457,53.818634802659567,4.1866888443452908,1.004956990865264,0.10677720723179213,32.386550133857902,4.3652136607946366,112.94981316290341,1.1295592294788184,234.87044077052053,0.00020265098941325797,972.99979734901399,972.99979734901399,847.09387723904308,4330.9061227609818,4330.9061227609818,16.600000000000001
220,116,5.6901546006627717,53.879275466021745,4.1590598669958565,1.0016805856126456,0.10665873282823445,32.322230614875359,4.3569901934685005,113.05338000621774,1.1240911728240104,234.87590882717532,0.0001998386255014489,972.99980016137783,972.99980016137783,845.68889144052889,4332.3111085594974,4332.3111085594974,16.600000000000001
220.25,116,5.6972281229412225,53.939875070816605,4.1315824243638586,0.99840917255011219,0.10654016028016525,32.257947473412656,4.3487691806028197,113.15675158878868,1.1186603090410514,234.88133969095821,0.00019707073122349368,972.99980292927182,972.99980292927182,844.28887826450375,4333.7111217355214,4333.7111217355214,16.600000000000001
220.5,116,5.7043013767168693,54.000433218837081,4.1042559443951445,0.99514277369268223,0.10642148998901174,32.193701140765093,4.3405506815468531,113.25992796960949,1.1132663488265029,234.88673365117279,0.00019434653599752628,972.99980565346686,972.99980565346686,842.89381992609628,4335.106180073928,4335.106180073928,16.600000000000001
220.75,116,5.7113743065966469,54.060949513252439,4.0770798552384493,0.99188141095832472,0.10630272236305173,32.129492046830279,4.3323347555269605,113.36290920908127,1.1079090053432721,234.89209099465606,0.00019166528358221437,972.99980833471932,972.99980833471932,841.5036987012893,4336.4963012987346,4336.4963012987346,16.600000000000001
221,116,5.7184468572997682,54.121423558617714,4.0500535852596453,0.98862510616669719,0.10618385781736059,32.065320620099229,4.3241214616453147,113.46569536901005,1.1025879941982231,234.89741200580119,0.00018902623179390288,972.99981097377122,972.99981097377122,840.11849692673513,4337.8815030732903,4337.8815030732903,16.600000000000001
221.25,116,5.7255189736583176,54.181854960882823,4.0231765630559311,0.98537388103789514,0.10606489677375845,32.001187287648001,4.3159108588786017,113.56828651260415,1.0973030334199978,234.90269696657936,0.00018642865222961478,972.99981357135073,972.99981357135073,838.73819699956687,4339.2618030004578,4339.2618030004578,16.600000000000001
221.5,116,5.7325906006178506,54.2422433274021,3.9964482174699909,0.98212775719121903,0.10594583966075755,31.937092475128885,4.3077030060767401,113.67068270447074,1.092053843437051,234.90794615656222,0.00018387182999578285,972.99981612817339,972.99981612817339,837.36278137721808,4340.6372186228082,4340.6372186228082,16.600000000000001
221.75,116,5.7396616832380074,54.30258826694331,3.9698679776040908,0.9788867561439466,0.10582668691350954,31.873036606762057,4.2994979619615821,113.77288401061315,1.0868401470558902,234.91315985294327,0.00018135506344258944,972.99981864494009,972.99981864494009,835.99223257723497,4342.0077674227932,4342.0077674227932,16.600000000000001
222,116,5.7467321666931381,54.362889389696846,3.9434352728341682,0.97565089931012672,0.10570743897375322,31.80902010532699,4.2912957851256408,113.87489049842767,1.0816616694395196,234.91833833055955,0.00017887766390379202,972.99982112233943,972.99982112233943,834.62653317709419,4343.3734668229336,4343.3734668229336,16.600000000000001
222.25,116,5.7538019962729035,54.423146307284739,3.9171495328238506,0.97242020799938145,0.10558809628976186,31.745043392154084,4.2830965340307969,113.97670223670052,1.0765181380860951,234.92348186191293,0.00017643895544191762,972.99982356104795,972.99982356104795,833.26566581402017,4344.7343341860051,4344.7343341860051,16.600000000000001
222.5,116,5.7608711173829308,54.48335863276958,3.8910101875384293,0.96919470341572356,0.10546865931629092,31.681106887116346,4.2749002670070277,114.07831929560459,1.0714092828077733,234.92859071719121,0.00017403827459871015,972.9998259617289,972.9998259617289,831.90961318479981,4346.0903868152245,4346.0903868152245,16.600000000000001
222.75,116,5.7679394755454174,54.543525980663496,3.8650166672587964,0.96597440665638612,0.10534912851452578,31.617211008621073,4.2667070422511317,114.17974174669649,1.0663348357097631,234.93366516428921,0.00017167497015071757,972.99982832503349,972.99982832503349,830.55835804560058,4347.4416419544259,4347.4416419544259,16.600000000000001
223,116,5.7750070163997949,54.603647966936791,3.8391684025953308,0.96275933871066477,0.10522950435202955,31.553356173601617,4.2585169178254532,114.28096966291335,1.0612945311695805,234.93870546882943,0.00016934840286990903,972.99983065160075,972.99983065160075,829.21188321178977,4348.7881167882379,4348.7881167882379,16.600000000000001
223.25,116,5.7820736857033381,54.663724209026853,3.8134648245017315,0.95954952045877639,0.10510978730269094,31.48954279750923,4.2503299516566146,114.38200311856936,1.056288105816489,234.94371189418248,0.00016705794528921287,972.99983294205799,972.99983294205799,827.8701715577505,4350.1298284422764,4350.1298284422764,16.600000000000001
223.5,116,5.7891394293318443,54.72375432584662,3.7879053642888154,0.95634497267072727,0.10498997784667229,31.425771294305029,4.2421462015342524,114.48284218935291,1.0513152985111465,234.94868470148796,0.00016480298147287167,972.99983519702209,972.99983519702209,826.53320601670146,4351.4667939833244,4351.4667939833244,16.600000000000001
223.75,116,5.7962041932802579,54.783737937793255,3.7624894536382407,0.95314571600519771,0.10487007647035725,31.362042076451814,4.2339657251097584,114.58348695232299,1.0463758503254348,234.9536241496738,0.00016258290679150973,972.99983741709673,972.99983741709673,825.20096958051602,4352.79903041951,4352.79903041951,16.600000000000001
224,116,5.8032679236633431,54.843674666756549,3.7372165246162017,0.94995177100843831,0.10475008366629945,31.298355554906234,4.225788579895001,114.68393748590621,1.0414695045224835,234.95853049547679,0.00016039712770181183,972.99983960287602,972.99983960287602,823.87344529954134,4354.1265547004805,4354.1265547004805,16.600000000000001
224.25,116,5.8103305667163294,54.903564136127422,3.7120860096870656,0.94676315811317979,0.10462999993317026,31.23471213911078,4.2176148232611146,114.78419386989309,1.0365960065368831,234.96340399346238,0.00015824506153071696,972.99984175494194,972.99984175494194,822.55061628241799,4355.4493837176033,4355.4493837176033,16.600000000000001
224.5,116,5.8173920687955745,54.963405970806072,3.6870973417269459,0.94357989763755634,0.10450982577570711,31.171112236985977,4.2094445124371962,114.88425618543495,1.0317551039550801,234.96824489604407,0.00015612613626402703,972.99984387386678,972.99984387386678,821.23246569590049,4356.7675343041183,4356.7675343041183,16.600000000000001
224.75,116,5.8244523763792397,55.023199797210339,3.6622499540372329,0.94040200978404265,0.1043895617046619,31.107556254922631,4.2012777045091116,114.98412451504062,1.0269465464959668,234.97305345350316,0.00015403979033933951,972.99984596021238,972.99984596021238,819.91897676467715,4358.0810232353415,4358.0810232353415,16.600000000000001
225,116,5.8315114360679479,55.082945243283739,3.6375432803580621,0.93722951463840531,0.10426920823674951,31.044044597774057,4.193114456418213,115.0837989425728,1.0221700859916443,234.97782991400749,0.00015198547244320973,972.99984801453058,972.99984801453058,818.61013277119253,4359.3898672288269,4359.3898672288269,16.600000000000001
225.25,116,5.838569194585463,55.142641938503679,3.6129767548817378,0.93406243216866469,0.10414876589459582,30.980577668848493,4.1849548249601236,115.18327955324465,1.0174254763683734,234.98257452363069,0.0001499626413124527,972.99985003736163,972.99985003736163,817.3059170554676,4360.6940829445484,4360.6940829445484,16.600000000000001
225.5,116,5.8456255987793631,55.202289513889269,3.5885498122660811,0.93090078222407324,0.10402823520668676,30.91715586990151,4.1767988667835025,115.28256643361638,1.0127124736276989,234.9872875263714,0.00014797076553949796,972.99985202923756,972.99985202923756,816.00631301492308,4361.9936869850944,4361.9936869850944,16.600000000000001
225.75,116,5.8526805956217176,55.261887602009303,3.564261887647739,0.92774458453410646,0.10390761670731666,30.853779601128426,4.1686466383888101,115.38165967159183,1.0080308358277599,234.99196916417134,0.00014600932338170884,972.99985399067964,972.99985399067964,814.71130410420005,4363.2886958958215,4363.2886958958215,16.600000000000001
226,116,5.8597341322097698,55.321435836990098,3.5401124166554232,0.92459385870746602,0.1037869109365369,30.790449261156997,4.1604981961270999,115.48055935641472,1.0033803230647689,234.99661967693439,0.00014407780257458391,972.99985592220037,972.99985592220037,813.42087383498449,4364.579126165042,4364.579126165042,16.600000000000001
226.25,116,5.8667861557666283,55.380933854523079,3.5161008354230945,0.92144862423109708,0.10366611844010486,30.727165247039963,4.152353596198787,115.57926557866526,0.99876069745466944,235.00123930254452,0.0001421757001487563,972.99985782430235,972.99985782430235,812.13500577582829,4365.8649942241973,4365.8649942241973,16.600000000000001
226.5,116,5.8738366136419327,55.440381291872527,3.492226580603083,0.91830890046922187,0.1035452397694324,30.663927954247772,4.1442128946524379,115.67777843025637,0.99417172311496771,235.00582827688416,0.00014030252225071164,972.99985969748047,972.99985969748047,810.85368355197522,4367.1463164480501,4367.1463164480501,16.600000000000001
226.75,116,5.8808854533125707,55.499777787883069,3.468489089379152,0.91517470666238043,0.10342427548153521,30.600737776661322,4.1360761473835694,115.77609800443038,0.98961316614672934,235.01038683385232,0.00013845778396714463,972.99986154221835,972.99986154221835,809.57689084518438,4368.4231091548409,4368.4231091548409,16.600000000000001
227,116,5.8879326223833512,55.559122982987191,3.4448877994794933,0.9120460619264924,0.10330322613898138,30.537595106564883,4.1279434101334438,115.87422439575501,0.98508479461675091,235.01491520538215,0.00013664100915287852,972.99986335899314,972.99986335899314,808.30461139355327,4369.6953886064712,4369.6953886064712,16.600000000000001
227.25,116,5.8949780685876956,55.618416519212495,3.4214221491896692,0.90892298525192439,0.10318209230984048,30.474500334638936,4.1198147384878565,115.97215770012012,0.98058637853989861,235.01941362145897,0.00013485173026227032,972.99986514827197,972.99986514827197,807.03682899134401,4370.9631710086815,4370.9631710086815,16.600000000000001
227.5,116,5.9020217397883492,55.677658040189122,3.3980915773654847,0.90580549550257905,0.10306087456763292,30.411453849953215,4.1116901878759746,116.06989801473343,0.97611768986161185,235.02388231013734,0.00013308948818402901,972.9998669105139,972.9998669105139,805.77352748880787,4372.2264725112182,4372.2264725112182,16.600000000000001
227.75,116,5.9090635839780576,55.736847191156841,3.3748955234457894,0.90269361141499038,0.10293957349127882,30.348456039959721,4.1035698135691323,116.16744543811738,0.97167850244057008,235.02832149755838,0.00013135383207937414,972.99986864616994,972.99986864616994,804.51469079201229,4373.4853092080157,4373.4853092080157,16.600000000000001
228,116,5.9161035492802849,55.795983618972173,3.3518334274652233,0.89958735159743708,0.10281818966504735,30.285507290485935,4.095453670679654,116.264800070105,0.96726859203152649,235.03273140796762,0.00012964431922346498,972.99987035568245,972.99987035568245,803.26030286266484,4374.7396971373646,4374.7396971373646,16.600000000000001
228.25,116,5.9231415839498984,55.855066972115445,3.3289047300669008,0.89648673452906835,0.10269672367850603,30.222607985727961,4.0873418141596778,116.36196201183611,0.96288773626830038,235.03711226373082,0.00012796051485003022,972.99987203948649,972.99987203948649,802.01034771794275,4375.9896522820891,4375.9896522820891,16.600000000000001
228.5,116,5.9301776363738776,55.914096900697714,3.3061088725150101,0.8933917785590425,0.10257517612646996,30.15975850824378,4.079234298799995,116.45893136575393,0.95853571464692877,235.04146428535222,0.00012630199199913065,972.99987369800965,972.99987369800965,800.76480943031709,4377.2351905697178,4377.2351905697178,16.600000000000001
228.75,116,5.9372116550720166,55.97307305646747,3.2834452967073595,0.89030250190567783,0.10245354760895165,30.09695923894677,4.0711311792288836,116.55570823560055,0.95421230850897909,235.04578769149026,0.00012466833136799075,972.9998753316703,972.9998753316703,799.52367212738181,4378.4763278726559,4378.4763278726559,16.600000000000001
229,116,5.9442435886976259,56.031995092817546,3.2609134451878545,0.88721892265562008,0.10233183873111011,30.034210557098969,4.0630325099109497,116.65229272641372,0.94991730102501593,235.05008269897414,0.00012305912116483076,972.99987694088031,972.99987694088031,798.28691999168143,4379.713080008356,4379.713080008356,16.600000000000001
229.25,116,5.951273386038241,56.090862664791693,3.2385127611589013,0.8841410587630224,0.10221005010320051,29.971512840304719,4.0549383451459873,116.74868494452234,0.94565047717822381,235.05434952282093,0.0001214739569656403,972.99987852604454,972.99987852604454,797.05453726053963,4380.9454627394971,4380.9454627394971,16.600000000000001
229.5,116,5.9583009960163249,56.149675429091126,3.2162426884937436,0.88106892804873571,0.1020881823405239,29.908866464504161,4.0468487390678254,116.84488499754319,0.94141162374818466,235.05858837625095,0.00011991244157382907,972.99988008755963,972.99988008755963,795.82650822588732,4382.1734917741496,4382.1734917741496,16.600000000000001
229.75,116,5.9653263676899719,56.20843304408104,3.1941026717487153,0.87800254819951706,0.10196623606337694,29.846271803966985,4.0387637456431911,116.94089299437641,0.93720052929480735,235.06279947070433,0.00011837418488269452,972.99988162581622,972.99988162581622,794.60281723409162,4383.3971827659443,4383.3971827659443,16.600000000000001
230,116,5.9723494502536125,56.267135169796909,3.1720921561754567,0.87494193676724896,0.10184421189700167,29.783729231286117,4.0306834186705993,117.0367090452017,0.93301698414240541,235.06698301585681,0.00011685880374064831,972.99988314119696,972.99988314119696,793.38344868578736,4384.6165513142496,4384.6165513142496,16.600000000000001
230.25,116,5.9793701930387329,56.325781467950847,3.1502105877330129,0.87188711116817308,0.10172211047153522,29.721239117371603,4.0226078117792037,117.13233326147461,0.92886078036392883,235.07113921963523,0.00011536592181914271,972.99988463407897,972.99988463407897,792.16838703570386,4385.8316129643326,4385.8316129643326,16.600000000000001
230.5,116,5.9863885455145667,56.384371601937772,3.128457413099897,0.86883808868213375,0.10159993242195987,29.658801831444457,4.0145369784276994,117.22776575592201,0.92473171176533853,235.07526828823381,0.00011389516948324102,972.99988610483149,972.99988610483149,790.9576167924987,4387.0423832075403,4387.0423832075403,16.600000000000001
230.75,116,5.9934044572888121,56.442905236841483,3.1068320796860673,0.86579488645184144,0.1014776783880529,29.596417741030681,4.0064709719032026,117.3230066425383,0.92062957387013145,235.079370426129,0.00011244618366477619,972.99988755381753,972.99988755381753,789.75112251858661,4388.2488774814537,4388.2488774814537,16.600000000000001
231,116,6.0004178781083377,56.501382039440735,3.085334035644816,0.86275752148214579,0.10135534901433674,29.53408721195532,3.9984098453201531,117.41805603658142,0.91655416390400868,235.08344583609517,0.00011101860773804367,972.9998889813935,972.9998889813935,788.54888882997159,4389.4511111700695,4389.4511111700695,16.600000000000001
231.25,116,6.0074287578598762,56.559801678214995,3.0639627298846062,0.85972601063931997,0.10123294495002906,29.471810608336636,3.9903536516192228,117.51291405456838,0.91250528077968684,235.08749471921945,0.00010961209139797599,972.99989038790955,972.99989038790955,787.35090039607815,4390.6490996039638,4390.6490996039638,16.600000000000001
231.5,116,6.0144370465707571,56.618163823350471,3.0427176120808253,0.85670037065036519,0.101110466848993,29.409588292580253,3.9823024435662178,117.60758081427156,0.90848272508185357,235.09151727491732,0.00010822629054074624,972.9998917737106,972.9998917737106,786.15714193958411,4391.8428580604623,4391.8428580604623,16.600000000000001
231.75,116,6.0214426944095933,56.676468146745648,3.0215981326874566,0.85368061810231932,0.10098791536968736,29.347420625373559,3.9742562737510103,117.70205643471417,0.90448629905226219,235.09551370094687,0.00010686086714675064,972.9998931391342,972.9998931391342,784.96759823625337,4393.0324017637922,4393.0324017637922,16.600000000000001
232,116,6.0284456516869911,56.734714322017069,3.0006037429486829,0.85066676944158615,0.1008652911751169,29.285307965680037,3.9662151945864541,117.79634103616631,0.90051580657496511,235.09948419342422,0.00010551548916592034,972.99989448451197,972.99989448451197,783.78225411476853,4394.2177458852757,4394.2177458852757,16.600000000000001
232.25,116,6.0354458688562538,56.792902024504748,2.9797338949104031,0.84765884097327726,0.10074259493278294,29.223250670733723,3.9581792583073301,117.89043474014066,0.8965710531616885,235.10342894683748,0.00010418983040531361,972.99989581017087,972.99989581017087,782.60109445656292,4395.398905543484,4395.398905543484,16.600000000000001
232.5,116,6.0424432965141008,56.851030931277677,2.9589880414316827,0.84465684886056269,0.1006198273146337,29.16124909603381,3.9501485169692776,117.9843376693882,0.89265184593734193,235.10734815406184,0.00010288357041894142,972.9998971164307,972.9998971164307,781.42410419565783,4396.5758958043916,4396.5758958043916,16.600000000000001
232.75,116,6.0494378854013426,56.909100721139147,2.9383656361961195,0.84166080912404029,0.10049698899701466,29.099303595339226,3.9421230224477517,118.07804994789402,0.88875799362566255,235.11124200637352,0.00010159639439978,972.99989840360638,972.99989840360638,780.25126831849457,4397.748731681555,4397.748731681555,16.600000000000001
233,116,6.056429586403608,56.967111074632044,2.9178661337231326,0.83867073764111422,0.10037408066061945,29.037414520663376,3.9341028264369813,118.17157170087292,0.8848893065349932,235.11511069346409,0.00010032799307392404,972.99989967200804,972.99989967200804,779.08257186376886,4398.9174281362793,4398.9174281362793,16.600000000000001
233.25,116,6.0634183505520358,57.025061674043975,2.8974889893791751,0.83568665014538868,0.10025110299044052,28.975582222268944,3.9260879804489242,118.26490305476524,0.88104559654419845,235.11895440345484,9.9078062596837574e-05,972.99990092193866,972.99990092193866,777.91799992226788,4400.0820000777794,4400.0820000777794,16.600000000000001
233.5,116,6.0704041290239728,57.08295220341229,2.8772336593888506,0.8327085622260747,0.10012805667571974,28.913807048662761,3.9180785358122576,118.35804413723247,0.8772266770887045,235.12277332291038,9.7846304451657838e-05,972.99990215369655,972.99990215369655,776.75753763670514,4401.2424623633415,4401.2424623633415,16.600000000000001
233.75,116,6.0773868731436789,57.140782348529079,2.8570996008459728,0.82973648932741106,0.10000494240989942,28.852089346590752,3.9100745436713407,118.45099507715277,0.87343236314667527,235.12656763685234,9.663242534950973e-05,972.99990336757571,972.99990336757571,775.60117020155587,4402.3988297984879,4402.3988297984879,16.600000000000001
234,116,6.0843665343830171,57.198551796946077,2.8370862717245364,0.82677044674809586,0.09988176089057299,28.790429461033032,3.9020760549852191,118.54375600461665,0.86966247122531559,235.13033752877368,9.5436137131789904e-05,972.99990456386388,972.99990456386388,774.4488828628937,4403.55111713715,4403.55111713715,16.600000000000001
234.25,116,6.0913430643621558,57.256260237979482,2.817193130889589,0.82381044964073413,0.099758512819436221,28.728827735198998,3.8940831205266155,118.63632705092276,0.86591681934730236,235.13408318065166,9.4257156674379134e-05,972.99990574284379,972.99990574284379,773.30066091822812,4404.6993390818197,4404.6993390818197,16.600000000000001
234.5,116,6.0983164148502498,57.313907362714453,2.7974196381080501,0.82085651301129581,0.099635198902238126,28.667284510522563,3.8860957908809386,118.72870834857306,0.86219522703734153,235.1378047729616,9.309520579374316e-05,972.99990690479456,972.99990690479456,772.15648971634243,4405.8435102837075,4405.8435102837075,16.600000000000001
234.75,116,6.1052865377661494,57.371492864009909,2.7777652540594251,0.81790865171858873,0.099511819848732239,28.605800126657435,3.8781141164452939,118.82090003126868,0.85849751530885043,235.14150248469008,9.1950011154883114e-05,972.99990804998936,972.99990804998936,771.01635465712957,4406.9836453429189,4406.9836453429189,16.600000000000001
235,116,6.1122533851790681,57.429016436502884,2.7582294403464451,0.81496688047374444,0.099388376372627721,28.544374921472514,3.8701381474275092,118.91290223390529,0.85482350665076845,235.1451764933482,9.0821304181097685e-05,972.99990917869638,972.99990917869638,769.88024119143233,4408.1197588086206,4408.1197588086206,16.600000000000001
235.25,116,6.1192169093093067,57.486477776612894,2.7388116595056271,0.81203121383971766,0.099264869191540608,28.483009231047376,3.8621679338451647,119.00471509256867,0.85117302501448344,235.14882697498456,8.9708820965518984e-05,972.99991029117984,972.99991029117984,768.74813482088052,4409.2518651791734,4409.2518651791734,16.600000000000001
235.5,116,6.1261770625288978,57.543876582546375,2.719511375017742,0.80910166623079649,0.099141299026945351,28.421703389667815,3.8542035255246376,119.09633874453016,0.84754589580088524,235.15245410419811,8.8612302184385843e-05,972.99991138769906,972.99991138769906,767.62002109773164,4410.3799789023205,4410.3799789023205,16.600000000000001
235.75,116,6.133133797362305,57.601212554300808,2.7003280513182051,0.80617825191212766,0.099017666604126114,28.360457729821466,3.846244972100143,119.18777332824199,0.84394194584753857,235.15605805415143,8.7531493012019378e-05,972.99991246850811,972.99991246850811,766.49588562470854,4411.5041143753424,4411.5041143753424,16.600000000000001
236,116,6.1400870664871139,57.658485393668776,2.6812611538073758,0.80326098499925436,0.098893972652128348,28.299272582193556,3.8382923230128001,119.2790189833329,0.84036100341597431,235.15963899658306,8.6466143037464924e-05,972.99991353385838,972.99991353385838,765.37571405484073,4412.6242859452132,4412.6242859452132,16.600000000000001
236.25,116,6.1470368227346981,57.715694804242034,2.6623101488607777,0.80034987945766678,0.098770217903710461,28.238148275662713,3.8303456275096885,119.37007585060346,0.83680289817910114,235.16319710181992,8.5416006182766643e-05,972.99991458399529,972.99991458399529,764.25949209130431,4413.7405079087475,4413.7405079087475,16.600000000000001
236.5,116,6.1539830190908971,57.772840491415408,2.6434745038392307,0.79744494910236485,0.098646403095295487,28.177085137296853,3.8224049346429316,119.46094407202131,0.83326746120873052,235.16673253879034,8.4380840622840951e-05,972.99991561916136,972.99991561916136,763.14720548726268,4414.8527945127871,4414.8527945127871,16.600000000000001
236.75,116,6.1609256086966919,57.829922162390638,2.6247536870989006,0.79454620759743633,0.098522528966922693,28.116083492349141,3.8144702932687755,119.5516237907168,0.82975452496322388,235.17024547503593,8.3360408706916307e-05,972.99991663959338,972.99991663959338,762.03884004570727,4415.9611599543441,4415.9611599543441,16.600000000000001
237,116,6.167864544848868,57.886939526180043,2.6061471680012542,0.79165366845564356,0.098398596262199656,28.055143664254089,3.8065417520466851,119.64211515097804,0.82626392327524734,235.17373607672394,8.2354476881507324e-05,972.99991764552556,972.99991764552556,760.93438161930067,4417.0656183807523,4417.0656183807523,16.600000000000001
237.25,116,6.1747997810006972,57.943892293610141,2.5876544169229394,0.78876734503802681,0.098274605728254139,27.994265974623694,3.7986193594384461,119.73241829824654,0.82279549133964691,235.17720450865957,8.1362815614891039e-05,972.99991863718662,972.99991863718662,759.83381611021719,4418.1661838898372,4418.1661838898372,16.600000000000001
237.5,116,6.181731270762584,58.000780177325311,2.5692749052655648,0.78588725055351982,0.098150558115686071,27.933450743243711,3.7907031637072786,119.82253337911209,0.81934906570143196,235.18065093429783,8.0385199323055765e-05,972.99991961480259,972.99991961480259,758.7371294699866,4419.262870530064,4419.262870530064,16.600000000000001
237.75,116,6.188658967902736,58.057602891791063,2.5510081054654066,0.78301339805857628,0.098026454178519615,27.872698288069905,3.7827932129169453,119.91246054130845,0.81592448424387176,235.18407551575541,7.9421406297091454e-05,972.99992057859595,972.99992057859595,757.64430769933529,4420.3556923007154,4420.3556923007154,16.600000000000001
238,116,6.1955828263478239,58.114360153297426,2.5328534910030158,0.7801458004568087,0.097902294674155538,27.812008925224582,3.7748895549308972,120.00219993370834,0.81252158617670278,235.18747841382259,7.84712186319923e-05,972.99992152878337,972.99992152878337,756.55533684803129,4421.4446631520168,4421.4446631520168,16.600000000000001
238.25,116,6.2025028001836251,58.171051679962254,2.5148105364127429,0.77728447049864346,0.097778080363323291,27.751382968992949,3.7669922374114071,120.09175170631876,0.80914021202444608,235.19085978797483,7.7534422156843615e-05,972.99992246558008,972.99992246558008,755.47020301472685,4422.5297969853173,4422.5297969853173,16.600000000000001
238.5,116,6.2094188436556887,58.22767719173428,2.4968787172921711,0.77442942078098465,0.097653812010033467,27.690820731819823,3.7591013078187134,120.18111601027614,0.8057802036148316,235.19421979638435,7.6610806366363588e-05,972.99992338919617,972.99992338919617,754.38889234680425,4423.6111076532388,4423.6111076532388,16.600000000000001
238.75,116,6.2163309111699725,58.284236410396197,2.4790575103114709,0.77158066374689249,0.097529490381530345,27.630322524306191,3.7512168134101862,120.27029299784157,0.80244140406733044,235.19755859593184,7.5700164353772938e-05,972.9999242998382,972.9999242998382,753.31139104021872,4424.6886089598211,4424.6886089598211,16.600000000000001
239,116,6.2232389572934874,58.3407290595677,2.4613463932226498,0.76873821168527379,0.097405116248244314,27.569888655206089,3.743338801239485,120.35928282239603,0.79912365778179384,235.20087634221741,7.4802292744965482e-05,972.99992519770967,972.99992519770967,752.23768533934378,4425.7623146606957,4425.7623146606957,16.600000000000001
239.25,116,6.2301429367549481,58.397154864708142,2.4437448448687236,0.76590207673058419,0.097280690383744525,27.50951943142336,3.7354673181557474,120.44808563843563,0.79582681042719805,235.20417318957206,7.3916991633952823e-05,972.99992608301079,972.99992608301079,751.16776153681781,4426.8322384632202,4426.8322384632202,16.600000000000001
239.5,116,6.2370428044453954,58.453513553119556,2.4262523451927969,0.76307227086254492,0.097156213564691604,27.449215158008599,3.7276024108027648,120.53670160156642,0.79255070893049229,235.20744929106883,7.304406451955791e-05,972.99992695593824,972.99992695593824,750.10160597338825,4427.898394026648,4427.898394026648,16.600000000000001
239.75,116,6.2439385154188365,58.509804853949063,2.4088683752470512,0.76024880590586885,0.097031686570790712,27.388976138156213,3.7197441256181887,120.62513086849971,0.78929520146554977,235.21070479853373,7.2183318243331139e-05,972.99992781668448,972.99992781668448,749.03920503775964,4428.9607949622796,4428.9607949622796,16.600000000000001
240,116,6.2508300248928723,58.566028498191685,2.3915924172016472,0.75743169353000162,0.096907110184744086,27.328802673201498,3.7118925088327259,120.71337359704721,0.78606013744222369,235.21393986255703,7.1334562928665343e-05,972.99992866543994,972.99992866543994,747.98054516643913,4430.0194548336012,4430.0194548336012,16.600000000000001
