model_time,CD95,FADD,DISC,p55free,DISCp55,p30,p43,p18,p18inactive,Bid,tBid,PrNES_mCherry,PrNES,mCherry,PrER_mGFP,PrER,mGFP,CD95L
0,116,93,0,155,0,0,0,0,0,236,0,973,0,0,5178,0,0,16.600000000000001
0.25,116,91.876040356892204,1.1132933193094821,154.98933367619844,0.010656151182114566,1.0170067533745807e-05,2.5486822454916227e-09,3.2391919971554963e-12,1.1145348961239228e-14,235.99999999998664,1.3336277778405821e-11,972.99999999984163,1.583478111863494e-10,1.583478111863494e-10,5178,9.2498731689606706e-13,9.2498731689606706e-13,16.600000000000001
0.5,116,90.76721569207379,2.1905836850547149,154.9577993769245,0.042119904463390909,8.0638421569980648e-05,7.9986547134755277e-08,2.0265530042114578e-10,1.3833573307304126e-12,235.99999999916176,8.3817709315575138e-10,972.99999999004808,9.9520653583122823e-09,9.9520653583122823e-09,5177.9999999998854,1.1480914506229509e-10,1.1480914506229509e-10,16.600000000000001
0.75,116,89.673292931670005,3.2327938401712553,154.90608676955634,0.093642900811363977,0.000269731700573875,5.9564682000842615e-07,2.2617658786799794e-09,2.3198067902745307e-11,235.99999999060145,9.3984939735217645e-09,972.9999998884075,1.1159267779418625e-07,1.1159267779418625e-07,5177.9999999980755,1.9252801021443535e-09,1.9252801021443535e-09,16.600000000000001
1,116,88.594043109520499,4.2408321513144944,154.83487524821231,0.16448862364848302,0.00063365413125095985,2.4613852927476229e-06,1.2451989372212432e-08,1.7071648413069686e-10,235.99999994801422,5.198572983748272e-08,972.99999938274959,6.1725068026904205e-07,6.1725068026904205e-07,5177.999999985831,1.4168294160634924e-08,1.4168294160634924e-08,16.600000000000001
1.25,116,87.529241296919324,5.2155921338832476,154.74483338346067,0.25393268491749221,0.0012265185967270044,7.3656832372994182e-06,4.6542271908332395e-08,7.9965867623282688e-10,235.99999980477799,1.9522191715876898e-07,972.99999768204009,2.3179603609996305e-06,2.3179603609996305e-06,5177.9999999336333,6.6366170851079298e-08,6.6366170851079298e-08,16.600000000000001
1.5,116,86.478666532583119,6.1579520432270849,154.63661843682755,0.36126307489110826,0.0021003774636336814,1.7971835087160597e-05,1.3616794607560478e-07,2.8147274230455805e-09,235.9999994261583,5.7384163400067292e-07,972.9999931865126,6.8134878422345144e-06,6.8134878422345144e-06,5177.9999997663963,2.336030191457012e-07,2.336030191457012e-07,16.600000000000001
1.75,116,85.44210175293513,7.068774528129012,154.51087593650371,0.48578037734216278,0.0033052532054608551,3.8088388246857554e-05,3.3642614062240005e-07,8.1343802710886519e-09,235.9999985755635,1.4244364113703058e-06,972.99998308700629,1.6912994043958011e-05,1.6912994043958011e-05,5177.9999993249021,6.7509762208819959e-07,6.7509762208819959e-07,16.600000000000001
2,116,84.419333722786348,7.9489063427337365,154.36823931070441,0.6267979516434371,0.0048891688531009,7.2813983391046433e-05,7.3446744595359348e-07,2.0348257313739532e-08,235.99999687563653,3.1243633833689374e-06,972.99996290298543,3.70970150120384e-05,3.70970150120384e-05,5177.9999983112348,1.6887654212114909e-06,1.6887654212114909e-06,16.600000000000001
2.25,116,83.410152966488269,8.7991781131890647,154.20932957521288,0.7836420833244776,0.0068981782969375991,0.00012865870125481884,1.4588761256444214e-06,4.558839596597258e-08,235.99999376491925,6.2350806674861123e-06,972.9999259679978,7.4032002643505422e-05,7.4032002643505422e-05,5177.9999962164784,3.7835233510766221e-06,3.7835233510766221e-06,16.600000000000001
2.5,116,82.414353699626531,9.6204041553740556,154.03475507171754,0.95565210457626826,0.0093763964584228816,0.00021364396473503105,2.6896524286299685e-06,9.363071197752062e-08,235.99998845076948,1.1549230433954066e-05,972.99986287063746,0.00013712936295750338,0.00013712936295750338,5177.9999922292964,7.7707051871907224e-06,7.7707051871907224e-06,16.600000000000001
2.75,116,81.431733761317702,10.413382340203134,153.84511125365086,1.1421804861618543,0.012366029342803272,0.00033738297450931586,4.668631102997865e-06,1.7923899163996341e-07,235.99997985915147,2.0140848450101501e-05,972.999760858385,0.00023914161542387105,0.00023914161542387105,5177.9999851243983,1.4875603653023156e-05,1.4875603653023156e-05,16.600000000000001
3,116,80.462094547167155,11.178894003116282,153.64098051633459,1.3425929021611207,0.015907403978943944,0.00051114357650606265,7.7101889030653592e-06,3.2376005201758473e-07,235.99996658186703,3.3418132900631707e-05,972.99960321106266,0.00039678893783938224,0.00039678893783938224,5177.9999731301441,2.6869857740507008e-05,2.6869857740507008e-05,16.600000000000001
3.25,116,79.505240942939267,11.91770389449812,153.42293206834944,1.5562682689478811,0.020038998246456004,0.00074789536828816412,1.2212112712952491e-05,5.5697530080379795e-07,235.9999468217392,5.3178260724805039e-05,972.99936858998149,0.00063141001896329339,0.00063141001896329339,5177.9999537748827,4.6225119425141968e-05,4.6225119425141968e-05,16.600000000000001
3.5,116,78.56098125898724,12.630560167899928,153.19152184115967,1.7825987597702269,0.024797470585362191,0.0010623427572334734,1.8666516401426456e-05,9.1921117477800951e-07,235.9999183362103,8.1663789655742386e-05,972.99903036826709,0.0009696317333878835,0.0009696317333878835,5177.9999237117972,7.6288205502775508e-05,7.6288205502775508e-05,16.600000000000001
3.75,116,77.629127165484235,13.318194403075445,152.94729243414096,2.0209897962773935,0.030217689578871481,0.0014709455840398594,2.7670710335084824e-05,1.4637084492546985e-06,235.99987837976701,0.00012162023295434098,972.99855594726876,0.0014440527316310183,0.0014440527316310183,5177.999878522267,0.00012147773389786878,0.00012147773389786878,16.600000000000001
4,116,76.709493628493007,13.981321660979175,152.69077309228192,2.2708600183087064,0.036332763395654222,0.0019919288234582005,3.9937942055414506e-05,2.259248293797917e-06,235.99982364556004,0.00017635443991053285,972.99790606341605,0.0020939365842769803,0.0020939365842769803,5177.9998124979338,0.0001875020680744863,0.0001875020680744863,16.600000000000001
4.25,116,75.801898846907108,14.620640568014261,152.42247971395034,2.531641233232262,0.043174069074319324,0.0026452827720294921,5.6307939993350486e-05,3.393031163193229e-06,235.99975020654153,0.00024979345841333203,972.99703408936978,0.0029659106306604809,0.0029659106306604809,5177.9997184017557,0.00028159824491436682,0.00028159824491436682,16.600000000000001
4.5,116,74.906164190292671,15.236833426954806,152.14291488624033,2.8027783460922473,0.050771281629706684,0.0034527550305607732,7.7757204035298769e-05,4.9738032047128222e-06,235.99965345640422,0.00034654359572921774,972.99588533284691,0.004114667153543923,0.004114667153543923,5177.9995872085565,0.00041279144454871525,0.00041279144454871525,16.600000000000001
4.75,116,74.022114137655038,15.83056635210364,151.85256794553712,3.0837292717944118,0.059152402957770252,0.0044378354891335715,0.00010540899813562852,7.1352235641571875e-06,235.99952805056802,0.0004719494319291282,972.99439633604675,0.0056036639536783837,0.0056036639536783837,5177.9994078255486,0.00059217445282465332,0.00059217445282465332,16.600000000000001
5,116,73.149576217152344,16.402489426381209,151.55191506105868,3.3739648305286627,0.06834379051368572,0.0056257354240923721,0.00014054300989636048,1.0039465099235133e-05,235.99936784742522,0.00063215257471619388,972.99249417819772,0.0075058218026285151,0.0075058218026285151,5177.9991667935064,0.00083320649450791906,0.00083320649450791906,16.600000000000001
5.25,116,72.288380946773302,16.953236878172859,151.241419339255,3.6729686275963234,0.078370185736032369,0.007043361721494096,0.00018460465096895747,1.3881040267146303e-05,235.99916585002353,0.00083414997638858463,972.99009578337166,0.0099042166286488157,0.0099042166286488157,5177.9988479692474,0.0011520307537026908,0.0011520307537026908,16.600000000000001
5.5,116,71.438361775994153,17.483427275890126,150.92153094706083,3.9802369187771109,0.089254742188534131,0.008719287150088767,0.0002392139800812585,1.8890843433086011e-05,235.99891414833684,0.0010858516631359486,972.98710723536396,0.012892764636403077,0.012892764636403077,5177.9984321901466,0.0015678098547166298,0.0015678098547166298,16.600000000000001
5.75,116,70.599355028426558,17.993663738326692,150.5926872521153,4.2952784623374516,0.10101905338987827,0.010683717519426079,0.0003061742375393385,2.5340400478624802e-05,235.99860386224626,0.0013961377536907218,972.98342310112491,0.016576898875431446,0.016576898875431446,5177.9978969214544,0.0021030785459695213,0.0021030785459695213,16.600000000000001
6,116,69.771199845465247,18.484534159010394,150.25531297817315,4.6176143587474403,0.11368318030157593,0.012968456475356011,0.00038747998612648563,3.3546316417417103e-05,235.99822508533143,0.001774914668535992,972.97892576394599,0.021074236054425204,0.021074236054425204,5177.997215887186,0.002784112815175157,0.002784112815175157,16.600000000000001
6.25,116,68.953738130941844,18.956611442869541,149.90982037404115,4.9467778791386143,0.12726567844359252,0.01560686860641723,0.00048532485865483119,4.3874911664076391e-05,235.99776682954715,0.0022331704528125705,972.97348476734714,0.026515232653373473,0.026515232653373473,5177.9963586853428,0.0036413146587447294,0.0036413146587447294,16.600000000000001
6.5,116,68.146814496789105,19.410453753643981,149.55660939447853,5.2823142834989714,0.14178362460756722,0.018633841460365404,0.00060210891698301216,5.6747037663610617e-05,235.99721697084428,0.0027830291557015131,972.9669561703879,0.033043829612650615,0.033043829612650615,5177.9952903882686,0.0047096117332637924,0.0047096117332637924,16.600000000000001
6.75,116,67.350276209717236,19.846604770579148,149.19606789160255,5.6237806295653234,0.15725264313781953,0.022085747000467171,0.00074044563117514194,7.2643062751538763e-05,235.99656219577341,0.0034378042265710927,972.95918191492115,0.040818085079323746,0.040818085079323746,5177.9939711288725,0.0060288711301524052,0.0060288711301524052,16.600000000000001
7,116,66.563973138902142,20.265593953044245,148.82857181543642,5.9707455733364867,0.17368693175097705,0.026000402966147997,0.00090316849070513319,9.210801935678597e-05,235.99578794909633,0.0042120509036732024,972.94998920513285,0.050010794867592599,0.050010794867592599,5177.9923556734675,0.0076443265344035526,0.0076443265344035526,16.600000000000001
7.25,116,65.787757704683813,20.66793681181441,148.45448542233211,6.3227891620937955,0.19109928686594932,0.030417034542042351,0.0010933372622144836,0.00011575690398300121,235.99487838241529,0.0051216175847104773,972.9391898995575,0.060810100443007969,0.060810100443007969,5177.9903929819475,0.0096070180547987542,0.0096070180547987542,16.600000000000001
7.5,116,65.021484828270971,21.054135185849937,148.07416149008878,6.6795026207786803,0.20950112841702906,0.035376236683384576,0.0013142439104821741,0.00014428012175863268,235.99381630381947,0.0061836961805312859,972.92657991562737,0.073420084373176472,0.073420084373176472,5177.9880257559598,0.011974244042020467,0.011974244042020467,16.600000000000001
7.75,116,64.265011882446942,21.424677523495017,147.6879415386735,7.0404881325399886,0.22890252412420758,0.040919937393825587,0.0015694182007980207,0.00017844906778199674,235.99258312853678,0.0074168714632099359,972.91193864670356,0.088061353297094386,0.088061353297094386,5177.985189975755,0.014810024246783449,0.014810024246783449,16.600000000000001
8,116,63.518198643270047,21.780039167102434,147.29615605553255,7.4053586142272874,0.24931221319619684,0.047091362204018439,0.0018626330021538704,0.00021912183791650958,235.99115883057149,0.0088411694285112537,972.89502839144154,0.10497160855905469,0.10497160855905469,5177.9818144262972,0.018185573705146757,0.018185573705146757,16.600000000000001
8.25,116,62.780907242760584,22.120682640170738,146.89912472455785,7.7737374875700773,0.27073762944323748,0.053935000055354537,0.002197909311402917,0.00026724906217280868,235.98952189530013,0.010478104699885471,972.8755937952734,0.12440620472728027,0.12440620472728027,5177.9778202132247,0.022179786777501594,0.022179786777501594,16.600000000000001
8.5,116,62.053002122565644,22.447057936155506,146.49715665784805,8.1452584467472349,0.29318492377846794,0.06149657075313638,0.0025795210189498955,0.00032387985429332072,235.987649272993,0.012350727007006184,972.85336130372502,0.14663869627572951,0.14663869627572951,5177.9731202691955,0.026879730806741668,0.026879730806741668,16.600000000000001
8.75,116,61.334349988591605,22.759602808187303,146.09055062947075,8.5195652230158938,0.3166589860884369,0.069822994116747097,0.0030119994366114571,0.00039016787164736634,235.98551633322347,0.014483666776506679,972.82803862725018,0.17196137275059351,0.17196137275059351,5177.9676188511003,0.032381148901177388,0.032381148901177388,16.600000000000001
9,116,60.624819766593241,23.058743058995741,145.67959531050101,8.8963113470348247,0.34116346645523449,0.078962360920942706,0.0035001376080804839,0.00046737748003193775,235.9830968201239,0.016903179876084442,972.79931421722893,0.20068578277196999,0.20068578277196999,5177.9612110286143,0.038788971387247066,0.038788971387247066,16.600000000000001
9.25,116,59.924282558707979,23.344892830401466,145.26456950466917,9.2751599094838628,0.36670079571469671,0.088963905691985257,0.004048994421963238,0.0005568900184535682,235.98036280844434,0.0196371915556263,972.7668567527636,0.23314324723719781,0.23314324723719781,5177.9537821644872,0.046217835515895554,0.046217835515895554,16.600000000000001
9.5,116,59.232611600922624,23.618454891796635,144.84574238401331,9.6557833205487729,0.393272205337168,0.099877981394790483,0.0046638985466674237,0.00066021015943266699,235.97728466036946,0.022715339630530535,972.73031463790471,0.26968536209628291,0.26968536209628291,5177.9452073869579,0.054792613044002007,0.054792613044002007,16.600000000000001
9.75,116,58.549682221459655,23.879820927089558,144.42337372398305,10.037863068809203,0.42087774661942801,0.11175603602215094,0.0053504522055072426,0.00077897236082166178,235.97383098304695,0.026169016953035442,972.68931550893876,0.31068449106227208,0.31068449106227208,5177.9353510546543,0.064648945348270939,0.064648945348270939,16.600000000000001
10,116,57.875371800069274,24.129371819639811,143.99771413749437,10.421089480037708,0.44951630917850843,0.1246505910746971,0.0061145348093274501,0.00091494740554835623,235.96996858678281,0.030031413217204532,972.64346575139894,0.35653424860206617,0.35653424860206617,5177.9240662142411,0.075933785762445416,0.075933785762445416,16.600000000000001
10.25,116,57.209559728213307,24.367477934758245,143.56900530748291,10.805161476388385,0.4791856387403356,0.1386152218997187,0.0069623064626965925,0.0010700490260945892,235.96566244385767,0.034337556142316455,972.59235002647517,0.40764997352587062,0.40764997352587062,5177.911194051143,0.08880594886018614,0.08880594886018614,16.600000000000001
10.5,116,56.552127370126357,24.594499399391566,143.1374802175489,11.189786336425632,0.50988235421842465,0.15370453983801829,0.0079002113582978713,0.0012463406108936125,235.96087564792222,0.039124352077757066,972.53553080654513,0.46446919345601606,0.46446919345601606,5177.8965633335674,0.10343666643513118,0.10343666643513118,16.600000000000001
10.75,116,55.902958024739227,24.810786378642788,142.70336338031913,11.57467945642458,0.54160196407971861,0.1699741761136801,0.0089349810729890868,0.0014460419900860564,235.95556937392899,0.044430626070986814,972.47254791958017,0.5274520804209879,0.5274520804209879,5177.8799898500529,0.12001014994921326,0.12001014994921326,16.600000000000001
11,116,55.261936888450272,25.016679348847745,142.26687106322336,11.95956411332047,0.5743388819978843,0.18748076738361608,0.010073637776242738,0.0016715362986071351,235.94970283856523,0.050297161434761692,972.40291810225835,0.59708189774278619,0.59708189774278619,5177.8612758407398,0.13872415926252771,0.13872415926252771,16.600000000000001
11.25,116,54.628951018728387,25.212509366917224,141.82821151136969,12.344171229708063,0.60808644179560833,0.20628194285070606,0.01132349736164831,0.0019253769144687619,235.94323326114935,0.056766738850674098,972.32613456163972,0.67386543836148138,0.67386543836148138,5177.8402094225557,0.15979057744593028,0.15979057744593028,16.600000000000001
11.5,116,54.003889298532386,25.398598335712091,141.38758516726475,12.72823914124203,0.64283691168031587,0.22643631283316892,0.012692172509413263,0.0022102944705234464,235.93611582496013,0.06388417503987022,972.24166654534349,0.7583334546578212,0.7583334546578212,5177.8165640084908,0.18343599151082771,0.18343599151082771,16.600000000000001
11.75,116,53.386642401531731,25.575259265261646,140.94518488716994,13.111513366753206,0.67858150778032067,0.24800345867307921,0.014187575685384911,0.0025292039382589417,235.92830363897403,0.07169636102596208,972.1489589202497,0.85104107975149013,0.85104107975149013,5177.7900977210911,0.20990227891011531,0.20990227891011531,16.600000000000001
12,116,52.777102758112449,25.742796529638081,140.50119615388752,13.493746381405224,0.71531040699043691,0.27104392385379145,0.015817922081119148,0.0028852117820943159,235.91974769998671,0.080252300013279126,972.04743175980718,0.95256824019407149,0.95256824019407149,5177.760552800346,0.23944719965387956,0.23944719965387956,16.600000000000001
12.25,116,52.175164522152592,25.901506119335959,140.05579728580892,13.874697393184597,0.75301275913873655,0.2956192061880959,0.017591732497025659,0.0032816231828116027,235.91039685510282,0.089603144897151002,971.93647994011872,1.063520059882576,1.063520059882576,5177.727655006106,0.27234499389425343,0.27234499389425343,16.600000000000001
12.5,116,51.580723538548,26.051675889000659,139.60915964205205,14.254132123062053,0.79167669849202549,0.32179175089724688,0.019517836168359753,0.0037219493284755241,235.9001977645807,0.099802235419301027,971.81547274513878,1.1845272548624599,1.1845272548624599,5177.6911130152012,0.30888698479877053,0.30888698479877053,16.600000000000001
12.75,116,50.993677311492085,26.193585800547339,139.1614478237336,14.631822588751575,0.83128935459807096,0.34962494461092036,0.021605373532891117,0.0042099147731413855,235.88909486503732,0.11090513496265673,971.68375348096913,1.3162465190320192,1.3162465190320192,5177.6506178132558,0.34938218674345906,0.34938218674345906,16.600000000000001
13,116,50.413924973448459,26.327508161234466,138.7128198708921,15.007546893096457,0.87183686252775128,0.37918310969285446,0.023863798933071192,0.0047494648579460719,235.8770303329884,0.12296966701157229,971.54063910056709,1.4593608994340934,1.4593608994340934,5177.6058420817735,0.3941579182257085,0.3941579182257085,16.600000000000001
13.25,116,49.841367254865695,26.453707857082691,138.26342745549647,15.38108901622463,0.91330437247237684,0.41053149935459576,0.026302883253424249,0.0053447731987193931,235.86394404875892,0.13605595124106853,971.3854198380501,1.6145801619510676,1.6145801619510676,5177.5564395800475,0.44356041995304962,0.44356041995304962,16.600000000000001
13.5,116,49.275906454547318,26.57244258112706,137.81341606997282,15.75223861285593,0.95567605880157835,0.44373629266809633,0.028932716469856408,0.0060002492319501275,235.84977356076706,0.15022643923291923,971.21735885507826,1.7826411449228625,1.7826411449228625,5177.5020445228092,0.49795547719179872,0.49795547719179872,16.600000000000001
13.75,116,48.717446410730226,26.683963056863515,137.36292521165419,16.120790813884501,0.99893512852715483,0.47886458999458259,0.031763710116569151,0.0067205458232231004,235.83445405020183,0.16554594979815584,971.03569189816858,1.9643081018325801,1.9643081018325801,5177.4422709531582,0.55772904684384206,0.55772904684384206,16.600000000000001
14,116,48.165892472807293,26.788513256544721,136.91208856277095,16.486546033233012,1.043063829255803,0.51598440815914637,0.034806599649353974,0.0075105669319545142,235.81791829610967,0.18208170389031911,970.83962696898391,2.1603730310171136,2.1603730310171136,5177.3767121114452,0.62328788855653339,0.62328788855653339,16.600000000000001
14.25,116,47.621151473689061,26.886330614462167,136.46103416614812,16.849309779947532,1.0880434566721879,0.55516467522902424,0.038072446674449714,0.0083754753288852353,235.80009664097832,0.19990335902164122,970.62834400915744,2.3716559908435197,2.3716559908435197,5177.304939800506,0.69506019949507725,0.69506019949507725,16.600000000000001
14.5,116,47.083131702822222,26.977646235203206,136.00988459659052,17.208892475331012,1.1338543615094094,0.5964752251341271,0.04157264106556631,0.0093207003695428801,235.78091695676363,0.2190830432363586,970.40099459828252,2.5990054017184394,2.5990054017184394,5177.2265037468733,0.77349625312857861,0.77349625312857861,16.600000000000001
14.75,116,46.551742879791021,27.062685096789796,135.55875712788156,17.565109276059609,1.1804759561687925,0.6399867911907664,0.045318902888904208,0.010351945810535633,235.76030461154062,0.23969538845936361,970.15670167007318,2.8432983299277845,2.8432983299277845,5177.1409309593946,0.85906904060828293,0.85906904060828293,16.600000000000001
15,116,46.026896128545467,27.141666248812623,135.10776389551924,17.917779902688725,1.2278867209148876,0.68577099903827443,0.049323284165829519,0.011475197673218964,235.73818243672955,0.26181756327042338,969.89455924464073,3.1054407553602705,3.1054407553602705,5177.0477250847352,0.95227491526692343,0.95227491526692343,16.600000000000001
15.25,116,45.508503952211449,27.214803005481947,134.65701205511621,18.26672847413651,1.2760642097376549,0.73390035843241719,0.053598170429741888,0.012696732147635822,235.71447069498907,0.28552930501087592,969.613632179653,3.3863678203479841,3.3863678203479841,5176.946365760542,1.0536342394609963,1.0536342394609963,16.600000000000001
15.5,116,44.996480208456603,27.28230313367331,134.20660393659813,18.611783348420907,1.3249850559893643,0.78444825345979641,0.058156282007894571,0.01402312352408489,235.68908704897294,0.31091295102701694,969.31295594423091,3.6870440557699893,3.6870440557699893,5176.8363079675173,1.1636920324841653,1.1636920324841653,16.600000000000001
15.75,116,44.490740085445047,27.344369035939401,133.7566371941362,18.952776969267518,1.3746249776966368,0.83748893165137273,0.063010675086372675,0.015461252162050748,235.66194653079813,0.33805346920182044,968.99153641222051,4.0084635877804207,4.0084635877804207,5176.7169813794389,1.2830186205628173,1.2830186205628173,16.600000000000001
16,116,43.991200078309681,27.401197928548356,133.30720495196437,19.289545719426616,1.4249587827767245,0.89309749093859936,0.068174742421881318,0.017018312471985337,235.63296151259004,0.36703848740991085,968.64834968267894,4.3516503173219858,4.3516503173219858,5176.5877897135761,1.412210286425992,1.412210286425992,16.600000000000001
16.25,116,43.497777966168698,27.452982014557467,132.8583959460866,19.62192978037762,1.4759603741030745,0.95134986479311723,0.073662213727140866,0.018701820912627096,235.60204167804997,0.3979583219499917,968.2823419259164,4.7176580740844756,4.7176580740844756,5176.4481100812227,1.5518899187788315,1.5518899187788315,16.600000000000001
16.5,116,43.010392789668508,27.499908651922382,132.41029466188533,19.949772998637876,1.527602754465377,1.012322805305838,0.079487155705521811,0.020519624000228567,235.56909399510346,0.43090600489650843,967.89242925654526,5.1075707434555548,5.1075707434555548,5176.2972923387142,1.7027076612874472,1.7027076612874472,16.600000000000001
16.75,116,42.528964829004543,27.542160516750251,131.96298146787578,20.272922759234895,1.5798580316559656,1.076093863354322,0.085663971582742415,0.022479906296486472,235.53402269008126,0.46597730991866348,967.47749764200591,5.5225023579949548,5.5225023579949548,5176.1346584421826,1.8653415578194592,1.8653415578194592,16.600000000000001
17,116,42.053415582473441,27.579915761594272,131.51653274538126,20.591229865726621,1.6326974234553946,1.1427413667502502,0.092207400281533181,0.024591198405107453,235.49672922301141,0.50327077698855693,967.03640283839388,5.9635971616068835,5.9635971616068835,5175.959501803095,2.0404981969068268,2.0404981969068268,16.600000000000001
17.25,116,41.583667745457355,27.61334816898658,131.07102101459341,20.904548427927367,1.6860912629779572,1.2123443946507224,0.099132514939283087,0.026862384911424283,235.45711226490886,0.54288773509109833,966.56797037033266,6.4320296296681763,6.4320296296681763,5175.771086651007,2.2289133489940101,2.2289133489940101,16.600000000000001
17.5,116,41.119645189915062,27.642627300061278,130.62651505668913,21.212735756478121,1.7400090040515788,1.2849827494939536,0.10645472097925079,0.02930271230814251,235.41506767645654,0.5849323235434396,966.07099554316369,6.9290044568371325,6.9290044568371325,5175.568647399261,2.431352600740273,2.431352600740273,16.600000000000001
17.75,116,40.661272944311463,27.667918638412505,130.18308003236243,21.515652265065533,1.7944192269783992,1.36073692523209,0.11418975350678227,0.031921796854949232,235.3704884887639,0.62951151123606652,965.54424350014801,7.4557564998527148,7.4557564998527148,5175.3513880187202,2.6486119812815612,2.6486119812815612,16.600000000000001
18,116,40.208477173986189,27.68938372917712,129.74077759677249,21.813161380280608,1.8492896446865101,1.4396880718695646,0.12235367402258455,0.034729632368426258,235.32326488622761,0.67673511377236506,964.98644932496154,8.0135506750392302,8.0135506750392302,5175.1184814198823,2.8815185801201935,2.8815185801201935,16.600000000000001
18.25,116,39.76118516195627,27.707180313361366,129.29966601097081,22.105129459190049,1.904587109325681,1.5219179561666256,0.1309628664164558,0.037736597930575974,235.27328419162771,0.72671580837225558,964.39631819165766,8.6036818083431132,8.6036818083431132,5174.8690688444503,3.1309311555522412,3.1309311555522412,16.600000000000001
18.5,116,39.319325290135211,27.721462457428732,128.85980024993427,22.391425714850783,1.9602776194505085,1.6075089181347504,0.14003403214565177,0.0409534654842457,235.2204308537932,0.77956914620674778,963.77252556751728,9.2274744324835023,9.2274744324835023,5174.6022592693471,3.3977407306552996,3.3977407306552996,16.600000000000001
18.75,116,38.882827020958182,27.732380678185617,128.42123210725765,22.671922149871406,2.0163263278282542,1.6965438231565344,0.14958418457172601,0.044391407314621739,235.1645864378834,0.8354135621165637,963.11371746997168,9.886282530029197,9.886282530029197,5174.3171288233088,3.6828711766945363,3.6828711766945363,16.600000000000001
19,116,38.451620879402867,27.740082062954237,127.98401029663411,22.946493498171325,2.0726975500285443,1.7891060094430193,0.15963064234950786,0.048062003373673168,235.1056296186859,0.89437038131405011,962.41851078359753,10.581489216403197,10.581489216403197,5174.012720220042,3.9872797799604727,3.9872797799604727,16.600000000000001
19.25,116,38.025638435392729,27.744710385077692,127.54818055017638,23.215017175090065,2.1293547738301091,1.8852792306093893,0.17019102184555182,0.051977248448673401,235.04343617698126,0.95656382301871801,961.68549363852094,11.314506361479895,11.314506361479895,5173.6880422079203,4.3119577920819534,4.3119577920819534,16.600000000000001
19.5,116,37.604812286573555,27.746406214733561,127.11378571371031,23.477373235962069,2.1862606696141418,1.9851475931166596,0.18128322847157483,0.056149559125422362,234.97787899940667,1.0221210005933126,960.91322585650937,12.086774143491454,12.086774143491454,5173.3420690407456,4.6579309592572899,4.6579309592572899,16.600000000000001
19.75,116,37.189076041449702,27.745307025098491,126.68086583910308,23.733444343314826,2.2433771017916264,2.0887954883453377,0.19292544690182648,0.060591780543484762,234.90882808189698,1.0911719181029977,960.10023946650847,12.899760533492378,12.899760533492378,5172.973739969907,5.0262600300953491,5.0262600300953491,16.600000000000001
20,116,36.778364302871466,27.741547293840174,126.24945827374385,23.983115742790506,2.3006651414200205,2.1963075190778278,0.2051361300711641,0.065317192896794732,234.83615053710716,1.1638494628927982,959.24503929539924,13.754960704601524,13.754960704601524,5172.5819587622309,5.4180412377720719,5.4180412377720719,16.600000000000001
20.25,116,36.372612651861402,27.735258599954641,125.81959774725836,24.226275247908859,2.3580850800955488,2.3077684201795403,0.21793398689851962,0.070339517659342321,234.75971060601466,1.2402893939853035,958.34610363710453,14.65389636289625,14.65389636289625,5172.1655932453987,5.8344067546044061,5.8344067546044061,16.600000000000001
20.5,116,35.971757631768462,27.7265697159641,125.39131645555429,24.462813233837828,2.4155964452244891,2.4232629732051132,0.23133796866366496,0.07567292351479471,234.67936967393766,1.3206303260623247,957.4018850039887,15.598114996012187,15.598114996012187,5171.7234748829605,6.2765251170421958,6.2765251170421958,16.600000000000001
20.75,116,35.575736732741774,27.715606695427681,124.96464414230084,24.692622640138513,2.4731580168349709,2.5428759148570563,0.24536725394216025,0.081332031926629411,234.59498629142473,1.4050137085752585,956.41081096615324,16.589189033847539,16.589189033847539,5171.2543983846854,6.7456016153178409,6.7456016153178409,16.600000000000001
21,116,35.184488376511531,27.702492955801642,124.53960817793178,24.915598982703106,2.530727846007728,2.6666918389759982,0.26004123203954088,0.087331922342026011,234.50641620016648,1.493583799833498,955.37128508175886,17.628714918242046,17.628714918242046,5170.7571213529609,7.242878647042617,7.242878647042617,16.600000000000001
21.25,116,34.797951901466384,27.687349356648749,124.11623363626173,25.13164037490623,2.5882632750340697,2.7947950919445677,0.27537948486186542,0.093688136991717769,234.41351236421616,1.5864876357838196,954.28168792211352,18.71831207788744,18.71831207788744,5170.2303639687034,7.7696360312996831,7.7696360312996831,16.600000000000001
21.5,116,34.416067548019726,27.670294273144769,123.69454336882347,25.340647557958203,2.6457209594709838,2.9272696614063114,0.29140176711980165,0.10041668522140788,234.31612500699347,1.6838749930064951,953.14037819751013,19.859621802490789,19.859621802490789,5169.6728087226275,8.3271912773754586,8.3271912773754586,16.600000000000001
21.75,116,34.038776444251141,27.651443664940082,123.27455807700976,25.542523940690753,2.7030568921473739,3.0641990579706495,0.30812798482243403,0.10753404735920979,234.2141016541492,1.7858983458507944,951.94569398606257,21.054306013938451,21.054306013938451,5169.0831001915722,8.9168998084309248,8.9168998084309248,16.600000000000001
22,116,33.666020591817784,27.630911140289289,122.85629638212009,25.737175648423857,2.7602264293102805,3.2056661901587815,0.32557817197325289,0.11505717801390807,234.10728718290562,1.8927128170943712,950.6959540713807,22.304045928620209,22.304045928620209,5168.4598448693123,9.5401551306908079,9.5401551306908079,16.600000000000001
22.25,116,33.297742852119875,27.608808015533754,122.43977489340517,25.924511581490304,2.817184318955432,3.3517532319006249,0.34377246540352324,0.12300350884512577,233.99552387783393,2.004476122166023,949.38945939183134,23.610540608169686,23.610540608169686,5167.801611048365,10.198388951638712,10.198388951638712,16.600000000000001
22.5,116,32.933886932717478,27.585243369843287,122.02500827419516,26.104443482570137,2.8738847315140719,3.5025414833550168,0.36273107770555518,0.13139095066024853,233.87865149376483,2.1213485062351576,948.02449460543005,24.975505394570924,24.975505394570924,5167.1069287656292,10.893071234373853,10.893071234373853,16.600000000000001
22.75,116,32.57439737398159,27.560324095278716,121.61200930622013,26.276886013818221,2.9302812929840192,3.6581112239374449,0.38247426813986746,0.14023789490050181,233.75650732581147,2.2434926741884897,946.59932977565813,26.400670224342942,26.400670224342942,5166.3742898066257,11.625710193378453,11.625710193378453,16.600000000000001
23,116,32.219219535977629,27.534154942140486,121.20078895218845,26.441756842436387,2.9863271205939257,3.8185415588515665,0.40302231157354707,0.14956321435631931,233.6289262870996,2.3710737129003632,945.11222217810416,27.887777821896808,27.887777821896808,5165.6021477822624,12.397852217741859,12.397852217741859,16.600000000000001
23.25,116,31.868299585564294,27.506838559598236,120.79135641674704,26.598976736016017,3.0419748611715973,3.9839102576498511,0.42439546524182009,0.15938626317386934,233.49574099432431,2.5042590056756611,943.56141823696726,29.438581763033756,29.438581763033756,5164.7889182731233,13.211081726879252,13.211081726879252,16.600000000000001
23.5,116,31.521584483705997,27.478475531658486,120.38371920587169,26.748469665892163,3.0971767321951154,4.1542935865482296,0.44661393349449463,0.16972687599848751,233.35678186153081,2.643218138469166,941.94515558647731,31.054844413523739,31.054844413523739,5163.9329790545016,14.067020945501488,14.067020945501488,16.600000000000001
23.75,116,31.1790219729826,27.449164408383748,119.97788318482226,26.890162920014063,3.1518845657874746,4.329766132832102,0.46969783024708806,0.18060536629719284,233.2118772024412,2.7881227975588083,940.26166526985412,32.738334730146988,32.738334730146988,5163.0326703990149,14.967329600987448,14.967329600987448,16.600000000000001
24,116,30.840560565294048,27.419001732520446,119.57385263469851,27.023987223352215,3.2060498555237169,4.5104006233095646,0.49366713938682816,0.19204252372936101,233.06085334148099,2.9391466585190247,938.50917406650626,34.490825933494833,34.490825933494833,5162.0862954678369,15.913704532166447,15.913704532166447,16.600000000000001
24.25,116,30.506149529745088,27.388082061386267,119.17163030773341,27.149876867261195,3.2596238063700125,4.6962677352374245,0.51854167282187213,0.20405961057628277,232.90353473400859,3.0964652659914162,936.68590696191916,36.314093038081886,36.314093038081886,5161.0921207901911,16.907879209811359,16.907879209811359,16.600000000000001
24.5,116,30.175738880707058,27.356497984267246,118.77121748135181,27.26776984572734,3.3125573875264736,4.8874359017718678,0.54434102649392802,0.21667835712877936,232.73974409566304,3.2602559043369417,934.79008974734347,38.209910252657529,38.209910252657529,5160.0483768393278,17.95162316067535,17.95162316067535,16.600000000000001
24.75,116,29.849279366041412,27.32434013506067,118.37261401114628,27.377608000250742,3.3648013886228152,5.0839711100243479,0.57108453393306424,0.22992095602294399,232.56930254159818,3.4306974584018413,932.81995176903433,40.180048230966612,40.180048230966612,5158.9532587067115,19.04674129329149,19.04674129329149,16.600000000000001
25,116,29.526722455482147,27.291697200487409,117.97581838279031,27.479337171155173,3.4163064789583553,5.2859366939169048,0.5987912177379191,0.243810055441532,232.39202973534344,3.6079702646565606,930.77372881108261,42.226271188918396,42.226271188918396,5157.8049268808509,20.195073119151211,20.195073119151211,16.600000000000001
25.25,116,29.208020329172907,27.25865592411537,117.58082776292682,27.572907353657314,3.467023269582596,5.4933931234718054,0.6274797392542214,0.25836875110744761,232.20774404717889,3.7922559528211033,928.64966610080614,44.350333899194872,44.350333899194872,5156.6015081365822,21.398491863420258,21.398491863420258,16.600000000000001
25.5,116,28.893125866331719,27.225301105331752,117.18763804930671,27.658272864006076,3.5169023794192844,5.7063977849111547,0.65716834525711787,0.27362057709985377,232.0162627238831,3.9837372761168961,926.44602149089781,46.553978509103139,46.553978509103139,5155.3410965348039,22.658903465199163,22.658903465199163,16.600000000000001
25.75,116,28.581992634063671,27.191715594831606,116.79624391994832,27.735392506529593,3.5658945035705254,5.9250047610045966,0.68787481357921509,0.28958949536795126,231.81740206720889,4.1825979327911194,924.16106873186345,48.8389312681376,48.8389312681376,5154.0217545391924,23.978245460810577,23.978245460810577,16.600000000000001
26,116,28.274574876288543,27.157980285300543,116.40663888166769,27.804229748543836,3.6139504855489726,6.1492646043180912,0.71961639601145688,0.30629988391016277,231.61097762401045,4.3890223759895894,921.79310091210493,51.206899087895998,51.206899087895998,5152.641514256602,25.358485743401058,25.358485743401058,16.600000000000001
26.25,116,27.97082750278836,27.124174098139108,116.01881531791,27.864752898842362,3.661021392500976,6.3792241077291854,0.75240975943039223,0.32377652358728842,231.39680438661452,4.6031956133854894,919.34043402285397,53.659565977147054,53.659565977147054,5151.1983788016023,26.801621198400909,26.801621198400909,16.600000000000001
26.5,116,27.670706078375773,27.090373966865741,115.63276453585536,27.916935286689935,3.7070585927473796,6.6149260753211632,0.78627092584022695,0.34204458354613998,231.17469700243828,4.8253029975617121,916.80141061725249,56.198589382748551,56.198589382748551,5149.6903237855149,28.309676214488409,28.309676214488409,16.600000000000001
26.75,116,27.374166812147969,27.056654815553856,115.24847681318496,27.96075544842012,3.7520138377449923,6.8564090861330476,0.82121520940968151,0.36112960510739794,230.94446999660948,5.0555300033905182,914.1744036532391,58.825596346761863,58.825596346761863,5148.1152989475859,29.884701052417892,29.884701052417892,16.600000000000001
27,116,27.081166546859258,27.023089534988085,114.86594144411515,27.996197310293773,3.7958393453163946,7.1037072625424775,0.85725715345429543,0.38105748427812131,230.70593800213209,5.2940619978679173,911.45782038369668,61.54217961630436,61.54217961630436,5146.471229906625,31.528770093378121,31.528770093378121,16.600000000000001
27.25,116,26.791662748371156,26.989748954515285,114.48514678515087,28.023250375384865,3.8384878867006074,7.3568500350280752,0.89441046510536837,0.40185445263042047,230.45891600241271,5.5410839975872976,908.65010640136518,64.34989359863583,64.34989359863583,5144.7560200617181,33.243979938285989,33.243979938285989,16.600000000000001
27.5,116,26.505613495189195,26.956701810746395,114.10608030044015,28.041909910029212,3.8799128761298842,7.6158619079053036,0.93268794886412021,0.42354705663151726,230.20321958384537,5.7967804161546468,905.74974978253306,67.250250217467951,67.250250217467951,5142.9675526312612,35.032447368743078,35.032447368743078,16.600000000000001
27.75,116,26.222977468096321,26.924014714292902,113.72872860660526,28.052177125465612,3.9200684616048016,7.8807622305403546,0.97210144025327261,0.44616213553089462,229.93866519604231,6.0613348039576982,902.75528527250208,70.244714727498973,70.244714727498973,5141.1036928177127,36.896307182291714,36.896307182291714,16.600000000000001
28,116,25.943713939833863,26.891752112094935,113.35307751758087,28.054059362547203,3.9589096199208069,8.1515649656031872,1.012661736977098,0.469726797371053,229.66507042581475,6.3349295741852307,899.66529863868413,73.334701361316959,73.334701361316959,5139.1622901434239,38.837709856580823,38.837709856580823,16.600000000000001
28.25,116,25.667782764883114,26.859976249065394,112.97911208886357,28.047570267506021,3.9963922515399952,8.4282784670054767,1.0543785313946656,0.49426839369048564,229.38225427625295,6.6177457237470474,896.47843100747161,76.521568992529453,76.521568992529453,5137.1411808965613,40.858819103442968,40.858819103442968,16.600000000000001
28.5,116,25.395144369295501,26.82874712656448,112.60681666172817,28.032729965863034,4.0324732784270587,8.7109052598499215,1.0972603417413409,0.51981449239069089,229.0900374574183,6.9099625425816971,893.19338331206279,79.806616687938231,79.806616687938231,5135.0381907411975,42.961809258807421,42.961809258807421,16.600000000000001
28.75,116,25.125759740584662,26.798122458972081,112.23617490725525,28.009565230634504,4.0671107434069826,8.9994418264017657,1.1413144433398794,0.54639284896184326,228.78824268577389,7.2117573142260936,889.80892079072032,83.191079209280844,83.191079209280844,5132.851137470635,45.148862529370227,45.148862529370227,16.600000000000001
29,116,24.859590417703721,26.768157630118271,111.86716986991317,27.978109639860172,4.1002639089944388,9.2938784033233919,1.1865468015209659,0.57403137638808543,228.47669498812655,7.5233050118734557,886.3238774503543,86.676122549646777,86.676122549646777,5130.5778338703476,47.422166129657633,47.422166129657633,16.600000000000001
29.25,116,24.596598481040392,26.738905646581017,111.49978401139336,27.9384037303507,4.1318933594747467,9.5941987825531445,1.2329620032895814,0.60275811293868398,228.15522201849717,7.84477798150282,882.73716064757343,90.262839352427704,90.262839352427704,5128.2160907700609,49.783909229944257,49.783909229944257,16.600000000000001
29.5,116,24.336746542507473,26.710417092160014,111.13399925388319,27.890495137476282,4.1619611010121469,9.9003801268440803,1.2805631918959826,0.63260118888853889,227.82365437639831,8.1763456236016907,879.0477555742234,93.952244425777693,93.952244425777693,5125.7637201791904,52.236279820814609,52.236279820814609,16.600000000000001
29.75,116,24.079997735665689,26.682740081048035,110.76979702341627,27.834438725598517,4.1904306629826458,10.212392794705112,1.3293520019146978,0.66358879138298843,227.48182593404761,8.5181740659524046,875.25472977482889,97.745270225172263,97.745270225172263,5123.2185385832263,54.781461416777887,54.781461416777887,16.600000000000001
30,116,23.826315705894626,26.655920210831916,110.40715829313322,27.770296706552298,4.2172671992139863,10.530200177507171,1.3793284958828982,0.69574912771064157,227.12957416957511,8.8704258304249102,871.35723764143506,101.64276235856603,101.64276235856603,5120.5783703741008,57.42162962590281,57.42162962590281,16.600000000000001
30.25,116,23.575664600652086,26.630000517433711,110.04606362603901,27.698138742170695,4.2424375865623816,10.85375855318112,1.4304911044526534,0.72911038759434821,226.76674050016265,9.2332594998373487,867.3545247812782,105.64547521872296,105.64547521872296,5117.8410513535009,60.158948646502694,60.158948646502694,16.600000000000001
30.5,116,23.328009059735365,26.605021429091909,109.68649321811169,27.618042034051662,4.2659105246792626,11.183016952441804,1.4828365673865036,0.7637007033293064,226.39317062507004,9.6068293749299425,863.24593240948946,109.75406759051154,109.75406759051154,5115.0044324232249,62.995567576778853,62.995567576778853,16.600000000000001
30.75,116,23.083314205645188,26.58102072338172,109.3284269407628,27.530091395584424,4.2876566318598854,11.517917043528788,1.5363598789988191,0.79954810926552178,226.00871486542246,9.9912851345775593,859.03090156173016,113.96909843827088,113.96909843827088,5112.0663833156359,65.933616684368616,65.933616684368616,16.600000000000001
31,116,22.841545633982935,26.558033485445598,108.97184438331954,27.434379306571618,4.3076485395474453,11.858393034452412,1.5910542364322875,0.83668049967692526,225.61322850809981,10.386771491900193,854.70897722721463,118.29102277278639,118.29102277278639,5109.0247964563123,68.975203543690981,68.975203543690981,16.600000000000001
31.25,116,22.602669403895568,26.536092068235082,108.61672489538348,27.331005949274399,4.3258609845326825,12.204371594062271,1.6469109914642568,0.87512558528314144,225.20657215126388,10.793427848736123,850.27981236234439,122.72018763765671,122.72018763765671,5105.8775909324577,72.122409067547139,72.122409067547139,16.600000000000001
31.5,116,22.366652028626557,26.515226056651478,108.26304762850486,27.22007922520368,4.3422708963432051,12.555771793175081,1.7039196074310212,0.91491084934238787,224.78861204427963,11.211387955720388,845.7431716841711,127.25682831582999,127.25682831582999,5102.6227164780385,75.377283521965424,75.377283521965424,16.600000000000001
31.75,116,22.133460466071959,26.495462233770137,107.91079157811588,27.101714749140072,4.3568574826804189,12.912505068337413,1.7620676198726251,0.95606350185382438,224.35922043186127,11.640779568138727,841.09893535433139,131.90106464566983,131.90106464566983,5099.2581576142557,78.741842385748981,78.741842385748981,16.600000000000001
32,116,21.903062109457338,26.476824551640597,107.55993562464009,26.976035823794284,4.369602309220137,13.274475205887645,1.8213406027865953,0.99861043367148583,223.91827588991382,12.081724110086199,836.34710240694437,136.65289759305682,136.65289759305682,5095.7819377735495,82.218062226455061,82.218062226455061,16.600000000000001
32.25,116,21.675424778068059,26.459334106110497,107.21045857439192,26.8431733902042,4.3804893750064631,13.641578350610789,1.8817221402327213,1.0425781695541478,223.46566365873039,12.534336341269642,831.4877939665389,141.51220603346218,141.51220603346218,5092.1921234981173,85.807876501887151,85.807876501887151,16.600000000000001
32.5,116,21.450516708042624,26.443009116129797,106.86233920017352,26.703265953543681,4.389505182881936,14.013703039401969,1.9431938036485876,1.0879928203505489,223.00127597188245,12.998724028117582,826.52125623230302,146.47874376769823,146.47874376769823,5088.4868286933752,89.513171306629502,89.513171306629502,16.600000000000001
32.75,116,21.228306543300171,26.427864908308837,106.51555628092473,26.556459489586526,4.3966388034750983,14.390730255329368,2.0057351352178441,1.134880035466667,222.52501237389006,13.474987626109943,821.4478631694501,151.55213683055115,151.55213683055115,5084.6642188289907,93.335781171013409,93.335781171013409,16.600000000000001
33,116,21.008763326499619,26.413913907134255,106.17008864132548,26.402907319364363,4.4018819333284336,14.772533513673327,2.0693236382281182,1.1832649540805209,222.03678003393171,13.963219966068335,816.26811892713249,156.73188107286865,156.73188107286865,5080.7225152274805,97.277484772523465,97.277484772523465,16.600000000000001
33.25,116,20.791856490144767,26.401165630661502,105.82591519034791,26.242769965552839,4.4052289462523939,15.158978967388501,2.1339347735302687,1.2331721569283207,221.53649404645682,14.463505953543201,810.98265994717883,162.01734005282228,162.01734005282228,5076.6599992731499,101.34000072685411,101.34000072685411,16.600000000000001
33.5,116,20.577555847780697,26.38962669275665,105.48301495921916,26.076214980942659,4.4066769373373882,15.549925541182608,2.1995419634556814,1.2846256178627424,221.02407772134637,14.975922278653631,805.59225673812432,167.40774326187685,167.40774326187685,5072.4750166120593,105.52498338794544,105.52498338794544,16.600000000000001
33.75,116,20.365831585284745,26.379300812249411,105.14136713876006,25.903416748294212,4.4062257592259053,15.945225094945727,2.266116603490687,1.3376486552836444,220.4994628625839,15.500537137416117,800.09781529708073,172.90218470292052,172.90218470292052,5068.1659813328588,109.83401866714591,109.83401866714591,16.600000000000001
34,116,20.156654252323772,26.370188827671953,104.80095111549912,25.724556264471012,4.4038780513171938,16.34472260421607,2.3336280798877653,1.392263884609072,219.96259003111268,16.037409968887353,794.50037820632633,178.49962179367486,178.49962179367486,5063.731380024723,114.26861997528204,114.26861997528204,16.600000000000001
34.25,116,19.949994753892785,26.362288721070534,104.46174650723556,25.539820887345243,4.3996392591503746,16.748256378541058,2.4020437972137945,1.4484931705142052,219.41340879385268,16.586591206147329,788.80112529080372,184.19887470919753,184.19887470919753,5059.1697758199207,118.83022418008352,118.83022418008352,16.600000000000001
34.5,116,19.745824342026669,26.35559564737175,104.12373319732261,25.349404068169211,4.3935176466961261,17.155658295736242,2.4713292116642758,1.5063575804117681,218.85187795579427,17.148122044205753,783.00137394660692,189.9986260533943,189.9986260533943,5054.4798122953835,123.52018770462109,123.52018770462109,16.600000000000001
34.75,116,19.544114607652574,26.35010197184446,103.78689136790247,25.153505057196224,4.3855242992660575,17.566754064040687,2.5414478728699392,1.5658773387248688,218.27796577414941,17.722034225850596,777.10257904610933,195.89742095389192,195.89742095389192,5049.6602172674766,128.33978273252887,128.33978273252887,16.600000000000001
35,116,19.34483747258265,26.345797316377421,103.45120153208381,24.952328580177902,4.3756731163106419,17.981363514551383,2.6123614748824289,1.6270717819940705,217.69165015336867,18.308349846631355,771.10633238895343,201.89366761104776,201.89366761104776,5044.7098064742477,133.29019352575708,133.29019352575708,16.600000000000001
35.25,116,19.147965181700769,26.342668610483631,103.1166445646769,24.746084505879274,4.3639807977844214,18.399300904151904,2.6840299118191289,1.6899593156886079,217.09291882176345,18.907081178236563,765.01436184725424,207.98563815274693,207.98563815274693,5039.6274870772368,138.37251292276878,138.37251292276878,16.600000000000001
35.5,116,18.953470295297713,26.340700153709225,102.78320173174838,24.534987477036584,4.3504668176755175,18.820375256280958,2.7564113451654384,1.7545573720933629,216.48176948431271,19.518230515687289,758.82852994340828,214.17147005659282,214.17147005659282,5034.4122610209197,143.5877389790854,143.5877389790854,16.600000000000001
35.75,116,18.761325681603356,26.339873682850563,102.4508547187085,24.319256532526087,4.3351533909980562,19.244390712021936,2.8294622757133201,1.820882370032338,215.85820995620486,20.141790043795144,752.55083211609235,220.44916788390884,220.44916788390884,5029.0632282000806,148.93677179992471,148.93677179992471,16.600000000000001
36,116,18.571504509510106,26.340168447291227,102.11958565691351,24.09911470919128,4.3180654309119681,19.671146903095408,2.9031376234755184,1.8889496764125495,215.22225827286633,20.777741727133648,746.18339453716521,226.81660546283607,226.81660546283607,5023.5795894264984,154.4204105735065,154.4204105735065,16.600000000000001
36.25,116,18.383980241490871,26.341561293954907,101.78937714872589,23.87478861884378,4.2992304944106134,20.100439351299826,2.9773908170235877,1.9587735696965516,214.5739427739399,21.426057226060092,739.7284714147512,233.27152858524991,233.27152858524991,5017.9606491805816,160.03935081942339,160.03935081942339,16.600000000000001
36.5,116,18.198726626726653,26.344026755138305,101.46021229103739,23.646508024467582,4.2786787233349513,20.532059870332507,3.0521738853102982,2.0303672055175093,213.91330216883694,22.086697831163043,733.18844205906737,239.81155794093377,239.81155794093377,5012.2058181502525,165.7941818497531,165.7941818497531,16.600000000000001
36.75,116,18.015717694455113,26.347537148127422,101.13207469697795,23.414505387894515,4.2564427714898212,20.96579699803312,3.127437560842186,2.1037425847626636,213.2403855704998,22.759614429500203,726.56580732993677,246.4341926700645,246.4341926700645,5006.3146154979368,171.68538450206742,171.68538450206742,16.600000000000001
37,116,17.834927747532614,26.352062678216861,100.80494851604418,23.179015415475842,4.2325577265206809,21.401436432254002,3.203131385762179,2.1789105239433812,212.55525250929503,23.444747490704955,719.86318582345007,253.13681417655107,253.13681417655107,5000.2866709010532,177.71332909895145,177.71332909895145,16.600000000000001
37.25,116,17.656331356227035,26.357571548214114,100.47881845243614,22.940274593874676,4.2070610232320611,21.838761478452103,3.2792038237916721,2.2558806282135886,211.85797292105383,24.142027078946178,713.08330965894027,259.91669034106104,259.91669034106104,4994.1217263222507,183.87827367775492,183.87827367775492,16.600000000000001
37.5,116,17.479903352258599,26.364030076752279,100.15366978140744,22.698520710569642,4.1799923458082873,22.277553514611192,3.3556023802173525,2.3346612673863509,211.14862710433076,24.85137289566924,706.22901975958064,266.77098024042073,266.77098024042073,4987.8196374693234,190.18036253068101,190.18036253068101,16.600000000000001
37.75,116,17.305618823049329,26.371402817185746,99.829488364133525,22.453992381028446,4.1513935277371106,22.717592450999362,3.432273721871594,2.4152595542302193,210.42730566161012,25.572694338389869,699.30326099555066,273.69673900445065,273.69673900445065,4981.3803750412198,196.61962495878424,196.61962495878424,16.600000000000001
38,116,17.133453106255359,26.379652686249973,99.506260660273938,22.206928561924787,4.1213084393317674,23.158657206238104,3.5091638057942274,2.497681326437426,209.6941094047649,26.305890595235084,692.3090767615937,280.69092323840778,280.69092323840778,4974.8040255977048,203.19597440229933,203.19597440229933,16.600000000000001
38.25,116,16.963381784519154,26.388741094308362,99.183973738935791,21.957568069231229,4.0897828718267064,23.600526180114542,3.5862180087530997,2.5819311311388953,208.94914924178178,27.050850758218203,685.24960337061896,287.75039662938235,287.75039662938235,4968.0907921882508,209.90920781175339,209.90920781175339,16.600000000000001
38.5,116,16.795380680470874,26.398628079179559,98.862615287746038,21.706149098382898,4.0568644157305132,24.042977726236153,3.6633812593832271,2.668012212521421,208.19254603906327,27.807453960936716,678.12806416294643,294.87193583705488,294.87193583705488,4961.2409946812359,216.759005318769,216.759005318769,16.600000000000001
38.75,116,16.629425852018553,26.409272446153206,98.542173619639016,21.452908742989578,4.0226023303920329,24.485790628446633,3.7405981752472126,2.7559265032857829,207.42443045176861,28.575569548231364,670.94776319860114,302.05223680140006,302.05223680140006,4954.2550697148645,223.74493028513965,223.74493028513965,16.600000000000001
39,116,16.465493587829812,26.420631906502301,98.222637678351731,21.198082525183054,3.9870474135831011,24.928744566901734,3.8178131977542984,2.8456746182263526,206.64494274210466,29.355057257895346,663.7120789170624,309.28792108293885,309.28792108293885,4947.1335704613675,230.86642953863662,230.86642953863662,16.600000000000001
39.25,116,16.303560403131939,26.432663221596407,97.90399704139152,20.941903930109561,3.9502518626215779,25.371620582540512,3.8949707311102073,2.9372558522268961,205.85423256316534,30.145767436834664,656.42445738734352,316.57554261265778,316.57554261265778,4939.8771659612366,238.12283403876822,238.12283403876822,16.600000000000001
39.5,116,16.143603035726908,26.4453223466137,97.58624192148784,20.684603951561154,3.9122691341658178,25.814201531932422,3.9720152800015227,3.0306681808515155,205.05245872675522,30.947541273244784,649.08840546787019,323.91159453213106,323.91159453213106,4932.4866402235539,245.51335977645036,245.51335977645036,16.600000000000001
39.75,116,15.985598442248257,26.458564574457757,97.269363166283711,20.426410650105584,3.8731538018072409,26.256272531381171,4.0488915863854134,3.1259082640371529,204.2397889515259,31.760211048474119,641.70748383443708,331.29251616556428,331.29251616556428,4924.9628910425972,253.03710895740682,253.03710895740682,16.600000000000001
40,116,15.829523794723396,26.472344681711522,96.953352255683541,20.167548725458843,3.8329614089852164,26.697621389121032,4.1255447667072458,3.2229714540443899,203.41639958233691,32.583600417663121,634.28529975881884,338.71470024118224,338.71470024118224,4917.3069284141584,260.69307158584564,260.69307158584564,16.600000000000001
40.25,116,15.675356477298816,26.486617071715365,96.638201298181144,19.908239102278248,3.7917483236084193,27.138039025099165,4.2019204456770618,3.3218518051562316,202.58247530211386,33.417524697886158,626.82549994063686,346.17450005936439,346.17450005936439,4909.5198728105797,268.48012718942499,268.48012718942499,16.600000000000001
40.5,116,15.523074083282792,26.501335917893833,96.323903024776968,19.648698537392587,3.7495715897221373,27.577319871708664,4.2779648884987216,3.422542087901189,201.73820881574522,34.26179118425479,619.33176315807964,353.6682368419215,353.6682368419215,4901.6029530377118,276.39704696229228,276.39704696229228,16.600000000000001
40.75,116,15.372654412386055,26.516455304712967,96.010450781563023,19.389139243297887,3.7064887800361337,28.015262259566963,4.3536251298371678,3.5250338056990977,200.88380052204312,35.116199477956911,611.80779293048954,361.19220706951177,361.19220706951177,4893.5575038856659,284.44249611433855,284.44249611433855,16.600000000000001
41,116,15.224075468174172,26.531929365885457,95.697838520865318,19.129768530818332,3.6625578495781523,28.451668785543898,4.4288490989952285,3.6293172141993493,200.019458172729,35.980541827270997,604.25731020068849,368.74268979931281,368.74268979931281,4885.384963549579,292.61503645042598,292.61503645042598,16.600000000000001
41.25,116,15.077315455809707,26.547712419722345,95.386060790276844,18.870788480094763,3.617836989842047,28.886346654531149,4.5035857405270026,3.7353813447284869,199.14539651011444,36.854603489885562,596.68404598798736,376.31595401201389,376.31595401201389,4877.0868706854808,300.91312931452404,300.91312931452404,16.600000000000001
41.5,116,14.932352779924246,26.563759101102754,95.075112720959467,18.612395624199323,3.572384485482559,29.319108009291128,4.5777851310477242,3.8432140290200838,198.26183690136949,37.738163098630523,589.09173414800955,383.90826585199164,383.90826585199164,4868.6648613750913,309.33513862491446,309.33513862491446,16.600000000000001
41.75,116,14.789166042769429,26.58002448848605,94.764990013972792,18.354780666544595,3.5262585737690739,29.749770228430869,4.651398589366786,3.9528019279161741,197.36900695513253,38.630993044867502,581.48410420071866,391.51589579928259,391.51589579928259,4860.120665748198,317.87933425180734,317.87933425180734,16.600000000000001
42,116,14.647734042537408,26.596464226796435,94.455688925547051,18.098128218058381,3.4795173069806289,30.178156205627154,4.7243787816819962,4.0641305621050661,196.4671401312942,39.532859868705842,573.86487427132181,399.13512572867944,399.13512572867944,4851.4561044455213,326.54389555448387,326.54389555448387,16.600000000000001
42.25,116,14.508035771847988,26.613034645611233,94.147206251335291,17.842616555772651,3.4322184183534246,30.604094608414716,4.7966798212525035,4.1771843448716854,195.55647534491757,40.443524655082449,566.23774417107495,406.76225582892624,406.76225582892624,4842.673084927078,335.32691507292731,335.32691507292731,16.600000000000001
42.5,116,14.370050416477074,26.629692870012338,93.839539309063611,17.588417418789003,3.384419193589348,31.027420101132247,4.868257359198096,4.2919466182279589,194.6372565593658,41.36274344063424,558.60638867607906,414.39361132392219,414.39361132392219,4833.7735975059986,344.22640249400672,344.22640249400672,16.600000000000001
42.75,116,14.233757354183574,26.646396928185041,93.532685920707905,17.335695814899875,3.3361763450785835,31.447973557652936,4.9390686717876315,4.4083996898733293,193.70973237916911,42.290267620830917,550.97445093674855,422.02554906325253,422.02554906325253,4824.7597113358606,353.24028866414471,353.24028866414471,16.600000000000001
43,116,14.099136153747494,26.663105850236708,93.226644393356636,17.084609865975814,3.287545893452831,31.865602236587161,5.0090727375754565,4.5265248730523551,192.77415563705947,43.225844362940556,543.3455361699265,429.65446383007458,429.65446383007458,4815.6335701769212,362.36642982308388,362.36642982308388,16.600000000000001
43.25,116,13.966166574138978,26.679779761546111,92.921413499368285,16.835310674532533,3.2385830538238438,32.280159935958544,5.0782303084396654,4.6463025278773875,191.83078297983755,44.169217020162506,535.72320555312319,437.276794446878,437.276794446878,4806.3973880646045,371.60261193539935,371.60261193539935,16.600000000000001
43.5,116,13.834828563803947,26.69637997063661,92.616992455944256,16.587942210307851,3.1893421268498776,32.691507128401732,5.1465039746150678,4.767712103881486,190.87987445460698,45.120125545393066,528.11097033243823,444.88902966756291,444.88902966756291,4797.0534449030174,380.94655509698708,380.94655509698708,16.600000000000001
43.75,116,13.705102260117712,26.71286904670422,92.313380903789309,16.34264123624742,3.1398763991522824,33.099511057778372,5.2138582182573403,4.8907321847755245,189.92169309568942,46.078306904310637,520.51228631387312,452.48771368612796,452.48771368612796,4787.6040819120062,390.39591808799759,390.39591808799759,16.600000000000001
44,116,13.576967988910026,26.729210894267109,92.010578885507712,16.099537243263054,3.0902380463129071,33.504045827246912,5.2802594640216967,5.0153405336479766,188.95650451355112,47.043495486448968,512.9305484915792,460.06945150842193,460.06945150842193,4778.0516970627568,399.94830293724715,399.94830293724715,16.600000000000001
44.25,116,13.450406264119028,26.745370817298184,91.708586823422067,15.858752421303841,3.0404780457692318,33.90499245150972,5.3456761182767503,5.141514139718641,187.98457648882098,48.015423511179101,505.36908609768926,467.63091390231187,467.63091390231187,4768.3987404310838,409.60125956892017,409.60125956892017,16.600000000000001
44.5,116,13.325397787530978,26.761315577164194,91.407405497078514,15.620401650642757,2.9906460955639114,34.302238889098163,5.4100786017596558,5.2692292658572493,187.00617857072393,48.993821429276124,497.83115792047545,475.16884207952569,475.16884207952569,4758.6477095234868,419.35229047651882,419.35229047651882,16.600000000000001
44.75,116,13.201923448589778,26.777013445258063,91.10703602055095,15.384592509613997,2.9407905381862558,34.695680058351904,5.473439376704718,5.398461496592418,186.02158168052929,49.978418319470784,490.31994786480061,482.68005213520053,482.68005213520053,4748.8011445979309,429.19885540207395,429.19885540207395,16.600000000000001
45,116,13.079964324290062,26.792434244337738,90.807479819569224,15.15142531694303,2.8909582955405857,35.08521781888858,5.535732962118237,5.5291857869405918,185.03105772589436,50.968942274105679,482.8385610037983,490.16143899620278,490.16143899620278,4738.8616239776666,439.13837602233951,439.13837602233951,16.600000000000001
45.25,116,12.95950167911918,26.807549387307187,90.508738608552335,14.920993181589134,2.8411948063687298,35.470760945615773,5.5969359465189914,5.6613765113552859,184.03487921894356,51.965120781056456,475.39001976829155,497.60998023170959,497.60998023170959,4728.8317593804049,449.16824061960097,449.16824061960097,16.600000000000001
45.5,116,12.840516965047323,26.822331905828904,90.210814367737555,14.693382081037464,2.7915439739762187,35.852225074110095,5.6570269902414703,5.7950075128974508,183.03331890764622,52.966681092353781,467.97726060691235,505.02273939308878,505.02273939308878,4718.7141912930911,459.28580870691439,459.28580870691439,16.600000000000001
45.75,116,12.722991821556372,26.836756472767991,89.913709320384413,14.468670956548007,2.7420481202265239,36.229532628901104,5.7159868215164984,5.9300521524236887,182.0266494164299,53.973350583570124,460.60313094842081,512.39686905158032,512.39686905158032,4708.5115843900639,469.48841560994128,469.48841560994128,16.600000000000001
46,116,12.606908075700012,26.850799420065798,89.617425910074601,14.246931820602697,2.6927479442240343,36.602612739407462,5.7737982280350737,6.0664833576563861,181.01514289475293,54.984857105247066,453.27038640119815,519.7296135988031,519.7296135988031,4698.226622998689,479.77337700131659,479.77337700131659,16.600000000000001
46.25,116,12.492247742167367,26.864438746371768,89.32196677848583,14.028229889324914,2.6436824917998742,36.971401130336083,5.8304460383071026,6.2042736717464484,179.99907068385502,56.00092931614499,445.98168846270676,527.01831153729449,527.01831153729449,4687.8620066819221,490.1379933180832,490.1379933180832,16.600000000000001
46.5,116,12.37899302337577,26.877654122300221,89.027334743217367,13.812623721580435,2.5948891274352008,37.335840005308384,5.8859171007838533,6.3433953016750122,178.97870298871274,57.021297011287267,438.73960236788673,534.26039763211452,534.26039763211452,4677.4204458585227,500.57955414148313,500.57955414148313,16.600000000000001
46.75,116,12.26712630954543,26.890426887393254,88.733532776221082,13.600165376223904,2.5464035151818978,37.695877911655515,5.9402002549413089,6.483820165776554,177.95430856797822,58.045691432021805,431.54659537867883,541.45340462132242,541.45340462132242,4666.9046575652746,511.09534243473047,511.09534243473047,16.600000000000001
47,116,12.15663017876922,26.902740041681213,88.440563982647404,13.390900581315178,2.4982596054661506,38.05146959276825,5.9932862972221912,6.6255199405810794,176.92615443661902,59.073845563381006,424.40503537332091,548.59496462668028,548.59496462668028,4656.3173613241643,521.68263867584028,521.68263867584028,16.600000000000001
47.25,116,12.047487397085076,26.914578233623047,88.148431579991581,13.184868911543829,2.4504896258582858,38.40257583188977,6.0451679436245529,6.7684661070922356,175.89450557801689,60.105494421983117,417.31718964793254,555.68281035206871,555.68281035206871,4645.6612750917075,532.33872490829788,532.33872490829788,16.600000000000001
47.5,116,11.939680918488593,26.925927740271717,87.857138878183946,12.982103979137518,2.4031240807011236,38.74916328140106,6.0958397850745856,6.9126299955020407,174.85962467786396,61.140375322136059,410.28522417026193,562.7147758297391,562.7147758297391,4634.9391114140608,543.06088858594421,543.06088858594421,16.600000000000001
47.75,116,11.833193884956588,26.936776445200415,87.566689259865171,12.782633630533809,2.3561917531896159,39.091204286119584,6.1452982408071133,7.0579828294849705,173.82177186456715,62.178228135432832,403.31120297280847,569.68879702719255,569.68879702719255,4624.1535736398837,553.84642636012131,553.84642636012131,16.600000000000001
48,116,11.728009626407523,26.947113810739786,87.277086161574104,12.586480151194616,2.309719714181512,39.428676697476575,6.1935415067058761,7.204495768867579,172.78120446896139,63.218795531038602,396.39708790564396,576.60291209435718,576.60291209435718,4613.3073523315516,564.69264766845345,564.69264766845345,16.600000000000001
48.25,116,11.62411166062183,26.956930846150257,86.988333055602638,12.393660476612641,2.2637333358336709,39.761563680781606,6.2405695001163144,7.3521399510533865,171.73817679849708,64.261823201502935,389.54473865342328,583.45526134657791,583.45526134657791,4602.403121826037,575.59687817396843,575.59687817396843,16.600000000000001
48.5,116,11.521483693145521,26.966220073116787,86.700433432275986,12.204186408187644,2.2182563083997211,40.089853517150338,6.2863838023957097,7.5008865315908579,170.69293992133078,65.307060078669252,382.75591293113473,590.24408706886652,590.24408706886652,4591.4435368972509,586.55646310275517,586.55646310275517,16.600000000000001
48.75,116,11.42010961709369,26.974975486536316,86.413390783429634,12.018064831943951,2.1733106630949059,40.41353940133115,6.330987597690676,7.6507067225099474,169.64574147238881,66.354258527611194,376.03226702557362,596.96773297442758,596.96773297442758,4580.4312296698563,597.56877033014973,597.56877033014973,16.600000000000001
49,116,11.319973512948581,26.983192513298082,86.127208586189681,11.835297941618492,2.1289167973117178,40.73261923482314,6.3743856100562937,7.80157183000094,168.5968254669593,67.403174533040698,369.37535647122917,603.62464352877191,603.62464352877191,4569.3688066087025,608.63119339130265,608.63119339130265,16.600000000000001
49.25,116,11.221059648271273,26.990867967987587,85.841890287781538,11.655883461963192,2.085093504077042,41.047095417700909,6.4165840383842001,7.9534532900933721,167.5464321323677,68.453567867632316,362.78663698281684,610.21336301718429,610.21336301718429,4558.2588457249803,619.74115427502534,619.74115427502534,16.600000000000001
49.5,116,11.123352477349778,26.998000006153148,85.557439291150018,11.479814872701084,2.0418580048647885,41.356974638931213,6.4575904896337057,8.1063227027194387,166.49479775419726,69.505202245802735,356.26746559268253,616.73253440731867,616.73253440731867,4547.1038939556629,630.89610604434279,630.89610604434279,16.600000000000001
49.75,116,11.026836640818599,27.004588075737701,85.273858941068596,11.307081634685451,1.9992259847949203,41.662267663963348,6.4974139107340774,8.2601518647538832,165.44215453215213,70.557845467847869,349.81910193126936,623.18089806873184,623.18089806873184,4535.906464652131,642.09353534787442,642.09353534787442,16.600000000000001
50,116,10.931496965161687,27.010632866729512,84.991152511493823,11.137669410875594,1.9572116310203314,41.962989126212889,6.5360645198400258,8.414912800557607,164.38873045547382,71.611269544526166,343.44270972960675,629.55729027039456,629.55729027039456,4524.6690353252634,653.33096467474161,653.33096467474161,16.600000000000001
50.25,116,10.837318462200955,27.016136259164998,84.709323193277172,10.971560290278353,1.9158276731624282,42.259157315193278,6.5735537363414887,8.5705777917475423,163.33474918596579,72.665250814034195,337.1393584399928,635.86064156000839,635.86064156000839,4513.3940454721587,664.60595452784708,664.60595452784708,16.600000000000001
50.5,116,10.744286328480333,27.021101270336612,84.42837408298405,10.808733005536249,1.875085425789299,42.550793969857523,6.6098941111514922,8.7271194046816554,162.28042995768118,73.719570042318807,330.9100250194457,642.08997498055544,642.08997498055544,4502.083894630302,675.91610536970416,675.91610536970416,16.600000000000001
50.75,116,10.652385944570497,27.025532001279771,84.148308172598874,10.64916314607294,1.834994832611323,42.837924075465487,6.6450992571640324,8.8845105160876034,161.22598749022001,74.774012509779965,324.75559584740961,648.24440415259164,648.24440415259164,4490.7409406150273,687.25905938497897,687.25905938497897,16.600000000000001
51,116,10.561602874383151,27.029433581582044,83.869128339375763,10.492823376258588,1.7955645125136428,43.120575655262591,6.6791837782467844,9.042724338342893,160.1716319066916,75.828368093308384,318.67686873645226,654.32313126354904,654.32313126354904,4479.3674977948021,698.63250220520376,698.63250220520376,16.600000000000001
51.25,116,10.471922864338175,27.032812115084099,83.590837337107601,10.339683639965799,1.7568018062922823,43.398779574319668,6.7121632005526397,9.2017344417622766,159.11756867068067,76.882431329319303,312.67455506432816,660.32544493567309,660.32544493567309,4467.9658356518621,710.03416434814403,710.03416434814403,16.600000000000001
51.5,116,10.383331842463638,27.03567462550004,83.313437788150736,10.189711360267438,1.7187128243166283,43.672569347452274,6.7440539045622945,9.3615147752508872,158.06399853431697,77.936001465683006,306.74928199535265,666.25071800464855,666.25071800464855,4456.5381774979505,721.46182250205538,721.46182250205538,16.600000000000001
51.75,116,10.29581591750091,27.038029000370255,83.036932175625481,10.042871643562911,1.6813024960519265,43.941980942514022,6.7748730556907173,9.5220396865552299,157.01111749132349,78.988882508676468,300.90159479492354,672.09840520507771,672.09840520507771,4445.0866992323063,732.91330076770032,732.91330076770032,16.600000000000001
52,116,10.20936137787109,27.039883937396212,82.761322836913578,9.8991274676966654,1.6445746186523409,44.207052598383711,6.8046385386796651,9.6832839396743147,155.95911674577917,80.040883254220773,295.13195918460207,677.86804081539901,677.86804081539901,4433.6135283574313,744.38647164257452,744.38647164257452,16.600000000000001
52.25,116,10.123954690588485,27.041248890942779,82.486611957775281,9.7584398657587368,1.6085319060761309,44.467824646633886,6.8333688928618983,9.8452227308943367,154.908182689814,81.091817310185988,289.44076375801575,683.55923624198545,683.55923624198545,4422.1207431212206,755.87925687878612,755.87925687878612,16.600000000000001
52.5,116,10.039582500170601,27.042134017095755,82.212801566708492,9.6207681130062532,1.573176039910219,44.724339329817184,6.8610832462639477,10.00783170429416,153.85849688681321,82.141503113186744,283.82832248559657,689.17167751440468,689.17167751440468,4410.6103717125097,767.38962828749732,767.38962828749732,16.600000000000001
52.75,116,9.9562316274138638,27.042550122310139,81.939893530518916,9.4860698954993552,1.538507717956332,44.976640636820328,6.8878012547047911,10.171086964500548,152.81023606787261,83.189763932127349,278.29487719438453,694.7051228056165,694.7051228056165,4399.0843916943377,778.91560830566834,778.91560830566834,16.600000000000001
53,116,9.873889068131712,27.042508612219617,81.667889550373744,9.3543014756039486,1.5045267031898684,45.224774140854869,6.9135430416330266,10.334965088344815,151.76357213526506,84.236427864734907,272.84060009176329,700.1593999082379,700.1593999082379,4387.5447295352269,790.4552704647798,790.4552704647798,16.600000000000001
53.25,116,9.7925419918777727,27.042021439434045,81.396791158179539,9.2254178586450291,1.4712318740861834,45.468786835956983,6.938329137316682,10.49944313581585,150.7186721719506,85.281327828049399,267.4655963669876,705.53440363301365,705.53440363301365,4375.9932602082354,802.00673979177077,802.00673979177077,16.600000000000001
53.5,116,9.7121777405554965,27.041101055683079,81.126599713962847,9.0993729413269069,1.4386212717130857,45.708726990721445,6.9621804236489195,10.664498658627064,149.67569846067818,86.324301539321851,262.16990670788545,710.83009329211563,710.83009329211563,4364.4318069836536,813.56819301635221,813.56819301635221,16.600000000000001
53.75,116,9.632783826998633,27.039760364020193,80.857316403660661,8.9761196577625686,1.4066921472124105,45.944644004006214,6.9851180795111363,10.83010970784728,148.6348085091301,87.36519149086989,256.9535098562082,716.04649014379299,716.04649014379299,4352.862141304081,825.1378586959255,825.1378586959255,16.600000000000001
54,116,9.5543479335309875,27.038012670484484,80.588942237266949,8.8556101247559429,1.3754410102129626,46.176588261015645,7.0071635260039251,10.99625484074485,147.59615508108774,88.403844918912242,251.81632522198859,721.18367477801269,721.18367477801269,4341.2859827324091,836.71401726759757,836.71401726759757,16.600000000000001
54.25,116,9.4768579104313542,27.035871640556525,80.32147804779953,8.7377957697748965,1.3448636733527595,46.404611005884483,7.0283383776057535,11.16291312558284,146.55988623401063,89.440113765989366,246.75821537041602,726.24178462958514,726.24178462958514,4329.70499905414,848.29500094586672,848.29500094586672,16.600000000000001
54.5,116,9.4003017743770059,27.033351255526231,80.05492449061272,8.6226274571333423,1.3149552972647984,46.628764215698645,7.048664393664998,11.330064145625762,145.52614536194855,90.473854638051421,241.77898854544662,731.22101145455451,731.22101145455451,4318.1208064489692,859.87919355103634,859.87919355103634,16.600000000000001
54.75,116,9.3246677068618045,27.030465768909377,79.789282043085564,8.5100556119167781,1.2857104359233638,46.849100476388692,7.0681634303878553,11.49768800229802,144.49507124395134,91.504928756048628,236.87840122811707,736.12159877188412,736.12159877188412,4306.5349697370857,871.46503026292021,871.46503026292021,16.600000000000001
55,116,9.2499440525431673,27.02722966761019,79.524551004919942,8.4000303281547648,1.2571230779069462,47.065672873784948,7.0868573985226186,11.665765316711044,143.46679809616248,92.533201903837494,232.0561605418377,740.94383945816344,740.94383945816344,4294.9490027367274,883.05099726327865,883.05099726327865,16.600000000000001
55.25,116,9.1761193175708442,27.023657632959484,79.260731498756257,8.2925014755361328,1.2291866881284339,47.278534885805122,7.1047682212983938,11.834277230475919,142.44145562878288,93.558544371217096,227.31192669289783,745.68807330710342,745.68807330710342,4283.3643686847308,894.63563131527417,894.63563131527417,16.600000000000001
55.5,116,9.1031821678904521,27.019764502273212,78.997823471145026,8.1874188025542534,1.2018942494297653,47.487740277852339,7.1219177933348119,12.003205405684074,141.41916910779284,94.58083089220716,222.64531542103572,750.35468457896548,750.35468457896548,4271.7824807265843,906.2175192734212,906.2175192734212,16.600000000000001
55.75,116,9.0311214274966893,27.015565234950898,78.735826693950699,8.084732026208469,1.1752383000964401,47.693343011247521,7.1383279448652255,12.172532023631918,140.4000594179553,95.599940582044667,218.0559002842127,754.94409971578864,754.94409971578864,4260.2047024806388,917.79529751936741,917.79529751936741,16.600000000000001
56,116,8.9599260766709889,27.01107487842377,78.474740766049663,7.9843909201496768,1.1492109718381511,47.895397152917425,7.154020406155313,12.342239782890033,139.38424313044121,96.615756869558751,213.54321497664381,759.4567850233575,759.4567850233575,4248.632348660688,929.36765133931829,929.36765133931829,16.600000000000001
56.25,116,8.8895852501961414,27.006308535063376,78.214565115348279,7.8863453984922236,1.1238040271508123,48.093956789097454,7.1690167733168852,12.512311896594607,138.3718325741628,97.628167425837162,209.10675563230552,763.89324436769573,763.89324436769573,4237.0666857591341,940.93331424087182,940.93331424087182,16.600000000000001
56.5,116,8.8200882355407622,27.001281333147073,77.955299001069491,7.7905455885086869,1.0990088928955701,48.289075949907925,7.1833384787745294,12.682732088844055,137.36293590666733,98.637064093332626,204.74598296344774,768.25401703655348,768.25401703655348,4225.5089327715141,952.49106722849206,952.49106722849206,16.600000000000001
56.75,116,8.7514244710288551,26.996008397768581,77.696941516324102,7.6969419015489589,1.0748166942368875,48.480808535416728,7.1970067620065397,12.853484590467055,136.35765718936025,99.642342810639718,200.46032442728568,772.53967557271551,772.53967557271551,4213.9602619770194,964.03973802298708,964.03973802298708,16.600000000000001
57,116,8.6835835439912543,26.990504823017776,77.439491590945494,7.6054850992395968,1.0512182875879268,48.669208246163457,7.2100426419525352,13.02455413411127,135.35609646530048,100.64390353469949,196.24917635681399,776.75082364318723,776.75082364318723,4202.4217997671294,975.57820023287593,975.57820023287593,16.600000000000001
57.25,116,8.6165551889039342,26.984785647645776,77.182947994463348,7.5161263509275491,1.0282042901965032,48.854328522326249,7.2224668933397638,13.195925948746854,134.35834983533289,101.6416501646671,192.11190593614648,780.88809406385474,780.88809406385474,4190.8946274895652,987.10537251044093,987.10537251044093,16.600000000000001
57.5,116,8.5503292855119568,26.978865830810072,76.927309339350316,7.4288172889612314,1.0057651099419349,49.036222484774811,7.2343000234078065,13.367585753564164,133.36450953824306,102.6354904617569,188.04785319680613,784.95214680319521,784.95214680319521,4179.3797823457899,998.62021765421707,998.62021765421707,16.600000000000001
57.75,116,8.4848958569422877,26.972760229275305,76.672574084463278,7.3435100592894598,0.98389097387276514,49.214942880620193,7.245562250427465,13.539519751327104,132.37466403229431,103.62533596770567,184.05633296068288,788.94366703931837,788.94366703931837,4167.8782583215889,1010.1217416784184,1010.1217416784184,16.600000000000001
58,116,8.4202450678163974,26.966483577494717,76.418740538529022,7.2601573654019012,0.96257195388309058,49.390542035403904,7.2562734854026862,13.711714621379674,131.38889807441703,104.61110192558293,180.13663664348474,792.86336335651652,792.86336335651652,4156.391007114782,1021.6089928852247,1021.6089928852247,16.600000000000001
58.25,116,8.3563672223495082,26.960050467940551,76.165806863887212,7.1787125097303033,0.94179799241258511,49.563071807567056,7.2664533143265047,13.884157512076614,130.40729280300661,105.59270719699336,176.2880340697601,796.71196593024126,796.71196593024126,4144.9189391129585,1033.0810608870484,1033.0810608870484,16.600000000000001
58.5,116,8.2932527624465049,26.953475332962746,75.913771080354579,7.099129430731173,0.92155892673010598,49.732583547129472,7.2761209822355886,14.056836032819358,129.42992582096551,106.57007417903448,172.50977522191937,800.49022477808194,800.49022477808194,4133.462924388662,1044.5370756113439,1044.5370756113439,16.600000000000001
58.75,116,8.2308922658075776,26.946772428930835,75.662631069067345,7.0213627350608769,0.90184451087913198,49.899128059321576,7.2852953797401714,14.229738245931166,128.45687127613814,107.54312872386181,168.80109186899148,804.19890813100983,804.19890813100983,4122.0237936794947,1055.9762063205121,1055.9762063205121,16.600000000000001
59,116,8.1692764440218024,26.939955820805725,75.412384576560797,6.9453677269034158,0.88264443744255805,50.062755570826504,7.293995030275771,14.402852657991222,127.48819994484691,108.51180005515305,165.16119919648878,807.83880080351264,807.83880080351264,4110.6023394137428,1067.3976605862642,1067.3976605862642,16.600000000000001
59.25,116,8.1083961406660432,26.933039368197775,75.163029218893982,6.8711004335901098,0.8639483578458792,50.223515699700194,7.3022380790320049,14.576168210938098,126.52397931464023,109.47602068535974,161.58929736249021,811.41070263751112,811.41070263751112,4099.1993167376277,1078.8006832623792,1078.8006832623792,16.600000000000001
59.5,116,8.0482423294193826,26.926036713191426,74.914562485719046,6.798517627667219,0.84574590080188616,50.381457428920086,7.3100422837654113,14.749674273126608,125.56427366451561,110.43572633548435,158.08457295356439,814.915427046437,814.915427046437,4087.8154445219711,1090.1845554780359,1090.1845554780359,16.600000000000001
59.75,116,7.9888061121681178,26.918961268757041,74.666981744556921,6.7275768459376888,0.82802669038184107,50.536629082755319,7.3174250064676309,14.923360629900859,124.60914414762478,111.39085585237518,154.6462004308587,818.35379956914267,818.35379956914267,4076.4514064076948,1101.548593592312,1101.548593592312,16.600000000000001
60,116,7.9300787171242222,26.911826208512259,74.420284245049956,6.6582364055634882,0.81078036268404541,50.689078306115995,7.3244032064946598,15.097217474092117,123.65864887237034,112.34135112762964,151.27334350015164,821.72665649984981,821.72665649984981,4065.1078518390336,1112.892148160973,1112.892148160973,16.600000000000001
60.25,116,7.8720514969626727,26.904644457833264,74.174467123144041,6.5904554175668073,0.79399658104441018,50.838852046592855,7.3309934351117372,15.271235396540414,122.71284298122112,113.28715701877884,147.96515639960154,825.03484360039977,825.03484360039977,4053.7853970743658,1124.2146029256412,1124.2146029256412,16.600000000000001
60.5,116,7.8147159269525908,26.897428685667332,73.929527405441391,6.5241937972996533,0.77766505071881564,50.985996539361615,7.337211830978152,15.44540537620064,121.77177873136182,114.22822126863814,144.72078516812934,828.27921483187197,828.27921483187197,4042.4846262282726,1135.5153737717344,1135.5153737717344,16.600000000000001
60.75,116,7.7580636031090551,26.890191297494056,73.685462013473412,6.4594122727821759,0.76177553229876704,51.130557294315956,7.3430741168180296,15.619718770311916,120.83550557314503,115.16449442685494,141.53936883997631,831.46063116002506,831.46063116002506,4031.2060922899691,1146.793907710038,1146.793907710038,16.600000000000001
61,116,7.7020862403652197,26.882944429328727,73.442267767899665,6.3960723910770971,0.74631785397424566,51.272579085254712,7.3485955971663222,15.794167304628223,119.90407022654607,116.0959297734539,138.42004057139789,834.57995942860339,834.57995942860339,4019.9503181198043,1158.0496818802021,1158.0496818802021,16.600000000000001
61.25,116,7.6467756707420405,26.875699942482559,73.199941392839605,6.3341365217722201,0.73128192316977481,51.41210594183341,7.3537911570750882,15.968743063310171,118.97751675884159,117.02248324115838,135.36192874081127,837.63807125919004,837.63807125919004,4008.7177974690462,1169.2822025309604,1169.2822025309604,16.600000000000001
61.5,116,7.5921238415445238,26.868469419243464,72.958479520080076,6.2735678591007398,0.71665773709137925,51.549181143019894,7.3586752617125395,16.143438478995645,118.05588665970704,117.94411334029292,132.36415798030791,840.63584201969343,840.63584201969343,3997.5089959674519,1180.4910040325544,1180.4910040325544,16.600000000000001
61.75,116,7.5381228135786102,26.861264159377594,72.717878693211887,6.2143304225060785,0.70243539234718644,51.683847212190535,7.3632619567963138,16.318246322948266,117.1392189145961,118.86078108540387,129.42585015060311,843.57414984939828,843.57414984939828,3986.3243520905426,1191.6756479094643,1191.6756479094643,16.600000000000001
62,116,7.4847647593695275,26.854095177395742,72.47813537186228,6.1563890545629807,0.68860509389079161,51.816145914780954,7.3675648699578202,16.493159694945422,116.22755007879181,119.77244992120816,126.54612528453558,846.45387471546576,846.45387471546576,3975.1642781424466,1202.8357218575602,1202.8357218575602,16.600000000000001
62.25,116,7.4320419614111808,26.846973200507271,72.239245935770569,6.0997094182175591,0.67515716307249451,51.9461182567915,7.3715972127115039,16.668172013436632,115.32091434867392,120.67908565132603,123.7241024690198,849.27589753098152,849.27589753098152,3964.0291612006172,1213.9708387993896,1213.9708387993896,16.600000000000001
62.5,116,7.3799468104358388,26.839908667239293,72.001206688799115,6.0442579927285625,0.66208204492761369,52.073804484668692,7.3753717830918495,16.843277005784437,114.41934363151007,121.58065636848988,120.95890067900164,852.04109932099971,852.04109932099971,3952.91936404226,1225.0806359577462,1225.0806359577462,16.600000000000001
62.75,116,7.3284718036893608,26.832911726787014,71.764013863002845,5.9900020673014138,0.64937031477915985,52.199244087443056,7.3789009691472662,17.018468698326529,113.52286761541572,122.47713238458425,118.24963957699865,854.75036042300258,854.75036042300258,3941.8352260787424,1236.1647739212642,1236.1647739212642,16.600000000000001
63,116,7.2776095432397137,26.825992238839778,71.527663622528252,5.9369097345465516,0.63701268414521617,52.322475799228748,7.3821967527916312,17.193741406759866,112.63151383655894,123.36848616344103,115.59544025967101,857.40455974033023,857.40455974033023,3930.7770642498249,1247.2229357501817,1247.2229357501817,16.600000000000001
63.25,116,7.2273527343051871,26.81915977396649,71.292152067453927,5.8849498828010196,0.62500000599762073,52.44353760292968,7.3852707142116119,17.369089726606411,111.74530774507834,124.25469225492162,112.99542596266724,860.00457403733412,860.00457403733412,3919.7451739015423,1258.254826098464,1258.254826098464,16.600000000000001
63.5,116,7.1776941835934176,26.812423614653309,71.057475237643743,5.8340921866363145,0.61332327936174247,52.562466735755216,7.388134036999447,17.54450852360381,110.86427277059619,125.13572722940377,110.44872272905017,862.55127727095112,862.55127727095112,3908.7398296627221,1269.2601703372845,1269.2601703372845,16.600000000000001
63.75,116,7.1286267976746709,26.805792756628016,70.823629116426233,5.7843070975684139,0.60197365340708231,52.67929969472182,7.3907975134305177,17.719992924446196,109.98843038512636,126.01156961487361,107.95446003364779,865.04553996635354,865.04553996635354,3897.7612862814649,1280.2387137185419,1280.2387137185419,16.600000000000001
64,116,7.0801435813726803,26.799275910694412,70.590609634232081,5.7355658336156221,0.59094243095890131,52.794072243358386,7.3932715502573494,17.895538307577933,109.1178001649652,126.88219983503477,105.51177137067728,867.488228629324,867.488228629324,3886.8097794492401,1291.1902205507668,1291.1902205507668,16.600000000000001
64.25,116,7.0322376361699135,26.79288150511525,70.358412672213817,5.6878403674630613,0.58022107142026225,52.906819419831507,7.3955661750854826,18.071140293986133,108.25239985184916,127.74760014815081,103.11979480613967,869.88020519386157,869.88020519386157,3875.8855266176379,1302.1144733823687,1302.1144733823687,16.600000000000001
64.5,116,6.9849021586492483,26.786617688110784,70.127034065677208,5.641103415266536,0.56980119334033763,53.017575544633097,7.3976910426897069,18.246794738393383,107.39224541147938,128.60775458852061,100.77767349275321,872.222326507248,872.222326507248,3864.9887277728062,1313.0112722272011,1313.0112722272011,16.600000000000001
64.75,116,6.9381304389508607,26.78049233084754,69.896469607488072,5.5953284242298977,0.5596745764444464,53.126374229527258,7.3996554418411415,18.422497720469458,106.53735109127395,129.46264890872601,98.484556151802551,874.51544384819863,874.51544384819863,3854.1195662014643,1323.880433798543,1323.880433798543,16.600000000000001
65,116,6.8919158592480478,26.774513030839174,69.666715051424902,5.5504895593286072,0.54983316316961883,53.233248387414555,7.4014683025298575,18.598245536132733,105.68772947700944,130.31227052299053,96.239597521720171,876.76040247828109,876.76040247828109,3843.2782092423977,1334.7217907576098,1334.7217907576098,16.600000000000001
65.25,116,6.846251892257504,26.768687115358698,69.437766115360589,5.5065616907300114,0.54026905997221919,53.338230241681572,7.403138203028985,18.774034689226898,104.84339154717823,131.15660845282176,94.041958776929292,878.95804122307197,878.95804122307197,3832.4648090000446,1345.5351909999629,1345.5351909999629,16.600000000000001
65.5,116,6.8011320997644482,26.763021645316272,69.209618484419934,5.4635203800628629,0.53097453812301965,53.441351336733405,7.4046733774422115,18.94986188321883,104.00434672658112,131.99565327341884,91.890807915181583,881.10919208481971,881.10919208481971,3821.6795030499284,1356.3204969500789,1356.3204969500789,16.600000000000001
65.75,116,6.7565501311699476,26.757523419400744,68.982267814057622,5.421341866297241,0.52194203412787776,53.542642549004199,7.4060817234587262,19.125724013054608,103.17060293860598,132.82939706139399,89.78532011566837,883.2146798843329,883.2146798843329,3810.9224151248777,1367.0775848751296,1367.0775848751296,16.600000000000001
66,116,6.7124997220705485,26.7521989781802,68.755709732982453,5.380003052310693,0.51316414999377513,53.642134097444796,7.4073708099065829,19.301618157361961,102.34216665550174,133.65783334449824,87.724678072596802,885.27532192740432,885.27532192740432,3800.1936557674303,1377.8063442325767,1377.8063442325767,16.600000000000001
66.25,116,6.6689746928525846,26.747054608633523,68.529939846056493,5.3394814903903223,0.50463365301638463,53.739855555107198,7.4085478847511075,19.477541570678763,101.5190429478933,134.48095705210667,85.708072299092137,887.29192770090913,887.29192770090913,3789.4933229741082,1388.5066770258986,1388.5066770258986,16.600000000000001
66.5,116,6.625968947311681,26.742096348787559,68.304953737091935,5.2997553678059868,0.49634347532654877,53.835835860768228,7.4096198831036215,19.653491675903947,100.70123553283082,135.29876446716918,83.734701406771165,889.26529859323011,889.26529859323011,3778.8215028164645,1399.1784971835427,1399.1784971835427,16.600000000000001
66.75,116,6.5834764713007283,26.737329992326504,68.080746971522927,5.2608034928699192,0.4882867133025709,53.930103330200289,7.410593435069817,19.82946605703475,99.888746820190818,136.11125317980918,81.803772364381089,891.19622763562018,891.19622763562018,3768.1782700345016,1409.8217299655053,1409.8217299655053,16.600000000000001
67,116,6.5414913313937397,26.732761093565223,67.857315099040775,5.2226052801609404,0.48045662655904214,54.022685668321067,7.4114748739585847,20.005462451959854,99.081577958220237,136.91842204177976,79.914500728810395,893.08549927119088,893.08549927119088,3757.5636886199391,1420.436311380068,1420.436311380068,16.600000000000001
67.25,116,6.5000076735763779,26.72839497239617,67.634653656116697,5.1851407361470123,0.47284663681542249,54.113609981065039,7.4122702443441773,20.181478745511932,98.27972887759671,137.72027112240329,78.066110857027283,894.93388914297407,894.93388914297407,3746.9778123746778,1431.0221876253293,1431.0221876253293,16.600000000000001
67.5,116,6.4590197219615124,26.724236719241539,67.412758168423139,5.1483904450757123,0.46545032662600039,54.202902787095248,7.4129853100279499,20.357512962752235,97.483198334121511,138.51680166587846,76.2578360990709,896.74216390093034,896.74216390093034,3736.4206854468266,1441.5793145531809,1441.5793145531809,16.600000000000001
67.75,116,6.4185217775219616,26.720291200286447,67.191624153207428,5.1123355542819011,0.45826143775709083,54.290590030152607,7.4136255622582548,20.533563262342987,96.691983950473755,139.30801604952623,74.488918966184784,898.51108103381637,898.51108103381637,3725.892342854564,1452.1076571454435,1452.1076571454435,16.600000000000001
68,116,6.3785082168501059,26.716563062590705,66.971247121551585,5.0769577600957989,0.45127386953845378,54.376697090924949,7.4141962276964861,20.709627930193015,95.906082256548061,140.09391774345193,72.758611284645553,900.2413887153557,900.2413887153557,3715.3928109854924,1462.6071890145151,1462.6071890145151,16.600000000000001
68.25,116,6.3389734909398241,26.713056739238514,66.751622580548457,5.0422392938621234,0.4444816770648149,54.461248798894729,7.414702276336298,20.885705373293849,95.125488728616475,140.87451127138351,71.066174331832599,901.93382566816854,901.93382566816854,3704.9221080773327,1473.0778919226752,1473.0778919226752,16.600000000000001
68.5,116,6.299912123986636,26.70977645468605,66.532746035421454,5.0081629076098881,0.43787906911832408,54.544269444599109,7.4151484295807464,21.06179411367075,94.350197827506506,141.64980217249348,69.41087895055712,903.58912104944397,903.58912104944397,3694.4802446850058,1483.5197553150017,1483.5197553150017,16.600000000000001
68.75,116,6.2613187122139999,26.70672622992528,66.314612991535256,4.9747118604126621,0.4314604061344629,54.625782791313597,7.4155391680008478,21.237892782603449,93.580203035481901,142.41979696451807,67.792005653109456,905.20799434689172,905.20799434689172,3684.0672241247139,1493.9327758752941,1493.9327758752941,16.600000000000001
69,116,6.2231879227199061,26.703909887708324,66.097218956335468,4.941869904757743,0.42522019801040267,54.705812086803633,7.4158787390851284,21.414000115007926,92.815496892078315,143.18450310792167,66.208844708463928,906.79115529153717,906.79115529153717,3673.6830429020074,1504.3169570980001,1504.3169570980001,16.600000000000001
69.25,116,6.1855144923432519,26.701331057849568,65.880559441219674,4.9096212728831059,0.41915310174166703,54.784380075182405,7.4161711650025017,21.590114943970935,92.056071028906814,143.94392897109316,64.660696212240609,908.33930378776051,908.33930378776051,3663.3276911243292,1514.6723088756787,1514.6723088756787,16.600000000000001
69.5,116,6.1482932265524681,26.698993182436876,65.664629963325069,4.8779506634905943,0.41325391903926401,54.861509008480802,7.4164202501746592,21.766236195489896,91.301916203391045,144.69808379660893,63.146870145679088,909.85312985432211,909.85312985432211,3653.001152895657,1524.9988471043507,1524.9988471043507,16.600000000000001
69.75,116,6.111518998354593,26.696899521027749,65.449426047243136,4.8468432286340484,0.40751759386378089,54.937220658119841,7.4166295887540041,21.942362883385474,90.553022331501893,145.44697766849811,61.666686421509645,911.33331357849136,911.33331357849136,3642.7034066952369,1535.296593304771,1535.296593304771,16.600000000000001
70,116,6.0751867472264776,26.695053155762967,65.23494322664952,4.8162845609946174,0.4019392099302575,55.011536326085697,7.4168025719199457,22.118494104420261,89.809378519395736,146.19062148060428,60.219474918388833,912.78052508161227,912.78052508161227,3632.4344257380649,1545.5655742619431,1545.5655742619431,16.600000000000001
70.25,116,6.0392914780648859,26.693456996479824,65.021177045870857,4.7862606812510657,0.39651398812734112,55.084476856076897,7.4169423951069593,22.294629033567169,89.070973094158362,146.92902690584165,58.804575503098526,914.19542449690243,914.19542449690243,3622.1941783215943,1555.8058216784136,1555.8058216784136,16.600000000000001
70.5,116,6.0038282601543962,26.692113785850974,64.808123061395762,4.7567580254589217,0.39123728383295764,55.156062644702757,7.4170520652002612,22.47076691940963,88.337793633715762,147.66220636628424,57.421338040300043,915.57866195970098,915.57866195970098,3611.9826281600481,1566.0173718399599,1566.0173718399599,16.600000000000001
70.75,116,5.9687922261581114,26.691026104348044,64.595776843294928,4.7277634330437719,0.38610458428775873,55.226313652162325,7.4171344074420489,22.646907079769459,87.609826995653577,148.39017300434642,56.069122394890492,916.93087760511037,916.93087760511037,3601.7997346997854,1576.2002653002221,1576.2002653002221,16.600000000000001
71,116,5.9341785711273412,26.690196375152503,64.384133976576393,4.6992641350199378,0.38111150593359105,55.295249412766637,7.4171920722100459,22.823048897493674,86.887059345156786,149.11294065484324,54.747298424674533,918.25270157532634,918.25270157532634,3591.6454534207533,1586.3545465792542,1586.3545465792542,16.600000000000001
71.25,116,5.8999825515269082,26.689626869125426,64.173190062498747,4.6712477420818095,0.37625379163202843,55.362889045633842,7.4172275418132321,22.999191816340634,86.169476182263253,149.83052381773675,53.455245961141458,919.54475403885942,919.54475403885942,3581.5197361284595,1596.4802638715485,1596.4802638715485,16.600000000000001
71.5,116,5.8661994842821272,26.689319709589594,63.962940719799775,4.6437022333107167,0.3715273079610063,55.429251264856568,7.4172431369917318,23.17533533708049,85.457062368108495,150.54293763189148,52.192354784625522,920.80764521537537,920.80764521537537,3571.4225312284948,1606.5774687715129,1606.5774687715129,16.600000000000001
71.75,116,5.8328247458448184,26.689276877008663,63.753381585859024,4.6166159452254174,0.36692804252593242,55.494354389395177,7.4172410232310426,23.351479013763697,84.749802150318999,151.250197849681,50.95802459227049,922.04197540773043,922.04197540773043,3561.3537839871274,1616.6462160128806,1616.6462160128806,16.600000000000001
72,116,5.7998537712736908,26.689500213719594,63.544508317823919,4.5899775607014837,0.36245210116407328,55.558216353141169,7.417223217096315,23.527622450073331,84.047679187783274,151.95232081221673,49.751664955585269,923.24833504441563,923.24833504441563,3551.3134367838343,1626.6865632161735,1626.6865632161735,16.600000000000001
72.25,116,5.7672820533347942,26.689991428492785,63.336316593661905,4.563776098427379,0.35809570522416451,55.620854714520888,7.4171915922962492,23.703765295869719,83.350676574532272,152.64932342546771,48.5726952732551,924.42730472674589,924.42730472674589,3541.3014293485503,1636.698570651457,1636.698570651457,16.600000000000001
72.5,116,5.7351051416193473,26.690752101007476,63.128802113155892,4.5380009026328194,0.35385518885417555,55.682286665886188,7.4171478855916995,23.879907243879522,82.658776862867512,153.34122313713246,47.42054471751463,925.57945528248626,925.57945528248626,3531.3176989870449,1646.6823010129622,1646.6823010129622,16.600000000000001
72.75,116,5.7033186416773782,26.691783686278043,62.921960598852337,4.5126416329591699,0.34972699627248971,55.742529042812926,7.4170937026001429,24.05604802650323,81.97196208581515,154.02803791418481,46.294652173781138,926.70534782621974,926.70534782621974,3521.3621807963646,1656.6378192036432,1656.6378192036432,16.600000000000001
73,116,5.6719182141685742,26.693087518972483,62.715787796952782,4.4876882546557262,0.34570767907095262,55.801598333132269,7.4170305234195384,24.232187412769029,81.290213778847459,154.70978622115251,45.194466175158702,927.80553382484209,927.80553382484209,3511.4348078685662,1666.5651921314413,1666.5651921314413,16.600000000000001
73.25,116,5.6408995740294801,26.694664817631395,62.510279478153336,4.4631310290450017,0.34179389354692719,55.859510685747196,7.4169597080885588,24.408325205419274,80.613513000918658,155.38648699908134,44.119444832167567,928.88055516783334,928.88055516783334,3501.5355114838176,1676.4644885161895,1676.4644885161895,16.600000000000001
73.5,116,5.6102584896563705,26.696516688815848,62.30543143843736,4.438960504211436,0.33798239804187458,55.916281919274475,7.4168825019151043,24.584461238120038,79.941840354849745,156.05815964515023,43.069055757069329,929.93094424293156,929.93094424293156,3491.6642212936517,1686.3357787063555,1686.3357787063555,16.600000000000001
73.75,116,5.5799907821037991,26.698644131156964,62.101239499819634,4.415167505952077,0.33427005031224066,55.971927530474922,7.4168000406455858,24.760595372795837,79.27517600706885,156.72482399293114,42.042775984017517,930.95722401598334,930.95722401598334,3481.8208654943505,1696.1791345056567,1696.1791345056567,16.600000000000001
74,116,5.5500923242990723,26.701048039293408,61.89769951104121,4.3917431290411164,0.33065380494553026,56.026462702420879,7.4167133554555162,24.93672749709604,78.613499706709121,157.38650029329085,41.04009188559165,931.95990811440925,931.95990811440925,3472.0053709902204,1705.9946290097871,1705.9946290097871,16.600000000000001
74.25,116,5.5205590402710438,26.703729207737286,61.694807348223314,4.3686787286735935,0.32713071079102352,56.079902312527054,7.4166233778191408,25.11285752196617,77.956790804124992,158.04320919587499,40.060499085108859,932.93950091489205,932.93950091489205,3462.217663548523,1715.7823364514848,1715.7823364514848,16.600000000000001
74.5,116,5.4913869043936669,26.706688334645211,61.492558915477794,4.345965912159758,0.32369790842588542,56.132260940375474,7.4165309442275786,25.288985379333795,77.305028268821317,158.69497173117867,39.103502365536755,933.89649763446414,933.89649763446414,3452.4576679456063,1725.5423320544007,1725.5423320544007,16.600000000000001
74.75,116,5.4625719406441657,26.709926025481682,61.290950145474724,4.3235965308914368,0.3203526276700282,56.183552875312685,7.4164368007422947,25.465111019909116,76.658190706810714,159.34180929318927,38.168615575743928,934.83138442425707,934.83138442425707,3442.7253081043968,1735.27469189561,1735.27469189561,16.600000000000001
75,116,5.4341102218751498,26.713442796597164,61.089976999970709,4.3015626725286502,0.3170921851319477,56.23379212386709,7.4163416074122939,25.641234411089602,76.016256377424028,159.98374362257596,37.255361533633504,935.74463846636741,935.74463846636741,3433.0205072239528,1744.9794927760543,1744.9794927760543,16.600000000000001
75.25,116,5.4059978691004344,26.717239078718496,60.889635470299154,4.2798566534103513,0.31391398178933583,56.282992416981386,7.4162459425534104,25.817355534966648,75.379203209589093,160.62079679041088,36.363271926493908,936.63672807350702,936.63672807350702,3423.3431879013369,1754.6568120986703,1754.6568120986703,16.600000000000001
75.5,116,5.3782310507945716,26.721315220332261,60.689921577822169,4.2584710112220145,0.31081550062367086,56.331167217027478,7.4161503068686025,25.993474386436343,74.747008817592004,161.25299118240798,35.491887209513024,937.50811279048787,937.50811279048787,3413.693272245861,1764.3067277541463,1764.3067277541463,16.600000000000001
75.75,116,5.3508059822055571,26.725671490977895,60.490831374346776,4.2373984978845263,0.30779430429544502,56.378329724636579,7.4160551274305648,26.169590971406393,74.119650516339362,161.88034948366064,34.640756502133257,938.35924349786774,938.35924349786774,3404.0706819862321,1773.9293180137752,1773.9293180137752,16.600000000000001
76,116,5.323718924679989,26.730308084466735,60.292360942508942,4.2166320726171795,0.30484803284797884,56.424492885388119,7.4159607615499423,26.345705305088124,73.497105336144344,162.50289466385567,33.809437482069448,939.19056251793154,939.19056251793154,3394.4753385712997,1783.5246614287073,1783.5246614287073,16.600000000000001
76.25,116,5.2969661850012368,26.735225121993732,60.094506396122696,4.1961648952585637,0.30197440147004651,56.469669396276416,7.4158675004867476,26.521817410385808,72.87935003703879,163.12064996296118,32.997496278179831,940.00250372182109,940.00250372182109,3384.9071632639148,1793.0928367360918,1793.0928367360918,16.600000000000001
76.5,116,5.2705441147400247,26.740422655151246,59.897263880497185,4.1759903198161723,0.29917119831139094,56.513871711981167,7.415775573020003,26.697927316374361,72.266361122634322,163.73363887736565,32.204507362268309,940.79549263773265,940.79549263773265,3375.3660772285316,1802.6339227714755,1802.6339227714755,16.600000000000001
76.75,116,5.244449109616693,26.745900668879234,59.70062957272507,4.1561018881626008,0.29643628232094682,56.557112051020525,7.4156851489177038,26.874035056853433,71.658114853543481,164.34188514645649,31.430053438696582,941.56994656130439,941.56994656130439,3365.8520016131006,1812.1479983869067,1812.1479983869067,16.600000000000001
77,116,5.2186776088754554,26.751659084314099,59.504599681940761,4.13649332396521,0.29376758114395118,56.599402401701283,7.415596342262984,27.050140668986092,71.054587260376536,164.94541273962341,30.673725333480171,942.32627466652082,942.32627466652082,3356.3648576251371,1821.6351423748695,1821.6351423748695,16.600000000000001
77.25,116,5.1932260946702238,26.757697761543987,59.309170449550557,4.1171585268144648,0.29116308907263377,56.640754527898693,7.415509214648087,27.226244192015844,70.455754156333725,165.54424584366623,29.935121882811476,943.06487811718955,943.06487811718955,3346.9045666023926,1831.0954333976142,1831.0954333976142,16.600000000000001
77.5,116,5.168091091461565,26.764016502292243,59.114338149436435,4.0980915665278115,0.28862086503099416,56.681179974687389,7.4154237782615322,27.402345666056117,69.861591149390989,166.13840885060898,29.213849820339664,943.78615017966138,943.78615017966138,3337.4710500783485,1840.5289499216585,1840.5289499216585,16.600000000000001
77.75,116,5.1432691654246776,26.770615052516689,58.92009908813418,4.0792866776376862,0.2861390306069595,56.720690073813991,7.4153399988560222,27.578445130951437,69.27207365410149,166.72792634589845,28.50952366391812,944.49047633608279,944.49047633608279,3328.0642298427902,1849.9357701572164,1849.9357701572164,16.600000000000001
78,116,5.1187569238682249,26.777493104917788,58.726449604986584,4.0607382540791059,0.28371576813975141,56.759295948995124,7.4152577985896659,27.75454262521005,68.68717690302708,167.31282309697286,27.821765602299646,945.17823439770132,945.17823439770132,3318.6840279976318,1859.315972002375,1859.315972002375,16.600000000000001
78.25,116,5.0945510146637014,26.784650301367787,58.533386072273075,4.0424408440521251,0.28134931885231224,56.797008521064079,7.4151770587559387,27.930638185002753,68.106875957807077,167.89312404219288,27.150205381485669,945.84979461851526,945.84979461851526,3309.3303670082569,1868.6696329917499,1868.6696329917499,16.600000000000001
78.5,116,5.0706481256848477,26.792086235273665,58.340904895317699,4.0243891450207698,0.27903798101800598,56.833838513002711,7.4150976224196228,28.106731843221478,67.531145719873678,168.46885428012627,26.494480190398253,946.50551980960267,946.50551980960267,3300.0031697506979,1877.9968302493089,1877.9968302493089,16.600000000000001
78.75,116,5.0470449842572984,26.799800453851397,58.149002512574988,4.0065779989072885,0.2767801081840533,56.86979645479996,7.4150192969316873,28.282823628602305,66.959960940831934,169.04003905916801,25.854234546981893,947.14576545301907,947.14576545301907,3290.7023595546989,1887.2976404453084,1887.2976404453084,16.600000000000001
79,116,5.0237383566179803,26.80779246032164,57.95767539569578,3.9890023874419334,0.2745741074438266,56.90489268817462,7.4149418563378893,28.458913564906233,66.393296232518892,169.60670376748104,25.229120184551544,947.77087981544935,947.77087981544935,3281.4278602430527,1896.5721397569546,1896.5721397569546,16.600000000000001
79.25,116,5.0007250473840825,26.816061716043727,57.766920049573137,3.9716574276611349,0.27241843774153701,56.939137371169515,7.4148650436991339,28.635001670155823,65.831126076728424,170.16887392327152,24.618795937696685,948.38120406230428,948.38120406230428,3272.1795961671105,1905.8204038328968,1905.8204038328968,16.600000000000001
79.5,116,4.9780018990314137,26.824607642570779,57.576733012369893,3.9545383675600938,0.27031160822838252,56.972540482609332,7.4147885733069661,28.811087955925625,65.273424834637282,170.72657516536265,24.022927628788587,948.97707237121222,948.97707237121222,3262.9574922389397,1915.0425077610678,1915.0425077610678,16.600000000000001
79.75,116,4.9555657913819209,26.833429623629069,57.387110855528491,3.9376405819024876,0.26825217666799006,57.005111826418528,7.414712132797745,28.987172426685042,64.720166755937854,171.2798332440621,23.441187955099405,949.5588120449014,949.5588120449014,3253.7614739602423,1924.2385260397648,1924.2385260397648,16.600000000000001
80,116,4.9334136411001346,26.842527007036512,57.19805018376389,3.9209595681581955,0.26623874787711482,57.036861035828039,7.4146353851837619,29.163255079189284,64.171325987673512,171.82867401232642,22.873256375968715,950.1267436240322,950.1267436240322,3244.5914674481037,1933.4085325519031,1933.4085325519031,16.600000000000001
80.25,116,4.9115424011983375,26.851899106553333,57.009547635040327,3.9044909425800487,0.26426997220980708,57.067797577458471,7.4145579707940739,29.339335901917565,63.626876582794509,172.37312341720545,22.318819000521316,950.68118099947958,950.68118099947958,3235.4473994578079,1942.5526005421993,1942.5526005421993,16.600000000000001
80.5,116,4.8899490605502969,26.861545203662512,56.821599880533057,3.8882304364228011,0.26234454408874563,57.097930755275641,7.4144795091233435,29.51541487455669,63.086792508448752,172.91320749155116,21.777568476243964,951.22243152375677,951.22243152375677,3226.3291974029544,1951.6708025970529,1951.6708025970529,16.600000000000001
80.75,116,4.8686306434133328,26.871464549287197,56.634203624575662,3.8721738922901512,0.26046120057723637,57.127269714432082,7.414399600597668,29.691491967527487,62.551047654009075,173.44895234599085,21.2492038781904,951.75079612181037,951.75079612181037,3217.236789372957,1960.7632106270503,1960.7632106270503,16.600000000000001
81,116,4.8475842089585557,26.881656365451587,56.447355604593042,3.8563172605972271,0.25861871998592589,57.155823445006696,7.4143178282651592,29.867567141552229,62.019615838836671,173.98038416116327,20.733430598578337,952.26656940142243,952.26656940142243,3208.1701041479441,1969.8298958520631,1969.8298958520631,16.600000000000001
81.25,116,4.8268068508090627,26.892119846876152,56.261052591021922,3.840656596162292,0.25681592052522151,57.18360078562727,7.4142337594024106,30.043640347261164,61.492470819806343,174.50752918019359,20.229960237488925,952.77003976251183,952.77003976251183,3199.1290712114569,1978.8709287885504,1978.8709287885504,16.600000000000001
81.5,116,4.8062956965859005,26.902854162511673,56.075291387219174,3.8251880549125676,0.25505165899967763,57.210610426990179,7.414146947042771,30.219711524835908,60.969586298598209,175.03041370140173,19.738510494543469,953.26148950545723,953.26148950545723,3190.1136207610384,1987.8863792389679,1987.8863792389679,16.600000000000001
81.75,116,4.7860479074616959,26.913858457023224,55.890068829357695,3.8099078907035699,0.2533248295329103,57.236860915278605,7.4140569314383651,30.39578060368914,60.450935928742197,175.54906407125773,19.258805061052584,953.74119493894818,953.74119493894818,3181.1236837165511,1996.8763162834559,1996.8763162834559,16.600000000000001
82,116,4.7660606777217076,26.925131852214577,55.705381786311669,3.7948124522471343,0.25163436233475539,57.262360655481828,7.413963241447262,30.571847502177643,59.936493322446438,176.06350667755351,18.790573513339989,954.20942648666062,954.20942648666062,3172.1591917266746,2005.8408082733317,2005.8408082733317,16.600000000000001
82.25,116,4.7463312343321222,26.936673448396732,55.521227159531705,3.7798981801523373,0.24997922250770482,57.287117914611109,7.413865395850233,30.747912127347206,59.426232057212047,176.57376794278787,18.333551207213588,954.66644879278704,954.66644879278704,3163.2200771736907,2014.7799228263161,2014.7799228263161,16.600000000000001
82.5,116,4.7268568365154993,26.948482325707225,55.337601882909603,3.7651616040604141,0.24835840888573302,57.311140824831128,7.4137629046048961,30.923974374708511,58.920125682229482,177.07987431777045,17.887479173215226,955.11252082678538,955.11252082678538,3154.3062731764298,2023.693726823577,2023.693726823577,16.600000000000001
82.75,116,4.7076347753331858,26.960557545378411,55.154502922633796,3.7505993398800319,0.24677095290860881,57.334437386499765,7.4136552700359166,31.100034128042171,58.418147724569316,177.58185227543063,17.452104012928988,955.54789598707168,955.54789598707168,3145.4177135916289,2032.5822864083777,2032.5822864083777,16.600000000000001
83,116,4.6886623732744681,26.972898150953782,54.971927277036556,3.7362080871189476,0.24521591753411487,57.357015471118686,7.4135419879616133,31.276091259230363,57.920271695182883,178.07972830481702,17.027177796605724,955.97282220339491,955.97282220339491,3136.5543330139581,2041.4456669860485,2041.4456669860485,16.600000000000001
83.25,116,4.6699369838523905,26.985503169457438,54.789871976432842,3.7219846263072318,0.24369239618277463,57.378882824200161,7.4134225487624033,31.45214562811487,57.426471094706983,178.57352890529293,16.612457961824877,956.38754203817575,956.38754203817575,3127.7160667746089,2050.283933225398,2050.283933225398,16.600000000000001
83.5,116,4.651455991206185,26.998371612521005,54.608334082950464,3.7079258165124078,0.24219951171070436,57.400047068049687,7.4132964383956121,31.628197082381408,56.936719419068588,179.06328058093135,16.207707213000596,956.79229278700006,956.79229278700006,3118.9028509383652,2059.0971490616416,2059.0971490616416,16.600000000000001
83.75,116,4.6332168097099702,27.011502477462532,54.427310690353728,3.6940285929376513,0.24073641541855681,57.420515704471285,7.4131631393530073,31.80424545746606,56.450990164918828,179.54900983508111,15.812693422308394,957.18730657769231,957.18730657769231,3110.1146222996713,2067.8853777003355,2067.8853777003355,16.600000000000001
84,116,4.6152168835875464,27.024894748315365,54.246798923861583,3.6802899646023586,0.23930228609989121,57.440296117394823,7.4130221315598259,31.980290576481796,55.969256834910524,180.03074316508938,15.42718953230853,957.57281046769219,957.57281046769219,3101.3513183779337,2076.6486816220731,2076.6486816220731,16.600000000000001
84.25,116,4.5974536865334557,27.038547396824594,54.06679593995753,3.6667070121038057,0.23789632910825595,57.45939557542988,7.4128728932320138,32.156332250168809,55.49149294277646,180.50850705722345,15.050973459055927,957.94902654094483,957.94902654094483,3092.6128774113054,2085.3871225887015,2085.3871225887015,16.600000000000001
84.5,116,4.5799247213399843,27.052459383403473,53.887298926193608,3.6532768854553921,0.23651777545320798,57.477821234347928,7.4127149016858143,32.332370276864332,55.017672018241065,180.98232798175886,14.683827996405325,958.3161720035954,958.3161720035954,3083.899238349507,2094.1007616504999,2094.1007616504999,16.600000000000001
84.75,116,4.5626275195299018,27.066629658045244,53.708305100989875,3.6399968019989881,0.23516588093178056,57.495580139494074,7.4125476340959029,32.508404442489656,54.547767611786632,181.4522323882133,14.325540721958665,958.67445927804204,958.67445927804204,3075.2103408460539,2102.7896591539529,2102.7896591539529,16.600000000000001
85,116,4.5455596409951209,27.081057161188731,53.529811713428074,3.6268640444006546,0.23383992529538053,57.512679228120099,7.4123705681986936,32.684434520557382,54.08175329926263,181.91824670073728,13.975903904479912,959.02409609552069,959.02409609552069,3066.5461252496034,2111.453874750403,2111.453874750403,16.600000000000001
85.25,116,4.5287186736404905,27.095740824565539,53.351816043041524,3.6138759586932174,0.23253921142708531,57.529125331673661,7.4121831829750793,32.860460272189727,53.619602686339576,182.38039731366032,13.634714412021061,959.36528558797966,959.36528558797966,3057.9065325946526,2120.0934674053542,2120.0934674053542,16.600000000000001
85.5,116,4.5121022330331648,27.110679572003932,53.174315399600651,3.6010299523938745,0.23126306455328169,57.544925178015731,7.411984959283072,33.036481446153665,53.16128941282156,182.83871058717835,13.301773621636622,959.6982263783641,959.6982263783641,3049.2915045916211,2128.7084954083857,2128.7084954083857,16.600000000000001
85.75,116,4.4957079620576144,27.125872320194187,52.997307122893055,3.5883234926943066,0.23001083148363735,57.56008539357024,7.4117753804447108,33.212497778914319,52.706787156804737,183.29321284319516,12.976887330291117,960.02311266970958,960.02311266970958,3040.7009836160632,2137.2990163839431,2137.2990163839431,16.600000000000001
86,116,4.4795335305766537,27.14131797941236,52.820788582495844,3.5757541047328862,0.22878187987962637,57.574612505398463,7.411553932780973,33.388508994712474,52.256069638661401,183.7439303613385,12.659865666635346,960.34013433336531,960.34013433336531,3032.1349126964915,2145.8650873035153,2145.8650873035153,16.600000000000001
86.25,116,4.4635766350952952,27.157015454238209,52.64475717755586,3.5633193698670582,0.22757559753565024,57.588512943263773,7.4113201061535774,33.564514805624356,51.809110624988413,184.19088937501149,12.350523005170864,960.6494769948298,960.6494769948298,3023.5932355040641,2154.4067644959423,2154.4067644959423,16.600000000000001
86.5,116,4.447834998431075,27.172963644225284,52.46921033655957,3.5510169240411589,0.22639139169176528,57.601793041610705,7.4110733944446157,33.740514911652461,51.365883932362493,184.63411606763742,12.048677881033463,960.95132211896714,960.95132211896714,3015.0758963403537,2162.9241036596532,2162.9241036596532,16.600000000000001
86.75,116,4.4323063693898463,27.18916144453647,52.29414551709732,3.5388444562243957,0.22522868837054405,57.614459041478732,7.410813295994287,33.916509000834999,50.926363430940668,185.07363656905923,11.754152905716255,961.24584709428427,961.24584709428427,3006.5828401240992,2171.4171598759076,2171.4171598759076,16.600000000000001
87,116,4.416988522446359,27.205607746551298,52.119560205625156,3.5267997069012171,0.22408693173606065,57.626517092365056,7.4105393140078508,34.092496749364933,50.490523047939121,185.50947695206079,11.466774684109392,961.53322531589117,961.53322531589117,2998.1140123776618,2179.8859876223451,2179.8859876223451,16.600000000000001
87.25,116,4.4018792574273524,27.222301438465784,51.945451917235204,3.5148804665574827,0.22296558346808515,57.637973254081281,7.4102509569683388,34.268477821689878,50.058336771092911,185.94166322890698,11.186373734084121,961.81362626591647,961.81362626591647,2989.6693592154984,2188.3306407845084,2188.3306407845084,16.600000000000001
87.5,116,4.3869763992011688,27.239241405847984,51.771818195414525,3.5030845742648444,0.22186412216288828,57.648833498523103,7.4099477389892296,34.444451870645679,49.629778651911145,186.37022134808876,10.912784406278755,962.08721559372191,962.08721559372191,2981.2488273303588,2196.751172669648,2196.751172669648,16.600000000000001
87.75,116,4.3722777973726465,27.256426532160106,51.598656611798496,3.4914099163326928,0.22078204275748958,57.659103711377057,7.4096291801265712,34.620418537607968,49.204822808784613,186.79517719121529,10.645844804789544,962.35415519521109,962.35415519521109,2972.8523639785067,2205.1476360214997,2205.1476360214997,16.600000000000001
88,116,4.3577813259809286,27.273855699270616,51.425964765929862,3.4798544249673697,0.21971885596820581,57.668789693812876,7.4092948066904061,34.79637745263156,48.78344343005174,187.21655656994818,10.385396709947706,962.61460329005297,962.61460329005297,2964.4799169663015,2213.5200830337053,2213.5200830337053,16.600000000000001
88.25,116,4.3434848832012722,27.291527787945991,51.253740285018168,3.4684160769667463,0.21867408774700609,57.677897164138976,7.4089441515372174,34.972328234592169,48.365614776973217,187.63438522302667,10.131285502559354,962.86871449744137,962.86871449744137,2956.1314346369982,2221.8685653630087,2221.8685653630087,16.600000000000001
88.5,116,4.3293863910521315,27.309441678309359,51.081980823692916,3.4570928924841682,0.21764727876015955,57.686431759394175,7.4085767543211309,35.148270491347724,47.95131118655587,188.04868881344404,9.8833600888717381,963.11663991112891,963.11663991112891,2947.8068658563752,2230.1931341436316,2230.1931341436316,16.600000000000001
88.75,116,4.3154837951074212,27.327596250265994,50.910684063751148,3.4458829338596795,0.21663798388993133,57.694399036876973,7.4081921617043962,35.324203819918147,47.540507074232913,188.45949292576699,9.6414728263650247,963.35852717363559,963.35852717363559,2939.5061599973301,2238.4938400026767,2238.4938400026767,16.600000000000001
89,116,4.3017750642105366,27.345990383932556,50.739847713915069,3.4347843044304995,0.21564577174259877,57.701804475683801,7.4077899275877792,35.500127806640528,47.133176936546242,188.86682306345367,9.405479451877568,963.59452054812311,963.59452054812311,2931.2292669266799,2246.7707330733269,2246.7707330733269,16.600000000000001
89.25,116,4.2882581901933117,27.364622960036034,50.569469509584714,3.4237951474036308,0.21467022417757031,57.708653478189454,7.4073696133042013,35.676042027340714,46.729295353693438,189.27070464630646,9.1752390105511008,963.82476098944949,963.82476098944949,2922.9761369910434,2255.0238630089634,2255.0238630089634,16.600000000000001
89.5,116,4.274931187599365,27.383492860287859,50.399547212587976,3.4129136447773702,0.21371093585519443,57.714951371480211,7.406930787784491,35.851946047515035,46.32883699196185,189.67116300803804,8.9506137858158841,964.04938621418466,964.04938621418466,2914.746721002281,2263.2532789977258,2263.2532789977258,16.600000000000001
89.75,116,4.2617920934120823,27.40259896773016,50.23007861092691,3.4021380163182693,0.21276751380481998,57.720703408734664,7.40647302769041,36.027839422525204,45.93177660604028,190.06822339395958,8.7314692303086989,964.26853076969178,964.26853076969178,2906.5409702222541,2271.4590297777522,2271.4590297777522,16.600000000000001
90,116,4.248838966784044,27.421940167090714,50.061061518534331,3.3914665185117099,0.21183957699476691,57.725914770618765,7.4059959175732715,36.203721697767435,45.538089041340392,190.46191095865947,8.5176738989405738,964.48232610106004,964.48232610106004,2898.3588363497893,2279.6411636502175,2279.6411636502175,16.600000000000001
90.25,116,4.2360698887716302,27.441515345103561,49.89249377502378,3.3808974435835593,0.21092675592531571,57.73059056661593,7.4054990499888778,36.37959240886282,45.147749236171109,190.85225076382878,8.3090993825829269,964.6909006174177,964.6909006174177,2890.2002715063386,2287.7997284936682,2287.7997284936682,16.600000000000001
90.5,116,4.223482962073593,27.461323390808989,49.724373245438215,3.3704291185613733,0.21002869223808882,57.734735836317952,7.4049820255907894,36.55545108185386,44.7607322238172,191.23926777618269,8.1056202428563857,964.89437975714407,964.89437975714407,2882.0652282214755,2295.9347717785313,2295.9347717785313,16.600000000000001
90.75,116,4.2110763107732838,27.481363195836433,49.556697819998647,3.3600599043681383,0.2091450383397094,57.738355550682428,7.4044444532072173,36.731297233404128,44.377013134534003,191.62298686546586,7.9071139480797985,965.09288605192069,965.09288605192069,2873.9536594184174,2304.0463405815894,2304.0463405815894,16.600000000000001
91,116,4.1988480800826977,27.501633654692174,49.389465413860322,3.3497881949026098,0.20827545702790576,57.741454613294607,7.4038859499355203,36.90713037097931,43.996567197531192,192.00343280246867,7.713460810966124,965.28653918903433,965.28653918903433,2865.8655184011336,2312.1344815988732,2312.1344815988732,16.600000000000001
91.25,116,4.186796436091381,27.522133665015303,49.22267396686329,3.339612416183813,0.20741962113944401,57.744037861570057,7.4033061411969694,37.082949993046704,43.619369742823061,192.38063025717685,7.5245439269936947,965.47545607300674,965.47545607300674,2857.8007588403561,2320.1992411596507,2320.1992411596507,16.600000000000001
91.5,116,4.1749195655191915,27.542862127813546,49.056321443281625,3.3295310255350534,0.20657721321387509,57.74611006791833,7.4027046607700004,37.258755589281392,43.245396202986136,192.75460379701374,7.3402491138034183,965.659750886197,965.659750886197,2849.7593347593725,2328.2406652406344,2328.2406652406344,16.600000000000001
91.75,116,4.1632156754718155,27.56381794769241,48.890405831575563,3.3195425107798009,0.20574792516533705,57.74767594089063,7.402081150822327,37.434546640766605,42.874622114866412,193.12537788513347,7.1604648518948109,965.8395351481056,965.8395351481056,2841.7412005204369,2336.2587994795699,2336.2587994795699,16.600000000000001
92,116,4.1516829931985013,27.58500003308415,48.724925144148919,3.3096453894360036,0.2049314579586293,57.748740126322708,7.4014352619518373,37.610322620182174,42.507023121257234,193.49297687874264,6.9850822267497454,966.01491777325066,966.01491777325066,2833.7463108122183,2344.2536891877885,2344.2536891877885,16.600000000000001
92.25,116,4.1403197658541906,27.606407296449525,48.55987741710215,3.2998382079655908,0.20412752130467013,57.749307208426025,7.400766653194327,37.786082992007508,42.142574972461432,193.85742502753843,6.813994871707572,966.18600512829289,966.18600512829289,2825.7746206364377,2352.2253793635691,2352.2253793635691,16.600000000000001
92.5,116,4.1291242602652893,27.628038654461083,48.395260709984569,3.2901195410591653,0.20333583337065453,57.749381710843814,7.4000749920120859,37.961827212729986,41.781253527768399,194.21874647223149,6.6470989118453705,966.35290108815514,966.35290108815514,2817.8260852943627,2360.1739147056442,2360.1739147056442,16.600000000000001
92.75,116,4.1180947626975328,27.649893028187762,48.231073105551545,3.2804879909186901,0.20255612049299213,57.748968097703028,7.3993599542923016,38.137554731041718,41.423034756904343,194.57696524309554,6.4842929091646724,966.5157070908358,966.5157070908358,2809.9006603742523,2368.0993396257545,2368.0993396257545,16.600000000000001
93,116,4.1072295786266757,27.671969343271098,48.06731270952352,3.2709421865568942,0.20178811689866685,57.748070774646663,7.398621224340781,38.313264988033737,41.067894741427295,194.93210525857259,6.3254778088885599,966.67452219111181,966.67452219111181,2801.9983017391669,2376.0016982608399,2376.0016982608399,16.600000000000001
93.25,116,4.0965270325128333,27.69426653008248,47.90397765034357,3.2614807831339401,0.20103156444123443,57.746694089829518,7.3978584948550505,38.488957417396961,40.71580967603537,195.28419032396454,6.170556886658356,966.82944311334211,966.82944311334211,2794.1189655144967,2383.8810344855101,2383.8810344855101,16.600000000000001
93.5,116,4.0859854675784391,27.716783523861388,47.741066078933628,3.2521024613313196,0.20028621235169153,57.744842334877163,7.3970714668767448,38.664631445629716,40.366755869789699,195.63324413021019,6.0194356966473448,966.98056430335305,966.98056430335305,2786.2626080752439,2391.737391924763,2391.737391924763,16.600000000000001
93.75,116,4.0756032455877165,27.739519264861801,47.578576168457147,3.2428059267113261,0.19955181698733079,57.74251974585183,7.3962598497632754,38.840286492229367,40.020709747330649,195.97929025266924,5.8720220209501104,967.12797797905023,967.12797797905023,2778.4291860344974,2399.5708139655089,2399.5708139655089,16.600000000000001
94,116,4.0653787466293121,27.762472698485031,47.416506114081827,3.2335899091036486,0.19882814159191339,57.739730504190092,7.3954233611465225,39.015921969886257,39.677647850024634,196.32235214997527,5.7282258199140097,967.27177418008637,967.27177418008637,2770.6186562319135,2407.3813437680933,2407.3813437680933,16.600000000000001
94.25,116,4.0553103689021244,27.785642775398617,47.254854132742246,3.2244531620198451,0.19811495606734866,57.736478737612074,7.3945617268778756,39.191537284680891,39.337546837041195,196.66245316295871,5.5879591833918001,967.41204081660862,967.41204081660862,2762.8309757221468,2415.16902427786,2415.16902427786,16.600000000000001
94.5,116,4.0453965285044946,27.809028451638454,47.093618462901581,3.2153944621005404,0.19741203675874547,57.732768520997773,7.3936746809557157,39.367131836285914,39.000383486353449,196.99961651364646,5.4511362829005172,967.54886371709983,967.54886371709983,2755.0661017631369,2422.9338982368695,2422.9338982368695,16.600000000000001
94.75,116,4.0356356592246625,27.83262868872167,46.932797364320095,3.2064126085447611,0.1967191662352171,57.728603877273692,7.3927619654747767,39.542705018151736,38.666134695738734,197.33386530426117,5.3176733249220982,967.68232667507834,967.68232667507834,2747.3239918055556,2430.6760081944512,2430.6760081944512,16.600000000000001
95,116,4.0260262123345401,27.856442453743156,46.772389117822527,3.1975064225715464,0.19603613308365314,57.723988778267106,7.3918233305582071,39.718256217697231,38.334777483704372,197.66522251629553,5.1874885050666029,967.8125114949338,967.8125114949338,2739.6046034820788,2438.395396517928,2438.395396517928,16.600000000000001
95.25,116,4.0165666563862787,27.880468719462172,46.612392025066605,3.188674746901742,0.19536273171134616,57.718927145538466,7.3908585342815094,39.893784816500606,38.0062889903569,197.99371100964296,5.0605019631486563,967.93949803685177,967.93949803685177,2731.9078945967904,2446.0921054032165,2446.0921054032165,16.600000000000001
95.5,116,4.0072554770119488,27.904706464374847,46.45280440831111,3.1799164452668629,0.19469876216022036,57.713422851186131,7.3898673425824475,40.069290190493504,37.680646478203883,198.31935352179602,4.9366357391449034,968.06336426085556,968.06336426085556,2724.2338231145227,2453.7661768854837,2453.7661768854837,16.600000000000001
95.75,116,3.9980911767243548,27.929154672798123,46.293624610190342,3.1712304019014255,0.19404402991579853,57.707479718660302,7.3888495291928322,40.244771710139567,37.357827332958635,198.64217266704128,4.8158137301575623,968.18418626984294,968.18418626984294,2716.5823471512645,2461.4176528487424,2461.4176528487424,16.600000000000001
96,116,3.9890722747211744,27.953812334936483,46.13485099348739,3.162615521067909,0.19339834572972367,57.701101523544715,7.3878048755515735,40.420228740618953,37.037809064269815,198.96219093573006,4.6979616482023481,968.30203835179816,968.30203835179816,2708.9534249643266,2469.0465750356802,2469.0465750356802,16.600000000000001
96.25,116,3.9801973066916339,27.97867844694116,45.976481940908748,3.1540707265978072,0.19276152544940586,57.69429199431999,7.3867331707127333,40.595660642011588,36.720569306402922,199.27943069359694,4.583006978870551,968.41699302112988,968.41699302112988,2701.3470149427212,2476.6529850572856,2476.6529850572856,16.600000000000001
96.5,116,3.9714648246259636,28.00375201095877,45.818515854859434,3.1455949614544907,0.1921333898568961,57.687054813103884,7.3856342112439926,40.771066769481571,36.406085818865748,199.59391418113412,4.4708789408417982,968.52912105915868,968.52912105915868,2693.7630755975902,2484.2369244024167,2484.2369244024167,16.600000000000001
96.75,116,3.962873396626021,28.029032035190081,45.660951157223685,3.1371871872804804,0.1915137645028708,57.679393616400546,7.3845078011447063,40.946446473447978,36.094336487034553,199.90566351296533,4.3615084462720874,968.63849155372839,968.63849155372839,2686.2015655535329,2491.7984344464739,2491.7984344464739,16.600000000000001
97,116,3.9544216067191007,28.054517533932419,45.503786289144642,3.128846383976982,0.19090247955367731,57.671311995817824,7.3833537517460064,41.121799099761141,35.785299322709321,200.21470067729052,4.2548280619875083,968.74517193801296,968.74517193801296,2678.6624435397243,2499.3375564602825,2499.3375564602825,16.600000000000001
97.25,116,3.9461080546741214,28.08020752761583,45.347019710805519,3.1205715492966752,0.19029936964450175,57.66281349876887,7.3821718816074791,41.297123989877228,35.478952464626175,200.5210475353737,4.150771971504672,968.84922802849587,968.84922802849587,2671.1456683812598,2506.854331618747,2506.854331618747,16.600000000000001
97.5,116,3.9379313558202114,28.10610104283283,45.190649901212218,3.1123616984506528,0.18970427373884577,57.65390162915746,7.3809620164097574,41.472420481031335,35.175274178926564,200.82472582107329,4.0492759378564953,968.95072406214399,968.95072406214399,2663.651198990684,2514.3488010093229,2514.3488010093229,16.600000000000001
97.75,116,3.9298901408666267,28.132197112375124,45.034675357980298,3.1042158637072426,0.18911703498493512,57.644579848066073,7.3797239888613619,41.647687906400364,34.874242859620644,201.12575714037922,3.9502772671789601,969.04972273282158,969.04972273282158,2656.1789943601848,2521.821005639822,2521.821005639822,16.600000000000001
98,116,3.9219830557256077,28.158494775256401,44.879094597121558,3.0961330940172478,0.18853750058350865,57.634851574417233,7.3784576385911187,41.822925595269609,34.575837028987856,201.42416297101201,3.8537147730905015,969.14628522690998,969.14628522690998,2648.7290135536855,2529.2709864463213,2529.2709864463213,16.600000000000001
98.25,116,3.9142087613376346,28.184993076727825,44.723906152831731,3.0881124546546537,0.18796552166245226,57.624720185617427,7.3771628120352375,41.998132873198763,34.280035337933306,201.71996466206656,3.7595287418586358,969.24047125814184,969.24047125814184,2641.3012156990922,2536.6987843009147,2536.6987843009147,16.600000000000001
98.5,116,3.9065659334985008,28.211691068293725,44.569108577280964,3.080153026860434,0.18740095315293168,57.614189018194402,7.375839362328998,42.17330906218254,33.986816566321032,202.01318343367882,3.6676608982866297,969.33233910171384,969.33233910171384,2633.8955599809051,2544.1044400191013,2544.1044400191013,16.600000000000001
98.75,116,3.8990532626878629,28.238587807731495,44.41470044040765,3.072253907482807,0.1868436536641625,57.603261368433671,7.3744871492083295,42.348453480803656,33.696159623295415,202.30384037670444,3.5780543722830189,969.42194562771749,969.42194562771749,2626.5120056333353,2551.4879943666715,2551.4879943666715,16.600000000000001
99,116,3.8916694539005983,28.265682359098403,44.260680329712159,3.0644142086424684,0.1862934853689838,57.591940492989536,7.373106038898003,42.523565444389114,33.408043547543862,202.59195645245603,3.4906536662056697,969.50934633379472,969.50934633379472,2619.1505119333342,2558.8494880666726,2558.8494880666726,16.600000000000001
99.25,116,3.8844132264800155,28.292973792737424,44.107046850052832,3.0566330574028586,0.18575031389169905,57.580229609488001,7.3716959040025687,42.698644265162308,33.122447507534254,202.87755249246564,3.405404622897414,969.59459537710302,969.59459537710302,2611.8110381939482,2566.1889618060582,2566.1889618060582,16.600000000000001
99.5,116,3.8772833139545351,28.320461185261014,43.953798623439894,3.0489095954802434,0.18521400821309209,57.568131897091114,7.3702566233719793,42.873689252403949,32.839350801669951,203.16064919832993,3.3222543945678296,969.67774560543262,969.67774560543262,2604.4935437573322,2573.5064562426746,2573.5064562426746,16.600000000000001
99.75,116,3.8702784638738166,28.348143619564496,43.800934288837965,3.0412429789081852,0.18468444055588529,57.555650497097616,7.3687880820104299,43.048699712590185,32.558732858504328,203.44126714149556,3.2411514120833389,969.7588485879171,969.7588485879171,2597.1979879889623,2580.8020120110446,2580.8020120110446,16.600000000000001
100,116,3.8633974376477593,28.376020184824537,43.648452501967867,3.0336323777299565,0.18416148628223036,57.542788513515511,7.3672901709692216,43.223674949535479,32.280573236893261,203.71942676310664,3.1620453550203358,969.83795464498007,969.83795464498007,2589.9243302717164,2588.0756697282904,2588.0756697282904,16.600000000000001
100.25,116,3.8566390103878838,28.404089976489079,43.496351935109033,3.0260769757085004,0.18364502379874126,57.529549013615785,7.36576278723195,43.398614264536256,32.00485162610336,203.99514837389654,3.0848871224175545,969.91511287758294,969.91511287758294,2582.672529999993,2595.3274700000134,2595.3274700000134,16.600000000000001
100.5,116,3.850001970750589,28.432352096265095,43.344631276903897,3.0185759700428716,0.18313493446451273,57.515935028476925,7.3642058336006935,43.573516956511369,31.731547845893314,204.26845215410654,3.0096288041857058,969.99037119581476,969.99037119581476,2575.4425465740842,2602.5574534259222,2602.5574534259222,16.600000000000001
100.75,116,3.8434851207830403,28.460805652094447,43.193289232162293,3.0111285711067164,0.18263110250918094,57.501949553506606,7.3626192185704857,43.74838232214497,31.460641846540785,204.53935815345909,2.9362236532856696,970.0637763467148,970.0637763467148,2568.2343393945425,2609.7656606054643,2609.7656606054643,16.600000000000001
101,116,3.8370872757687078,28.489449758154471,43.042324521672782,3.0037340021518197,0.18213341493426061,57.487595548990726,7.3610028562386578,43.923209656012013,31.192113708922534,204.80788629107735,2.8646260581184508,970.13537394188199,970.13537394188199,2561.0478678573786,2616.9521321426282,2616.9521321426282,16.600000000000001
101.25,116,3.8308072640762925,28.518283534836996,42.891735882012064,2.9963914990486109,0.18164176143152563,57.472875940606563,7.3593566661900249,44.097998250711463,30.925943644512554,205.07405635548733,2.7947915158066352,970.2052084841938,970.2052084841938,2553.8830913490183,2624.1169086509881,2624.1169086509881,16.600000000000001
101.5,116,3.8246439270101513,28.547306108728851,42.741522065356939,2.9891003100277143,0.18115603430155344,57.457793619931721,7.3576805733872899,44.272747396995051,30.662111995366292,205.33788800463358,2.7266766060124974,970.27332339398799,970.27332339398799,2546.7399692415456,2631.2600307584612,2631.2600307584612,16.600000000000001
101.75,116,3.818596118663117,28.57651661258296,42.591681839296648,2.9818596954397738,0.18067612838051983,57.442351444933621,7.3559745080527108,44.447456383896991,30.400599234059069,205.5994007659408,2.6602389654765966,970.3397610345238,970.3397610345238,2539.6184608879889,2638.3815391120179,2638.3815391120179,16.600000000000001
102,116,3.812662705770713,28.605914185291653,42.442213986647793,2.9746689275150775,0.18020194096656503,57.42655224045599,7.354238405555682,44.622124498859158,30.141385963613413,205.85861403638646,2.5954372630486988,970.40456273695179,970.40456273695179,2532.5185256178888,2645.481474382118,2645.481474382118,16.600000000000001
102.25,116,3.8068425675658788,28.635497971872908,42.293117305273611,2.9675272901060024,0.17973337173774986,57.410398798717459,7.3524722063196792,44.796751027845765,29.884452917447195,206.11554708255267,2.5322311750028379,970.46776882499762,970.46776882499762,2525.4401227333474,2652.5598772666594,2652.5598772666594,16.600000000000001
102.5,116,3.8011345956367624,28.665267123438383,42.144390607902011,2.9604340784615455,0.1792703226847307,57.393893879778574,7.3506758557091683,44.97133525546424,29.629780959251217,206.37021904074868,2.4705813612036147,970.52941863879687,970.52941863879687,2518.3832115049322,2659.6167884950742,2659.6167884950742,16.600000000000001
102.75,116,3.7955376937857896,28.695220797164644,41.996032721946264,2.9533885990000002,0.17881269804219885,57.377040212007365,7.3488493039235472,45.145876465080882,29.377351082859821,206.62264891714008,2.4104494417196372,970.58955055828085,970.58955055828085,2511.347751167857,2666.6522488321498,2666.6522488321498,16.600000000000001
103,116,3.7900507778912784,28.725358156252529,41.848042489325813,2.9463901691044359,0.17836040423048405,57.359840492521272,7.3469925058791405,45.320373938939113,29.127144412069651,206.87285558793025,2.3517979742153545,970.64820202578517,970.64820202578517,2504.3337009181814,2673.6662990818254,2673.6662990818254,16.600000000000001
103.25,116,3.7846727757692058,28.75567836990232,41.700418766291492,2.9394381168950656,0.17791334978622755,57.342297387647179,7.3451054211136109,45.494826958266692,28.879142200490353,207.12085779950954,2.2945904314340617,970.70540956856632,970.70540956856632,2497.3410199094492,2680.6589800905576,2680.6589800905576,16.600000000000001
103.5,116,3.7794026270370362,28.786180613282394,41.553160423251619,2.9325317810154674,0.17747144529909656,57.324413533366005,7.3431880136849781,45.669234803383098,28.633325831360374,207.36667416863952,2.2387911793099677,970.7612088206904,970.7612088206904,2490.3696672494166,2687.6303327505902,2687.6303327505902,16.600000000000001
103.75,116,3.7742392829794795,28.816864067492549,41.406266344599246,2.925670510430741,0.17703460335363902,57.306191535743586,7.3412402520666529,45.843596753806395,28.389676817331679,207.61032318266822,2.1843654556720651,970.81563454432842,970.81563454432842,2483.4196019968808,2694.5803980031255,2694.5803980031255,16.600000000000001
104,116,3.7691817064157918,28.847727919526715,41.259735428541063,2.9188536642290672,0.17660273847265345,57.287633971355767,7.3392621090445935,46.017912088357114,28.148176800237156,207.85182319976272,2.131279349432798,970.86872065056775,970.86872065056775,2476.4907831586988,2701.5092168413075,2701.5092168413075,16.600000000000001
104.25,116,3.7642288715691961,28.878771362228523,41.11356658692732,2.9120806114361311,0.1761757670671279,57.268743387699018,7.337253561608911,46.192180085261754,27.908807550818452,208.09119244918139,2.0794997804598792,970.9205002195406,970.9205002195406,2469.5831696869318,2708.416830313075,2708.416830313075,16.600000000000001
104.5,116,3.759379763936292,28.90999359426203,40.967758745085497,2.9053507308125042,0.17575360737546433,57.249522303613709,7.3352145908646955,46.366400022248392,27.671550968494952,208.32844903150493,2.0289944793500139,970.97100552065046,970.97100552065046,2462.6967204762295,2715.3032795237773,2715.3032795237773,16.600000000000001
104.75,116,3.7546333801590253,28.941393820070406,40.822310841654307,2.8986634106703173,0.17533617941302293,57.229973209687223,7.3331451819318003,46.540571176643589,27.436389081076229,208.56361091892364,1.9797319680401229,971.02026803196043,971.02026803196043,2455.8313943613157,2722.1686056386911,2722.1686056386911,16.600000000000001
105,116,3.7499887278979829,28.972971249835524,40.677221828419356,2.8920180486918081,0.174923404921937,57.210098568652747,7.331045323847925,46.714692825466486,27.203304044464975,208.79669595553489,1.9316815407989631,971.06831845920158,971.06831845920158,2448.987150114619,2729.0128498853878,2729.0128498853878,16.600000000000001
105.25,116,3.7454448257075135,29.004725099432765,40.532490670150139,2.8854140517591214,0.17451520732567075,57.189900815774926,7.3289150094682896,46.888764245522111,26.972278142331554,209.0277218576683,1.8848132457941003,971.11518675420632,971.11518675420632,2442.16394644403,2735.8360535559768,2735.8360535559768,16.600000000000001
105.5,116,3.7410007029121899,29.036654590386302,40.388116344438693,2.8788508357860962,0.17411151168414626,57.169382359231257,7.3267542353681163,47.062784713491943,26.743293785777638,209.25670621422222,1.8390978670386802,971.16090213296184,971.16090213296184,2435.3617419908019,2742.6382580092049,2742.6382580092049,16.600000000000001
105.75,116,3.7366553994837517,29.068758949833789,40.244097841541198,2.8723278255367273,0.17371224464239776,57.148545580503324,7.3245630017584205,47.236753506018182,26.516333513018918,209.48366648698095,1.7945069063929331,971.20549309360752,971.20549309360752,2428.5804953276561,2749.4195046723503,2749.4195046723503,16.600000000000001
106,116,3.732407965920443,29.10103741047983,40.10043416421987,2.8658444544656163,0.17331733438897653,57.12739283474513,7.3223413123906775,47.41066989978998,26.29137998901891,209.70862001098095,1.7510125663467495,971.24898743365372,971.24898743365372,2421.820164956951,2756.1798350430558,2756.1798350430558,16.600000000000001
106.25,116,3.7282574631274672,29.133489210551907,39.957124327586712,2.8594001645569547,0.17292671061334314,57.105926451150324,7.3200891744664975,47.584533171626425,26.068416005119332,209.93158399488053,1.7085877330927028,971.29141226690774,971.29141226690774,2415.0807093089988,2762.919290691008,2762.919290691008,16.600000000000001
106.5,116,3.7242029622993864,29.166113593750371,39.814167358948389,2.8529944061751982,0.17254030446892443,57.084148733306122,7.3178065985430987,47.758342598558535,25.847424478635691,210.15257552136416,1.6672059602520062,971.33279403974848,971.33279403974848,2408.3620867405366,2769.6379132594698,2769.6379132594698,16.600000000000001
106.75,116,3.7202435448029756,29.198909809206366,39.671562297653495,2.8466266379066205,0.17215804853063216,57.062061959553397,7.3154935984490264,47.932097457907091,25.628388452474418,210.37161154752545,1.6268414525659685,971.37315854743451,971.37315854743451,2401.664255533281,2776.3357444667254,2776.3357444667254,16.600000000000001
107,116,3.7163783020616248,29.23187711143747,39.529308194941166,2.8402963264071679,0.1717798767551573,57.039668383338572,7.3131501911992984,48.105797027358904,25.411291094729968,210.5887089052699,1.5874690500532875,971.41253094994727,971.41253094994727,2394.9871738926058,2783.0128261074005,2783.0128261074005,16.600000000000001
107.25,116,3.7126063354413441,29.265014760300168,39.387404113790971,2.8340029462576046,0.17140572444457597,57.016970233556307,7.310776396909235,48.27944058504157,25.196115698259767,210.80388430174011,1.5490642126602543,971.4509357873402,971.4509357873402,2388.3307999463545,2789.6692000536523,2789.6692000536523,16.600000000000001
107.5,116,3.708926756138041,29.298322020942393,39.245849128774367,2.8277459798213247,0.17103552821082896,56.99396971488742,7.3083722387101071,48.453027409596231,24.982845680249071,211.0171543197508,1.5116030052543787,971.48839699474615,971.48839699474615,2381.6950917437612,2796.3049082562457,2796.3049082562457,16.600000000000001
107.75,116,3.7053386850665468,29.331798163751575,39.104642325907228,2.8215249171113199,0.17066922594469494,56.970669008125867,7.3059377426620173,48.626556780249139,24.77146458174812,211.22853541825174,1.4750620831899617,971.52493791681059,971.52493791681059,2375.0800072545221,2802.9199927454847,2802.9199927454847,16.600000000000001
108,116,3.7018412527497877,29.365442464312576,38.963782802504895,2.8153392556453363,0.17030675677743645,56.947070270514871,7.3034729376786416,48.8000279768791,24.561956067240541,211.43804393275934,1.439418677659861,971.56058132234057,971.56058132234057,2368.4855043678817,2809.5144956321251,2809.5144956321251,16.600000000000001
108.25,116,3.6984335992099568,29.399254203358673,38.823269667037962,2.8091885003138257,0.16994806104902085,56.923175636068535,7.300977855446507,48.973440280084432,24.354303924174008,211.64569607582584,1.4046505817462833,971.59534941825427,971.59534941825427,2361.9115408918783,2816.0884591081281,2816.0884591081281,16.600000000000001
108.5,116,3.695114873860839,29.433232666723107,38.683102038989716,2.803072163249515,0.16959308027661399,56.898987215889932,7.2984525303465926,49.146792971247898,24.14849206248477,211.85150793751509,1.3707361367492612,971.62926386325125,971.62926386325125,2355.358074552687,2822.6419254473199,2822.6419254473199,16.600000000000001
108.75,116,3.691884235401576,29.467377145288708,38.543279048714851,2.7969897637032179,0.16924175712550296,56.874507098481004,7.2958969993756089,49.32008533260008,23.944504514104658,212.05549548589519,1.3376542189492966,971.66234578105116,971.66234578105116,2348.8250629940781,2829.1749370059283,2829.1749370059283,16.600000000000001
109,116,3.6887408517116391,29.501686934937375,38.403799837299616,2.7909408279223027,0.1688940353808886,56.849737350047803,7.2933113020687559,49.493316647280906,23.742325432459413,212.25767456754045,1.3053842266772817,971.69461577332311,971.69461577332311,2342.3124637769774,2835.6875362230294,2835.6875362230294,16.600000000000001
109.25,116,3.6856838997462855,29.536161336505355,38.264663556423805,2.7849248890209926,0.16854985991565019,56.824680014811726,7.2906954804297541,49.666486199398342,23.54193909198483,212.45806090801506,1.2739060673138189,971.72609393268669,971.72609393268669,2335.8202343790244,2842.1797656209824,2842.1797656209824,16.600000000000001
109.5,116,3.6827125654338975,29.570799655732564,38.125869368223768,2.7789414868639701,0.16820917666379212,56.799337115305782,7.2880495788565121,49.83959327408644,23.343329887608579,212.65667011239128,1.2432001449534387,971.75679985504712,971.75679985504712,2329.3483321943095,2848.6516678056973,2848.6516678056973,16.600000000000001
109.75,116,3.6798260435742938,29.605601203213443,37.987416445156882,2.7729901679495175,0.16787193259336655,56.773710652669394,7.2853736440698169,50.012637157561286,23.146482334231276,212.85351766576861,1.2132473482572304,971.78675265174331,971.78675265174331,2322.896714533164,2855.1032854668429,2855.1032854668429,16.600000000000001
110,116,3.6770235377385938,29.640565294344842,37.849303969867336,2.7670704852990022,0.16753807568271317,56.747802606934869,7.2826677250409713,50.185617137175385,22.951381066184847,213.04861893381502,1.1840290388187755,971.81597096118173,971.81597096118173,2316.4653386221148,2861.534661377892,2861.534661377892,16.600000000000001
110.25,116,3.6743042601696376,29.675691249278138,37.711531135053406,2.7611819983430239,0.16720755489375452,56.721614937315458,7.2799318729244034,50.358532501470222,22.758010836705708,213.24198916329416,1.1555270394711554,971.8444729605294,971.8444729605294,2310.0541616038076,2867.9458383961992,2867.9458383961992,16.600000000000001
110.5,116,3.6716674316835931,29.710978392870903,37.574097143336097,2.7553242728105083,0.16688032014643531,56.695149582488582,7.2771661409912856,50.531382540227362,22.566356517398525,213.43364348260135,1.1277236229019678,971.87227637709861,971.87227637709861,2303.6631405370103,2874.3368594629965,2874.3368594629965,16.600000000000001
110.75,116,3.6691122815729313,29.746426054636647,37.437001207129015,2.7494968806225386,0.16655632229548031,56.668408460872421,7.274370584562921,50.704166544517896,22.376403097683646,213.62359690231625,1.1006015006791274,971.89939849932136,971.89939849932136,2297.29223239675,2880.7077676032563,2880.7077676032563,16.600000000000001
111,116,3.6666380475104581,29.782033568694956,37.300242548509587,2.7436993997882144,0.16623551310757562,56.641393470898812,7.2715452609457527,50.876883806750328,22.188135684239661,213.8118643157602,1.074143812514234,971.92585618748626,971.92585618748626,2290.9413940745048,2887.058605925502,2887.058605925502,16.600000000000001
111.25,116,3.6642439754548013,29.817800273719044,37.163820399091563,2.7379314143073068,0.16591784524144093,56.614106491277418,7.2686902293655029,51.049533620717028,22.001539500426137,213.99846049957375,1.0483341159940767,971.9516658840065,971.9516658840065,2284.6105823785415,2893.3894176214653,2893.3894176214653,16.600000000000001
111.5,116,3.661929319556076,29.853725512889657,37.027733999898921,2.7321925140637324,0.16560327222311291,56.586549381267439,7.2658055509079764,51.222115281639091,21.816599885733901,214.18340011426599,1.0231563760352678,971.97684362396524,971.97684362396524,2278.2997540341435,2899.7002459658634,2899.7002459658634,16.600000000000001
111.75,116,3.6596933420631972,29.88980863384484,36.891982601240969,2.7264822947285947,0.16529174842546054,56.55872398093792,7.2628912884576113,51.394628086209707,21.633302295207518,214.36669770479236,0.99859495492908834,972.00140504507146,972.00140504507146,2272.0088656840171,2905.9911343159897,2905.9911343159897,16.600000000000001
112,116,3.6575353132321906,29.926048988630246,36.756565462588703,2.7208003576644884,0.16498322904794158,56.530632111425149,7.2599475066376673,51.56707133263631,21.451632298864755,214.54836770113513,0.97463460258756673,972.025365397413,972.025365397413,2265.737873888751,2912.2621261112558,2912.2621261112558,16.600000000000001
112.25,116,3.655454511235487,29.962445933649796,36.621481852452476,2.7151463098312321,0.16467767009668391,56.502275575186815,7.256974271751929,51.73944432068113,21.271575581112554,214.72842441888733,0.95126044699552326,972.04873955300513,972.04873955300513,2259.4867351273215,2918.5132648726853,2918.5132648726853,16.600000000000001
112.5,116,3.6534502220725766,29.998998829614518,36.486731048260886,2.709519763697064,0.1643750283669034,56.47365615624895,7.2539716517263537,51.91174635170011,21.093117940145525,214.90688205985438,0.92845798510091659,972.07154201489959,972.07154201489959,2253.2554057977441,2924.7445942022628,2924.7445942022628,16.600000000000001
112.75,116,3.6515217394812955,30.035707041493691,36.352312336240892,2.7039203371476761,0.1640752614238481,56.444775620453498,7.2509397160534306,52.083976728680916,20.916245287354393,215.08375471264549,0.90621307368255211,972.09378692631799,972.09378692631799,2247.0438422176821,2930.9561577823247,2930.9561577823247,16.600000000000001
113,116,3.6496683648499761,30.072569938466891,36.218225011299111,2.6983476533957726,0.16377832758362224,56.415635715703743,7.2478785357382325,52.256134756279785,20.740943646734763,215.25905635326512,0.88451192035424975,972.11548807964641,972.11548807964641,2240.8520006250692,2937.1479993749376,2937.1479993749376,16.600000000000001
113.25,116,3.6478894071309718,30.109586893873921,36.084468376904304,2.6928013408964016,0.16348418589651614,56.386238172202205,7.2447881832441761,52.428219740856669,20.567199154277638,215.43280084572226,0.8633410750177366,972.13665892498284,972.13665892498284,2234.6798371788841,2943.3201628211227,2943.3201628211227,16.600000000000001
113.5,116,3.646184182755031,30.146757285165553,35.951041744971128,2.6872810332628183,0.16319279613023105,56.356584702686376,7.2416687324403837,52.600230990509331,20.394998057360446,215.60500194263946,0.8426874214469775,972.1573125785535,972.1573125785535,2228.5273079599447,2949.4726920400622,2949.4726920400622,16.600000000000001
113.75,116,3.6445520155465343,30.184080493855411,35.817944435745055,2.6817863691823614,0.16290411875281308,56.32667700266289,7.2385202585511541,52.772167815106002,20.22432671413835,215.77567328586156,0.82253816901607213,972.1774618309845,972.1774618309845,2222.3943689717262,2955.6056310282806,2955.6056310282806,16.600000000000001
114,116,3.6429922366393925,30.22155590547445,35.685175777688634,2.6763169923294328,0.16261811491395614,56.29651675064278,7.2353428381090721,52.944029526316399,20.055171592942852,215.94482840705706,0.80288084446424646,972.19711915553626,972.19711915553626,2216.2809761412013,2961.7190238588055,2961.7190238588055,16.600000000000001
114.25,116,3.6415041843948091,30.25918290951779,35.552735107368449,2.6708725512942997,0.16233474643335494,56.266105608359751,7.2321365489014715,53.115815437642944,19.887519271642962,216.11248072835696,0.7837032843626669,972.2162967156379,972.2162967156379,2210.1870853198311,2967.8129146801757,2967.8129146801757,16.600000000000001
114.5,116,3.6400872043192876,30.296960899397614,35.420621769343462,2.6654526995027732,0.16205397578455508,56.235445220995778,7.228901469923886,53.287524864449821,19.721356437028771,216.27864356297113,0.76499362739074594,972.23500637260986,972.23500637260986,2204.1126522845143,2973.8873477154925,2973.8873477154925,16.600000000000001
114.75,116,3.6387406489836973,30.334889272395078,35.288835116054585,2.6600570951395102,0.16177576608021935,56.204537217401509,7.2256376813334402,53.459157123991012,19.556669884186999,216.4433301158129,0.74674030687428972,972.25325969312621,972.25325969312621,2198.0576327385966,2979.9423672614103,2979.9423672614103,16.600000000000001
115,116,3.6374638779432771,30.372967429612203,35.15737450771524,2.654685401073277,0.16150008105800642,56.17338321031324,7.2223452644030992,53.630711535437413,19.39344651587276,216.60655348412715,0.72893204351993668,972.27106795648069,972.27106795648069,2192.0219823129173,2985.9780176870895,2985.9780176870895,16.600000000000001
115.25,116,3.6362562576581849,30.411194775926724,35.026239312203138,2.6493372847815153,0.16122688506447122,56.141984796569105,7.219024301479239,53.802187419902801,19.231673341893302,216.76832665810659,0.7115578381229275,972.2884421618777,972.2884421618777,2186.005656566821,2991.9943434331858,2991.9943434331858,16.600000000000001
115.5,116,3.6351171614154922,30.449570719942876,34.895428904953071,2.644012418279813,0.16095614304304703,56.110343557318778,7.215674875936771,53.973584100468798,19.071337478467012,216.92866252153289,0.69460696476325079,972.30539303523744,972.30539303523744,2180.0086109893186,2997.9913890106882,2997.9913890106882,16.600000000000001
115.75,116,3.6340459692519693,30.488094673942982,34.764942668850644,2.6387104780523241,0.1606878205218561,56.078461058230872,7.2122970721358204,54.144900902208754,18.912426147583648,217.08757385241626,0.67806896412355999,972.32193103587713,972.32193103587713,2174.0308010002655,3003.9691989997414,3003.9691989997414,16.600000000000001
116,116,3.6330420678775228,30.526766053841055,34.6347799941273,2.6334311449822345,0.16042188360038623,56.046338849698806,7.2088909753808359,54.316137152210707,18.754926676371696,217.24507332362819,0.66193363684361584,972.33806636315694,972.33806636315694,2168.0721819515197,3009.9278180484871,3009.9278180484871,16.600000000000001
116.25,116,3.6321048505995961,30.56558427913577,34.504940278256278,2.6281741042843167,0.16015829893724673,56.013978467043074,7.2054566718800048,54.487292179599351,18.598826496459615,217.40117350354029,0.64619103709756898,972.35380896290303,972.35380896290303,2162.1327091281596,3015.8672908718472,3015.8672908718472,16.600000000000001
116.5,116,3.6312337172483056,30.604548772864604,34.375422925849684,2.6229390454372399,0.15989703373748695,55.981381430712368,7.2019942487064927,54.658365315556999,18.444113143339788,217.55588685666012,0.63083146626186104,972.36916853373884,972.36916853373884,2156.2123377497028,3021.7876622503036,3021.7876622503036,16.600000000000001
116.75,116,3.6304280741022925,30.643658961559204,34.246227348556666,2.6177256621155123,0.15963805573941101,55.94854924648358,7.1985037937615441,54.829355893343553,18.290774255735709,217.70922574426419,0.61584546666522311,972.3841545333355,972.3841545333355,2150.3110229713361,3027.6889770286707,3027.6889770286707,16.600000000000001
117,116,3.6296873338159954,30.682914275196215,34.117352964962343,2.6125336521307303,0.15938133320573158,55.915483405651337,7.1949853957342276,55.00026324831591,18.138797574945507,217.86120242505439,0.60122381583056239,972.39877618417006,972.39877618417006,2144.4287198852671,3033.5712801147392,3033.5712801147392,16.600000000000001
117.25,116,3.6290109153472319,30.722314147152485,33.988799200487946,2.6073627173671521,0.15912683491158255,55.882185385221547,7.191439144065801,55.171086717946245,17.98817094420361,218.01182905579631,0.58695752056885875,972.41304247943174,972.41304247943174,2138.5653835220169,3039.4346164779899,3039.4346164779899,16.600000000000001
117.5,116,3.6283982438857176,30.761858014159504,33.860565487291915,2.6022125637201885,0.15887453013368702,55.848656648100899,7.1878651289141056,55.341825641839478,17.838882308036663,218.16111769196323,0.57303781128832021,972.42696218871242,972.42696218871242,2132.7209688517551,3045.2790311482518,3045.2790311482518,16.600000000000001
117.75,116,3.6278487507823933,30.801545316258057,33.732651264172013,2.5970829010360754,0.15862438863983563,55.814898643283634,7.1842634411188389,55.512479361749875,17.690919711618459,218.30908028838144,0.55945613644612446,972.44054386355458,972.44054386355458,2126.8954307856566,3051.1045692143502,3051.1045692143502,16.600000000000001
118,116,3.6273618734794479,30.84137549675431,33.605055976468478,2.5919734430502008,0.1583763806776988,55.780912806038337,7.1806341721692313,55.683047221596318,17.544271300126766,218.45572869987313,0.54620415708652859,972.45379584291413,972.45379584291413,2121.088724177288,3056.9112758227188,3056.9112758227188,16.600000000000001
118.25,116,3.6269370554412927,30.881348002174104,33.477779075968009,2.5868839073309746,0.15813047696560659,55.746700558088023,7.1769774141699285,55.853528567477724,17.398925318094857,218.60107468190506,0.5332737416015666,972.46672625839915,972.46672625839915,2115.3008038239982,3062.6991961760082,3062.6991961760082,16.600000000000001
118.5,116,3.6265737460862351,30.921462282218371,33.35082002080869,2.5818140152229669,0.15788664868290203,55.712263307789527,7.1732932598088341,56.023922747687351,17.254870108764575,218.74512989123534,0.52065696058544797,972.47934303941531,972.47934303941531,2109.5316244683377,3068.4683755316692,3068.4683755316692,16.600000000000001
118.75,116,3.6262714007188923,30.961717789719181,33.224178275386024,2.5767634917902922,0.15764486746024228,55.67760245031139,7.169581802326281,56.194229112726042,17.112094113439898,218.88790588655999,0.50834608179984841,972.49165391820088,972.49165391820088,2103.7811407994905,3074.2188592005164,3074.2188592005164,16.600000000000001
119,116,3.6260294804633797,31.002113980595848,33.097853310259765,2.5717320657614997,0.15740510537033672,55.642719367808937,7.1658431354847449,56.364447015314987,16.970585870839876,219.02941412916002,0.49633356527337708,972.50366643472728,972.50366643472728,2098.0493074547235,3079.9506925452833,3079.9506925452833,16.600000000000001
119.25,116,3.625847452197247,31.042650313811027,32.971844602061722,2.5667194694771007,0.15716733491911708,55.607615429595505,7.1620773535387627,56.534575810408064,16.830334016452273,219.16966598354765,0.48461205851672057,972.51538794148382,972.51538794148382,2092.3360790208312,3085.6639209791756,3085.6639209791756,16.600000000000001
119.5,116,3.6257247884861559,31.083326251327172,32.846151633404396,2.5617254388381818,0.15693152903715307,55.572291992311335,7.1582845512056066,56.704614855203594,16.691327281887446,219.30867271811249,0.47317439185575122,972.5268256081448,972.5268256081448,2086.6414100355864,3091.3585899644204,3091.3585899644204,16.600000000000001
119.75,116,3.6256609675192739,31.124141258063883,32.720773892790731,2.5567497132513508,0.15669766107074162,55.536750400094753,7.1544648236385404,56.874563509154143,16.553554494229896,219.44644550577001,0.46201357389570391,972.53798642610491,972.53798642610491,2080.9652549892712,3097.0347450107356,3097.0347450107356,16.600000000000001
120,116,3.6256554730454047,31.16509480185486,32.595710874524563,2.551792035579425,0.15646570477379027,55.500991984746527,7.1506182663989932,57.044421133976968,16.417004575392674,219.58299542460722,0.45112278708256187,972.548877212918,972.548877212918,2075.3075683261554,3102.6924316738514,3102.6924316738514,16.600000000000001
120.25,116,3.6257077943098284,31.206186353405318,32.47096207862203,2.5468521520917964,0.1562356342997677,55.46501806589329,7.1467449754299812,57.214187093663405,16.281666541471484,219.71833345852841,0.44049538337927713,972.55950461662133,972.55950461662133,2069.6683044459987,3108.3316955540081,3108.3316955540081,16.600000000000001
120.5,116,3.6258174259918365,31.247415386249802,32.346527010723818,2.5419298124152778,0.15600742419378175,55.428829951149297,7.1428450470304172,57.383860754487664,16.147529502099545,219.85247049790038,0.4301248800446687,972.5698751199559,972.5698751199559,2064.0474177055676,3113.9525822944393,3113.9525822944393,16.600000000000001
120.75,116,3.6259838681428889,31.288781376711235,32.222405182008494,2.5370247694816008,0.15578104938405885,55.392428936280218,7.1389185778316078,57.553441485014289,16.01458265980515,219.98541734019477,0.42000495547104588,972.5799950445296,972.5799950445296,2058.4448624201696,3119.5551375798368,3119.5551375798368,16.600000000000001
121,116,3.6262066261256201,31.330283803858244,32.098596109106303,2.5321367794845897,0.15555648517527729,55.355816305356271,7.1349656647714053,57.722928656106411,15.882815309365817,220.1171846906341,0.41012944521890859,972.58987055478167,972.58987055478167,2052.8605928651741,3125.1394071348323,3125.1394071348323,16.600000000000001
121.25,116,3.626485210553434,31.371922149463934,31.975099314014123,2.5272656018332662,0.15533370724116483,55.318993330908199,7.1309864050707752,57.892321640932728,15.752216837165626,220.24778316283428,0.40049233809835155,972.59950766190218,972.59950766190218,2047.2945632775472,3130.7054367224596,3130.7054367224596,16.600000000000001
121.5,116,3.6268191372307705,31.413695897964985,31.851914324011105,2.5224109991054657,0.15511269161722224,55.28196127408156,7.1269808962111281,58.061619814973788,15.622776720553679,220.37722327944624,0.39108777234448266,972.60891222765611,972.60891222765611,2041.7467278573979,3136.2532721426087,3136.2532721426087,16.600000000000001
121.75,116,3.6272079270940449,31.455604536420925,31.729040671575245,2.5175727370028822,0.15489341469374418,55.244721384788406,7.1229492359121291,58.23082255602786,15.494484527203287,220.50551547279665,0.38191003189479961,972.61808996810578,972.61808996810578,2036.2170407695278,3141.7829592304788,3141.7829592304788,16.600000000000001
122,116,3.6276511061532388,31.497647554473609,31.606477894300674,2.5127505843081805,0.15467585320904387,55.207274901855925,7.1188915221098235,58.399929244216615,15.367329914473258,220.63267008552668,0.37295354274809694,972.62704645725239,972.62704645725239,2030.705456144965,3147.2945438550419,3147.2945438550419,16.600000000000001
122.25,116,3.6281482054341492,31.539824444307076,31.484225534815824,2.5079443128420191,0.15445998424282451,55.169623053173922,7.1148078529356305,58.568939261990039,15.241302628769793,220.75869737123014,0.36421286942129799,972.63578713057916,972.63578713057916,2025.2119280825145,3152.7880719174923,3152.7880719174923,16.600000000000001
122.5,116,3.6286987609212842,31.582134700607739,31.362283140702417,2.5031536974190103,0.15424578520966989,55.131767055842289,7.1106983266964159,58.737851994130459,15.11639250490839,220.88360749509155,0.35568271151028857,972.64431728849024,972.64431728849024,2019.7364106503369,3158.2635893496699,3158.2635893496699,16.600000000000001
122.75,116,3.6293023135013862,31.624577820524795,31.240650264415205,2.4983785158068375,0.154033233852755,55.093708116314218,7.1065630418545851,58.906666827756659,14.992589465478892,221.00741053452103,0.34735790031638952,972.65264209968404,972.65264209968404,2014.2788578874952,3163.7211421125116,3163.7211421125116,16.600000000000001
123,116,3.6299584089075871,31.667153303630936,31.119326463202515,2.4936185486853719,0.15382230823769596,55.055447430538408,7.1024020970089392,59.075383152327333,14.869883520211463,221.13011647978846,0.33923339556364557,972.66076660443696,972.66076660443696,2008.8392238055137,3169.1607761944933,3169.1607761944933,16.600000000000001
123.25,116,3.6306665976641761,31.709860651883417,30.998311299027549,2.488873579606516,0.15361298674649998,55.01698618409938,7.0982155908761699,59.244000359644133,14.748264765344393,221.25173523465554,0.33130428219271002,972.66869571780774,972.66869571780774,2003.4174623899339,3174.5825376100729,3174.5825376100729,16.600000000000001
123.5,116,3.6314264350319512,31.752699369585695,30.877604338490492,2.4841433949547294,0.15340524807140757,54.97832555235621,7.0940036222730969,59.41251784385431,14.627723382994771,221.37227661700516,0.32356576720758301,972.67643423279287,972.67643423279287,1998.0135276018602,3179.9864723981464,3179.9864723981464,16.600000000000001
123.75,116,3.6322374809542572,31.795668963348696,30.757205152751368,2.4794277839084011,0.15319907120949314,54.939466700579139,7.0897662900990239,59.580935001452829,14.50824964052792,221.49175035947204,0.31601317666614165,972.68398682333429,972.68398682333429,1992.6273733795324,3185.3726266204749,3185.3726266204749,16.600000000000001
124,116,3.6330993000035634,31.838768942052827,30.637113317453601,2.4747265384018533,0.15299443545699029,54.900410784084762,7.0855036933189366,59.74925123128412,14.389833889930591,221.61016611006934,0.30864195270277733,972.69135804729774,972.69135804729774,1987.2589536398748,3190.7410463601318,3190.7410463601318,16.600000000000001
124.25,116,3.6340114613286509,31.881998816810203,30.517328412648411,2.4700394530880541,0.15279132040379098,54.861158948369294,7.0812159309472023,59.917465934543507,14.272466567185846,221.72753343281411,0.30144765062964546,972.69855234937074,972.69855234937074,1981.9082222800505,3196.0917777199561,3196.0917777199561,16.600000000000001
124.5,116,3.6349735386023814,31.925358100927209,30.397850022719879,2.4653663253020128,0.15258970592810345,54.821712329240285,7.0769031020317748,60.085578514778206,14.156138191649713,221.84386180835023,0.29442593611348933,972.70557406388707,972.70557406388707,1976.5751331790093,3201.4248668209975,3201.4248668209975,16.600000000000001
124.75,116,3.6359851099700204,31.96884630986742,30.278677736310762,2.4607069550221246,0.15238957219112664,54.782072052949296,7.0725653056392392,60.253588377887695,14.040839365431026,221.95916063456892,0.28757258240517541,972.71242741759534,972.71242741759534,1971.2596401990356,3206.7403598009714,3206.7403598009714,16.600000000000001
125,116,3.6370457579981648,32.012462961214709,30.159811146249062,2.4560611448352816,0.15219089963197477,54.742239236319854,7.0682026408399805,60.421494932124105,13.926560772771932,222.07343922722802,0.28088346765920186,972.71911653234133,972.71911653234133,1965.9616971872917,3212.0383028127148,3212.0383028127148,16.600000000000001
125.25,116,3.6381550696242524,32.056207574636581,30.041249849475239,2.4514286999036199,0.15199366896276262,54.702214986872775,7.0638152066937119,60.589297588092144,13.813293179430049,222.1867068205699,0.27435457232750143,972.72564542767304,972.72564542767304,1960.6812579773573,3217.3187420226491,3217.3187420226491,16.600000000000001
125.5,116,3.6393126361065971,32.100079671847922,29.922993446970217,2.4468094279288746,0.15179786116368785,54.662000402952913,7.0594031022358639,60.756995758748701,13.701027432064096,222.29897256793583,0.26798197659931144,972.73201802340111,972.73201802340111,1955.418276390764,3222.5817236092425,3222.5817236092425,16.600000000000001
125.75,116,3.6405180529749877,32.144078776575022,29.80504154368402,2.442203139118313,0.15160345747826892,54.621596573853402,7.0549664264643051,60.924588859401943,13.589754457621288,222.41024554237865,0.26176185791220358,972.73823814208833,972.73823814208833,1950.1727062385266,3227.8272937614802,3227.8272937614802,16.600000000000001
126,116,3.6417709199818349,32.188204414519902,29.687393748465137,2.4376096461523122,0.1514104394086728,54.581004579937265,7.0505052783263951,61.092076307710471,13.479465262727235,222.5205347372727,0.25569048852061932,972.74430951147986,972.74430951147986,1944.9445013226593,3233.0554986773477,3233.0554986773477,16.600000000000001
126.25,116,3.6430708410538579,32.232456113324893,29.570049673990489,2.4330287641552886,0.15121878871109995,54.540225492754843,7.046019756706122,61.2594575236824,13.37015093307879,222.62984906692114,0.24976423311269916,972.75023576688773,972.75023576688773,1939.7336154376676,3238.2663845623392,3238.2663845623392,16.600000000000001
126.5,116,3.6444174242443115,32.276833402537541,29.453008936696261,2.428460310658747,0.15102848739142319,54.499260375167957,7.0415099604127693,61.426731929673082,13.261802632837474,222.73819736716246,0.24397954652483336,972.75602045347557,972.75602045347557,1934.5400023720942,3243.4599976279123,3243.4599976279123,16.600000000000001
126.75,116,3.6458102816857352,32.321335813575757,29.336271156709227,2.4239041055714003,0.15083951770081303,54.458110281466276,7.0369759881691651,61.59389895038337,13.154411604026709,222.84558839597321,0.2383329714848974,972.76166702851549,972.76166702851549,1929.3636159100099,3248.6363840899971,3248.6363840899971,16.600000000000001
127,116,3.6472490295432345,32.365962879693328,29.219835957778812,2.4193599711486753,0.15065186213148379,54.416776257483271,7.0324179386004948,61.760958012857515,13.047969165931265,222.95203083406867,0.23282113641758978,972.76717886358279,972.76717886358279,1924.2044098325073,3253.7955901674995,3253.7955901674995,16.600000000000001
127.25,116,3.648733287968271,32.410714135945618,29.10370296720982,2.4148277319624869,0.15046550341253651,54.375259340711075,7.0278359102235672,61.927908546480751,12.942466714499195,223.05753328550074,0.22744075330567382,972.77255924669475,972.77255924669475,1919.0623379191886,3258.937662080818,3258.937662080818,16.600000000000001
127.5,116,3.6502626810529248,32.455589119155896,28.987871815795824,2.4103072148678297,0.15028042450570495,54.333560560417631,7.0232300014370255,62.094749982976225,12.837895721747566,223.1621042782524,0.222188615583713,972.77781138441662,972.77781138441662,1913.9373539496521,3264.0626460503545,3264.0626460503545,16.600000000000001
127.75,116,3.6518368367847285,32.500587367881558,28.872342137753137,2.4057982489754699,0.15009660860147533,54.291680937756752,7.018600310511113,62.261481756402297,12.734247735168919,223.26575226483101,0.21706159611629883,972.78293840388403,972.78293840388403,1908.8294117049584,3269.1705882950482,3269.1705882950482,16.600000000000001
128,116,3.6534553870019857,32.54570842238067,28.757113570655466,2.4013006656242033,0.14991403911524506,54.249621485877881,7.0139469355779624,62.428103303149491,12.631514377140766,223.36848562285917,0.21205664522213125,972.78794335477824,972.78794335477824,1903.7384649690944,3274.2615350309125,3274.2615350309125,16.600000000000001
128.25,116,3.6551179673495571,32.590951824578958,28.642185755369223,2.3968142983512073,0.1497326996834456,54.207383210036809,7.0092699746226117,62.594614061936944,12.529687344338477,223.47031265566147,0.20717078873452763,972.79282921126583,972.79282921126583,1898.6644675304276,3279.335532469579,3279.335532469579,16.600000000000001
128.5,116,3.6568242172351502,32.63631711803707,28.527558335989404,2.3923389828638677,0.14955257415979858,54.164967107704094,7.0045695254742455,62.761013473808831,12.428758407150561,223.57124159284939,0.20240112611657085,972.79759887388377,972.79759887388377,1893.6073731831552,3284.3926268168516,3284.3926268168516,16.600000000000001
128.75,116,3.6585737797860913,32.681803847917955,28.413230959776129,2.3878745570124864,0.14937364661171737,54.122374168671733,6.9998456857975491,62.927300982130632,12.328719409097003,223.67128059090294,0.19774482861830087,972.80225517138217,972.80225517138217,1888.5671357287301,3289.4328642712767,3289.4328642712767,16.600000000000001
129,116,3.6603663018065689,32.727411560954494,28.299203277091731,2.3834208607638891,0.14919590131685639,54.079605375158174,6.9950985530841727,63.093476032585421,12.229562266250761,223.77043773374916,0.19319913747450859,972.80680086252585,972.80680086252585,1883.5437089772747,3294.4562910227323,3294.4562910227323,16.600000000000001
129.25,116,3.6622014337353566,32.773139805417834,28.185474941338558,2.3789777361732707,0.14901932275942575,54.036661701914092,6.9903282246456611,63.259538073169225,12.13127896666049,223.86872103333943,0.18876136217416195,972.81123863782625,972.81123863782625,1878.5370467490195,3299.4629532509875,3299.4629532509875,16.600000000000001
129.5,116,3.6640788296040054,32.818988131085575,28.072045608897316,2.3745450273583653,0.14884389562685868,53.993544116325168,6.9855347976057187,63.425486554186804,12.033861569777503,223.96613843022243,0.18442887875088898,972.81557112124949,972.81557112124949,1873.5471028756997,3304.4528971243076,3304.4528971243076,16.600000000000001
129.75,116,3.6659981469954852,32.864956089210388,27.958914939065998,2.3701225804735664,0.1486696048064923,53.950253578514051,6.9807183688930223,63.591320928247107,11.937302205885254,224.06269779411468,0.18019912812206479,972.81980087187833,972.81980087187833,1868.5738312019498,3309.426168798057,3309.426168798057,16.600000000000001
130,116,3.667959047003297,32.911043232488872,27.846082593999419,2.3657102436845152,0.14849643538229032,53.906791041441011,6.9758790352343913,63.75704065025861,11.841593075531748,224.15840692446815,0.17606961446932792,972.82393038553118,972.82393038553118,1863.6171855866869,3314.3828144133199,3314.3828144133199,16.600000000000001
130.25,116,3.6699611941909911,32.957249115031317,27.733548238649366,2.3613078671446588,0.14832437263111667,53.863157451001904,6.9710168931489234,63.922645177424265,11.746726448965676,224.25327355103425,0.17203790364316254,972.82796209635728,972.82796209635728,1858.677119904484,3319.3228800955226,3319.3228800955226,16.600000000000001
130.5,116,3.6720042565521989,33.003573292330707,27.621311540705246,2.3569153029694911,0.14815340201999663,53.819353746127604,6.9661320389412547,64.088133969236637,11.65269466557408,224.34730533442584,0.16810162163715536,972.83189837836335,972.83189837836335,1853.7535880469322,3324.2464119530746,3324.2464119530746,16.600000000000001
130.75,116,3.6740879054710751,33.050015321232401,27.509372170535389,2.3525324052123486,0.14798350920306144,53.7753808588811,6.9612245686955925,64.253506487472748,11.559490133323608,224.44050986667631,0.16425845308889447,972.83574154691155,972.83574154691155,1848.8465439239912,3329.1534560760156,3329.1534560760156,16.600000000000001
131,116,3.6762118156831707,33.096574759904364,27.397729801128889,2.3481590298411348,0.1478146800183851,53.731239714552927,6.9562945782702519,64.418762196188652,11.467105328204999,224.53289467179491,0.16050613981345338,972.83949386018696,972.83949386018696,1843.9559414653309,3334.044058534676,3334.044058534676,16.600000000000001
131.25,116,3.6783756652367403,33.143251167807428,27.286384108037986,2.3437950347151704,0.14764690048497964,53.686931231755665,6.9513421632923436,64.583900561714088,11.375532793680403,224.62446720631951,0.15684247937728782,972.84315752062309,972.84315752062309,1839.0817346216586,3338.9182653783482,3338.9182653783482,16.600000000000001
131.5,116,3.6805791354544777,33.190044105665606,27.175334769321001,2.3394402795603146,0.14748015680013288,53.642456322519443,6.9463674191523506,64.748921052646978,11.284765140134233,224.71523485986566,0.15326532370130569,972.84673467629909,972.84673467629909,1834.2238773660322,3343.7761226339749,3343.7761226339749,16.600000000000001
131.75,116,3.682821910895667,33.236953135436693,27.064581465485862,2.3350946259443623,0.14731443533681757,53.597815892386443,6.9413704409989512,64.913823139847793,11.194795044327103,224.80520495567279,0.14977257769876828,972.8502274223016,972.8502274223016,1829.3823236951573,3348.6176763048493,3348.6176763048493,16.600000000000001
132,116,3.6851036793187655,33.28397782028393,26.954123879434167,2.3307579372589062,0.14714972264033441,53.553010840498047,6.9363513237352015,65.078606296433563,11.105615248851457,224.89438475114844,0.1463621979672273,972.85363780203306,972.85363780203306,1824.5570276306944,3353.4429723693129,3353.4429723693129,16.600000000000001
132.25,116,3.6874241316443861,33.33111772454712,26.843961696405767,2.3264300786952936,0.14698600542585444,53.508042059687327,6.9313101620138475,65.243269997772131,11.017218561591696,224.98278143840821,0.1430321914938486,972.85696780850651,972.85696780850651,1819.7479432205312,3358.2520567794759,3358.2520567794759,16.600000000000001
132.5,116,3.6897829619186919,33.378372413714217,26.734094603923893,2.3221109172226195,0.14682327057578831,53.462910436568663,6.9262470502331723,65.407813721476089,10.929597855187019,225.0704021448129,0.1397806143990179,972.86021938560134,972.86021938560134,1814.9550245400537,3363.0449754599531,3363.0449754599531,16.600000000000001
132.75,116,3.6921798672771935,33.425741454393219,26.624522291740831,2.3178003215665002,0.14666150513715612,53.417616851625915,6.9211620825331277,65.572236947396703,10.842746066497414,225.15725393350252,0.13660557071056445,972.86339442928977,972.86339442928977,1810.1782256934002,3367.8217743066066,3367.8217743066066,16.600000000000001
133,116,3.6946145479089236,33.4732244142849,26.515244451784113,2.3134981621923694,0.1465006963184991,53.372162179295294,6.9160553527920801,65.736539157617884,10.756656196073282,225.24334380392662,0.13350521115739489,972.86649478884294,972.86649478884294,1805.4175008146965,3372.5824991853101,3372.5824991853101,16.600000000000001
133.25,116,3.697086707021048,33.520820862154658,26.406260778103192,2.3092043112804372,0.14634083148790328,53.326547288055934,6.9109269546229646,65.900719836449795,10.671321307627206,225.3286786923727,0.13047773201709334,972.86952226798326,972.86952226798326,1800.6728040692944,3377.3271959307122,3377.3271959307122,16.600000000000001
133.5,116,3.6995960508038399,33.568530367805273,26.2975709668167,2.3049186427058475,0.14618189817047936,53.280773040514539,6.9057769813701109,66.064778470422553,10.586734527509478,225.41326547249042,0.12752137397965196,972.87247862602067,972.87247862602067,1795.94408965499,3382.0559103450169,3382.0559103450169,16.600000000000001
133.75,116,3.702142288396046,33.616352502050006,26.189174716060194,2.3006410320194881,0.14602388404585312,53.234840293488595,6.9006055261063013,66.228714548279797,10.502889044186768,225.49711095581316,0.12463442103914157,972.87536557896124,972.87536557896124,1791.2313118032262,3386.7686881967807,3386.7686881967807,16.600000000000001
134,116,3.7047251318506285,33.664286836685754,26.081071725934365,2.2963713564285406,0.14586677694577732,53.188749898089277,6.8954126816299794,66.392527560972283,10.419778107723927,225.580221892276,0.12181519941518913,972.87818480058513,972.87818480058513,1786.5344247802868,3391.46557521972,3391.46557521972,16.600000000000001
134.25,116,3.7073442961008762,33.712332944466624,25.973261698453832,2.2921094947753042,0.14571056485181316,53.142502699805362,6.8901985404627748,66.556217001651135,10.337395029269471,225.66260497073046,0.1190620764939193,972.88093792350628,972.88093792350628,1781.8533828884788,3396.1466171115276,3396.1466171115276,16.600000000000001
134.5,116,3.7099994989268921,33.760490399077604,25.865744337496359,2.2878553275177445,0.14555523589303471,53.096099538584703,6.8849631948471437,66.719782365661246,10.255733180543931,225.74426681945599,0.11637345980082757,972.88362654019954,972.88362654019954,1777.1881404672986,3400.8118595327078,3400.8118595327078,16.600000000000001
134.75,116,3.7126904609224773,33.8087587751087,25.758519348752621,2.2836087367132287,0.14540077834373327,53.049541248911844,6.8797067367440645,66.883223150534732,10.174785993330662,225.82521400666926,0.11374779601056784,972.88625220398967,972.88625220398967,1772.5386518945861,3405.4613481054207,3405.4613481054207,16.600000000000001
135,116,3.7154169054623485,33.857137648029145,25.651586439676418,2.2793696059987374,0.14524718062121239,53.002828659888543,6.874429257831113,67.046538855984195,10.094546958970835,225.90545304102906,0.11118356996757389,972.88881643003265,972.88881643003265,1767.9048715876668,3410.0951284123398,3410.0951284123398,16.600000000000001
135.25,116,3.7181785586697211,33.90562659416198,25.544945319435421,2.275137820572553,0.14509443128360294,52.955962595312123,6.8691308495006815,67.209728983895843,10.015009627861319,225.98499037213858,0.10867930373596348,972.8913206962643,972.8913206962643,1763.2867540044831,3414.7132459955233,3414.7132459955233,16.600000000000001
135.5,116,3.7209751493842576,33.954225190658747,25.43859569886234,2.2709132671762071,0.14494251902780869,52.908943873752953,6.8638116028581635,67.37279303832274,9.9361676089558735,226.06383239104406,0.10623355567189012,972.89376644432843,972.89376644432843,1758.6842536447073,3419.3157463552993,3419.3157463552993,16.600000000000001
135.75,116,3.7238064091303729,34.002933015473943,25.332537290406574,2.2666958340767023,0.1447914326879346,52.86177330863103,6.858471608719336,67.535730525478641,9.8580145692699972,226.14198543072993,0.10384491951150344,972.89615508048882,972.89615508048882,1754.0973250508214,3423.9026749491854,3423.9026749491854,16.600000000000001
136,116,3.7266720720858699,34.05174964734092,25.226769808086384,2.2624854110489236,0.1446411612326976,52.814451708291571,6.8531109576102498,67.698540953730387,9.7805442333879551,226.21945576661196,0.10151202350069218,972.89848797649961,972.89848797649961,1749.525922809233,3428.4740771907732,3428.4740771907732,16.600000000000001
136.25,116,3.7295718750509304,34.100674665747214,25.121292967441544,2.2582818893583152,0.14449169376360038,52.766979876079915,6.8477297397656738,67.861223833591168,9.7037503829737499,226.29624961702618,0.099233529534402745,972.9007664704659,972.9007664704659,1744.9700015513451,3433.0299984486614,3433.0299984486614,16.600000000000001
136.5,116,3.7325055574174479,34.149707650910244,25.016106485486372,2.2540851617437836,0.1443430195130864,52.719358610415419,6.8423280451278314,68.023778677713722,9.6276268562852358,226.3723731437147,0.097008132318954041,972.90299186768129,972.90299186768129,1740.4295159546157,3437.5704840453914,3437.5704840453914,16.600000000000001
136.75,116,3.7354728611387014,34.198848183753185,24.911210080663295,2.2498951224008272,0.14419512784269289,52.671588704864583,6.8369059633453695,68.186205000883461,9.5521675476914059,226.44783245230855,0.094834558556434037,972.90516544144384,972.90516544144384,1735.9044207436061,3442.0955792564005,3442.0955792564005,16.600000000000001
137,116,3.7384735306993147,34.24809584588219,24.806603472796901,2.2457116669671788,0.14404800824032876,52.623670948210965,6.8314635837739575,68.34850232001088,9.4773664071933066,226.52263359280661,0.09271156614222123,972.90728843385807,972.90728843385807,1731.3946706910349,3446.6053293089717,3446.6053293089717,16.600000000000001
137.25,116,3.7415073130855996,34.29745021956267,24.702286383048367,2.2415346925060495,0.14390165031865837,52.575606124526999,6.8260009954752814,68.510670154124853,9.4032174399476975,226.59678256005225,0.090637943391459294,972.90936205660887,972.90936205660887,1726.900220618794,3451.0997793812126,3451.0997793812126,16.600000000000001
137.5,116,3.7445739577562369,34.346910887695401,24.598258533870339,2.237364097488777,0.14375604381386226,52.527395013245702,6.8205182872156209,68.672708024365917,9.3297147057938563,226.67028529420608,0.088612508288042555,972.91138749171216,972.91138749171216,1722.4210253989536,3455.5789746010528,3455.5789746010528,16.600000000000001
137.75,116,3.7476732166132369,34.396477433794011,24.494519648962314,2.2331997817802209,0.14361117858342351,52.479038389229089,6.8150155474661922,68.834615453978984,9.2568523187839666,226.74314768121596,0.086634107744576236,972.91336589225568,972.91336589225568,1717.9570399547667,3460.0429600452399,3460.0429600452399,16.600000000000001
138,116,3.7508048439732353,34.446149441962341,24.391069453226443,2.2290416466235645,0.14346704460428475,52.430537022836553,6.8094928644030706,68.996391968306298,9.1846244467166027,226.81537555328333,0.0847016168839579,972.91529838311635,972.91529838311635,1713.5082192616564,3464.4917807383499,3464.4917807383499,16.600000000000001
138.25,116,3.7539685965391074,34.495926496871718,24.287907672723737,2.224889594624218,0.14332363197134113,52.381891679993593,6.8039503259067464,69.158037094780568,9.1130253106735619,226.88697468932637,0.08281393833716906,972.91718606166307,972.91718606166307,1709.0745183481831,3468.9254816518228,3468.9254816518228,16.600000000000001
138.5,116,3.7571642333719169,34.545808183737549,24.185034034630682,2.220743529730997,0.14318093089675543,52.333103122262763,6.7983880195605177,69.319550362918491,9.0420491845602911,226.95795081543963,0.080970001553803975,972.91902999844649,972.91902999844649,1704.6558922969862,3473.3441077030202,3473.3441077030202,16.600000000000001
138.75,116,3.7603915158631134,34.595794088298916,24.082448267196423,2.216603357226437,0.14303893170689644,52.284172106904613,6.7928060326528987,69.480931304312932,8.9716903946484212,227.02830960535147,0.079168762144991175,972.92083123785528,972.92083123785528,1700.2522962457551,3477.7477037542512,3477.7477037542512,16.600000000000001
139,116,3.7636502077070846,34.645883796796234,23.980150099700278,2.2124689837104206,0.14289762484116666,52.235099386945066,6.7872044521771446,69.642179452626138,8.9019433191223634,227.09805668087753,0.077409201231557451,972.92259079876874,972.92259079876874,1695.8636853881583,3482.1363146118479,3482.1363146118479,16.600000000000001
139.25,116,3.7669400748739972,34.696076895949616,23.878139262409679,2.2083403170852289,0.14275700085052967,52.185885711240608,6.7815833648314046,69.803294343582763,8.8328023876289397,227.16719761237098,0.075690324810791881,972.92430967518942,972.92430967518942,1691.4900149747589,3486.5099850252477,3486.5099850252477,16.600000000000001
139.5,116,3.7702608855829345,34.746372972937465,23.776415486538554,2.2042172665410709,0.14261705039599695,52.136531824542509,6.7759428570190954,69.964275514962978,8.7642620808302087,227.23573791916971,0.074011163139533334,972.92598883686071,972.92598883686071,1687.131240313925,3490.8687596860814,3490.8687596860814,16.600000000000001
139.75,116,3.7736124102753061,34.796771615376187,23.674978504206134,2.2000997425454818,0.14247776424640132,52.087038467556603,6.7702830148503468,70.125122506595233,8.6963169299597158,227.30368307004019,0.072370770126554657,972.92762922987379,972.92762922987379,1682.7873167727266,3495.2126832272802,3495.2126832272802,16.600000000000001
140,116,3.7769944215885873,34.847272411298839,23.573828048396159,2.1959876568273544,0.14233913327733133,52.037406377007869,6.7646039241420528,70.285834860349439,8.628961516381553,227.37103848361838,0.070768222749653914,972.92923177725061,972.92923177725061,1678.4581997778164,3499.54180022219,3499.54180022219,16.600000000000001
140.25,116,3.7804066943303436,34.897874949134277,23.472963852916489,2.1918809223621141,0.14220114846990384,51.987636285703339,6.7589056704182786,70.446412120130077,8.5621904711526842,227.43780952884723,0.069202620485978236,972.93079737951427,972.93079737951427,1674.1438448162978,3503.8561551837088,3503.8561551837088,16.600000000000001
140.5,116,3.7838490054525207,34.948578817687029,23.372385652359139,2.1877794533594441,0.14206380090909049,51.937728922591894,6.7531883389113565,70.606853831869273,8.4959984745885819,227.50400152541133,0.067673084752849652,972.93232691524747,972.93232691524747,1669.8442074365826,3508.1557925634243,3508.1557925634243,16.600000000000001
140.75,116,3.7873211340260267,34.999383606117135,23.272093182060726,2.1836831652502164,0.14192708178227367,51.887685012824328,6.7474520145628141,70.767159543519853,8.4303802558319578,227.56961974416797,0.066178758364465198,972.93382124163577,972.93382124163577,1665.5592432492356,3512.4407567507706,3512.4407567507706,16.600000000000001
141,116,3.7908228612155859,35.050288903920361,23.172086178063314,2.1795919746729173,0.14179098237778232,51.837505277813328,6.7416967820245475,70.927328805048305,8.365330592424808,227.6346694075751,0.064718805000075125,972.93528119500024,972.93528119500024,1661.2889079278104,3516.7110920721966,3516.7110920721966,16.600000000000001
141.25,116,3.7943539702548543,35.101294300908606,23.072364377075662,2.1755057994595228,0.14165549408340336,51.787190435293589,6.7359227256602505,71.087361168427762,8.3008443098838036,227.69915569011613,0.063292408683199922,972.93670759131703,972.93670759131703,1657.0331572096748,3520.9668427903325,3520.9668427903325,16.600000000000001
141.5,116,3.7979142464218589,35.152399387190407,22.972927516434847,2.1714245586250982,0.14152060838510477,51.736741199377512,6.7301299295461821,71.247256187631464,8.2369162812779759,227.76308371872196,0.06189877328493492,972.93810122671528,972.93810122671528,1652.7919468968089,3525.2080531031975,3525.2080531031975,16.600000000000001
141.75,116,3.8015034770146627,35.203603753151818,22.873775334068316,2.1673481723545094,0.14138631686560113,51.686158280613391,6.7243184774726883,71.407013418625695,8.173541426810278,227.82645857318965,0.060537122030388871,972.93946287796985,972.93946287796985,1648.5652328566082,3529.4347671433989,3529.4347671433989,16.600000000000001
142,116,3.8051214513273091,35.254906989437494,22.774907568456324,2.1632765619900596,0.14125261120297183,51.635442386042151,6.7184884529456657,71.566632419363032,8.1107147134020732,227.88928528659784,0.059206697019877852,972.94079330298041,972.94079330298041,1644.3529710226655,3533.6470289773411,3533.6470289773411,16.600000000000001
142.25,116,3.808767960626033,35.306308686931992,22.676323958594718,2.1592096500192843,0.14111948316935458,51.584594219253319,6.7126399391879961,71.726112749775538,8.0484311542807294,227.95156884571918,0.05790675876211783,972.94209324123824,972.94209324123824,1640.1551173955449,3537.8448826044623,3537.8448826044623,16.600000000000001
142.5,116,3.8124427981257685,35.357808436740065,22.578024243958097,2.1551473600619424,0.14098692463069559,51.533614480441507,6.7067730191389607,71.885453971768996,7.9866858085706154,228.01331419142929,0.056636585714204817,972.94336341428607,972.94336341428607,1635.9716280435091,3542.0283719564977,3542.0283719564977,16.600000000000001
142.75,116,3.816145758966853,35.409405830169291,22.480008164463417,2.1510896168588576,0.14085492754469137,51.482503866460284,6.7008877754574145,72.044655649215542,7.9254737808866658,228.07452621911327,0.055395473841996841,972.94460452615829,972.94460452615829,1631.8024591032911,3546.197540896716,3546.197540896716,16.600000000000001
143,116,3.8198766401920121,35.461100458712053,22.382275460433974,2.1470363462601925,0.14072348395952156,51.431263070876199,6.6949842905234576,72.203717347946849,7.8647902209312663,228.13520977906867,0.054182736188048308,972.94581726381227,972.94581726381227,1627.6475667808297,3550.3524332191769,3550.3524332191769,16.600000000000001
143.25,116,3.8236352407236116,35.512891914027321,22.28482587256374,2.1429874752135354,0.14059258601294863,51.379892784022559,6.6890626464395053,72.362638635747913,7.8046303230942691,228.19536967690564,0.052997702448908481,972.94700229755142,972.94700229755142,1623.5069073519865,3554.4930926480206,3554.4930926480206,16.600000000000001
143.5,116,3.8274213613411545,35.564779787922916,22.187659141882047,2.1389429317522906,0.14046222593125568,51.328393693052362,6.6831229250317685,72.521419082350477,7.7449893260560154,228.2550106739439,0.051839718564112007,972.94816028143623,972.94816028143623,1619.3804371632509,3558.6195628367564,3558.6195628367564,16.600000000000001
143.75,116,3.8312348046589846,35.616763672338891,22.090775009718719,2.1349026449858735,0.14033239602735359,51.276766481988879,6.6771652078533128,72.680058259426076,7.6858625123935251,228.31413748760639,0.050708146313161839,972.9492918536871,972.9492918536871,1615.2681126324576,3562.731887367549,3562.731887367549,16.600000000000001
144,116,3.8350753751042377,35.668843159331168,21.994173217669591,2.1308665450901096,0.14020308869887901,51.225011831775582,6.6711895761872251,72.838555740578812,7.6272452081897359,228.37275479181017,0.049602362922552497,972.95039763707769,972.95039763707769,1611.1698902494909,3566.8301097505159,3566.8301097505159,16.600000000000001
144.25,116,3.8389428788951441,35.721017841052721,21.897853507562225,2.1268345632930457,0.14007429642877958,51.173130420330281,6.6651961110454288,72.996911101340444,7.5691327826453847,228.43086721735452,0.048521760689543968,972.95147823931075,972.95147823931075,1607.0857265769209,3570.9142734230854,3570.9142734230854,16.600000000000001
144.5,116,3.8428371240194554,35.773287309737718,21.801815621422129,2.1228066318657799,0.13994601178339094,51.121122922593628,6.6591848931720508,73.155123919163216,7.5115206476942831,228.4884793523056,0.047465746608583236,972.95253425339172,972.95253425339172,1603.0155782506897,3574.9844217493169,3574.9844217493169,16.600000000000001
144.75,116,3.8467579202131441,35.825651157685115,21.706059301439353,2.1187826841121282,0.13981822741121805,51.068990010578368,6.6531560030456207,73.313193773413502,7.4544042576214746,228.54559574237842,0.046433742009095426,972.95356625799116,972.95356625799116,1598.9594019807651,3579.0405980192418,3579.0405980192418,16.600000000000001
145,116,3.8507050789393391,35.878108977242327,21.610584289935371,2.1147626543580227,0.13969093604189195,51.016732353418384,6.6471095208810347,73.471120245365512,7.3977791086844,228.60222089131554,0.04542518220204176,972.95457481779829,972.95457481779829,1594.9171545517816,3583.0828454482248,3583.0828454482248,16.600000000000001
145.25,116,3.8546784133675418,35.930660360787527,21.515390329330273,2.1107464779371723,0.13956413048662017,50.964350617421111,6.6410455266289903,73.628902918196033,7.3416407387373397,228.65835926126258,0.044439516131601693,972.95556048386879,972.95556048386879,1590.8887928236422,3587.1112071763641,3587.1112071763641,16.600000000000001
145.5,116,3.858677738352974,35.983304900715403,21.420477162110473,2.1067340911848702,0.13943780363559219,50.911845466111139,6.6349640999808104,73.786541376977326,7.2859847268581897,228.71401527314174,0.043476206043341889,972.95652379395699,972.95652379395699,1586.8742737321686,3591.1257262678382,3591.1257262678382,16.600000000000001
145.75,116,3.862702870416209,36.03604218942138,21.325844530796683,2.1027254314274089,0.13931194845712669,50.859217560277848,6.6288653203702959,73.94403520867084,7.2308066929785486,228.7691933070214,0.042534727156475834,972.95746527284382,972.95746527284382,1582.8735542897082,3595.1264457102984,3595.1264457102984,16.600000000000001
146,116,3.866753627723027,36.088871819285885,21.231492177912251,2.0987204369713228,0.13918655799694729,50.806467558022796,6.6227492669754247,74.101384002121463,7.1761022975167421,228.82389770248318,0.041614567344133505,972.9583854326562,972.9583854326562,1578.886591585725,3599.1134084142818,3599.1134084142818,16.600000000000001
146.25,116,3.8708298300644937,36.141793382658967,21.137419845951804,2.0947190470932777,0.1390616253772706,50.753596114805958,6.6166160187204444,74.258587348051449,7.121867241013712,228.87813275898623,0.040715226822270148,972.95928477317807,972.95928477317807,1574.9133427873867,3603.0866572126197,3603.0866572126197,16.600000000000001
146.5,116,3.8749312988372311,36.19480647184583,21.043627277350303,2.0907212020321384,0.13893714379541833,50.700603883489357,6.6104656542787046,74.415644839054281,7.0680972637719117,228.93190273622801,0.03983621784403215,972.96016378215643,972.96016378215643,1570.953765140144,3607.0462348598626,3607.0462348598626,16.600000000000001
146.75,116,3.8790578570239256,36.247910679091959,20.95011421445243,2.0867268429797159,0.13881310652280027,50.647491514381571,6.6042982520749964,74.572556069588686,7.0147881454970324,228.98521185450289,0.03897706440340859,972.96102293559693,972.96102293559693,1567.0078159682973,3610.9921840317088,3610.9921840317088,16.600000000000001
147,116,3.8832093291740755,36.301105596567986,20.856880399482243,2.0827359120687472,0.13868950690462017,50.594259655284539,6.5981138902869345,74.729320635973124,6.9619357049424551,229.03806429505747,0.038137301949658815,972.96186269805082,972.96186269805082,1563.0754526755429,3614.9245473244637,3614.9245473244637,16.600000000000001
147.25,116,3.8873855413849197,36.354390816355512,20.763925574513259,2.0787483523648294,0.13856633835867416,50.540908951536046,6.5919126468476472,74.88593813637975,6.9095357995567488,229.09046420044317,0.037316477104619702,972.96268352289576,972.96268352289576,1559.1566327455196,3618.843367254487,3618.843367254487,16.600000000000001
147.5,116,3.8915863212825843,36.407765930432923,20.671249481438846,2.0747641078572769,0.13844359437446105,50.487440046052726,6.5856945994480904,75.042408170828807,6.8575843251339563,229.14241567486596,0.036514147388505759,972.96348585261194,972.96348585261194,1555.2513137423423,3622.7486862576643,3622.7486862576643,16.600000000000001
147.75,116,3.8958114980034315,36.461230530661545,20.578851861942937,2.0707831234499663,0.13832126851221849,50.433853579372808,6.5794598255395869,75.198730341182696,6.8060772154667397,229.19392278453321,0.035729880952079074,972.96427011904836,972.96427011904836,1551.3594533111266,3626.64054668888,3626.64054668888,16.600000000000001
148,116,3.9000609021755892,36.514784208772426,20.486732457471142,2.0668053449515407,0.13819935440154812,50.380150189698874,6.5732084023373796,75.354904251139729,6.7550104420025745,229.24498955799734,0.034963256312924212,972.96503674368762,972.96503674368762,1547.4810091785203,3630.5189908214866,3630.5189908214866,16.600000000000001
148.25,116,3.9043343659007497,36.5684265563522,20.394891009202095,2.0628307190676085,0.13807784574105803,50.326330512938355,6.5669404068218453,75.51092950622926,6.7043800135022007,229.29561998649774,0.034213862104648787,972.96578613789575,972.96578613789575,1543.6159391531864,3634.3840608468204,3634.3840608468204,16.600000000000001
148.5,116,3.9086317227361294,36.622157164830014,20.303327258019188,2.0588591933918168,0.13795673629732197,50.272395182744688,6.5606559157413651,75.666805713805829,6.6541819757012446,229.34581802429869,0.03348129682820393,972.96651870317226,972.96651870317226,1539.7642011263031,3638.2357988737035,3638.2357988737035,16.600000000000001
148.75,116,3.9129528076766231,36.67597562546451,20.212040944482652,2.0548907163971721,0.13783601990390104,50.218344830557768,6.5543550056150979,75.822532483043616,6.604412410974545,229.39558758902541,0.032765168609871907,972.96723483139067,972.96723483139067,1535.9257530720508,3642.0742469279558,3642.0742469279558,16.600000000000001
149,116,3.9172974571371637,36.729881529331038,20.121031808801906,2.0509252374275606,0.13771569046041099,50.1641800856438,6.5480377527356808,75.97810942493085,6.5550674380032206,229.44493256199672,0.032065094965633201,972.96793490503478,972.96793490503478,1532.1005530480882,3645.8994469519184,3645.8994469519184,16.600000000000001
149.25,116,3.9216655089353289,36.783874467307591,20.030299590808227,2.0469627066880687,0.13759574193290922,50.109901575136078,6.5417042331693391,76.133536152265592,6.506143211444595,229.49385678855535,0.031380702569224435,972.96861929743113,972.96861929743113,1528.2885591959841,3649.7114408040229,3649.7114408040229,16.600000000000001
149.5,116,3.9260568022740823,36.837954030062662,19.939844029927738,2.0430030752369173,0.13747616835275939,50.055509924073547,6.5353545227590848,76.288812279650159,6.4576359216046963,229.54236407839525,0.030711627028602799,972.96928837297173,972.96928837297173,1524.4897297416776,3653.510270258329,3653.510270258329,16.600000000000001
149.75,116,3.9304711777246779,36.892119808043873,19.849664865154843,2.0390462949779695,0.13735696381503093,50.00100575543842,6.5289886971288942,76.443937423485039,6.4095417941134505,229.59045820588648,0.030057512668885181,972.96994248733142,972.96994248733142,1520.7040229959478,3657.2959770040588,3657.2959770040588,16.600000000000001
150,116,3.9349084772098206,36.946371391465135,19.759761835025859,2.0350923186518899,0.13723812247834918,49.946389690194771,6.5226068316850156,76.598911201964313,6.3618570896026663,229.63814291039725,0.029418012318366413,972.97058198768195,972.97058198768195,1516.9313973548301,3661.0686026451763,3661.0686026451763,16.600000000000001
150.25,116,3.9393685439869919,37.000708370294603,19.670134677592973,2.0311410998278614,0.1371196385642808,49.891662347326232,6.5162090016182477,76.753733235070612,6.3145781033866601,229.68542189661329,0.028792787100771076,972.97120721289969,972.97120721289969,1513.1718113000377,3664.8281886999689,3664.8281886999689,16.600000000000001
150.5,116,3.9438512226319355,37.05513033424338,19.580783130398551,2.0271925928962098,0.13700150635621317,49.836824343872237,6.5097952819072011,76.908403144569789,6.2677011651455805,229.73229883485436,0.028181506232096726,972.9718184937683,972.9718184937683,1509.4252233993855,3668.5747766006207,3668.5747766006207,16.600000000000001
150.75,116,3.9483563590222688,37.109636872755864,19.491706930449883,2.0232467530632094,0.13688372019691075,49.781876294961727,6.5033657473240991,77.062920554004364,6.2212226386114775,229.77877736138845,0.027583846820968729,972.97241615317944,972.97241615317944,1505.6915923072386,3672.3084076927671,3672.3084076927671,16.600000000000001
151,116,3.9528838003214593,37.16422757499587,19.402905814193929,2.0193035363396539,0.13676627449015191,49.726818813852837,6.4969204724328904,77.217285088690744,6.1751389212566883,229.82486107874325,0.026999493678738305,972.97300050632168,972.97300050632168,1501.9708767648517,3676.0291232351542,3676.0291232351542,16.600000000000001
151.25,116,3.957433394962834,37.218902029836414,19.314379517492615,2.0153628995344288,0.13664916369922805,49.671652511967075,6.4904595315933298,77.371496375713534,6.1294464439850991,229.87055355601484,0.026428139130736265,972.9735718608697,972.9735718608697,1498.2630356007774,3679.7369643992292,3679.7369643992292,16.600000000000001
151.5,116,3.9620049926337999,37.273659825849002,19.2261277755984,2.011424800247315,0.13653238234601184,49.616377998923852,6.4839829989639943,77.525554043920636,6.0841416708259244,229.915858329174,0.025869482832930633,972.97413051716751,972.97413051716751,1494.5680277312495,3683.4319722687565,3683.4319722687565,16.600000000000001
151.75,116,3.9665984442602364,37.328500551293068,19.138150323130109,2.0074891968616795,0.13641592501015795,49.560995882574822,6.4774909485050882,77.679457723918347,6.0392210986300778,229.96077890136985,0.025323231593277117,972.97467676840722,972.97467676840722,1490.8858121605576,3687.1141878394478,3687.1141878394478,16.600000000000001
152,116,3.9712136019911197,37.38342379410399,19.050446894049017,2.0035560485341386,0.13629978632978285,49.505506769040935,6.4709834539785698,77.833207048067749,5.9946812567692609,230.00531874323065,0.024789099195629289,972.97521090080488,972.97521090080488,1487.2163479813785,3690.783652018627,3690.783652018627,16.600000000000001
152.25,116,3.9758503191832388,37.438429141883688,18.963017221635351,1.9996253151890329,0.13618396099991689,49.449911262744095,6.4644605889523641,77.98680165047945,5.9505187068373573,230.04948129316256,0.024266806230903996,972.97573319376954,972.97573319376954,1483.559594375148,3694.4404056248582,3694.4404056248582,16.600000000000001
152.5,116,3.9805084503860928,37.493516181891081,18.875861038465089,1.9956969575121632,0.13606844377135194,49.394209966439284,6.4579224268038828,78.140241167008426,5.9067300423544262,230.0932699576455,0.023756079932006843,972.97624392006844,972.97624392006844,1479.9155106124165,3698.0844893875897,3698.0844893875897,16.600000000000001
152.75,116,3.9851878513269923,37.548684501031687,18.788978076387007,1.9917709369426138,0.13595322945043492,49.338403481248243,6.4513690407218371,78.293525235250073,5.8633118884732864,230.13668811152664,0.023256654011709829,972.97674334598867,972.97674334598867,1476.2840560531761,3701.7159439468296,3701.7159439468296,16.600000000000001
153,116,3.9898883788963126,37.603933685847842,18.7023680665,1.9878472156654792,0.13583831289847681,49.282492406691865,6.4448005037087723,78.446653494535624,5.8202609016885667,230.17973909831136,0.022768268505112196,972.97723173149529,972.97723173149529,1472.6651901471885,3705.3348098528177,3705.3348098528177,16.600000000000001
153.25,116,3.9946098911329058,37.659263322509254,18.616030739130778,1.983925756605448,0.13572368903101162,49.226477340721353,6.4382168885838063,78.599625585927811,5.7775737695482556,230.22242623045167,0.022290669615366372,972.9777093303851,972.9777093303851,1469.058872434302,3708.9411275657039,3708.9411275657039,16.600000000000001
153.5,116,3.9993522472096701,37.714672996803991,18.529965823811828,1.9800065234212716,0.13560935281689873,49.17035887974815,6.4316182679855789,78.752441152216477,5.7352472103677634,230.26475278963215,0.021823609562549404,972.97817639043797,972.97817639043797,1465.4650625447684,3712.5349374552375,3712.5349374552375,16.600000000000001
153.75,116,4.0041153074193128,37.770162294128696,18.444173049259618,1.9760894804964197,0.13549529927827567,49.114137618677276,6.4250047143740936,78.90509983791452,5.6932779729462881,230.30672202705364,0.02136684643957168,972.97863315356096,972.97863315356096,1461.8837201995368,3716.1162798004689,3716.1162798004689,16.600000000000001
154,116,4.0088989331602436,37.825730799479835,18.358652143353151,1.9721745929331971,0.13538152348980451,49.057814150936899,6.4183763000334757,79.057601289253668,5.6516628362857508,230.34833716371418,0.020920144068873943,972.97907985593167,972.97907985593167,1458.3148052105512,3719.6851947894552,3719.6851947894552,16.600000000000001
154.25,116,4.013702986922639,37.88137809744488,18.273402833112815,1.9682618265461278,0.13526802057811171,49.001389068508217,6.4117330970744932,79.209945154180431,5.6103986093120977,230.38960139068783,0.02048327186338815,972.97951672813701,972.97951672813701,1454.7582774810348,3723.2417225189711,3723.2417225189711,16.600000000000001
154.5,116,4.0185273322746546,37.937103772193723,18.188424844679492,1.9643511478553539,0.13515478572120451,48.944862961955046,6.4050751774371344,79.362131082351965,5.5694821305990239,230.43051786940089,0.020056004690938725,972.97994399530967,972.97994399530967,1451.2140970057703,3726.7859029942351,3726.7859029942351,16.600000000000001
154.75,116,4.0233718338487439,37.992907407471293,18.103717903294022,1.960442524079937,0.1350418141470183,48.888236420452991,6.3984026128951497,79.514158725131082,5.5289102680942204,230.47108973190572,0.019638122740498851,972.98036187725995,972.98036187725995,1447.6822238713971,3730.3177761286083,3730.3177761286083,16.600000000000001
155,116,4.0282363573282227,38.048788586588614,18.019281733276877,1.9565359231315762,0.13492910113351814,48.831510031818055,6.3917154750571328,79.666027735583043,5.4886799188477342,230.51132008115218,0.01922941139447364,972.98077058860599,972.98077058860599,1444.162618256654,3733.8373817433517,3733.8373817433517,16.600000000000001
155.25,116,4.0331207694339453,38.104746892414774,17.935116058008123,1.9526313136082747,0.13481664200815044,48.774684382534836,6.3850138353690609,79.817737768471758,5.4487880087427936,230.55121199125713,0.018829661103077443,972.98117033889741,972.98117033889741,1440.6552404326355,3737.3447595673701,3737.3447595673701,16.600000000000001
155.5,116,4.0380249379111106,38.160781907369476,17.851220599907752,1.9487286647880377,0.13470443214700831,48.717760057784346,6.3782977651174795,79.969288480255571,5.4092314922290159,230.59076850777089,0.018438667261374261,972.98156133273915,972.98156133273915,1437.160050763048,3740.8399492369576,3740.8399492369576,16.600000000000001
155.75,116,4.0429487315162334,38.216893213415517,17.767595080416193,1.9448279466226934,0.13459246697415322,48.660737641471385,6.371567335432351,80.120679529083432,5.3700073520578977,230.62999264794203,0.01805623008969362,972.98194376991091,972.98194376991091,1433.6770097044555,3744.32299029555,3744.32299029555,16.600000000000001
156,116,4.0478920200042987,38.27308039205046,17.684239219975147,1.9409291297309248,0.13448074196188853,48.603617716252408,6.3648226172879383,80.271910574791903,5.3311125990206394,230.66888740097929,0.01768215451632801,972.9823178454842,972.9823178454842,1430.2060778064915,3747.7939221935144,3747.7939221935144,16.600000000000001
156.25,116,4.0528546741160572,38.329343024298474,17.601152738008619,1.9370321853913348,0.13436925263106766,48.546400863563036,6.3580636815036389,80.422981278902498,5.292544271688266,230.70745572831166,0.01731625006311906,972.98268374993745,972.98268374993745,1426.747215712064,3751.2527842879413,3751.2527842879413,16.600000000000001
156.5,116,4.0578365655653643,38.385680690705357,17.518335352904444,1.9331370855380161,0.13425799454869566,48.489087663642543,6.3512905987503947,80.573891304616112,5.254299436153933,230.74570056384599,0.016958330735884295,972.98304166926459,972.98304166926459,1423.3003841576251,3754.6996158423808,3754.6996158423808,16.600000000000001
156.75,116,4.0628375670267607,38.442092971330624,17.43578678199593,1.92924380275366,0.13414696332832862,48.431678695560599,6.344503439551354,80.724640316810337,5.2163751857775802,230.78362481422235,0.01660821491557293,972.98339178508502,972.98339178508502,1419.8655439733586,3758.1344560266466,3758.1344560266466,16.600000000000001
157,116,4.0678575521231783,38.49857944574066,17.353506741543757,1.925352310263396,0.13403615462972671,48.374174537243015,6.3377022742840632,80.87522798203625,5.1787686409327858,230.82123135906716,0.01626572525269887,972.9837342747478,972.9837342747478,1416.4426560833838,3761.5573439166214,3761.5573439166214,16.600000000000001
157.25,116,4.0728963954137694,38.555139693002261,17.271494946718253,1.9214625819289572,0.13392556415831053,48.316575765496673,6.3308871731830649,81.025653968514945,5.1414769487558658,230.85852305124405,0.015930688564288024,972.98406931143631,972.98406931143631,1413.031681505953,3764.9683184940527,3764.9683184940527,16.600000000000001
157.5,116,4.0779539723817839,38.611773291678439,17.189751111581991,1.9175745922454119,0.13381518766271205,48.258882956031627,6.3240582063462503,81.175917946132216,5.1044972828972588,230.89550271710266,0.015602935732254826,972.98439706426825,972.98439706426825,1409.6325813536914,3768.367418646314,3768.367418646314,16.600000000000001
157.75,116,4.0830301594227718,38.668479819820121,17.108274949072442,1.9136883163327745,0.13370502093629927,48.201096683487997,6.3172154437333683,81.326019586437312,5.0678268432749167,230.93217315672499,0.015282301606611827,972.98471769839387,972.98471769839387,1406.245316833734,3771.7546831662712,3771.7546831662712,16.600000000000001
158,116,4.0881248338328149,38.725258854960408,17.027066170985055,1.909803729930613,0.13359505981646611,48.143217521459675,6.3103589551689483,81.475958562639448,5.0314628558299965,230.96853714416991,0.014968624909800865,972.98503137509078,972.98503137509078,1402.8698492479095,3775.1301507520957,3775.1301507520957,16.600000000000001
158.25,116,4.0932378737968875,38.782109974109183,16.946124487956592,1.9059208093929108,0.13348530018378371,48.085246042517213,6.3034888103454945,81.625734549604218,4.9954025722846955,231.00459742771523,0.014661748143327318,972.98533825185723,972.98533825185723,1399.5061399929202,3778.493860007085,3778.493860007085,16.600000000000001
158.5,116,4.0983691583773565,38.839032753747716,16.865449609448721,1.9020395316826535,0.13337573796141919,48.027182818230834,6.2966050788261496,81.775347223850446,4.9596432699022177,231.04035673009767,0.0143615174968854,972.98563848250365,972.98563848250365,1396.1541505605114,3781.845849439494,3781.845849439494,16.600000000000001
158.75,116,4.1035185675026522,38.896026769822356,16.785041243731818,1.8981598743648065,0.13326636911544593,47.969028419194714,6.289707830045681,81.924796263547748,4.9241822512489231,231.07581774875098,0.01406778275904075,972.9859322172415,972.9859322172415,1392.8138425376126,3785.1861574623927,3785.1861574623927,16.600000000000001
159,116,4.1086859819560484,38.953091597739132,16.704899097869127,1.894281815600523,0.133157189654529,47.910783415049742,6.2827971333126387,82.074081348513658,4.8890168439585517,231.11098315604136,0.013780397230597442,972.98621960276989,972.98621960276989,1389.4851776064882,3788.5148223935171,3788.5148223935171,16.600000000000001
159.25,116,4.1138712833645075,39.010226812359953,16.625022877701163,1.890405334143717,0.13304819562837253,47.852448374503425,6.2758730578138513,82.223202160209695,4.8541444004984777,231.14585559950143,0.013499217641075652,972.98650078235949,972.98650078235949,1386.168117544908,3791.831882455097,3791.831882455097,16.600000000000001
159.5,116,4.119074354187739,39.067431987997111,16.545412287830366,1.8865304093345934,0.13293938312782319,47.794023865352706,6.2689356726157914,82.372158381738927,4.8195622979381323,231.18043770206177,0.013224104066001791,972.98677589593444,972.98677589593444,1382.8626242262769,3795.1373757737283,3795.1373757737283,16.600000000000001
159.75,116,4.1242950777073411,39.124706698408559,16.466067031606016,1.8826570210941853,0.13283074828446342,47.73551045450543,6.261985046666914,82.520949697843207,4.7852679377194658,231.21473206228043,0.012954919846649652,972.98704508015396,972.98704508015396,1379.5686596197672,3798.4313403802375,3798.4313403802375,16.600000000000001
160,116,4.1295333380160848,39.182050516793346,16.386986811109416,1.8787851499191517,0.13272228727020105,47.676908708001193,6.2550212487999355,82.669575794900325,4.7512587454294541,231.24874125457043,0.012691531511613329,972.98730846848889,972.98730846848889,1376.2861857904477,3801.7138142095578,3801.7138142095578,16.600000000000001
160.25,116,4.1347890200073145,39.239463015787365,16.308171327139327,1.8749147768777501,0.13261399629678702,47.618219191030761,6.2480443477340373,82.818036360921539,4.7175321705746649,231.28246782942523,0.012433808699554176,972.98756619130097,972.98756619130097,1373.015164899401,3804.984835100604,3804.984835100604,16.600000000000001
160.5,116,4.1400620093644687,39.296943767458956,16.229620279197675,1.8710458836030899,0.1325058716155614,47.559442467957901,6.2410544120771547,82.966331085548831,4.6840856863577898,231.31591431364214,0.012181624085695245,972.9878183759148,972.9878183759148,1369.7555592038429,3808.2444407961625,3808.2444407961625,16.600000000000001
160.75,116,4.14535219255073,39.354492343304962,16.151333365475505,1.8671784522882899,0.13239790951707353,47.500579102338925,6.2340515103281406,83.114459660052276,4.65091678945622,231.34908321054371,0.011934853308909733,972.98806514669161,972.98806514669161,1366.5073310572304,3811.4926689427748,3811.4926689427748,16.600000000000001
161,116,4.1506594567987873,39.41210831424673,16.073310282839216,1.863312465681497,0.13229010633073526,47.441629656942226,6.227035710878881,83.26242177732766,4.6180229998025855,231.38197700019731,0.011693374900734266,972.98830662509977,972.98830662509977,1363.2704429093656,3814.7295570906394,3814.7295570906394,16.600000000000001
161.25,116,4.1559836901007285,39.4697912506265,15.995550726817008,1.859447907080829,0.13218245842449711,47.382594693767416,6.2200070820163882,83.410217131894072,4.5854018603672833,231.4145981396326,0.011457070216222229,972.98854292978433,972.98854292978433,1360.0448573064909,3817.9551426935141,3817.9551426935141,16.600000000000001
161.5,116,4.1613247811979805,39.527540722204783,15.918054391585695,1.8555847603295181,0.13207496220359077,47.323474774064096,6.2129656919269909,83.557845419890299,4.5530509369430208,231.44694906305688,0.011225823365852393,972.98877417663459,972.98877417663459,1356.8305368914109,3821.1694631085943,3821.1694631085943,16.600000000000001
161.75,116,4.1666826195714473,39.585356298156867,15.84082096995766,1.8517230098109381,0.13196761411037833,47.264270458350346,6.2059116086980168,83.705306339072862,4.5209678179312096,231.47903218206869,0.01099952114987551,972.98900047885058,972.98900047885058,1353.6274444035716,3824.3725555964334,3824.3725555964334,16.600000000000001
162,116,4.1720570954317635,39.643237547069013,15.763850153368072,1.847862640443634,0.13186041062453943,47.20498230643102,6.1988449003187025,83.852599588814243,4.4891501141302772,231.51084988586965,0.010778052994528038,972.98922194700594,972.98922194700594,1350.4355426791274,3827.5644573208779,3827.5644573208779,16.600000000000001
162.25,116,4.1774480997096202,39.701184036936041,15.687141631862414,1.8440036376765696,0.13175334826223276,47.145610877415514,6.19176563468341,83.999724870100067,4.4575954585259518,231.54240454147396,0.010561310889128487,972.98943868911124,972.98943868911124,1347.2547946510315,3830.7452053489737,3830.7452053489737,16.600000000000001
162.5,116,4.1828555240462126,39.759195335158637,15.610695094084237,1.8401459874843793,0.13164642357559933,47.086156729735144,6.1846738795940652,84.146681885526789,4.4263015060834183,231.57369849391648,0.010349189324975864,972.98965081067547,972.98965081067547,1344.0851633491134,3833.9148366508921,3833.9148366508921,16.600000000000001
162.75,116,4.1882792607838208,39.817271008540388,15.534510227263128,1.8362896763622831,0.13153963315274309,47.026620421160722,6.1775697027615584,84.293470339299759,4.3952659335413546,231.60473406645855,0.010141585235574102,972.98985841476485,972.98985841476485,1340.9266119001345,3837.0733880998705,3837.0733880998705,16.600000000000001
163,116,4.1937192029565651,39.875410623283578,15.458586717202877,1.832434691320082,0.13143297361892367,46.967002508820812,6.1704531718045432,84.440089937232969,4.3644864392078349,231.63551356079205,0.0099383979378739815,972.9900616020625,972.9900616020625,1337.7791035278121,3840.2208964721931,3840.2208964721931,16.600000000000001
163.25,116,4.1991752442810952,39.933613744989287,15.38292424827009,1.8285810198791048,0.13132644163407481,46.907303549216408,6.1633243542561003,84.586540386744417,4.3339607427580829,231.66603925724181,0.0097395290763241209,972.99026047092411,972.99026047092411,1334.6426015529303,3843.3573984470754,3843.3573984470754,16.600000000000001
163.5,116,4.2046472791475145,39.991879938654421,15.307522503382895,1.8247286500669269,0.13122003389318324,46.847524098237919,6.1561833175642571,84.732821396855016,4.3036865850340567,231.69631341496583,0.0095448825672600265,972.99045511743304,972.99045511743304,1331.5170693933744,3846.4829306066308,3846.4829306066308,16.600000000000001
163.75,116,4.2101352026104024,40.05020876866957,15.23238116399992,1.820877570412518,0.13111374712616863,46.7876647111813,6.1490301290935747,84.878932678186715,4.2736617278458615,231.72633827215401,0.0093543645448554529,972.99064563545551,972.99064563545551,1328.4024705641727,3849.5975294358327,3849.5975294358327,16.600000000000001
164,116,4.2156389103799219,40.108599798817082,15.157499910109511,1.8170277699415276,0.13100757809765462,46.727725942763776,6.1418648561269515,85.024873942960781,4.2438839537749615,231.75611604622492,0.0091678833084304964,972.99083211669188,972.99083211669188,1325.2987686775343,3852.7012313224704,3852.7012313224704,16.600000000000001
164.25,116,4.2211582988129663,40.167052592271077,15.08287842021932,1.8131792381734571,0.130901523605119,46.667708347137342,6.1346875658707534,85.170644904994219,4.2143510659792396,231.78564893402063,0.0089853492704991735,972.99101465072977,972.99101465072977,1322.205927442928,3855.7940725570766,3855.7940725570766,16.600000000000001
164.5,116,4.2266932649045197,40.225566711595,15.008516371345939,1.8093319651160635,0.13079558047952236,46.607612477904851,6.1274983254548303,85.31624527969899,4.1850608879997448,231.8149391120001,0.0088066749069194532,972.99119332509338,972.99119332509338,1319.1239106670866,3858.8760893329181,3858.8760893329181,16.600000000000001
164.75,116,4.2322437062791085,40.284141718739704,14.93441343900486,1.8054859412603093,0.13068974558550336,46.547438888135346,6.1202972019333997,85.46167478408077,4.1560112635692397,231.84398873643065,0.0086317747081289271,972.99136822529226,972.99136822529226,1316.0526822540253,3861.9473177459795,3861.9473177459795,16.600000000000001
165,116,4.2378095211823004,40.342777175042876,14.860569297200707,1.8016411575765183,0.13058401582054627,46.487188130377717,6.1130842622880479,85.606933136736657,4.1272000564225033,231.87279994357738,0.0084605651312368753,972.9915394348692,972.9915394348692,1312.9922062050771,3865.0077937949277,3865.0077937949277,16.600000000000001
165.25,116,4.2433906084723239,40.401472641228253,14.786983618417683,1.7977976055100939,0.13047838811458165,46.426860756674721,6.1058595734298109,85.752020057853315,4.0986251501083704,231.90137484989148,0.0082929645534435791,972.99170703544689,972.99170703544689,1309.9424466189143,3868.0575533810907,3868.0575533810907,16.600000000000001
165.5,116,4.2489868676118041,40.460227677404404,14.713656073610228,1.7939552769766449,0.13037285942994045,46.366457318577169,6.0986232022005709,85.896935269205642,4.0702844478034912,231.92971555219637,0.0081288932264074795,972.99187110677394,972.99187110677394,1306.9033676915562,3871.0966323084485,3871.0966323084485,16.600000000000001
165.75,116,4.2545981986596155,40.519041843063476,14.640586332193939,1.7901141643564999,0.13026742676167211,46.305978367158687,6.0913752153737422,86.041678494155647,4.042175872127812,231.95782412787207,0.0079682732315280204,972.99203172676891,972.99203172676891,1303.8749337163692,3874.1250662836351,3874.1250662836351,16.600000000000001
166,116,4.2602245022627523,40.577914697081972,14.567774062036758,1.7862742604923507,0.13016208713611413,46.245424453026764,6.0841156796583,86.186249457649907,4.0142973649616946,231.98570263503819,0.0078110284372561751,972.99218897156311,972.99218897156311,1300.8571090840942,3877.1428909159104,3877.1428909159104,16.600000000000001
166.25,116,4.2658656796483658,40.636845797719907,14.49521892945037,1.782435558684218,0.13005683761098957,46.184796126336472,6.0768446616998624,86.330647886218287,3.9866468872647665,232.01335311273513,0.0076570844566442578,972.99234291554376,972.99234291554376,1297.8498582828413,3880.150141717163,3880.150141717163,16.600000000000001
166.5,116,4.2715216326158858,40.695834702620708,14.42292059918182,1.7785980526850949,0.12995167527513865,46.124093936803128,6.0695622280824679,86.474873507972532,3.9592224188964082,232.04077758110347,0.0075063686061306832,972.99249363139427,972.99249363139427,1294.853145898089,3883.1468541019158,3883.1468541019158,16.600000000000001
166.75,116,4.2771922635292237,40.754880968811122,14.350878734405393,1.7747617366966926,0.12984659724824238,46.063318433714684,6.062268445330333,86.618926052604849,3.9320219584379061,232.06797804156199,0.0073588098653232297,972.99264119013503,972.99264119013503,1291.8669366126744,3886.1330633873308,3886.1330633873308,16.600000000000001
167,116,4.2828774753090961,40.813984152701202,14.279092996714684,1.77092660536598,0.12974160068071208,46.002470165942974,6.0549633799090037,86.762805251386837,3.9050435230162277,232.09495647698367,0.0072143388373265152,972.992785661163,972.992785661163,1288.8911952067767,3889.1088047932285,3889.1088047932285,16.600000000000001
167.25,116,4.2885771714254108,40.873143810084741,14.207563046114947,1.7670926537803717,0.12963668275331361,45.941549681956126,6.0476470982274817,86.906510837167957,3.8782851481294243,232.12171485187045,0.0070728877108111729,972.99292711228964,972.99292711228964,1285.9258865579061,3892.0741134420991,3892.0741134420991,16.600000000000001
167.5,116,4.2942912558897648,40.932359496139654,14.136288541015649,1.7632598774635118,0.12953184067692122,45.880557529830106,6.0403196666398937,87.050042544374108,3.8517448874736511,232.14825511252621,0.0069343902226941673,972.99306560977766,972.99306560977766,1282.9709756408879,3895.0290243591171,3895.0290243591171,16.600000000000001
167.75,116,4.3000196332480281,40.99163076542856,14.065269138223265,1.7594282723713242,0.12942707169233639,45.81949425725972,6.0329811514469158,87.193400109006646,3.8254208127717702,232.17457918722812,0.0067987816215962452,972.99320121837877,972.99320121837877,1280.0264275278334,3897.9735724721718,3897.9735724721718,16.600000000000001
168,116,4.3057622085730225,41.05095717189937,13.994504492934292,1.7555978348879393,0.12932237307009389,45.758360411569534,6.025631618897255,87.336583268641078,3.7993110136035404,232.20068898639636,0.0066659986322794955,972.993334001368,972.993334001368,1277.0922073881138,3900.9077926118912,3900.9077926118912,16.600000000000001
168.25,116,4.3115188874572583,41.110338268886899,13.923994258728513,1.7517685618217913,0.12921774210969536,45.697156539724318,6.0182711351904556,87.479591762425429,3.7734135972373988,232.22658640276251,0.0065359794207518864,972.99346402057949,972.99346402057949,1274.1682804883444,3903.8317195116606,3903.8317195116606,16.600000000000001
168.5,116,4.317289576005753,41.169773609114408,13.853738087562533,1.7479404504017575,0.1291131761388323,45.635883188339207,6.0108997664797084,87.622425331078162,3.7477266884638052,232.25227331153607,0.0064086635602141539,972.99359133644009,972.99359133644009,1271.2546121923651,3906.7453878076399,3906.7453878076399,16.600000000000001
168.75,116,4.3230741808290398,41.229262744693649,13.783735629763385,1.7441134982729294,0.1290086725142513,45.574540903690085,6.0035175788708175,87.765083716888739,3.7222484294300409,232.27775157056985,0.0062839919984034251,972.99371600800191,972.99371600800191,1268.3511679611713,3909.6488320388339,3909.6488320388339,16.600000000000001
169,116,4.3288726090361642,41.288805227126865,13.713986534022506,1.7402877034928343,0.12890422862092871,45.513130231723167,5.9961246384250835,87.90756666371567,3.6969769794766285,232.30302302052326,0.0061619070251612874,972.99383809297512,972.99383809297512,1265.4579133528885,3912.5420866471168,3912.5420866471168,16.600000000000001
169.25,116,4.3346847682277847,41.348400607308442,13.6444904473899,1.7364630645275814,0.12879984187170238,45.451651718064447,5.9887210111611129,88.049873916985447,3.6719105149752385,232.32808948502466,0.0060423522409534698,972.99395764775932,972.99395764775932,1262.5748140227315,3915.4251859772739,3915.4251859772739,16.600000000000001
169.5,116,4.3405105664893826,41.408048435526567,13.575247015268504,1.7326395802479251,0.12869550970706342,45.390105908029021,5.9813067630562475,88.192005223691453,3.6470472291680949,232.35295277083179,0.0059252725261230111,972.99407472747419,972.99407472747419,1259.7018357229558,3918.2981642770496,3918.2981642770496,16.600000000000001
169.75,116,4.3463499123846141,41.467748261463392,13.506255881408705,1.7288172499243328,0.12859122959642288,45.328493346631198,5.9738819600446869,88.333960332394852,3.6223853320088586,232.37761466799103,0.0058106140105682359,972.99418938598967,972.99418938598967,1256.8389443027656,3921.1610556972396,3921.1610556972396,16.600000000000001
170,116,4.3522027149486071,41.527499634198669,13.437516687903246,1.7249960732241894,0.12848699903633332,45.266814578592161,5.9664466680223907,88.475738993221896,3.5979230500050208,232.40207694999486,0.0056983240448148899,972.9943016759554,972.9943016759554,1253.9861057082992,3924.013894291706,3924.013894291706,16.600000000000001
170.25,116,4.358068883681419,41.587302102211758,13.369029075182244,1.7211760502078206,0.1283828155504442,45.205070148348518,5.9590009528480934,88.617340957863092,3.5736586260617464,232.42634137393813,0.0055883511714239923,972.99441164882887,972.99441164882887,1251.1432859825682,3926.8567140174373,3926.8567140174373,16.600000000000001
170.5,116,4.3639483285415874,41.647155213383449,13.300792682008444,1.7173571813244626,0.12827867668957235,45.143260600060877,5.9515448803440556,88.7587659795728,3.5495903193271645,232.45040968067269,0.0054806450970733842,972.99451935490322,972.99451935490322,1248.3104512653858,3929.6895487346192,3929.6895487346192,16.600000000000001
170.75,116,4.3698409599397463,41.707058514998387,13.232807145472689,1.7135394674083828,0.12817458003157992,45.081386477621869,5.9440785162972203,88.900013813168471,3.5257164050390992,232.47428359496078,0.0053751566653655143,972.99462484333492,972.99462484333492,1245.4875677933019,3932.5124322067031,3932.5124322067031,16.600000000000001
171,116,4.3757466887322876,41.767011553748375,13.16507210098964,1.7097229096759321,0.1280705231803638,45.019448324663003,5.9366019264622558,89.041084215029016,3.5020351743732472,232.49796482562661,0.0052718378300950931,972.99472816217019,972.99472816217019,1242.6746018995523,3935.3253981004527,3935.3253981004527,16.600000000000001
171.25,116,4.3816654262151262,41.827013875735354,13.097587182293715,1.7059075097219816,0.12796650376548335,44.957446684562022,5.9291151765632231,89.181976943093787,3.4785449342927626,232.5214550657071,0.0051706416292993645,972.99482935837091,972.99482935837091,1239.8715200139952,3938.12847998601,3938.12847998601,16.600000000000001
171.5,116,4.3875970841176084,41.887065026472982,13.03035202143514,1.7020932695151381,0.12786251944302418,44.895382100451208,5.9216183322925513,89.322691756863151,3.455244007399211,232.54475599260064,0.0050715221602091291,972.99492847784006,972.99492847784006,1237.0782886630066,3940.9217113369987,3940.9217113369987,16.600000000000001
171.75,116,4.3935415745964228,41.947164550890307,12.963366248776319,1.6982801913946615,0.12775856789481255,44.833255115223757,5.9141114593135518,89.463228417397119,3.4321307317849512,232.56786926821491,0.004974434554448454,972.99502556544576,972.99502556544576,1234.2948744694193,3943.7051255305864,3943.7051255305864,16.600000000000001
172,116,4.3994988102296029,42.007311993334937,12.896629492988406,1.6944682780668925,0.12765464682814354,44.771066271540384,5.906594623261797,89.603586687314603,3.4092034608868889,232.59079653911297,0.00487933495394848,972.99512066504633,972.99512066504633,1231.5212441524434,3946.4787558475618,3946.4787558475618,16.600000000000001
172.25,116,4.4054687040106186,42.067506897576287,12.830141381048042,1.6906575326015252,0.12755075397560819,44.708816111835922,5.8990678897462985,89.743766330792823,3.3864605633415912,232.61353943665827,0.0047861804873990501,972.99521381951286,972.99521381951286,1228.7573645275841,3949.2426354724216,3949.2426354724216,16.600000000000001
172.5,116,4.4114511693425627,42.127748806808377,12.763901538234332,1.686847958426998,0.12744688709542865,44.646505178326592,5.8915313243496774,89.883767113567188,3.3639004228417657,232.63609957715809,0.0046949292470519939,972.99530507075326,972.99530507075326,1226.0032025065439,3951.9967974934616,3951.9967974934616,16.600000000000001
172.75,116,4.4174461200323609,42.188037263654202,12.697909588126041,1.683039559328124,0.12734304397054311,44.584134013014733,5.8839849926307508,90.023588802930021,3.3415214379940674,232.6584785620058,0.0046055402666051251,972.99539445973369,972.99539445973369,1223.2587250971494,3954.7412749028563,3954.7412749028563,16.600000000000001
173,116,4.4234534702850921,42.248371810169253,12.632165152598995,1.6792323394422453,0.12723922240853117,44.521703157694837,5.8764289601254589,90.163231167730132,3.3193220221782451,232.6806779778216,0.0045179734992722258,972.99548202650101,972.99548202650101,1220.5238994032579,3957.476100596748,3957.476100596748,16.600000000000001
173.25,116,4.4294731346983776,42.308751987845326,12.566667851823683,1.6754263032555519,0.12713542024145535,44.459213153959254,5.8688632923479549,90.302693978372304,3.2973006034076104,232.70269939659227,0.0044321897964169823,972.99556781020385,972.99556781020385,1217.7986926246626,3960.2013073753428,3960.2013073753428,16.600000000000001
173.5,116,4.4355050282568413,42.369177337614481,12.501417304263063,1.6716214555995115,0.12703163532564876,44.396664543203478,5.861288054791765,90.441977006816757,3.2754556241908062,232.72454437580907,0.0043481508867261329,972.99565184911364,972.99565184911364,1215.0830720569968,3962.916927943008,3962.916927943008,16.600000000000001
173.75,116,4.4415490663266572,42.429647399852939,12.436413126670578,1.6678178016476941,0.12692786554173605,44.334057866630928,5.8537033129302447,90.581080026579031,3.25378554139487,232.74621445860501,0.0042658193556986187,972.9957341806446,972.9957341806446,1212.3770050916269,3965.6229949083781,3965.6229949083781,16.600000000000001
174,116,4.4476051646501595,42.490161714385316,12.371654934088362,1.6640153469121604,0.12682410879439382,44.271393665257925,5.8461091322178023,90.720002812729575,3.2322888261095821,232.76771117389026,0.0041851586258445147,972.99581484137445,972.99581484137445,1209.6804592155506,3968.3195407844546,3968.3195407844546,16.600000000000001
174.25,116,4.4536732393405041,42.550719820489199,12.307142339845681,1.660214097239735,0.12672036301203995,44.208672479918484,5.8385055780913282,90.858745141892939,3.2109639635131049,232.78903603648675,0.0041061329374293331,972.99589386706282,972.99589386706282,1206.9934020112996,3971.0065979887054,3971.0065979887054,16.600000000000001
174.5,116,4.4597532068764281,42.611321256899444,12.242874955557562,1.6564140588086975,0.12661662614677835,44.145894851268608,5.8308927159708421,90.997306792247727,3.1898094527388636,232.81019054726099,0.0040287073294856465,972.99597129267079,972.99597129267079,1204.3158011568275,3973.6841988431775,3973.6841988431775,16.600000000000001
174.75,116,4.4658449840970773,42.671965561812783,12.178852391123614,1.6526152381253454,0.12651289617427161,44.083061319790481,5.8232706112603463,91.13568754352616,3.1688238067436831,232.83117619325617,0.0039528476213522672,972.99604715237888,972.99604715237888,1201.6476244253977,3976.3523755746073,3976.3523755746073,16.600000000000001
175,116,4.4719484881968752,42.732652272892786,12.115074254727062,1.6488176420206404,0.12640917109337099,44.020172425796282,5.8156393293492528,91.273887177013606,3.1480055521771728,232.85199444782268,0.0038785203946057624,972.99612147960579,972.99612147960579,1198.9888396854783,3979.0111603145269,3979.0111603145269,16.600000000000001
175.25,116,4.4780636367204343,42.793380927275663,12.051540152834038,1.6450212776470265,0.12630544892512746,43.95722870943171,5.8079989356153057,91.411905475546988,3.1273532292523583,232.87264677074751,0.003805692975297393,972.99619430702501,972.99619430702501,1196.3394149006519,3981.6605850993533,3981.6605850993533,16.600000000000001
175.5,116,4.4841903475576474,42.854151061574072,11.988249690192935,1.6412261524748095,0.12620172771369392,43.894230710679743,5.800349495422858,91.549742223516162,3.1068653916174727,232.89313460838238,0.0037343334170013647,972.99626566658333,972.99626566658333,1193.6993181294667,3984.3006818705385,3984.3006818705385,16.600000000000001
175.75,116,4.4903285389387557,42.914962211882724,11.925202469834067,1.6374322742889198,0.12609800552575787,43.831178969363798,5.7926910741247255,91.68739720686294,3.0865406062290024,232.91345939377084,0.0036644104839753454,972.99633558951643,972.99633558951643,1191.0685175253286,3986.9314824746766,3986.9314824746766,16.600000000000001
176,116,4.4964781294294971,42.975813913783838,11.862398093069501,1.633639651185633,0.12599428045023311,43.768074025150753,5.7850237370633861,91.8248702130807,3.0663774532259187,232.93362254677393,0.0035958936347796726,972.99640410636562,972.99640410636562,1188.4469813363855,3989.5530186636197,3989.5530186636197,16.600000000000001
176.25,116,4.5026390379263308,43.036705702352585,11.799836159493079,1.6298482915692882,0.12589055059802015,43.704916417553747,5.7773475495719895,91.96216103121408,3.046374525805092,232.95362547419478,0.0035287530062958062,972.99647124699413,972.99647124699413,1185.834677905405,3992.1653220946,3992.1653220946,16.600000000000001
176.5,116,4.5088111836517832,43.097637112161358,11.737516266980574,1.6260582041482838,0.12578681410297946,43.641706685935567,5.7696625769725065,92.099269451860295,3.026530430097857,232.97346956990202,0.0034629593979466928,972.99653704060245,972.99653704060245,1183.2315756696173,3994.7684243303879,3994.7684243303879,16.600000000000001
176.75,116,4.5149944861497664,43.158607677286376,11.675438011690142,1.6222693979322915,0.12568306912092878,43.578445369510597,5.7619688845785006,92.236195267167744,3.0068437850477827,232.99315621495208,0.0033984842565839449,972.99660151574381,972.99660151574381,1180.6376431606113,3997.3623568393937,3997.3623568393937,16.600000000000001
177,116,4.5211888652809655,43.219616931313929,11.613600988062945,1.618481882229214,0.12557931382908197,43.515133007346776,5.7542665376968349,92.372938270835348,2.9873132222895911,233.01268677771026,0.0033352996616749122,972.99666470033878,972.99666470033878,1178.052849004217,3999.947150995788,3999.947150995788,16.600000000000001
177.25,116,4.5273942412183521,43.280664407345817,11.552004788823925,1.6146956666417009,0.12547554642624612,43.451770138367849,5.7465556016275929,92.509498258112885,2.9679373860291971,233.03206261397065,0.0032733783107347283,972.99672662168973,972.99672662168973,1175.4771619203623,4002.522838079643,4002.522838079643,16.600000000000001
177.5,116,4.5336105344427224,43.341749638005417,11.490649004982787,1.6109107610638864,0.12537176513267259,43.388357301355263,5.7388361416647831,92.645875025800805,2.9487149329248932,233.05128506707499,0.0032126935051599928,972.99678730649521,972.99678730649521,1172.9105507229406,4005.0894492770649,4005.0894492770649,16.600000000000001
177.75,116,4.5398376657383084,43.402872155443795,11.429533225835169,1.6071271756781498,0.12526796818990887,43.324895034949797,5.7311082230970332,92.782068372250151,2.9296445319696551,233.07035546803021,0.0031532191363960764,972.99684678086419,972.99684678086419,1170.3529843196739,4007.6470156803316,4007.6470156803316,16.600000000000001
178,116,4.5460755561884412,43.464031491346212,11.368657038964011,1.6033449209523425,0.12516415386044014,43.26138387765252,5.7233719112086403,92.918078097362255,2.9107248643745574,233.08927513562531,0.0030949296721224507,972.99690507032835,972.99690507032835,1167.80443171198,4010.1955682880252,4010.1955682880252,16.600000000000001
178.25,116,4.5523241271712829,43.525227176938316,11.308020030241101,1.5995640076363009,0.12506032042768217,43.197824367826371,5.7156272712799607,93.05390400258878,2.8919546234532931,233.10804537654658,0.0030378001432641816,972.99696219985731,972.99696219985731,1165.2648619948297,4012.7351380051755,4012.7351380051755,16.600000000000001
178.5,116,4.5585833003556289,43.58645874299259,11.247621783828796,1.5957844467585305,0.12495646619590584,43.134217043697305,5.7078743685878894,93.189545890931782,2.8733325145077955,233.12666748549208,0.0029818061312126315,972.99701819386928,972.99701819386928,1162.7342443566044,4015.265755643401,4015.265755643401,16.600000000000001
178.75,116,4.5648529976967556,43.647725719835002,11.187461882181955,1.5920062496231937,0.12485258949002839,43.07056244335498,5.7001132684065761,93.325003566943479,2.8548572547149318,233.14514274528491,0.0029269237551547817,972.99707307624533,972.99707307624533,1160.212548078953,4017.7874519210523,4017.7874519210523,16.600000000000001
179,116,4.5711331414323366,43.709027637351767,11.12753990605003,1.5882294278069828,0.12474868865547242,43.006861104753405,5.6923440360079862,93.460276836726337,2.8365275730142687,233.16347242698558,0.0028731296597950748,972.99712687034071,972.99712687034071,1157.6997425366478,4020.300257463357,4020.300257463357,16.600000000000001
179.25,116,4.5774236540784061,43.770364024996148,11.067855434479359,1.5844539931560073,0.12464476205802065,42.943113565711386,5.6845667366624637,93.595365507932982,2.8183422099969104,233.18165779000296,0.0028204010033663963,972.99717959899715,972.99717959899715,1155.1957971974366,4022.8042028025684,4022.8042028025684,16.600000000000001
179.5,116,4.5837244584253716,43.831734411795829,11.008408044815647,1.5806799577825021,0.12454080808335233,42.879320363912917,5.6767814356401463,93.730269389765652,2.8002999177953889,233.19970008220446,0.0027687154457300429,972.9972312845548,972.9972312845548,1152.7006816219071,4025.2993183780982,4025.2993183780982,16.600000000000001
179.75,116,4.5900354775341166,43.893138326359718,10.949197312706598,1.5769073340618609,0.12443682513708654,42.815482036907177,5.668988198210962,93.864988292976534,2.7823994599745911,233.21760054002527,0.0027180511370681185,972.99728194886336,972.99728194886336,1150.2143654633278,4027.7856345366777,4027.7856345366777,16.600000000000001
180,116,4.5963566347321461,43.95457529688511,10.890222812104742,1.5731361346296273,0.12433281164472232,42.751599122108352,5.6611870896448933,93.999522029867862,2.7646396114237217,233.23536038857614,0.0026683867067863049,972.9973316132938,972.9973316132938,1147.7368184674956,4030.2631815325094,4030.2631815325094,16.600000000000001
180.25,116,4.6026878536097806,44.016044851165056,10.831484115270449,1.56936637237837,0.12422876605136693,42.687672156795387,5.6533781752128132,94.13387041429182,2.7470191582492958,233.25298084175054,0.0026197012525545388,972.99738029874788,972.99738029874788,1145.268010472586,4032.7319895274195,4032.7319895274195,16.600000000000001
180.5,116,4.6090290580164162,44.077546516595866,10.772980792775106,1.5655980604546289,0.12412468682155346,42.623701678111495,5.6455615201870399,94.268033261650388,2.7295368976691461,233.27046310233072,0.0025719743296664199,972.99742802567084,972.99742802567084,1142.8079114089983,4035.1920885910067,4035.1920885910067,16.600000000000001
180.75,116,4.6153801720568302,44.139079820184655,10.714712413504481,1.5618312122558775,0.12402057243906867,42.559688223063525,5.6377371898418618,94.402010388895391,2.7121916379074351,233.28780836209242,0.0025251859406480457,972.99747481405984,972.99747481405984,1140.3564912992028,4037.6435087008026,4037.6435087008026,16.600000000000001
181,116,4.6217411200875897,44.200644288556212,10.656678544662222,1.5580658414274087,0.1239164214074782,42.495632328521268,5.6299052494522472,94.535801614529575,2.6949821980906359,233.3050178019092,0.0024793165248932895,972.99752068347561,972.99752068347561,1137.9137202575603,4040.0862797424452,4040.0862797424452,16.600000000000001
181.25,116,4.6281118267134529,44.262239447961221,10.598878751773585,1.5543019618593679,0.12381223224955475,42.431534531216357,5.622065764295348,94.669406758606002,2.6779074081445455,233.32209259185532,0.0024343469488887111,972.99756565305154,972.99756565305154,1135.4795684901767,4042.520431509829,4042.520431509829,16.600000000000001
181.5,116,4.6344922167838281,44.323864824284371,10.541312598689316,1.5505395876837733,0.12370800350691571,42.367395367741068,5.6142187996514616,94.802825642727669,2.6609661086922731,233.33903389130759,0.0023902584966093133,972.99760974150388,972.99760974150388,1133.0540062947496,4044.9459937052561,4044.9459937052561,16.600000000000001
181.75,116,4.6408822153893254,44.385519943051975,10.483979647589708,1.5467787332714888,0.12360373374013492,42.30321537454703,5.606364420803744,94.936058090048093,2.6441571509531694,233.35584284904667,0.0023470328599965165,972.99765296714054,972.99765296714054,1130.6370040603981,4047.3629959396076,4047.3629959396076,16.600000000000001
182,116,4.6472817478583401,44.447204329439998,10.426879458988795,1.5430194132292336,0.1234994215286557,42.238995087943728,5.5985026930384203,95.069103925271378,2.6274793966427388,233.37252060335712,0.0023046521297270068,972.99769534787072,972.99769534787072,1128.2285322674982,4049.7714677325075,4049.7714677325075,16.600000000000001
182.25,116,4.6536907397536948,44.508917508282167,10.370011591738759,1.5392616423966079,0.12339506547069785,42.174735044096792,5.5906336816449933,95.201962974652361,2.6109317178734899,233.38906828212637,0.002263098786197508,972.99773690121424,972.99773690121424,1125.828561487516,4052.1714385124897,4052.1714385124897,16.600000000000001
182.5,116,4.6601091168692772,44.570659004079019,10.31337560303451,1.5355054358434346,0.12329066418235528,42.11043577902587,5.5827574519184529,95.334635065995585,2.5945129970567482,233.40548700294312,0.0022223556905640734,972.99777764430985,972.99777764430985,1123.4370623828647,4054.562937617141,4054.562937617141,16.600000000000001
182.75,116,4.6665368052268175,44.632428341005756,10.256971048418395,1.5317508088666383,0.12318621629797043,42.046097828602768,5.5748740691582768,95.467120028656154,2.5782221268053842,233.42177787319449,0.002182406076238359,972.9978175939242,972.9978175939242,1121.0540057067224,4056.9459942932831,4056.9459942932831,16.600000000000001
183,116,4.6729737310726946,44.694225042920323,10.200797481785065,1.5279977769872217,0.12308172047028948,41.981721728549431,5.566983598667961,95.599417693540232,2.5620580098374726,233.43794199016239,0.0021432335405445918,972.9978567664599,972.9978567664599,1118.6793623028534,4059.3206376971521,4059.3206376971521,16.600000000000001
183.25,116,4.6794198208747666,44.756048633372274,10.144854455386549,1.5242463559474628,0.12297717537005566,41.917308014435392,5.5590861057559389,95.731527893104811,2.5460195588808734,233.453980441119,0.0021048220364663093,972.99789517796398,972.99789517796398,1116.3131031054477,4061.6868968945582,4061.6868968945582,16.600000000000001
183.5,116,4.6858750013192543,44.817898635611485,10.089141519837463,1.5204965617080402,0.12287257968584434,41.852857221675329,5.5511816557358715,95.863450461357658,2.5301056965787208,233.46989430342114,0.0020671558646356545,972.99793284413579,972.99793284413579,1113.9551991389492,4064.0448008610565,4064.0448008610565,16.600000000000001
183.75,116,4.6923391993076899,44.879774572596851,10.033658224120407,1.5167484104451625,0.12276793212390331,41.78836988552635,5.5432703139269144,95.99518523385747,2.5143153553958117,233.48568464460405,0.0020302196655094971,972.99796978033487,972.99796978033487,1111.6056215178867,4066.394378482119,4066.394378482119,16.600000000000001
184,116,4.6988123419539347,44.941675967004585,9.9784041155914522,1.5130019185473136,0.12266323140859102,41.723846541085535,5.5353521456525208,96.126732047714796,2.4986474775258638,233.50135252247401,0.0019939984115881653,972.99800600158881,972.99800600158881,1109.2643414466813,4068.7356585533248,4068.7356585533248,16.600000000000001
184.25,116,4.7052943565812022,45.00360234123746,9.9233787399858748,1.5092571026126298,0.12255847628188056,41.659287723286788,5.5274272162414828,96.258090741591559,2.483101014799693,233.51689898520019,0.0019584774000347628,972.99804152260037,972.99804152260037,1106.9313302194837,4071.0686697805222,4071.0686697805222,16.600000000000001
184.5,116,4.7117851707191365,45.065553217434157,9.8685816414240186,1.5055139794461931,0.12245366550301121,41.594693966897459,5.519495591028595,96.389261155700936,2.4676749285942616,233.53232507140564,0.0019236422454357092,972.99807635775494,972.99807635775494,1104.6065592200059,4073.3934407799998,4073.3934407799998,16.600000000000001
184.75,116,4.7182847121009575,45.127528117478086,9.8140123624172961,1.501772566057048,0.12234879784856501,41.530065806515303,5.5115573353542766,96.520243131807732,2.4523681897425771,233.54763181025729,0.0018894788726333989,972.99811052112773,972.99811052112773,1102.2899999213355,4075.7100000786704,4075.7100000786704,16.600000000000001
185,116,4.7247929086606497,45.189526563006588,9.7596704438743629,1.4980328796553515,0.12224387211236162,41.465403776565005,5.5036125145646215,96.651036513228505,2.43717977844446,233.5628202215554,0.0018559735097706874,972.99814402649065,972.99814402649065,1099.9816238857597,4078.0183761142457,4078.0183761142457,16.600000000000001
185.25,116,4.731309688530196,45.251548075420217,9.705555425107427,1.494294937649534,0.12213888710535561,41.400708411294666,5.495661194011416,96.781641144831823,2.4221086841781583,233.57789131582172,0.0018231126814970018,972.99817688731889,972.99817688731889,1097.6814027645855,4080.3185972354208,4080.3185972354208,16.600000000000001
185.5,116,4.7378349800368422,45.313592175892204,9.6516668438387505,1.4905587576438044,0.12203384165537848,41.33598024477174,5.4877034390524155,96.912056873038125,2.4071539056127964,233.59284609438708,0.0017908832022047786,972.99820911679831,972.99820911679831,1095.3893082979605,4082.6106917020452,4082.6106917020452,16.600000000000001
185.75,116,4.7443687117004369,45.375658385377847,9.5980042362072524,1.4868243574351507,0.12192873460713002,41.271219810879401,5.4797393150511535,97.042283545820126,2.3923144505216793,233.60768554947819,0.0017592721696208147,972.99824072783088,972.99824072783088,1093.1053123146917,4084.8946876853147,4084.8946876853147,16.600000000000001
186,116,4.7509108122307975,45.437746224623957,9.5445671367753029,1.4830917550104294,0.12182356482213835,41.206427643312637,5.4717688873767951,97.172321012702909,2.3775893356964199,233.62241066430343,0.0017282669585212749,972.99827173304186,972.99827173304186,1090.8293867320599,4087.1706132679465,4087.1706132679465,16.600000000000001
186.25,116,4.7574612105251344,45.499855214178517,9.4913550785356442,1.4793609685437021,0.12171833117860903,41.141604275574004,5.4637922214041552,97.302169124764106,2.3629775868618785,233.637022413138,0.0016978552145021774,972.99830214478584,972.99830214478584,1088.5615035556382,4089.438496444368,4089.438496444368,16.600000000000001
186.5,116,4.7640198356655041,45.561984874400331,9.4383675929184676,1.4756320163934831,0.12161303257132768,41.076750240969311,5.4558093825136105,97.431827734634012,2.3484782385919183,233.65152176140793,0.0016680248479355589,972.9983319751525,972.9983319751525,1086.3016348791073,4091.6983651208989,4091.6983651208989,16.600000000000001
186.75,116,4.7705866169163169,45.62413472546887,9.3856042097986379,1.471904917099996,0.1215076679115601,41.011866072603219,5.4478204360909883,97.561296696495802,2.3340903342259676,233.66590966577391,0.0016387640280656906,972.99836123597231,972.99836123597231,1084.0497528840697,4093.9502471159367,4093.9502471159367,16.600000000000001
187,116,4.7771614837218701,45.686304287394371,9.3330644575030739,1.468179689382292,0.12140223612666155,40.946952303374765,5.4398254475283254,97.690575866085084,2.3198129257863713,233.68018707421351,0.0016100611771445003,972.99838993882327,972.99838993882327,1081.8058298398744,4096.1941701601318,4096.1941701601318,16.600000000000001
187.25,116,4.7837443657039449,45.748493080027671,9.2807478628182594,1.4644563521356107,0.12129673616013008,40.882009465972601,5.4318244822232726,97.819665100690329,2.3056450738965433,233.69435492610333,0.0015819049648527692,972.9984180950355,972.9984180950355,1079.5698381034251,4098.430161896581,4098.430161896581,16.600000000000001
187.5,116,4.790335192659458,45.810700623070055,9.2286539509978862,1.4607349244287253,0.12119116697160096,40.817038092870121,5.4238176055786447,97.94856425915323,2.2915858476998969,233.70841415229998,0.0015542843028336902,972.99844571569747,972.99844571569747,1077.3417501189881,4100.6582498810185,4100.6582498810185,16.600000000000001
187.75,116,4.796933894558129,45.872926436083517,9.1767822457706725,1.4570154255011849,0.12108552753662224,40.752038716320513,5.4158048830026377,98.077273201868579,2.2776343247795494,233.72236567522032,0.0015271883392821584,972.99847281166103,972.99847281166103,1075.121538418008,4102.8784615819986,4102.8784615819986,16.600000000000001
188,116,4.8035404015401939,45.935170038500964,9.125132269348283,1.453297874760616,0.12097981684651819,40.687011868351682,5.4077863799087327,98.205791790784389,2.2637895910787935,233.7362104089211,0.001500606453691235,972.99849939354669,972.99849939354669,1072.9091756189207,4105.0908243810854,4105.0908243810854,16.600000000000001
188.25,116,4.8101546439141787,45.997430949636453,9.0737035424334351,1.4495822917800318,0.12087403390825724,40.621958080761047,5.3997621617155982,98.334119889401862,2.2500507408223358,233.74994925917753,0.0014745282517199068,972.99852547174862,972.99852547174862,1070.7046344269634,4107.2953655730435,4107.2953655730435,16.600000000000001
188.5,116,4.8167765521547246,46.05970868869499,9.0224955842280607,1.4458686962950995,0.12076817774488134,40.556877885110275,5.3917322938454149,98.462257362776484,2.236416876438251,233.7635831235616,0.0014489435600869331,972.99855105644031,972.99855105644031,1068.5078876339674,4109.4921123660388,4109.4921123660388,16.600000000000001
188.75,116,4.8234060569004171,46.122002774783205,8.9715079124417034,1.4421571082014981,0.12066224739508599,40.491771812719762,5.3836968417245243,98.59020407751764,2.2228871084807325,233.77711289151912,0.0014238424217229875,972.99857615757867,972.99857615757867,1066.3189081181772,4111.6810918818292,4111.6810918818292,16.600000000000001
189,116,4.8300430889516655,46.184312726920083,8.9207400432999968,1.4384475475522742,0.12055624191289949,40.426640394663039,5.3756558707837989,98.717959901788205,2.2094605555535742,233.7905394444463,0.0013992150910208858,972.99860078490929,972.99860078490929,1064.1376688440662,4113.8623311559395,4113.8623311559395,16.600000000000001
189.25,116,4.8366875792686335,46.246638064047282,8.87019149155328,1.4347400345551671,0.12045016036779248,40.361484161761091,5.3676094464578048,98.845524705305081,2.1961363442343678,233.8038636557655,0.0013750520291265437,972.99862494797128,972.99862494797128,1061.964142862136,4116.0358571378702,4116.0358571378702,16.600000000000001
189.5,116,4.8433394589692149,46.308978305039631,8.8198617704853568,1.4310345895699585,0.12034400184461418,40.296303644576547,5.3595576341844176,98.972898359339325,2.1829136089994265,233.81708639100043,0.0013513438993689039,972.99864865610095,972.99864865610095,1059.798303308723,4118.2016966912834,4118.2016966912834,16.600000000000001
189.75,116,4.8499986593270368,46.371332968715805,8.7697503919223756,1.427331233105835,0.12023776544352754,40.231099373407758,5.3515004994044455,99.100080736716279,2.1697914921494346,233.83020850785041,0.0013280815627950198,972.99867191843759,972.99867191843759,1057.640123405803,4120.3598765942033,4120.3598765942033,16.600000000000001
190,116,4.8566651117694732,46.433701573849639,8.7198568662418712,1.4236299858189601,0.12013145027936802,40.165871878282523,5.3434381075627462,99.227071711814759,2.1567691437358043,233.84323085626403,0.001305256073734053,972.99869474392654,972.99869474392654,1055.4895764608139,4122.5104235391918,4122.5104235391918,16.600000000000001
190.25,116,4.8633387478757495,46.496083639180569,8.6701807023818898,1.4199308685097558,0.12002505548187493,40.10062168895201,5.3353705241070246,99.35387116056765,2.1438457214877413,233.85615427851209,0.0012828586755743814,972.99871714132473,972.99871714132473,1053.3466358664502,4124.6533641335554,4124.6533641335554,16.600000000000001
190.5,116,4.8700194993750809,46.558478683424191,8.6207214078502634,1.4162339021202226,0.11991858019583865,40.035349334884636,5.3272978144868297,99.480478960462435,2.1310203907400047,233.86897960925984,0.0012608807966286645,972.99873911920372,972.99873911920372,1051.2112751004597,4126.7887248995467,4126.7887248995467,16.600000000000001
190.75,116,4.8767072981448187,46.620886225283414,8.5714784887339981,1.4125391077314293,0.11981202358079676,39.970055345259503,5.3192200441537398,99.606894990540752,2.1182923243613643,233.88170767563847,0.0012393140460376551,972.99876068595427,972.99876068595427,1049.0834677254531,4128.916532274553,4128.916532274553,16.600000000000001
191,116,4.8834020762086476,46.683305783459488,8.5224514497088091,1.4088465065609486,0.11970538481091564,39.904740248959961,5.3111372785610369,99.733119131398553,2.1056607026837373,233.89433929731609,0.0012181502097927382,972.99878184979059,972.99878184979059,1046.9631873887088,4131.0368126112971,4131.0368126112971,16.600000000000001
191.25,116,4.8901037657348212,46.745736876663059,8.4736397940487649,1.4051561199603022,0.119598663074873,39.839404574566913,5.3030495831633599,99.859151265186,2.0931247134320099,233.90687528656784,0.0011973812468496659,972.99880261875342,972.99880261875342,1044.8504078219758,4133.1495921780306,4133.1495921780306,16.600000000000001
191.5,116,4.8968122990344503,46.808179023624838,8.4250430236360412,1.4014679694121543,0.11949185757611548,39.774048850352408,5.2949570234154093,99.984991275608081,2.0806835516545026,233.91931644834537,0.0011769992852663762,972.99882300071511,972.99882300071511,1042.7451028412659,4135.2548971587403,4135.2548971587403,16.600000000000001
191.75,116,4.9035276085598047,46.87063174310704,8.3766606389708205,1.3977820765279045,0.11938496753255406,39.708673604272661,5.2868596647720469,100.11063904792422,2.0683364196541416,233.93166358034571,0.0011569966185261467,972.99884300338181,972.99884300338181,1040.6472463466623,4137.3527536533447,4137.3527536533447,16.600000000000001
192,116,4.9102496269026448,46.933094553914749,8.3284921391812929,1.3940984630452598,0.11927799217630461,39.643279363961007,5.278757572688261,100.23609446894808,2.0560825269202825,233.94391747307958,0.0011373657019385396,972.99886263429846,972.99886263429846,1038.556812322124,4139.4431876778826,4139.4431876778826,16.600000000000001
192.25,116,4.9169782867926122,46.995566974907014,8.2805370220337906,1.3904171508256062,0.11917093075372824,39.577866656721,5.2706508126183671,100.36135742704772,2.0439210900611697,233.9560789099387,0.0011180991490719713,972.99888190085119,972.99888190085119,1036.4737748352841,4141.5262251647227,4141.5262251647227,16.600000000000001
192.5,116,4.9237135210956442,47.058048525008196,8.2327947839430191,1.3867381618514738,0.1190637825253492,39.512436009519291,5.2625394500155132,100.48642781214556,2.0318513327370544,233.9681486672628,0.0010991897282898316,972.99890081027206,972.99890081027206,1034.3981080372503,4143.6018919627568,4143.6018919627568,16.600000000000001
192.75,116,4.9304552628124307,47.120538723219298,8.1852649199824139,1.383061518224012,0.11895654676577459,39.446987948978446,5.2544235503311496,100.61130551571841,2.0198724855939485,233.98012751440592,0.0010806303593657249,972.99891936964093,972.99891936964093,1032.3297861624035,4145.6702138376022,4145.6702138376022,16.600000000000001
193,116,4.937203445076892,47.183037088629412,8.1379469238946207,1.3793872421606888,0.11884922276355218,39.381523001369409,5.2463031790145473,100.7359904307974,2.0079837861980026,233.99201621380189,0.001062414110120191,972.99893758589019,972.99893758589019,1030.2687835281979,4147.7312164718078,4147.7312164718078,16.600000000000001
193.25,116,4.9439580011547051,47.245543140427209,8.0908402881020649,1.3757153559926822,0.11874180982112593,39.316041692604244,5.2381784015122044,100.8604824519679,1.9961844789705327,234.00381552102934,0.0010445341932164786,972.99895546580717,972.99895546580717,1028.2150745349595,4149.7849254650464,4149.7849254650464,16.600000000000001
193.5,116,4.9507188644418605,47.30805639791231,8.0439445037176451,1.3720458821622981,0.11863430725478803,39.250544548228703,5.2300492832672338,100.98478147536954,1.9844738151236703,234.01552618487622,0.0010269839630253214,972.99897301603733,972.99897301603733,1026.1686336656849,4151.8313663343206,4151.8313663343206,16.600000000000001
193.75,116,4.9574859684632466,47.370576380506932,7.9972590605555398,1.3683788432205777,0.11852671439458125,39.18503209341462,5.2219158897187841,101.10888739869611,1.972851052596615,234.02714894740325,0.0010097569125165561,972.99899024308786,972.99899024308786,1024.1294354858389,4153.8705645141672,4153.8705645141672,16.600000000000001
194,116,4.964259246871281,47.433102607767452,7.9507834471421113,1.3647142618248409,0.11841903058422582,39.119504852952161,5.2137782863014097,101.23280012119547,1.9613154559925059,234.03868454400737,0.00099284667024060404,972.99900715333013,972.99900715333013,1022.0974546431517,4155.9025453568547,4155.9025453568547,16.600000000000001
194.25,116,4.9710386334445573,47.495634599396013,7.9045171507269245,1.3610521607362391,0.1183112551810451,39.053963351242103,5.205636538444435,101.35651954366945,1.9498662965158959,234.05013370348399,0.00097624699737850461,972.99902375300292,972.99902375300292,1020.0726658674168,4157.9273341325897,4157.9273341325897,16.600000000000001
194.5,116,4.9778240620865164,47.558171875252526,7.8584596572938787,1.3573925628171974,0.11820338755564588,38.988408112288063,5.1974907115721116,101.4800455684733,1.9385028519108201,234.0614971480891,0.00095995178480493752,972.99904004821542,972.99904004821542,1018.055043970298,4159.9449560297089,4159.9449560297089,16.600000000000001
194.75,116,4.9846154668241835,47.620713955366213,7.8126104515724304,1.3537354910290587,0.11809542709198383,38.922839659688513,5.1893408711024938,101.60337809951571,1.9272244063994663,234.07277559360043,0.00094395505030261213,972.99905604494995,972.99905604494995,1016.0445638451196,4161.9554361548862,4161.9554361548862,16.600000000000001
195,116,4.9914127818069183,47.683260359947219,7.7669690170489067,1.3500809684297204,0.11798737318739015,38.857258516628704,5.1811870824464306,101.72651704225905,1.9160302506214386,234.08396974937844,0.00092825093583280701,972.99907174906457,972.99907174906457,1014.0412004666596,4163.9587995333459,4163.9587995333459,16.600000000000001
195.25,116,4.9982159413052045,47.745810609398582,7.721534835977943,1.3464290181711771,0.11787922525239193,38.791665205872604,5.1730294110072155,101.84946230371888,1.9049196815735914,234.09508031842631,0.00091283370482356913,972.99908716629545,972.99908716629545,1012.0449288909496,4165.955071109056,4165.955071109056,16.600000000000001
195.5,116,5.0050248797094534,47.808364224328059,7.676307389394017,1.3427796634971203,0.11777098271061909,38.72606024975471,5.1648679221799503,101.9722137924638,1.8938920025504462,234.10610799744944,0.00089769773953946703,972.99910230226078,972.99910230226078,1010.0557242550716,4167.9442757449342,4167.9442757449342,16.600000000000001
195.75,116,5.0118395315288513,47.87092072556004,7.6312861571230641,1.3391329277405453,0.11766264499870957,38.660444170171814,5.1567026813508878,102.09477141861518,1.8829465230851814,234.11705347691472,0.00088283753851202775,972.99911716246186,972.99911716246186,1008.0735617769548,4169.9264382230513,4169.9264382230513,16.600000000000001
196,116,5.0186598313902424,47.933479634147403,7.5864706177942072,1.3354888343213507,0.11755421156626374,38.594817488574698,5.14853375389663,102.21713509384705,1.8720825588911785,234.12791744110874,0.00086824771401203043,972.99913175228619,972.99913175228619,1006.0984167551696,4171.9015832448367,4171.9015832448367,16.600000000000001
196.25,116,5.0254857140370497,47.996040471383161,7.5418602488515702,1.3318474067438379,0.11744568187606884,38.52918072595984,5.1403612051825567,102.33930473138632,1.8612994318040967,234.13870056819582,0.00085392298948763041,972.99914607701089,972.99914607701089,1004.1302645687147,4173.8697354312908,4173.8697354312908,16.600000000000001
196.5,116,5.0323171143281904,48.058602758812867,7.4974545265661909,1.3282086685944994,0.11733705540362609,38.463534402860773,5.1321851005631913,102.46128024601191,1.850596469724592,234.14940353027529,0.00083985819729585963,972.99916014180303,972.99916014180303,1002.1690806768243,4175.8309193231817,4175.8309193231817,16.600000000000001
196.75,116,5.0391539672370458,48.12116601824652,7.4532529260480258,1.3245726435396232,0.11722833163716065,38.397879039339614,5.1240055053812181,102.58306155405457,1.8399730065615243,234.16002699343838,0.00082604827632530575,972.99917395172395,972.99917395172395,1000.2148406187599,4177.7851593812466,4177.7851593812466,16.600000000000001
197,116,5.0459962078504663,48.183729771770544,7.4092549212580465,1.3209393553229221,0.11711951007759189,38.332215154978435,5.1158224849665732,102.70464857339663,1.8294283821757151,234.17057161782418,0.00081248826968648711,972.99918751173061,972.99918751173061,998.2675200136058,4179.7324799864009,4179.7324799864009,16.600000000000001
197.25,116,5.0528437713677912,48.246293541759883,7.365459985020423,1.3173088277631881,0.11701059023846733,38.26654326887062,5.1076361046356489,102.82604122347185,1.8189619423242489,234.18103805767566,0.00079917332246783035,972.99920082667791,972.99920082667791,996.32709456006137,4181.6729054399448,4181.6729054399448,16.600000000000001
197.5,116,5.0596965930999067,48.308856850890066,7.3218675890347944,1.3136810847519531,0.11690157164589944,38.200863899612123,5.0994464296904622,102.94723942526497,1.8085730386053094,234.1914269613946,0.00078609867954297977,972.99921390132067,972.99921390132067,994.39354003623714,4183.6064599637684,4183.6064599637684,16.600000000000001
197.75,116,5.0665546084683246,48.371419222149441,7.2784772038886318,1.3100561502512582,0.11679245383838539,38.135177565292544,5.091253525418125,103.06824310131125,1.7982610284035339,234.20173897159637,0.00077325968339449604,972.99922674031677,972.99922674031677,992.46683229945143,4185.5331677005552,4185.5331677005552,16.600000000000001
198,116,5.0734177530042777,48.433980178851435,7.2352882990696976,1.3064340482914241,0.11668323636663633,38.069484783486182,5.0830574570902662,103.18905217569599,1.7880252748358905,234.211974725164,0.0007606517719887198,972.99923934822823,972.99923934822823,990.54694728602783,4187.4530527139777,4187.4530527139777,16.600000000000001
198.25,116,5.0802859623478875,48.496539244646414,7.1923003429785455,1.3028148029685296,0.11657391879377631,38.003786071243347,5.0748582899614991,103.3096665740545,1.7778651466981148,234.22213485330178,0.00074827047680255023,972.99925172952339,972.99925172952339,988.63386101108176,4189.3661389889239,4189.3661389889239,16.600000000000001
198.5,116,5.0871591722473166,48.559095943534047,7.1495128029411479,1.2991984384422226,0.11646450069514694,37.938081945081223,5.0666560892688839,103.43008622357156,1.7677800184116172,234.23221998158829,0.00073611142078539873,972.99926388857943,972.99926388857943,986.72754956831784,4191.2724504316884,4191.2724504316884,16.600000000000001
198.75,116,5.0940373185579624,48.62164979987547,7.1069251452215774,1.2955849789334519,0.11635498165822696,37.872372920974847,5.0584509202310954,103.550311052981,1.7577692699709151,234.24223073002898,0.00072417031639928665,972.99927582968382,972.99927582968382,984.82798912982446,4193.172010870182,4193.172010870182,16.600000000000001
199,116,5.100920337241682,48.684200338405567,7.0645368350347848,1.2919744487222042,0.11624536128255381,37.806659514347949,5.0502428480475565,103.67034099256516,1.7478322868915661,234.25216771310835,0.00071244296370437052,972.9992875570365,972.9992875570365,982.93515594586802,4195.0648440541381,4195.0648440541381,16.600000000000001
199.25,116,5.1078081643660305,48.746747084245236,7.0223473365594478,1.2883668721452484,0.11613563917964675,37.740942240063802,5.0420319378975753,103.79017597415448,1.7379684601586038,234.2620315398413,0.00070092524848644456,972.99929907475178,972.99929907475178,981.04902634468681,4196.9509736553191,4196.9509736553191,16.600000000000001
199.5,116,5.1147007361035479,48.809289562913506,6.9803561129508926,1.2847622735936963,0.11602581497302081,37.675221612416195,5.0338182549392947,103.90981593112711,1.728177186175436,234.27182281382449,0.00068961314035693771,972.99931038685986,972.99931038685986,979.16957673228376,4198.8304232677228,4198.8304232677228,16.600000000000001
199.75,116,5.1215979887310441,48.871827300339973,6.9385626263540985,1.2811606775109019,0.11591588829804647,37.60949814512,5.0256018643089186,104.02926079840826,1.7184578667132844,234.28154213328665,0.00067850269101268294,972.99932149730921,972.99932149730921,977.29678359222191,4200.7032164077846,4200.7032164077846,16.600000000000001
200,116,5.1284998586289383,48.934359822877084,6.8969663379167629,1.2775621083902935,0.11580585880184682,37.543772351301797,5.0173828311198569,104.14851051246966,1.7088099088610951,234.29119009113882,0.00066759003250754627,972.99933240996779,972.99933240996779,975.43062348541821,4202.5693765145888,4202.5693765145888,16.600000000000001
200.25,116,5.1354062822805968,48.996886657312444,6.8555667078024545,1.2739665907730837,0.11569572614325394,37.478044743490585,5.0091612204617508,104.26756501132908,1.6992327249759145,234.30076727502399,0.00065687137551806072,972.99934312862467,972.99934312862467,973.57107304993701,4204.4289269500696,4204.4289269500696,16.600000000000001
200.5,116,5.1423171962717165,49.059407330881115,6.8143631952038248,1.2703741492460523,0.11558548999273699,37.412315833608346,5.0009370973995484,104.38642423454969,1.689725732633746,234.3102742673662,0.00064634300766963138,972.99935365699253,972.99935365699253,971.71810900078458,4206.281890999222,4206.281890999222,16.600000000000001
200.75,116,5.1492325372897243,49.121921371277956,6.7733552583558954,1.2667848084393363,0.11547515003233071,37.34658613296061,4.9927105269725596,104.50508812323949,1.6802883545808831,234.31971164541903,0.00063600129190062224,972.9993639987083,972.9993639987083,969.87170812970248,4208.1282918703046,4208.1282918703046,16.600000000000001
201,116,5.1561522421232047,49.184428306670014,6.7325423545494072,1.2631985930242573,0.11536470595557705,37.280856152226917,4.9844815741934454,104.62355662005062,1.6709200186856967,234.32907998131424,0.00062584266485313786,972.99937415733541,972.99937415733541,968.03184730496105,4209.9681526950462,4209.9681526950462,16.600000000000001
201.25,116,5.1630762476613503,49.246927665708704,6.6919239401442505,1.2596155277112713,0.11525415746751898,37.215126401451123,4.9762503040469568,104.7418296691791,1.6616201578908683,234.33837984210905,0.00061586363525841555,972.99938413636505,972.99938413636505,966.19850347114993,4211.8014965288567,4211.8014965288567,16.600000000000001
201.5,116,5.1700044908934348,49.309418977542364,6.6514994705829373,1.25603563724761,0.1151435042845511,37.149397390032014,4.9680167814893332,104.85990721636378,1.6523882101661425,234.34761178983379,0.00060606078247384143,972.99939393921773,972.99939393921773,964.37165364897589,4213.6283463510317,4213.6283463510317,16.600000000000001
201.75,116,5.1769369089083108,49.371901771828497,6.6112684004041506,1.2524589464151659,0.11503274613437726,37.083669626713622,4.9597810714472006,104.97778920888571,1.643223618461487,234.35677638153845,0.00059643075496896767,972.99940356924537,972.99940356924537,962.55127493505597,4215.4487250649508,4215.4487250649508,16.600000000000001
202,116,5.183873438893932,49.434375578746184,6.5712301832563549,1.2488854800283573,0.1149218827559558,37.01794361957554,4.9515432388165053,105.09547559556751,1.6341258306607083,234.36587416933921,0.00058697026885642933,972.99941302973139,972.99941302973139,960.73734450171094,4217.2626554982962,4217.2626554982962,16.600000000000001
202.25,116,5.190814018136896,49.496839929008445,6.5313842719114623,1.2453152629319879,0.11481091389943955,36.9522198760232,4.9433033484614795,105.21296632677266,1.6250942995355115,234.37490570046444,0.00057767610646114562,972.99942232389378,972.99942232389378,958.92983959675826,4219.0701604032492,4219.0701604032492,16.600000000000001
202.5,116,5.1977585840220168,49.559294353874556,6.4917301182785625,1.2417483199991195,0.11469983932611807,36.88649890277815,4.9350614652135851,105.33026135440468,1.616128482700006,234.38387151729992,0.00056854511492179837,972.99943145488544,972.99943145488544,957.1287375433061,4220.8712624567015,4220.8712624567015,16.600000000000001
202.75,116,5.204707074031905,49.621738385162608,6.4522671734177148,1.2381846761289317,0.11458865880825041,36.820781205868279,4.9268176538708159,105.44736063190622,1.6072278425656301,234.39277215743431,0.00055957420479725052,972.99944042579546,972.99944042579546,955.334015739552,4222.6659842604558,4222.6659842604558,16.600000000000001
203,116,5.2116594257465723,49.684171555261841,6.4129948875537996,1.2346243562446026,0.11447737212894277,36.755067290618001,4.9185719791968454,105.56426411425802,1.5983918462965163,234.40160815370342,0.00055076034871429915,972.99944923965154,972.99944923965154,953.54565165857821,4224.4543483414291,4224.4543483414291,16.600000000000001
203.25,116,5.2186155768430886,49.746593397144927,6.3739127100903863,1.2310673852912506,0.1143659790822872,36.689357661638411,4.9103245059192773,105.6809717579786,1.5896199657653121,234.41038003423463,0.00054210058010834277,972.99945789942024,972.99945789942024,951.76362284813899,4226.2363771518676,4226.2363771518676,16.600000000000001
203.5,116,5.2255754650952255,49.809003444380309,6.3350200896237041,1.2275137882338274,0.11425447947319359,36.623652822817412,4.9020752987289242,105.79748352112316,1.5809116775093897,234.41908832249055,0.00053359199191962156,972.9994664080084,972.9994664080084,949.98790693045794,4228.0120930695493,4228.0120930695493,16.600000000000001
203.75,116,5.2325390283731368,49.87140123114466,6.2963164739566313,1.2239635900550401,0.11414287311731465,36.557953277309821,4.8938244222787732,105.91379936328264,1.5722664626874885,234.42773353731243,0.00052523173534081051,972.99947476826503,972.99947476826503,948.21848160202342,4229.7815183979837,4229.7815183979837,16.600000000000001
204,116,5.2395062046430532,49.933786292235233,6.2578013101127556,1.2204168157532842,0.11403115984097047,36.49225952752743,4.8855719411829313,106.02991924558285,1.5636838070367709,234.43631619296315,0.00051701701859291262,972.9994829829817,972.9994829829817,946.45532463338338,4231.5446753666238,4231.5446753666238,16.600000000000001
204.25,116,5.2464769319670079,49.9961581630822,6.2194740443504664,1.2168734903405853,0.11391933948107998,36.426572075129101,4.8773179200155523,106.14584313068343,1.5551632008302889,234.44483679916965,0.00050894510572706958,972.99949105489452,972.99949105489452,944.69841386893995,4233.3015861310669,4233.3015861310669,16.600000000000001
204.5,116,5.2534511485025854,50.058516379760789,6.1813341221771125,1.2133336388404701,0.11380741188531794,36.360891421010805,4.8690624233090514,106.26157098277746,1.5467041388348299,234.45329586116509,0.00050101331541225395,972.9994989866849,972.9994989866849,942.94772722673724,4235.0522727732696,4235.0522727732696,16.600000000000001
204.75,116,5.2604287925026769,50.120860479003788,6.143380988363182,1.2097972862859918,0.11369537691186275,36.29521806529565,4.8608055155535865,106.37710276758996,1.538306120269219,234.46169387973072,0.00049321901982306412,972.99950678098048,972.99950678098048,941.20324269826233,4236.7967573017449,4236.7967573017449,16.600000000000001
205,116,5.267409802315254,50.18318999821394,6.1056140869565487,1.2062644577177191,0.11358323442928837,36.229552507323774,4.8525472611960758,106.49243845237682,1.5299686487630029,234.47003135123691,0.00048555964352705054,972.99951444035685,972.99951444035685,939.46493834824207,4238.5350616517644,4238.5350616517644,16.600000000000001
205.25,116,5.2743941163831787,50.245504475476139,6.0680328612967473,1.202735178181688,0.11347098431656912,36.163895245642401,4.8442877246388711,106.60757800592394,1.5216912323155143,234.47830876768441,0.00047803266237679906,972.99952196733796,972.99952196733796,937.73279231443587,4240.2672076855706,4240.2672076855706,16.600000000000001
205.5,116,5.2813816732440255,50.307803449569782,6.0306367540292989,1.1992094727273943,0.11335862646302428,36.098246777995747,4.8360269702386018,106.72252139854615,1.5134733832553384,234.48652661674458,0.00047063560243757553,972.99952936439797,972.99952936439797,936.00678280743125,4241.9932171925757,4241.9932171925757,16.600000000000001
205.75,116,5.2883724115299175,50.370086459980996,5.9934252071200662,1.1956873664057868,0.1132461607682646,36.032607601315,4.8277650623050086,106.83726860208608,1.5053146182001644,234.49468538179977,0.00046336603893884617,972.99953663396138,972.99953663396138,934.28688811043844,4243.7131118895677,4243.7131118895677,16.600000000000001
206,116,5.2953662699673929,50.432353046914962,5.956397661869663,1.192168884267311,0.11313358714209855,35.966978211708202,4.8195020650998837,106.95181958991307,1.4972144580170192,234.50278554198292,0.00045622159524170736,972.99954377840515,972.99954377840515,932.57308657908766,4245.4269134209198,4245.4269134209198,16.600000000000001
206.25,116,5.3023631873772636,50.494602751308342,5.9195535589279,1.1886540513600661,0.11302090550431255,35.901359104449995,4.8112380428363517,107.06617433692162,1.489172427782864,234.51082757221707,0.0004491999418066483,972.9995508000585,972.9995508000585,930.8653566412296,4247.1346433587769,4247.1346433587769,16.600000000000001
206.5,116,5.3093631026745394,50.556835114841221,5.8828923383082383,1.1851428927276475,0.11290811578484622,35.835750773971718,4.8029730596770488,107.18033281953073,1.4811880567456193,234.51881194325432,0.0004422987952531269,972.99955770120505,972.99955770120505,929.16367679672442,4248.8363232032825,4248.8363232032825,16.600000000000001
206.75,116,5.3163659548683313,50.619049679949448,5.8464134394023075,1.1816354334072532,0.11279521792366173,35.770153713851279,4.7947071797331455,107.29429501568258,1.4732608782855243,234.5267391217144,0.0004355159173868744,972.99956448408307,972.99956448408307,927.46802561723962,4250.5319743827677,4250.5319743827677,16.600000000000001
207,116,5.3233716830617883,50.681245989836818,5.810116300994439,1.1781316984277599,0.11268221187066464,35.704568416802942,4.7864404670632172,107.40806090484121,1.4653904298768718,234.53460957012305,0.0004288491142575492,972.99957115088614,972.99957115088614,925.77838174604744,4252.2216182539596,4252.2216182539596,16.600000000000001
207.25,116,5.3303802264520517,50.743423588487246,5.7740003612762454,1.1746317128078005,0.11256909758563907,35.638995374667232,4.7781729856720689,107.52163046799124,1.4575762530501133,234.54242374694982,0.00042229623523981543,972.99957770376511,972.99957770376511,924.0947238978215,4253.9052761021858,4253.9052761021858,16.600000000000001
207.5,116,5.3373915243302195,50.805582020676958,5.738065057861216,1.1711355015538498,0.11245587503818213,35.573435078400763,4.7699047995095603,107.63500368763665,1.4498178933543233,234.55018210664559,0.00041585517213482036,972.99958414482819,972.99958414482819,922.4170308584338,4255.5829691415729,4255.5829691415729,16.600000000000001
207.75,116,5.3444055160813404,50.867720831986531,5.702309827799354,1.1676430896582273,0.11234254420768117,35.507888018066204,4.7616359724693442,107.74818054779944,1.4421149003200131,234.55788509967994,0.00040952385827241398,972.99959047614209,972.99959047614209,920.74528148475122,4257.2547185152553,4257.2547185152553,16.600000000000001
208,116,5.3514221411844147,50.929839568813037,5.6667341075918376,1.1641545020971784,0.11222910508326076,35.442354682822092,4.7533665683876638,107.86116103401821,1.4344668274223045,234.5655331725776,0.00040330026764601461,972.99959669973271,972.99959669973271,919.07945470443337,4258.920545295573,4258.920545295573,16.600000000000001
208.25,116,5.3584413392124182,50.991937778382152,5.6313373332056891,1.1606697638291383,0.11211555766365476,35.37683556091261,4.7450966510422576,107.97394513334689,1.4268732320444881,234.57312676795544,0.00039718241409955157,972.99960281758615,972.99960281758615,917.41952951573046,4260.5804704842767,4260.5804704842767,16.600000000000001
208.5,116,5.3654630498323357,51.054015008760224,5.5961189400884912,1.1571888997927786,0.11200190195717719,35.311331139657469,4.7368262841511015,108.08653283435322,1.4193336754418922,234.58066632455802,0.00039116835048904128,972.99960883164988,972.99960883164988,915.76548498728062,4262.2345150127258,4262.2345150127258,16.600000000000001
208.75,116,5.3724872128052201,51.116070808866226,5.5610783631831158,1.1537119349051401,0.11188813798166131,35.245841905441736,4.7285555313711995,108.19892412711739,1.4118477227061095,234.5881522772938,0.00038525616787647769,972.99961474383247,972.99961474383247,914.11730025790871,4263.8826997420983,4263.8826997420983,16.600000000000001
209,116,5.3795137679862632,51.178104728483817,5.5262150369424736,1.1502388940597741,0.11177426576439831,35.180368343705723,4.7202844562973656,108.3111190032305,1.4044149427295647,234.59558505727034,0.00037944399474150182,972.99962055600554,972.99962055600554,912.47495453642398,4265.5250454635834,4265.5250454635834,16.600000000000001
209.25,116,5.3865426553248801,51.240116318273273,5.4915283953442895,1.1467698021249011,0.11166028534207954,35.114910938934848,4.7120131224609985,108.42311745579312,1.3970349081704225,234.60296509182947,0.00037372999620892129,972.99962627000411,972.99962627000411,910.83842710141903,4267.1615728985871,4267.1615728985871,16.600000000000001
209.5,116,5.3935738148648209,51.302105129783349,5.457017871905899,1.1433046839416883,0.11154619676079512,35.049470174649329,4.7037415933285285,108.534919479414,1.3897071954177986,234.61029280458212,0.00036811237326604722,972.99963188762706,972.99963188762706,909.2076973010644,4268.7923026989429,4268.7923026989429,16.600000000000001
209.75,116,5.4006071867442804,51.364070715463278,5.4226828996990495,1.1398435643223179,0.11143200007591815,34.984046533394192,4.6954699323004965,108.64652507020827,1.3824313845573648,234.61756861544254,0.00036258936205198634,972.99963741063823,972.99963741063823,907.58274455291212,4270.4172554470942,4270.4172554470942,16.600000000000001
210,116,5.4076427111960337,51.426012628674577,5.3885229113647188,1.1363864680481675,0.11131769535204372,34.918640496729161,4.6871982027103192,108.75793422579582,1.375207059337255,234.62479294066267,0.0003571592331371364,972.99964284076725,972.99964284076725,905.96354834369413,4272.0364516563122,4272.0364516563122,16.600000000000001
210.25,116,5.414680328547588,51.48793042370292,5.3545373391279592,1.1329334198680432,0.11120328266294739,34.853252545218488,4.6789264678229596,108.86914694529983,1.3680338071342864,234.63196619286563,0.00035182029080930418,972.99964817970954,972.99964817970954,904.35008822912152,4273.6499117708854,4273.6499117708854,16.600000000000001
210.5,116,5.4217199792213417,51.549823655769877,5.3207256148127486,1.1294844444963914,0.11108876209153036,34.78788315842084,4.6706547908336624,108.98016322934507,1.3609112189205121,234.63908878107941,0.00034657087238235449,972.99965342912787,972.99965342912787,902.74234383368412,4275.2576561663227,4275.2576561663227,16.600000000000001
210.75,116,5.4287616037347686,51.611691881044727,5.2870871698568473,1.1260395666115262,0.11097413372976529,34.722532814879202,4.6623832348666783,109.09098308005623,1.3538388892300932,234.64616111076984,0.00034140934752015597,972.99965859065276,972.99965859065276,901.14029485045,4276.8597051495572,4276.8597051495572,16.600000000000001
211,116,5.4358051427006071,51.673534656656088,5.2536214353266804,1.1225988108538643,0.1108593976786431,34.657201992110785,4.654111862973993,109.20160650105628,1.3468164161264862,234.65318358387341,0.00033633411757556152,972.99966366588274,972.99966366588274,899.54392104086628,4278.4560789591405,4278.4560789591405,16.600000000000001
211.25,116,5.4428505368270628,51.735351540703746,5.220327841932221,1.1191622018242071,0.11074455404805755,34.591891166596902,4.6458407381342388,109.3120334974646,1.3398434011699196,234.66015659883001,0.0003313436149173564,972.99966865638521,972.99966865638521,897.95320223456179,4280.0467977654444,4280.0467977654444,16.600000000000001
211.5,116,5.4498977269180235,51.797142092270335,5.1872058200419016,1.1157297640820285,0.1106296029566997,34.526600813772895,4.6375699232515881,109.42226407589511,1.3329194493851848,234.66708055061474,0.00032643630227551705,972.99967356369791,972.99967356369791,896.3681183291493,4281.6318816708581,4281.6318816708581,16.600000000000001
211.75,116,5.4569466538733131,51.858905871432704,5.1542547996974699,1.1123015221436716,0.11051454453215009,34.46133140801814,4.6292994811539874,109.53229824445482,1.3260441692298164,234.67395583077013,0.00032161067218422539,972.99967838932798,972.99967838932798,894.78864929002168,4283.2113507099848,4283.2113507099848,16.600000000000001
212,116,5.4639972586889236,51.920642439273642,5.1214742106289091,1.1088775004806728,0.11039937891075223,34.396083422645994,4.6210294745921132,109.64213601274179,1.3192171725624859,234.68078282743747,0.000316865246345665,972.99968313475392,972.99968313475392,893.2147751501559,4284.7852248498502,4284.7852248498502,16.600000000000001
212.25,116,5.4710494824572828,51.982351357893307,5.0888634822693435,1.1054577235180625,0.11028410623755085,34.330857329893782,4.6127599662380971,109.75177739184339,1.312438074611725,234.68756192538822,0.00031219857503475405,972.99968780142524,972.99968780142524,891.64647600991509,4286.3535239900912,4286.3535239900912,16.600000000000001
212.5,116,5.4781032663675271,52.044032190420758,5.0564220437699419,1.1020422156326786,0.11016872666623159,34.265653600912792,4.6044910186842625,109.86122239433432,1.3057064939449468,234.69429350605498,0.00030760923651755362,972.9996923907637,972.9996923907637,890.08373203685028,4287.9162679631563,4287.9162679631563,16.600000000000001
212.75,116,5.4851585517057861,52.105684501025372,5.0241493240148261,1.0986310011514919,0.11005324035905995,34.200472705758273,4.5962226944418392,109.97047103427474,1.299022052437764,234.70097794756219,0.00030309583648241878,972.99969690416367,972.99969690416367,888.52652346550417,4289.4734765345029,4289.4734765345029,16.600000000000001
213,116,5.4922152798554826,52.167307854928211,4.9920447516359863,1.0952241043499327,0.10993764748683139,34.135315113379527,4.5879550559396653,110.07952332720829,1.2923843752435951,234.70761562475636,0.00029865700748033197,972.99970134299269,972.99970134299269,886.97483059721196,4291.0251694027957,4291.0251694027957,16.600000000000001
213.25,116,5.4992733922976544,52.22890181841322,4.9601077550281953,1.0918215494501107,0.10982194822892785,34.070181291610069,4.5796881655225725,110.18837929016036,1.2857930907635218,234.7142069092364,0.00029429140834662205,972.99970570859193,972.99970570859193,885.42863379990331,4292.5713662001044,4292.5713662001044,16.600000000000001
213.5,116,5.5063328306112664,52.290465958838695,4.9283377623638964,1.0884233606193225,0.10970614277312574,34.005071707157569,4.5714220854504726,110.29703894163585,1.2792478306165247,234.72075216938342,0.0002899977237062675,972.99971000227652,972.99971000227652,883.88791350790825,4294.1120864920995,4294.1120864920995,16.600000000000001
213.75,116,5.5133935364735471,52.351999844648446,4.8967342016081012,1.0850295619684021,0.10959023131555498,33.939986825594033,4.5631568778970282,110.40550230161712,1.2727482296099493,234.72725177039001,0.00028577466344734066,972.99971422533679,972.99971422533679,882.35265022176054,4295.6473497782472,4295.6473497782472,16.600000000000001
214,116,5.5204554516603412,52.413503045382974,4.8652965005332902,1.0816401775500766,0.10947421406066608,33.874927111345926,4.554892604948285,110.51376939156199,1.2662939257102488,234.7337060742897,0.00028162096220356103,972.99971837903797,972.99971837903797,880.82282450800199,4297.1771754920055,4297.1771754920055,16.600000000000001
214.25,116,5.5275185180464677,52.474975131690613,4.8340240867342956,1.0782552313573575,0.10935809122117671,33.809893027684367,4.5466293286013659,110.62184023440167,1.2598845600140152,234.74011543998594,0.00027753537885409575,972.9997224646213,972.9997224646213,879.29841699898589,4298.7015830010214,4298.7015830010214,16.600000000000001
214.5,116,5.5345826776060854,52.536415675338588,4.8029163876431777,1.0748747473219418,0.10924186301801876,33.744885036715345,4.538367110763164,110.72971485453859,1.2535197767192858,234.74648022328066,0.00027351669603427933,972.99972648330424,972.99972648330424,877.7794083926824,4300.2205916073244,4300.2205916073244,16.600000000000001
214.75,116,5.5416478724130851,52.597824249224047,4.7719728305440965,1.071498749312626,0.10912552968028615,33.679903599369936,4.5301060132490276,110.83739327784426,1.2471992230971252,234.7528007769028,0.00026956371965706518,972.99973043628063,972.99973043628063,876.26577945248289,4301.7342205475243,4301.7342205475243,16.600000000000001
215,116,5.5487140446414669,52.65920042738508,4.7411928425881795,1.0681272611338153,0.10900909144513517,33.614949175394486,4.5218460977815509,110.94487553165708,1.2409225494634435,234.75907745053649,0.00026567527842197058,972.99973432472177,972.99973432472177,874.75751100700688,4303.2424889929998,4303.2424889929998,16.600000000000001
215.25,116,5.5557811365657521,52.720543785011664,4.7105758508083744,1.064760306523975,0.10889254855772409,33.550022223340868,4.5135874259892734,111.05216164478003,1.2346894091511149,234.76531059084883,0.00026185022335283291,972.99973814977693,972.99973814977693,873.25458394990801,4304.7454160500993,4304.7454160500993,16.600000000000001
215.5,116,5.5628490905613956,52.78185389845639,4.6801212821342517,1.0613979091539609,0.10877590127123225,33.485123200557005,4.5053300594052166,111.15925164747857,1.2284994584824034,234.77150054151753,0.00025808742738339029,972.99974191257274,972.99974191257274,871.75697923967766,4306.2430207603293,4306.2430207603293,16.600000000000001
215.75,116,5.5699178491052113,52.843130345245349,4.6498285634068388,1.0580400926255535,0.10865914984676701,33.420252563177101,4.4970740594656498,111.26614557147833,1.2223523567415868,234.77764764325835,0.00025438578489888128,972.99974561421527,972.99974561421527,870.26467789945332,4307.7353221005533,4307.7353221005533,16.600000000000001
216,116,5.5769873547758051,52.904372704088857,4.6196971213934193,1.0546868804699425,0.10854229455330822,33.355410766112072,4.4888194875087848,111.3728434499627,1.2162477661478637,234.78375223385208,0.00025074421130505566,972.99974925578886,972.99974925578886,868.77766101682482,4309.2223389831825,4309.2223389831825,16.600000000000001
216.25,116,5.5840575502540144,52.965580554892156,4.5897263828023211,1.0513382961462228,0.10842533566765278,33.290598263039932,4.4805664047734615,111.47934531757065,1.2101853518285155,234.78981464817142,0.00024716164260653366,972.99975283835761,972.99975283835761,867.29590974364135,4310.7040902563658,4310.7040902563658,16.600000000000001
216.5,116,5.5911283783233676,53.02675347876604,4.5599157742976777,1.0479943630399051,0.10830827347435905,33.225815506396309,4.4723148723978348,111.58565121039415,1.2041647817923291,234.7958352182076,0.00024363703499429294,972.99975636296517,972.99975636296517,865.81940529581982,4312.1805947041876,4312.1805947041876,16.600000000000001
216.75,116,5.5981997818705409,53.087891058037407,4.5302647225141817,1.0446551044614214,0.10819110826569295,33.161062947364911,4.4640649514180755,111.69176116597595,1.1981857269032612,234.80181427309668,0.00024016936443803637,972.99975983063575,972.99975983063575,864.3481289531519,4313.6518710468554,4313.6518710468554,16.600000000000001
217,116,5.6052717038858351,53.14899287625979,4.5007726540718318,1.0413205436445589,0.10807384034158264,33.096341035868207,4.4558167027671232,111.79767522330694,1.1922478608543261,234.80775213914563,0.00023675762626626588,972.999763242374,972.999763242374,862.88206205911433,4315.1179379408932,4315.1179379408932,16.600000000000001
217.25,116,5.612344087463649,53.210058518223796,4.4714389955906038,1.0379907037451392,0.10795647000954955,33.031650220557843,4.4475701872732918,111.9033934228238,1.1863508601418136,234.81364913985814,0.0002334008348118342,972.99976659916535,972.99976659916535,861.4211860206758,4316.5788139793312,4316.5788139793312,16.600000000000001
217.5,116,5.6194168758029788,53.271087569967463,4.4422631737051441,1.0346656078395464,0.10783899758465613,32.966990948805346,4.4393254656589791,112.00891580640656,1.1804944040396954,234.81950559596024,0.0002300980230252708,972.99976990197717,972.99976990197717,859.96548230810617,4318.0345176919009,4318.0345176919009,16.600000000000001
217.75,116,5.6264900122079098,53.332079618786587,4.4132446150794271,1.0313452789232795,0.10772142338945195,32.90236366669275,4.4310825985393754,112.11424241737596,1.1746781745742778,234.82532182542568,0.00022684824210001929,972.99977315175818,972.99977315175818,858.51493245478639,4319.4850675452208,4319.4850675452208,16.600000000000001
218,116,5.6335634400881247,53.39303425324502,4.3843827464213883,1.0280297399095353,0.10760374775391823,32.837768819003379,4.4228416464211522,112.21937330049086,1.1689018564991007,234.83109814350084,0.00022365056110894356,972.99977634943912,972.99977634943912,857.06951805701806,4320.930481942989,4320.930481942989,16.600000000000001
218.25,116,5.6406371029594187,53.453951063184782,4.3556769944975215,1.0247190136277993,0.10748597101541253,32.773206849212563,4.4146026697011678,112.32430850194578,1.1631651372700766,234.83683486272986,0.0002205040666486428,972.99977949593358,972.99977949593358,855.62922077383382,4322.370779226173,4322.370779226173,16.600000000000001
218.5,116,5.6477109444442242,53.514829639736249,4.3271267861474678,1.0214131228224534,0.10736809351861304,32.708678199478442,4.4063657286651639,112.42904806936809,1.1574677070208654,234.84253229297909,0.00021740786249141003,972.99978259213776,972.99978259213776,854.19402232680852,4323.805977673198,4323.805977673198,16.600000000000001
218.75,116,5.6547849082721413,53.575669575328114,4.2987315482985675,1.0181120901514156,0.10725011561550851,32.644183310632798,4.3981308834862407,112.5335920518157,1.151809258538449,234.84819074146151,0.00021436106922736881,972.99978563893092,972.99978563893092,852.76390449986695,4325.2360955001404,4325.2360955001404,16.600000000000001
219,116,5.6618589382804805,53.636470463697428,4.2704907079803718,1.0148159381847632,0.10713203766532929,32.579722622171978,4.3898981942236377,112.63794049977415,1.1461894872389828,234.85381051276096,0.00021136282393643456,972.99978863717638,972.99978863717638,851.33884913909685,4326.6611508609103,4326.6611508609103,16.600000000000001
219.25,116,5.6689329784148033,53.697231899899521,4.2424036923391233,1.0115246894033603,0.10701386003445498,32.515296572247841,4.3816677208216017,112.74209346515386,1.1406080911438921,234.85939190885605,0.00020841227987635348,972.99979158772044,972.99979158772044,849.91883815256176,4328.0811618474454,4328.0811618474454,16.600000000000001
219.5,116,5.676006972729474,53.75795348031783,4.2144699286522123,1.0082383661975276,0.10689558309638762,32.45090559765876,4.3734395231079688,112.84605100128738,1.1350647708561497,234.86493522914378,0.00020550860615295208,972.99979449139414,972.99979449139414,848.50385351011266,4329.4961464898943,4329.4961464898943,16.600000000000001
219.75,116,5.6830808653882281,53.818634802673692,4.1866888443425978,1.004956990865713,0.10677720723170094,32.386550133840643,4.3652136607928425,112.94981316292673,1.1295592295367953,234.87044077046315,0.00020265098740650212,972.99979734901285,972.99979734901285,847.09387724319993,4330.9061227568072,4330.9061227568072,16.600000000000001
220,116,5.6901546006647354,53.87927546603602,4.1590598669931955,1.0016805856131759,0.10665873282799006,32.32223061485805,4.3569901934672819,113.05338000624054,1.1240911728816783,234.87590882711828,0.00019983862350477231,972.9998001613767,972.9998001613767,845.68889144468608,4332.311108555321,4332.311108555321,16.600000000000001
220.25,116,5.6972281229431747,53.939875070830951,4.1315824243612234,0.99840917255068395,0.10654016027982206,32.257947473395348,4.3487691806019884,113.15675158881118,1.1186603090984215,234.88133969090151,0.00019707072924265089,972.99980292927103,972.99980292927103,844.28887826865889,4333.7111217313477,4333.7111217313477,16.600000000000001
220.5,116,5.7043013767188135,54.000433218851413,4.10425594439252,0.99514277369323412,0.1064214899886632,32.193701140747855,4.3405506815460768,113.25992796963189,1.1132663488835959,234.88673365111634,0.00019434653404351991,972.99980565346618,972.99980565346618,842.89381993024597,4335.1061800697616,4335.1061800697616,16.600000000000001
220.75,116,5.7113743065985902,54.060949513266728,4.077079855235838,0.9918814109588161,0.10630272236274059,32.129492046813112,4.3323347555261007,113.36290920910363,1.1079090054000866,234.89209099459984,0.00019166528165383609,972.99980833471852,972.99980833471852,841.50369870543284,4336.4963012945746,4336.4963012945746,16.600000000000001
221,116,5.7184468573017151,54.121423558631861,4.0500535852570518,0.98862510616708899,0.10618385781712501,32.06532062008219,4.3241214616442463,113.46569536903253,1.1025879942547527,234.8974120057452,0.00018902622988760609,972.99981097377031,972.99981097377031,840.11849693087049,4337.8815030691367,4337.8815030691367,16.600000000000001
221.25,116,5.725518973660269,54.181854960896814,4.0231765630533571,0.98537388103815271,0.10606489677363563,32.001187287631112,4.3159108588772028,113.56828651262677,1.0973030334762361,234.90269696652371,0.0001864286503415948,972.99981357134982,972.99981357134982,838.73819700369347,4339.2618029963141,4339.2618029963141,16.600000000000001
221.5,116,5.7325906006198091,54.242243327415892,3.9964482174674343,0.9821277571913174,0.10594583966077632,31.937092475112191,4.3077030060749077,113.67068270449361,1.0920538434929925,234.90794615650694,0.00018387182812269585,972.99981612817214,972.99981612817214,837.36278138133446,4340.6372186186736,4340.6372186186736,16.600000000000001
221.75,116,5.7396616832399756,54.302588266956896,3.9698679776015555,0.97888675614388354,0.10582668691368015,31.873036606745544,4.299497961959271,113.7728840106363,1.0868401471115328,234.91315985288838,0.00018135506158270629,972.99981864493873,972.99981864493873,835.99223258134066,4342.0077674186668,4342.0077674186668,16.600000000000001
222,116,5.7467321666951099,54.362889389710254,3.9434352728316542,0.97565089930993532,0.1057074389740533,31.809020105310623,4.2912957851229052,113.87489049845105,1.0816616694948706,234.91833833050507,0.00017887766205871523,972.99982112233818,972.99982112233818,834.6265331811901,4343.3734668188172,4343.3734668188172,16.600000000000001
222.25,116,5.7538019962748788,54.42314630729804,3.9171495328213499,0.9724202079991463,0.10558809629011984,31.745043392137791,4.2830965340278491,113.97670223672398,1.0765181381411741,234.92348186185876,0.00017643895361881362,972.99982356104681,972.99982356104681,833.26566581810778,4344.7343341818996,4344.7343341818996,16.600000000000001
222.5,116,5.7608711173849025,54.483358632782846,3.8910101875359397,0.96919470341551051,0.10546865931665574,31.681106887100061,4.2749002670040124,114.07831929562806,1.0714092828625892,234.92859071713735,0.00017403827280008287,972.99982596172742,972.99982596172742,831.90961318888014,4346.0903868111272,4346.0903868111272,16.600000000000001
222.75,116,5.7679394755473874,54.543525980676733,3.8650166672563215,0.96597440665623158,0.10534912851487599,31.617211008604748,4.2667070422480968,114.17974174671996,1.0663348357643117,234.93366516423561,0.00017167496837331063,972.9998283250319,972.9998283250319,830.55835804967455,4347.4416419503332,4347.4416419503332,16.600000000000001
223,116,5.7750070164017568,54.603647966950049,3.8391684025928741,0.96275933871060726,0.10522950435234071,31.553356173585222,4.25851691782246,114.28096966293674,1.0612945312238549,234.93870546877608,0.00016934840111004884,972.99983065159927,972.99983065159927,829.2118832158576,4348.7881167841497,4348.7881167841497,16.600000000000001
223.25,116,5.782073685705293,54.663724209040147,3.8134648244992988,0.959549520458849,0.10510978730293914,31.489542797492749,4.2503299516537281,114.38200311859268,1.0562881058704849,234.94371189412945,0.00016705794354336177,972.99983294205686,972.99983294205686,827.87017156181309,4350.1298284381937,4350.1298284381937,16.600000000000001
223.5,116,5.7891394293337903,54.723754325859979,3.7879053642864067,0.95634497267094998,0.10498997784683943,31.425771294288417,4.2421462015315319,114.48284218937609,1.0513152985648613,234.94868470143507,0.00016480297973854095,972.99983519702062,972.99983519702062,826.53320602075962,4351.466793979248,4351.466793979248,16.600000000000001
223.75,116,5.7962041932821968,54.783737937806684,3.7624894536358564,0.9531457160055643,0.1048700764704389,31.362042076435088,4.2339657251072333,114.58348695234605,1.0463758503788707,234.95362414962108,0.00016258290506864043,972.99983741709536,972.99983741709536,825.20096958457032,4352.7990304154364,4352.7990304154364,16.600000000000001
224,116,5.803267923665274,54.843674666770049,3.7372165246138382,0.94995177100890105,0.10475008366631479,31.298355554889433,4.2257885798926642,114.68393748592908,1.041469504575653,234.95853049542427,0.00016039712599474949,972.99983960287432,972.99983960287432,823.87344530359178,4354.126554696415,4354.126554696415,16.600000000000001
224.25,116,5.8103305667182523,54.903564136140915,3.7120860096847128,0.9467631581136613,0.10462999993315499,31.234712139093986,4.2176148232589101,114.78419386991581,1.0365960065898039,234.96340399341014,0.00015824505984641081,972.99984175494046,972.99984175494046,822.55061628646422,4355.4493837135433,4355.4493837135433,16.600000000000001
224.5,116,5.8173920687974912,54.963405970819558,3.687097341724606,0.9435798976380313,0.10450982577566285,31.171112236969226,4.2094445124351632,114.88425618545755,1.0317551040077511,234.9682448959922,0.00015612613460086352,972.99984387386564,972.99984387386564,821.23246569994262,4356.7675343000647,4356.7675343000647,16.600000000000001
224.75,116,5.8244523763811475,55.023199797223803,3.6622499540349085,0.94040200978448718,0.10438956170459024,31.107556254905941,4.2012777045072749,114.98412451506304,1.0269465465483834,234.97305345345154,0.00015403978869459975,972.99984596021159,972.99984596021159,819.91897676871588,4358.0810232312906,4358.0810232312906,16.600000000000001
225,116,5.8315114360698477,55.08294524329721,3.6375432803557581,0.93722951463879334,0.10426920823665513,31.044044597757459,4.1931144564165868,115.083798942595,1.0221700860438012,234.97782991395613,0.0001519854708140499,972.99984801452945,972.99984801452945,818.61013277522807,4359.3898672247778,4359.3898672247778,16.600000000000001
225.25,116,5.8385691945873539,55.142641938517144,3.6129767548794556,0.93406243216897433,0.10414876589448679,30.980577668832012,4.1849548249587007,115.18327955326662,1.0174254764202657,234.98257452357967,0.00014996263969646568,972.9998500373606,972.9998500373606,817.30591705950019,4360.6940829405057,4360.6940829405057,16.600000000000001
225.5,116,5.8456255987812469,55.202289513902727,3.5885498122638215,0.9309007822242934,0.10402823520657385,30.917155869885132,4.176798866782244,115.28256643363818,1.0127124736793258,234.98728752632061,0.0001479707639355983,972.99985202923631,972.99985202923631,816.00631301895214,4361.9936869810545,4361.9936869810545,16.600000000000001
225.75,116,5.8526805956235952,55.26188760202276,3.5642618876454999,0.9277445845342458,0.10390761670721237,30.853779601112159,4.1686466383876395,115.38165967161348,1.0080308358791275,234.99196916412083,0.00014600932179143495,972.99985399067839,972.99985399067839,814.71130410822468,4363.2886958917825,4363.2886958917825,16.600000000000001
226,116,5.8597341322116465,55.321435837003513,3.5401124166531952,0.92459385870756239,0.10378691093645409,30.790449261140804,4.1604981961258867,115.48055935643633,1.003380323115894,234.99661967688405,0.00014407780100339433,972.99985592219923,972.99985592219923,813.42087383900241,4364.5791261610038,4364.5791261610038,16.600000000000001
226.25,116,5.8667861557685015,55.380933854536416,3.5161008354208803,0.92144862423115081,0.10366611844006381,30.727165247023841,4.1523535961974245,115.57926557868687,0.99876069750554908,235.00123930249438,0.00014217569859476396,972.99985782430167,972.99985782430167,812.13500577983916,4365.8649942201682,4365.8649942201682,16.600000000000001
226.5,116,5.8738366136438094,55.440381291885764,3.4922265806008896,0.91830890046920688,0.10354523976945809,30.663927954231731,4.1442128946508374,115.67777843027811,0.99417172316558211,235.00582827683434,0.00014030252070677785,972.99985969747956,972.99985969747956,810.85368355597848,4367.1463164440283,4367.1463164440283,16.600000000000001
226.75,116,5.8808854533144537,55.499777787896193,3.468489089376988,0.91517470666227252,0.10342427548165209,30.600737776645403,4.1360761473816385,115.77609800445228,0.98961316619705653,235.0103868338029,0.00013845778242528098,972.99986154221779,972.99986154221779,809.57689084917888,4368.4231091508273,4368.4231091508273,16.600000000000001
227,116,5.8879326223852395,55.559122983000165,3.4448877994773697,0.91204606192627102,0.10330322613921025,30.537595106549091,4.1279434101310999,115.87422439577719,0.98508479466676924,235.01491520533315,0.00013664100760510736,972.99986335899268,972.99986335899268,808.30461139753845,4369.6953886024685,4369.6953886024685,16.600000000000001
227.25,116,5.8949780685895927,55.618416519225327,3.421422149187594,0.90892298525157944,0.1031820923101943,30.47450033462329,4.1198147384850543,115.97215770014253,0.98058637858958986,235.01941362141034,0.00013485172870196695,972.99986514827162,972.99986514827162,807.03682899531918,4370.963171004687,4370.963171004687,16.600000000000001
227.5,116,5.9020217397902517,55.677658040201798,3.3980915773634601,0.90580549550211498,0.10306087456811097,30.411453849937697,4.1116901878727097,116.06989801475615,0.97611768991096737,235.02388231008896,0.00013308948660786809,972.99986691051367,972.99986691051367,805.77352749277316,4372.2264725072337,4372.2264725072337,16.600000000000001
227.75,116,5.9090635839799663,55.736847191169389,3.3748955234438127,0.90269361141443505,0.10293957349185967,30.34845603994432,4.103569813565473,116.16744543814033,0.97167850248959931,235.02832149751035,0.00013135383049002144,972.99986864616983,972.99986864616983,804.51469079596814,4373.4853092040385,4373.4853092040385,16.600000000000001
228,116,5.9161035492821927,55.795983618984671,3.3518334274632813,0.89958735159685033,0.10281818966568006,30.285507290470584,4.0954536706757754,116.26480007012806,0.96726859208026772,235.03273140791967,0.00012964431763317342,972.99987035568256,972.99987035568256,803.26030286661307,4374.7396971333937,4374.7396971333937,16.600000000000001
228.25,116,5.9231415839517991,55.85506697212795,3.3289047300649708,0.89648673452853633,0.10269672367911534,30.222607985712568,4.0873418141558409,116.36196201185921,0.96288773631681401,235.03711226368316,0.00012796051327848066,972.99987203948706,972.99987203948706,802.01034772188541,4375.989652278121,4375.989652278121,16.600000000000001
228.5,116,5.9301776363757703,55.914096900710241,3.3061088725130916,0.89339177855860685,0.10257517612702141,30.159758508228336,4.0792342987963135,116.45893136577686,0.95853571469521415,235.04146428530473,0.00012630199044613607,972.99987369800988,972.99987369800988,800.76480943425543,4377.2351905657506,4377.2351905657506,16.600000000000001
228.75,116,5.9372116550738978,55.973073056480061,3.2834452967054584,0.89030250190537519,0.10245354760941554,30.09695923893122,4.0711311792254508,116.55570823562331,0.95421230855702377,235.04578769144294,0.00012466832982962407,972.99987533167052,972.99987533167052,799.52367213131686,4378.4763278686896,4378.4763278686896,16.600000000000001
229,116,5.9442435886994973,56.03199509283025,3.2609134451859778,0.88721892265548541,0.10233183873145733,30.034210557083284,4.0630325099078615,116.65229272643617,0.94991730107280559,235.05008269892716,0.00012305911963663791,972.99987694088065,972.99987694088065,798.28691999561454,4379.7130800043915,4379.7130800043915,16.600000000000001
229.25,116,5.9512733860401008,56.090862664804526,3.2385127611570548,0.88414105876308346,0.10221005010340646,29.97151284028886,4.0549383451433263,116.74868494454451,0.94565047722574458,235.0543495227742,0.00012147395544318977,972.99987852604477,972.99987852604477,797.05453726447161,4380.9454627355353,4380.9454627355353,16.600000000000001
229.5,116,5.9583009960181688,56.149675429104107,3.2162426884919291,0.88106892804900794,0.10208818234057328,29.908866464488113,4.0468487390656458,116.84488499756498,0.94141162379542609,235.05858837620454,0.00011991244005359143,972.99988008756031,972.99988008756031,795.82650822981861,4382.1734917701879,4382.1734917701879,16.600000000000001
229.75,116,5.9653263676917998,56.208433044094157,3.1941026717469367,0.87800254819999535,0.10196623606327025,29.846271803950753,4.0387637456415089,116.94089299439777,0.93720052934176612,235.06279947065821,0.00011837418336334097,972.9998816258169,972.9998816258169,794.60281723802279,4383.3971827619844,4383.3971827619844,16.600000000000001
230,116,5.972349450255428,56.267135169810139,3.1720921561737079,0.87494193676789689,0.10184421189676322,29.783729231269746,4.0306834186693461,117.03670904522278,0.93301698418909307,235.06698301581088,0.00011685880222486968,972.99988314119798,972.99988314119798,793.38344868971717,4384.6165513102897,4384.6165513102897,16.600000000000001
230.25,116,5.9793701930405385,56.325781467964134,3.1502105877312832,0.87188711116891027,0.1017221104712234,29.721239117355168,4.0226078117782125,117.13233326149545,0.92886078041037912,235.07113921958958,0.00011536592031610606,972.99988463407999,972.99988463407999,792.16838703963083,4385.8316129603754,4385.8316129603754,16.600000000000001
230.5,116,5.986388545516367,56.384371601951045,3.1284574130981788,0.86883808868287704,0.10159993242163579,29.658801831428057,4.0145369784267917,117.22776575594271,0.92473171181158009,235.07526828818837,0.00011389516800046066,972.99988610483229,972.99988610483229,790.95761679642123,4387.0423832035849,4387.0423832035849,16.600000000000001
230.75,116,5.993404457290608,56.442905236854727,3.1068320796843603,0.86579488645255254,0.10147767838774056,29.596417741014353,4.0064709719023144,117.32300664255892,0.92062957391615063,235.07937042608378,0.00011244618219800497,972.99988755381821,972.99988755381821,789.75112252250415,4388.2488774775029,4388.2488774775029,16.600000000000001
231,116,6.0004178781101292,56.501382039453894,3.0853340356431258,0.86275752148278329,0.10135534901406251,29.534087211939109,3.9984098453192121,117.41805603660195,0.91655416394978884,235.08344583605015,0.0001110186062821668,972.99988898139407,972.99988898139407,788.54888883388344,4389.4511111661232,4389.4511111661232,16.600000000000001
231.25,116,6.0074287578616703,56.559801678228077,3.0639627298829399,0.85972601063984411,0.10123294494981973,29.47181060832057,3.9903536516181499,117.51291405458892,0.91250528082521054,235.08749471917474,0.00010961208994755953,972.99989038791034,972.99989038791034,787.35090039998397,4390.649099600023,4390.649099600023,16.600000000000001
231.5,116,6.0144370465725547,56.618163823363432,3.0427176120791883,0.85670037065074067,0.10111046684887237,29.409588292564379,3.982302443564941,117.60758081429212,0.90848272512710471,235.09151727487284,0.00010822628909079826,972.99989177371128,972.99989177371128,786.15714194348357,4391.8428580565233,4391.8428580565233,16.600000000000001
231.75,116,6.0214426944113955,56.676468146758495,3.0215981326858521,0.8536806181025246,0.10098791536967194,29.347420625357895,3.9742562737494711,117.70205643473483,0.90448629909723,235.09551370090273,0.00010686086569385677,972.99989313913466,972.99989313913466,784.96759824014589,4393.0324017598605,4393.0324017598605,16.600000000000001
232,116,6.0284456516887976,56.734714322029774,3.0006037429471082,0.85066676944162278,0.10086529117521006,29.285307965664572,3.966215194584628,117.7963410361871,0.90051580661965136,235.09948419338028,0.00010551548770984368,972.99989448451265,972.99989448451265,783.78225411865321,4394.217745881353,4394.217745881353,16.600000000000001
232.25,116,6.0354458688580674,56.792902024517332,2.9797338949088519,0.84765884097317967,0.10074259493296746,29.223250670718436,3.9581792583052429,117.89043474016157,0.89657105320611452,235.10342894679385,0.00010418982895116197,972.99989581017144,972.99989581017144,782.60109446044055,4395.3989055395659,4395.3989055395659,16.600000000000001
232.5,116,6.0424432965159109,56.851030931290168,2.9589880414301422,0.84465684886041092,0.10061982731486471,29.161249096018619,3.9501485169670283,117.98433766940917,0.89265184598155667,235.10734815401838,0.00010288356897926382,972.9998971164315,972.9998971164315,781.42410419952898,4396.5758958004762,4396.5758958004762,16.600000000000001
232.75,116,6.049437885403151,56.909100721151596,2.9383656361945856,0.84166080912387775,0.10049698899726987,29.099303595324091,3.9421230224453767,118.07804994791505,0.88875799366967867,235.11124200633029,0.00010159639297790629,972.9998984036074,972.9998984036074,780.25126832235901,4397.7487316776469,4397.7487316776469,16.600000000000001
233,116,6.0564295864054136,56.967111074644443,2.917866133721609,0.83867073764096134,0.10037408066089118,29.037414520648277,3.9341028264344748,118.17157170089403,0.88488930657879961,235.11511069342117,0.00010032799166667395,972.99989967200884,972.99989967200884,779.08257186762705,4398.9174281323794,4398.9174281323794,16.600000000000001
233.25,116,6.0634183505538379,57.025061674056303,2.8974889893776625,0.83568665014526966,0.10025110299071816,28.975582222253848,3.9260879804462965,118.26490305478643,0.88104559658778114,235.11895440341218,9.9078061200611652e-05,972.99990092193923,972.99990092193923,777.91799992611993,4400.0820000738859,4400.0820000738859,16.600000000000001
233.5,116,6.0704041290257713,57.082952203424554,2.8772336593873526,0.83270856222601508,0.10012805667599071,28.913807048647641,3.9180785358095243,118.35804413725371,0.87722667713204949,235.12277332286789,9.7846303062804518e-05,972.99990215369735,972.99990215369735,776.75753764055105,4401.2424623594543,4401.2424623594543,16.600000000000001
233.75,116,6.0773868731454739,57.140782348541329,2.8570996008444944,0.82973648932743382,0.10000494241015041,28.852089346575593,3.9100745436685322,118.45099507717404,0.8734323631897708,235.12656763681019,9.6632423964911293e-05,972.99990336757639,972.99990336757639,775.60117020539553,4402.3988297946098,4402.3988297946098,16.600000000000001
234,116,6.0843665343848068,57.198551796958348,2.8370862717230767,0.82677044674821676,0.099881760890792148,28.790429461017816,3.9020760549823761,118.54375600463797,0.8696624712681561,235.13033752873179,9.5436135749725235e-05,972.99990456386467,972.99990456386467,774.44888286672767,4403.5511171332782,4403.5511171332782,16.600000000000001
234.25,116,6.0913430643639366,57.256260237991754,2.8171931308881484,0.82381044964095496,0.099758512819615744,28.728827735183717,3.8940831205237871,118.63632705094402,0.8659168193898934,235.13408318061008,9.425715529573084e-05,972.99990574284516,972.99990574284516,773.30066092205709,4404.6993390779489,4404.6993390779489,16.600000000000001
234.5,116,6.0983164148520235,57.313907362726752,2.7974196381066236,0.82085651301159657,0.099635198902378125,28.66728451050723,3.8860957908781799,118.72870834859422,0.8621952270797073,235.13780477292022,9.3095204423625856e-05,972.99990690479592,972.99990690479592,772.15648972016675,4405.8435102798385,4405.8435102798385,16.600000000000001
234.75,116,6.1052865377679142,57.371492864022208,2.7777652540580049,0.81790865171893168,0.099511819848839528,28.605800126642087,3.8781141164426653,118.82090003128972,0.85849751535103103,235.14150248464892,9.1950009801701835e-05,972.99990804999061,972.99990804999061,771.01635466095001,4406.9836453390562,4406.9836453390562,16.600000000000001
235,116,6.1122533851808312,57.429016436515177,2.7582294403450325,0.81496688047412769,0.09938837637269296,28.544374921457159,3.8701381474250804,118.91290223392615,0.8548235066927603,235.14517649330722,9.0821302844004299e-05,972.99990917869752,972.99990917869752,769.88024119524971,4408.1197588047562,4408.1197588047562,16.600000000000001
235.25,116,6.1192169093110609,57.486477776625208,2.7388116595042238,0.8120312138401421,0.099264869191553126,28.483009231032018,3.8621679338430082,119.00471509258931,0.85117302505627457,235.14882697494369,8.9708819641791656e-05,972.99991029118064,972.99991029118064,768.74813482469574,4409.2518651753107,4409.2518651753107,16.600000000000001
235.5,116,6.1261770625306413,57.543876582558738,2.7195113750163511,0.80910166623126012,0.099141299026896931,28.421703389652446,3.8542035255228129,119.09633874455048,0.84754589584246243,235.1524541041575,8.8612300870995596e-05,972.99991138769951,972.99991138769951,767.62002110154526,4410.3799788984616,4410.3799788984616,16.600000000000001
235.75,116,6.1331337973640396,57.6012125543132,2.7003280513168275,0.80617825191262515,0.099017666604012497,28.360457729806107,3.8462449720986931,119.18777332826197,0.8439419458888886,235.15605805411107,8.7531491705980836e-05,972.99991246850868,972.99991246850868,766.49588562852125,4411.5041143714852,4411.5041143714852,16.600000000000001
236,116,6.1400870664888405,57.65848539368119,2.6812611538060125,0.80326098499977672,0.098893972651951004,28.299272582178226,3.8382923230117356,119.27901898335254,0.84036100345708753,235.15963899654287,8.6466141736386783e-05,972.9999135338586,972.9999135338586,765.37571405865265,4412.6242859413542,4412.6242859413542,16.600000000000001
236.25,116,6.1470368227364158,57.715694804254461,2.6623101488594294,0.80034987945820157,0.098770217903478619,28.238148275647426,3.8303456275089767,119.37007585062274,0.83680289821997433,235.16319710177999,8.541600488565389e-05,972.99991458399552,972.99991458399552,764.25949209511532,4413.7405079048913,4413.7405079048913,16.600000000000001
236.5,116,6.1539830190926086,57.772840491427843,2.6434745038378966,0.79744494910289709,0.098646403095028395,28.177085137281601,3.8224049346424769,119.46094407204035,0.83326746124937445,235.16673253875058,8.4380839331208595e-05,972.99991561916113,972.99991561916113,763.14720549107165,4414.8527945089354,4414.8527945089354,16.600000000000001
236.75,116,6.1609256086983981,57.82992216240303,2.6247536870975754,0.79454620759794869,0.098522528966652534,28.116083492333946,3.8144702932684003,119.55162379073572,0.8297545250036692,235.17024547499628,8.3360407426282437e-05,972.99991663959293,972.99991663959293,762.03884004951249,4415.9611599504942,4415.9611599504942,16.600000000000001
237,116,6.1678645448505769,57.886939526192357,2.6061471679999357,0.79165366845611673,0.098398596261961555,28.055143664238969,3.8065417520461988,119.64211515099706,0.82626392331552123,235.17373607668443,8.2354475616581958e-05,972.99991764552476,972.99991764552476,760.93438162310008,4417.0656183769061,4417.0656183769061,16.600000000000001
237.25,116,6.1747997810024069,57.943892293622376,2.5876544169216258,0.78876734503843815,0.098274605728072797,27.994265974608684,3.7986193594377355,119.73241829826569,0.8227954913797394,235.17720450862021,8.1362814363364556e-05,972.99991863718594,972.99991863718594,759.83381611400978,4418.1661838859973,4418.1661838859973,16.600000000000001
237.5,116,6.1817312707642973,58.000780177337425,2.5692749052642569,0.78588725055384701,0.098150558115586414,27.933450743228825,3.7907031637062234,119.8225333791315,0.8193490657413306,235.18065093425861,8.0385198082179386e-05,972.99991961480225,972.99991961480225,758.73712947377078,4419.2628705262359,4419.2628705262359,16.600000000000001
237.75,116,6.1886589679044555,58.057602891803015,2.5510081054641036,0.78301339805879955,0.098026454178524236,27.872698288055187,3.7827932129154394,119.91246054132819,0.81592448428356368,235.18407551571639,7.9421405063974805e-05,972.99992057859527,972.99992057859527,757.64430770311003,4420.3556922968964,4420.3556922968964,16.600000000000001
238,116,6.1955828263495487,58.114360153309207,2.5328534910017177,0.78014580045691528,0.097902294674281062,27.812008925210034,3.7748895549288579,120.00219993372845,0.81252158621617632,235.18747841378377,7.8471217403997597e-05,972.99992152878292,972.99992152878292,756.5553368517958,4421.4446631482115,4421.4446631482115,16.600000000000001
238.25,116,6.2025028001853579,58.171051679973843,2.5148105364114484,0.77728447049863081,0.097778080363575867,27.751382968978579,3.7669922374087963,120.09175170633922,0.80914021206369358,235.19085978793626,7.7534420932173483e-05,972.99992246557929,972.99992246557929,755.47020301848113,4422.5297969815256,4422.5297969815256,16.600000000000001
238.5,116,6.2094188436574287,58.227677191745684,2.4968787172908824,0.77442942078086552,0.097653812010402949,27.690820731805601,3.7591013078155671,120.18111601029693,0.80578020365385372,235.19421979634609,7.6610805144890145e-05,972.99992338919526,972.99992338919526,754.38889235054853,4423.6111076494581,4423.6111076494581,16.600000000000001
238.75,116,6.216330911171716,58.284236410407473,2.4790575103101871,0.7715806637467012,0.097529490381983094,27.630322524292104,3.751216813406645,120.27029299786263,0.80244140410614284,235.19755859589381,7.5700163138161817e-05,972.99992429983718,972.99992429983718,753.31139104395425,4424.688608956053,4424.688608956053,16.600000000000001
239,116,6.2232389572952318,58.340729059578905,2.4613463932213713,0.76873821168507162,0.097405116248716658,27.569888655192059,3.7433388012358324,120.3592828224172,0.79912365782043293,235.20087634217953,7.4802291541778938e-05,972.99992519770876,972.99992519770876,752.23768534307362,4425.762314656934,4425.762314656934,16.600000000000001
239.25,116,6.2301429367566872,58.397154864719369,2.4437448448674499,0.76590207673041566,0.097280690384193763,27.509519431409331,3.7354673181521623,120.4480856384567,0.79582681046567361,235.20417318953429,7.3916990444982216e-05,972.99992608300988,972.99992608300988,751.16776154054355,4426.832238459464,4426.832238459464,16.600000000000001
239.5,116,6.2370428044471273,58.45351355313079,2.4262523451915272,0.76307227086244178,0.097156213565089952,27.449215157994544,3.7276024107993573,120.5367016015873,0.79255070896879509,235.20744929103117,7.3044063343138651e-05,972.99992695593698,972.99992695593698,750.10160597711115,4427.8983940228964,4427.8983940228964,16.600000000000001
239.75,116,6.2439385154205578,58.509804853960361,2.4088683752457856,0.76024880590586374,0.09703168657110918,27.388976138142098,3.7197441256150747,120.62513086852032,0.7892952015036695,235.21070479849627,7.2183317077557756e-05,972.99992781668323,972.99992781668323,749.03920504148084,4428.960794958527,4428.960794958527,16.600000000000001
240,116,6.2508300248945794,58.566028498203039,2.3915924172003842,0.75743169353012396,0.096907110184955833,27.32880267318729,3.7118925088300179,120.71337359706747,0.78606013748014869,235.21393986251982,7.1334561771577395e-05,972.99992866543857,972.99992866543857,747.98054517015942,4430.0194548298477,4430.0194548298477,16.600000000000001
