model_time,CD95,FADD,DISC,p55free,DISCp55,p30,p43,p18,p18inactive,Bid,tBid,PrNES_mCherry,PrNES,mCherry,PrER_mGFP,PrER,mGFP,CD95L
0,12,90,0,127,0,0,0,0,0,224,0,1909,0,0,3316,0,0,16.600000000000001
0.25,12,89.910579189734349,0.088725977141604809,126.99930516687596,0.00069417142195648217,6.6169118120963455e-07,1.0908727594196901e-11,1.4440496175719005e-14,5.4696143280185461e-17,223.99999999999994,5.6651937293387823e-14,1908.9999999999986,1.3904304507730342e-12,1.3904304507730342e-12,3316,2.9070418731958057e-15,2.9070418731958057e-15,16.600000000000001
0.5,12,89.821371763061549,0.17586551339290674,126.99723727645362,0.0027574571874064016,5.266016469138381e-06,3.4165168750777046e-10,8.6717141593358637e-13,5.9969770625994919e-15,223.99999999999659,3.4043467206463589e-12,1908.9999999999168,8.3554200818626123e-11,8.3554200818626123e-11,3315.9999999999995,3.187329560745658e-13,3.187329560745658e-13,16.600000000000001
0.75,12,89.732375281240309,0.26144567466369811,126.99382095589424,0.0061613609861784118,1.7680544278117612e-05,2.5655180966368249e-09,9.7194057439247906e-12,9.970749311521498e-14,223.99999999996172,3.8309323031898487e-11,1908.99999999906,9.4024056081592503e-10,9.4024056081592503e-10,3315.999999999995,5.2993472697428068e-12,5.2993472697428068e-12,16.600000000000001
1,12,89.643587345972108,0.34549310793947918,126.98908045385697,0.010877843262022645,4.1692135954383676e-05,1.0690444220892041e-08,5.3884514833887264e-11,7.3677308155804608e-13,223.9999999997867,2.1332115593661384e-10,1908.9999999947647,5.2356237964472722e-09,5.2356237964472722e-09,3315.9999999999613,3.9158706093061024e-11,3.9158706093061024e-11,16.600000000000001
1.25,12,89.555005598770919,0.42803404595046546,126.98303964451505,0.016879314790701934,8.1008226822948669e-05,3.226108702388415e-08,2.0287284620649212e-10,3.4702145873006861e-12,223.99999999919331,8.0669399244415671e-10,1908.999999980201,1.979900326686827e-08,1.979900326686827e-08,3315.9999999998158,1.8443821646767323e-10,1.8443821646767323e-10,16.600000000000001
1.5,12,89.466627720340796,0.5090943118731609,126.97572203160372,0.024138630320759542,0.00013925808310926216,7.9382158848978602e-08,5.9797117036769346e-10,1.229215625984869e-11,223.99999999761175,2.3882613741676332e-09,1908.9999999413842,5.8616024405610873e-08,5.8616024405610873e-08,3315.9999999993474,6.5331503861603513e-10,6.5331503861603513e-10,16.600000000000001
1.75,12,89.378451429960322,0.58869932406145009,126.96715075249756,0.032629082273083559,0.00021999403644182335,1.6966869675645822e-07,1.4884762187245296e-09,3.5753551306270427e-11,223.99999999402885,5.9711498554771574e-09,1908.9999998534479,1.4655224484168117e-07,1.4655224484168117e-07,3315.999999998101,1.9002632458074194e-09,1.9002632458074194e-09,16.600000000000001
2,12,89.290474484874537,0.66687410080280762,126.9573485823133,0.042324394501623119,0.00032669269590699214,3.2712512561984255e-07,3.2740290772542816e-09,9.0022092212801566e-11,223.99999998680801,1.3191991786915836e-08,1908.9999996762242,3.2377616657423452e-07,3.2377616657423452e-07,3315.9999999952161,4.784578507383022e-09,4.784578507383022e-09,16.600000000000001
2.25,12,89.202694679694289,0.74364326509472611,126.94633793803371,0.053198716115271744,0.00046275613841315934,5.8295729646058725e-07,6.5523063196613202e-09,2.0300873127343673e-10,223.99999997348263,2.6517400123209208e-08,1908.9999993491733,6.5082682718472475e-07,6.5082682718472475e-07,3315.9999999892107,1.078969826834314e-08,1.078969826834314e-08,16.600000000000001
2.5,12,89.115109845802905,0.81903104943738736,126.93414088264912,0.065226615361662119,0.00063151307774914707,9.7632030040388863e-07,1.2171504487220618e-08,4.1967962587716815e-10,223.99999995052491,4.9475099955774071e-08,1908.9999987857136,1.2142865505723233e-06,1.2142865505723233e-06,3315.9999999776946,2.2305525994735319e-08,2.2305525994735319e-08,16.600000000000001
2.75,12,89.027717850770173,0.89306130063782441,126.92077912931238,0.078383073573446219,0.00083622001288952055,1.5550056776660746e-06,2.1286940404000955e-08,8.0867905294238799e-10,223.9999999130923,8.6907712213147093e-08,1908.9999978669905,2.1330096585795241e-06,2.1330096585795241e-06,3315.9999999570196,4.298043203561987e-08,4.298043203561987e-08,16.600000000000001
3,12,88.940516597773808,0.96575748462245214,126.90627404550459,0.092643479177360794,0.0010800623559214947,2.3760704606531547e-06,3.5421340102479048e-08,1.4703311038670577e-09,223.99999985475213,1.4524787083894771e-07,1908.9999964351252,3.5648747783383496e-06,3.5648747783383496e-06,3315.9999999218539,7.8146535203729078e-08,7.8146535203729078e-08,16.600000000000001
3.25,12,88.8535040250283,1.0371426912543005,126.89064665720821,0.10798362176644963,0.0013661555400315366,3.5064109076012467e-06,5.6528310052717664e-08,2.5461035918511998e-09,223.99999976718692,2.3281309995716287e-07,1908.9999942859779,5.7140221264886557e-06,5.7140221264886557e-06,3315.9999998646776,1.3532269938922219e-07,1.3532269938922219e-07,16.600000000000001
3.5,12,88.766678105221118,1.107239639150565,126.87391765308368,0.12437968623585058,0.0016975461080818198,5.0232843740334206e-06,8.7058393004212739e-08,4.2296271815608404e-09,223.99999963988142,3.6011859749841797e-07,1908.9999911614698,8.8385302783453981e-06,8.8385302783453981e-06,3315.9999997752002,2.2480018858736533e-07,2.2480018858736533e-07,16.600000000000001
3.75,12,88.680036844956277,1.1760706804979535,126.85610738864753,0.14180824698226083,0.0020772127821055233,7.0147814139521196e-06,1.3002738701052423e-07,6.7793025899710922e-09,223.99999945979317,5.4020682468580553e-07,1908.9999867414945,1.3258505409366506e-05,1.3258505409366506e-05,3315.9999996396873,3.6031272622065522e-07,3.6031272622065522e-07,16.600000000000001
4,12,88.59357828420525,1.2436578058623595,126.83723589044858,0.16024626216730348,0.0025080675141607102,9.5802509272592988e-06,1.8908647284443546e-07,1.0532553390135978e-08,223.99999921100761,7.8899240673903335e-07,1908.9999806354535,1.9364546325126759e-05,1.9364546325126759e-05,3315.999999440206,5.5979401650613101e-07,5.5979401650613101e-07,16.600000000000001
4.25,12,88.507300495765435,1.3100226489898954,126.81732286023978,0.17967106804491703,0.0029929565189333153,1.2830680825545745e-05,2.685937732600042e-07,1.5921762344739672e-08,223.99999887437897,1.1256210533712339e-06,1908.9999723734461,2.7626553583505987e-05,2.7626553583505987e-05,3315.9999991537752,8.4622474363909569e-07,8.4622474363909569e-07,16.600000000000001
4.5,12,88.421201584725637,1.3751864915964656,126.79638767914317,0.20006037335283391,0.0035346612884715918,1.6889036612932931e-05,3.7368699463055034e-07,2.3491919286865108e-08,223.99999842715877,1.5728412654949473e-06,1908.9999613971474,3.8602852432301111e-05,3.8602852432301111e-05,3315.9999987514293,1.2485705378888768e-06,1.2485705378888768e-06,16.600000000000001
4.75,12,88.335279687939035,1.4391702681430785,126.77444941180529,0.22139225376821262,0.0041358995894315914,2.189056025819052e-05,5.1035680453642536e-07,3.3920008317685674e-08,223.99999784261243,2.1573875986790638e-06,1908.9999470504006,5.2949599386675693e-05,5.2949599386675693e-05,3315.9999981971878,1.8028123845354489e-06,1.8028123845354489e-06,16.600000000000001
5,12,88.249532973503477,1.5019945705945437,126.75152681054118,0.24364514642735247,0.0047993264431809941,2.7983031470828642e-05,6.8552067531996e-07,4.8036138387989998e-08,223.99999708962559,2.9103744320931212e-06,1908.9999285695533,7.1430446643900032e-05,7.1430446643900032e-05,3315.9999974469306,2.5530696917953585e-06,2.5530696917953585e-06,16.600000000000001
5.25,12,88.163959640248805,1.5636796531591093,126.72763831946457,0.26679784450944699,0.0055275350891151216,3.5326993546736101e-05,9.0709690822071251e-07,6.684642599441776e-08,223.99999613230088,3.8676991533932385e-06,1908.9999050735623,9.4926437593347129e-05,9.4926437593347129e-05,3315.9999964471835,3.5528164817706378e-06,3.5528164817706378e-06,16.600000000000001
5.5,12,88.078557917231606,1.6242454370065129,126.70280207860192,0.29082949188438051,0.0063230579315430033,4.4095945979220437e-05,1.1840785317840456e-06,9.1557649220854248e-08,223.9999949295464,5.0704536402295141e-06,1908.9998755538938,0.00012444610594849049,0.00012444610594849049,3315.9999951338086,4.8661917264921938e-06,4.8661917264921938e-06,16.600000000000001
5.75,12,87.993326063236978,1.683711514962744,126.67703592798917,0.31571957782428817,0.007188367470444235,5.4476505563861247e-05,1.5266069198677367e-06,1.236036392894276e-07,223.9999934346568,6.5653432417124387e-06,1908.9998388642409,0.00016113575894647668,0.00016113575894647668,3315.9999934305979,6.5694020307269771e-06,6.5694020307269771e-06,16.600000000000001
6,12,87.908262366287502,1.7420971561791398,126.65035741174836,0.34144793177885008,0.0081258772164429557,6.666853808972632e-05,1.9460448452947785e-06,1.6467342360032365e-07,223.99999159488783,8.4051122012591852e-06,1908.9997937100811,0.00020628991863208665,0.00020628991863208665,3315.9999912477824,8.7522174045179131e-06,8.7522174045179131e-06,16.600000000000001
6.25,12,87.823365143159222,1.7994213107741885,126.62278378214349,0.36799471821404844,0.0091379425902910014,8.0885262277709651e-05,2.4550488181348032e-06,2.1674109071921669e-07,223.99998935102531,1.0648974749390284e-05,1908.9997386380974,0.00026136190229008547,0.00026136190229008547,3315.9999884804415,1.1519558555358947e-05,1.1519558555358947e-05,16.600000000000001
6.5,12,87.738632738904741,1.8557026144461499,126.59433200361299,0.39534043151420201,0.010226861807171818,9.7353327768407401e-05,3.0676405103659736e-06,2.8209736344494162e-07,223.99998663694905,1.336305100366617e-05,1908.9996720254792,0.00032797452084684626,0.00032797452084684626,3315.9999850068248,1.4993174962952423e-05,1.4993174962952423e-05,16.600000000000001
6.75,12,87.654063526383212,1.9109593930548712,126.56501875677813,0.42346589094703091,0.011394876746115222,0.00011631286879208657,3.799277108875457e-06,3.6338285682891332e-07,223.99998337919314,1.6620806913964964e-05,1908.9995920691235,0.00040793087654019891,0.00040793087654019891,3315.9999806865872,1.9313412507265945e-05,1.9313412507265945e-05,16.600000000000001
7,12,87.569655905797376,1.9652096671712647,126.5348604424252,0.4523522356914717,0.012644173804807571,0.00013801753510143884,4.6669204554775982e-06,4.6362299138769515e-07,223.99997949650253,2.0503497520661706e-05,1908.9994967747582,0.00050322524187710325,0.00050322524187710325,3315.9999753589304,2.464106906822464e-05,2.464106906822464e-05,16.600000000000001
7.25,12,87.485408304237311,2.0184711565929931,126.50387318546095,0.48198091992795677,0.013976884740074162,0.00016273450168151162,5.6891048402539727e-06,5.8626453329187018e-07,223.99997489938721,2.5100612835699658e-05,1908.9993839459971,0.00061605400293869485,0.00061605400293869485,3315.9999688406629,3.1159336597301814e-05,3.1159336597301814e-05,16.600000000000001
7.5,12,87.401319175231166,2.0707612848250299,126.47207283883915,0.51233370799084177,0.015395087494301796,0.00019074445867702793,6.8860033334718989e-06,7.3521372788627503e-07,223.99996948967436,3.0510325699404507e-05,1908.999251173349,0.00074882665114358335,0.00074882665114358335,3315.9999609241718,3.9075827872764463e-05,3.9075827872764463e-05,16.600000000000001
7.75,12,87.317386998302538,2.122097183523866,126.43947498745787,0.5433926695826361,0.016900807008061389,0.00022234158290470978,8.2794925576079207e-06,9.1487598874090412e-07,223.99996316005902,3.683994100757975e-05,1908.9990958231915,0.00090417680860289582,0.00090417680860289582,3315.9999513753137,4.8624685929452642e-05,4.8624685929452642e-05,16.600000000000001
8,12,87.23361027853467,2.1724956969041842,126.40609495202595,0.57514017504969461,0.01849601601918564,0.00025783349227645648,9.8932158032301459e-06,1.1301971067921883e-06,223.99995579365429,4.4206345725410536e-05,1908.9989150267277,0.0010849732727383251,0.0010849732727383251,3315.9999399312255,6.0068774279395036e-05,6.0068774279395036e-05,16.600000000000001
8.25,12,87.149987546141134,2.2219733861069546,126.37194779289776,0.60755889071899205,0.020182635848546873,0.00029754118437455037,1.1752644414725155e-05,1.3867059376683457e-06,223.99994726354086,5.2736459157755306e-05,1908.9987056689331,0.0012943310671361869,0.0012943310671361869,3315.9999262980541,7.3701945695897532e-05,7.3701945695897532e-05,16.600000000000001
8.5,12,87.066517356043292,2.2705465335280119,126.33704831387541,0.64063177429557838,0.021962537172772079,0.00034179896035013393,1.3885137385461885e-05,1.6905585228109265e-06,223.99993743231698,6.2567682984334519e-05,1908.9984643775135,0.0015356224865653799,0.0015356224865653799,3315.9999101486128,8.9851387201847941e-05,8.9851387201847941e-05,16.600000000000001
8.75,12,86.983198287454087,2.3182311471060988,126.3014110659775,0.67434207032034921,0.023837540784134727,0.00039095433533174192,1.6319999084933092e-05,2.0485836086704626e-06,223.99992615164942,7.3848350550024448e-05,1908.9981875118763,0.0018124881236331713,0.0018124881236331713,3315.9998911199609,0.00010888003936345655,0.00010888003936345655,16.600000000000001
9,12,86.900028943468456,2.3650429645696627,126.26505035117351,0.70867330568768416,0.025809418337844003,0.00044536793637293417,1.9088535088105864e-05,2.468329512920555e-06,223.99991326182499,8.6738175003878653e-05,1908.997871152133,0.0021288478670942372,0.0021288478670942372,3315.9998688109131,0.00013118908717577607,0.00013118908717577607,16.600000000000001
9.25,12,86.817007950659942,2.4109974576416526,126.22798022608325,0.74360928522251568,0.027879893086950779,0.00050541338895726019,2.2224106072186417e-05,2.9581122902066574e-06,223.99989859130412,0.00010140869588116404,1908.9975110881385,0.0024889118618406916,0.0024889118618406916,3315.9998427794803,0.00015722052001609048,0.00015722052001609048,16.600000000000001
9.5,12,86.73413395868387,2.4561098362015659,126.19021450564054,0.77913408731641753,0.030050640605090464,0.00057147719307327745,2.5762179733482578e-05,3.5270651577233562e-06,223.99988195627625,0.00011804372371571504,1908.9971028085797,0.002897191420426264,0.002897191420426264,3315.9998125402417,0.0001874597585545852,0.0001874597585545852,16.600000000000001
9.75,12,86.651405639886576,2.5003950524041887,126.15176676672091,0.81523205962224288,0.032323289497267323,0.0006439585897505015,2.9740380713188727e-05,4.1851891295726477e-06,223.99986316021764,0.00013683978234983597,1908.9966414901221,0.0033585098779405744,0.0033585098779405744,3315.9997775616539,0.00022243834590894899,0.00022243834590894899,16.600000000000001
10,12,86.568821688920863,2.5438678047544845,126.11265035173203,0.85188781480684483,0.034699422098883777,0.00072326941893210365,3.419853851809447e-05,4.943404811364838e-06,223.99984199345135,0.00015800654861285285,1908.9961219866179,0.0038780133821406169,0.0038780133821406169,3315.9997372632997,0.00026273670046282019,0.00026273670046282019,16.600000000000001
10.25,12,86.486380822367735,2.586542542138083,126.0728783721671,0.88908622636143519,0.037180575163217114,0.00080983396954093369,3.9178733413620854e-05,5.8136053129168847e-06,223.99981823271091,0.00018176728904142374,1908.9955388183894,0.0044611816107937591,0.0044611816107937591,3315.9996910130717,0.00030898692810777322,0.00030898692810777322,16.600000000000001
10.5,12,86.404081778363903,2.6284334678070675,126.03246371212045,0.92681242446904766,0.039768240537527935,0.0009040888224600566,4.472534031518865e-05,6.8087102195383695e-06,223.99979164070655,0.00020835929341137053,1908.9948861615894,0.0051138384105586451,0.0051138384105586451,3315.9996381243091,0.00036187569074555006,0.00036187569074555006,16.600000000000001
10.75,12,86.321923316235541,2.669554543320519,125.99141903176483,0.96505179192869484,0.042463865828000415,0.001006482687254186,5.0885070641602165e-05,7.9427205901369827e-06,223.9997619656952,0.00023803430475349927,1908.9941578376508,0.0058421623493360459,0.0058421623493360459,3315.999577852871,0.00042214712936164016,0.00042214712936164016,16.600000000000001
11,12,86.239904216137759,2.7099194924396492,125.94975677079032,1.0037899601356515,0.045268855053687079,0.0011174762332536729,5.770701217530379e-05,9.2307749190001651e-06,223.99972894105429,0.0002710589456801006,1908.9933473028223,0.0066526971778088162,0.0066526971778088162,3315.999509394162,0.00049060583831365176,0.00049060583831365176,16.600000000000001
11.25,12,86.158023278700085,2.7495418049771589,125.9074891518043,1.0430128051174163,0.048184569289644888,0.0012375419157136486,6.5242666917833184e-05,1.0689206024120785e-05,223.99969228485918,0.00030771514076636625,1908.992447637806,0.0075523621938607547,0.0075523621938607547,3315.9994318801114,0.00056811988886039443,0.00056811988886039443,16.600000000000001
11.5,12,86.076279324677472,2.7884347406006471,125.86462818369235,1.0827064436248122,0.051212327299432821,0.0013671637976432616,7.3545986971863356e-05,1.233559880891914e-05,223.99965169946512,0.00034830053481269327,1908.9914515374944,0.0085484625055684497,0.0085484625055684497,3315.9993443761014,0.00065562389910616813,0.00065562389910616813,16.600000000000001
11.75,12,85.994671194607335,2.8266113325898639,125.8211856649399,1.1228572292777399,0.054353406157144894,0.0015068373679090316,8.2673408462310253e-05,1.4188848854182049e-05,223.99960687109316,0.00039312890679447406,1908.9903513008119,0.0096486991879820294,0.0096486991879820294,3315.9992458778529,0.00075412214806464689,0.00075412214806464689,16.600000000000001
12,12,85.913197748471958,2.8640843915477014,125.77717318691435,1.1634517487650498,0.057609041859143166,0.0016570693561541317,9.268388352757465e-05,1.6269221791267043e-05,223.99955746942061,0.0004425305793487091,1908.9891388206697,0.010861179329955884,0.010861179329955884,3315.9991353082696,0.00086469173123964837,0.00086469173123964837,16.600000000000001
12.25,12,85.831857865366445,2.9008665090648065,125.73260213710745,1.204476818098027,0.060980429925655576,0.0018183775450622507,0.00010363891040378745,1.859841341345273e-05,223.99950314717631,0.00049685282364694036,1908.9878055740326,0.012194425967291953,0.012194425967291953,3315.9990115142455,0.00098848575543018314,0.00098848575543018314,16.600000000000001
12.5,12,85.750650443172418,2.9369700613377745,125.6874837023381,1.2459194789169581,0.064468725992396253,0.0019912905804468379,0.00011560256163702348,2.1199610478732969e-05,223.99944353974041,0.000556460259531852,1908.9863426121008,0.013657387899137632,0.013657387899137632,3315.9988732634306,0.0011267365702764282,0.0011267365702764282,16.600000000000001
12.75,12,85.669574398236847,2.9724072127409067,125.64182887191515,1.2877669948502608,0.068075046392365876,0.0021763477796301394,0.00012864151045389785,2.4097552161179477e-05,223.99937826474917,0.00062173525079842575,1908.984740550615,0.01525944938466425,0.01525944938466425,3315.9987192409667,0.0012807590342667032,0.0012807590342667032,16.600000000000001
13,12,85.588628665056319,3.007189919351537,125.59564844076041,1.3300068479256435,0.071800468727983041,0.0023740989385363006,0.00014282505532876784,2.7318592106554493e-05,223.99930692170446,0.00069307829552407859,1908.9829895602822,0.017010439717625819,0.017010439717625819,3315.9985480461878,0.0014519538128485708,0.0014519538128485708,16.600000000000001
13.25,12,85.50781219596665,3.0413299324289951,125.54895301249182,1.3726267350327677,0.075646032433696969,0.0025851041379034009,0.00015822514278379519,3.0890761050530048e-05,223.9992290915886,0.00077090841135967012,1908.9810793573231,0.018920642676577306,0.018920642676577306,3315.9983581892943,0.0016418107064292964,0.0016418107064292964,16.600000000000001
13.5,12,85.427123960837633,3.0748388018472763,125.50175300246651,1.4156145644368787,0.079612739329227064,0.0028099335489871905,0.00017491638846239396,3.484382995774491e-05,223.99914433648425,0.00085566351570957422,1908.9789991941507,0.021000805848927693,0.021000805848927693,3315.9981480879951,0.0018519120060440206,0.0018519120060440206,16.600000000000001
13.75,12,85.346562946772934,3.1077278794815251,125.45405864078431,1.4589584523428765,0.08370155416357275,0.0030491672391098116,0.00019297609651628908,3.9209373641366589e-05,223.99905219919921,0.00094780080073636637,1908.9767378501724,0.023262149827179918,0.023262149827179918,3315.9979160641265,0.0020839358745462118,0.0020839358745462118,16.600000000000001
14,12,85.266128157814933,3.1400083225484785,125.40587997525125,1.5026467195092901,0.087913405149934135,0.0033033949773795925,0.00021248427734860549,4.4020834823724027e-05,223.99895220289682,0.001047797103139724,1908.9742836227235,0.0257163772760498,0.0257163772760498,3315.9976603402492,0.0023396597512225104,0.0023396597512225104,16.600000000000001
14.25,12,85.185818614654806,3.1716910969010494,125.35722687430351,1.5466678879116125,0.092249184491678848,0.0035732160408706182,0.00023352366376245577,4.931358859739691e-05,223.99884385073128,0.0011561492686805906,1908.9716243181301,0.028375681869678569,0.028375681869678569,3315.9973790362228,0.0026209637776710157,0.0026209637776710157,16.600000000000001
14.5,12,85.105633354347276,3.2027869802771805,125.30810902989167,1.5910106774544837,0.096709748899494602,0.0038592390215782223,0.00025617972554520642,5.5125007254690675e-05,223.99872662548859,0.0012733745113938822,1908.9687472429023,0.031252757097467908,0.031252757097467908,3315.997070165758,0.0029298342432365,0.0029298342432365,16.600000000000001
14.75,12,85.025571430030382,3.2333065655032573,125.25853596032564,1.6356640027321563,0.10129592009985387,0.0041620816343694534,0.00028054068255260804,6.1494525441610392e-05,223.99859998923247,0.0014000107675012287,1908.9656391950612,0.034360804938733523,0.034360804938733523,3315.9967316329535,0.0032683670476667103,0.0032683670476667103,16.600000000000001
15,12,84.945631910649908,3.2632602636522656,125.20851701308025,1.6806169698367361,0.10600848533492445,0.0044823705261931432,0.00030669751632384992,6.8463705607724144e-05,223.99846338295598,0.0015366170439906307,1908.9622864555943,0.037713544405279353,0.037713544405279353,3315.9963612288211,0.0036387711794671771,0.0036387711794671771,16.600000000000001
15.25,12,84.865813880688592,3.2926583071569389,125.15806136756154,1.7258588732136499,0.11084819785405294,0.0048207410867776778,0.00033474398027870351,7.6076303714334059e-05,223.9983162262381,0.0016837737618593037,1908.9586747800479,0.04132521995170195,0.04132521995170195,3315.9959566277926,0.0040433722079532726,0.0040433722079532726,16.600000000000001
15.5,12,84.78611643990007,3.3215107528781935,125.10717803783454,1.7713791925638078,0.11581577739694529,0.0051778372610104574,0.00036477660854553312,8.4378335167403188e-05,223.99815791690594,0.0018420830940294388,1908.9547893902461,0.045210609753566354,0.045210609753566354,3315.9955153842138,0.0044846157872130065,0.0044846157872130065,16.600000000000001
15.75,12,84.706538703047102,3.3498274851291785,125.05587587531187,1.8171675897919257,0.12091191066866455,0.0055543113631496225,0.00039689472346809935,9.341814094560281e-05,223.99798783070196,0.0020121692979654785,1908.9506149661454,0.049385033854059207,0.049385033854059207,3315.9950349288306,0.0049650711704028695,0.0049650711704028695,16.600000000000001
16,12,84.627079799644704,3.3776182186550789,125.00416357140408,1.8632139060004977,0.12613725180657784,0.0059508238931660967,0.00043120044182224867,0.00010324645389106486,223.99780532095699,0.0021946790429404903,1908.9461356378217,0.053864362177701457,0.053864362177701457,3315.9945125652685,0.0054874347326475418,0.0054874347326475418,16.600000000000001
16.25,12,84.547738873707388,3.4048925015692784,124.95204966013171,1.9095081585288474,0.13149242283935267,0.0063680433551675623,0.0004677986798194328,0.00011391646513244399,223.99760971826782,0.0023902817320906227,1908.941334977585,0.058665022414448265,0.058665022414448265,3315.9939454664996,0.0060545335009270784,0.0060545335009270784,16.600000000000001
16.5,12,84.468515083500932,3.431659718245915,124.89954252069934,1.9560405380367751,0.13697801413813887,0.0068066460782582223,0.00050679715691008672,0.00012548389061326249,223.99740033018074,0.0025996698191651062,1908.9361959922278,0.063804007771752408,0.063804007771752408,3315.993330671311,0.0066693286895071939,0.0066693286895071939,16.600000000000001
16.75,12,84.389407601298544,3.4579290921693784,124.84665038003178,2.0028014056322463,0.14259458486003876,0.0072673160398239707,0.00054830639845465385,0.00013800703769683149,223.99717644087983,0.0028235591200852315,1908.9307011154021,0.069298884597269073,0.069298884597269073,3315.9926650807611,0.0073349192393842404,0.0073349192393842404,16.600000000000001
17,12,84.310415613140989,3.4837096887410821,124.79338131527295,2.0497812900425978,0.14834266338397942,0.0077507446913752153,0.00059243973730535116,0.00015154687182125621,223.99693731088058,0.0030626891193414178,1908.9248322001267,0.075167799872781854,0.075167799872781854,3315.9919454546402,0.008054545360331216,0.008054545360331216,16.600000000000001
17.25,12,84.231538318601253,3.5090104180437325,124.73974325624748,2.0969708848287709,0.15422274773910982,0.0082576307871600578,0.0006393133143268088,0.00016616708317976383,223.99668217672871,0.0033178232712087817,1908.918570511421,0.081429488578713127,0.081429488578713127,3315.9911684079266,0.0088315920742212117,0.0088315920742212117,16.600000000000001
17.5,12,84.152774930553022,3.5338400375637518,124.68574398788546,2.1443610456419959,0.16023530602581221,0.0087886802154352184,0.00068904607793034438,0.00018193415340148067,223.996410250704,0.0035897492959449124,1908.9118967190664,0.088103280933124736,0.088103280933124736,3315.9903304072427,0.0096695927583039954,0.0096695927583039954,16.600000000000001
17.75,12,84.074124674943434,3.5582071548719352,124.63139115261055,2.191942787522478,0.16638077682945912,0.0093446058327123459,0.00074175978263190669,0.00019891742220906467,223.99612072052906,0.0038792794708863536,1908.9047908904965,0.095209109502969458,0.095209109502969458,3315.9894277673134,0.010572232687170564,0.010572232687170564,16.600000000000001
18,12,83.995586790569675,3.5821202302630062,124.57669225269194,2.2397072822395097,0.17265956962700243,0.0099261273008440318,0.0007975789867048468,0.00021718915403197097,223.99581274908331,0.0041872509166141648,1908.8972324838078,0.10276751619165254,0.10276751619165254,3315.9884566474284,0.011543352572275177,0.011543352572275177,16.600000000000001
18.25,12,83.917160528859526,3.6055875793543195,124.52165465256034,2.2876458556725381,0.1790720651865115,0.01053397092713527,0.00085663104895340703,0.00023682460455300372,223.99548547412175,0.0045145258781754179,1908.8892003408973,0.1107996591023933,0.1107996591023933,3315.9874130479029,0.012586952097816795,0.012586952097816795,16.600000000000001
18.5,12,83.838845153655939,3.6286173756441511,124.46628558108827,2.3357499852326686,0.18561861595976203,0.011168869507511463,0.0009190461246516658,0.0002579020871678521,223.99513800799846,0.0048619920014330315,1908.8806726807206,0.11932731927900049,0.11932731927900049,3315.986292806549,0.013707193451893898,0.013707193451893898,16.600000000000001
18.75,12,83.760639941005167,3.6512176530301099,124.41059213383524,2.3840112973240828,0.19229954646796954,0.011831562172699069,0.00098495716069760047,0.0002805030393402718,223.99476943739526,0.0052305626046530917,1908.871627092673,0.12837290732657275,0.12837290732657275,3315.9850915951483,0.014908404852004431,0.014908404852004431,16.600000000000001
19,12,83.682544178948845,3.6733963082878831,124.35458127525791,2.4324215648448981,0.19911515368078286,0.012522794237615976,0.0010544998900047697,0.00030471208883092087,223.9943788230546,0.0056211769453057394,1908.8620405300883,0.13795946991132768,0.13795946991132768,3315.9838049159366,0.016195084063709304,0.016195084063709304,16.600000000000001
19.25,12,83.604557167319655,3.6951611035109595,124.29825984088565,2.480972704726951,0.2060657073886234,0.01324331705384108,0.0011278128251871221,0.00033061711978606389,223.9939651995177,0.006034800482232673,1908.8518893038565,0.14811069614315114,0.14811069614315114,3315.9824280980883,0.017571901911721474,0.017571901911721474,16.600000000000001
19.5,12,83.526678217540635,3.7165196685117041,124.2416345394621,2.5296567755139945,0.21315145056847129,0.013993887865228207,0.0012050372515706161,0.00035830933866825329,223.9935275748667,0.006472425133225451,1908.8411490761578,0.15885092384174643,0.15885092384174643,3315.9809562942182,0.019043705782458641,0.019043705782458641,16.600000000000001
19.75,12,83.448906652428107,3.7374795031841219,124.18471195505265,2.5784659749778607,0.22037259974320267,0.014775269666749677,0.0012863172195588177,0.00038788334001272338,223.99306493047189,0.0069350695280413219,1908.8297948543127,0.1702051456868138,0.1702051456868138,3315.9793844768833,0.020615523117181997,0.020615523117181997,16.600000000000001
20,12,83.371241805998039,3.7580479798288553,124.1274985491185,2.6273926377720622,0.22772934533456771,0.015588231066511058,0.0013717995363988957,0.00041943717199457298,223.99257622074296,0.0074237792569687589,1908.8178009847445,0.18219901525482832,0.18219901525482832,3315.9777074351055,0.022292564894919889,0.022292564894919889,16.600000000000001
20.25,12,83.293683023275989,3.7782323454408946,124.07000066255769,2.6764292331223616,0.23522185200989873,0.016433546150900844,0.0014616337573810088,0.00045307240179606403,223.99206037288491,0.0079396271150287117,1908.8051411470549,0.1948588529442811,0.1948588529442811,3315.9759197708959,0.024080229104595605,0.024080229104595605,16.600000000000001
20.5,12,83.216229660110258,3.7980397239603412,124.01222451771335,2.7255683625538172,0.24285025902265431,0.01731199435296555,0.0015559721765032984,0.00048889418075524077,223.99151628665808,0.0084837133418409396,1908.7917883482094,0.20821165178990855,0.20821165178990855,3315.9740158957952,0.025984104205349672,0.025984104205349672,16.600000000000001
20.75,12,83.138881082988632,3.8174771184867482,123.95417622034945,2.7748027576538594,0.25061468054687919,0.01822436032392491,0.0016549698166316018,0.00052701130929011075,223.99094283414269,0.0090571658572549812,1908.7777149168312,0.22228508316806991,0.22228508316806991,3315.9719900274254,0.028009972574734168,0.028009972574734168,16.600000000000001
21,12,83.061636668858156,3.8365514134574714,123.89586176159484,2.8241252778708805,0.2585152060056794,0.019171433807849889,0.0017587844191934807,0.00056753630158095422,223.99033885950709,0.0096611404928177245,1908.7628924976043,0.23710750239484693,0.23710750239484693,3315.9698361860565,0.030163813943842748,0.030163813943842748,16.600000000000001
21.25,12,82.984495804948395,3.8552693767904835,123.83728701985544,2.8735289083478972,0.266551900393799,0.02015400951946834,0.001867576433431075,0.00061058545000360987,223.98970317878076,0.010296821219147791,1908.7472920457808,0.25270795421830494,0.25270795421830494,3315.9675481911813,0.032451808818979348,0.032451808818979348,16.600000000000001
21.5,12,82.907457888597662,3.8736376619921029,123.77845776269521,2.9230067577908194,0.27472480459438592,0.021172887025073733,0.001981509005242436,0.00065627888930342489,223.98903457963061,0.010965420369290756,1908.7308838217925,0.26911617820647032,0.26911617820647032,3315.9651196581112,0.034880341889301718,0.034880341889301718,16.600000000000001
21.75,12,82.830522327082548,3.8916628102300899,123.71937964868647,2.9725520563708461,0.28303393569004115,0.02222887062652857,0.002100747965644694,0.00070474066049737178,223.9883318211418,0.011668178858130937,1908.7136373859664,0.28636261403265123,0.28636261403265123,3315.9625439945803,0.037456005419762912,0.037456005419762912,16.600000000000001
22,12,82.753688537450387,3.9093512523725718,123.66005822922956,3.0221581536605551,0.29147928726822903,0.023322769248299229,0.002225461818878156,0.00075609877450094599,223.98759363360202,0.012406366397933901,1908.6955215933394,0.30447840665958792,0.30447840665958792,3315.9598143973708,0.04018560262914888,0.04018560262914888,16.600000000000001
22.25,12,82.676955946354937,3.9267093109932469,123.60049895034251,3.0718185166032161,0.30006082972114312,0.024455396327507518,0.0023558217301825517,0.00081048527546823503,223.98681871828984,0.013181281710092417,1908.6765045885752,0.32349541142395416,0.32349541142395416,3315.9569238489471,0.043076151052579476,0.043076151052579476,16.600000000000001
22.5,12,82.60032398989479,3.9437432023432919,123.54070715442096,3.1215267275148597,0.30877851054011402,0.025627569707003046,0.0024920015132807319,0.00086803630383123153,223.98600574726677,0.013994252733147161,1908.6565538009763,0.34344619902279599,0.34344619902279599,3315.9538651141124,0.04613488588772572,0.04613488588772572,16.600000000000001
22.75,12,82.523792113454874,3.9604590382905918,123.48068808196884,3.171276482118575,0.31763225460465933,0.02684011153132751,0.0026341776175810294,0.00092889215904209033,223.98515336317277,0.014846636827179101,1908.6356359395954,0.36436406040368818,0.36436406040368818,3315.9506307366751,0.049369263324896245,0.049369263324896245,16.600000000000001
23,12,82.447359771550964,3.9768628282265124,123.42044687330034,3.2210615876108744,0.32662196446620123,0.02809384814549705,0.0027825291150932281,0.00099319736202502468,223.98426017902534,0.015739820974604905,1908.61371698844,0.38628301155911404,0.38628301155911404,3315.9472130361387,0.052786963861328057,0.052786963861328057,16.600000000000001
23.25,12,82.371026427676682,3.9929604809394244,123.3599885702117,3.2708759607605686,0.33574752062638336,0.029389609996985658,0.0029372376871105231,0.0010611007172926673,223.98332477802271,0.016675221977263999,1908.5907622017758,0.4092377982235868,0.4092377982235868,3315.9436041044019,0.056395895597383255,0.056395895597383255,16.600000000000001
23.5,12,82.294791554153434,4.0087578064610865,123.29931811762896,3.3207136260347081,0.34500878181099609,0.030728231539818355,0.0030984876108129354,0.0011327553747337924,223.98234571334922,0.017654286650742149,1908.5667360995078,0.43326390049126517,0.43326390049126517,3315.9397958024852,0.060204197514627467,0.060204197514627467,16.600000000000001
23.75,12,82.218654631983412,4.0242605178747111,123.23844036522159,3.3705687137620193,0.35440558523755389,0.032110551142344831,0.0032664657453799432,0.0012083188911378752,223.9813215079858,0.018678492014184082,1908.5416024626791,0.4583975373201537,0.4583975373201537,3315.9357797572593,0.064220242739892922,0.064220242739892922,16.600000000000001
24,12,82.1426151507047,4.0394742330998756,123.17736006899499,3.4204354583193428,0.36393774687926117,0.033537410996873421,0.0034413615182609493,0.0012879532913119753,223.98025065452197,0.019749345477974672,1908.5153243290292,0.48467567096974074,0.48467567096974074,3315.9315473582128,0.068452641786859586,0.068452641786859586,16.600000000000001
24.25,12,82.066672608249249,4.0544044766440939,123.11608189285327,3.4703081963509086,0.37360506172350294,0.035009657032300155,0.0036233669111432644,0.0013718251289025617,223.97913161497226,0.020868385027688278,1908.4878639886588,0.51213601134039355,0.51213601134039355,3315.9270897542178,0.072910245781653199,0.072910245781653199,16.600000000000001
24.5,12,81.990826510804027,4.0690566813205455,123.05461041013201,3.5201813650209393,0.38340730402477252,0.036528138829777776,0.0038126764455879568,0.0014601055469305709,223.97796282059571,0.022037179404220793,1908.4591829797864,0.54081702021267097,0.54081702021267097,3315.9223978503264,0.077602149672914039,0.077602149672914039,16.600000000000001
24.75,12,81.915076372673369,4.0834361899477623,122.9929501051142,3.570049500284326,0.39334422755492437,0.038093709539672727,0.0040094871690390605,0.0015529703378664272,223.97674267171737,0.023257328282567415,1908.4292420845638,0.57075791543507792,0.57075791543507792,3315.9174623045828,0.082537695416315213,0.082537695416315213,16.600000000000001
25,12,81.839421716145651,4.0975482570049211,122.93110537450696,3.6199072352007438,0.40341556584594185,0.039707225802797792,0.0042139986400641458,0.0016506000035184643,223.9754695375548,0.024530462445167333,1908.3980013250186,0.60199867498047921,0.60199867498047921,3315.9122735248498,0.087726475149462912,0.087726475149462912,16.600000000000001
25.25,12,81.76386207136062,4.1113980502742109,122.86908052890625,3.6697492982620639,0.41362103243094361,0.041369547672214645,0.0044264129141205278,0.0017531798144377218,223.97414175604533,0.025858243954620167,1908.3654199590351,0.63458004096398024,0.63458004096398024,3315.9068216656592,0.093178334339631894,0.093178334339631894,16.600000000000001
25.5,12,81.688396976180528,4.1249906524435218,122.80687979422615,3.7195705117585676,0.42396032107858017,0.043081538538858787,0.0046469345287995486,0.0018608998690699539,223.97275763367821,0.027242366321743542,1908.3314564764537,0.66854352354533597,0.66854352354533597,3315.9010966250817,0.098903374918168266,0.098903374918168266,16.600000000000001
25.75,12,81.613025976062985,4.1383310626866985,122.74450731310796,3.7693657901676327,0.43443310602393248,0.044844065058798774,0.0048757704891733674,0.0019739551525262385,223.97131544532846,0.028684554671514484,1908.2960685952355,0.70393140476348082,0.70393140476348082,3315.895088041606,0.10491195839364766,0.10491195839364766,16.600000000000001
26,12,81.537748623936025,4.1514241982191606,122.681967146307,3.8191301385669094,0.44503904219552332,0.046657997082427544,0.0051131302531797346,0.0020925455949829322,223.96981343409337,0.030186565906591342,1908.2592132577013,0.74078674229776953,0.74078674229776953,3315.8887852910552,0.11121470894451384,0.11121470894451384,16.600000000000001
26.25,12,81.462564480076253,4.1642748958176146,122.61926327404743,3.8688586510827121,0.45577776543640042,0.048524207587056105,0.0053592257166478665,0.0022168761297895754,223.96824981113321,0.031750188866754993,1908.2208466268737,0.77915337312509636,0.77915337312509636,3315.8821774835033,0.11782251649610347,0.11782251649610347,16.600000000000001
26.5,12,81.387473111987944,4.1768879133279837,122.55639959736604,3.918546509350842,0.46664889272364973,0.050443572609624766,0.0056142711987262972,0.002347156751148835,223.96662275551225,0.033377244487716083,1908.1809240828641,0.81907591713496619,0.81907591713496619,3315.8752534602263,0.12474653977313936,0.12474653977313936,16.600000000000001
26.75,12,81.312474094286202,4.1892679311272225,122.49337993941515,3.9681889810221431,0.47765202238013915,0.05241697118433538,0.0058784834267113142,0.0024836025715327141,223.96493041404548,0.03506958595448284,1908.1394002193811,0.86059978061784514,0.86059978061784514,3315.8680017906599,0.1319982093389642,0.1319982093389642,16.600000000000001
27,12,81.237567008581038,4.2014195535742376,122.43020804675531,4.0177814182797276,0.48878673428485248,0.054445285280196438,0.0061520815212463336,0.0026264338786846034,223.96317090114584,0.036829098854142539,1908.0962288402879,0.90377115971088762,0.90377115971088762,3315.8604107693886,0.13958923061081246,0.13958923061081246,16.600000000000001
27.25,12,81.162751443362311,4.2133473104465935,122.36688759063487,4.067319256371003,0.50005259008121572,0.056529399738927587,0.0064352869817785882,0.0027758761922268976,223.96134229867241,0.038657701327565248,1908.051362956207,0.94863704379191627,0.94863704379191627,3315.8524684131471,0.14753158685238155,0.14753158685238155,16.600000000000001
27.5,12,81.088026993890409,4.225055658317741,122.30342216821693,4.116798012196881,0.51144913337523779,0.058670202219801557,0.0067283236711446386,0.0029321603200363321,223.95944265578601,0.040557344213970815,1908.0047547812792,0.9952452187198606,0.9952452187198606,3315.8441624578436,0.15583754215602058,0.15583754215602058,16.600000000000001
27.75,12,81.013393262085842,4.2365489819393778,122.23981530381019,4.1662132828977354,0.52297588993514921,0.06086858314194922,0.0070314178008361785,0.0030955224141728894,223.9574699888031,0.042530011196915754,1907.9563557299352,1.0436442700635964,1.0436442700635964,3315.8354803556017,0.1645196443977506,0.1645196443977506,16.600000000000001
28,12,80.938849856421356,4.2478315955983357,122.17607045007699,4.2155607444647449,0.53463236788700674,0.063125435628613336,0.0073447979162101313,0.003266204026464061,223.95542228105236,0.044577718947645534,1907.906116413747,1.0938835862518879,1.0938835862518879,3315.8264092718264,0.17359072817308382,0.17359072817308382,16.600000000000001
28.25,12,80.864396391818076,4.2589077444251906,122.1121909891982,4.2648361503977759,0.54641805790210696,0.065441655456917325,0.007668694881251009,0.0034444521637749313,223.95329748273696,0.046702517263031651,1907.8539866383958,1.1460133616031063,1.1460133616031063,3315.8169360822822,0.18306391771748998,0.18306391771748998,16.600000000000001
28.5,12,80.790032489540948,4.2697816057093876,122.04818023404358,4.3140353303588945,0.55833243338619876,0.067818141004627561,0.0080033418638328878,0.0036305193428803994,223.9510935107952,0.048906489204766312,1907.7999154006652,1.2000845993338218,1.2000845993338218,3315.8070473701978,0.19295262980169314,0.19295262980169314,16.600000000000001
28.75,12,80.715757777097267,4.2804572901798261,121.98404142931125,4.3631541888596566,0.57037495066299493,0.070255793200327141,0.0083489743208088416,0.0038246636449965924,223.94880824876512,0.05119175123488124,1907.7438508855246,1.2561491144744326,1.2561491144744326,3315.7967294233908,0.20327057660894879,0.20327057660894879,16.600000000000001
29,12,80.641571888138259,4.2909388432483846,121.91977775263373,4.4121887039844889,0.58254504915152538,0.072755515477406024,0.0087058299829106227,0.0040271487699715981,223.94643954665264,0.053560453347334523,1907.6857404633097,1.3142595366889838,1.3142595366889838,3315.7859682314051,0.21403176859461254,0.21403176859461254,16.600000000000001
29.25,12,80.567474462360138,4.301230246259359,121.8553923156894,4.4611349261103301,0.59484215154523512,0.075318213724993199,0.0090741488399688867,0.004238244090103079,223.94398522079953,0.056014779200442462,1907.625530686938,1.3744693130608832,1.3744693130608832,3315.7747494826785,0.22525051732148504,0.22525051732148504,16.600000000000001
29.5,12,80.493465145408663,4.3113354176972898,121.79088816527636,4.5099889766665511,0.60726566398405446,0.0779447962435032,0.0094541731259593295,0.0044582247036088155,223.94144305375494,0.058556946245022903,1907.5631672892173,1.4368327107815029,1.4368327107815029,3315.7630585617217,0.23694143827780267,0.23694143827780267,16.600000000000001
29.75,12,80.419543588785842,4.3212582143698937,121.72626828436393,4.5587470469197058,0.61981497622253079,0.080636173702085631,0.0098461473040288017,0.0046873714877435513,223.93881079414999,0.06118920585001103,1907.4985951802364,1.501404819762328,1.501404819762328,3315.750880546324,0.2491194536755427,0.2491194536755427,16.600000000000001
30,12,80.345709449756271,4.3310024325935332,121.66153559314657,4.6074053967576702,0.63248946179916876,0.083393259093411554,0.010250318051644421,0.0049259711515639423,223.93608615657175,0.063913843428221886,1907.4317584448022,1.5682415551964444,1.5682415551964444,3315.7382002047743,0.26179979522554964,0.26179979522554964,16.600000000000001
30.25,12,80.271962391257475,4.3405718093327472,121.59669295005619,4.6559603535180729,0.64528847819786816,0.086216967693893198,0.010666934245660922,0.0051743162883335974,223.93326682144234,0.066733178557635373,1907.3626003399716,1.6373996600273626,1.6373996600273626,3315.7250019931043,0.27499800689553505,0.27499800689553505,16.600000000000001
30.5,12,80.198302081811406,4.3499700233253336,121.53174315276169,4.7044083108318819,0.65821136700739535,0.089108217024055456,0.011096246947402915,0.0054327054275756549,223.93035043489888,0.069649565101124855,1907.2910632926491,1.7089367073495501,1.7089367073495501,3315.7112700523526,0.28872994764702647,0.28872994764702647,16.600000000000001
30.75,12,80.12472819543585,4.3592006962058027,121.4666889391671,4.7527457274701952,0.67125745408135795,0.092067926806855341,0.011538509387728282,0.0057014430867750841,223.92733460867436,0.07266539132563346,1907.2170888972546,1.7829111027439997,1.7829111027439997,3315.6969882058502,0.30301179414936669,0.30301179414936669,16.600000000000001
31,12,80.051240411560244,4.3682673935810596,121.4015329883664,4.8009691262370868,0.68442604968983911,0.09509701893183331,0.01199397695214156,0.0059808398227216668,223.92421691998294,0.075783080017053278,1907.1406179134667,1.8593820865320547,1.8593820865320547,3315.6821399565224,0.31786004347734176,0.31786004347734176,16.600000000000001
31.25,12,79.977838414941431,4.3771736261018015,121.33627792159484,4.8490750928681319,0.6977164486710612,0.098196417417635934,0.012462907165843093,0.006271212282500189,223.92099491140581,0.079005088594204617,1907.0615902640402,1.9384097359586572,1.9384097359586572,3315.6667084842138,0.3332915157859499,0.3332915157859499,16.600000000000001
31.5,12,79.90452189557999,4.3859228505280834,121.27092630317523,4.8970602749360328,0.71112793058282087,0.10136704837314223,0.012945559678665459,0.0065728832541247775,223.91766609077837,0.08233390922165304,1906.9799450326991,2.0200549672995938,2.0200549672995938,3315.6506766430375,0.34932335696218986,0.34932335696218986,16.600000000000001
31.75,12,79.831290548641661,4.3945184707361831,121.20548064141066,4.9449213808124819,0.72465975984332409,0.10460983996642957,0.013442196250296008,0.0068861817168229551,223.91422793108211,0.085772068917932306,1906.8956204620947,2.104379537903978,2.104379537903978,3315.6340269587358,0.36597304126346952,0.36597304126346952,16.600000000000001
32,12,79.758144074378194,4.4029638387303613,121.13994338948224,4.9926551786271549,0.73831118587389988,0.10792572239046699,0.013953080735300471,0.0072114428909624368,223.91067787033677,0.089322129663286676,1906.8085539518408,2.1914460481579443,2.1914460481579443,3315.6167416260687,0.38325837393105217,0.38325837393105217,16.600000000000001
32.25,12,79.68508217804731,4.4112622556625638,121.07431694635439,5.0402584952209271,0.75208144324428106,0.11131562782499724,0.014478479067823234,0.0075490082876060781,223.90701331149319,0.092986688506850226,1906.7186820566401,2.2813179433588964,2.2813179433588964,3315.5988025062229,0.40119749377679675,0.40119749377679675,16.600000000000001
32.5,12,79.612104569835779,4.4194169728151964,121.00860365764673,5.0877282151351366,0.76596975181151217,0.11478049040245906,0.015018659246459622,0.0078992257577211161,223.90323162232926,0.096768377670784153,1906.6259404844734,2.3740595155253095,2.3740595155253095,3315.5801911242465,0.41980887575314263,0.41980887575314263,16.600000000000001
32.75,12,79.539210964788253,4.4274311925204062,120.94280581644796,5.1350612796616302,0.77997531684719645,0.1183212461825935,0.015573891319589889,0.0082624495410576673,223.89933013535014,0.10066986464989514,1906.5302640948426,2.469735905156532,2.469735905156532,3315.5608886664872,0.43911133351218173,0.43911133351218173,16.600000000000001
33,12,79.466401082732816,4.4353080691128657,120.87692566416086,5.182254685863235,0.79409732917240416,0.12193883311875731,0.016144447370105931,0.0086390403146391383,223.89530614768796,0.10469385231208604,1906.4315868971107,2.5684131028883663,2.5684131028883663,3315.5408759780676,0.45912402193227253,0.45912402193227253,16.600000000000001
33.25,12,79.393674648205689,4.4430507098895005,120.81096539135478,5.2293054855892542,0.80833496529525217,0.12563419102037887,0.01673060149952078,0.0090293652408214922,223.89115692100287,0.10884307899717777,1906.3298420489748,2.6701579510242488,2.6701579510242488,3315.5201335603861,0.47986643961355152,0.47986643961355152,16.600000000000001
33.5,12,79.321031390383382,4.4506621759867642,120.74492713854171,5.2762107845696269,0.82268738753256376,0.12940826152775861,0.017332629813233719,0.0094337980151271289,223.88687968138828,0.11312031861176178,1906.224961854916,2.7750381450831592,2.7750381450831592,3315.4986415686253,0.50135843137402625,0.50135843137402625,16.600000000000001
33.75,12,79.248471043014177,4.4581454832617835,120.67881299695686,5.3229677415070311,0.83715374413345189,0.13326198808364473,0.017950810405349377,0.0098527189136760965,223.88247161927734,0.11752838072270703,1906.1168777647583,2.8831222352407506,2.8831222352407506,3315.4763798092822,0.52362019071731036,0.52362019071731036,16.600000000000001
34,12,79.175993344349237,4.4655036031784894,120.61262500934453,5.3695735671658316,0.85173316940513033,0.13719631590139159,0.018585423342962159,0.010286514840191493,223.8779298893509,0.12207011064913624,1906.0055203723446,2.9944796276542305,2.9944796276542305,3315.4533277377295,0.54667226227015053,0.54667226227015053,16.600000000000001
34.25,12,79.103598037072885,4.4727394636981366,120.54636517074862,5.4160255234582921,0.86642478384094146,0.14121219192980919,0.019236750649817252,0.010735579372549738,223.87325161044751,0.12674838955253673,1905.8908194143385,3.1091805856603321,3.1091805856603321,3315.4294644558117,0.57053554418778096,0.57053554418778096,16.600000000000001
34.5,12,79.031284868241443,4.4798559500762893,120.48003542921664,5.4623209226203242,0.88122769422969083,0.14531056483233187,0.019905076291768242,0.011200312809261611,223.86843386547608,0.13156613452395502,1905.7727037689426,3.2272962310561759,3.2272962310561759,3315.4047687094267,0.59523129057302104,0.59523129057302104,16.600000000000001
34.75,12,78.959053589218342,4.4868559056964585,120.41363768653851,5.5084571263541724,0.89614099377402978,0.14949238495707087,0.02059068616086324,0.011681122215386041,223.86347370133018,0.13652629866982768,1905.6511014548091,3.3488985451897766,3.3488985451897766,3315.3792188861503,0.62078111384913937,0.62078111384913937,16.600000000000001
35,12,78.886903955609313,4.4937421329044467,120.34717379898706,5.5544315449716697,0.91116376221049056,0.15375860430415153,0.021293868058732877,0.012178421467932058,223.85836812880481,0.14163187119520274,1905.5259396300914,3.474060369907388,3.474060369907388,3315.3527930129021,0.64720698709749014,0.64720698709749014,16.600000000000001
35.25,12,78.814835727200276,4.5005173938081073,120.28064557802688,5.6002416365716527,0.92629506592323774,0.15811017649679843,0.022014911680456075,0.012692631301013198,223.85311412251482,0.14688587748521706,1905.3971445915226,3.6028554084762487,3.6028554084762487,3315.325468753615,0.67453124638492812,0.67453124638492812,16.600000000000001
35.5,12,78.742848667899594,4.507184411029117,120.21405479097848,5.6458849062642074,0.94153395804854878,0.16254805675861303,0.02275410859933915,0.013224179350850386,223.8477086208149,0.15229137918511812,1905.2646417734727,3.7353582265262202,3.7353582265262202,3315.2972234069098,0.70277659309019513,0.70277659309019513,16.600000000000001
35.75,12,78.670942545677804,4.5137458684796465,120.14740316170702,5.6913589053726135,0.95687947858625677,0.16707320188374294,0.023511752250283242,0.013773500200118057,223.84214852572259,0.15785147427745863,1905.1283557472188,3.8716442527799737,3.8716442527799737,3315.2680339038193,0.73196609618039987,0.73196609618039987,16.600000000000001
36,12,78.599117132506606,4.5202044121470948,120.08069237131998,5.7366612306286866,0.97233065451473633,0.1716865702029417,0.024288137912038814,0.014341035421635645,223.83643070284418,0.16356929715586296,1904.9882102204072,4.0117897795916537,4.0117897795916537,3315.2378768055587,0.76212319444117538,0.76212319444117538,16.600000000000001
36.25,12,78.527372204304058,4.5265626508061247,120.01392405879632,5.781789523438869,0.98788649989056576,0.17638912156045472,0.02508356269155549,0.014927233622268062,223.83055198130072,0.16944801869931833,1904.8441280363613,4.1558719636375088,4.1558719636375088,3315.2067283012648,0.79327169873511105,0.79327169873511105,16.600000000000001
36.5,12,78.455707540879246,4.5328231567370949,119.9470998216227,5.8267414691453769,1.0035460159512342,0.18118181728712673,0.025898325507364511,0.015532550486227552,223.82450915365661,0.17549084634342571,1904.6960311735656,4.3039688264331755,4.3039688264331755,3315.1745642057817,0.82543579421796742,0.82543579421796742,16.600000000000001
36.75,12,78.384122925876326,4.5389884664481706,119.88022121643466,5.8715147962849681,1.0193081912203712,0.18606562017023209,0.026732727072027344,0.016157448817758064,223.81829897585166,0.18170102414839429,1904.5438407453216,4.4561592546770887,4.4561592546770887,3315.1413599574876,0.85864004251208081,0.85864004251208081,16.600000000000001
37,12,78.312618146718307,4.5450610813994778,119.81328975966096,5.916107275846695,1.0351720016152579,0.19104149442031951,0.027587069873627561,0.01680239858316341,223.81191816713658,0.1880818328634524,1904.3874769995859,4.6125230004127653,4.6125230004127653,3315.1070906161649,0.89290938383481466,0.89290938383481466,16.600000000000001
37.25,12,78.241192994557565,4.5510434686507146,119.74630692809494,5.9605167206047112,1.0511364105374503,0.19611040564962082,0.02846165815993619,0.017467876953361237,223.80536341000607,0.1946365899939678,1904.22685931857,4.7731406814287087,4.7731406814287087,3315.0717308608228,0.92826913917670473,0.92826913917670473,16.600000000000001
37.5,12,78.169847264223407,4.5569380615392712,119.6792741594969,6.0047409844226323,1.0672003689725447,0.20127332084221133,0.029356797920356014,0.018154368345385027,223.7986313501371,0.2013686498629394,1904.0619062186652,4.9380937813337002,4.9380937813337002,3315.035254987597,0.9647450124024759,0.9647450124024759,16.600000000000001
37.75,12,78.098580754168694,4.5627472603673738,119.61219285320666,6.0487779615498889,1.08336281559428,0.20653120831983277,0.030272796866384052,0.018862364462964153,223.79171859633271,0.2082814036673275,1903.8925353506211,5.1074646493778406,5.1074646493778406,3314.9976369077112,1.0023630922883791,1.0023630922883791,16.600000000000001
38,12,78.027393266420574,4.5684734330418797,119.54506437071137,6.0926255859652256,1.0996226768584354,0.21188503771394038,0.031209964413655318,0.019592364337385954,223.784621720464,0.21537827953602492,1903.7186634995985,5.2813365004002906,5.2813365004002906,3314.9588501454132,1.0411498545866209,1.0411498545866209,16.600000000000001
38.25,12,77.956284606534709,4.5741189156751343,119.47789003617619,6.136281830759156,1.1159788670886628,0.21733577994240216,0.032168611665128147,0.020344874368473403,223.77733725741149,0.22266274258854038,1903.5402065851488,5.4597934148499148,5.4597934148499148,3314.9188678358955,1.0811321641042064,1.0811321641042064,16.600000000000001
38.5,12,77.885254583546384,4.5796860132155688,119.41067113700591,6.1797447074882514,1.1324302885718514,0.22288440717800448,0.033149051391747932,0.021120408364264237,223.7698617050136,0.23013829498644536,1903.3570796615722,5.6429203384266611,5.6429203384266611,3314.8776627233106,1.1223372766889748,1.1223372766889748,16.600000000000001
38.75,12,77.814303009923592,4.5851770000581258,119.34340892438804,6.2230122655499525,1.1489758316503014,0.2285318928181134,0.034151598013213352,0.021919487580391049,223.76219152401686,0.23780847598318511,1903.1691969183328,5.830803081666045,5.830803081666045,3314.8352071588006,1.1647928411989052,1.1647928411989052,16.600000000000001
39,12,77.743429701512298,4.5905941207338126,119.27610461391605,6.2660825914800844,1.1656143748368128,0.23427921143707586,0.035176567573167762,0.02274264075683231,223.75432313804103,0.24567686195898375,1902.9764716812485,6.0235283187503947,6.0235283187503947,3314.7914730987186,1.2085269012811917,1.2085269012811917,16.600000000000001
39.25,12,77.67263447749994,4.5959395904033569,119.20875938601989,6.3089538084444108,1.182344784880067,0.24012733877229819,0.036224277724724502,0.023590404158624834,223.74625293352159,0.25374706647845174,1902.7788164124377,6.221183587561117,6.221183587561117,3314.7464321025491,1.2535678974505549,1.2535678974505549,16.600000000000001
39.5,12,77.601917160371357,4.6012155954282754,119.14137438647508,6.3516240756545894,1.1991659168524691,0.24607725169338224,0.037295047710516865,0.024463321613988367,223.73797725966654,0.2620227403335223,1902.5761427110285,6.4238572889703116,6.4238572889703116,3314.7000553310195,1.2999446689803811,1.2999446689803811,16.600000000000001
39.75,12,77.53127757586428,4.6064242939451674,119.07395072691621,6.3940915877816931,1.216076614240865,0.25212992816805563,0.038389198341562278,0.025361944551639488,223.72949242841818,0.2705075715818579,1902.368361314084,6.6316386859148757,6.6316386859148757,3314.6523135442612,1.3476864557386661,1.3476864557386661,16.600000000000001
40,12,77.46071555292491,4.611567816438253,119.00648948535108,6.4363545743717863,1.2330757090394127,0.25828634722570953,0.03950705197493698,0.026286832037101342,223.72079471442044,0.27920528557961827,1902.1553820977711,6.8446179022278155,6.8446179022278155,3314.6031771000421,1.396822899957942,1.396822899957942,16.600000000000001
40.25,12,77.390230923660539,4.6166482663391735,118.93899170670407,6.4784112992346756,1.2501620218525673,0.26454748891310781,0.040648932488435444,0.027238550807158358,223.71188035499628,0.28811964500373061,1901.9371140790151,7.0628859209834358,7.0628859209834358,3314.5526159521223,1.4473840478777349,1.4473840478777349,16.600000000000001
40.5,12,77.319823523307861,4.6216677204592775,118.87145840319207,6.5202600600013527,1.2673343619524053,0.27091433427917999,0.041815165265617779,0.02821767530939942,223.70274555009672,0.29725444990332534,1901.7134654157658,7.2865345842330411,7.2865345842330411,3314.5005996482505,1.4994003517495982,1.4994003517495982,16.600000000000001
40.75,12,77.249493190190037,4.6266282295371735,118.80389055481862,6.5618991875662758,1.2845915273712625,0.27738786533531035,0.04300607717178738,0.029224787736769592,223.69338646227729,0.30661353772275851,1901.4843434085919,7.5156565914067803,7.5156565914067803,3314.447097328507,1.5529026714933143,1.5529026714933143,16.600000000000001
41,12,77.17923976567765,4.6315318187464936,118.73628910982985,6.6033270455701443,1.301932304985286,0.28396906502050706,0.04422199653156679,0.030260478062656113,223.68379921667224,0.31620078332778617,1901.2496545021236,7.7503454978752373,7.7503454978752373,3314.3920777236058,1.6079222763942673,1.6079222763942673,16.600000000000001
41.25,12,77.109063094144659,4.6363804882496185,118.66865498521967,6.6445420298358435,1.3193554706145325,0.29065891715542691,0.045463253101669411,0.031325344072883551,223.67397990098544,0.32602009901456369,1901.0093042872547,7.9906957127439284,7.9906957127439284,3314.3355091534099,1.664490846590188,1.664490846590188,16.600000000000001
41.5,12,77.038963022931654,4.6411762136765988,118.60098906715992,6.6855425678813045,1.336859789102842,0.29745840640768195,0.046730178048199282,0.032419991400080908,223.66392456546814,0.33607543453189914,1900.7631975027496,8.2368024972493075,8.2368024972493075,3314.2773595252752,1.7226404747245547,1.7226404747245547,16.600000000000001
41.75,12,76.968939402313737,4.6459209465494595,118.53329221137669,6.7263271184885927,1.3544440143836181,0.3043685182646772,0.048023103926923397,0.033545033559512272,223.65362922288833,0.34637077711169884,1900.5112380364706,8.4887619635283933,8.4887619635283933,3314.2175963322957,1.7824036677038906,1.7824036677038906,16.600000000000001
42,12,76.898992085461799,4.6506166147755996,118.46556524359956,6.7668941712025408,1.3721068895691411,0.31139023899099355,0.049342364656981219,0.034701091980803393,223.64308984852346,0.35691015147657534,1900.2533289276337,8.7466710723649772,8.7466710723649772,3314.1561866518255,1.84381334817427,1.84381334817427,16.600000000000001
42.25,12,76.829120928406624,4.65526512310936,118.39780895998017,6.8072422458621418,1.3898471470328759,0.31852455558907306,0.050688295495741734,0.035888796040014749,223.63230238015061,0.36769761984944782,1899.9893723689629,9.0106276310358222,9.0106276310358222,3314.0930971439743,1.9069028560251284,1.9069028560251284,16.600000000000001
42.5,12,76.759325789997249,4.65986835367005,118.33002412757271,6.8473698920727779,1.4076635085131863,0.32577245574681646,0.052061233007333375,0.03710878308720067,223.62126271806176,0.37873728193828782,1899.7192697098969,9.2807302901018129,9.2807302901018129,3314.0282940504089,1.9717059495903235,1.9717059495903235,16.600000000000001
42.75,12,76.689606531873039,4.6644281663152736,118.26221148466429,6.88727568883019,1.425554685172169,0.33313492780940934,0.053461515042549847,0.038361698481421944,223.60996672503813,0.39003327496191115,1899.4429214580641,9.557078541934839,9.557078541934839,3313.9617431926449,2.0382568073543768,2.0382568073543768,16.600000000000001
43,12,76.619963018430056,4.6689463990716309,118.19437174116808,6.9269582440843198,1.4435193776761943,0.34061296073789127,0.054889480712347977,0.039648195621189951,223.59841022634944,0.40158977365061477,1899.160227281822,9.8397727181768513,9.8397727181768513,3313.8934099706471,2.1065900293522763,2.1065900293522763,16.600000000000001
43.25,12,76.550395116787087,4.6734248685655801,118.1265055790189,6.9664161943030303,1.4615562762792977,0.34820754406508292,0.056345470359974337,0.040968935973746977,223.58658900975962,0.41341099024040839,1898.8710860130736,10.128913986925149,10.128913986925149,3313.8232593615066,2.1767406384927011,2.1767406384927011,16.600000000000001
43.5,12,76.480902696751571,4.6778653704546791,118.05861365257191,7.0056482040349159,1.4796640609100815,0.35591966784883666,0.057829825531487557,0.042324589102794262,223.57449882554096,0.42550117445908697,1898.5753956504157,10.424604349583213,10.424604349583213,3313.7512559182192,2.2487440817804072,2.2487440817804072,16.600000000000001
43.75,12,76.411485630783048,4.6822696798790346,117.99069658902583,7.0446529654501777,1.497841401268897,0.36375032261892964,0.05934288894284756,0.043715832693340471,223.56213538650303,0.43786461349698758,1898.2730533629194,10.726946637079378,10.726946637079378,3313.6773637686506,2.3226362313489624,2.3226362313489624,16.600000000000001
44,12,76.342143793969498,4.6866395517804342,117.92275498870603,7.0834291980233468,1.5160869568809512,0.37170049934586247,0.060885004458475916,0.045143352585355657,223.54949436797597,0.45050563202408317,1897.9639554920295,11.036044507969478,11.036044507969478,3313.6015466139206,2.3984533860789079,2.3984533860789079,16.600000000000001
44.25,12,76.272877063994372,4.6909767213131763,117.85478942544903,7.1219756481173135,1.5343993771851665,0.37977118939005711,0.062456517059397844,0.046607842799069356,223.53657140783719,0.46342859216286653,1897.6479975552709,11.352002444728136,11.352002444728136,3313.5237677273362,2.4762322726630135,2.4762322726630135,16.600000000000001
44.5,12,76.203685321106605,4.6952829042227551,117.78680044695483,7.1602910886016709,1.5527773016146629,0.38796338445440165,0.064057772813066544,0.048110005561398342,223.52336210653294,0.47663789346707358,1897.3250742497275,11.674925750271282,11.674925750271282,3313.4439899532513,2.5560100467478111,2.5560100467478111,16.600000000000001
44.75,12,76.134568448086782,4.6995597972589769,117.71878857518024,7.1983743184323981,1.5712193596939006,0.39627807652802671,0.065689118837908608,0.049650551327546658,223.50986202712463,0.4901379728753702,1896.9950794565173,12.004920543481695,12.004920543481695,3313.3621757062397,2.6378242937599015,2.6378242937599015,16.600000000000001
45,12,76.065526330219143,4.7038090785301776,117.65075430666991,7.2362241622961054,1.5897241711165091,0.40471625783814791,0.067350903272653084,0.051230198806702106,223.49606669531406,0.50393330468593589,1896.6579062444525,12.342093755546266,12.342093755546266,3313.2782869699977,2.7217130300014407,2.7217130300014407,16.600000000000001
45.25,12,75.996558855266954,4.708032407818548,117.58269811284724,7.2738394702967186,1.608290345811505,0.41327892080635975,0.069043475248289674,0.052849674989923198,223.48197159945789,0.51802840054212906,1896.3134468732806,12.686553126718309,12.686553126718309,3313.1922852961093,2.8077147038899706,2.8077147038899706,16.600000000000001
45.5,12,75.927665913442823,4.71223142694513,117.51462044036298,7.3112191175867602,1.6269164840319648,0.42196705799340273,0.070767184853133089,0.054509715171791817,223.46757219061416,0.5324278093858501,1895.9615927982038,13.038407201795227,13.038407201795227,3313.1041318032085,2.8958681967907309,2.8958681967907309,16.600000000000001
45.75,12,75.858847397381126,4.7164077601108696,117.44652171142033,7.3483620040243984,1.6456011764379954,0.43078166204570928,0.072522383098862567,0.056211062972720299,223.45286388258583,0.54713611741418045,1895.6022346742818,13.397765325716879,13.397765325716879,3313.0137871761058,2.9862128238931245,2.9862128238931245,16.600000000000001
46,12,75.790103202105726,4.7205630142796604,117.3784023241507,7.385267053781841,1.6643430042008347,0.43972372563203654,0.074309421880015658,0.057954470354592405,223.43784205199751,0.56215794800253682,1895.2352623621321,13.764737637866613,13.764737637866613,3312.9212116653434,3.0787883346557559,3.0787883346557559,16.600000000000001
46.25,12,75.721433225008923,4.7246987794505531,117.31026265286683,7.4219332150791377,1.6831405390644014,0.44879424139707902,0.076128653944805905,0.059740697647766648,223.42250203831597,0.57749796168405432,1894.86056493149,14.139435068508645,14.139435068508645,3312.8263650860113,3.1736349139878444,3.1736349139878444,16.600000000000001
46.5,12,75.652837365825462,4.7288166289742577,117.24210304836937,7.4583594598666716,1.7019923434289452,0.45799420190475842,0.077980432859122401,0.061570513571138803,223.40683914390593,0.59316085609411973,1894.478030666123,14.521969333875774,14.521969333875774,3312.7292068170177,3.2707931829814187,3.2707931829814187,16.600000000000001
46.75,12,75.584315526606403,4.7329181198682901,117.17392383825489,7.494544783508422,1.7208969704377499,0.46732459957923395,0.079865112969055546,0.063444695250655422,223.39084863409315,0.60915136590688324,1894.0875470690644,14.9124529309344,14.9124529309344,3312.6296958004555,3.3703041995435505,3.3703041995435505,16.600000000000001
47,12,75.515867611692684,4.737004793132467,117.10572532722783,7.5304882044633015,1.7398529640681992,0.47678642664345738,0.08178304936159983,0.06536402823563385,223.37452573723908,0.62547426276091989,1893.6890008682683,15.310999131730574,15.310999131730574,3312.5277905411108,3.4722094588883303,3.4722094588883303,16.600000000000001
47.25,12,75.447493527686873,4.7410781740780967,117.03750779743177,7.5661887639492402,1.7588588592329137,0.48638067505297039,0.083734597821935083,0.067329306511189319,223.35786564483431,0.64213435516569273,1893.2822780229974,15.717721977001268,15.717721977001268,3312.4234491062202,3.5765508937789434,3.5765508937789434,16.600000000000001
47.5,12,75.379193183435234,4.7451397725571747,116.96927150866769,7.6016455257238515,1.7779131818397904,0.49610833644404667,0.08572011480153327,0.069341332523095822,223.34086351153246,0.65913648846755457,1892.8672637280156,16.132736271983209,16.132736271983209,3312.3166291244315,3.6833708755676793,3.6833708755676793,16.600000000000001
47.75,12,75.310966490002031,4.7491910832605448,116.90101669869576,7.6368575757827406,1.7970144488870012,0.50597040206778621,0.08773995737591446,0.071400917190813942,223.32351445524176,0.6764855447582605,1892.4438424199379,16.556157580060816,16.556157580060816,3312.207287785523,3.79271221447644,3.79271221447644,16.600000000000001
48,12,75.242813360646437,4.7532335859899826,116.83274358351002,7.6718240220874065,1.816161168550138,0.51596786272612605,0.089794483203971473,0.073508879922360243,223.3058135572081,0.69418644279191832,1892.0118977832906,16.988102216708036,16.988102216708036,3312.0953818400039,3.904618159995326,3.904618159995326,16.600000000000001
48.25,12,75.174733710795778,4.7572687459612943,116.76445235765398,7.7065439942537264,1.8353518402886595,0.526101708700627,0.091884050481416998,0.075666048621612705,223.28775586213391,0.71224413786608443,1891.5713127578924,17.428687242106349,17.428687242106349,3311.9808675991999,4.0191324007992808,4.0191324007992808,16.600000000000001
48.5,12,75.106727458024665,4.761298014048478,116.69614319446917,7.7410166433108811,1.8545849549279207,0.53637292968814132,0.094009017900268221,0.077873259703645684,223.26933637826019,0.73066362173983623,1891.1219695449183,17.87803045508047,17.87803045508047,3311.8637009348236,4.1362990651754963,4.1362990651754963,16.600000000000001
48.75,12,75.038794522035218,4.7653228270155257,116.62781624633243,7.7752411414739004,1.87385899473939,0.54678251473605188,0.096169744608206514,0.080131358110046833,223.25055007744879,0.74944992255121545,1890.6637496130115,18.336250386987249,18.336250386987249,3311.74383727855,4.2561627214491775,4.2561627214491775,16.600000000000001
49,12,74.970934824634242,4.7693446077734807,116.55947164492711,7.8092166818838775,1.8931724335373161,0.55733145217117186,0.098366590162833265,0.082441197317711906,223.23139189529635,0.7686081047036516,1890.1965337055435,18.803466294455131,18.803466294455131,3311.6212316220053,4.3787683779936089,4.3787683779936089,16.600000000000001
49.25,12,74.903148289711595,4.7733647656230547,116.49110950150069,7.842942478364094,1.9125237367727432,0.56802072952860883,0.10059991448605447,0.08480363934782445,223.21185673124717,0.78814326875284901,1889.7202018478779,19.279798152120694,19.279798152120694,3311.495838516747,4.5041614832519814,4.5041614832519814,16.600000000000001
49.5,12,74.835434843214401,4.7773846965311684,116.4227299071681,7.8764177651312117,1.931911361649721,0.57885133347357287,0.10287007781202777,0.087219554765387508,223.19193944874971,0.8080605512503225,1889.234633356192,19.765366643806548,19.765366643806548,3311.3676120748378,4.6323879251615176,4.6323879251615176,16.600000000000001
49.75,12,74.767794413131725,4.7814057833114783,116.35433293310042,7.9096417966265626,1.9513337571957978,0.58982424973451775,0.10517744064645679,0.089689822696254529,223.17163487533472,0.82836512466529133,1888.7397068435621,20.260293156436472,20.260293156436472,3311.236505968317,4.7634940316820664,4.7634940316820664,16.600000000000001
50,12,74.700226929473757,4.7854293958486807,116.28591863077159,7.9426138472899606,1.9707893643598653,0.60094046302782345,0.10752236371809663,0.092215330832670903,223.15093780274603,0.84906219725399323,1888.2353002279326,20.764699772066091,20.764699772066091,3311.102473429401,4.8975265705980169,4.8975265705980169,16.600000000000001
50.25,12,74.632732324251208,4.7894568913200466,116.21748703220536,7.9753332113352222,1.9902766161129966,0.61220095698061416,0.10990520792884795,0.094796975436990852,223.12984298707997,0.87015701292007386,1887.7212907404289,21.278709259569784,21.278709259569784,3310.965467250795,5.0345327492040424,5.0345327492040424,16.600000000000001
50.5,12,74.565310531455737,4.79348961440349,116.14903815020948,8.007799202540923,2.0097939375467115,0.62360671405321777,0.11232633430389809,0.097435661345782243,223.10834514892397,0.89165485107603459,1887.1975549336623,21.802445066336272,21.802445066336272,3310.8254397859846,5.1745602140143996,5.1745602140143996,16.600000000000001
50.75,12,74.497961487039447,4.7975288974906469,116.08057197862078,8.0400111540320012,2.0293397459789122,0.63515871545907698,0.11478610393933852,0.10013230196989839,223.08643897351374,0.91356102648628812,1886.6639686906947,22.33603130930419,22.33603130930419,3310.6823429497808,5.3176570502181004,5.3176570502181004,16.600000000000001
51,12,74.430685128891866,4.8015760609177667,116.01208849257691,8.0719684180348263,2.0489124510748558,0.64685794108077799,0.11728487794545625,0.10288781928719062,223.06411911092266,0.93588088907737133,1886.1204072351509,22.87959276484801,22.87959276484801,3310.5361282193271,5.4638717806715817,5.4638717806715817,16.600000000000001
51.25,12,74.363481396826742,4.8056324131093016,115.94358764868018,8.103670365748421,2.0685104549225444,0.65870536939307933,0.11982301740051188,0.1057031438552876,223.04138017616566,0.9586198238343594,1885.5667451384529,23.433254861545855,23.433254861545855,3310.3867466338525,5.6132533661466164,5.6132533661466164,16.600000000000001
51.5,12,74.296350232561423,4.8096992507822822,115.87506938524368,8.1351163871308625,2.0881321521479186,0.67070197737758985,0.12240088329413606,0.10857921480582651,223.01821674938418,0.98178325061585447,1885.0028563298472,23.99714367015179,23.99714367015179,3310.2341487955837,5.7658512044148935,5.7658512044148935,16.600000000000001
51.75,12,74.229291579697943,4.8137778591326068,115.80653362251829,8.1663058907079336,2.1077759300243515,0.68284874043726473,0.12501883647146228,0.11151697984072344,222.99462337602313,1.0053766239769071,1884.4286141062003,24.571385893798592,24.571385893798592,3310.0782848705403,5.9217151294586952,5.9217151294586952,16.600000000000001
52,12,74.162305383704364,4.8178695120143145,115.73798026291456,8.1972383033890299,2.1274401685828201,0.69514663230955909,0.12767723757643457,0.11451739522760319,222.97059456701268,1.0294054329873612,1883.8438911419917,25.156108858007162,25.156108858007162,3309.9191045893713,6.0808954106272433,6.0808954106272433,16.600000000000001
52.25,12,74.095391591900309,4.8219754720790986,115.66940919118258,8.227913070327677,2.1471232407085439,0.70759662498444831,0.1303764469988592,0.11758142579790876,222.94612479893513,1.0538752010649337,1883.2485594987204,25.751440501278513,25.751440501278513,3309.7565572480262,6.2434427519719842,6.2434427519719842,16.600000000000001
52.5,12,74.02855015344096,4.8260969909239835,115.60082027460435,8.2583296547712468,2.1668235122453692,0.72019968861851891,0.1331168248185107,0.12071004494201951,222.92120851420711,1.0787914857929346,1882.6424906349157,26.357509365083153,26.357509365083153,3309.5905917086102,6.4094082913882735,6.4094082913882735,16.600000000000001
52.75,12,73.961781019292957,4.8302353093153458,115.53221336327812,8.2884875378209806,2.1865393421381683,0.73295679143262882,0.13589873073678477,0.12390423459332589,222.89584012132016,1.104159878679881,1882.0255554184341,26.974444581564782,26.974444581564782,3309.4211564009638,6.5788435990345011,6.5788435990345011,16.600000000000001
53,12,73.895084142220128,4.8343916573153791,115.46358829029354,8.3183862183034094,2.2062690825360951,0.74586889962506153,0.13872252402015778,0.12716498522174946,222.87001399503021,1.1299860049698733,1881.3976241367511,27.602375863247826,27.602375863247826,3309.2481993236233,6.7518006763749261,6.7518006763749261,16.600000000000001
53.25,12,73.82845947676644,4.8385672544319496,115.39494487193731,8.3480252126133117,2.2260110789103882,0.75893697727798648,0.14158856343858314,0.13049329582243291,222.84372447657211,1.1562755234279354,1880.7585665082354,28.241433491763445,28.241433491763445,3309.0716680450901,6.9283319549084306,6.9283319549084306,16.600000000000001
53.5,12,73.761906979239086,4.8427633097634004,115.32628290789667,8.3774040545610262,2.2457636701740915,0.77216198626247712,0.14449720720279483,0.13389017390293978,222.81696587388197,1.1830341261180839,1880.108251693704,28.89174830629506,28.89174830629506,3308.8915097051959,7.1084902948026238,7.1084902948026238,16.600000000000001
53.75,12,73.695426607695865,4.8469810220996434,115.25760218141531,8.4065222952677203,2.2655251887858618,0.78554488615099904,0.1474488129062678,0.13735663547383603,222.78973246179987,1.2102675382001644,1879.4465483071997,29.553451692799356,29.553451692799356,3308.707671016246,7.2923289837525624,7.2923289837525624,16.600000000000001
54,12,73.629018321926608,4.8512215800768637,115.18890245951567,8.4353795029988223,2.2852939608828242,0.79908663411496228,0.15044373745736925,0.14089370503033777,222.76201848232031,1.2379815176797553,1878.7733244286583,30.226675571340646,30.226675571340646,3308.5200982647411,7.4799017352574948,7.4799017352574948,16.600000000000001
54.25,12,73.562682083435249,4.8554861623236043,115.12018349321494,8.4639752630058034,2.3050683064137343,0.81278818482169002,0.15348233701095396,0.14450241553287682,222.73381814484699,1.2661818551530708,1878.0884476167598,30.911552383239233,30.911552383239233,3308.3287373131684,7.6712626868300013,7.6712626868300013,16.600000000000001
54.5,12,73.49641785542525,4.8597759375699914,115.05144501770143,8.4923091774080852,2.3248465392594304,0.82665049033731508,0.15656496690360192,0.14818380839013587,222.70512562643421,1.2948743735658526,1877.391784921195,31.608215078803983,31.608215078803983,3308.1335336016282,7.8664663983702354,7.8664663983702354,16.600000000000001
54.75,12,73.430225602783963,4.8640920647655363,114.98268675252488,8.5203808650638599,2.344626967361557,0.84067450002515631,0.1596919815857471,0.15193893343879758,222.67593507204447,1.3240649279555616,1876.6832028955926,32.316797104406369,32.316797104406369,3307.9344321496701,8.0655678503283905,8.0655678503283905,16.600000000000001
55,12,73.364105292067165,4.868435693190599,114.91390840178296,8.5481899614464361,2.3644078928526975,0.85486116044316895,0.16286373455301542,0.15576884892173226,222.64624059481361,1.3537594051864481,1875.9625676107007,33.037432389298338,33.037432389298338,3307.7313775582288,8.2686224417698408,8.2686224417698408,16.600000000000001
55.25,12,73.298056891485402,4.8728079625480589,114.84510965428871,8.5757361185401102,2.3841876121817416,0.86921141524476131,0.16608057827959374,0.15967462146509009,222.61603627631715,1.3839637236828974,1875.2297446674943,33.770255332504888,33.770255332504888,3307.5243140116131,8.4756859883854503,8.4756859883854503,16.600000000000001
55.5,12,73.232080370887047,4.8772100030828387,114.77629018377361,8.6030190047059367,2.4039644162563825,0.88372620506786237,0.16934286414366817,0.16365732605254479,222.58531616685843,1.4146838331416172,1874.4845992113858,34.515400788613313,34.515400788613313,3307.3131852797078,8.6868147202906218,8.6868147202906218,16.600000000000001
55.75,12,73.166175701743555,4.8816429356783058,114.70744964906768,8.6300383045704052,2.423736590579352,0.89840646742845209,0.17265094235560025,0.1677180459985185,222.55407428575671,1.4459257142433037,1873.7269959462828,35.27300405371647,35.27300405371647,3307.097934720221,8.9020652797777267,8.9020652797777267,16.600000000000001
56,12,73.100342857134805,4.8861078719466686,114.6385876942764,8.656793718919193,2.4435024153862499,0.91325313661314933,0.17600516188527471,0.17185787291974552,222.52230462164326,1.4776953783567857,1872.9567991489123,36.043200851086873,36.043200851086873,3306.8785052810335,9.121494718965085,9.121494718965085,16.600000000000001
56.25,12,73.034581811734455,4.8906059143173852,114.569703948959,8.6832849645917971,2.4632601657868376,0.92826714356958717,0.17940587038777636,0.17607790670500501,222.49000113276614,1.509998867233912,1872.1738726835192,36.826127316480012,36.826127316480012,3306.6548395026707,9.3451604973279085,9.3451604973279085,16.600000000000001
56.5,12,72.968892541795526,4.8951381561194047,114.50079802830328,8.7095117743810562,2.4830081119076004,0.94344941579647879,0.18285341412882192,0.18037925548278452,222.45715774730334,1.5428422526966545,1871.3780800168058,37.621919983193145,37.621919983193145,3306.4268795208941,9.5731204791046025,9.5731204791046025,16.600000000000001
56.75,12,72.90327502513648,4.8997056816553775,114.43186953329436,8.7354738969391867,2.5027445190344095,0.95880087723460117,0.18634813791095572,0.18476303558649509,222.42376836368314,1.5762316363168747,1870.5692842330486,38.430715766950449,38.430715766950449,3306.1945670694372,9.8054329305611514,9.8054329305611514,16.600000000000001
57,12,72.837729241126212,4.9043095662836365,114.36291805089753,8.7611710966764171,2.5224676477652261,0.97432244814857061,0.18989038499212471,0.18923037152013913,222.38982685091597,1.6101731490840487,1869.7473480499973,39.252651950001869,39.252651950001869,3305.9578434827567,10.042156517241828,10.042156517241828,16.600000000000001
57.25,12,72.772255170670007,4.9089508764859398,114.29394315422722,8.7866031536714786,2.542175754159,0.99001504501362703,0.19348049700838738,0.19378239592029986,222.35532704893268,1.6446729510673339,1868.9121338347104,40.087866165288759,40.087866165288759,3305.7166496989757,10.283350301022626,10.283350301022626,16.600000000000001
57.5,12,72.706852796195648,4.9136306699328056,114.22494440271733,8.8117698635835495,2.5618670898882088,1.0058795803998397,0.1971188138944735,0.19842024951661946,222.32026276893157,1.679737231068424,1868.0635036197823,40.936496380216731,40.936496380216731,3305.4709262629353,10.529073737063138,10.529073737063138,16.600000000000001
57.75,12,72.641522101639339,4.9183499955449017,114.1559213422907,8.8366710375669726,2.5815399023940602,1.0219169628547826,0.20080567380305323,0.20314508109044005,222.28462779373444,1.7153722062655716,1867.2013191199035,41.798680880095553,41.798680880095553,3305.2206133293566,10.77938667064195,10.77938667064195,16.600000000000001
58,12,72.57626307243207,4.9231098935487809,114.08687350552491,8.8613065021897537,2.601192435042075,1.0381280967873654,0.20454141302429912,0.20795804743161561,222.24841587814925,1.7515841218507509,1866.3254417485637,42.674558251435691,42.674558251435691,3304.9656506661136,11.034349333885492,11.034349333885492,16.600000000000001
58.25,12,72.511075695485999,4.9279113955289304,114.0178004118177,8.8856760993546988,2.6208229272809187,1.0545138823495068,0.20832636590384435,0.21286031329333721,222.21162074934279,1.7883792506572127,1865.4357326351414,43.564267364857578,43.564267364857578,3304.7059776576293,11.294022342369514,11.294022342369514,16.600000000000001
58.5,12,72.4459599591803,4.9327555244789218,113.94870156755803,8.9097796862213343,2.6404296148086539,1.0710752153108509,0.21216086475639798,0.21785305134475477,222.17423610722651,1.8257638927735165,1864.5320526427363,44.467947357262901,44.467947357262901,3304.4415333084353,11.558466691563794,11.558466691563794,16.600000000000001
58.75,12,72.380915853347787,4.9376432948447491,113.87957646628865,8.9336171351328151,2.6600107297359563,1.0878129869387583,0.21604523978198176,0.22293744212185709,222.13625562484631,1.8637443751536871,1863.6142623858473,45.38573761415207,45.38573761415207,3304.1722562468094,11.827743753189486,11.827743753189486,16.600000000000001
59,12,72.315943369261333,4.9425757125652519,113.81042458887035,8.9571883335447584,2.6795645007535907,1.1047280838751063,0.21997981897995872,0.22811467397624693,222.09767294878336,1.9023270512166555,1862.6822222485284,46.31777775147085,46.31777775147085,3303.8980847285602,12.101915271438385,12.101915271438385,16.600000000000001
59.25,12,72.251042499620496,4.9475537751085055,113.74124540364508,8.9804931839566802,2.6990891533024484,1.1218213880119248,0.22396492806201893,0.23338594302186344,222.05848169956352,1.9415183004365208,1861.7357924028679,47.264207597131403,47.264207597131403,3303.6189566409348,12.381043359064295,12.381043359064295,16.600000000000001
59.5,12,72.186213238538372,4.9525784715015231,113.67203836659287,9.0035316038488773,2.7185829097417464,1.1390937763695497,0.22800089036737459,0.23875245307958995,222.01867547207178,1.9813245279282343,1860.7748328274354,48.225167172563687,48.225167172563687,3303.3348095066353,12.665190493363426,12.665190493363426,16.600000000000001
59.75,12,72.121455581528096,4.9576507823601572,113.60280292149641,9.0263035256171982,2.7380439895265107,1.1565461209680934,0.23208802677199883,0.24421541561981597,221.97824783598315,2.0217521640168483,1859.7992033266032,49.200796673396042,49.200796673396042,3303.045580488003,12.954419511996029,12.954419511996029,16.600000000000001
60,12,72.056769525489401,4.9627716799148853,113.53353850010426,9.0488088965103568,2.7574706093872936,1.1741792886981233,0.23622665559712414,0.24977604970286713,221.93719233620226,2.0628076637977535,1858.8087635501622,50.191236449836737,50.191236449836737,3302.7512063913218,13.248793608677293,13.248793608677293,16.600000000000001
60.25,12,71.992155068695368,4.9679421280305247,113.46424452228919,9.071047678571988,2.7768609835088873,1.1919941411932866,0.24041709251941523,0.25543558191725135,221.89550249330873,2.1044975066912976,1857.8033730129787,51.19662698702043,51.19662698702043,3302.4516236712493,13.548376328749743,13.548376328749743,16.600000000000001
60.5,12,71.92761221077933,4.9731630822231168,113.39492039620767,9.0930198485837916,2.7962133237132476,1.2099915347005767,0.24465965047898997,0.26119524631573898,221.85317180401384,2.1468281959861866,1856.7828911151034,52.217108884895673,52.217108884895673,3302.1467684353847,13.8532315646139,13.8532315646139,16.600000000000001
60.75,12,71.863140952721636,4.9784354896729042,113.32556551845821,9.1147253980110481,2.815525839644331,1.2281723199501349,0.24895463958696951,0.26705628434933754,221.81019374162574,2.1898062583742894,1855.7471771621501,53.252822837848953,53.252822837848953,3301.8365764489663,14.163423551031837,14.163423551031837,16.600000000000001
61,12,71.798741296837207,4.9837602892319222,113.25617927423245,9.1361643329529265,2.8347967389486666,1.2465373420293346,0.25330236703676945,0.27301994479988795,221.7665617565149,2.2334382434851388,1854.6960903853778,54.303909614621226,54.303909614621226,3301.5209831396223,14.479016860376388,14.479016860376388,16.600000000000001
61.25,12,71.734413246761576,4.9891384114321253,113.1867610374823,9.157336674087885,2.8540242274754593,1.2650874402430274,0.2577031370029832,0.27908748370836906,221.72226927661208,2.2777307233879394,1853.6294899636257,55.370510036373481,55.370510036373481,3301.199923602459,14.800076397539453,14.800076397539453,16.600000000000001
61.5,12,71.670156807437849,4.9945707784873754,113.1173101710766,9.1782424566250835,2.8732065094689978,1.2838234479807589,0.26215725054638717,0.28526016430219653,221.67730970790222,2.3226902920978074,1852.5472350446432,56.452764955355811,56.452764955355811,3300.8733326051738,15.126667394824883,15.126667394824883,16.600000000000001
61.75,12,71.605971985103807,5.0000583042918292,113.04782602695717,9.1988817302576535,2.892341787763538,1.30274619258323,0.26666500551817562,0.29153925692026073,221.63167643492753,2.3683235650724708,1851.449184766735,57.550815233264011,57.550815233264011,3300.5411445932955,15.458855406702792,15.458855406702792,16.600000000000001
62,12,71.541858787278699,5.0056018944152241,112.97830794629613,9.219254559117033,2.9114282639823701,1.3218564952067342,0.27122669646228831,0.29792603893547126,221.58536282130294,2.4146371786970624,1850.3351982808686,58.664801719130438,58.664801719130438,3300.2032936955948,15.796706304403642,15.796706304403642,16.600000000000001
62.25,12,71.477817222750147,5.0112024460947406,112.90875525965312,9.2393610217288273,2.9304641387397066,1.3411551706866465,0.27584261451677516,0.30442179467495306,221.53836221024122,2.4616377897588091,1849.2051347731269,59.794865226872204,59.794865226872204,3299.8597137296315,16.140286270367223,16.140286270367223,16.600000000000001
62.5,12,71.413847301561034,5.0168608482234154,112.83916728713167,9.259201210970458,2.9494476118445978,1.3606430274005528,0.28051304731475413,0.31102781533799817,221.49066792508731,2.5093320749127024,1848.0588534874282,60.941146512570896,60.941146512570896,3299.5103382074417,16.489661792556856,16.489661792556856,16.600000000000001
62.75,12,71.349949034998019,5.0225779813324172,112.76954333851693,9.2787752340376812,2.9683768824865817,1.3803208671453604,0.28523827889853576,0.31774539891494286,221.44227326983267,2.5577267301673401,1846.8962137466419,62.103786253357434,62.103786253357434,3299.1551003410709,16.844899658927499,16.844899658927499,16.600000000000001
63,12,71.2861224355769,5.0283547175755139,112.69988271344958,9.2980832123978789,2.9872501494649844,1.4001894849847838,0.29001858960558391,0.32457585009721229,221.39317152969829,2.6068284703017315,1845.7170749778111,63.28292502218838,63.28292502218838,3298.7939330488362,17.206066951162391,17.206066951162391,16.600000000000001
63.25,12,71.222367517029255,5.0341919207082322,112.63018470158593,9.3171252817501724,3.0060656114053015,1.4202496691071018,0.29485425596411091,0.33152048018740687,221.34335597170553,2.6566440282944765,1844.5212967362647,64.478703263734445,64.478703263734445,3298.4267689615135,17.573231038484966,17.573231038484966,16.600000000000001
63.5,12,71.158684294289714,5.0400904460624352,112.56044858274862,9.335901591990492,3.0248214669678277,1.4405022006895909,0.29974555059489055,0.3385806070085996,221.29281984524218,2.7071801547578387,1843.3087387290925,65.691261270906708,65.691261270906708,3298.0535404285274,17.946459571471362,17.946459571471362,16.600000000000001
63.75,12,71.09507278348282,5.046051140518621,112.49067362708317,9.354412307175469,3.0435159150653797,1.4609478537577829,0.30469274210804947,0.34575755481017101,221.24155638264762,2.7584436173524116,1842.0792608395343,66.920739160465118,66.920739160465118,3297.674179524377,18.325820475621608,18.325820475621608,16.600000000000001
64,12,71.031533001909722,5.0520748424751689,112.42085909521465,9.3726576054873263,3.0621471550838422,1.4815873950440059,0.30969609499904793,0.35305265417114812,221.18955879980868,2.8104412001913519,1840.8327231517105,68.167276848288779,68.167276848288779,3297.2886180552205,18.71138194477804,18.71138194477804,16.600000000000001
64.25,12,70.968064968035037,5.0581623818145642,112.35100423840458,9.3906376791997115,3.0807133871054648,1.5024215838452812,0.31475586954392104,0.3604672419010479,221.13682029676573,2.8631797032342767,1839.5689859756824,69.431014024316838,69.431014024316838,3296.8967875656067,19.103212434391498,19.103212434391498,16.600000000000001
64.5,12,70.904668701474648,5.064314579868392,112.28110829869348,9.4083527346496236,3.099212812114899,1.5234511718924955,0.31987232170622282,0.36800266094330025,221.08333405829538,2.9166659417046295,1838.2879098708725,70.712090129126707,70.712090129126707,3296.4986193449586,19.50138065503992,19.50138065503992,16.600000000000001
64.75,12,70.841344222981832,5.0705322493769165,112.21117050906501,9.4258029922024207,3.1176436322373484,1.5446769032015462,0.32504570302503599,0.37566026026865779,221.02909325455309,2.970906745446944,1836.9893556727015,72.010644327297712,72.010644327297712,3296.0940444348012,19.905955565197321,19.905955565197321,16.600000000000001
65,12,70.778091554433018,5.0768161944454233,112.14119009361391,9.4429886862164132,3.1360040509838902,1.5660995139213156,0.33027626049955711,0.38344139476492506,220.97409104173386,3.0259089582661707,1835.6731845199868,73.326815480012527,73.326815480012527,3295.6829936362406,20.317006363757894,20.317006363757894,16.600000000000001
65.25,12,70.714910718814991,5.0831672104998793,112.07116626769631,9.4599100650144248,3.154292273475122,1.587719732195636,0.33556423648819367,0.39134742513033499,220.91832056270218,3.08167943729782,1834.3392578802661,74.660742119733015,74.660742119733015,3295.2653975170992,20.734602482899152,20.734602482899152,16.600000000000001
65.5,12,70.65180174021144,5.0895860842389906,112.00109823808754,9.4765673908533703,3.172506506677276,1.6095382780189917,0.34090986860098654,0.39937971776185693,220.86177494764891,3.1382250523511206,1832.9874375764048,76.01256242359436,76.01256242359436,3294.8411864194081,21.158813580590639,21.158813580590639,16.600000000000001
65.75,12,70.588764643789318,5.0960735935835899,111.93098520314058,9.4929609398942922,3.1906449596410908,1.6315558630917639,0.34631338959141278,0.40753964464088877,220.80444731475845,3.1955526852415734,1831.6175858135261,77.382414186473184,77.382414186473184,3294.4102904670544,21.589709532944305,21.589709532944305,16.600000000000001
66,12,70.525799455785403,5.1026305076233776,111.86082635294484,9.509091002172779,3.2087058437434552,1.6537731906750404,0.35177502724758258,0.41582858321631433,220.74633077088717,3.2536692291128579,1830.2295652062696,78.770434793729692,78.770434793729692,3293.9726395735929,22.027360426405259,22.027360426405259,16.600000000000001
66.25,12,70.462906203493404,5.1092575865642553,111.79062086947427,9.5249578815740978,3.2266873729144523,1.6761909554538299,0.35729500429318062,0.42424791629018327,220.68741841222095,3.3125815877790732,1828.8232388046351,80.176761195364108,80.176761195364108,3293.5281634498092,22.471836550189522,22.471836550189522,16.600000000000001
66.5,12,70.400084915250631,5.115955581670959,111.72036792674361,9.5405618958055669,3.2445877638789802,1.6988098433939183,0.36287353828082064,0.43279903189712765,220.62770332496487,3.3722966750351469,1827.3984701213335,81.601529878665701,81.601529878665701,3293.0767916117156,22.923208388283101,22.923208388283101,16.600000000000001
66.75,12,70.337335620422408,5.1227252352008739,111.65006669098854,9.5559033763601438,3.2624052364358773,1.7216305315807505,0.3685108414641905,0.44148332317052197,220.56717858610565,3.4328214138943691,1825.9551231629432,83.044876837056051,83.044876837056051,3292.6184533895357,23.381546610463054,23.381546610463054,16.600000000000001
67,12,70.274658349389185,5.1295672803438324,111.57971632081599,9.5709826684918902,3.2801380136937892,1.7446536880813592,0.37420712069705625,0.45030218821992546,220.50583726410264,3.4941627358973881,1824.4930624567769,84.506937543222278,84.506937543222278,3292.1530779357636,23.84692206423551,23.84692206423551,16.600000000000001
67.25,12,70.212053133532535,5.1364824411568328,111.50931596736508,9.5858001311875807,3.2977843223245924,1.7678799717985085,0.37996257732296856,0.45925703000129781,220.44367241961612,3.5563275803839165,1823.0121530795534,85.987846920445989,85.987846920445989,3291.6805942337364,24.319405766262122,24.319405766262122,16.600000000000001
67.5,12,70.149520005221177,5.1434714324964661,111.4388647744686,9.6003561371382737,3.31534239281951,1.7913100323246218,0.38577740706453201,0.46834925618448542,220.38067710624634,3.619322893753679,1821.5122606863813,87.487739313618007,87.487739313618007,3291.2009311063762,24.799068893622785,24.799068893622785,16.600000000000001
67.75,12,70.087058997796817,5.1505349599490939,111.36836187881556,9.614651072710739,3.3328104597478201,1.8149445097955874,0.39165179991232152,0.47758027901799432,220.31684437128331,3.6831556287167406,1819.9932515400487,89.006748459950614,89.006748459950614,3290.7140172250824,25.285982774916164,25.285982774916164,16.600000000000001
68,12,70.024670145560563,5.1576737197623279,111.29780641010676,9.6286853379218158,3.3501867620056318,1.8387840347497248,0.39758594002054115,0.48695151519555629,220.25216725644242,3.7478327435576366,1818.4549925393162,90.545007460682896,90.545007460682896,3290.2197811184615,25.780218881537134,25.780218881537134,16.600000000000001
68.25,12,69.962353483759586,5.1648883987763998,111.22719749120689,9.6424593464143324,3.3674695430599604,1.8628292279897631,0.40358000560649726,0.49646438572258295,220.18663879859696,3.8133612014030605,1816.8973512467585,92.102648753240672,92.102648753240672,3289.7181511810104,26.281848818988308,26.281848818988308,16.600000000000001
68.5,12,69.900109048570755,5.172179674336749,111.15653423833376,9.6559735254174583,3.3846570512556711,1.8870807004194088,0.40963416881570325,0.50612031575803418,220.12025203063899,3.8797479693610439,1815.3201959231435,93.679804076855646,93.679804076855646,3289.2090556836101,26.790944316388281,26.790944316388281,16.600000000000001
68.75,12,69.837936877086889,5.1795482142210085,111.0858157612128,9.6692283157215133,3.4017475400658181,1.9115390529048235,0.41574859562017619,0.5159207344749136,220.05299998223504,3.9470000177650073,1813.7233955559873,95.276604444012037,95.276604444012037,3288.6924227825762,27.307577217422224,27.307577217422224,16.600000000000001
69,12,69.775837007302314,5.1869946765597339,111.01504116324188,9.6822241716483806,3.4187392683599924,1.9362048761296351,0.42192344570777057,0.5258670749123755,219.98487568062316,4.0151243193768726,1812.1068198900002,96.893180109998866,96.893180109998866,3288.1681805292919,27.831819470706456,27.831819470706456,16.600000000000001
69.25,12,69.713809478098227,5.1945197097550153,110.94420954165764,9.6949615610211026,3.4356305006760279,1.961078750449686,0.42815887237084982,0.53596077382472307,219.91587215142221,4.084127848577821,1810.4703394579149,98.5296605420844,98.5296605420844,3287.6362568800341,28.363743119964045,28.363743119964045,16.600000000000001
69.5,12,69.651854329227888,5.2021239523973044,110.87331998770262,9.7074409651328573,3.4524195074940174,1.9861612457479825,0.43445502239490685,0.54620327152765846,219.84598241945136,4.1540175805486896,1808.8138256115774,100.18617438842173,100.18617438842173,3287.0965797059598,28.903420294038746,28.903420294038746,16.600000000000001
69.75,12,69.589971601302153,5.2098080331831857,110.80237158678868,9.7196628787175392,3.4691045655044732,2.0114529212926979,0.44081203595130508,0.55659601174533913,219.775199509543,4.2248004904570493,1807.1371505524451,101.86284944755438,101.86284944755438,3286.5490768029922,29.450923197006151,29.450923197006151,16.600000000000001
70,12,69.528161335775906,5.2175725708389411,110.7313634186486,9.7316278099259126,3.4856839578559802,2.0369543256033138,0.44723004650159842,0.56714044146463249,219.70351644731858,4.2964835526815044,1805.440187359922,103.55981264007737,103.55981264007737,3285.9936759011521,30.006324098846434,30.006324098846434,16.600000000000001
70.25,12,69.466423574930701,5.2254181740172125,110.66029455753242,9.7433362802793511,3.5021559744823416,2.0626659962904488,0.45370918066268157,0.5778380107527844,219.63092626013579,4.369073739864282,1803.7228100281623,105.27718997183715,105.27718997183715,3285.430304676499,30.569695323499243,30.569695323499243,16.600000000000001
70.5,12,69.404758361860289,5.233345441212629,110.58916407236939,9.7547888246401637,3.5185189123693452,2.0885884599176334,0.46024955810380763,0.58869017259969492,219.55742197791577,4.442578022084267,1801.9848934964768,107.01510650352247,107.01510650352247,3284.858890761253,31.141109238745592,31.141109238745592,16.600000000000001
70.75,12,69.343165740455447,5.241354960672342,110.51797102693703,9.7659859911778515,3.5347710758347004,2.1147222318597088,0.46685129143815035,0.59969838275259246,219.48299663400329,4.5170033659967865,1800.2263136811619,108.77368631883746,108.77368631883746,3284.2793617544207,31.720638245577742,31.720638245577742,16.600000000000001
71,12,69.281645755388624,5.2494473103042303,110.44671448003309,9.7769283413335355,3.5509107768129762,2.1410678161606937,0.47351448611308183,0.61086409954665988,219.4076432660429,4.5923567339571632,1798.4469475078745,110.55305249212476,110.55305249212476,3283.6916452326827,32.308354767315791,32.308354767315791,16.600000000000001
71.25,12,69.220198452098288,5.2576230575837917,110.37539348564836,9.7876164497832967,3.566936335142477,2.167625705392207,0.48023924030074522,0.62218878373293762,219.33135491686562,4.6686450831344182,1796.6466729442336,112.35332705576563,112.35332705576563,3283.0956687614312,32.904331238567394,32.904331238567394,16.600000000000001
71.5,12,69.158823876773567,5.2658827594613689,110.30400709313818,9.7980509044018742,3.5828460788495757,2.1943963805136772,0.48702564479111082,0.63367389830560772,219.25412463537515,4.745875364624899,1794.8253690321608,114.17463096783877,114.17463096783877,3282.4913599058154,33.508640094183129,33.508640094183129,16.600000000000001
71.75,12,69.097522076340198,5.274226962279724,110.23255434737627,9.8082323062362171,3.5986383444019108,2.2213803107420116,0.49387378290139333,0.64532090834224409,219.17594547737136,4.8240545226287237,1792.9829159168828,116.01708408311657,116.01708408311657,3281.8786462408102,34.121353759188288,34.121353759188288,16.600000000000001
72,12,69.036293098442442,5.2826562016618874,110.16103428895585,9.8181612694502416,3.614311477045435,2.2485779534000532,0.50078373034614543,0.65713128080230465,219.09681050656405,4.9031894934360052,1791.1191948849753,117.88080511502412,117.88080511502412,3281.2574553642571,34.742544635741716,34.742544635741716,16.600000000000001
72.25,12,68.975136991427419,5.2911710024166911,110.08944595436189,9.8278384212862271,3.6298638310896258,2.2759897537800939,0.50775555513378756,0.66910648434839881,219.01671279547872,4.9832872045213472,1789.2340883968341,119.76591160316529,119.76591160316529,3280.6277149082184,35.372285091779794,35.372285091779794,16.600000000000001
72.5,12,68.914053804329285,5.2997718784431482,110.01778837614448,9.837264402024628,3.6452937701949741,2.3036161450080188,0.51478931746337642,0.68124798916455565,218.93564542637259,5.0643545736274884,1787.3274801194079,121.67251988059171,121.67251988059171,3279.9893525505122,36.010647449486143,36.010647449486143,16.600000000000001
72.75,12,68.853043586853005,5.3084593326318537,109.94606058309687,9.8464398649404039,3.6605996676681074,2.3314575479066977,0.5218850696190408,0.69355726676892915,218.85360149217377,5.1463985078262775,1785.3992549597604,123.60074504023927,123.60074504023927,3279.3422960265966,36.657703973401873,36.657703973401873,16.600000000000001
73,12,68.792106389357897,5.3172338567656379,109.87426160043455,9.8553654762578677,3.6757799067583616,2.3595143708602957,0.52904285586510436,0.70603578982386384,218.77057409742952,5.2294259025705383,1783.449299098801,125.55070090119861,125.55070090119861,3278.6864731416108,37.313526858388016,37.313526858388016,16.600000000000001
73.25,12,68.731242262841292,5.326095931420137,109.80239044997445,9.864041915104707,3.690832880954027,2.387787009679895,0.53626271234267808,0.71868503194426048,218.6865563592591,5.3134436407409433,1781.4775000249845,127.52249997501507,127.52249997501507,3278.0218117824911,37.978188217507181,37.978188217507181,16.600000000000001
73.5,12,68.670451258923705,5.3350460258768164,109.73044615029463,9.8724698734790053,3.7057569942434583,2.4162758474770749,0.54354466698262738,0.73150646752325099,218.60154140823053,5.3984585917695096,1779.4837465641579,129.5162534358418,129.5162534358418,3277.3482399288296,38.651760071168987,38.651760071168987,16.600000000000001
73.75,12,68.609733429830285,5.3440845980093297,109.65842771693599,9.8806500561853774,3.7205506614503729,2.4449812545246865,0.5508887393882077,0.74450157151539842,218.51552238941687,5.4844776105831743,1777.4679289175599,131.53207108243984,131.53207108243984,3276.6656856666868,39.334314333311546,39.334314333311546,16.600000000000001
74,12,68.549088828373769,5.3532120941807797,109.58633416258773,9.8885831807820885,3.7352123085386291,2.4739035881247964,0.55829494073215191,0.75767181923463534,218.42849246338696,5.5715075366130682,1775.4299386964733,133.57006130352647,133.57006130352647,3275.9740772013329,40.025922798665775,40.025922798665775,16.600000000000001
74.25,12,68.488517507937885,5.3624289491460999,109.51416449726466,9.8962699775325991,3.7497403729027492,2.5030431924807237,0.56576327366127865,0.7710186861580175,218.34044480716881,5.6595551928312595,1773.3696689553155,135.63033104468394,135.63033104468394,3275.2733428695265,40.726657130472049,40.726657130472049,16.600000000000001
74.5,12,68.42801952246036,5.3717355859505389,109.44191772849159,9.9037111893512577,3.7641333036695039,2.5324003985684023,0.57329373219782953,0.78454364772144214,218.25137261524449,5.748627384755542,1771.287014225948,137.7129857740515,137.7129857740515,3274.5634111523286,41.43658884766991,41.43658884766991,16.600000000000001
74.75,12,68.367594926415535,5.3811324158279641,109.36959286148868,9.9109075717471704,3.7783895620003478,2.5619755240090432,0.5808863016419199,0.79824817911287593,218.16126910055388,5.8387308994461504,1769.1818705520795,139.81812944792011,139.81812944792011,3273.8442106880452,42.155789311953349,42.155789311953349,16.600000000000001
75,12,68.307243774797044,5.3906198380991333,109.29718889935764,9.9178598927663089,3.7925076213944,2.5917688729431738,0.58854095847524734,0.81213375506326291,218.07012749550492,5.9298725044951208,1767.0541355237331,141.94586447626659,141.94586447626659,3273.115670285295,42.884329714704073,42.884329714704073,16.600000000000001
75.25,12,68.24696612310197,5.4001982400811901,109.22470484324998,9.9245689329477962,3.8064859679595324,2.6217807359095744,0.59625767027826204,0.82620184965488253,217.97794105291084,6.022058947089211,1764.9037083081575,144.0962916918422,144.0962916918422,3272.3777189348161,43.622281065182506,43.622281065182506,16.600000000000001
75.5,12,68.186762027312227,5.409867996979929,109.15213969256558,9.9310354852534637,3.8203231007341421,2.6520113897202919,0.60403639562982925,0.8404539360967147,217.8847030470599,6.1152969529401773,1762.7304896863877,146.26951031361187,146.26951031361187,3271.6302858235413,44.369714176457457,44.369714176457457,16.600000000000001
75.75,12,68.126631543875789,5.4196294717817928,109.07949244515306,9.9372603549948177,3.8340175320106185,2.6824610973370393,0.61187708400779972,0.85489148649669544,217.79040677479543,6.2095932252046477,1760.5343820899939,148.46561791000582,148.46561791000582,3270.8733003488387,45.12669965116001,45.12669965116001,16.600000000000001
76,12,68.066574729689506,5.4294830151581532,109.00676209749057,9.943244359775214,3.8475677876242771,2.7131301077528951,0.61977967570411685,0.8695159716529558,217.69504555651608,6.3049544434839744,1758.315289633978,150.68471036602173,150.68471036602173,3270.1066921313954,45.893307868603223,45.893307868603223,16.600000000000001
76.25,12,68.006591642081204,5.4394289653649581,108.93394764487614,9.9489883294228481,3.8609724072569707,2.7440186558740729,0.62774410173601536,0.88432886083396656,217.5986127372189,6.4013872627811406,1756.073118151307,152.92688184869274,152.92688184869274,3269.3303910288287,46.669608971169865,46.669608971169865,16.600000000000001
76.5,12,67.946682338791433,5.4494676481427842,108.86104808161897,9.9544931059216157,3.8742299447408648,2.7751269624033612,0.63577028375878342,0.89933162155642454,217.50110168754915,6.4988983124509003,1753.8077752274603,155.19222477253953,155.19222477253953,3268.5443271494137,47.455672850584783,47.455672850584783,16.600000000000001
76.75,12,67.88684687795525,5.4595993766173923,108.78806240123156,9.9597595433398354,3.8873389683623136,2.8064552337252775,0.64385813398014635,0.91452571936089377,217.40250580485682,6.5974941951432733,1751.519170234985,157.48082976501465,157.48082976501465,3267.7484308659255,48.251569134073449,48.251569134073449,16.600000000000001
77,12,67.827085318085238,5.4698244512087344,108.71498959660718,9.9647885077723313,3.9002980611405191,2.838003661793238,0.6520075550840172,0.9299126176027368,217.30281851419161,6.697181485808434,1749.2072143651912,159.79278563480818,159.79278563480818,3266.942632828388,49.057367171610458,49.057367171610458,16.600000000000001
77.25,12,67.767397718052763,5.4801431595315186,108.64182866021649,9.9695808772622954,3.9131058211352254,2.8697724240182576,0.66021844014711073,0.94549377722064698,217.20203326938315,6.7979667306169071,1746.8718206631329,162.12817933686659,162.12817933686659,3266.1268639783266,49.873136021671847,49.873136021671847,16.600000000000001
77.5,12,67.707784137067677,5.4905557762895052,108.56857858431917,9.9741375417069236,3.9257608617766566,2.9017616831592936,0.66849067255052197,0.96127065648746424,217.10014355418679,6.8998564458132767,1744.512904065105,164.48709593489454,164.48709593489454,3265.3010555641858,50.698944435813097,50.698944435813097,16.600000000000001
77.75,12,67.648244634660557,5.5010625631844459,108.49523836114878,9.9784594027881237,3.9382618121509867,2.9339715872159453,0.67682412590664243,0.97724471078954445,216.99714288331717,7.0028571166829074,1742.1303814310977,166.86961856890198,166.86961856890198,3264.46513915475,51.534860845248666,51.534860845248666,16.600000000000001
78,12,67.588779270663835,5.5116637688210357,108.42180698310844,9.9825473738911406,3.9506073173011043,2.9664022693229524,0.68521866398322318,0.9934173923931654,216.89302480352933,7.1069751964707288,1739.7241715789769,169.27582842102254,169.27582842102254,3263.6190466534144,52.380953346584164,52.380953346584164,16.600000000000001
78.25,12,67.529388105192808,5.5223596286129055,108.34828344296724,9.986402380020845,3.9627960385267795,2.9990538476467243,0.6936741406294652,1.009790150208969,216.78778289470526,7.212217105294803,1737.2941953185943,171.70580468140531,171.70580468140531,3262.7627103125419,53.237289687456709,53.237289687456709,16.600000000000001
78.5,12,67.47007119862657,5.5331503646897264,108.2746667340576,9.9900253577156821,3.9748266536841506,3.0319264252839249,0.70219039970419594,1.0263644295544663,216.68141077094523,7.3185892290548171,1734.8403754858095,174.15962451418994,174.15962451418994,3261.8960627479132,54.103937252085423,54.103937252085423,16.600000000000001
78.75,12,67.41082861159002,5.5440361858105645,108.20095585046016,9.993417254974073,3.9866978574650869,3.0650200901603153,0.71076727501042158,1.0431416719299664,216.57390208160786,7.426097918392232,1732.3626369741969,176.63736302580259,176.63736302580259,3261.0190369522302,54.980963047768135,54.980963047768135,16.600000000000001
79,12,67.351660404934918,5.5550172872754278,108.12714978719757,9.9965790311692846,3.9984083616875257,3.098334914932896,0.71940459022949443,1.0601233147832498,216.46525051238896,7.5347494876111227,1729.8609067680052,179.13909323199422,179.13909323199422,3260.1315663093374,55.868433690661107,55.868433690661107,16.600000000000001
79.25,12,67.292566639718274,5.5660938508273805,108.05324754045758,9.9995116569298812,4.0099568956262734,3.1318709568982497,0.72810215884848628,1.0773107912395541,216.35544978652672,7.6445502134733676,1727.3351139797724,181.66488602022685,181.66488602022685,3259.2335846107353,56.766415389263429,56.766415389263429,16.600000000000001
79.5,12,67.233547377183882,5.577266044569984,107.97924810778034,10.002216114058665,4.021342206289523,3.1656282578980162,0.73685978410152786,1.0947055298719459,216.24449366585495,7.755506334145112,1724.7851898816859,184.21481011831361,184.21481011831361,3258.3250260693326,57.674973930665907,57.674973930665907,16.600000000000001
79.75,12,67.174602678742744,5.5885340228818681,107.90515048825819,10.004693395436037,4.0325630587111014,3.1996068442283083,0.74567725890984471,1.1123089544565357,216.1323759519104,7.8676240480896906,1722.2110679387451,186.7889320612542,186.7889320612542,3257.4058253341768,58.594174665821576,58.594174665821576,16.600000000000001
80,12,67.115732605953397,5.5998979263329449,107.83095368273608,10.006944504920813,4.0436182362414206,3.2338067265514758,0.75455436582424951,1.1301224837259873,216.01909048704334,7.9809095129567549,1719.6126838417733,189.38731615822601,189.38731615822601,3256.4759175052536,59.52408249474508,59.52408249474508,16.600000000000001
80.25,12,67.056937220502022,5.6113578816023608,107.75665669401268,10.008970457248539,4.0545065408368863,3.2682278998102521,0.76349087697018747,1.148147531121483,215.90463115553192,8.0953688444681742,1716.98997554024,192.01002445975931,192.01002445975931,3255.5352381483467,60.464761851651915,60.464761851651915,16.600000000000001
80.5,12,66.998216584183425,5.6229140014003569,107.682258527032,10.010772277940294,4.0652267933348663,3.3028703431411026,0.77248655399646771,1.1663855045552778,215.78899188465695,8.2110081153431445,1714.3428832733873,194.65711672661229,194.65711672661229,3254.5837233091611,61.416276690837286,61.416276690837286,16.600000000000001
80.75,12,66.939570758882198,5.6345663843922695,107.60775818907463,10.012351003210245,4.0757778337256134,3.3377340197897234,0.78154114802677699,1.1848378061730225,215.67216664577529,8.3278333542247918,1711.6713496009916,197.32865039900784,197.32865039900784,3253.6213095274161,62.37869047258237,62.37869047258237,16.600000000000001
81,12,66.880999806549781,5.6463151151167983,107.53315468998731,10.013707679822044,4.0861585214702529,3.3728188770411811,0.79065439960991357,1.2035058320693088,215.55414945555393,8.4458505444461895,1708.9753194395437,200.02468056045583,200.02468056045583,3252.6479338539743,63.352066146024079,63.352066146024079,16.600000000000001
81.25,12,66.822503789185504,5.6581602639145361,107.45844704237325,10.014843364993931,4.0963677357662371,3.4081248461398412,0.79982603867705804,1.2223909720496955,215.4349343770393,8.5650656229608213,1706.2547400922438,202.74525990775567,202.74525990775567,3251.6635338648694,64.336466135129029,64.336466135129029,16.600000000000001
81.5,12,66.764082768816436,5.6701018868563757,107.38363426179416,10.015759126286737,4.1064043758249982,3.4436518422155107,0.80905578450070825,1.2414946093778974,215.31451552077624,8.6854844792238683,1703.5095612804328,205.49043871956675,205.49043871956675,3250.6680476762635,65.331952323734711,65.331952323734711,16.600000000000001
81.75,12,66.705736807476924,5.6821400256741148,107.30871536697319,10.016456041488841,4.1162673611478153,3.479399764212348,0.81834334565650368,1.2608181205213167,215.19288704592975,8.8071129540703463,1700.7397351748075,208.26026482519197,208.26026482519197,3249.6614139594717,66.338586040526607,66.338586040526607,16.600000000000001
82,12,66.647465967188282,5.6942747076934452,107.23368937999815,10.016935198498654,4.1259556317992256,3.5153684948204313,0.82768841998804565,1.2803628748954907,215.07004316140799,8.9299568385921244,1697.9452164263471,211.05478357365237,211.05478357365237,3248.6435719560091,67.356428043989226,67.356428043989226,16.600000000000001
82.25,12,66.589270309938925,5.7065059457693588,107.15855532651773,10.017197695215401,4.1354681486700935,3.5515579004062903,0.83709069457377627,1.3001302346167165,214.94597812695585,9.0540218730442632,1695.1259621959966,213.87403780400265,213.87403780400265,3247.6144614920745,68.385538507924053,68.385538507924053,16.600000000000001
82.5,12,66.53114989766523,5.718833738224042,107.08331223592971,10.017244639439022,4.1448038937296223,3.5879678309421332,0.84654984569589498,1.3201215542636182,214.82068625421689,9.1793137457832206,1692.2819321830259,216.71806781697327,216.71806781697327,3246.5740229924145,69.425977007583953,69.425977007583953,16.600000000000001
82.75,12,66.473104792228213,5.7312580687877075,107.00795914161381,10.017077148703992,4.1539618703202406,3.6245981199599075,0.8560655388183398,1.3403381805837109,214.69416190797247,9.3058380920276598,1689.4130886585538,219.58691134144556,219.58691134144556,3245.5221974976635,70.477802502334981,70.477802502334981,16.600000000000001
83,12,66.415135055393691,5.7437789065418752,106.93249508112386,10.016696350169331,4.162941103407352,3.6614485844878137,0.86563742856256831,1.3607814522490853,214.56639950721726,9.4336004927828618,1686.5193964936445,222.48060350635481,222.48060350635481,3244.4589266784928,71.541073321505507,71.541073321505507,16.600000000000001
83.25,12,66.357240748811805,5.7563962058655189,106.85691909639009,10.016103380491876,4.1717406398362495,3.6985190249946167,0.87526515868795407,1.381452699599226,214.43739352627429,9.5626064737258165,1683.6008231882727,225.39917681172673,225.39917681172673,3243.38415285054,72.615847149458617,72.615847149458617,16.600000000000001
83.5,12,66.299421933996143,5.7691099063841209,106.78123023392254,10.015299385695732,4.1803595485867699,3.7358092253372877,0.88494836207565519,1.4023532443820179,214.3071384959128,9.6928615040873272,1680.65733890002,228.34266109997927,228.34266109997927,3242.2978189894025,73.70218101059595,73.70218101059595,16.600000000000001
83.75,12,66.241678672302953,5.7819199329216957,106.7054275450145,10.014285521039312,4.1887969210245508,3.7733189527115458,0.8946866607158912,1.4234843994942055,214.17562900446481,9.8243709955353093,1677.688916472373,231.31108352762635,231.31108352762635,3241.1998687456248,74.800131254373753,74.800131254373753,16.600000000000001
84,12,66.184011024910617,5.794826195454422,106.62951008594074,10.013062950888315,4.1970518711449936,3.8110479576017053,0.90447966569649685,1.4448474687277644,214.04285969892103,9.9571403010790718,1674.6955314621246,234.30446853787478,234.30446853787478,3240.0902464592687,75.90975354072981,75.90975354072981,16.600000000000001
84.25,12,66.126419052800642,5.8078285890637975,106.5534769181431,10.011632848606927,4.2051235358041668,3.848995973724517,0.91432697718958311,1.4664437465317162,213.90882528597638,10.091174714023738,1671.6771621651667,237.32283783483277,237.32283783483277,3238.9688971734909,77.031102826507961,77.031102826507961,16.600000000000001
84.5,12,66.068902816733683,5.8209269939058732,106.47732710846127,10.009996396373209,4.2130110749794056,3.8871627180078816,0.92422818446100685,1.4882745177172416,213.77352053324518,10.226479466754949,1668.6337896460329,240.36621035396658,240.36621035396658,3237.8357666515553,78.164233348443204,78.164233348443204,16.600000000000001
84.75,12,66.011462377229506,5.8341212751731915,106.40105972932604,10.008154785052636,4.2207136719984337,3.925547890546297,0.93418286586760446,1.5103410572090024,213.63694027033247,10.363059729667651,1665.5653977635197,243.43460223647969,243.43460223647969,3236.6908013909606,79.309198609038262,79.309198609038262,16.600000000000001
85,12,65.954097794546072,5.8474112830621117,106.32467385895953,10.006109214057906,4.2282305337696551,3.9641511745643006,0.94419058886108731,1.5326446297875382,213.49907938992911,10.500920610071027,1662.4719731964813,246.52802680351823,246.52802680351823,3235.5339486380576,80.466051361941382,80.466051361941382,16.600000000000001
85.25,12,65.896809128658646,5.8607968527440324,106.24816858157671,10.003860891203837,4.2355608910094489,4.0029722363840854,0.95425090999633244,1.5551864898296066,213.35993284890958,10.640067151090562,1659.3535054692766,249.64649453072278,249.64649453072278,3234.3651564027509,81.634843597247951,81.634843597247951,16.600000000000001
85.5,12,65.839596439238505,5.8742778043401573,106.17154298758662,10.00141103256006,4.2427039984651413,4.0420107253961914,0.96436337494343183,1.5779678810485702,213.21949566942638,10.780504330573743,1656.209986976706,252.79001302329343,252.79001302329343,3233.1843734731419,82.815626526856676,82.815626526856676,16.600000000000001
85.75,12,65.782459785632312,5.8878539428977321,106.09479617379006,9.9987608623073907,4.2496591351324042,4.0812662740302255,0.97452751850092678,1.6009900362390044,213.0777629399891,10.92223706001101,1653.0414130082556,255.95858699174386,255.95858699174386,3231.9915494298752,84.008450570123046,84.008450570123046,16.600000000000001
86,12,65.725399226842868,5.9015250583601713,106.0179272435618,9.9959116126195031,4.2564256044628799,4.1207384977146315,0.98474286460077365,1.6242541770404315,212.93472981648702,11.065270183513103,1649.8477817710566,259.15221822894279,259.15221822894279,3230.7866346593219,85.213365340676532,85.213365340676532,16.600000000000001
86.25,12,65.668414821505408,5.9152909255687049,105.94093530707478,9.9928645234646503,4.263002734581816,4.1604269948794688,0.9950089263515518,1.6477615136477386,212.79039152335463,11.20960847664549,1646.6290944143943,262.37090558560504,262.37090558560504,3229.5695803698004,86.430419630197846,86.430419630197846,16.600000000000001
86.5,12,65.611506627867101,5.9291513042475108,105.86381948149287,9.9896208424622266,4.2693898784900934,4.2003313469331323,1.0053252060604601,1.6715132445612373,212.64474335462427,11.355256645375887,1643.3853550520985,265.61464494790107,265.61464494790107,3228.340338605446,87.659661394552259,87.659661394552259,16.600000000000001
86.75,12,65.554674703766182,5.943105938994985,105.7865788911662,9.9861818247309397,4.27558641426248,4.2404511182454634,1.0156911952620653,1.6955105563328685,212.49778067498494,11.502219325015208,1640.1165707845153,268.88342921548423,268.88342921548423,3227.0988622602426,88.901137739755768,88.901137739755768,16.600000000000001
87,12,65.497919106611036,5.9571545592804593,105.70921266782844,9.9825487327308,4.2815917452415784,4.2807858561361769,1.0261063747529091,1.7197546233101044,212.34949892084376,11.650501079156374,1636.8227517199889,272.17724828001076,272.17724828001076,3225.8451050921335,90.154894907864872,90.154894907864872,16.600000000000001
87.25,12,65.441239893358997,5.9712968794449326,105.63171995079318,9.9787228361031346,4.2874053002265429,4.3213350908664525,1.0365702146301439,1.7442466073805525,212.19989360138081,11.80010639861932,1633.5039109957188,275.49608900428063,275.49608900428063,3224.5790217370327,91.420978262965477,91.420978262965477,16.600000000000001
87.5,12,65.38463712049554,5.9855325987037755,105.55409988714779,9.9747054115124563,4.293026533656807,4.362098335631484,1.0470821743318814,1.7689876577196013,212.04896029959218,11.951039700407973,1630.1600647980056,278.83993520199374,278.83993520199374,3223.300567722612,92.699432277386109,92.699432277386109,16.600000000000001
87.75,12,65.328110844015143,5.9998614011363198,105.47635163193169,9.970497742517372,4.2984549257933011,4.4030750865379167,1.05764170266218,1.793978910557557,211.89669467328167,12.103305326718459,1626.7912323820237,282.20876761797575,282.20876761797575,3222.0096994809901,93.990300519007818,93.990300519007818,16.600000000000001
88,12,65.271661119398118,6.0142829557214394,105.39847434834951,9.9661011193648097,4.3036899828868815,4.4442648226288126,1.0682482378672813,1.8192214889027032,211.74309245615291,12.256907543847245,1623.3974360904929,285.60256390950656,285.60256390950656,3220.7063743636922,95.293625636306047,95.293625636306047,16.600000000000001
88.25,12,65.215288001589869,6.0287969163509727,105.32046720796068,9.9615168388297999,4.3087312373455839,4.4856670058838217,1.0789012076862361,1.8447165022939007,211.5881494588254,12.411850541174754,1619.9787013719467,289.02129862805282,289.02129862805282,3219.390550654974,96.609449345023862,96.609449345023862,16.600000000000001
88.5,12,65.158991544980552,6.043402921847032,105.24232939086748,9.9567462040542569,4.3135782478961247,4.5272810812220987,1.0896000294052268,1.8704650465548189,211.43186156984203,12.568138430158125,1616.5350567983096,292.46494320169012,292.46494320169012,3218.0621875849979,97.937812415000423,97.937812415000423,16.600000000000001
88.75,12,65.102771803384044,6.0581005959869687,105.16406008590526,9.9517905243782465,4.3182305997388664,4.5691064765119327,1.1003441099198186,1.8964682035458889,211.27422475667626,12.7257752433239,1613.0665340817309,295.93346591826872,295.93346591826872,3216.7212453430493,99.278754656948564,99.278754656948564,16.600000000000001
89,12,65.046628830017369,6.0728895475327471,105.08565849083099,9.9466511151696491,4.3226879046967106,4.6111426025835875,1.1111328458014207,1.9227270409176436,211.11523506673063,12.884764933269517,1609.5731680906963,299.42683190930308,299.42683190930308,3215.3676850906209,100.63231490937738,100.63231490937738,16.600000000000001
89.25,12,64.990562677479971,6.0877693702627651,105.00712381251003,9.9413292976547734,4.326949801358893,4.6533888532436549,1.1219656233658635,1.9492426118667876,210.95488862832394,13.045111371676215,1606.0549968655148,302.94500313448481,302.94500313448481,3214.001468974277,101.99853102572068,101.99853102572068,16.600000000000001
89.5,12,64.934573397735093,6.1027396429786531,104.92845526708663,9.9358263987841902,4.3310159552344185,4.6958446052677063,1.1328418187148175,1.9760159549122414,210.79318165163576,13.206818348364394,1602.5120616347172,306.48793836528216,306.48793836528216,3212.6225601375622,103.37743986243561,103.37743986243561,16.600000000000001
89.75,12,64.878661042086975,6.1177999295826444,104.84965208018613,9.9301437510151498,4.3348860588634377,4.738509218451842,1.1437607978517039,2.0030480936317425,210.6301104297149,13.369889570285245,1598.9444068269756,310.05559317302374,310.05559317302374,3211.2309227345495,104.76907726544864,104.76907726544864,16.600000000000001
90,12,64.822825661160479,6.1329497791239973,104.77071348709796,9.9242826921368188,4.3385598319413017,4.7813820356374688,1.1547219167640896,2.0303400364223587,210.46567133943788,13.534328660562279,1595.3520800842439,313.64791991575544,313.64791991575544,3209.8265219422483,106.17347805774956,106.17347805774956,16.600000000000001
90.25,12,64.767067304881039,6.1481887258422825,104.69163873295342,9.9182445651038176,4.3420370214401949,4.8244623827327242,1.1657245215021181,2.057892776267721,210.29986084244803,13.700139157552115,1591.7351322745496,317.26486772544979,317.26486772544979,3208.4093239726221,107.59067602737605,107.59067602737605,16.600000000000001
90.5,12,64.711386022454533,6.1635162892230522,104.61242707290565,9.9120307178590039,4.3453174017198668,4.867749568743605,1.1767679482694486,2.0857072905024294,210.13267548609247,13.867324513907677,1588.0936175035474,320.90638249645212,320.90638249645212,3206.9792960846285,109.02070391536945,109.02070391536945,16.600000000000001
90.75,12,64.655781862346956,6.1789319740582656,104.5330777723081,9.9056425031550113,4.3484007746315188,4.911242885808309,1.1878515235185447,2.1137845405785232,209.96411190434745,14.035888095652707,1584.4275931252546,324.57240687474473,324.57240687474473,3205.536406596078,110.46359340391959,110.46359340391959,16.600000000000001
91,12,64.600254872264344,6.1944352705115131,104.45359010689135,9.899081278374668,4.3512869696147174,4.9549416092348171,1.1989745640503535,2.1421254718340967,209.79416681873221,14.205833181267931,1580.7371197519581,328.26288024804148,328.26288024804148,3204.0806248952936,111.91937510470444,111.91937510470444,16.600000000000001
91.25,12,64.544805099132844,6.2100256541856371,104.37396336293737,9.8923484053527471,4.3539758437889429,4.9988449975398854,1.2101363771158136,2.1707310132652324,209.62283703920963,14.377162960790503,1577.0222612634582,331.9777387365412,331.9777387365412,3202.6119214525302,113.38807854746784,113.38807854746784,16.600000000000001
91.5,12,64.489432589082128,6.2257025861279356,104.29419683742871,9.8854452502638139,4.3564672820846253,5.0429522924415595,1.2213362604518827,2.1996020773294047,209.45011946504025,14.549880534959891,1573.2830848205501,335.71691517944947,335.71691517944947,3201.1302678301881,114.86973216980989,114.86973216980989,16.600000000000001
91.75,12,64.434137387422453,6.2414655129751964,104.21428983824258,9.8783731833745012,4.3587611972733713,5.0872627189545438,1.2325735024620779,2.2287395596929276,209.27601108569195,14.723988914308171,1569.5196608674323,339.480339132567,339.480339132567,3199.6356366948221,116.36436330517597,116.36436330517597,16.600000000000001
92,12,64.378919538624515,6.2573138670493584,104.13424168432434,9.8711335788490615,4.3608575300285013,5.1317754854486353,1.243847382344996,2.2581443390044607,209.10050898170925,14.89949101829089,1565.7320631373489,343.26793686265052,343.26793686265052,3198.1280018281209,117.87199817187729,117.87199817187729,16.600000000000001
92.25,12,64.323779086301002,6.2732470664227851,104.05405170584672,9.8637278145893745,4.3627562490026328,5.1764897836842705,1.2551571701905317,2.2878172766864728,208.92361032555081,15.076389674449313,1561.9203686600069,347.07963133999266,347.07963133999266,3196.6073381371316,119.39266186286646,119.39266186286646,16.600000000000001
92.5,12,64.268716073187349,6.2892645150100925,103.97371924437439,9.8561572720527089,4.3644573508827742,5.2214047888671455,1.266502127102846,2.3177592167201349,208.74531238242457,15.254687617575549,1558.0846577664668,350.91534223353273,350.91534223353273,3195.0736216645737,120.92637833542429,120.92637833542429,16.600000000000001
92.75,12,64.21373054112253,6.3053656026648595,103.89324365302659,9.8484233360688958,4.3659608604378741,5.2665196597059118,1.2778815053276118,2.3479709854331117,208.56561251110821,15.434387488891904,1554.225014093128,354.77498590687145,354.77498590687145,3193.5268295989099,122.47317040108815,122.47317040108815,16.600000000000001
93,12,64.158822531030083,6.3215497052813285,103.81262429663744,9.8405273946569967,4.3672668305586866,5.311833538472972,1.2892945483835538,2.3784533912903592,208.38450816475535,15.615491835244805,1550.3415245847943,358.65847541520515,358.65847541520515,3191.9669402841705,124.03305971582755,124.03305971582755,16.600000000000001
93.25,12,64.10399208289931,6.3378161848999754,103.7318605519139,9.8324708388421662,4.3683753422909186,5.3573455510677013,1.3007404911972074,2.4092072246881231,208.20199689168703,15.798003108313086,1546.43427949693,362.56572050306943,362.56572050306943,3190.3939332295322,125.60606677046606,125.60606677046606,16.600000000000001
93.5,12,64.049239235768169,6.3541643897487976,103.65095180758398,9.8242550625147942,4.369286504925844,5.4030548070424675,1.312218560174347,2.4402332577585732,208.01807633620254,15.981923663797584,1542.5033724044695,366.49662759553001,366.49662759553001,3188.807789119076,127.19221088092218,127.19221088092218,16.600000000000001
93.75,12,63.994564027703575,6.3705936544127475,103.56989746455595,9.8158814622135218,4.3700004559669665,5.4489603997032594,1.3237279733958205,2.471532244164496,207.83274423931354,16.167255760686594,1538.548900196366,370.45109980363344,370.45109980363344,3187.2084898205007,128.79151017949766,128.79151017949766,16.600000000000001
94,12,63.939966495782393,6.3871032999833304,103.48869693607227,9.807351436923323,4.3705173611121308,5.4950614061988885,1.335267940793357,2.5031049189000361,207.64599843947511,16.35400156052502,1534.5709630718748,374.42903692812479,374.42903692812479,3185.5960183937195,130.40398160627871,130.40398160627871,16.600000000000001
94.25,12,63.885446676074018,6.4036926341541891,103.40734964785489,9.7986663879097478,4.370837414283228,5.5413568875788872,1.3468376642720081,2.5349519981012616,207.45783687332926,16.542163126670879,1530.5696645422499,378.43033545774944,378.43033545774944,3183.9703590995596,132.02964090043866,132.02964090043866,16.600000000000001
94.5,12,63.831004603622425,6.4203609513497275,103.32585503825069,9.7898277185358573,4.3709608376213982,5.5878458888706612,1.3584363378640942,2.5670741788572986,207.26825757641811,16.731742423582006,1526.5451114284465,382.45488857155317,382.45488857155317,3182.3314974079967,133.66850259200154,133.66850259200154,16.600000000000001
94.75,12,63.776640312428505,6.437107532858664,103.24421255837474,9.7808368340792011,4.370887881474161,5.6345274391595339,1.3700631478872256,2.5994721390251545,207.07725868388047,16.922741316119648,1522.4974138578464,386.50258614215323,386.50258614215323,3180.6794200061054,135.32057999389286,135.32057999389286,16.600000000000001
95,12,63.722353835432557,6.4539316469725518,103.16242167225033,9.7716951415489053,4.370618824374354,5.6814005516717057,1.3817172731064005,2.632146537048317,206.88483843113096,17.115161568869155,1518.426685260009,390.57331473999039,390.57331473999039,3179.0141148057141,136.98588519428421,136.98588519428421,16.600000000000001
95.25,12,63.668145204496945,6.4708325491290122,103.08048185694678,9.7624040495030435,4.3701539730111252,5.7284642238599384,1.3933978848999014,2.6650980117792242,206.6909951545222,17.30900484547794,1514.3330423614616,394.66695763853789,394.66695763853789,3177.335570950765,138.66442904923318,138.66442904923318,16.600000000000001
95.5,12,63.614014450390115,6.4878094819823504,102.99839260271355,9.7529649678999917,4.3694936622736975,5.7757174374539106,1.4051041473553785,2.6983271823034767,206.49572729205886,17.504272707941276,1510.2166051889094,398.78339481108998,398.78339481108998,3175.6437788255807,140.35622117441753,140.35622117441753,16.600000000000001
95.75,12,63.559961602769135,6.5048616755968016,102.91615341311248,9.7433793078989712,4.3686382551638259,5.8231591585713325,1.4168352174819108,2.7318346477714863,206.29903338398788,17.700966616012249,1506.0774970571633,402.92250294283616,402.92250294283616,3173.9387300609833,142.06126993901486,142.06126993901486,16.600000000000001
96,12,63.505986690162366,6.521988347661007,102.83376380514707,9.7336484816539706,4.3675881426828465,5.8707883378398664,1.4285902454415194,2.7656209872347355,206.10091207335537,17.899087926644778,1501.9158445540797,407.08415544591981,407.08415544591981,3172.2204175398465,143.77958246015169,143.77958246015169,16.600000000000001
96.25,12,63.452089739953699,6.5391887036067322,102.75122330938822,9.7237739021518639,4.366343743815511,5.9186039104722594,1.4403683746887488,2.7996867594834063,205.90136210663564,18.098637893364504,1497.7317775367103,411.26822246328913,411.26822246328913,3170.4888354038962,145.51116459610211,145.51116459610211,16.600000000000001
96.5,12,63.398270778366339,6.5564619367731707,102.66853147009712,9.7137569830334591,4.3649055054628656,5.9666047963642308,1.4521687421528184,2.8340325028895141,205.70038233430478,18.299617665695369,1493.525429121496,415.47457087850347,415.47457087850347,3168.7439790595513,147.25602094044683,147.25602094044683,16.600000000000001
96.75,12,63.344529830447058,6.573807228575987,102.58568784534506,9.7035991384152656,4.3632739023667595,6.014789900194998,1.4639904784234492,2.8686587352544715,205.49797171139485,18.502028288605281,1489.2969356734545,419.70306432654496,419.70306432654496,3166.985845183438,149.01415481656065,149.01415481656065,16.600000000000001
97,12,63.29086692005054,6.5912237486811263,102.50269200713008,9.6933017827120409,4.3614494370259331,6.0631581115304227,1.4758327079403504,2.9035659536611709,205.29412929802891,18.70587070197125,1485.0464367943532,423.95356320564639,423.95356320564639,3165.2144317275638,150.78556827243415,150.78556827243415,16.600000000000001
97.25,12,63.237282069824076,6.6087106551833932,102.41954354149037,9.6828663304602163,4.3594326396036083,6.1117083049287668,1.4876945491863527,2.9387546343306887,205.08885425993583,18.911145740064303,1480.7740753098578,428.22592469014182,428.22592469014182,3163.429737924163,152.57026207583533,152.57026207583533,16.600000000000001
97.5,12,63.183775301192441,6.6262670947188198,102.33624204862355,9.6722941961570825,4.3572240679106553,6.1604393400210693,1.4995751148186307,2.9742252324690033,204.88214586904962,19.117854130950541,1476.4799972655869,432.52000273441274,432.52000273441274,3161.6317642921445,154.36823570785361,154.36823570785361,16.600000000000001
97.75,12,63.130346634343091,6.6438922026649676,102.25278714299199,9.6615867940835809,4.3548243072815804,6.2093500616268456,1.5114735118802813,3.0099781821357188,204.67400350396585,19.325996496034307,1472.1643519104875,436.83564808951189,436.83564808951189,3159.8205126409048,156.17948735909377,156.17948735909377,16.600000000000001
98,12,63.076996088211757,6.6615851034184699,102.16917845341507,9.6507455381130196,4.3522339703559201,6.2584392999008971,1.5233888420823949,3.0460138961326919,204.46442665027197,19.535573349728161,1467.8272916690198,441.1727083309799,441.1727083309799,3157.9959860717681,158.00401392823014,158.00401392823014,16.600000000000001
98.25,12,63.023723680468152,6.6793449105377212,102.08541562317633,9.6397718415501306,4.349453697016429,6.3077058704276325,1.5353202019607408,3.0823327658687263,204.25341490106078,19.746585098939381,1463.4689721318334,445.53102786816612,445.53102786816612,3156.1581889829376,159.84181101706068,159.84181101706068,16.600000000000001
98.5,12,62.970529427502051,6.6971707269405183,102.00149831012047,9.6286671169608358,4.346484154259004,6.3571485743376588,1.5472666830822985,3.1189351612397345,204.0409679573489,19.959032042651241,1459.0895520383651,449.91044796163436,449.91044796163436,3154.3071270726837,161.69287292731499,161.69287292731499,16.600000000000001
98.75,12,62.91741334440966,6.7150616451060809,101.91742618674678,9.617432776003378,4.3433260360542327,6.4067661984267126,1.5592273722549064,3.1558214305139756,203.82708562847486,20.172914371525295,1454.6891932584206,454.3108067415792,454.3108067415792,3152.442807342175,163.55719265782324,163.55719265782324,16.600000000000001
99,12,62.864375444980304,6.7330167472814253,101.83319894029921,9.6060702292609115,4.3399800632005325,6.4565575152768888,1.5712013517399934,3.1929919002224634,203.61176783247524,20.388232167524905,1450.2680607727407,458.73193922725903,458.73193922725903,3150.5652380979477,165.43476190205084,165.43476190205084,16.600000000000001
99.25,12,62.811415741683398,6.7510351056921056,101.74881627285244,9.5945808860755815,4.3364469831688233,6.506521283380156,1.5831876994683536,3.2304468750546382,203.39501459643975,20.60498540356042,1445.8263226525482,463.17367734745136,463.17367734745136,3148.6744289539943,167.32557104600389,167.32557104600389,16.600000000000001
99.5,12,62.758534245655021,6.7691157826962192,101.66427790140966,9.5829661543848452,4.3327275700185792,6.5566562472453995,1.5951854892063302,3.2681866377351918,203.17682605696402,20.823173943036142,1441.3641500476247,467.63584995237511,467.63584995237511,3146.7703908359213,169.22960916407632,169.22960916407632,16.600000000000001
99.75,12,62.705730966685344,6.7872578309868103,101.5795835579854,9.5712274405589959,4.328822624247703,6.6069611375212105,1.6071937907629197,3.3062114489237766,202.9572024604941,21.042797539506054,1436.8817171664566,472.11828283354299,472.11828283354299,3144.853135982964,171.14686401703369,171.14686401703369,16.600000000000001
100,12,62.653005913207942,6.8054602939266076,101.49473298965344,9.5593661492390094,4.3247329724663723,6.6574346711601402,1.6192116703100852,3.3445215471709511,202.73614416339663,21.263855836603522,1432.3792012353033,476.62079876469642,476.62079876469642,3142.9226779445121,173.07732205548587,173.07732205548587,16.600000000000001
100.25,12,62.600359092287292,6.8237222057136151,101.40972595863327,9.5473836831780812,4.3204594672891234,6.7080755515319481,1.6312381905565567,3.3831171488110248,202.51365163234732,21.486348367652841,1427.8567824833729,481.14321751662681,481.14321751662681,3140.9790315831619,175.0209684168359,175.0209684168359,16.600000000000001
100.5,12,62.547790509607459,6.8420425916078562,101.32456224235867,9.5352814430844006,4.3160029871439098,6.758882468556445,1.6432724109734604,3.4219984478831251,202.28972544458463,21.710274555415516,1423.314644118052,485.68535588194777,485.68535588194777,3139.0222130751072,176.97778692489078,176.97778692489078,16.600000000000001
100.75,12,62.495300169460869,6.8604204681624319,101.23924163354238,9.5230608274658959,4.3113644360723899,6.8098540988384837,1.6553133880228055,3.4611656160580577,202.06436628814026,21.935633711859893,1418.7529722990721,490.24702770092762,490.24702770092762,3137.0522399101242,178.94776008987387,178.94776008987387,16.600000000000001
101,12,62.442888074737695,6.8788548434583721,101.15376394023683,9.5107232324769804,4.3065447435221023,6.8609891058049124,1.6673601753883309,3.5006188025708558,201.8375749620468,22.162425037953334,1414.1719561116945,494.82804388830505,494.82804388830505,3135.0691308911742,180.93086910882343,180.93086910882343,16.600000000000001
101.25,12,62.390554226915476,6.8973447173432287,101.06812898589089,9.4982700517673955,4.3015448641305092,6.9122861398434567,1.6794118242086642,3.5403581341590797,201.60935237652285,22.390647623477303,1409.5717875389089,499.42821246109065,499.42821246109065,3133.0729061336169,182.92709386638083,182.92709386638083,16.600000000000001
101.5,12,62.338298626047909,6.9158890816240959,100.98233660942014,9.4857026763250669,4.2963657775707764,6.9637438384322197,1.6914673832710172,3.5803837149807789,201.37969955325303,22.620300446747123,1404.9526614410588,504.04733855894074,504.04733855894074,3131.0635870664487,184.93641293354926,184.93641293354926,16.600000000000001
101.75,12,62.286121270754329,6.9344869202720334,100.89638666527021,9.4730224943224375,4.2910084883784503,7.0153608262728122,1.7035258992136153,3.6206956265424726,201.14861762562651,22.851382374373639,1400.3147755331602,508.68522446683943,508.68522446683943,3129.0411964327673,186.95880356723035,186.95880356723035,16.600000000000001
102,12,62.234022158213321,6.9531372097985846,100.81027902341648,9.4602308909930883,4.2854740255311672,7.0671357154639001,1.7155864168727915,3.6612939277225736,200.91610783854745,23.083892161452692,1395.6583303324762,513.34166966752332,513.34166966752332,3127.0057582815548,188.99424171844294,188.99424171844294,16.600000000000001
102.25,12,62.182001284152363,6.9718389194455233,100.72401356942697,9.447329248479134,4.2797634422900774,7.1190671056329595,1.7276479794710748,3.7021786546997841,200.68217154867872,23.317828451321439,1390.9835291375971,518.01647086240223,518.01647086240223,3124.9572979684085,191.04270203158902,191.04270203158902,16.600000000000001
102.5,12,62.130058642839188,6.9905910114349288,100.63759020450097,9.4343189456905066,4.2738778159526349,7.1711535840828065,1.7397096288553124,3.7433498209177691,200.44681022452528,23.553189775474873,1386.2905779968391,522.70942200316028,522.70942200316028,3122.8958421530797,193.10415784691841,193.10415784691841,16.600000000000001
102.75,12,62.078194227073496,7.0093924412241329,100.55100884550291,9.4212013581669556,4.2678182475952964,7.2233937259401806,1.7517704057378887,3.7848074170567703,200.21002544649039,23.789974553509769,1381.5796856754203,527.42031432457929,527.42031432457929,3120.8214187965245,195.17858120347302,195.17858120347302,16.600000000000001
103,12,62.026408028179176,7.0282421577636995,100.4642694249921,9.4079778579425852,4.2615858618086753,7.2757860943059249,1.7638293499394504,3.8265514110112702,199.97181890690814,24.028181093091991,1376.85106362172,532.14893637827959,532.14893637827959,3118.7340571575724,197.2659428424254,197.2659428424254,16.600000000000001
103.25,12,61.974700035996783,7.0471391037583899,100.37737189124827,9.3946498134129737,4.2551818064251634,7.3283292404067506,1.7758855006330705,3.8685817478737752,199.73219241005282,24.267807589947342,1372.1049259326235,536.89507406737596,536.89507406737596,3116.6337877891833,199.36621221081444,199.36621221081444,16.600000000000001
103.5,12,61.923070238875134,7.0660822158943866,100.29031620831114,9.3812185891905866,4.2486072522965559,7.3810217037433992,1.7879378965613524,3.9108983498969714,199.49114787223468,24.508852127765458,1367.3414893249342,541.65851067506514,541.65851067506514,3114.5206425366496,201.47935746334841,201.47935746334841,16.600000000000001
103.75,12,61.871518623662517,7.0850704250484666,100.20310235602608,9.3676855459547248,4.2418633930969696,7.4338620122373804,1.7999855762386039,3.9535011164462546,199.24868732193568,24.751312678064483,1362.5609731098582,546.43902689014135,546.43902689014135,3112.3946545367189,203.60534546327889,203.60534546327889,16.600000000000001
104,12,61.820045175705197,7.1041026566860195,100.11573032999301,9.3540520403770557,4.2349514448265815,7.486848682405209,1.8120275782984248,3.9963899240997263,199.00481289935894,24.995187100641211,1357.7635991311565,551.23640086884279,551.23640086884279,3110.2558582044767,205.74414179552096,205.74414179552096,16.600000000000001
104.25,12,61.768649878839383,7.1231778310758758,100.02820014160342,9.3403194249772437,4.2278726455995121,7.5399802195080463,1.8240629416982932,4.0395646266134824,198.75952685651586,25.240473143484291,1352.9495917378006,556.05040826219897,556.05040826219897,3108.1042892316509,207.89571076834682,207.89571076834682,16.600000000000001
104.5,12,61.717332715385574,7.1422948635571855,99.940511818048435,9.3264890480007736,4.2206282553468792,7.5932551177096501,1.8360907059634719,4.0830250549308023,198.51283155713926,25.487168442860892,1348.1191777463202,560.88082225367907,560.88082225367907,3105.9399845813655,210.06001541863253,210.06001541863253,16.600000000000001
104.75,12,61.666093666143318,7.1614526648120869,99.852665402320781,9.3125622533010262,4.213219555507516,7.6466718602361201,1.8481099114343387,4.1267710172002268,198.26472947656279,25.735270523437361,1343.2725864016552,565.72741359834424,565.72741359834424,3103.7629824822784,212.23701751771929,212.23701751771929,16.600000000000001
105,12,61.614932710386427,7.1806501411405277,99.764660953212726,9.2985403802242192,4.2056478487119735,7.7002289195369134,1.8601195995142905,4.1708022987998934,198.0152232015767,25.984776798423443,1338.410049337185,570.58995066281443,570.58995066281443,3101.5733224223345,214.42667757766355,214.42667757766355,16.600000000000001
105.25,12,61.563849825858654,7.1998861947371662,99.676498545309485,9.2844247634972827,4.1979144584598771,7.7539247574470753,1.8721188129181352,4.2151186623681554,197.7643154302601,26.235684569740059,1333.5318005339495,575.46819946604967,575.46819946604967,3099.3710451421193,216.62895485787851,216.62895485787851,16.600000000000001
105.5,12,61.512844988768371,7.2191597239451379,99.588178268995193,9.2702167331026999,4.1900207288344129,7.8077578253494311,1.8841065959030068,4.2597198478152638,197.51200897188309,26.487991028117087,1328.638076284396,580.36192371560333,580.36192371560333,3097.1561926298255,218.84380737017261,218.84380737017261,16.600000000000001
105.75,12,61.461918173781633,7.2384696234731409,99.499700230480059,9.2559176141317625,4.1819680242774888,7.8617265643360206,1.8960819944721261,4.3046055723025445,197.25830674692924,26.741693253070938,1323.7291151635227,585.27088483647674,585.27088483647674,3094.9288081188834,221.07119188111469,221.07119188111469,16.600000000000001
106,12,61.411069354025408,7.2578147847955981,99.411064551702793,9.2415287267565844,4.1737577290428849,7.9158294053795721,1.9080440567076618,4.3497755304105077,197.00321178641809,26.996788213582057,1318.80515796076,590.19484203923969,590.19484203923969,3092.6889360708101,223.3110639291879,223.3110639291879,16.600000000000001
106.25,12,61.36029850108239,7.2771940963906152,99.322271370337518,9.2270513861006389,4.1653912469284213,7.9700647694979851,1.9199918329871006,4.3952293941483331,196.74672723181536,27.253272768184821,1313.8664476458694,595.13355235413007,595.13355235413007,3090.4366221706805,225.56337782931755,225.56337782931755,16.600000000000001
106.5,12,61.309605584988311,7.2966064440167724,99.233320839771665,9.2124869021362219,4.1568700009370847,8.0244310679216646,1.9319243762260676,4.4409668130072939,196.48885633477997,27.511143665220182,1308.9132293261803,600.08677067381927,600.08677067381927,3088.1719133192514,227.82808668074637,227.82808668074637,16.600000000000001
106.75,12,61.258990574229927,7.3160507109965467,99.144213129075936,9.1978365795884027,4.1481954329230675,8.0789267022621107,1.9438407421246535,4.4869874140258172,196.22960245686886,27.770397543131285,1303.945750201982,605.05424979801728,605.05424979801728,3085.8948576242901,230.105142375708,230.105142375708,16.600000000000001
107,12,61.208453435743429,7.335525778500906,99.054948422970142,9.1831017178420726,4.1393690032321828,8.1335500646814669,1.9557399894133363,4.5332908018608054,195.96896906921808,28.031030930782084,1298.9642595212304,610.03574047876907,610.03574047876907,3083.6055043915267,232.3944956084716,232.3944956084716,16.600000000000001
107.25,12,61.157994134913302,7.3550305258349811,98.965526921784601,9.1682836108521322,4.1303921903367007,8.1882995380629406,1.9676211800983858,4.5798765588652435,195.70695975220113,28.29304024779902,1293.9690085335692,615.03099146643012,615.03099146643012,3081.3039041152397,234.69609588475814,234.69609588475814,16.600000000000001
107.5,12,61.107612635570391,7.3745638307094659,98.87594884143158,9.1533835470416545,4.121266490495394,8.2431734961831449,1.9794833796974207,4.6267442451508192,195.44357819513817,28.556421804861991,1288.9602504474328,620.03974955256649,620.03974955256649,3078.9901084700505,237.0098915299474,237.0098915299474,16.600000000000001
107.75,12,61.057308899986943,7.3941245694691204,98.786214413412623,9.1384028091594889,4.1119934174963042,8.29817030388819,1.9913256574477118,4.6738933985956921,195.17882819619373,28.821171803806408,1283.9382403972531,625.06175960274652,625.06175960274652,3076.6641703068822,239.33582969311627,239.33582969311627,16.600000000000001
108,12,61.007082888884277,7.413711617475645,98.696323884679884,9.123342674294646,4.1025745020852034,8.3532883172602777,2.0031470866067229,4.7213235350732665,194.91271366150809,29.087286338492063,1278.9032353722564,630.09676462774326,630.09676462774326,3074.3261436326284,241.67385636736955,241.67385636736955,16.600000000000001
108.25,12,60.956934561430806,7.4333238493646743,98.606277517609954,9.1082044137674849,4.0930112916435224,8.4085258837935584,2.014946744675032,4.7690341485104542,194.64523860491792,29.35476139508226,1273.8554941757443,635.14450582425525,635.14450582425525,3071.9760836025794,244.02391639741876,244.02391639741876,16.600000000000001
108.5,12,60.906863875242387,7.4529601393257128,98.516075589952663,9.0929892930466067,4.0833053498161798,8.4638813425691701,2.0267237136317711,4.8170247109836133,194.37640714754568,29.62359285245449,1268.795277378247,640.20472262175258,640.20472262175258,3069.6140465101494,246.3859534898487,246.3859534898487,16.600000000000001
108.75,12,60.85687078638346,7.4726193613888787,98.425718394769817,9.0776985716754428,4.0734582561217163,8.5193530244305542,2.0384770801727514,4.8652946728297168,194.10622351733539,29.893776482664784,1263.7228472685119,645.27715273148772,645.27715273148772,3067.240089775592,248.75991022440624,248.75991022440624,16.600000000000001
109,12,60.806955249368812,7.4923003897117608,98.335206240369743,9.0623335032019803,4.0634716055580551,8.5749392521594423,2.0502059359471794,4.9138434627636052,193.83469204856615,30.165307951434031,1258.638467803954,650.36153219604557,650.36153219604557,3064.8542719343691,251.14572806562919,251.14572806562919,16.600000000000001
109.25,12,60.7571172171656,7.5120020988663079,98.244539450237653,9.0468953351117172,4.0533470082039758,8.6306383406524496,2.0619093777928708,4.9626704880013319,193.56181718134394,30.43818281865622,1253.5424045605787,655.45759543942086,655.45759543942086,3062.4566526251833,253.54334737481503,253.54334737481503,16.600000000000001
109.5,12,60.70735664119492,7.5317233641178305,98.153718362972825,9.0313853087512985,4.0430860888358637,8.6864485971001368,2.0735865079667914,5.0117751343730879,193.28760346112517,30.712396538874998,1248.4349246847682,660.5650753152313,660.5650753152313,3060.0472925788204,255.95270742117802,255.95270742117802,16.600000000000001
109.75,12,60.657673471329083,7.5514630616662686,98.062743332273456,9.0158046591952097,4.032690486633931,8.7423683211755581,2.0852364343592149,5.0611567663626325,193.01205553847612,30.987944461524055,1243.3162968560125,665.6837031439868,665.6837031439868,3057.6262536121881,258.37374638781023,258.37374638781023,16.600000000000001
110,12,60.608067655903113,7.5712200689969471,97.971614726765537,9.0001546152918106,4.0221618546110145,8.7983958051971616,2.096858270748915,5.11081472738557,192.73517816805631,31.264821831943863,1238.1867912156922,670.81320878430734,670.81320878430734,3055.1935986058452,260.806401394153,260.806401394153,16.600000000000001
110.25,12,60.558539141716395,7.5909932651489598,97.88033292994092,8.9844363995812433,4.011501859241748,8.8545293343117066,2.1084511370244052,5.1607483398999854,192.45697620814326,31.5430237918569,1233.0466793203711,675.95332067962852,675.95332067962852,3052.7493914932747,263.25060850672378,263.25060850672378,16.600000000000001
110.5,12,60.509087874035849,7.610781530991888,97.788898340079143,8.9686512282308346,4.0007121800659577,8.9107671866755194,2.1200141594065784,5.2109569055419849,192.17745462007466,31.822545379925511,1227.8962340919318,681.10376590806766,681.10376590806766,3050.2936972485199,265.70630275147852,265.70630275147852,16.600000000000001
110.75,12,60.459713796600425,7.6305837495082169,97.697311370156228,8.9528003109839958,3.9897945092727669,8.9671076336346491,2.1315464706716476,5.2614397052807247,191.89661846762536,32.103381532374804,1222.7357297653448,686.26427023465476,686.26427023465476,3047.8265818725663,268.17341812743206,268.17341812743206,16.600000000000001
111,12,60.410416851625897,7.650398806074806,97.605572447749765,8.936884851112179,3.9787505512817138,9.0235489399054565,2.1430472103717335,5.3121959995791554,191.61447291636424,32.385527083635928,1217.5654418360639,691.43455816393566,691.43455816393566,3045.3481123794218,270.65188762057647,270.65188762057647,16.600000000000001
111.25,12,60.361196979810188,7.6702255887433424,97.513682014940002,8.9209060453699323,3.9675820223210048,9.0800893637555848,2.1545155250529975,5.3632250285604854,191.33102323299056,32.668976767009589,1212.3856470070682,696.61435299293112,696.61435299293112,3042.8583567819028,273.14164321809562,273.14164321809562,16.600000000000001
111.5,12,60.312054120338352,7.690062988516825,97.42164052821461,8.9048650839440242,3.9562906500137829,9.1367271571870639,2.1659505684716645,5.4145260121688681,191.04627478468547,32.953725215314684,1207.1966231368724,701.80337686312726,701.80337686312726,3040.3573840778708,275.64261592212767,275.64261592212767,16.600000000000001
111.75,12,60.262988210882398,7.7099098996028692,97.329448458428345,8.8887631503350342,3.9448781730459306,9.1934605661338225,2.1773515018110077,5.4660981502458661,190.7602330387185,33.239766961281624,1201.998649197473,707.00135080252676,707.00135080252676,3037.8452642420134,278.15473575798478,278.15473575798478,16.600000000000001
112,12,60.213999187615805,7.7297652197216902,97.23710629060875,8.8726014214227309,3.9333463406163114,9.2502878306235097,2.1887174938862315,5.5179406228424668,190.47290356133047,33.527096438669673,1196.7920052057511,712.20799479424863,712.20799479424863,3035.3220682024248,280.67793179757331,280.67793179757331,16.600000000000001
112.25,12,60.165086985219112,7.7496278503753935,97.144614523857584,8.856381067414743,3.9216969120273921,9.3072071849634135,2.2000477213526302,5.5700525903842459,190.184292017063,33.815707982937113,1191.5769721719873,717.42302782801244,717.42302782801244,3032.7878678267944,283.2121321732036,283.2121321732036,16.600000000000001
112.5,12,60.116251536885784,7.7694966971158781,97.05197367124785,8.8401032517990519,3.909931656272859,9.3642168579264808,2.2113413689107002,5.6224331938430634,189.89440416806619,34.105595831933954,1186.3538320480029,722.64616795199674,722.64616795199674,3030.2427359082608,285.75726409173745,285.75726409173745,16.600000000000001
112.75,12,60.067492774329814,7.7893706698154128,96.959184259705339,8.823769131313858,3.8980523516062688,9.4213150729346946,2.2225976295073937,5.675081554932456,189.60324587333048,34.396754126669656,1181.122867672977,727.87713232702254,727.87713232702254,3027.6867461498127,288.31325385018522,288.31325385018522,16.600000000000001
113,12,60.018810627793634,7.8092486829352765,96.866246829886492,8.8073798559202849,3.8860607851081905,9.4785000482426653,2.2338157045341624,5.7279967763082089,189.31082308790093,34.689176912099192,1175.8843627190704,733.11563728092938,733.11563728092938,3025.119973148448,290.88002685154987,290.88002685154987,16.600000000000001
113.25,12,59.970205026056412,7.8291296557923342,96.773161936052944,8.7909365687779175,3.8739587522519714,9.5357699971214132,2.2449948040216734,5.7811779417740992,189.01714186207289,34.982858137927245,1170.6386016368715,738.36139836312827,738.36139836312827,3022.5424923790847,293.4575076209137,293.4575076209137,16.600000000000001
113.5,12,59.921675896442387,7.8490125128233634,96.679930145946969,8.7744404062175612,3.8617480564731395,9.5931231280435973,2.2561341468330811,5.8346241164856485,188.72220834059021,35.277791659409942,1165.3858696012726,743.61413039872718,743.61413039872718,3019.954380178659,296.04561982133953,296.04561982133953,16.600000000000001
113.75,12,59.873223164823457,7.8688961838461697,96.58655204072349,8.7578924976438977,3.8494305088007832,9.6505576448857404,2.2672329608796398,5.8883343470664418,188.42602876209162,35.573971237908552,1160.1264524648532,748.87354753514649,748.87354753514649,3017.3557137355074,298.64428626449126,298.64428626449126,16.600000000000001
114,12,59.824846755636031,7.8887796043203826,96.493028214741955,8.7412939656075981,3.8370079273440005,9.7080717470920401,2.2782904832735524,5.9423076619408564,188.12860945793179,35.87139054206834,1154.8606366936699,754.13936330632987,754.13936330632987,3014.7465710659167,301.25342893408191,301.25342893408191,16.600000000000001
114.25,12,59.776546591890444,7.9086617156045405,96.39935927543209,8.7246459257860689,3.8244821368589808,9.7656636298600166,2.2893059605104753,5.9965430715523675,187.82995685132846,36.170043148671674,1149.5887093128154,759.41129068718442,759.41129068718442,3012.1270309975707,303.87296900242768,303.87296900242768,16.600000000000001
114.5,12,59.728322595179513,7.9285414652103228,96.305545843169043,8.7079494869514313,3.8118549683289706,9.823331484329815,2.3002786486536961,6.051039568567032,187.53007745654858,36.469922543451538,1144.31095785353,764.68904214646966,764.68904214646966,3009.4971731539563,306.50282684604201,306.50282684604201,16.600000000000001
114.75,12,59.680174685688939,7.9484178070542502,96.211588551130546,8.6912057509591349,3.7991282585283588,9.8810734977693659,2.3112078135080187,6.1057961281045667,187.22897787801281,36.771022121987329,1139.0276702983738,769.97232970162599,769.97232970162599,3006.8570779372017,309.14292206279634,309.14292206279634,16.600000000000001
115,12,59.632102782208129,7.9682897017064995,96.117488045150964,8.6744158127390456,3.7863038495867434,9.938887853759633,2.3220927307896848,6.1608117079739237,186.9266648093836,37.07333519061654,1133.7391350263831,775.26086497361655,775.26086497361655,3004.2068265107309,311.79317348926782,311.79317348926782,16.600000000000001
115.25,12,59.584106802141321,7.9881561166367039,96.02324498357244,8.6575807602890187,3.7733835885531404,9.9967727323798634,2.3329326862922319,6.2160852489133074,186.62314503263804,37.376854967362114,1128.4456407582331,780.55435924176675,780.55435924176675,3001.5465007817293,314.45349921826914,314.45349921826914,16.600000000000001
115.5,12,59.536186661518897,8.0080160264575646,95.928860037095291,8.640701674668037,3.7603693269619813,10.054726310393578,2.343726976050196,6.2716156748309038,186.31842541713488,37.681574582865252,1123.1474765016001,785.85252349839982,785.85252349839982,2998.8761833836402,317.12381661635811,317.12381661635811,16.600000000000001
115.75,12,59.488342275003056,8.0278684131866918,95.834333888680746,8.6237796299250036,3.7472629204342591,10.11274676145104,2.3544749065452861,6.327401892963656,186.01251291889895,37.987487081101186,1117.8449315007158,791.15506849928374,791.15506849928374,2996.1959576630925,319.80404233690581,319.80404233690581,16.600000000000001
116,12,59.44057355590612,8.0477122664610459,95.739667233337428,8.6068156931669755,3.7340662282081363,10.170832256257773,2.3651757948122918,6.3834427942173981,185.70541457941343,38.294585420586699,1112.5382951774748,796.46170482252489,796.46170482252489,2993.5059076572024,322.4940923427958,322.4940923427958,16.600000000000001
116.25,12,59.392880416203766,8.0675465837671894,95.64486077795469,8.5898109245697452,3.7207811127015145,10.228980962757841,2.3758289685825278,6.4397372534336741,185.39713752460645,38.602862475393678,1107.2278570763506,801.77214292364908,801.77214292364908,2990.8061180748605,325.19388192513799,325.19388192513799,16.600000000000001
116.5,12,59.3452627665459,8.0873703706779612,95.549915241158715,8.5727663773597929,3.7074094390916761,10.287191046324724,2.3864337664444437,6.4962841296206442,185.08768896393084,38.912311036069305,1101.9139068113416,807.08609318865808,807.08609318865808,2988.0966742800033,327.90332571999494,327.90332571999494,16.600000000000001
116.75,12,59.297720516269742,8.1071826410789516,95.454831353149004,8.5556830978187381,3.693953074885564,10.345460669947061,2.3969895379854456,6.5530822662141821,184.77707618935926,39.222923810640864,1096.5967340117861,812.40326598821366,812.40326598821366,2985.3776622733467,330.62233772665132,330.62233772665132,16.600000000000001
117,12,59.250253573413154,8.1269824173912557,95.359609855532526,8.5385621252898165,3.6804138894915024,10.403787994414317,2.4074956439291708,6.610130491342658,184.46530657436648,39.534693425633648,1091.2766282683353,817.72337173166443,817.72337173166443,2982.6491686739928,333.35083132600562,333.35083132600562,16.600000000000001
117.25,12,59.202861844728389,8.1467687307904306,95.2642515011553,8.5214044921863632,3.666793753792521,10.462171178502352,2.4179514562681237,6.667427618095334,184.15238757289839,39.847612427101751,1085.9538790791091,823.04612092089053,823.04612092089053,2979.9112807009183,336.08871929908025,336.08871929908025,16.600000000000001
117.5,12,59.155545235695925,8.1665406214222909,95.168757053932481,8.5042112240011729,3.653094539721546,10.520608379159114,2.4283563583928269,6.7249724447928507,183.83832671833218,40.161673281667944,1080.6287757960588,828.37122420394064,828.37122420394064,2977.1640861544229,338.83591384557542,338.83591384557542,16.600000000000001
117.75,12,59.108303650533486,8.1862971386557106,95.073127288722077,8.4869833392640484,3.6393181198430655,10.579097751703738,2.4387097452787838,6.7827637551882871,183.5231316226066,40.476868377393544,1075.3016075720072,833.69839242799242,833.69839242799242,2974.4076734007986,341.59232659919991,341.59232659919991,16.600000000000001
118,12,59.061136992214919,8.2060373412563319,94.977362991112273,8.4697218495994431,3.6254663669286189,10.637637450000737,2.4490110235541365,6.8408003188047894,183.20680997500671,40.793190024993429,1069.9726633070945,839.02733669290512,839.02733669290512,2971.6421313508195,344.35786864917873,344.35786864917873,16.600000000000001
118.25,12,59.014045162487022,8.2257602975751887,94.881464957228118,8.4524277597608393,3.611541153536673,10.696225626640326,2.4592596115915728,6.8990808912424697,182.88936954102243,41.110630458977695,1064.6422315957002,844.35776840429935,844.35776840429935,2968.8675494396998,347.13245056029854,347.13245056029854,16.600000000000001
118.5,12,58.967028061882516,8.2454650857646428,94.785433993571317,8.4351020676254347,3.5975443515984611,10.754860433128997,2.4694549396435774,6.9576042144322168,182.57081816133604,41.429181838664078,1059.3106006739952,849.68939932600426,849.68939932600426,2966.0840176095326,349.91598239046556,349.91598239046556,16.600000000000001
118.75,12,58.920085589735358,8.2651507939742679,94.689270916840485,8.4177457642110269,3.5834778320047,10.813540020074694,2.4795964499487084,7.0163690169203825,182.25116375072915,41.748836249270973,1053.9780583676231,855.02194163237652,855.02194163237652,2963.2916262903905,352.70837370960754,352.70837370960754,16.600000000000001
119,12,58.873217644196387,8.2848165205423392,94.592976553749509,8.400359833694413,3.5693434641951134,10.872262537371794,2.4896835968329176,7.0753740141562442,181.93041429697951,42.069585703020628,1048.6448920397027,860.35510796029678,860.35510796029678,2960.4904663813663,355.50953361863225,355.50953361863225,16.600000000000001
119.25,12,58.826424122249144,8.3044613741828162,94.496551740843927,8.3829452534312807,3.5551431157509219,10.931026134385879,2.4997158468058238,7.1346179087821531,181.60857785974775,42.391422140252359,1043.3113885391754,865.68861146082395,865.68861146082395,2957.6806292315614,358.31937076843684,358.31937076843684,16.600000000000001
119.5,12,58.779704919726051,8.3240844741680533,94.399997324315805,8.3655029939773051,3.540878651990337,10.989828960138306,2.5096926786522804,7.1940993909259756,181.28566256945547,42.714337430544646,1037.9778341494975,871.02216585050201,871.02216585050201,2954.8622066210482,361.13779337894954,361.13779337894954,16.600000000000001
119.75,12,58.73305993132044,8.3436849505610624,94.303314159850643,8.3480340190740083,3.526551935545287,11.048669163499248,2.5196135835897482,7.2538171384410761,180.96167662627829,43.038323373721823,1032.644514534966,876.35548546503355,876.35548546503355,2952.0352907437027,363.96470925629535,363.96470925629535,16.600000000000001
120,12,58.686489050605765,8.3632619443574239,94.206503112419256,8.3305392856937495,3.5121648259764191,11.107544893366693,2.5294780653084379,7.3137698172354346,180.63662829893346,43.363371701066669,1027.3117146917839,881.68828530821554,881.68828530821554,2949.1999741869909,366.80002581300749,366.80002581300749,16.600000000000001
120.25,12,58.639992170055265,8.3828146076186449,94.109565056065733,8.3130197440883897,3.4977191793932101,11.166454298844538,2.5392856400013821,7.3739560816067478,180.31052592345014,43.689474076549985,1021.9797188997336,887.02028110026595,887.02028110026595,2946.3563499116099,369.64365008838843,369.64365008838843,16.600000000000001
120.5,12,58.593569181056864,8.4023421036649246,94.012500873733828,8.2954763377958489,3.4832168480516983,11.225395529430712,2.5490358364732923,7.4343745745146235,179.9833779020793,44.01662209792083,1016.6488106710271,892.35118932897228,892.35118932897228,2943.5045112333792,372.49548876661873,372.49548876661873,16.600000000000001
120.75,12,58.547219973930325,8.4218436072362,93.915311457075461,8.277910003665804,3.4686596799669984,11.284366735200722,2.5587281962091408,7.4950239278818742,179.65519270213414,44.34480729786597,1011.3192727009714,897.68072729902815,897.68072729902815,2940.6445518041855,375.35544819581241,375.35544819581241,16.600000000000001
121,12,58.500944437944732,8.4413183046483056,93.817997706257813,8.2603216718863486,3.454049518529839,11.343366066990829,2.5683622734375442,7.5559027628976265,179.32597885482349,44.674021145176624,1005.9913868190971,903.00861318090244,903.00861318090244,2937.7765655929347,378.22343440706317,378.22343440706317,16.600000000000001
121.25,12,58.454742461336131,8.4607653939441079,93.720560529769173,8.2427122660116208,3.4393882021272786,11.402391676580914,2.5779376351889027,7.6170096903221181,178.99574495407794,45.004255045922172,1000.6654339407795,908.33456605922004,908.33456605922004,2934.900646866522,381.09935313347597,381.09935313347597,16.600000000000001
121.5,12,58.408613931325426,8.480184085039582,93.623000844223625,8.2250827029902815,3.4246775637677649,11.461441716876992,2.5874538613482239,7.6783433107931263,178.66449965536964,45.335500344630461,995.34169401936254,913.65830598063712,913.65830598063712,2932.0168901708225,383.98310982917565,383.98310982917565,16.600000000000001
121.75,12,58.36255873413333,8.4995735999237407,93.525319574185744,8.2074338931758568,3.4099194306701337,11.520514342096975,2.5969105447725829,7.7399022150987165,178.33225167459474,45.66774832540537,990.02044599388421,918.97955400611545,918.97955400611545,2929.1253903123143,386.87460968768409,386.87460968768409,16.600000000000001
122,12,58.316576754999474,8.5189331727790325,93.427517651967719,8.1897667403617387,3.3951156239083069,11.579607707951487,2.6063072913150833,7.8016849844956742,177.99900978686284,46.000990213137243,984.7019677435452,924.29803225645446,924.29803225645446,2926.2262423389816,389.77375766101676,389.77375766101676,16.600000000000001
122.25,12,58.27066787820425,8.538262050048532,93.329596017408406,8.1720821418323037,3.3802679580936741,11.638719971821279,2.6156437197866196,7.8636901910577315,177.66478282522519,46.335217174774911,979.38653604673357,929.61346395326609,929.61346395326609,2923.3195415207774,392.68045847922104,392.68045847922104,16.600000000000001
122.5,12,58.22483198708526,8.5575594906035626,93.231555617689239,8.1543809883806802,3.365378240989755,11.697849292940781,2.6249194620375738,7.9259163979619762,177.32957967952078,46.670420320479302,974.07442653180112,934.92557346819854,934.92557346819854,2920.4053833312123,395.5946166687857,395.5946166687857,16.600000000000001
122.75,12,58.179068964055986,8.5768247658669718,93.133397407135519,8.136664164339626,3.3504482731586678,11.756993832578786,2.6341341629878943,7.9883621597995162,176.99340929517263,47.006590704827502,968.76591363168302,940.23408636831664,940.23408636831664,2917.4838634286125,398.51613657138574,398.51613657138574,16.600000000000001
123,12,58.133378690624653,8.5960571599311599,93.035122347016895,8.1189325476128644,3.3354798476126573,11.816151754218707,2.643287480651948,8.051026022886937,176.656280671979,47.343719328021102,963.46127053910766,945.538729460892,945.538729460892,2914.5550776374407,401.44492236255752,401.44492236255752,16.600000000000001
123.25,12,58.087761047413217,8.6152559696708124,92.936731405347402,8.1011870097068357,3.3204747494708258,11.87532122373835,2.6523790861581027,8.1139065255784786,176.31820286290164,47.681797137098457,958.16076916241707,950.83923083758248,950.83923083758248,2911.6191219297025,404.38087807029564,404.38087807029564,16.600000000000001
123.5,12,58.042215914176559,8.6344205048502296,92.838225556684961,8.0834284157627945,3.3054347556212225,11.934500409589237,2.6614086637630061,8.1770021985787906,175.97918497284945,48.02081502715064,952.86468008201473,956.13531991798493,956.13531991798493,2908.6760924064333,407.32390759356514,407.32390759356514,16.600000000000001
123.75,12,57.996743169820213,8.6535500882690091,92.739605781938224,8.0656576245852953,3.2903616343503383,11.993687482975179,2.6703759109091099,8.2403115652418553,175.6392361574795,48.360763842520612,947.57327250291451,961.42672749708515,961.42672749708515,2905.7260852790218,410.27391472097622,410.27391472097622,16.600000000000001
124,12,57.951342692419296,8.6726440558742333,92.640873068168304,8.0478754886734176,3.2752571450026058,12.052880618030491,2.6792805382457519,8.3038331418794424,175.29836562198199,48.701634378018113,942.28681421085844,966.71318578914122,966.71318578914122,2902.7691968508025,413.23080314919542,413.23080314919542,16.600000000000001
124.25,12,57.906014359240558,8.6917017567812067,92.542028408374122,8.0300828542598488,3.2601230377203176,12.112077991998111,2.6881222695496345,8.3675654380979587,174.95658261982359,49.043417380176521,937.00557153801219,971.99442846198747,971.99442846198747,2899.805523499248,416.19447650075011,416.19447650075011,16.600000000000001
124.5,12,57.860758046760687,8.7107225534003163,92.443072801298328,8.0122805613401162,3.2449610530923332,12.171277785406589,2.6969008417637834,8.4315069570988577,174.61389645153938,49.386103548460738,931.72980931777249,977.27019068222717,977.27019068222717,2896.8351616576297,419.16483834236828,419.16483834236828,16.600000000000001
124.75,12,57.815573630685897,8.7297058215229963,92.344007251226159,7.9944694437050385,3.2297729218394182,12.230478182246694,2.7056160049920508,8.4956561959906409,174.27031646350682,49.729683536493276,926.45979084393241,982.54020915606714,982.54020915606714,2893.8582077970054,422.14179220299224,422.14179220299224,16.600000000000001
125,12,57.770460985971667,8.7486509504024159,92.244832767784771,7.9766503289731432,3.2145603645053904,12.289677370147425,2.7142675224886434,8.5600116461006284,173.92585204671857,50.074147953281532,921.19577783052875,987.8042221694709,987.8042221694709,2890.8747584083326,425.12524159166537,425.12524159166537,16.600000000000001
125.25,12,57.725419986842603,8.7675573428285425,92.145550365741812,7.9588240386235904,3.1993250911540252,12.348873540551274,2.7228551706420867,8.624571793287215,173.5805126355522,50.419487364447924,915.93803037236194,993.06196962763772,993.06196962763772,2887.8849099846734,428.11509001532437,428.11509001532437,16.600000000000001
125.5,12,57.680450506813621,8.7864244151870743,92.046161064794134,7.9409913880413852,3.1840688010722835,12.408064888885676,2.7313787389370039,8.6893351182695291,173.23430770650322,50.765692293496897,910.68680690623762,998.31319309376192,998.31319309376192,2884.8887590027452,431.11124099725282,431.11124099725282,16.600000000000001
125.75,12,57.635552418708791,8.8052515975344434,91.946665889376504,7.9231531865382445,3.1687931824785904,12.467249614739963,2.739838029944988,8.7543000969217104,172.88724677698846,51.112753223011659,905.4423641728448,1003.5576358271549,1003.5576358271549,2881.8864019061625,434.11359809383544,434.11359809383544,16.600000000000001
126,12,57.590725594681366,8.8240383336586135,91.84706586846238,7.9053102373834045,3.1534999122375842,12.526425922039069,2.7482328592964289,8.8194652005811403,172.53933940411954,51.460660595880569,900.20495717937604,1008.7950428206236,1008.7950428206236,2878.8779350881837,437.12206491181422,437.12206491181422,16.600000000000001
126.25,12,57.545969906234227,8.8427840811300094,91.747362035360595,7.8874633378393222,3.1381906555812766,12.585592019215198,2.7565630556402692,8.8848288963633486,172.19059518346165,51.809404816538496,894.9748391628907,1014.0251608371088,1014.0251608371088,2875.8634548742771,440.136545125721,440.136545125721,16.600000000000001
126.5,12,57.501285224240199,8.8614883113499587,91.647555427515272,7.8696132791938362,3.1228670658364188,12.644746119379624,2.7648284606034714,8.9503896474713862,171.84102374780213,52.158976252197995,889.75226155441362,1019.247738445586,1019.247738445586,2872.8430575050606,443.15694249493703,443.15694249493703,16.600000000000001
126.75,12,57.456671418962337,8.8801505095936815,91.547647086306156,7.8517608467919988,3.1075307841583024,12.703886440493712,2.7730289287455574,9.0161459135042783,171.4906347659203,52.509365234079802,884.53747394379036,1024.4625260562093,1024.4625260562093,2869.8168391194122,446.18316088058543,446.18316088058543,16.600000000000001
127,12,57.412128360073865,8.8987701750655557,91.447638056851133,7.8339068200676385,3.0921834392542515,12.76301120553873,2.7811643275279292,9.0820961507603357,171.13943794135992,52.86056205864022,879.33072404339396,1029.6692759566058,1029.6692759566058,2866.7848957375586,449.21510426243964,449.21510426243964,16.600000000000001
127.25,12,57.36765591667686,8.917346820992055,91.347529387813438,7.8160519725746713,3.0768266470727146,12.822118642683739,2.7892345373261715,9.1482388125292804,170.78744301120773,53.212556988792386,874.13225764793765,1034.8677423520621,1034.8677423520621,2863.7473232438842,452.25267675611394,452.25267675611394,16.600000000000001
127.5,12,57.323253957325221,8.9358799745590254,91.247322131195276,7.7981970720173219,3.0614620106419062,12.88120698545657,2.7972394512708627,9.2145723494180842,170.43465974485795,53.565340255142146,868.94231861134494,1040.0576813886548,1040.0576813886548,2860.7042173715386,455.29578262845894,455.29578262845894,16.600000000000001
127.75,12,57.278922350044176,8.9543691769663543,91.147017342143727,7.7803428802803412,3.0460911197983909,12.940274472910779,2.8051789752199037,9.2810952096468604,170.08109794279167,53.918902057208427,863.76114881111084,1045.2388511888889,1045.2388511888889,2857.6556736859175,458.34432631408009,458.34432631408009,16.600000000000001
128,12,57.234660962350553,8.9728139834542695,91.046616078755562,7.7624901534585664,3.030715550944322,12.999319349792337,2.8130530277006707,9.3478058393485561,169.72676743535646,54.273232564643649,858.58898811595554,1050.4110118840442,1050.4110118840442,2854.6017875685861,461.39821243141176,461.39821243141176,16.600000000000001
128.25,12,57.19046966127307,8.9912139633194936,90.946119401882129,7.7446396418858336,3.01533686681607,13.058339866705577,2.8208615398422459,9.4147026828681586,169.37167808154825,54.628321918451874,853.42607435480204,1055.5739256451977,1055.5739256451977,2851.5426542014629,464.45734579853513,464.45734579853513,16.600000000000001
128.5,12,57.146348313372755,9.0095686999264188,90.845528374935611,7.7267920901632277,2.9999566162594262,13.117334280278214,2.8286044553034877,9.4817841830600536,169.01583976779631,54.984160232203799,848.27264328653041,1060.7273567134694,1060.7273567134694,2848.4783685512075,467.52163144879023,467.52163144879023,16.600000000000001
128.75,12,57.102296784763894,9.0278777907208383,90.744844063687651,7.7089482371991327,2.9845763339939739,13.176300853322195,2.8362817301987882,9.5490487815982714,168.65926240671959,55.340737593280501,843.12892856839755,1065.8710714316026,1065.8710714316026,2845.4090253527374,470.59097464726057,470.59097464726057,16.600000000000001
129,12,57.058314941134476,9.0461408472319071,90.644067536076889,7.6911088162372927,2.9691975403998803,13.235237854996482,2.8438933330181029,9.6164949192713696,168.30195593591566,55.698044064084442,837.99516172715607,1071.0048382728437,1071.0048382728437,2842.3347190939339,473.66528090606437,473.66528090606437,16.600000000000001
129.25,12,57.014402647765543,9.0643574950587311,90.543199862029127,7.6732745548668211,2.9538217413355161,13.294143560973421,2.8514392445404058,9.6841210362547212,167.94393031679823,56.056069683201876,832.87157213389492,1076.1284278661051,1076.1284278661051,2839.2555440020706,476.74445599792739,476.74445599792739,16.600000000000001
129.5,12,56.970559769552075,9.0825273738677659,90.442242113261315,7.655446175057576,2.9384504279253978,13.353016253597223,2.8589194577469237,9.7519255724115812,167.58519553337169,56.414804466628411,827.75838697525569,1081.2416130247443,1081.2416130247443,2836.1715940282006,479.82840597179734,479.82840597179734,16.600000000000001
129.75,12,56.926786171023203,9.1006501373799988,90.341195363092567,7.6376243931859769,2.9230850763671516,13.411854222043706,2.8663339777291035,9.8199069675815132,167.22576159103266,56.774238408967449,822.65583122693931,1086.3441687730606,1086.3441687730606,2833.0829628325268,482.91703716747173,482.91703716747173,16.600000000000001
130,12,56.88308171636254,9.1187254533532229,90.240060686256598,7.6198099200600273,2.9077271477452951,13.470655762478954,2.8736828215926393,9.8880636618665037,166.86563851537616,57.134361484623959,817.56412762801756,1091.4358723719824,1091.4358723719824,2829.9897437700015,486.0102562299964,486.0102562299964,16.600000000000001
130.25,12,56.839446269428322,9.1367530035617541,90.138839158715029,7.6020034609444709,2.8923780878489231,13.529419178216573,2.8809660183595915,9.9563940959154351,166.50483635100454,57.4951636489956,812.48349665572255,1096.5165033442772,1096.5165033442772,2826.8920298760686,489.10797012392931,489.10797012392931,16.600000000000001
130.5,12,56.795879693773692,9.154732483806427,90.037531857464984,7.5842057155993894,2.8770393269512056,13.588142779869328,2.8881836088971689,10.024896711217954,166.14336516030502,57.856634839695126,807.41415649594933,1101.5858435040504,1101.5858435040504,2823.7899138511357,492.21008614886227,492.21008614886227,16.600000000000001
130.75,12,56.75238185266668,9.1726636038472886,89.936139860362914,7.5664173782884303,2.8617122796887662,13.646824885508869,2.8953356457798121,10.093569950371236,165.7812350223081,58.218764977692032,802.35632302510191,1106.643676974898,1106.643676974898,2820.6834880483821,495.31651195161589,495.31651195161589,16.600000000000001
131,12,56.708952609110248,9.1905460873673359,89.834664245942761,7.5486391378007083,2.8463983449020556,13.70546382081969,2.9024221931786496,10.16241225735617,165.41845603151455,58.581543968485569,797.31020978756146,1111.6897902124383,1111.6897902124383,2817.5728444602851,498.42715553971266,498.42715553971266,16.600000000000001
131.25,12,56.665591825862229,9.2083796719416604,89.733106093233559,7.5308716774759121,2.831098905469664,13.764057919250568,2.9094433267561204,10.231422077814205,165.0550382967179,58.94496170328226,792.27602797250552,1116.7239720274943,1116.7239720274943,2814.458074704964,501.54192529503405,501.54192529503405,16.600000000000001
131.5,12,56.62229936545522,9.2261641089938191,89.631466481580489,7.5131156752251682,2.8158153281600109,13.822605522165821,2.9163991335499664,10.300597859318577,164.69099193984155,59.309008060158561,787.2539863927334,1121.7460136072664,1121.7460136072664,2811.3392700131199,504.66072998687787,504.66072998687787,16.600000000000001
131.75,12,56.579075090216335,9.2438991637476668,89.529746490467502,7.49537180355098,2.8005489634898306,13.881104978995223,2.9232897118538523,10.369938051642633,164.3263270947829,59.673672905217238,782.24429146429986,1126.7557085356998,1126.7557085356998,2808.2165212152318,507.78347878476632,507.78347878476632,16.600000000000001
132,12,56.535918862287026,9.2615846151837484,89.427947199339201,7.4776407295696155,2.7853011455772854,13.939554647382366,2.9301151711042075,10.43944110702734,163.96105390625246,60.038946093747668,777.24714718564906,1131.7528528143507,1131.7528528143507,2805.0899187286523,510.91008127134569,510.91008127134569,16.600000000000001
132.25,12,56.492830543642881,9.2792202560068819,89.326069687419775,7.4599231150384231,2.77007319198069,13.997952893331163,2.9368756317804521,10.509105480449525,163.59518252860215,60.404817471397969,772.26275511527967,1136.73724488472,1136.73724488472,2801.9595525443638,514.04044745563397,514.04044745563397,16.600000000000001
132.5,12,56.449809996112727,9.2968058925458301,89.224115033552607,7.4422196163582086,2.7548664036303272,14.056298091352952,2.9435712252345239,10.578929629871414,163.2287231247364,60.771276875263752,767.29131435950399,1141.7086856404958,1141.7086856404958,2798.8255122164519,517.17448778354571,517.17448778354571,16.600000000000001
132.75,12,56.406857081398108,9.3143413447033083,89.122084316025777,7.4245308845951961,2.739682064692933,14.114588624610494,2.950202093575407,10.64891201650021,162.86168586496532,61.138314135034825,762.33302155304477,1146.6669784469548,1146.6669784469548,2795.6878868497306,520.31211315026701,520.31211315026701,16.600000000000001
133,12,56.36397166109262,9.3318264458900284,89.019978612402923,7.4068575654975515,2.7245214424589097,14.172822885060928,2.9567683895382246,10.719051105041491,162.49408092587993,61.505919074120207,757.38807084215898,1151.6119291578407,1151.6119291578407,2792.5467650880892,523.45323491190845,523.45323491190845,16.600000000000001
133.25,12,56.321153596701009,9.3492610429529179,88.917798999356478,7.3892002995102439,2.7093857872385647,14.230999273597305,2.9632702763487191,10.789345363948714,162.12591848923694,61.874081510763212,752.45665386881421,1156.5433461311854,1156.5433461311854,2789.4022351031745,526.59776489682304,526.59776489682304,16.600000000000001
133.5,12,56.27840274965817,9.3666449960993123,88.815546552503207,7.3715597217888833,2.6942763322650256,14.28911620018865,2.9697079275850298,10.859793265669236,161.75720874085167,62.242791259148468,747.53895975566809,1161.4610402443316,1161.4610402443316,2786.2543845833438,529.745615416654,529.745615416654,16.600000000000001
133.75,12,56.235718981348967,9.3839781788323666,88.7132223462296,7.3539364622304326,2.6791942935740227,14.347172084014261,2.9760815270406691,10.930393286911045,161.38796186945015,62.612038130549948,742.63517508835776,1166.3648249116418,1166.3648249116418,2783.1033007211722,532.89669927882517,532.89669927882517,16.600000000000001
134,12,56.193102153126773,9.401260477865403,88.610827453533062,7.3363311454826929,2.6641408699239184,14.405165353601259,2.9823912685806508,11.001143908878424,161.01818806558524,62.981811934414893,737.74548390252403,1171.2545160974755,1171.2545160974755,2779.9490702031753,536.05092979682195,536.05092979682195,16.600000000000001
134.25,12,56.150552126331199,9.4184917930193937,88.508362945875632,7.3187443909373719,2.649117242747935,14.46309444696414,2.9886373559918678,11.07204361748307,160.64789752060344,63.352102479396684,732.87006767462742,1176.129932325372,1176.129932325372,2776.791779201279,539.20822079871846,539.20822079871846,16.600000000000001
134.5,12,56.108068762307113,9.4356720371420302,88.405829893019558,7.3011768127520895,2.6341245760631233,14.520957811735689,2.9948200028374496,11.143090903592105,160.27710042553869,63.722899574461444,728.00910530772126,1180.9908946922783,1180.9908946922783,2773.6315133616931,542.36848663830426,542.36848663830426,16.600000000000001
134.75,12,56.065651922422951,9.452801136014175,88.303229362872528,7.2836290198608475,2.6191640164033823,14.578753905298685,3.000939432306549,11.214284263258023,159.90580697004359,64.094193029956529,723.16277312006321,1185.8372268799365,1185.8372268799365,2770.4683577950755,545.53164220492181,545.53164220492181,16.600000000000001
135,12,56.023301468088967,9.4698790282527092,88.200562421334837,7.2661016159835583,2.6042366927588749,14.636481194915936,3.0069958770618945,11.285622197944916,159.53402734133002,64.465972658670111,718.33124483450058,1190.6687551654989,1190.6687551654989,2767.3023970669633,548.69760293303443,548.69760293303443,16.600000000000001
135.25,12,55.981017260775268,9.4869056652118466,88.097830132147976,7.2485951996356377,2.5893437165186661,14.694138157858626,3.0129895790871188,11.357103214751989,159.16177172311484,64.838228276885317,713.5146915682941,1195.4853084317051,1195.4853084317051,2764.1337151883695,551.86628481162757,551.86628481162757,16.600000000000001
135.5,12,55.938799162030428,9.5038810109041147,87.995033556734228,7.2311103641481758,2.5744861813835982,14.75172328153373,3.0189207895541745,11.428725826646117,158.78905029453176,65.21094970546838,708.71328181991396,1200.2867181800852,1200.2867181800852,2760.962395605417,555.03760439458028,555.03760439458028,16.600000000000001
135.75,12,55.896647033498411,9.5208050418673285,87.892173754063236,7.2136476976619015,2.5596651633645444,14.80923506360786,3.0247897686402725,11.500488552662203,158.41587322914805,65.584126770852109,703.92718146491541,1205.0728185350838,1205.0728185350838,2757.7885211919624,558.2114788080346,558.2114788080346,16.600000000000001
136,12,55.854560736936136,9.5376777470564171,87.789251780507385,7.1962077831342306,2.544881720742957,14.866672012130309,3.0305967853699158,11.572389918115217,158.04225069393777,65.95774930606234,699.15655374795222,1209.8434462520472,1209.8434462520472,2754.612174240996,561.38782575900143,561.38782575900143,16.600000000000001
136.25,12,55.812540134230943,9.5544991277358999,87.686268689697485,7.1787911983473345,2.5301368940315183,14.924032645654355,3.0363421174589122,11.644428454810411,157.66819284825814,66.331807151741998,694.40155927490412,1214.5984407250953,1214.5984407250953,2751.4334364560987,564.56656354389884,564.56656354389884,16.600000000000001
136.5,12,55.7705850874178,9.5712691973644404,87.583225532383352,7.1613985159128557,2.5154317059484055,14.981315493356542,3.042026051152146,11.716602701246718,157.29370984284427,66.706290157155877,689.66235600654045,1219.3376439934589,1219.3376439934589,2748.2523889434451,567.74761105655205,567.74761105655205,16.600000000000001
136.75,12,55.728695458696272,9.587987981476422,87.480123356296829,7.1440303032757253,2.5007671613975715,15.038519095154056,3.0476488810598337,11.788911202816012,156.91881181881476,67.081188181185397,684.93909925292007,1224.0609007470794,1224.0609007470794,2745.0691122040807,570.93088779591642,570.93088779591642,16.600000000000001
137,12,55.686871110447726,9.6046555175655861,87.376963206011538,7.1266871227234931,2.4861442474433377,15.095642001819893,3.0532109099936835,11.861352512008086,156.54350890666555,67.456491093334577,680.23194166721635,1228.7680583327831,1228.7680583327831,2741.8836861258192,574.11631387417788,574.11631387417788,16.600000000000001
137.25,12,55.645111905252975,9.6212718549717255,87.273746122798642,7.1093695314022192,2.4715639332773915,15.152682775095728,3.0587124488032362,11.933925188622814,156.16781122524972,67.832188774750435,675.54103323875393,1233.4589667612456,1233.4589667612456,2738.6961899746602,577.3038100253367,577.3038100253367,16.600000000000001
137.5,12,55.603417705906828,9.6378370547349039,87.170473144518454,7.0920780812937103,2.4570271702601012,15.209639987804499,3.0641538162032309,12.006627799920041,155.791728880894,68.208271119106143,670.86652129444963,1238.13347870555,1238.13347870555,2735.5067023903434,580.49329760965372,580.49329760965372,16.600000000000001
137.75,12,55.561788375435022,9.6543511894738376,87.067145305484345,7.0748133192260703,2.4425348919056624,15.266512223959452,3.0695353386067965,12.0794589208177,155.41527196641198,68.584728033588178,666.20855049401439,1242.7914495059852,1242.7914495059852,2732.3153013786878,583.68469862130951,583.68469862130951,16.600000000000001
138,12,55.520223777110296,9.6708143432552749,86.963763636336537,7.0575757868752866,2.4280880138876921,15.323298078871492,3.0748573499559142,12.15241713407311,155.03845056015501,68.961549439845129,661.56726282751845,1247.432737172481,1247.432737172481,2729.1220643050397,586.87793569495739,586.87793569495739,16.600000000000001
138.25,12,55.478723774468229,9.6872266114602308,86.860329163918976,7.040366020765215,2.4136874340518761,15.379996159254487,3.0801201915507224,12.225501030458748,154.66127472507688,69.338725274923263,656.94279761381199,1252.0572023861876,1252.0572023861876,2725.9270678880766,590.0729321119203,590.0729321119203,16.600000000000001
138.5,12,55.437288231322839,9.7035881006478366,86.756842911158941,7.0231845522668257,2.3993340324340644,15.436605083328473,3.0853242118779489,12.298709208933779,154.28375450780908,69.716245492191035,652.33529149962771,1256.6647085003717,1256.6647085003717,2722.7303881938788,593.26961180611875,593.26961180611875,16.600000000000001
138.75,12,55.395917011782949,9.7198989284275434,86.653305896936828,7.0060319076078272,2.3850286712592541,15.493123480922463,3.090469766442165,12.372040276831489,153.90589993770004,70.094100062300086,647.74487845671047,1261.2551215432891,1261.2551215432891,2719.5321006289646,596.46789937103267,596.46789937103267,16.600000000000001
139,12,55.354609980267064,9.7361592233149992,86.549719135974826,6.9889086078669047,2.3707721949782816,15.549549993572791,3.0955572175915407,12.445492850015677,153.52772102592763,70.472278974072481,643.17168978310985,1265.8283102168898,1265.8283102168898,2716.3322799353241,599.6677200646734,599.6677200646734,16.600000000000001
139.25,12,55.31336700151747,9.7523691245810635,86.446083638733384,6.9718151689623804,2.3565654303205652,15.605883274618561,3.1005869343413819,12.51906555302376,153.14922776464411,70.850772235356018,638.61585410630119,1270.3841458936984,1270.3841458936984,2713.1310001862821,602.86899981371494,602.86899981371494,16.600000000000001
139.5,12,55.272187940615545,9.7685287821130711,86.34240041129398,6.9547521016550755,2.3424091863191809,15.662121989297159,3.1055592922019999,12.592757019232637,152.7704301260685,71.229569873931638,634.0774973834101,1274.9225026165893,1274.9225026165893,2709.9283347808946,606.07166521910256,606.07166521910256,16.600000000000001
139.75,12,55.231072662996318,9.7846383562687738,86.238670455250755,6.9377199115449599,2.3283042543533141,15.718264814836669,3.1104746730043202,12.66656589101002,152.39133806161448,71.608661938385637,629.55674290340994,1279.4432570965896,1279.4432570965896,2706.724356439252,609.27564356074527,609.27564356074527,16.600000000000001
140,12,55.190021034462717,9.8006980177284078,86.134894767604592,6.9207190990671839,2.3142514081957,15.774310440546031,3.1153334647251505,12.740490819861375,152.01196150102939,71.988038498970724,625.05371128995137,1283.9462887100483,1283.9462887100483,2703.5191371980518,612.48086280194548,612.48086280194548,16.600000000000001
140.25,12,55.149032921199826,9.8167079473457353,86.031074340658336,6.9037501594887596,2.300251404062339,15.830257567903375,3.1201360613122211,12.814530466575,151.63231035153902,72.367689648461123,620.56852050452972,1288.4314794954698,1288.4314794954698,2700.3127484062798,615.68725159371741,615.68725159371741,16.600000000000001
140.5,12,55.10810818979018,9.8326683360042217,85.927210161900049,6.8868135829155932,2.2863049806439961,15.88610491064604,3.1248828625093776,12.888683501384968,151.25239449695195,72.747605503048163,616.10128584774839,1292.8987141522514,1292.8987141522514,2697.1052607198185,618.8947392801789,618.8947392801789,16.600000000000001
140.75,12,55.067246707225742,9.8485793844556806,85.823303213922742,6.8699098542735308,2.2724128591961352,15.941851194848942,3.1295742736809391,12.962948604077752,150.87222379689675,73.127776203103409,611.65211996706557,1297.3478800329342,1297.3478800329342,2693.8967440994161,622.10325590058142,622.10325590058142,16.600000000000001
141,12,55.026448340921483,9.8644413031670872,85.719354474325996,6.8530394533043868,2.2585757436007872,15.997495159006288,3.1342107056365167,13.037324464126058,150.4918080859965,73.508191914003646,607.22113286156173,1301.7788671384383,1301.7788671384383,2690.6872678070217,625.31273219297543,625.31273219297543,16.600000000000001
141.25,12,54.985712958728818,9.880254312166322,85.61536491561975,6.8362028545620861,2.2447943204316863,16.053035554111119,3.1387925744559295,13.111809780819446,150.11115717305307,73.888842826947041,602.80843188715437,1306.1915681128453,1306.1915681128453,2687.4769004023037,628.52309959769389,628.52309959769389,16.600000000000001
141.5,12,54.945040428948566,9.896018640885254,85.511335505133189,6.8194005274063159,2.2310692590281738,16.108471143731727,3.143320301314239,13.186403263386387,149.73028084025242,74.269719159747694,598.41412176286542,1310.5858782371342,1310.5858782371342,2684.2657097396614,631.73429026033625,631.73429026033625,16.600000000000001
141.75,12,54.904430620343597,9.9117345280016007,85.407267204926256,6.8026329359957378,2.2174012115734532,16.163800704085649,3.1477943123070475,13.261103631111892,149.34918884238166,74.650811157618435,594.03830457765673,1314.9616954223429,1314.9616954223429,2681.053762965495,634.94623703450247,634.94623703450247,16.600000000000001
142,12,54.863883402152119,9.9274022212814135,85.303160971695505,6.7859005392863949,2.2037908131658086,16.219023024114293,3.1522150382722005,13.335909613465827,148.96789090602567,75.032109093974441,589.68107979656497,1319.3189202034348,1319.3189202034348,2677.8411265149111,638.15887348508659,638.15887348508659,16.600000000000001
142.25,12,54.823398644101026,9.9430219774211928,85.199017756679126,6.7692037910319227,2.1902386818895732,16.274136905556315,3.1565829146103765,13.410819950232712,148.58639672876234,75.413603271237776,585.34254426689483,1323.6574557331051,1323.6574557331051,2674.6278661083566,641.3721338916406,641.3721338916406,16.600000000000001
142.5,12,54.782976216414973,9.9585940618802251,85.094838505605054,6.7525431397568383,2.1767454189440292,16.329141163003968,3.160898381124861,13.485833391565277,148.20471597852617,75.795284021473975,581.02279223095798,1327.977207769042,1327.977207769042,2671.4140467523412,644.58595324765622,644.58595324765622,16.600000000000001
142.75,12,54.742615989829332,9.9741187487209526,84.990624158600284,6.7359190287567738,2.1633116087210924,16.384034623971885,3.1651618818427223,13.56094869810727,147.82285829282364,76.177141707176474,576.72191533318755,1332.2780846668122,1332.2780846668122,2668.1997327364547,647.80026726354231,647.80026726354231,16.600000000000001
143,12,54.702317835601733,9.9895963204460454,84.886375650114289,6.7193318960908774,2.1499378189021603,16.438816128959218,3.1693738648419378,13.636164641091536,147.44083327800536,76.559166721994771,572.44000262947895,1336.5599973705209,1336.5599973705209,2664.9849876317194,651.01501236827801,651.01501236827801,16.600000000000001
143.25,12,54.662081625523257,10.00502706783451,84.782093908845795,6.7027821745734695,2.136624600559772,16.493484531509022,3.1735347820795865,13.711480002432374,147.05865050855232,76.941349491447795,568.17714059715308,1340.8228594028467,1340.8228594028467,2661.7698742892412,654.23012571075662,654.23012571075662,16.600000000000001
143.5,12,54.621907231929413,10.020411289777117,84.67777985767222,6.6862702917654397,2.1233724882630298,16.548038698265035,3.1776450892208601,13.786893574813444,146.67631952637541,77.323680473624691,563.93341314543136,1345.0665868545684,1345.0665868545684,2658.5544548391031,657.44554516089443,657.44554516089443,16.600000000000001
143.75,12,54.581794527710748,10.035749293111238,84.573434413581793,6.6697966699654074,2.1101820001867369,16.602477509025903,3.1817052454689869,13.862404161771204,146.29384984012668,77.706150159873459,559.70890162641297,1349.2910983735867,1349.2910983735867,2655.338790689495,660.66120931050216,660.66120931050216,16.600000000000001
144,12,54.54174338632393,10.051041392455593,84.469058487602453,6.6533617262039089,2.0970536382170657,16.656799856799534,3.1857157133930176,13.938010577784036,145.91125092450068,78.08874907549945,555.50368484575631,1353.4963151542436,1353.4963151542436,2652.1229425255547,663.8770574744434,663.8770574744434,16.600000000000001
144.25,12,54.501753681807472,10.066287910048661,84.364652984683076,6.6369658722648346,2.0839878880009728,16.711004647878084,3.1896769587303924,14.01371164844266,145.52853221935828,78.471467780641845,551.31783906715202,1357.6821609328479,1357.6821609328479,2648.9069703040368,667.09302969596104,667.09302969596104,16.600000000000001
144.5,12,54.461825288784446,10.081489175576369,84.260218803705101,6.6206095146370441,2.0709852191508551,16.765090801851311,3.1935894502573765,14.089506210398332,145.1457031293458,78.854296870654352,547.1514380342644,1361.8485619657356,1361.8485619657356,2645.6909332593973,670.30906674060043,670.30906674060043,16.600000000000001
144.75,12,54.421958082473253,10.096645526006229,84.155756837413364,6.6042930545114231,2.0580460853532254,16.819057251655895,3.1974536596170373,14.165393111449076,144.76277302321063,79.237226976789501,543.00455298202291,1365.9954470179769,1365.9954470179769,2642.4748899027827,673.52511009721536,673.52511009721536,16.600000000000001
145,12,54.382151938698271,10.111757305421401,84.051267972348597,6.5880168877783429,2.0451709244795437,16.872902943622471,3.2012700611480249,14.241371210623045,144.37975123312631,79.620248766873829,538.87725264824735,1370.1227473517527,1370.1227473517527,2639.2588980211676,676.74110197883044,676.74110197883044,16.600000000000001
145.25,12,54.342406733899082,10.126824864853717,83.946753088793287,6.5717814050191841,2.0323601587129652,16.92662683751508,3.2050391317203188,14.317439378239181,143.99664705407031,80.003352945929834,534.76960328714802,1374.2303967128519,1374.2303967128519,2636.0430146776562,679.95698532234201,679.95698532234201,16.600000000000001
145.5,12,54.302722345139507,10.141848562116703,83.84221306072024,6.5555869914978802,2.0196141946780051,16.980227906567933,3.2087613505723391,14.393596495963628,143.61346974321438,80.386530256785761,530.68166868324886,1378.318331316751,1378.318331316751,2632.8272962119886,683.17270378800947,683.17270378800947,16.600000000000001
145.75,12,54.263098650116312,10.156828761638641,83.737648755743464,6.5394340271524971,2.0069334235730514,17.033705137519529,3.2124371991495111,14.469841456861973,143.23022851932703,80.769771480673114,526.61351016572394,1382.3864898342761,1382.3864898342761,2629.6117982412588,686.38820175873911,686.38820175873911,16.600000000000001
146,12,54.223535527167648,10.171765834295721,83.633061035071719,6.5233228865869064,1.9943182213055799,17.08705753064417,3.2160671609442932,14.546173165447346,142.84693256218804,81.153067437812112,522.56518662313283,1386.4348133768672,1386.4348133768672,2626.3965756608304,689.60342433916696,689.60342433916696,16.600000000000001
146.25,12,54.184032855285416,10.186660157231641,83.528450753427094,6.5072539390729291,1.9817689486032044,17.140284099806841,3.2196517213029163,14.622590537787024,142.46359101187474,81.536408988125388,518.53675451520428,1390.4632454847956,1390.4632454847956,2623.1816826426675,692.81831735733033,692.81831735733033,16.600000000000001
146.5,12,54.144590514121241,10.201512113697467,83.423818759020421,6.4912275485375242,1.9692859511662331,17.193383872477565,3.223191367284393,14.699092501513892,142.0802129682647,81.919787031735439,514.52826788986238,1394.4717321101377,1394.4717321101377,2619.9671726379092,696.03282736208803,696.03282736208803,16.600000000000001
146.75,12,54.105208383990757,10.216322092897288,83.319165893543939,6.4752440735460279,1.9568695598332555,17.246355889732701,3.2266865875349575,14.775677995809131,141.69680749060586,82.303192509394293,510.53977840194904,1398.4602215980508,1398.4602215980508,2616.7530983807528,699.24690161924468,699.24690161924468,16.600000000000001
147,12,54.065886345883492,10.231090489814028,83.214492992111587,6.4593038673008589,1.9445200907096574,17.299199206291991,3.2301378721130134,14.852345971472904,141.31338359689241,82.686616403107735,506.57133532738652,1402.4286646726134,1402.4286646726134,2613.5395118884117,702.46048811158596,702.46048811158596,16.600000000000001
147.25,12,54.026624281470212,10.245817705043695,83.109800883223059,6.44340727763442,1.932237845313908,17.35191289053779,3.2335457123360514,14.929095390954782,140.92995026333412,83.070049736666036,502.62298557962987,1406.37701442037,1406.37701442037,2610.3264644628862,705.67353553711177,705.67353553711177,16.600000000000001
147.5,12,53.987422073109954,10.260504144630211,83.005090388730508,6.4275546470022666,1.9200231107259669,17.404496024531628,3.2369106006293822,15.005925228380264,140.5465164238376,83.45348357616254,498.6947737264565,1410.3052262735434,1410.3052262735434,2607.1140066929092,708.88599330708837,708.88599330708837,16.600000000000001
147.75,12,53.948279603856797,10.27515021990083,82.900362323807471,6.4117463124765486,1.9078761597377234,17.456947704028124,3.240233030376757,15.08283446957339,140.16309096949959,83.836909030500578,494.78674200708417,1414.2132579929157,1414.2132579929157,2603.9021884560761,712.09781154392135,712.09781154392135,16.600000000000001
148,12,53.909196757466432,10.289756347302259,82.795617496920258,6.3959826057397766,1.8957972510053787,17.509267038486183,3.2435134957729446,15.159822112075476,139.77968274811198,84.220317251888147,490.89893034960807,1418.101069650392,1418.101069650392,2600.6910589211438,715.3089410788541,715.3089410788541,16.600000000000001
148.25,12,53.870173418404057,10.304322948227631,82.690856709787013,6.3802638530802236,1.8837866291979226,17.561453151090188,3.2467524916593034,15.23688716518536,139.39630056362236,84.603699436377781,487.03137638787939,1421.9686236121206,1421.9686236121206,2597.4806665495094,718.51933345048747,718.51933345048747,16.600000000000001
148.5,12,53.831209471854045,10.318850448833189,82.586080757322833,6.3645903753891746,1.8718445251409526,17.61350517878267,3.2499505133402127,15.314028650024166,139.01295317554235,84.987046824457792,483.18411547771683,1425.8158845222831,1425.8158845222831,2594.2710590957536,721.7289409042437,721.7289409042437,16.600000000000001
148.75,12,53.792304803718352,10.333339279919281,82.481290427680392,6.348962488150157,1.8599711559988468,17.665422272213387,3.253108056522886,15.39124559943434,138.62964929873189,85.370350701268279,479.35718071893893,1429.6428192810611,1429.6428192810611,2591.0622836146899,724.93771638530723,724.93771638530723,16.600000000000001
149,12,53.753459300625067,10.347789876752493,82.376486502204884,6.3333805014365243,1.8481667254238729,17.717203595762065,3.2562256171448904,15.468537058027772,138.246397602852,85.753602397148157,475.55060297245439,1433.4493970275457,1433.4493970275457,2587.8543864625958,728.14561353740135,728.14561353740135,16.600000000000001
149.25,12,53.71467284993404,10.362202678903452,82.271669755412773,6.3178447199075363,1.8364314237152444,17.76884832753975,3.2593036912319033,15.545902082192788,137.86320671191368,86.136793288086494,471.76441087890038,1437.2355891210996,1437.2355891210996,2584.6474133000597,731.35258669993766,731.35258669993766,16.600000000000001
149.5,12,53.675945339742078,10.376578130087319,82.166840954975171,6.3023554428047062,1.8247654279804677,17.820355659385452,3.2623427747607519,15.623339740093456,137.48008520384747,86.519914796152705,467.99863087767687,1441.001369122323,1441.001369122323,2581.4414090951464,734.55859090485114,734.55859090485114,16.600000000000001
149.75,12,53.63727665888787,10.390916678005386,82.062000861703197,6.2869129639486534,1.8131689022979385,17.871724796860182,3.2653433635246443,15.700849111665402,137.09704161008455,86.902958389915639,464.25328722622561,1444.7467127737741,1444.7467127737741,2578.2364181267085,737.76358187328879,737.76358187328879,16.600000000000001
150,12,53.598666696956634,10.40521877418786,81.957150229535642,6.2715175717364824,1.8016419978806939,17.922954959238353,3.2683059530006782,15.778429288608155,136.7140844151493,87.285915584850841,460.52840201954353,1448.4715979804564,1448.4715979804564,2575.0324839878426,740.96751601215431,740.96751601215431,16.600000000000001
150.25,12,53.560115344284895,10.419484873834863,81.852289805526212,6.2561695491389751,1.7901848532416524,17.974045379499643,3.2712310382151752,15.856079374378357,136.33122205625307,87.668777943747088,456.8239952099002,1452.1760047900996,1452.1760047900996,2571.8296495893546,744.17035041064253,744.17035041064253,16.600000000000001
150.5,12,53.521622491969033,10.433715435620076,81.747420329800619,6.2408691736886395,1.7787975943652079,18.02499530435707,3.2741191135539642,15.933798484234513,135.94846292276466,88.051537077235494,453.14008462651424,1455.8599153734856,1455.8599153734856,2568.6279571616965,747.37204283830033,747.37204283830033,16.600000000000001
150.75,12,53.483188031864159,10.447910921585366,81.642542535590323,6.2256167174908654,1.7674803348672505,18.075803994192377,3.2769706727081065,16.011585745151102,135.56581535600367,88.434184643996502,449.47668599603111,1459.5233140039688,1459.5233140039688,2565.4274482608989,750.57255173909823,750.57255173909823,16.600000000000001
151,12,53.444811856588181,10.462071796985454,81.537657149225467,6.2104124472228168,1.7562331761631327,18.126470723040441,3.2797862085457581,16.089440295802394,135.18328764886652,88.816712351133631,445.83381296285569,1463.166187037144,1463.166187037144,2562.2281637724145,753.7718362275823,753.7718362275823,16.600000000000001
151.25,12,53.4064938595264,10.476198530126155,81.432764890123536,6.1952566241309723,1.7450562076374394,18.176994778579061,3.2825662129748219,16.167361286554176,134.80088804543661,89.199111954563534,442.2114771096181,1466.7885228903817,1466.7885228903817,2559.0301439147584,756.96985608523914,756.96985608523914,16.600000000000001
151.5,12,53.368233934834912,10.490291592213858,81.327866470787725,6.1801495040317773,1.7339495068130328,18.227375462106441,3.2853111768224501,16.245347879438576,134.41862474063902,89.581375259361153,438.6096879778803,1470.3903120221196,1470.3903120221196,2555.8334282436758,760.1665717563211,760.1665717563211,16.600000000000001
151.75,12,53.330031977443774,10.504351457206479,81.222962596807463,6.1650913373129654,1.7229131395206434,18.277612088516161,3.2880215897169758,16.323399248125806,134.03650587990606,89.963494120094069,435.02845308900987,1473.9715469109901,1473.9715469109901,2552.6380556564404,763.36194434355673,763.36194434355673,16.600000000000001
152,12,53.291887883059871,10.518378601666027,81.118053966860671,6.150082368935565,1.7119471600689098,18.327703986269654,3.2906979399723166,16.4015145778929,133.65453955885405,90.345460441146102,431.4677779652099,1477.53222203479,1477.53222203479,2549.4440643962498,766.55593560374746,766.55593560374746,16.600000000000001
152.25,12,53.253801548169612,10.532373504612766,81.013141272717931,6.1351228384366472,1.7010516114147818,18.377650497366218,3.2933407144749083,16.479693065589519,133.27273382297031,90.727266177029833,427.92766615069689,1481.072333849303,1481.072333849303,2546.2514920567428,769.74850794325448,769.74850794325448,16.600000000000001
152.5,12,53.215772870044283,10.546336647342098,80.908225199228184,6.1202129799209084,1.6902265253524158,18.427450977340317,3.2959503985218288,16.557933919636373,132.89109666722487,91.10890333277527,424.40811923398667,1484.5918807660134,1484.5918807660134,2543.0603755858174,772.93962441417943,772.93962441417943,16.600000000000001
152.75,12,53.177801746741821,10.56026851328817,80.80330642432952,6.1053530220667378,1.6794719226812485,18.477104795222047,3.298527475720781,16.636236359979691,132.50963603579251,91.490363964207646,420.90913686918992,1488.09086313081,1488.09086313081,2539.870751290478,776.12924870951906,776.12924870951906,16.600000000000001
153,12,53.139888077105148,10.574169587932564,80.698385619084675,6.0905431881462491,1.6687878133539764,18.526611333462093,3.3010724279496571,16.714599618003373,132.12835982188147,91.87164017811871,417.4307167963492,1491.5692832036509,1491.5692832036509,2536.6826548426602,779.31734515733672,779.31734515733672,16.600000000000001
153.25,12,53.102031760766273,10.58804035863422,80.59346344767593,6.0757836960215572,1.6581741966621883,18.575969987915791,3.3035857352126712,16.793022936511875,131.74727586739402,92.252724132606133,413.97285486389222,1495.0271451361077,1495.0271451361077,2533.4961212835101,782.50387871648729,782.50387871648729,16.600000000000001
153.5,12,53.064232698148032,10.601881314490276,80.488540567417061,6.061074758150709,1.6476310614084069,18.625180167802604,3.3060678755373205,16.871505569683919,131.36639196266194,92.63360803733822,410.53554505046537,1498.4644549495347,1498.4644549495347,2530.3111850283412,785.68881497165557,785.68881497165557,16.600000000000001
153.75,12,53.026490790465573,10.615692946198665,80.383617628766729,6.0464165815944133,1.6371583860780601,18.674241295663311,3.3085193248738727,16.95004678302363,130.98571584619194,93.014284153808248,407.11877948686151,1501.8812205131385,1501.8812205131385,2527.1278798716871,788.87212012830992,788.87212012830992,16.600000000000001
154,12,52.988805939727683,10.629475745922594,80.278695275343736,6.0318093680235823,1.626756139011297,18.723152807314865,3.3109405569974055,17.028645853309147,130.60525520442133,93.394744795578831,403.72254847803504,1505.2774515219651,1505.2774515219651,2523.9462389924238,792.05376100757371,792.05376100757371,16.600000000000001
154.25,12,52.951178048737859,10.643230207156897,80.173774143943547,6.0172533137277098,1.6164242785745617,18.771914151803003,3.3133320434124274,17.107302068538775,130.22501767148381,93.77498232851633,400.34684052519327,1508.6531594748067,1508.6531594748067,2520.7662949589808,795.23370504101649,795.23370504101649,16.600000000000001
154.5,12,52.913607021096013,10.656956824581618,80.068854864551724,6.0027486096172051,1.6061627533418696,18.820524791363315,3.3156942532425364,17.186014727883375,129.84501082895866,94.154989171041478,396.99164234869801,1512.0083576513018,1512.0083576513018,2517.588079734589,798.41192026540807,798.41192026540807,16.600000000000001
154.75,12,52.876092761201733,10.670656093887512,79.963938060348369,5.9882954412124931,1.5959715022961507,18.868984201402128,3.3180276530868142,17.264783141654071,129.46524220557615,94.534757794424038,393.65693891254267,1515.3430610874573,1515.3430610874573,2514.4116246825251,801.58837531747167,801.58837531747167,16.600000000000001
155,12,52.838635174250271,10.684328511727415,79.859024347756247,5.9738939886920539,1.5858504549458554,18.917291870384421,3.320332707026679,17.343606631194767,129.08571927715437,94.914280722845817,390.34271344263783,1518.6572865573621,1518.6572865573621,2511.236960571729,804.76303942826803,804.76303942826803,16.600000000000001
155.25,12,52.801234166234487,10.697974575561414,79.754114336453611,5.9595444268906075,1.575799531514678,18.965447299798829,3.3226098765061978,17.422484528836101,128.70644946635241,95.293550533647775,387.0489474505959,1521.951052549404,1521.951052549404,2508.0641175822202,807.93588241777672,807.93588241777672,16.600000000000001
155.5,12,52.763889643945319,10.711594783526733,79.649208629396114,5.9452469253088109,1.5658186431152854,19.013450004103873,3.3248596202420497,17.501416177833892,128.32744014247314,95.672559857527034,383.77562075641055,1525.2243792435895,1525.2243792435895,2504.8931253106339,811.10687468936283,811.10687468936283,16.600000000000001
155.75,12,52.726601514971783,10.725189634313987,79.544307822841617,5.9310016481258536,1.5559076919194588,19.061299510668938,3.3270823941412631,17.580400932302897,127.94869862128353,96.051301378716644,380.52271151094664,1528.4772884890533,1528.4772884890533,2501.7240127758241,814.27598722417281,814.27598722417281,16.600000000000001
156,12,52.689369687700847,10.738759627045505,79.439412506376271,5.9168087542129468,1.5460665713275588,19.108995359713159,3.3292786512215091,17.659438157148571,127.5702321648442,96.429767835155971,377.29019621845464,1531.7098037815454,1531.7098037815454,2498.5568084245201,817.44319157547727,817.44319157547727,16.600000000000001
156.25,12,52.652194071317069,10.752305261155726,79.334523262942014,5.9026683971476857,1.5362951661372404,19.1565371042423,3.3314488415339722,17.738527227996819,127.19204798134813,96.807952018652045,374.07804975909909,1534.921950240901,1534.921950240901,2495.391540137035,820.60845986296192,820.60845986296192,16.600000000000001
156.5,12,52.61507457580219,10.765827036270862,79.229640668864548,5.8885807252279783,1.526593352713691,19.2039243099853,3.3335934120856829,17.817667531122829,126.81415322496497,97.185846775035202,370.88624541167513,1538.1137545883248,1538.1137545883248,2492.2282352330471,823.77176476694979,823.77176476694979,16.600000000000001
156.75,12,52.578011111937009,10.7793254520323,79.124765293870823,5.874545881459488,1.5169609992070765,19.251156555364147,3.335712806700414,17.896858463398079,126.43655499562128,97.563445004378892,367.71475488002852,1541.2852451199713,1541.2852451199713,2489.0669204778706,826.93307952212626,826.93307952212626,16.600000000000001
157,12,52.541003591297873,10.792801008046251,79.019897701133061,5.8605640036021871,1.5073979656668803,19.298233431386826,3.3378074660181891,17.976099432192893,126.05926033894511,97.940739661055062,364.56354831159803,1544.4364516884018,1544.4364516884018,2485.9076220878137,830.09237791218311,830.09237791218311,16.600000000000001
157.25,12,52.504051926255457,10.80625420377679,78.915038447301896,5.8466352241902477,1.4979041042036754,19.345154541573848,3.3398778274328986,18.055389855297467,125.68227624614578,98.317723753854395,361.43259431967323,1547.5674056803266,1547.5674056803266,2482.7503657360303,833.2496342639663,833.2496342639663,16.600000000000001
157.5,12,52.467156029974362,10.819685538417346,78.810188082535902,5.8327596705417175,1.4884792591693523,19.391919501897238,3.3419243250065103,18.134729160849314,125.30560965387274,98.694390346127435,358.32186000713324,1550.6781399928666,1550.6781399928666,2479.5951765585874,836.40482344140958,836.40482344140958,16.600000000000001
157.75,12,52.430315816411856,10.833095510781735,78.705347150535644,5.8189374647772425,1.4791232673220058,19.438527940707189,3.3439473894048022,18.214116787253154,124.92926744410475,99.070732555895418,355.23131098905947,1553.7686890109403,1553.7686890109403,2476.442079160428,839.55792083956896,839.55792083956896,16.600000000000001
158,12,52.393531200316374,10.846484619197303,78.600516188578879,5.8051687238396577,1.4698359579897358,19.484979498656944,3.34594744783556,18.293552183099251,124.55325644404745,99.446743555952722,352.16091141531888,1556.8390885846809,1556.8390885846809,2473.2910976213698,842.70890237862682,842.70890237862682,16.600000000000001
158.25,12,52.356802097226016,10.85985336140026,78.495695727556793,5.7914535595144851,1.460617153233287,19.531273828625974,3.3479249239892468,18.373034807080248,124.17758342603925,99.822416573960922,349.11062399310765,1559.8893760068922,1559.8893760068922,2470.1422555021263,845.85774449787095,845.85774449787095,16.600000000000001
158.5,12,52.320128423466677,10.87320223443321,78.390886292011189,5.777792078451327,1.4514666680074659,19.577410595641339,3.3498802379821635,18.452564127906545,123.80225510746574,100.19774489253443,346.08041000944934,1562.9195899905505,1562.9195899905505,2466.9955758503461,849.00442414965073,849.00442414965073,16.600000000000001
158.75,12,52.283510096151019,10.886531734519812,78.286088400170343,5.7641843821738981,1.4423843103450384,19.623389476810257,3.3518138062756733,18.532139624224836,123.42727815065723,100.57272184934294,343.07022935556796,1565.9297706444318,1565.9297706444318,2463.8510812070799,852.14891879291633,852.14891879291633,16.600000000000001
159,12,52.246947033176724,10.899842356954222,78.181302563986875,5.7506305670971019,1.4333698815274205,19.669210161244553,3.3537260416111043,18.61176078453299,123.05265916280715,100.94734083719302,340.08004055023679,1568.9199594497632,1568.9199594497632,2460.708793613057,855.29120638693951,855.29120638693951,16.600000000000001
159.25,12,52.210439153223049,10.913134596047046,78.076529289181863,5.7371307245715553,1.4244231762026045,19.714872349955769,3.3556173530042384,18.691427107084007,122.67840469595137,101.3215953040488,337.1098007588908,1571.890199241109,1571.890199241109,2457.5687346141153,858.43126538588126,858.43126538588126,16.600000000000001
159.5,12,52.173986375749223,10.926408945007145,77.971769075283433,5.7236849408965451,1.4155439825645268,19.760375755782579,3.35748814567236,18.771138099800588,122.3045212468905,101.69547875310967,334.15946581776825,1574.8405341822317,1574.8405341822317,2454.4309252677003,861.56907473229603,861.56907473229603,16.600000000000001
159.75,12,52.137588620992105,10.939665895846003,77.867022415668089,5.7102932973438243,1.4067320825117744,19.805720103306314,3.3593388209850823,18.850893280184948,121.93101525713961,102.06898474286056,331.22899025641669,1577.7710097435834,1577.7710097435834,2451.295386149046,864.70461385095041,864.70461385095041,16.600000000000001
160,12,52.101245809963707,10.952905939284088,77.762289797602918,5.6969558701821734,1.3979872518050087,19.850905128765039,3.3611697764173214,18.930692175227588,121.55789311288554,102.44210688711462,328.31832732013231,1580.6816726798675,1580.6816726798675,2448.1621373573644,867.83786264263199,867.83786264263199,16.600000000000001
160.25,12,52.064957864448239,10.966129564667947,77.657571702290255,5.6836727307059531,1.3893092602160291,19.895930579961856,3.3629814055150189,19.010534321310924,121.18516114496215,102.81483885503802,325.42742899180979,1583.5725710081899,1583.5725710081899,2445.0311985220355,870.9688014779606,870.9688014779606,16.600000000000001
160.5,12,52.02872470699814,10.979337259908629,77.552868604917279,5.6704439452715594,1.3806978716598008,19.940796216161889,3.3647740978864795,19.09041926410303,120.81282562885609,103.18717437114408,322.55624601255931,1586.4437539874405,1586.4437539874405,2441.9025888087772,874.09741119121941,874.09741119121941,16.600000000000001
160.75,12,51.99254626093304,10.992529511353251,77.44818097469188,5.6572695753091242,1.3721528443811173,19.985501808023482,3.3665482391120469,19.170346558482382,120.44089278463629,103.55910721536388,319.70472790637626,1589.2952720936237,1589.2952720936237,2438.7763269259008,877.22367307409581,877.22367307409581,16.600000000000001
161,12,51.956422450336063,11.005706803715102,77.343509274891062,5.6441496773558884,1.3636739310939017,20.030047137499061,3.3683042107246099,19.25031576843551,120.06936877695892,103.93063122304125,316.87282300133523,1592.1271769986645,1592.1271769986645,2435.6524311305025,880.34756886949378,880.34756886949378,16.600000000000001
161.25,12,51.920353200050577,11.018869619994808,77.238853962907626,5.6310843030862623,1.3552608791279708,20.074431997740401,3.3700423901788503,19.330326466958926,119.69825971506606,104.30174028493411,314.06047845135055,1594.9395215486493,1594.9395215486493,2432.5309192346608,883.46908076533578,883.46908076533578,16.600000000000001
161.5,12,51.884338435676881,11.032018441401684,77.134215490297109,5.6180734993419374,1.3469134305758139,20.118656193003709,3.3717631508202857,19.41037823596119,119.32757165278886,104.67242834721129,311.26764025795052,1597.7323597420493,1597.7323597420493,2429.4118086116296,886.58819138836668,886.58819138836668,16.600000000000001
161.75,12,51.848378083568882,11.045153747273082,77.02959430282489,5.6051173081613532,1.3386313224415469,20.162719538555155,3.3734668618517083,19.490470666165393,118.95731058855398,105.04268941144619,308.49425329223379,1600.5057467077661,1600.5057467077661,2426.2951162020599,889.70488379793642,889.70488379793642,16.600000000000001
162,12,51.812472070832293,11.058276014948536,76.924990840508556,5.5922157667936387,1.3304142868315023,20.206621860594051,3.3751538882470062,19.570603357025281,118.58748246535505,105.41251753464512,305.74026132002433,1603.2597386799755,1603.2597386799755,2423.1808585205663,892.81914147943019,892.81914147943019,16.600000000000001
162.25,12,51.776620325319257,11.071385719748227,76.820405537672386,5.5793689077485107,1.3222620510497667,20.25036299613425,3.3768245907853016,19.650775916609827,118.21809317082089,105.78190682917928,303.00560701976218,1605.9943929802378,1605.9943929802378,2420.0690516615055,895.93094833849045,895.93094833849045,16.600000000000001
162.5,12,51.740822775624878,11.084483334897262,76.715838822995892,5.5665767588275532,1.3141743377434876,20.29394279290684,3.3784793260220556,19.730987961504209,117.84914853724069,106.15085146275948,300.29023200421022,1608.7097679957897,1608.7097679957897,2416.95971130517,899.04028869482602,899.04028869482602,16.600000000000001
162.75,12,51.705079351083704,11.097569331444477,76.611291119562225,5.5538393431536317,1.3061508650533928,20.337361109264815,3.3801184462534377,19.811239116712528,117.48065434158886,106.5193456584113,297.5940768425645,1611.4059231574354,1611.4059231574354,2413.8528527240151,902.14714727598107,902.14714727598107,16.600000000000001
163,12,51.669389981765981,11.11064417819251,76.506762844907868,5.5411566792042137,1.2981913467541923,20.38061781408312,3.3817422994933271,19.891529015557317,117.11261630556449,106.88738369443568,294.91708108179256,1614.0829189182073,1614.0829189182073,2410.7484907888006,905.25150921119541,905.25150921119541,16.600000000000001
163.25,12,51.633754598473715,11.123708341629811,76.402254411072875,5.5285287808453401,1.2902954923934009,20.423712786657756,3.3833512294521517,19.971857299578527,116.74504009563658,107.25495990436357,292.25918326785165,1616.7408167321482,1616.7408167321482,2407.6466399747142,908.35336002528152,908.35336002528152,16.600000000000001
163.5,12,51.598173132735781,11.136762285879067,76.297766224657721,5.515955657366713,1.2824630074208954,20.466645916597567,3.3849455755403723,20.052223618416772,116.37793132311486,107.62206867688531,289.62032096652166,1619.3796790334779,1619.3796790334779,2404.5473143679646,911.4526856320316,911.4526856320316,16.600000000000001
163.75,12,51.56264551680421,11.14980647262696,76.193298686871813,5.5034373135167485,1.2746935933277157,20.509417103724385,3.3865256728413189,20.132627629718051,116.01129554419892,107.98870445580125,287.00043078448186,1621.999569215518,1621.999569215518,2401.4505276716513,914.54947232834468,914.54947232834468,16.600000000000001
164,12,51.527171683650572,11.162841361053307,76.088852193581175,5.4909737495381803,1.2669869477845057,20.552026257973452,3.388091852081891,20.213068999040836,115.64513826003022,108.35486173996995,284.39944839030017,1624.6005516096996,1624.6005516096996,2398.3562932115346,917.64370678846137,917.64370678846137,16.600000000000001
164.25,12,51.491751566961291,11.175867407778021,75.984427135363291,5.4785649612048024,1.2593427647698905,20.594473299286019,3.3896444396299454,20.293547399746085,115.27946491677052,108.72053508322965,281.81730853499653,1627.1826914650032,1627.1826914650032,2395.2646239423043,920.7353760576915,920.7353760576915,16.600000000000001
164.5,12,51.456385101133215,11.188885066803829,75.880023897559752,5.466210939858632,1.2517607347003519,20.636758157503994,3.3911837574837693,20.374062512893545,114.91428090567784,109.08571909432233,279.25394507257357,1629.7460549274263,1629.7460549274263,2392.1755324536184,923.82446754637772,923.82446754637772,16.600000000000001
164.75,12,51.421072221269192,11.201894789460997,75.775642860328986,5.4539116724476786,1.2442405445582994,20.678880772263856,3.3927101232633956,20.454614027137829,114.54959156318814,109.45040843681203,276.70929098039784,1632.290709019602,1632.290709019602,2389.0890309761076,926.9109690238887,926.9109690238887,16.600000000000001
165,12,51.385812863173591,11.214897024346465,75.671284398699925,5.4416671415610658,1.2367818780267334,20.720841092892158,3.3942238501969304,20.535201638623217,114.18540217099996,109.81459782900021,274.18327838013704,1634.8167216198624,1634.8167216198624,2386.0051313875515,929.99486861244441,929.99486861244441,16.600000000000001
165.25,12,51.35060696334785,11.227892217264372,75.566948882625866,5.4294773254644904,1.2293844156227003,20.762639078300602,3.3957252471081554,20.615825050878222,113.82171795616445,110.17828204383572,271.6758385585934,1637.3241614414064,1637.3241614414064,2382.9238452190357,933.07615478096034,933.07615478096034,16.600000000000001
165.5,12,51.315454458985478,11.240880811194486,75.462636677037096,5.4173421981474075,1.222047834800075,20.804274696872568,3.3972146184291305,20.696483974713765,113.45854409118881,110.54145590881134,269.1869019859505,1639.8130980140493,1639.8130980140493,2379.8451836603904,936.15481633960599,936.15481633960599,16.600000000000001
165.75,12,51.280355287967467,11.25386324623555,75.358348141895306,5.4052617293591618,1.2147718100804983,20.84574792635734,3.3986922641902937,20.777178128117441,113.0958856941365,110.90411430586367,266.71639833638528,1642.2836016636143,1642.2836016636143,2376.7691575663048,939.23084243369146,939.23084243369146,16.600000000000001
166,12,51.245309388857493,11.266839959558121,75.254083632247784,5.3932358846489077,1.2075560131740177,20.887058753761476,3.4001584800190541,20.857907236148797,112.73374782873471,111.26625217126545,264.26425650780499,1644.7357434921946,1644.7357434921946,2373.6957774622051,942.30422253779091,942.30422253779091,16.600000000000001
166.25,12,51.210316700897046,11.279811385359482,75.149843498281669,5.3812646254061365,1.2004001130976787,20.928207175239674,3.4016135571401636,20.938671030834715,112.37213550448729,111.62786449551288,261.83040464140089,1647.1695953585988,1647.1695953585988,2370.6250535500872,945.37494644990909,945.37494644990909,16.600000000000001
166.5,12,51.175377164000537,11.292777954818327,75.045628085378596,5.3693479089020855,1.193303776294498,20.969193195984555,3.4030577823746282,21.019469251065672,112.01105367679135,111.98894632320882,259.41477014121233,1649.5852298587874,1649.5852298587874,2367.556995714308,948.44300428568795,948.44300428568795,16.600000000000001
166.75,12,51.140490718750527,11.30574009604384,74.94143773416998,5.3574856883332096,1.1862666667587014,21.010016830113734,3.4044914381289626,21.100301642495463,111.65050724705604,112.34949275294413,257.01727969416345,1651.9827203058364,1651.9827203058364,2364.4916135273374,951.50838647265846,951.50838647265846,16.600000000000001
167,12,51.105657306392416,11.318698234047964,74.837272780590723,5.3456779128605456,1.1792884461357669,21.05067810056331,3.4059148024181973,21.181167957431491,111.29050106283417,112.70949893716599,254.63785928807687,1654.3621407119228,1654.3621407119228,2361.428916255471,954.57108374452514,954.57108374452514,16.600000000000001
167.25,12,51.070876868829544,11.331652790703385,74.733133555934387,5.333924527652945,1.1723687738381208,21.091177038976017,3.4073281488661653,21.262067954732409,110.93103991795232,113.06896008204785,252.27643423090069,1656.7235657690992,1656.7235657690992,2358.3689128644933,957.63108713550287,957.63108713550287,16.600000000000001
167.5,12,51.036149348618025,11.344604184705439,74.629020386907968,5.3222254739302723,1.1655073071565885,21.131513685589688,3.4087317467104952,21.343001399705027,110.57212855264609,113.42787144735408,249.93292916956958,1659.0670708304303,1659.0670708304303,2355.3116120252962,960.68838797470016,960.68838797470016,16.600000000000001
167.75,12,51.001474688961643,11.357552831536619,74.524933595686903,5.310580689006863,1.1587037013690333,21.171688089125844,3.410125860810282,21.423968064001109,110.21377165370023,113.78622834629994,247.60726810861033,1661.3927318913895,1661.3927318913895,2352.2570221194464,963.74297788054969,963.74297788054969,16.600000000000001
168,12,50.966852833706639,11.370499143432818,74.420873499970213,5.298990106334962,1.1519576098475199,21.211700306678058,3.411510751655757,21.504967725513531,109.85597385459354,114.14402614540663,245.2993744286216,1663.7006255713784,1663.7006255713784,2349.2051512447551,966.79484875524099,966.79484875524099,16.600000000000001
168.25,12,50.932283727335779,11.383443529352897,74.31684041304176,5.2874536555404754,1.1452686841696371,21.251550403601218,3.4128866753935516,21.586000168253396,109.49873973566061,114.50126026433956,243.00917090551667,1665.9908290944832,1665.9908290944832,2346.1560072217253,969.84399277827038,969.84399277827038,16.600000000000001
168.5,12,50.897767314963666,11.396386394946527,74.212834643819818,5.2759712624747994,1.1386365742164879,21.29123845339852,3.4142538838253569,21.667065182265052,109.14207382423318,114.85792617576698,240.73657972776536,1668.2634202722345,1668.2634202722345,2343.1095975981498,972.89040240184602,972.89040240184602,16.600000000000001
168.75,12,50.863303542331522,11.4093281425251,74.108856496911542,5.2645428492602209,1.1320609282738765,21.330764537609287,3.4156126244198508,21.748162563525259,108.78598059479633,115.21401940520384,238.48152251424457,1670.5184774857553,1670.5184774857553,2340.0659296544345,975.93407034556151,975.93407034556151,16.600000000000001
169,12,50.828892355801614,11.422269171034847,74.004906272669785,5.2531683343326314,1.1255413931338827,21.370128745697031,3.416963140331144,21.82929211383556,108.4304644691528,115.56953553084738,236.24392033225325,1672.7560796677467,1672.7560796677467,2337.0250104092188,978.97498959077734,978.97498959077734,16.600000000000001
169.25,12,50.79453370235187,11.43520987603112,73.900984267248276,5.2418476324865315,1.1190776141931891,21.409331174937289,3.4183056704149428,21.910453640719822,108.07552981658863,115.92447018341154,234.0236937151158,1674.976306284884,1674.976306284884,2333.986846624719,982.0131533752774,982.0131533752774,16.600000000000001
169.5,12,50.760227529570635,11.448150649652803,73.797090772655238,5.230580654919331,1.1126692355493835,21.448371930307857,3.4196404492434924,21.99164695732475,107.72118095403526,116.27881904596489,231.82076267944629,1677.1792373205533,1677.1792373205533,2330.9514448119235,985.04855518807233,985.04855518807233,16.600000000000001
169.75,12,50.725973785650403,11.461091880599039,73.693226076815947,5.2193673092839274,1.1063159001046374,21.487251124361997,3.4209677071240101,22.072871882309538,107.36742214627309,116.63257785372708,229.63504674373587,1679.3649532562638,1679.3649532562638,2327.9188112362376,988.08118876375818,988.08118876375818,16.600000000000001
170,12,50.691772419383994,11.474033954096409,73.589390463614748,5.2082074997259111,1.1000172496559837,21.525968877137707,3.4222876700985458,22.154128239767157,107.01425760604846,116.98574239395171,227.46646494400676,1681.5335350559931,1681.5335350559931,2324.8889519218533,991.11104807814263,991.11104807814263,16.600000000000001
170.25,12,50.657623380157489,11.486977251897088,73.485584212960575,5.1971011269343839,1.0937729249806336,21.564525316030412,3.423600559993663,22.235415859100378,106.66169149430694,117.33830850569323,225.31493585122752,1683.6850641487722,1683.6850641487722,2321.8618726576392,994.1381273423566,994.1381273423566,16.600000000000001
170.5,12,50.623526617945302,11.499922152251806,73.381807600837917,5.186048088187289,1.0875825659300713,21.602920575685541,3.424906594427954,22.316734574931271,106.30972792035668,117.69027207964349,223.18037758798658,1685.8196224120131,1685.8196224120131,2318.8375790019336,997.1624209980622,997.1624209980622,16.600000000000001
170.75,12,50.589482083304631,11.512869029892427,73.278060899361492,5.1750482773982371,1.0814458115185659,21.641154797886145,3.4262059868337666,22.398084227001842,105.95837094205575,118.04162905794442,221.06270784505591,1687.9372921549439,1687.9372921549439,2315.8160762875714,1000.1839237124241,1000.1839237124241,16.600000000000001
171,12,50.55548972736991,11.52581825601585,73.174344376830703,5.1641015851635261,1.0753623000099459,21.679228131440777,3.4274989464797212,22.479464660075365,105.60762456600213,118.39237543399804,218.96184389775851,1690.0381561022414,1690.0381561022414,2312.7973696268523,1003.2026303731434,1003.2026303731434,16.600000000000001
171.25,12,50.521549501846941,11.538770198269312,73.070658297786593,5.1532078988075689,1.069331669005789,21.717140732070391,3.428785678497881,22.560875723831813,105.2574927477318,118.74250725226837,216.8777026225959,1692.122297377404,1692.122297377404,2309.7814639167741,1006.2185360832215,1006.2185360832215,16.600000000000001
171.5,12,50.487661359006978,11.55172522073706,72.967002923069614,5.1423671024276461,1.0633535555333919,21.754892762294936,3.4300663839135774,22.642317272760881,104.90797939192208,119.09202060807809,214.81020051389845,1694.1897994861013,1694.1897994861013,2306.7683638443664,1009.2316361556292,1009.2316361556292,16.600000000000001
171.75,12,50.453825251682019,11.564683683927733,72.863378509864319,5.1315790769475056,1.0574275961165025,21.792484391326251,3.4313412596569042,22.723789166088554,104.55908835257317,119.44091164742699,212.75925369803866,1696.2407463019611,1696.2407463019611,2303.758073890333,1012.2419261096626,1012.2419261096626,16.600000000000001
172,12,50.42004113325887,11.57764594476363,72.759785311756829,5.1208437001624274,1.0515534268599016,21.829915794955173,3.432610498594201,22.805291267671503,104.21082343321756,119.78917656678261,210.72477794970132,1698.2752220502985,1698.2752220502985,2300.7505983342685,1015.249401665727,1015.249401665727,16.600000000000001
172.25,12,50.386308957673513,11.590612356571132,72.656223578788499,5.110160846786802,1.045730683528058,21.867187155440501,3.4338742895551531,22.886823445901026,103.86318838712539,120.13681161287477,208.70668870735241,1700.2933112926473,1700.2933112926473,2297.7459412593744,1018.2540587406215,1018.2540587406215,16.600000000000001
172.5,12,50.352628679405449,11.6035832690724,72.552693557509158,5.0995303885020444,1.0399590016217788,21.904298661398332,3.4351328173603375,22.968385573608391,103.51618691751264,120.48381308248753,206.70490108847315,1702.2950989115268,1702.2950989115268,2294.7441065570811,1021.2558934429146,1021.2558934429146,16.600000000000001
172.75,12,50.319000253472105,11.616559028378385,72.449195491030096,5.0889521940046629,1.0342380164531439,21.941250507691702,3.436386262849576,23.049977527970871,103.16982267775199,120.83017732224818,204.71932990460036,1704.2806700953995,1704.2806700953995,2291.7450979316168,1024.2549020683789,1024.2549020683789,16.600000000000001
173,12,50.285423635423122,11.629539976981933,72.345729619078128,5.0784261290532173,1.0285673632216263,21.978042895320108,3.4376348029119712,23.131599190414981,102.82409927158781,121.17590072841234,202.74988967649702,1706.2501103235029,1706.2501103235029,2288.7489189047046,1027.2510810952913,1027.2510810952913,16.600000000000001
173.25,12,50.25189878133363,11.642526453742267,72.242296178060641,5.067952056504776,1.022946677112575,22.01467603130676,3.4388786105241613,23.213250446491134,102.47902025336316,121.52097974663701,200.79649465180637,1708.2035053481932,1708.2035053481932,2285.7555728218344,1030.2444271781617,1030.2444271781617,16.600000000000001
173.5,12,50.218425647799954,11.655518793895943,72.138895401102033,5.0575298363785768,1.0173755933329274,22.051150128592607,3.4401178547705831,23.294931185823316,102.13458912822674,121.86541087177343,198.8590588157243,1710.1409411842756,1710.1409411842756,2282.7650628543411,1033.2349371456548,1033.2349371456548,16.600000000000001
173.75,12,50.185004191933743,11.668517329052765,72.035527518098505,5.047159325902312,1.0118537471848235,22.087465405926363,3.4413527008767302,23.376641302011311,101.7908093523576,122.20919064764257,196.93749590588286,1712.062504094117,1712.062504094117,2279.7773920041041,1036.2226079958916,1036.2226079958916,16.600000000000001
174,12,50.151634371356067,11.681522387192828,71.932192755772519,5.0368403795583863,1.0063807741379249,22.1236220877548,3.4425833102433354,23.458380692533076,101.44768433319308,122.55231566680709,195.03171942708858,1713.9682805729112,1713.9682805729112,2276.7925631082153,1039.2074368917806,1039.2074368917806,16.600000000000001
174.25,12,50.118316144191745,11.694534292666935,71.828891337724897,5.0265728491325676,1.0009563098950043,22.15962040411376,3.4438098404798154,23.540149258654004,101.1052174296577,122.89478257034247,193.14164266530923,1715.8583573346907,1715.8583573346907,2273.8105788432454,1042.1894211567505,1042.1894211567505,16.600000000000001
174.5,12,50.085049469063605,11.70755336619828,71.725623484486576,5.0163565837627768,0.99557999045587253,22.195460590519474,3.4450324454385277,23.621946905336806,100.76341195239502,123.23658804760515,191.26717870147365,1717.7328212985262,1717.7328212985262,2270.8314417294582,1045.1685582705377,1045.1685582705377,16.600000000000001
174.75,12,50.051834305086821,11.720579924885303,71.622389413570318,5.0061914299879549,0.99025145217972754,22.231142887860209,3.4462512752497418,23.703773541152085,100.42227116400223,123.57772883599795,189.40824042508768,1719.591759574912,1719.591759574912,2267.8551541349666,1048.1448458650298,1048.1448458650298,16.600000000000001
175,12,50.018670611864813,11.733614282169235,71.519189339513687,4.9960772317747946,0.9849703318751547,22.266667542316014,3.4474664763219605,23.785629078198426,100.08179827917354,123.91820172082663,187.56474054893573,1721.435259451064,1721.435259451064,2264.8817182802209,1051.1182817197757,1051.1182817197757,16.600000000000001
175.25,12,49.985558349482773,11.746656747857452,71.416023473934359,4.9860138305778223,0.97973626684476589,22.302034805237195,3.4486781913959219,23.867513432009957,99.741996464986769,124.25800353501339,185.7365916216975,1723.2634083783023,1723.2634083783023,2261.9111362418626,1054.0888637581338,1054.0888637581338,16.600000000000001
175.5,12,49.952497478500547,11.759707628158795,71.312892025587601,4.9760010654061064,0.97454889491964392,22.337244933014922,3.4498865596097263,23.949426521462041,99.402868841220354,124.5971311587798,183.92370604000573,1725.0762939599938,1725.0762939599938,2258.9434099564046,1057.0565900435915,1057.0565900435915,16.600000000000001
175.75,12,49.919487959947865,11.772767225670282,71.20979520041206,4.9660387728597701,0.96940785453203948,22.372298186990047,3.4510917165165003,24.031368268689615,99.064418480545072,124.9355815194551,182.12599606205106,1726.8740039379486,1726.8740039379486,2255.9785412243873,1060.0214587756088,1060.0214587756088,16.600000000000001
176,12,49.886529755318705,11.785835839384887,71.106733201580184,4.9561267871786692,0.9643127847705979,22.407194833347145,3.4522937941219944,24.113338599001441,98.726648408769535,125.27335159123064,180.34337382031239,1728.6566261796872,1728.6566261796872,2253.0165317142678,1062.9834682857288,1062.9834682857288,16.600000000000001
176.25,12,49.853622826565555,11.79891376470046,71.003706229548044,4.9462649402911421,0.95926332543399295,22.441935143008862,3.4534929209229128,24.195337440795068,98.389561605088375,125.6104383949118,178.57575133410319,1730.4242486658964,1730.4242486658964,2250.0573829662521,1065.9426170337445,1065.9426170337445,16.600000000000001
176.5,12,49.820767136093721,11.812001293429857,70.900714482105187,4.9364530618628599,0.95425911708297295,22.476519391530605,3.45468922194596,24.277364725472438,98.053161002333141,125.94683899766703,176.82304052193319,1732.1769594780665,1732.1769594780665,2247.1010963960762,1068.8989036039204,1068.8989036039204,16.600000000000001
176.75,12,49.787962646757364,11.825098713785925,70.797758154413273,4.9266909793293125,0.94929980110614032,22.510947859021265,3.4558828187585968,24.359420387371458,97.717449487143966,126.28255051285619,175.08515321375137,1733.9148467862485,1733.9148467862485,2244.147673298567,1071.8523267014286,1071.8523267014286,16.600000000000001
177,12,49.75520932185696,11.838206310345502,70.694837439035311,4.9169785179145435,0.94438501979704603,22.545220830085949,3.4570738294560708,24.441504363711115,97.382429900074825,126.61757009992535,173.36200116305878,1735.6379988369411,1735.6379988369411,2241.1971148510238,1074.8028851489726,1074.8028851489726,16.600000000000001
177.25,12,49.722507125126896,11.851324364165427,70.591952526027043,4.9073155007441596,0.93951441634189614,22.579338593621621,3.4582623688154799,24.523616594449827,97.048105036171293,126.95189496382888,171.65349605846524,1737.3465039415346,1737.3465039415346,2238.2494221174338,1077.7505778825623,1077.7505778825623,16.600000000000001
177.5,12,49.689856020732563,11.864453152754647,70.489103602968072,4.8977017488678198,0.93468763489012674,22.613301442754846,3.4594485482905806,24.605757022228588,96.714477645099151,127.28552235490102,169.95954953541957,1739.0404504645803,1739.0404504645803,2235.3045960517798,1080.6954039482166,1080.6954039482166,16.600000000000001
177.75,12,49.657255973264995,11.877592950084329,70.386290855007971,4.8881370813047971,0.92990432060195993,22.647109674743923,3.4606324760479197,24.68792559229346,96.38155043139038,127.61844956860979,168.28007318766501,1740.7199268123347,1740.7199268123347,2232.3626375014983,1083.6373624984981,1083.6373624984981,16.600000000000001
178,12,49.624706947735369,11.890744026602343,70.283514464913623,4.8786213150916282,0.92516411969250811,22.680763590878154,3.4618142570072079,24.770122252416911,96.04932605470178,127.95067394529839,166.61497857850213,1742.3850214214976,1742.3850214214976,2229.4235472109108,1086.5764527890854,1086.5764527890854,16.600000000000001
178.25,12,49.59220890956945,11.903906649248785,70.1807746131161,4.869154265329751,0.92046667947437666,22.714263496377647,3.4629939928822613,24.852346952819907,95.717807130075826,128.28219286992433,164.96417725186819,1744.0358227481317,1744.0358227481317,2226.487325824593,1089.5126741754034,1089.5126741754034,16.600000000000001
178.5,12,49.55976182460244,11.917081081465424,70.078071477754776,4.859735745229087,0.91581164840334051,22.747609700299709,3.4641717822148657,24.934599646098263,95.386996228182497,128.61300377181766,163.32758074332142,1745.6724192566785,1745.6724192566785,2223.5539738906732,1092.4460261093227,1092.4460261093227,16.600000000000001
178.75,12,49.527365659078313,11.930267583133572,69.975405234694989,4.8503655661103009,0.91119867616920425,22.780802515508608,3.4653477203313421,25.016880287185593,95.056895875345333,128.94310412465484,161.70510059174924,1747.2948994082506,1747.2948994082506,2220.6234918639225,1095.3765081360737,1095.3765081360737,16.600000000000001
179,12,49.49502037963849,11.94346641068835,69.872776057608561,4.8410435375068399,0.90662741367239597,22.813842258493917,3.4665218994877307,25.099188833230581,94.727508554096119,129.27249144590405,160.09664834869989,1748.9033516512998,1748.9033516512998,2217.6958801091569,1098.3041198908395,1098.3041198908395,16.600000000000001
179.25,12,49.46272595331704,11.956677817127153,69.770184118015578,4.8317694672061711,0.90209751306776143,22.846729249281875,3.46769440890096,25.181525243527688,94.398836703411192,129.60116329658899,158.50213558886546,1750.4978644111343,1750.4978644111343,2214.7711389043616,1101.2288610956348,1101.2288610956348,16.600000000000001
179.5,12,49.430482347536262,11.969902052011111,69.667629585322871,4.8225431612864327,0.89760862781202355,22.879463811354167,3.468865334771952,25.263889479452587,94.070882718925731,129.92911728107444,156.92147392048241,1752.0785260795174,1752.0785260795174,2211.8492684437365,1104.1507315562592,1104.1507315562592,16.600000000000001
179.75,12,49.398289530101422,11.983139361483937,69.565112626868242,4.8133644241623861,0.89316041269922564,22.912046271553027,3.470034760326826,25.34628150439033,93.743648953199539,130.25635104680063,155.35457499534323,1753.6454250046565,1753.6454250046565,2208.9302688407238,1107.0697311592721,1107.0697311592721,16.600000000000001
180,12,49.366147469195383,11.996389988291639,69.462633407964262,4.8042330586312652,0.88875252389477755,22.944476959986932,3.4712027658584867,25.428701283664317,93.417137715984424,130.58286228401576,153.80135051862621,1755.1986494813736,1755.1986494813736,2206.0141401309734,1109.9858598690225,1109.9858598690225,16.600000000000001
180.25,12,49.334056133373316,12.009654171803071,69.360192091941684,4.7951488659185033,0.88438461896813481,22.976756209936966,3.4723694287685505,25.511148784466197,93.091351274493363,130.90864872550679,152.26171225854466,1756.7382877414552,1756.7382877414552,2203.1008822752569,1112.8991177247397,1112.8991177247397,16.600000000000001
180.5,12,49.302015491560446,12.022932147973542,69.257788840176474,4.7861116456927482,0.88005635696683693,23.008884357806416,3.4735348235510926,25.593623975806491,92.766291853505578,131.23370814649459,150.7355720574356,1758.2644279425642,1758.2644279425642,2200.1904951626038,1115.8095048373925,1115.8095048373925,16.600000000000001
180.75,12,49.270025513045667,12.036224149387671,69.155423812138125,4.7771211961222777,0.87576739843117879,23.040861743013199,3.4746990218561846,25.676126828439074,92.441961635698235,131.55803836430192,149.22284184046831,1759.7771581595316,1759.7771581595316,2197.2829786130019,1118.7170213869947,1118.7170213869947,16.600000000000001
181,12,49.238086167473405,12.049530405338192,69.053097165447852,4.7681773139498915,0.87151740538154088,23.072688707856965,3.4758620925893466,25.75865731477446,92.118362762080054,131.88163723792007,147.72343362318651,1761.2765663768132,1761.2765663768132,2194.3783323798625,1121.6216676201336,1121.6216676201336,16.600000000000001
181.25,12,49.20619742484039,12.062851141812057,68.950809055909787,4.7592797945181413,0.86730604137353418,23.104365597455875,3.4770241019165873,25.84121540882613,91.795497332158945,132.20450266784121,146.23725952149385,1762.762740478506,1762.762740478506,2191.4765561528948,1124.5234438471018,1124.5234438471018,16.600000000000001
181.5,12,49.174359255490501,12.076186581512678,68.848559637552071,4.75042843181315,0.86313297152565516,23.13589275965801,3.4781851133055599,25.923801086145598,91.473367404212027,132.52663259578813,144.76423176046814,1764.2357682395316,1764.2357682395316,2188.5776495607406,1127.4223504392558,1127.4223504392558,16.600000000000001
181.75,12,49.142571630109771,12.089536943882889,68.746349062667392,4.7416230185082426,0.85899786254566246,23.167270544953432,3.4793451875669477,26.006414323758367,91.151974995557339,132.84802500444283,143.30426268299772,1765.6957373170021,1765.6957373170021,2185.6816121735646,1130.3183878264322,1130.3183878264322,16.600000000000001
182,12,49.110834519721294,12.102902445128613,68.644177481853106,4.7328633460073917,0.85490038275567026,23.198499306387024,3.4805043828960716,26.089055100100783,90.831322082826631,133.16867791717351,141.85726475824055,1767.1427352417593,1767.1427352417593,2182.7884435055762,1133.2115564944202,1133.2115564944202,16.600000000000001
182.25,12,49.079147895681132,12.116283298222902,68.542045044046858,4.7241492044786204,0.85084020213289657,23.229579399484447,3.4816627548955981,26.171723394961621,90.511410602183858,133.48858939781624,140.42315059078709,1768.5768494092126,1768.5768494092126,2179.8981430177532,1136.1018569822434,1136.1018569822434,16.600000000000001
182.5,12,49.047511729676039,12.12967971286924,68.439951896553481,4.7154803828671534,0.84681699238357988,23.260511182203988,3.4828203565595603,26.254419189432291,90.192242449431561,133.80775755056857,139.00183293143803,1769.9981670685618,1769.9981670685618,2177.0107101209983,1138.9892898789983,1138.9892898789983,16.600000000000001
182.75,12,49.015925993713239,12.143091895646283,68.337898185107989,4.7068566689959095,0.84283042686532461,23.291295014779244,3.4839772384273471,26.337142465824233,89.873819480613008,134.12618051938711,137.59322467998425,1771.4067753200156,1771.4067753200156,2174.1261441770657,1141.8738558229309,1141.8738558229309,16.600000000000001
183,12,48.984390660117953,12.156520049978417,68.235884053902936,4.698277849581098,0.83888018065362346,23.321931259668908,3.4851334485736305,26.419893207619857,89.55614351213714,134.443856487863,136.19723889537815,1772.8027611046216,1772.8027611046216,2171.2444445015403,1144.7555554984563,1144.7555554984563,16.600000000000001
183.25,12,48.952905701528515,12.169964376162365,68.133909645626346,4.6897437102744437,0.83496593056106616,23.352420281473616,3.4862890326505132,26.502671399414062,89.239216321056176,134.76078367894397,134.81378880333233,1774.1862111966675,1774.1862111966675,2168.3656103660919,1147.6343896339044,1147.6343896339044,16.600000000000001
183.5,12,48.921471090891551,12.18342507139236,68.031975101499029,4.6812540357041668,0.83108735515707588,23.382762446854851,3.4874440339278512,26.58547702685707,88.923039645338719,135.07696035466142,133.44278780383459,1775.557212196165,1775.557212196165,2165.4896410007,1150.5103589992966,1150.5103589992966,16.600000000000001
183.75,12,48.890086801457279,12.196902329785916,67.930080561311328,4.6728086095157497,0.82724413478642644,23.412958124454633,3.4885984933337366,26.668310076598168,88.607615184143796,135.39238481585636,132.08414947848905,1776.9158505215107,1776.9158505215107,2162.6165355958242,1153.3834644041729,1153.3834644041729,16.600000000000001
184,12,48.858752806774923,12.210396342405584,67.828226163458936,4.6644072144104234,0.82343595159088512,23.443007684818177,3.4897524494910832,26.751170536230539,88.292944598083508,135.70705540191662,130.73778759796059,1778.2622124020393,1778.2622124020393,2159.7462933046077,1156.2537066953887,1156.2537066953887,16.600000000000001
184.25,12,48.827469080690406,12.223907297222015,67.726412044970701,4.6560496321574973,0.81966248958446009,23.472911500345628,3.4909059387032877,26.834058394238465,87.979029509328726,136.02097049067143,129.40361613275596,1779.596383867244,1779.596383867244,2156.8789132461875,1159.1210867538091,1159.1210867538091,16.600000000000001
184.5,12,48.796235597338928,12.237435379214338,67.624638341553478,4.6477356436662367,0.81592343460105199,23.502669945179445,3.4920589950577621,26.916973639942057,87.665871502080165,136.33412849791998,128.08154925573641,1780.9184507442637,1780.9184507442637,2154.0143945062769,1161.9856054937197,1161.9856054937197,16.600000000000001
184.75,12,48.76505233114063,12.250980770392715,67.522905187626563,4.6394650290231976,0.81221847431345406,23.532283395129994,3.4932116504620105,26.999916263444817,87.35347212283159,136.64652787716852,126.77150134910266,1782.2284986508973,1782.2284986508973,2151.1527361392277,1164.8472638607684,1164.8472638607684,16.600000000000001
185,12,48.73391925679659,12.264543649809458,67.421212716354091,4.631237567524054,0.80854729826226801,23.561752227607627,3.4943639346694666,27.082886255582537,87.041832880601618,136.95816711939852,125.47338701191798,1783.5266129880818,1783.5266129880818,2148.2939371702714,1167.7060628297252,1167.7060628297252,16.600000000000001
185.25,12,48.702836349284361,12.278124193585109,67.319561059678946,4.6230530377114771,0.80490959787033611,23.591076821548718,3.495515875317825,27.165883607872743,86.730955247204946,137.26904475279517,124.18712106660576,1784.8128789333941,1784.8128789333941,2145.437996597419,1170.5620034025774,1170.5620034025774,16.600000000000001
185.5,12,48.67180358385356,12.291722574934759,67.217950348356155,4.6149112174125886,0.80130506645634114,23.620257557342757,3.4966674979671488,27.248908312465055,86.420840657523641,137.57915934247652,122.9126185652966,1786.0873814347035,1786.0873814347035,2142.5849133933211,1173.4150866066755,1173.4150866066755,16.600000000000001
185.75,12,48.640820936021505,12.30533896419451,67.116380711985755,4.606811883775995,0.79773339924760167,23.649294816760392,3.4978188261377094,27.331960362092584,86.111490509778037,137.88850949022208,121.64979479602599,1787.3502052039739,1787.3502052039739,2139.7346865070745,1176.2653134929221,1176.2653134929221,16.600000000000001
186,12,48.609888381568894,12.318973528847856,67.014852279045272,4.5987548133083092,0.79419429339239267,23.678188982882553,3.4989698813473744,27.415039750024128,85.802906165797069,138.19709383420309,120.3985652888113,1788.6014347111886,1788.6014347111886,2136.8873148659936,1179.112685134003,1179.112685134003,16.600000000000001
186.25,12,48.579005896535818,12.332626433531082,66.913365176923691,4.5907397819055324,0.79068744799671209,23.706940440030852,3.5001206831342517,27.498146470008983,85.495088951237733,138.50491104876238,119.15884582386164,1789.8411541761382,1789.8411541761382,2134.0427973781484,1181.9572026218484,1181.9572026218484,16.600000000000001
186.5,12,48.548173457217352,12.346297840074921,66.811919531951446,4.5827665648919957,0.78721256411708984,23.735549573698645,3.5012712491037403,27.581280516237122,85.188040155890675,138.81195984410942,117.93055243573228,1791.0694475642676,1791.0694475642676,2131.2011329334605,1184.7988670665366,1184.7988670665366,16.600000000000001
186.75,12,48.51739104015919,12.359987907541461,66.710515469430348,4.5748349370577506,0.78376934475839066,23.764016770483213,3.5024215949719526,27.664441883298384,84.881761033973675,139.11823896602644,116.71360141785092,1792.2863985821489,1792.2863985821489,2128.3623204049395,1187.6376795950571,1187.6376795950571,16.600000000000001
187,12,48.486658622153691,12.373696792240748,66.60915311366503,4.5669446726909353,0.78035749489529727,23.792342418019327,3.503571734594793,27.747630566134632,84.576252804376182,139.42374719562395,115.50790932910398,1793.4920906708958,1793.4920906708958,2125.5263586506589,1190.4736413493374,1190.4736413493374,16.600000000000001
187.25,12,48.455976180235837,12.387424647756477,66.507832587993008,4.5590955456116387,0.77697672148224606,23.820526904913802,3.5047216800028473,27.830846559996488,84.271516650924781,139.72848334907533,114.31339299929648,1794.6866070007034,1794.6866070007034,2122.6932465153345,1193.3067534846621,1193.3067534846621,16.600000000000001
187.5,12,48.425343691679196,12.401171624971523,66.40655401481402,4.5512873292052092,0.77362673346288569,23.848570620681187,3.5058714414357386,27.914089860400992,83.967553722647793,140.03244627735234,113.12996953448565,1795.8700304655142,1795.8700304655142,2119.8629828318617,1196.1370171681351,1196.1370171681351,16.600000000000001
187.75,12,48.394761133991992,12.414937872093274,66.305317515619137,4.5435197964549827,0.77030724177909238,23.876473955680655,3.5070210273759042,27.997360463090249,83.664365134038562,140.33563486596159,111.95755632219024,1797.0424436778096,1797.0424436778096,2117.0355664228168,1198.9644335771795,1198.9644335771795,16.600000000000001
188,12,48.364228484913255,12.428723534678729,66.204123211019251,4.535792719974423,0.76701795937957484,23.904237301054021,3.5081704445817765,28.080658363990988,83.361951965317672,140.63804803468244,110.79607103647787,1798.203928963522,1798.203928963522,2114.21099610192,1201.7890038980763,1201.7890038980763,16.600000000000001
188.25,12,48.333745722406753,12.442528755701874,66.102971220784269,4.5281058720599079,0.76375860119642636,23.931861048635039,3.5093196981645942,28.163983559159767,83.060315262805659,140.93968473719445,109.64543164177827,1799.3545683582215,1799.3545683582215,2111.3892706752995,1204.6107293246969,1204.6107293246969,16.600000000000001
188.5,12,48.303312824656935,12.456353675586074,66.001861663872972,4.5204590247255778,0.76052888414714348,23.959345590884276,3.5104687916284738,28.247336044741569,82.759456039203158,141.24054396079694,108.5055563975192,1800.4944436024807,1800.4944436024807,2108.5703889428528,1207.429611057144,1207.429611057144,16.600000000000001
188.75,12,48.272929770068828,12.470198432155428,65.900794658439935,4.5128519496971862,0.75732852719642274,23.986691320882141,3.5116177268258033,28.330715816958527,82.459375273657258,141.54062472634286,107.3763638648347,1801.623636135165,1801.623636135165,2105.7543496998596,1210.2456503001367,1210.2456503001367,16.600000000000001
189,12,48.24259653726233,12.484063160700407,65.799770321873311,4.5052844184626357,0.75415725133229405,24.013898632242334,3.5127665040312315,28.414122872058208,82.160073912127928,141.83992608787216,106.25777291004978,1802.7422270899499,1802.7422270899499,2102.9411517381473,1213.0588482618493,1213.0588482618493,16.600000000000001
189.25,12,48.212313105068461,12.497947994004804,65.698788770821537,4.4977562023026882,0.7510147795705161,24.040967919053536,3.5139151219750668,28.497557206276667,81.861552867651994,142.13844713234812,105.14970270909154,1803.8502972909082,1803.8502972909082,2100.1307938473528,1215.869206152644,1215.869206152644,16.600000000000001
189.5,12,48.18207945252562,12.5118530623723,65.597850121219537,4.4902670723210267,0.7479008369587119,24.067899575822342,3.5150635778759343,28.581018815802462,81.563813020605409,142.43618697939471,104.05207275178893,1804.9479272482108,1804.9479272482108,2097.3232748161549,1218.6767251838417,1218.6767251838417,16.600000000000001
189.75,12,48.151895558876014,12.525778493652844,65.496954488314458,4.4828167994737784,0.74481515058008341,24.094693997417284,3.5162118674729559,28.664507696741456,81.266855218964622,142.73314478103549,102.96480284605609,1806.035197153944,1806.035197153944,2094.5185934334722,1221.4814065665246,1221.4814065665246,16.600000000000001
190,12,48.121761403562019,12.539724413268873,65.396101986690951,4.4754051545984828,0.74175744955672351,24.121351579013904,3.51735998505742,28.748023845082528,80.970680278566746,143.02931972143335,101.88781312196085,1807.112186878039,1807.112186878039,2091.7167484896204,1224.2832515103764,1224.2832515103764,16.600000000000001
190.25,12,48.09167696622189,12.553690944256489,65.295292730300091,4.4680319084525113,0.73872746504110476,24.147872716028004,3.5185079235181123,28.83156725666019,80.67528898341412,143.32471101658598,100.82102403528265,1808.178975964717,1808.178975964717,2088.9177387772907,1227.0822612227062,1227.0822612227062,16.600000000000001
190.5,12,48.061642226684825,12.567678207319942,65.194526832491505,4.4606968317598472,0.73572493019698781,24.174257804038394,3.5196556743987601,28.915137927114522,80.380682086018453,143.61931791398166,99.764356370603863,1809.2356436293958,1809.2356436293958,2086.1215630923512,1229.8784369076459,1229.8784369076459,16.600000000000001
190.75,12,48.031657164970575,12.581686320797457,65.093804406021022,4.4533996951989874,0.73274958024673864,24.200507238786237,3.5208032278722947,28.998735851874745,80.086860307477906,143.91313969252221,98.717731246609574,1810.2822687533901,1810.2822687533901,2083.3282202355126,1232.6717797644844,1232.6717797644844,16.600000000000001
191,12,48.001721761284763,12.595715400712043,64.993125563080923,4.4461402694464907,0.72980115245397537,24.226621416102727,3.52195057279422,29.082361026121671,79.793824337809184,144.2061756621909,97.681070119044023,1811.3189298809557,1811.3189298809557,2080.537709013101,1235.4622909868958,1235.4622909868958,16.600000000000001
191.25,12,47.971835996015379,12.609765560800486,64.892490415324133,4.4389183252057416,0.72687938612216996,24.252600731856223,3.5230976967352921,29.166013444756466,79.501574836213422,144.49842516378669,96.654294784124758,1812.3457052158749,1812.3457052158749,2077.7500282380138,1238.2499717619833,1238.2499717619833,16.600000000000001
191.5,12,47.941999849729385,12.623836912540208,64.791899073886981,4.4317336332338932,0.72398402259438166,24.278445581902126,3.5242445860118479,29.249693102370795,79.210112431335091,144.78988756866499,95.63732738190086,1813.3626726180989,1813.3626726180989,2074.9651767306641,1241.0348232693327,1241.0348232693327,16.600000000000001
191.75,12,47.912213303169437,12.637929565175931,64.691351649412027,4.4245859643683332,0.72111480525260108,24.304156362033702,3.5253912257157092,29.333399993217643,78.919437721520069,145.08056227848002,94.630090399502961,1814.3699096004968,1814.3699096004968,2072.1831533198952,1243.8168466801019,1243.8168466801019,16.600000000000001
192,12,47.882476337250523,12.652043625746236,64.59084825207016,4.4174750895526707,0.71827147951671899,24.329733467933853,3.5265375997436204,29.417134111182996,78.629551275072615,145.37044872492746,93.632506674286816,1815.367493325713,1815.367493325713,2069.4039568438598,1246.5960431561368,1246.5960431561368,16.600000000000001
192.25,12,47.852788933056608,12.666179199113605,64.490388991583444,4.4104007798644282,0.71545379284056732,24.355177295124779,3.5276836908300457,29.500895449756765,78.340453630520372,145.6595463694797,92.644499396822752,1816.355500603177,1816.355500603177,2066.6275861508675,1249.3724138491298,1249.3724138491298,16.600000000000001
192.5,12,47.82315107183635,12.680336388011401,64.389973977252765,4.4033628065524733,0.71266149469569062,24.380488238904078,3.5288294805971661,29.58468400199785,78.052145296919875,145.94785470308022,91.665992113554694,1817.3340078864451,1817.3340078864451,2063.8540401001724,1252.1459598998244,1252.1459598998244,16.600000000000001
192.75,12,47.79356273500148,12.694515293039808,64.289603317969693,4.3963609410435929,0.70989433659023715,24.405666694324875,3.5299749495518786,29.668499760519737,77.764626754037479,146.23537324596259,90.696908730031481,1818.3030912699683,1818.3030912699683,2061.0833175628059,1254.916682437191,1254.916682437191,16.600000000000001
193,12,47.764023904123356,12.708716012699934,64.189277122239474,4.3893949549715012,0.70715207206078756,24.43071305614442,3.5311200771219533,29.752342717461882,77.477898452622611,146.52210154737747,89.737173513528504,1819.2628264864711,1819.2628264864711,2058.3154174223223,1257.6845825776745,1257.6845825776745,16.600000000000001
193.25,12,47.734534560929653,12.722938643423296,64.088995498202266,4.3824646202027049,0.70443445666695248,24.455627718777389,3.5322648416871512,29.836212864463555,77.191960814668931,146.80803918533115,88.786711095628533,1820.2132889043712,1820.2132889043712,2055.5503385755237,1260.4496614244731,1260.4496614244731,16.600000000000001
193.5,12,47.705094687301361,12.737183279598195,63.988758553653156,4.3755697088601746,0.70174124798769211,24.480411076252572,3.5334092206068748,29.920110192639545,76.906814233667518,147.09318576633257,87.845446474742801,1821.1545535252569,1821.1545535252569,2052.7880799331606,1263.2119200668362,1263.2119200668362,16.600000000000001
193.75,12,47.675704265269744,12.751450013595941,63.88856639606179,4.3687099933465641,0.69907220561731076,24.505063522170431,3.5345531902473994,30.004034692556523,76.622459074858966,147.37754092514112,86.913305018534871,1822.0866949814649,1822.0866949814649,2050.028640420604,1265.9713595793928,1265.9713595793928,16.600000000000001
194,12,47.6463632770134,12.765738935796913,63.788419132591521,4.3618852463669731,0.69642709116113788,24.529585449661568,3.5356967260086827,30.087986354210134,76.33889567548465,147.66110432451543,85.990212466248266,1823.0097875337515,1823.0097875337515,2047.2720189784889,1268.7279810215082,1268.7279810215082,16.600000000000001
194.25,12,47.617071704855263,12.780050134617278,63.688316870118577,4.3550952409514716,0.6938056682303716,24.553977251345607,3.5368398023520258,30.171965167001961,76.056124345038327,147.94387565496174,85.07609493093949,1823.9239050690601,1823.9239050690601,2044.5182145633473,1271.4817854366495,1271.4817854366495,16.600000000000001
194.5,12,47.587829531258869,12.7943836965502,63.588259715255681,4.3483397504805881,0.69120770242746765,24.578239319282865,3.5379823928491021,30.255971119704316,75.774145365543319,148.22585463445674,84.170878901610905,1824.8291210983887,1824.8291210983887,2041.7672261485088,1274.2327738514882,1274.2327738514882,16.600000000000001
194.75,12,47.558636738826429,12.808739706174899,63.488247774364567,4.3416185487028915,0.68863296135124841,24.602372044944524,3.5391244701830136,30.340004200453773,75.492958991770763,148.50704100822929,83.274491245266958,1825.7255087547326,1825.7255087547326,2039.0190527243362,1276.9809472756606,1276.9809472756606,16.600000000000001
195,12,47.529493310296083,12.823118246181833,63.388281153573772,4.3349314097559413,0.6860812145915306,24.626375819174612,3.5402660061732134,30.424064396730945,75.212565451486398,148.78743454851366,82.386859208872778,1826.6131407911269,1826.6131407911269,2036.2736932987634,1279.7263067012334,1279.7263067012334,16.600000000000001
195.25,12,47.500399228538839,12.837519397402499,63.288359958797471,4.3282781081878996,0.68355223372048501,24.650251032150269,3.5414069718071639,30.508151695336725,74.932964945704924,149.06703505429513,81.50791042122151,1827.4920895787782,1827.4920895787782,2033.5311468979025,1282.4688531020945,1282.4688531020945,16.600000000000001
195.5,12,47.471354476555895,12.851943238835007,63.18848429575268,4.3216584189777638,0.68104579228626394,24.673998073345064,3.5425473372656029,30.592266082372642,74.654157648935893,149.34584235106416,80.637572894716484,1828.3624271052834,1828.3624271052834,2030.7914125665475,1285.2085874334493,1285.2085874334493,16.600000000000001
195.75,12,47.442359037475853,12.86638984766949,63.088654269976111,4.3150721175551583,0.67856166580637223,24.69761733149312,3.5436870719474438,30.67640754322181,74.376143709428646,149.62385629057141,79.77577502706724,1829.2242249729325,1829.2242249729325,2028.0544893686551,1287.9455106313417,1287.9455106313417,16.600000000000001
196,12,47.413412894552103,12.880859299313327,62.988869986840697,4.308518979819687,0.67609963176078991,24.721109194554085,3.5448261444943183,30.760576062530436,74.098923249416131,149.90107675058394,78.922445602901377,1830.0775543970981,1830.0775543970981,2025.3203763878043,1290.6796236121925,1290.6796236121925,16.600000000000001
196.25,12,47.384516031160189,12.895351667416191,62.889131551571737,4.3019987821598837,0.67365946958484679,24.744474049678882,3.545964522814721,30.844771624189939,73.822496365357622,150.17750363464245,78.077513795292589,1830.922486204707,1830.922486204707,2022.5890727276305,1293.4109272723663,1293.4109272723663,16.600000000000001
196.5,12,47.35566843079522,12.909867023896497,62.789439069262443,4.2955113014801585,0.67124096065927441,24.767712283168844,3.5471021741018491,30.928994211327442,73.546863128194204,150.45313687180587,77.240909167104022,1831.7590908328957,1831.7590908328957,2019.8605775118292,1296.1394224881676,1296.1394224881676,16.600000000000001
196.75,12,47.326870077069309,12.924405438965138,62.689792644889536,4.2890563152140047,0.66884388830414843,24.790824280447396,3.5482390648604469,31.013243806284475,73.272023583581216,150.72797641641887,76.412561672414199,1832.5874383275852,1832.5874383275852,2017.1348898847857,1298.8651101152111,1298.8651101152111,16.600000000000001
197,12,47.298120953709073,12.93896698114888,62.590192383328727,4.2826336013360979,0.66646803777284225,24.8138104260331,3.5493751609337476,31.097520390595495,72.997977752118686,151.00202224788137,75.592401657873253,1833.4075983421262,1833.4075983421262,2014.4120090122212,1301.5879909877756,1301.5879909877756,16.600000000000001
197.25,12,47.26942104455317,12.953551717315481,62.490638389369302,4.2762429383841134,0.66411319624265597,24.836671103504578,3.5505104275228843,31.181823944976475,72.724725629597017,151.27527437040305,74.780359863856518,1834.2196401361432,1834.2196401361432,2011.6919340813217,1304.3080659186751,1304.3080659186751,16.600000000000001
197.5,12,47.240770333549833,12.968159712697753,62.391130767728654,4.2698841054759047,0.66177915280656541,24.859406695469936,3.5516448292088882,31.266154449310058,72.452267187234582,151.54773281276547,73.976367425594148,1835.0236325744054,1835.0236325744054,2008.9746643010508,1307.025335698946,1307.025335698946,16.600000000000001
197.75,12,47.212168804754548,12.982791030917449,62.29166962306644,4.2635568823262968,0.65946569846479786,24.882017583536907,3.5527783299742786,31.350511882631285,72.180602371914219,151.81939762808585,73.180355874225739,1835.8196441257737,1835.8196441257737,2006.2601989024461,1309.7398010975508,1309.7398010975508,16.600000000000001
198,12,47.183616442327605,12.997445734008879,62.192255059998431,4.2572610492634606,0.65717262611624194,24.904504148283809,3.5539108932242431,31.434896223113817,71.90973110641859,152.09026889358148,72.392257137781598,1836.6077428622179,1836.6077428622179,2003.5485371388941,1312.4514628611028,1312.4514628611028,16.600000000000001
198.25,12,47.155113230531846,13.012123882442317,62.09288718311003,4.2509963872449141,0.65489973054970518,24.926866769231214,3.5550424818074156,31.519307448056729,71.639653289664182,152.36034671033588,71.612003542091841,1837.3879964579078,1837.3879964579078,2000.8396782863842,1315.1603217136128,1315.1603217136128,16.600000000000001
198.5,12,47.126659153730074,13.026825535153698,61.993566096970994,4.2447626778743697,0.65264680843006373,24.949105824811795,3.5561730580448763,31.603745533867912,71.370368796946508,152.62963120305358,70.839527811479016,1838.1604721885205,1838.1604721885205,1998.133621643793,1317.8663783562038,1317.8663783562038,16.600000000000001
198.75,12,47.098254196382626,13.04155074957051,61.894291906149022,4.2385597034175202,0.65041365828697639,24.971221692342365,3.5573025837540517,31.688210456050076,71.101877480177421,152.89812251982266,70.074763069460801,1838.9252369305389,1838.9252369305389,1995.4303665331254,1320.5696334668714,1320.5696334668714,16.600000000000001
199,12,47.069898343045878,13.056299581620788,61.795064715219226,4.2323872468142349,0.64820008051611122,24.993214748002984,3.5584310202502021,31.772702189197254,70.834179168089861,153.16582083191022,69.317642839755536,1839.682357160244,1839.682357160244,1992.7299122996144,1323.2700877003824,1323.2700877003824,16.600000000000001
199.25,12,47.041591578369683,13.071072085762834,61.695884628778103,4.2262450916944019,0.64600587736433313,25.015085366808748,3.5595583283752266,31.857220706979199,70.567273666480816,153.43272633351924,68.56810104675391,1840.4318989532458,1840.4318989532458,1990.0322583119594,1325.9677416880374,1325.9677416880374,16.600000000000001
199.5,12,47.013333887095229,13.085868315007984,61.596751751455663,4.2201330223920923,0.64383085291986542,25.036833922584826,3.5606844685172132,31.941765982130352,70.301160758440474,153.69883924155963,67.826072016074065,1841.1739279839255,1841.1739279839255,1987.3374039624955,1328.6625960375013,1328.6625960375013,16.600000000000001
199.75,12,46.985125254052939,13.10068832094305,61.497666187927265,4.2140508239593339,0.64167481310240326,25.05846078794227,3.561809400629504,32.026337986439231,70.035840204579742,153.96415979542033,67.09149047505467,1841.9085095249447,1841.9085095249447,1984.6453486673479,1331.3546513326489,1331.3546513326489,16.600000000000001
200,12,46.956965664160357,13.115532153752532,61.398628042925175,4.2079982821795188,0.63953756565311437,25.079966334254475,3.5629330842493951,32.110936690738335,69.771311743256945,154.22868825674314,66.364291553184401,1842.6357084468152,1842.6357084468152,1981.9560918665711,1334.0439081334257,1334.0439081334257,16.600000000000001
200.25,12,46.928855102420123,13.130399862240587,61.299637421249763,4.2019751835804175,0.63741892012453338,25.101350931634336,3.5640554785164844,32.195562064894474,69.507575090802902,154.49242490919718,65.644410782469436,1843.35558921753,1843.35558921753,1979.2696330242709,1336.7303669757259,1336.7303669757259,16.600000000000001
200.5,12,46.900793553917872,13.145291493854835,61.200694427780732,4.1959813154479582,0.63531868786834089,25.122614948910996,3.565176542192412,32.280214077799577,69.244629941750233,154.75537005824984,64.931784097636097,1844.0682159023634,1844.0682159023634,1976.5859716286629,1339.4140283713341,1339.4140283713341,16.600000000000001
200.75,12,46.872781003820108,13.160207094712858,61.101799167488139,4.1900164658411789,0.63323668202017136,25.143758753605688,3.5662962336827397,32.364892697362109,68.982475969069014,155.01752403093104,64.226347836125285,1844.7736521638742,1844.7736521638742,1973.9051071920398,1342.094892807957,1342.094892807957,16.600000000000001
201,12,46.844817437372548,13.17514670961396,61.002951745442125,4.1840804235991094,0.63117271749851578,25.164782711915869,3.5674145110462088,32.449597890498183,68.721112824363914,155.27888717563619,63.528038738760337,1845.4719612612391,1845.4719612612391,1971.2270392510923,1344.7729607489046,1344.7729607489046,16.600000000000001
201.25,12,46.816902839898106,13.190110382063947,60.904152266823445,4.1781729783543531,0.62912661099058331,25.185687188693016,3.5685313320148673,32.53432962312376,68.460540138104093,155.53945986189601,62.83679394968879,1846.1632060503109,1846.1632060503109,1968.5517673668801,1347.4482326331167,1347.4482326331167,16.600000000000001
201.5,12,46.789037196794951,13.205098154296582,60.805400836933323,4.1722939205446794,0.62709818094110314,25.206472547422678,3.5696466540112604,32.619087860146969,68.200757519843933,155.79924248015615,62.152551016423487,1846.8474489835762,1846.8474489835762,1965.8792911248715,1350.1207088751253,1350.1207088751253,16.600000000000001
201.75,12,46.761220493534722,13.220110067294375,60.706697561203221,4.1664430414240394,0.62508724754145917,25.227139150205403,3.5707604341649239,32.703872565460976,67.941764558441506,156.05823544155857,61.475247889849641,1847.5247521101498,1847.5247521101498,1963.2096101349766,1352.7903898650202,1352.7903898650202,16.600000000000001
202,12,46.733452715660611,13.235146160809146,60.608042545204214,4.1606201330732597,0.62309363271875684,25.247687357738222,3.5718726293285541,32.788683701937011,67.683560822275695,156.31643917772442,60.80482292417765,1848.1951770758219,1848.1951770758219,1960.5427240315707,1355.4572759684261,1355.4572759684261,16.600000000000001
202.25,12,46.705733848785634,13.250206473382352,60.509435894656178,4.1548249884103718,0.62111716012483154,25.268117529296809,3.5729831960938525,32.873521231417975,67.426145859462068,156.573854140538,60.141214876843456,1848.8587851231562,1848.8587851231562,1957.8786324735049,1358.1213675264921,1358.1213675264921,16.600000000000001
202.5,12,46.67806387859082,13.265291042365954,60.410877715436676,4.1490574012012464,0.6191576551243122,25.288430022717669,3.574092090807131,32.958385114712982,67.169519198069409,156.83048080193069,59.484362908299687,1849.5156370917,1849.5156370917,1955.2173351440606,1360.7826648559362,1360.7826648559362,16.600000000000001
202.75,12,46.650442790823391,13.280399903947835,60.312368113589507,4.1433171660735626,0.61721494477726602,25.308625194377946,3.5751992695851857,33.043275311596553,66.913680346345558,157.08631965365453,58.834206581410953,1850.1657934185887,1850.1657934185887,1952.5588317506263,1363.4411682493705,1363.4411682493705,16.600000000000001
203,12,46.622870571295202,13.295533093163783,60.21390719533332,4.1376040785203054,0.61528885783660237,25.328703399184111,3.5763046883292366,33.128191780796442,66.658628792912367,157.34137120708772,58.190685861752002,1850.8093141382478,1850.8093141382478,1949.903122025099,1366.0968779748978,1366.0968779748978,16.600000000000001
203.25,12,46.595347205881012,13.310690643918576,60.115495067069837,4.1319179349101605,0.61337922473491635,25.348664990555335,3.5774083027396877,33.213134479990089,66.404364006980572,157.5956359930195,57.553741117180657,1851.4462588828189,1851.4462588828189,1947.2502057237523,1368.7497942762445,1368.7497942762445,16.600000000000001
203.5,12,46.567872680516864,13.325872589006226,60.01713183539173,4.1262585324971033,0.61148587757202455,25.368510320407783,3.5785100683304902,33.298103365800898,66.150885438561787,157.84911456143831,56.923313117409954,1852.0766868825897,1852.0766868825897,1944.6000826271302,1371.3999173728666,1371.3999173728666,16.600000000000001
203.75,12,46.540446981198436,13.341078960129046,59.918817607090411,4.1206256694289829,0.60960865010347731,25.388239739140058,3.5796099404430755,33.383098393794015,65.898192518677249,158.10180748132285,56.299343033598824,1852.7006569664009,1852.7006569664009,1941.9527525399792,1374.0472474600176,1374.0472474600176,16.600000000000001
204,12,46.513070093979465,13.356309787916496,59.820552489163518,4.1150191447558102,0.60774737772904197,25.407853595619187,3.5807078742599749,33.468119518472491,65.646284659565339,158.35371534043475,55.681772437897287,1853.3182275621023,1853.3182275621023,1939.3082152911722,1376.6917847088248,1376.6917847088248,16.600000000000001
204.25,12,46.485742004970177,13.371565101943775,59.722336588822209,4.1094387584377481,0.60590189748116519,25.427352237167138,3.5818038248181212,33.553166693273639,65.395161254887725,158.60483874511237,55.070543302947371,1853.9294566970523,1853.9294566970523,1936.6664707336217,1379.3335292663751,1379.3335292663751,16.600000000000001
204.5,12,46.45846270033578,13.386844930750419,59.624170013498244,4.1038843113527843,0.60407204801316738,25.446736009547852,3.5828977470221806,33.638239870565798,65.144821679934893,158.85517832006516,54.465598001323436,1854.5344019986762,1854.5344019986762,1934.0275187441828,1381.972481255814,1381.972481255814,16.600000000000001
204.75,12,46.431232166294755,13.402149301864387,59.526052870850926,4.0983556053035946,0.6022576695815145,25.466005256955754,3.5839895956655168,33.723339001642714,64.895265291845263,159.10473470815478,53.866879304521568,1855.1331206954781,1855.1331206954781,1931.3913592234994,1384.6086407764974,1384.6086407764974,16.600000000000001
205,12,46.404050389117558,13.41747824181409,59.427985268773703,4.0928524430252002,0.60045860404026785,25.485160322002887,3.5850793254344802,33.808464036723485,64.646491429792292,159.35350857020779,53.274330382750641,1855.725669617249,1855.725669617249,1928.7579920959388,1387.242007904058,1387.242007904058,16.600000000000001
205.25,12,46.376917355125222,13.432831776145335,59.329967315400509,4.0873746281918679,0.59867469483019486,25.504201545707382,3.5861668909195745,33.893614924950505,64.398499415183835,159.60150058481622,52.687894804314311,1856.3121051956855,1856.3121051956855,1926.1274173094739,1389.8725826905229,1389.8725826905229,16.600000000000001
205.5,12,46.349833050687856,13.448209929440729,59.231999119112096,4.0819219654234802,0.59690578696511809,25.523129267482826,3.5872522466300398,33.978791614386459,64.151288551867026,159.84871144813303,52.107516534762716,1856.8924834652369,1856.8924834652369,1923.4996348355398,1392.500365164457,1392.500365164457,16.600000000000001
205.75,12,46.322797462223214,13.463612725337065,59.134080788542065,4.0764942602918026,0.59515172702008978,25.541943825127838,3.5883353470057133,34.063994052012518,63.904858126327454,160.09514187367262,51.533139936132009,1857.4668600638677,1857.4668600638677,1920.8746446688931,1395.1253553311037,1395.1253553311037,16.600000000000001
206,12,46.295810576195393,13.479040186542475,59.036212432582687,4.071091319326464,0.59341236311956735,25.560645554816112,3.5894161464286141,34.149222183726586,63.659207407886797,160.34079259211327,50.9647097661462,1858.0352902338534,1858.0352902338534,1918.2524468274678,1397.747553172529,1397.747553172529,16.600000000000001
206.25,12,46.268872379113411,13.494492334853357,58.938394160390573,4.0657129500206688,0.59168754492559394,25.579234791086972,3.5904945992342694,34.234475954341946,63.414335648899474,160.5856643511006,50.402171177382399,1858.5978288226172,1858.5978288226172,1915.6330413522214,1400.3669586477754,1400.3669586477754,16.600000000000001
206.5,12,46.241982857529948,13.509969191171063,58.840626081392116,4.0603589608366555,0.58997712362598531,25.597711866836349,3.5915706597227777,34.319755307586149,63.170242084947809,160.82975791505226,49.845469716400039,1859.1545302835996,1859.1545302835996,1913.0164283069769,1402.9835716930199,1402.9835716930199,16.600000000000001
206.75,12,46.215141998040018,13.525470775521034,58.742908305287926,4.055029161213052,0.58828095191855223,25.616077113307341,3.5926442821680888,34.405060186105068,62.926925935043066,161.07307406495698,49.294551322468756,1859.7054486775307,1859.7054486775307,1910.4026077779915,1405.5973922220055,1405.5973922220055,16.600000000000001
207,12,46.188349787279719,13.540997107067911,58.645240942058301,4.0497233615689163,0.58659888400096571,25.634330860082478,3.5937154208291799,34.490390531460186,62.684386401815189,161.31561359818488,48.749362326780854,1860.2506376732188,1860.2506376732188,1907.7915798738959,1408.2084201261009,1408.2084201261009,16.600000000000001
207.25,12,46.161606211924948,13.55654820412923,58.547624101968793,4.044441373306511,0.58493077556245088,25.65247343507686,3.5947840299616751,34.575746284123738,62.442622671698146,161.55737732830192,48.209849451797673,1860.7901505482018,1860.7901505482018,1905.1833447257461,1410.8166552742507,1410.8166552742507,16.600000000000001
207.5,12,46.134911258690181,13.572124084192858,58.450057895574496,4.0391830088171163,0.58327648376953933,25.670505164530304,3.595850063826922,34.661127383481649,62.201633915124482,161.7983660848756,47.675959810013914,1861.3240401899857,1861.3240401899857,1902.5779024866745,1413.4220975133223,1413.4220975133223,16.600000000000001
207.75,12,46.108264914327293,13.587724763932661,58.352542433724473,4.0339480814853221,0.58163586725416161,25.688426373000556,3.5969134767017037,34.74653376783381,61.961419286714502,162.03858071328557,47.147640902904151,1861.8523590970954,1861.8523590970954,1899.9752533316878,1416.024746668309,1416.024746668309,16.600000000000001
208,12,46.081667165624388,13.603350259223957,58.255077827566154,4.0287364056930919,0.5800087861017631,25.7062373833568,3.5979742228877023,34.831965374394514,61.721977925464209,162.27802207453584,46.624840619838309,1862.3751593801612,1862.3751593801612,1897.3753974574613,1418.6246025425357,1418.6246025425357,16.600000000000001
208.25,12,46.055117999404594,13.619000585158714,58.157664188549504,4.0235477968235962,0.5783951018394502,25.723938516773643,3.5990322567207071,34.917422139293137,61.483308954931928,162.51669104506811,46.107507236967493,1862.8924927630321,1862.8924927630321,1894.7783350821262,1421.2216649178706,1421.2216649178706,16.600000000000001
208.5,12,46.028617402525008,13.634675756060558,58.060301628430992,4.0183820712648135,0.57679467742416901,25.741530092725451,3.6000875325795865,35.002903997575018,61.245411483423723,162.75458851657635,45.595589416080919,1863.4044105839187,1863.4044105839187,1892.1840664450531,1423.8159335549437,1423.8159335549437,16.600000000000001
208.75,12,46.002165361875484,13.65037578550174,57.962990259277099,4.0132390464126066,0.57520737722811088,25.759012428982057,3.6011400048968683,35.088410883203281,61.008284604183125,162.99171539581698,45.089036203174807,1863.9109637968249,1863.9109637968249,1889.5925918065473,1426.4074081934496,1426.4074081934496,16.600000000000001
209,12,45.975761864377588,13.66610068631814,57.865730193467925,4.0081185406738165,0.57363306702637518,25.776385841604075,3.6021896281676189,35.173942729060215,60.77192739557519,163.22807260442488,44.587797027199251,1864.4122029728005,1864.4122029728005,1887.0039114476053,1428.9960885523915,1428.9960885523915,16.600000000000001
209.25,12,45.949406896983596,13.681850470619739,57.768521543701326,4.0030203734697576,0.57207161399016093,25.793650644936744,3.603236356954457,35.259499466947581,60.536338921258142,163.46366107874192,44.091821699287109,1864.9081783007127,1864.9081783007127,1884.4180256698291,1431.5819743301679,1431.5819743301679,16.600000000000001
209.5,12,45.923100446675349,13.697625149806884,57.671364422995936,3.997944365238645,0.5705228866723413,25.810807151606777,3.604280145897405,35.345081027588925,60.301518230369261,163.6984817696308,43.601060411247765,1865.398939588752,1865.398939588752,1881.8349347951112,1434.1650652048857,1434.1650652048857,16.600000000000001
209.75,12,45.896842500463308,13.713424734584335,57.574258944694385,3.9928903374381028,0.56898675499564111,25.827855672518616,3.6053209497218286,35.430687340631458,60.067464357704296,163.93253564229579,43.115463734273035,1865.8845362657266,1865.8845362657266,1879.2546391653909,1436.7453608346059,1436.7453608346059,16.600000000000001
210,12,45.870633045385475,13.729249234975082,57.477205222466324,3.9878581125474644,0.5674630902408746,25.844796516851098,3.606358723246144,35.516318334648126,59.834176323895633,164.16582367610442,42.634982617620217,1866.3650173823796,1866.3650173823796,1876.6771391424065,1439.3228608575905,1439.3228608575905,16.600000000000001
210.25,12,45.844472068506505,13.745098660333948,57.380203370311321,3.9828475140698774,0.56595176503522993,25.861629992054436,3.6073934213893137,35.601973937139846,59.601653135589189,164.39834686441088,42.15956838727142,1866.8404316127285,1866.8404316127285,1874.102435107445,1441.8975648925518,1441.8975648925518,16.600000000000001
210.5,12,45.81835955691664,13.760973019360966,57.283253502561628,3.9778583665342033,0.56445265334060268,25.878356403847587,3.6084249991781348,35.687654074537875,59.369893785620043,164.63010621438005,41.689172744570342,1867.3108272554293,1867.3108272554293,1871.5305274610912,1444.4694725389056,1444.4694725389056,16.600000000000001
210.75,12,45.792295497730862,13.776872320115579,57.186355733884312,3.9728904954965896,0.56296563044027481,25.894976056216702,3.6094534117546058,35.77335867220755,59.138897253190279,164.86110274680979,41.223747764639448,1867.7762522353603,1867.7762522353603,1868.9614166228866,1447.0385833771102,1447.0385833771102,16.600000000000001
211,12,45.766279878087929,13.792796570030701,57.089510179283195,3.9679437275418339,0.56149057292546467,25.911489251414071,3.6104786143831284,35.859087654452338,58.90866250404595,165.09133749595412,40.763245894754746,1868.2367541052452,1868.2367541052452,1866.3951030309843,1449.6048969690125,1449.6048969690125,16.600000000000001
211.25,12,45.74031268514949,13.808745775922546,56.992716954102647,3.9630178902851299,0.56002735868883979,25.927896289954003,3.6115005624563339,35.944840944513082,58.679188490638808,165.32081150936128,40.307619953499483,1868.6923800465004,1868.6923800465004,1863.8315871421239,1452.1684128578729,1452.1684128578729,16.600000000000001
211.5,12,45.714393906099126,13.824719944004579,56.895976174029094,3.9581128123730234,0.55857586691069261,25.944197470612579,3.6125192115019695,36.030618464572662,58.450474152301787,165.54952584769828,39.856823129042269,1869.1431768709576,1869.1431768709576,1861.2708694312582,1454.7291305687386,1454.7291305687386,16.600000000000001
211.75,12,45.688523528141566,13.840719079900008,56.799287955093085,3.9532283234843639,0.55713597804730297,25.960393090426763,3.6135345171892346,36.116420135759284,58.222518415418882,165.77748158458118,39.410808977641878,1869.5891910223581,1869.5891910223581,1858.7129503912727,1457.2870496087241,1457.2870496087241,16.600000000000001
212,12,45.662701538501793,13.856743188654029,56.702652413671139,3.9483642543310853,0.55570757381944991,25.976483444693642,3.6145464353349115,36.202245878149803,57.995320193593685,166.00467980640641,38.969531422144279,1870.0304685778558,1870.0304685778558,1856.1578305327134,1459.8421694672836,1459.8421694672836,16.600000000000001
212.25,12,45.636927924424242,13.872792274745862,56.606069666487606,3.943520436658817,0.55429053720098431,25.992468826970097,3.6155549219093155,36.288095610773219,57.768878387816599,166.23112161218347,38.532944750461276,1870.4670552495386,1870.4670552495386,1853.6055103835081,1462.3944896164887,1462.3944896164887,16.600000000000001
212.5,12,45.611202673171952,13.888866342100604,56.509539830616276,3.9386967032473272,0.55288475240746338,26.008349529072653,3.6165599330420606,36.373969251614255,57.543191886630936,166.45680811336914,38.101003614031981,1870.8989963859681,1870.8989963859681,1851.0559904886895,1464.9440095113073,1464.9440095113073,16.600000000000001
212.75,12,45.585525772025825,13.904965394101477,56.413063023481619,3.9338928879108148,0.55149010488375949,26.024125841078124,3.6175614250272954,36.459866717618411,57.318259566299339,166.68174043370075,37.67366302613614,1871.3263369738638,1871.3263369738638,1848.5092714100479,1467.490728589949,1467.490728589949,16.600000000000001
213,12,45.559897208283857,13.921089433602784,56.316639362859391,3.9291088254980635,0.55010648129014972,26.03979805132515,3.6185593543282413,36.545787924699042,57.094080290971348,166.90591970902875,37.250878360000534,1871.7491216399994,1871.7491216399994,1845.9653537256852,1470.0346462743116,1470.0346462743116,16.600000000000001
213.25,12,45.53431696926031,13.937238462938341,56.220268966879466,3.9243443518923304,0.54873376949616848,26.055366446412851,3.6195536775840824,36.631732787735132,56.870652912838324,167.12934708716176,36.832605347817385,1872.1673946521828,1872.1673946521828,1843.4242380300425,1472.5757619699543,1472.5757619699543,16.600000000000001
213.5,12,45.50878504228502,13.953412483933658,56.123951954026495,3.9195993040111805,0.54737185856752046,26.070831311202628,3.6205443516143871,36.717701220577823,56.647976272297555,167.35202372770254,36.418800078903487,1872.5811999210966,1872.5811999210966,1840.8859249334946,1475.1140750665022,1475.1140750665022,16.600000000000001
213.75,12,45.483301414702609,13.969611497917013,56.027688443140825,3.9148735198061502,0.5460206387546841,26.086192928819546,3.6215313334238965,36.803693136054939,56.426049198112779,167.57395080188732,36.009418998040509,1872.9905810019595,1872.9905810019595,1838.3504150620431,1477.6495849379537,1477.6495849379537,16.600000000000001
214,12,45.457866073871841,13.985835505730224,55.93147855341946,3.9101668382622576,0.54468000148180129,26.101451580653876,3.6225145802072212,36.889708445975423,56.204870507573105,167.79512949242698,35.604418903827884,1873.3955810961722,1873.3955810961722,1835.8177090570227,1480.1822909429743,1480.1822909429743,16.600000000000001
214.25,12,45.432479007164893,14.002084507739223,55.835322404416914,3.9054790993973763,0.54334983933563608,26.116607546362868,3.6234940493533734,36.975747061133859,55.984439006650824,168.01556099334925,35.203756947022285,1873.7962430529778,1873.7962430529778,1833.2878075748067,1482.7121924251903,1482.7121924251903,16.600000000000001
214.5,12,45.407140201966669,14.018358503844464,55.739220116045928,3.9008101442614667,0.54203004605460381,26.131661103872794,3.6244696984501417,37.061808891315096,55.764753490157958,168.23524650984214,34.807390628864461,1874.1926093711356,1874.1926093711356,1830.7607112865114,1485.2392887134854,1485.2392887134854,16.600000000000001
214.75,12,45.381849645674158,14.03465749349138,55.643171808577868,3.8961598149353702,0.54072051651730957,26.146612529381777,3.6254414852884578,37.147893845299251,55.545812741902829,168.45418725809728,34.415277799312676,1874.5847222006873,1874.5847222006873,1828.2364208776762,1487.7635791223206,1487.7635791223206,16.600000000000001
215,12,45.356607325695848,14.05098147568161,55.547177602642208,3.8915279545283528,0.5394211467291079,26.161462097365082,3.6264093678671725,37.234001830868117,55.327615534849564,168.67238446515054,34.027376654966424,1874.9726233450335,1874.9726233450335,1825.7149370478523,1490.2850629521445,1490.2850629521445,16.600000000000001
215.25,12,45.33141322945098,14.06733044898105,55.451237619228571,3.8869144071791064,0.53813183381533014,26.176210080573529,3.6273733043958933,37.320132754807609,55.110160631262943,168.88983936873714,33.643645737936865,1875.3563542620634,1875.3563542620634,1823.1962605104809,1492.8037394895159,1492.8037394895159,16.600000000000001
215.5,12,45.306267344368969,14.083704411530089,55.355351979686581,3.8823190180537992,0.53685247600938502,26.190856750037756,3.6283332532990862,37.406286522913433,54.893446782862725,169.10655321713739,33.264043933951612,1875.7359560660484,1875.7359560660484,1820.6803919925435,1495.3196080074536,1495.3196080074536,16.600000000000001
215.75,12,45.281169657888789,14.100103361053318,55.259520805725927,3.8777416333444226,0.53558297264171351,26.20540237507176,3.629289173219826,37.492463039996387,54.67747273097519,169.3225272690249,32.888530470562785,1876.1114695294373,1876.1114695294373,1818.1673322342467,1497.8326677657501,1497.8326677657501,16.600000000000001
216,12,45.256120157458383,14.116527294868906,55.163744219416486,3.8731821002671936,0.53432322412914546,26.219847223276371,3.63024102302332,37.578662209887526,54.462237206682872,169.53776279331723,32.517064915392844,1876.4829350846071,1876.4829350846071,1815.6570819887208,1500.3429180112762,1500.3429180112762,16.600000000000001
216.25,12,45.231118830534101,14.132976209897816,55.068022343188296,3.8686402670608397,0.53307313196432937,26.234191560542914,3.6311887618002956,37.664883935443356,54.247738930973085,169.75226106902701,32.149607174371248,1876.8503928256289,1876.8503928256289,1813.1496420217184,1502.8503579782785,1502.8503579782785,16.600000000000001
216.5,12,45.206165664580112,14.149450102672859,54.972355299831577,3.8641159829847678,0.53183259870523825,26.248435651057022,3.6321323488702633,37.751128118551158,54.033976614885333,169.96602338511477,31.786117489962493,1877.2138825100376,1877.2138825100376,1810.6450131113156,1505.3549868886812,1505.3549868886812,16.600000000000001
216.75,12,45.181260647067873,14.165948969347665,54.876743212496358,3.8596090983170468,0.53060152796446303,26.262579757302955,3.6330717437844675,37.837394660134741,53.820948959657969,170.1790510403421,31.42655643934113,1877.5734435606589,1877.5734435606589,1808.1431960475898,1507.8568039524071,1507.8568039524071,16.600000000000001
217,12,45.156403765475659,14.182472805706334,54.781186204691075,3.8551194643517026,0.5293798243963207,26.276624140069984,3.6340069063273406,37.923683460163609,53.608654656876901,170.39134534312319,31.070884932208497,1877.9291150677916,1877.9291150677916,1805.6441916321428,1510.3558083678543,1510.3558083678543,16.600000000000001
217.25,12,45.13159500728797,14.19902160717079,54.685684400283805,3.8506469333973898,0.52816739368985266,26.290569058454,3.6349377965213736,38.009994417653608,53.397092388614887,170.60290761138521,30.719064209503731,1878.2809357904964,1878.2809357904964,1803.14800067803,1512.851999321967,1512.851999321967,16.600000000000001
217.5,12,45.106834359994956,14.215595368809407,54.590237923501562,3.8461913587749765,0.5269641425580408,26.304414769862625,3.6358643746295085,38.096327430673327,53.186260827575246,170.81373917242485,30.371055841509197,1878.6289441584909,1878.6289441584909,1800.6546240094228,1515.345375990574,1515.345375990574,16.600000000000001
217.75,12,45.082121811092016,14.232194085345421,54.494846898929566,3.8417525948150373,0.5257699787271376,26.318161530020394,3.6367866011574437,38.182682396350444,52.976158637234292,171.02384136276581,30.026821725955525,1878.9731782740446,1878.9731782740446,1798.1640624612696,1517.8359375387274,1517.8359375387274,16.600000000000001
218,12,45.057457348079225,14.24881775116506,54.399511451510683,3.8373304968553641,0.52458481092653952,26.331809592973812,3.6377044368560956,38.269059210877536,52.766784471982014,171.23321552801806,29.686324086192627,1879.3136759138074,1879.3136759138074,1795.6763168789944,1520.3236831210024,1520.3236831210024,16.600000000000001
218.25,12,45.03284095846093,14.265466360325478,54.304231706544691,3.8329249212383898,0.52340854887873711,26.345359211096461,3.6386178427239555,38.355457769517805,52.558136977261668,171.44186302273843,29.349525469355143,1879.6504745306449,1879.6504745306449,1793.1913881181949,1522.8086118818019,1522.8086118818019,16.600000000000001
218.5,12,45.00827262974525,14.282139906562572,54.209007789687575,3.8285357253085115,0.52224110328934381,26.358810635094322,3.6395267800093256,38.441877966610953,52.35021478970819,171.64978521029192,29.016388744522803,1879.9836112554774,1879.9836112554774,1790.7092770443408,1525.2907229556561,1525.2907229556561,16.600000000000001
218.75,12,44.983752349443598,14.298838383298644,54.113839826950667,3.824162767409256,0.52108238583708999,26.372164114011404,3.640431210212415,38.528319695579199,52.143016537285689,171.8569834627144,28.686877100856165,1880.3131228991438,1880.3131228991438,1788.2299845324681,1527.7700154675288,1527.7700154675288,16.600000000000001
219,12,44.959280105070398,14.315561783650521,54.018727944698604,3.819805906879024,0.51993230916190236,26.385419895238154,3.6413310950867142,38.61478284893564,51.936540839427124,172.06345916057296,28.360954045378659,1880.6390459546215,1880.6390459546215,1785.7535114667514,1530.2464885332454,1530.2464885332454,16.600000000000001
219.25,12,44.934855884142465,14.332310100436256,53.923672269649558,3.8154650040496398,0.51879078685738822,26.398578224514242,3.6422263966415955,38.701267318287606,51.730786307165765,172.26921369283431,28.038583401513193,1880.9614165984867,1880.9614165984867,1783.2798587403429,1532.7201412596542,1532.7201412596542,16.600000000000001
219.5,12,44.910479674178667,14.349083326182331,53.82867292887429,3.8111399202433627,0.51765773346121935,26.411639345934418,3.6431170771441495,38.787772994342589,51.525751543269223,172.47424845673089,27.719729307232747,1881.2802706927673,1881.2802706927673,1780.8090272550769,1535.1909727449199,1535.1909727449199,16.600000000000001
219.75,12,44.886151462699473,14.365881453130886,53.73373004979468,3.8068305177693742,0.51653306444492464,26.42460350195535,3.6440030991207015,38.874299766915009,51.321435142373282,172.67856485762681,27.404356213090828,1881.595643786909,1881.595643786909,1778.3410179211394,1537.6589820788574,1537.6589820788574,16.600000000000001
220,12,44.861871237226559,14.382704473246672,53.638843760182553,3.802536659920555,0.51541669620431618,26.437470933401897,3.6448844253584149,38.960847524932298,51.117835691113946,172.88216430888613,27.092428880345885,1881.907571119654,1881.907571119654,1775.8758316567673,1540.1241683432295,1540.1241683432295,16.600000000000001
220.25,12,44.837638985282467,14.39955237822385,53.544014188158449,3.7982582109701921,0.51430854604999254,26.450241879473495,3.6457610189067937,39.047416156441109,50.914951768258284,173.08504823174181,26.783912379083144,1882.2160876209168,1882.2160876209168,1773.4134693879544,1542.5865306120425,1542.5865306120425,16.600000000000001
220.5,12,44.813454694390181,14.416425159492638,53.449241462190322,3.7939950361686052,0.51320853219792273,26.462916577750658,3.6466328430790917,39.134005548613437,50.712781944834212,173.28721805516588,26.478772086334459,1882.5212279136654,1882.5212279136654,1770.9539320481558,1545.046067951841,1545.046067951841,16.600000000000001
220.75,12,44.789318352072733,14.433322808225855,53.354525711092094,3.789747001739689,0.51211657376008024,26.475495264201644,3.6474998614536194,39.22061558775291,50.511324784259294,173.48867521574078,26.176973684190628,1882.8230263158093,1882.8230263158093,1768.4972205779939,1547.502779422003,1547.502779422003,16.600000000000001
221,12,44.765229945853001,14.450245315345423,53.259867064021243,3.7855139748761366,0.51103259073366381,26.48797817319177,3.6483620378739654,39.307246159303261,50.310578842470775,173.68942115752932,25.878483157598932,1883.121516842401,1883.121516842401,1766.0433359248557,1549.9566640751411,1549.9566640751411,16.600000000000001
221.25,12,44.741189463253242,14.467192671528533,53.165265650478126,3.781295823736873,0.50995650399312409,26.500365537488229,3.6492193364509502,39.393897147852741,50.1105426680503,173.88945733194979,25.583266792731557,1883.4167332072684,1883.4167332072684,1763.592279042691,1552.4077209573059,1552.4077209573059,16.600000000000001
221.5,12,44.717196891794693,14.484164867213718,53.070721600304829,3.777092417443868,0.50888823528159766,26.512657588266126,3.6500717215640472,39.480568437139574,49.911214802348596,174.08878519765148,25.29129117521239,1883.7087088247877,1883.7087088247877,1761.1440508917647,1554.8559491082322,1554.8559491082322,16.600000000000001
221.75,12,44.693252218997308,14.501161892606909,52.976235043683126,3.772903626077905,0.50782770720124748,26.524854555116633,3.6509191578619444,39.567259910059178,49.712593779611005,174.28740622038907,25.002523188097143,1883.9974768119027,1883.9974768119027,1758.6986524383226,1557.3013475616742,1557.3013475616742,16.600000000000001
222,12,44.669355432379412,14.518183737687304,52.881806111132825,3.7687293206747778,0.50677484320426247,26.536956666054248,3.6517616102634132,39.653971448670518,49.514678127101,174.48532187289908,24.716930009975222,1884.2830699900248,1884.2830699900248,1756.2560846543051,1559.7439153456919,1559.7439153456919,16.600000000000001
222.25,12,44.645506519457399,14.535230392213109,52.787434933509999,3.7645693732214309,0.50572956758393595,26.548964147524131,3.6525990439580993,39.740702934202439,49.317466365222707,174.68253363477737,24.43447911307171,1884.5655208869284,1884.5655208869284,1753.8163485170599,1562.183651482937,1562.183651482937,16.600000000000001
222.5,12,44.6217054677454,14.552301845727159,52.693121642005245,3.760423656652041,0.50469180546582437,26.56087722440958,3.6534314244072399,39.827454247060103,49.120957007642374,174.87904299235771,24.155138261349851,1884.8448617386503,1884.8448617386503,1751.3794450090588,1564.620554990938,1564.620554990938,16.600000000000001
222.75,12,44.597952264755001,14.569398087562421,52.598866368141842,3.7562920448440527,0.50366148279898337,26.572696120039538,3.6542587173443106,39.914225266831309,48.925148561408804,175.07485143859128,23.878875508614183,1885.1211244913859,1885.1211244913859,1748.9453751176154,1567.0546248823816,1567.0546248823816,16.600000000000001
223,12,44.574246897995039,14.586519106847469,52.504669243772966,3.7521744126131003,0.50263852634600914,26.584421056198376,3.6550808887744455,40.001015872295135,48.730039527074261,175.26996047292582,23.605659196341634,1885.3943408036585,1885.3943408036585,1746.5141398345061,1569.4858601654907,1569.4858601654907,16.600000000000001
223.25,12,44.550589354971251,14.603664892511699,52.410530401080251,3.748070635709432,0.5016228636750244,26.596052253132584,3.6558979049754763,40.087825941427262,48.535628398812214,175.46437160118785,23.335457951914115,1885.6645420480861,1885.6645420480861,1744.0857401557403,1571.9142598442565,1571.9142598442565,16.600000000000001
223.5,12,44.526979623185944,14.620835433290367,52.316449972572528,3.7439805908147208,0.50061442315226301,26.607589929556699,3.6567097324993796,40.174655351404439,48.341913664533415,175.65808633546666,23.068240686963964,1885.9317593130361,1885.9317593130361,1741.6601770813681,1574.3398229186287,1574.3398229186287,16.600000000000001
223.75,12,44.503417690137752,14.638030717729672,52.222428091083316,3.7399041555372383,0.49961313393281326,26.619034302662516,3.6575163381719165,40.261503978612232,48.148893806003201,175.85110619399688,22.803976595310296,1886.1960234046896,1886.1960234046896,1739.2374516151456,1576.7625483848512,1576.7625483848512,16.600000000000001
224,12,44.479903543321392,14.655250734191691,52.128464889768708,3.7358412084076162,0.49861892595220192,26.630385588127094,3.6583176890929034,40.348371698651512,47.956567298956976,176.04343270104309,22.542635151060487,1886.4573648489395,1886.4573648489395,1736.8175647642613,1579.1824352357355,1579.1824352357355,16.600000000000001
224.25,12,44.456437170227403,14.672495470859147,52.034560502105279,3.7317916288745692,0.49763172991805454,26.641644000120824,3.6591137526364181,40.435258386344891,47.76493261321464,176.23506738678543,22.284186106714195,1886.7158138932859,1886.7158138932859,1734.4005175390623,1581.5994824609345,1581.5994824609345,16.600000000000001
224.5,12,44.4330185583419,14.689764915740124,51.940715061887914,3.7277552973005785,0.49665147730183495,26.652809751315562,3.6599044964509484,40.522163915743192,47.573988212794021,176.42601178720605,22.028599491270299,1886.9714005087299,1886.9714005087299,1731.986310952786,1584.0136890472108,1584.0136890472108,16.600000000000001
224.75,12,44.409647695146312,14.707059056672627,51.846928703227626,3.7237320949575445,0.49567810033066351,26.663883052892853,3.660689888459483,40.609088160131854,47.383732556023347,176.61626744397674,21.775845608337189,1887.2241543916628,1887.2241543916628,1729.574946021291,1586.4250539787058,1586.4250539787058,16.600000000000001
225,12,44.386324568117196,14.724377881329037,51.753201560549194,3.7197219040221996,0.4947115319790481,26.674864114552516,3.6614698968593902,40.696030992037684,47.194164095652987,176.80583590434708,21.525895034204169,1887.474104965796,1887.474104965796,1727.1664237627806,1588.8335762372164,1588.8335762372164,16.600000000000001
225.25,12,44.363049164726135,14.741721377220243,51.659533768587274,3.7157246075694088,0.49375170595900797,26.685753144525211,3.6622444901206368,40.782992283238492,47.005281278968333,176.99471872103175,21.278718615486273,1887.7212813845138,1887.7212813845138,1724.7607451973922,1591.2392548026048,1591.2392548026048,16.600000000000001
225.5,12,44.339821472439304,14.759089531700178,51.565925462386105,3.7117400895705672,0.49279855671442846,26.696550349575524,3.6630136369879156,40.869971904765492,46.817082547896376,177.18291745210368,21.03428746783381,1887.9657125321664,1887.9657125321664,1722.3579113471221,1593.6420886528747,1593.6420886528747,16.600000000000001
225.75,12,44.316641478717315,14.776482331969968,51.472376777296937,3.7077682348887548,0.49185201941289464,26.707255935011069,3.6637773064802421,40.956969726910131,46.629566339114625,177.37043366088545,20.792572973982313,1888.207427026018,1888.207427026018,1719.9579232355425,1596.0420767644544,1596.0420767644544,16.600000000000001
226,12,44.29350917101501,14.793899765081896,51.378887848975282,3.7038089292736789,0.49091202993744248,26.717870104691968,3.6645354678903566,41.0439856192313,46.442731084159341,177.55726891584072,20.553546781766244,1888.4464532182337,1888.4464532182337,1717.5607818875119,1598.4392181124852,1598.4392181124852,16.600000000000001
226.25,12,44.27042453678127,14.811341817943378,51.28545881337844,3.6998620593570735,0.48997852487878252,26.728393061039494,3.6652880907844509,41.131019450561794,46.256575209532308,177.74342479046777,20.317180802238266,1888.6828191977618,1888.6828191977618,1715.1664883289177,1600.8335116710791,1600.8335116710791,16.600000000000001
226.5,12,44.247387563458815,14.828808477320784,51.192089806763065,3.6959275126480717,0.48905144152759783,26.738825005044735,3.6660351450018545,41.218071089014707,46.071097136806593,177.92890286319346,20.083447207792979,1888.9165527922071,1888.9165527922071,1712.7750435864232,1603.2249564135736,1603.2249564135736,16.600000000000001
226.75,12,44.224398238483978,14.846299729843214,51.098780965682643,3.6920051775285589,0.48813071786691797,26.749166136277328,3.6667766006546714,41.305140401989917,45.886295282731439,178.1137047172686,19.85231843029543,1889.1476815697047,1889.1476815697047,1710.3864486872139,1605.6135513127829,1605.6135513127829,16.600000000000001
227,12,44.20145654928659,14.863815562006137,51.005532426984935,3.6880949432485024,0.48721629256456711,26.759416652894203,3.6675124281273765,41.392227256180448,45.702168059336195,178.29783194066388,19.623767159214811,1889.3762328407854,1889.3762328407854,1708.0007046587496,1607.9992953412473,1607.9992953412473,16.600000000000001
227.25,12,44.178562483289767,14.881355960174801,50.912344327809073,3.684196699920685,0.48630810496530574,26.769576751649442,3.6682425980757865,41.479331517579745,45.518713874033658,178.48128612596642,19.397766339644193,1889.602233660356,1889.602233660356,1705.617812528481,1610.3821874715159,1610.3821874715159,16.600000000000001
227.5,12,44.155716027909854,14.89892091058738,50.819216805582059,3.6803103385148601,0.48540609508267646,26.779646627905226,3.6689670814254152,41.566453051489795,45.335931129722844,178.66406887027722,19.174289170210436,1889.8257108297898,1889.8257108297898,1703.2377733235342,1612.7622266764627,1612.7622266764627,16.600000000000001
227.75,12,44.13291717055607,14.916510399359028,50.726149998017988,3.6764357508554371,0.48451020359327029,26.789626475636194,3.6696858493734101,41.653591722523736,45.153818224888703,178.84618177511138,18.953309101721658,1890.0466908982785,1890.0466908982785,1700.860588070622,1615.1394119293748,1615.1394119293748,16.600000000000001
228,12,44.110165898630378,14.934124412484895,50.633144043114633,3.6725728296157385,0.48362037182880746,26.799516487440183,3.670398873386969,41.740747394613706,44.972373553702937,179.02762644629715,18.734799835115908,1890.2652001648844,1890.2652001648844,1698.4862577957422,1617.5137422042546,1617.5137422042546,16.600000000000001
228.25,12,44.087462199527373,14.95176293584327,50.540199079150703,3.6687214683131009,0.48273654176886205,26.809316854547397,3.671106125202602,41.827919931017369,44.791595506123436,179.20840449387663,18.51873531959361,1890.4812646804066,1890.4812646804066,1696.1147835239319,1619.8852164760649,1619.8852164760649,16.600000000000001
228.5,12,44.064806060634083,14.969425955198702,50.447315244683146,3.6648815613040542,0.48185865603371597,26.819027766829443,3.6718075768254441,41.915109194324231,44.611482467992808,179.38851753200728,18.305089750774098,1890.6949102492263,1890.6949102492263,1693.7461662790326,1622.2538337209642,1622.2538337209642,16.600000000000001
228.75,12,44.042197469329871,14.987113456204995,50.354492678544347,3.6610530037794877,0.48098665787728584,26.828649412808364,3.672503200528539,42.002315046462009,44.432032821135849,179.56796717886422,18.093837568858355,1890.9061624311419,1890.9061624311419,1691.3804070834544,1624.6195929165424,1624.6195929165424,16.600000000000001
229,12,44.019636412986209,15.004825424408141,50.261731519839444,3.6572356917598032,0.48012049118012129,26.838181979665716,3.6731929688520872,42.089537348702862,44.253244943456345,179.74675505654372,17.884953456798243,1891.1150465432022,1891.1150465432022,1689.0175069579466,1626.9824930420502,1626.9824930420502,16.600000000000001
229.25,12,43.997122878966614,15.022561845249177,50.169031907943463,3.6534295220900646,0.47926010044247436,26.847625653251669,3.6738768546026646,42.176775961669691,44.075117209032832,179.92488279096722,17.678412338472281,1891.3215876615279,1891.3215876615279,1686.6574669213676,1629.3425330786292,1629.3425330786292,16.600000000000001
229.5,12,43.974656854626524,15.040322704066535,50.076393982497613,3.6496343924336694,0.47840543077661174,26.856980618096657,3.6745548308511586,42.264030745344314,43.897647988214089,180.10235201178597,17.474189376593486,1891.5258106234066,1891.5258106234066,1684.3002879903829,1631.6997120096139,1631.6997120096139,16.600000000000001
229.75,12,43.952238327313196,15.058107986098904,49.98381788340685,3.6458502012680811,0.47755642790036379,26.86624705741945,3.6752268709324434,42.351301559072844,43.720835647713031,180.27916435228704,17.272259971010946,1891.7277400289893,1891.7277400289893,1681.9459711792747,1634.0540288207221,1634.0540288207221,16.600000000000001
230,12,43.929867284365422,15.075917676488201,49.891303750837899,3.6420768478813437,0.47671303813119242,26.87542515313384,3.6758929484456955,42.438588261570061,43.54467855069926,180.45532144930081,17.072599757166909,1891.9274002428335,1891.9274002428335,1679.5945174997923,1636.4054825002047,1636.4054825002047,16.600000000000001
230.25,12,43.907543713113469,15.093751760281842,49.798851725215798,3.6383142323662283,0.47587520837898789,26.884515085859473,3.6765530372526709,42.525890710926873,43.369175056891798,180.63082494310828,16.875184604116999,1892.1248153958832,1892.1248153958832,1677.2459279608847,1638.7540720391121,1638.7540720391121,16.600000000000001
230.5,12,43.885267600878983,15.111610222435178,49.70646194722098,3.6345622556152923,0.47504288613945495,26.893517034931094,3.6772071114767342,42.613208764616466,43.194323522650592,180.80567647734946,16.67999061272991,1892.3200093872704,1892.3200093872704,1674.9002035684821,1641.0997964315147,1641.0997964315147,16.600000000000001
230.75,12,43.863038934974817,15.129493047813851,49.614134557786336,3.6308208193159346,0.47421601948756614,26.902431178407831,3.6778551455018658,42.700542279500496,43.020122301067154,180.97987769893291,16.486994113894323,1892.5130058861059,1892.5130058861059,1672.5573453252803,1643.4426546747166,1643.4426546747166,16.600000000000001
231,12,43.84085770270498,15.147400221196085,49.521869698094235,3.6270898259454531,0.47339455707108319,26.911257693082398,3.6784971139716465,42.787891111835208,42.846569742054335,181.15343025794573,16.296171666733215,1892.703828333267,1892.703828333267,1670.2173542305293,1645.7826457694678,1645.7826457694678,16.600000000000001
231.25,12,43.818723891364449,15.165331727274909,49.429667509573633,3.6233691787660991,0.47257844810414568,26.919996754490391,3.679132991788221,42.87525511727754,42.673664192435353,181.3263358075647,16.107500056825838,1892.8924999431742,1892.8924999431742,1667.8802312798216,1648.1197687201754,1648.1197687201754,16.600000000000001
231.5,12,43.796637488239128,15.183287550660225,49.337528133896924,3.6196587818199881,0.47176764236087043,26.928648536919781,3.6797627541111084,42.962634150891354,42.501403996031854,181.49859600396823,15.920956294412667,1893.0790437055873,1893.0790437055873,1665.5459774648796,1650.4540225351175,1650.4540225351175,16.600000000000001
231.75,12,43.774598480605817,15.201267675880205,49.245451712975928,3.6159585399224432,0.47096209016840007,26.937213213423135,3.6803863763545897,43.050028067155523,42.329787493751425,181.67021250624865,15.736517612333294,1893.263482387667,1893.263482387667,1663.2145937732741,1652.7854062267227,1652.7854062267227,16.600000000000001
232,12,43.752606855731948,15.219272087384136,49.153438388960211,3.6122683586591453,0.47016174240151176,26.945690955823252,3.6810038341884814,43.137436719967418,42.158813023673858,181.84118697632621,15.55416146463714,1893.445838535363,1893.445838535363,1660.8860811883169,1655.1139188116802,1655.1139188116802,16.600000000000001
232.25,12,43.730662600875561,15.237300769544273,49.061488304233855,3.608588144380978,0.46936655047638159,26.954081934722808,3.6816151035368265,43.224859962649177,41.98847892113681,182.01152107886327,15.373865524797489,1893.6261344752024,1893.6261344752024,1658.5604406888492,1657.4395593111476,1657.4395593111476,16.600000000000001
232.5,12,43.708765703285131,15.255353706657536,48.969601601412236,3.6049178041986534,0.46857646634433181,26.962386319514344,3.6822201605763665,43.31229764795409,41.81878351882068,182.1812164811794,15.195607683896977,1893.8043923161031,1893.8043923161031,1656.2376732490295,1659.7623267509673,1659.7623267509673,16.600000000000001
232.75,12,43.686916150199572,15.273430882947293,48.877778423338903,3.6012572459777337,0.46779144248579135,26.970604278389612,3.6828189817353465,43.399749628072641,41.649725146832651,182.35027485316743,15.019366048887989,1893.9806339511122,1893.9806339511122,1653.917779838134,1662.0822201618628,1662.0822201618628,16.600000000000001
233,12,43.665113928848058,15.291532282565081,48.786018913082508,3.5976063783336572,0.46701143190432126,26.978735978348883,3.6834115436923041,43.487215754638349,41.48130213278997,182.51869786721011,14.845118940861255,1894.1548810591389,1894.1548810591389,1651.6007614203654,1664.3992385796314,1664.3992385796314,16.600000000000001
233.25,12,43.643359026449986,15.309657889592268,48.694323213933714,3.5939651106267676,0.46623638812070262,26.986781585210277,3.6839978233748405,43.574695878733721,41.31351280190232,182.68648719809778,14.67284489332283,1894.3271551066773,1894.3271551066773,1649.2866189546608,1666.7133810453361,1666.7133810453361,16.600000000000001
233.5,12,43.62165143021484,15.327807688041649,48.602691469402075,3.5903333529573578,0.4654662651670875,26.994741263619062,3.6845777979583856,43.662189850896056,41.146355477053532,182.85364452294655,14.50252265047963,1894.4974773495203,1894.4974773495203,1646.9753533945043,1669.0246466054928,1669.0246466054928,16.600000000000001
233.75,12,43.5999911273422,15.345981661858731,48.511123823212628,3.5867110161602445,0.46470101758105753,27.002615177057759,3.6851514448644593,43.749697521123871,40.979828478882368,183.0201715211177,14.334131165447943,1894.6658688345524,1894.6658688345524,1644.6669656877195,1671.3330343122773,1671.3330343122773,16.600000000000001
234,12,43.57837810502167,15.364179794922704,48.419620419302078,3.583098011798826,0.4639406003995668,27.010403487857225,3.6857187417583712,43.837218738883948,40.813930125862399,183.1860698741377,14.167649598373426,1894.8323504016266,1894.8323504016266,1642.3614567762434,1673.6385432237535,1673.6385432237535,16.600000000000001
234.25,12,43.556812350432665,15.382402071048915,48.328181401817055,3.579494252162212,0.46318496915396129,27.018106357202242,3.686279666550075,43.924753353114475,40.648658734381726,183.35134126561834,14.003057315118031,1894.996942684882,1894.996942684882,1640.0588275960363,1675.9411724039605,1675.9411724039605,16.600000000000001
234.5,12,43.535293850744367,15.400648473989804,48.236806915110428,3.5758996502594615,0.46243407986409873,27.025723945142261,3.686834197392014,44.012301212231755,40.484012618821303,183.5159873811788,13.840333885427333,1895.1596661145727,1895.1596661145727,1637.7590790768693,1678.2409209231275,1678.2409209231275,16.600000000000001
234.75,12,43.513822593115684,15.418918987436145,48.14549710373803,3.5723141198145512,0.46168788903276464,27.033256410600853,3.6873823126776974,44.09986216413612,40.319990091632732,183.68000990836734,13.679459081236487,1895.3205409187635,1895.3205409187635,1635.4622121421419,1680.5377878578552,1680.5377878578552,16.600000000000001
235,12,43.492398564695144,15.437213595018259,48.054252112455529,3.5687375752614283,0.4609463536401755,27.040703911384988,3.6879239910403467,44.18743605621755,40.156589463415301,183.8434105365848,13.520412874999852,1895.4795871250003,1895.4795871250003,1633.1682277087079,1682.8317722912889,1682.8317722912889,16.600000000000001
235.25,12,43.471021752620842,15.455532280307192,47.963072086215206,3.565169931739085,0.46020943113854029,27.048066604194332,3.6884592113515353,44.275022735361318,39.993809042992183,184.0061909570079,13.363175438029526,1895.6368245619706,1895.6368245619706,1630.8771266867047,1685.1228733132921,1685.1228733132921,16.600000000000001
235.5,12,43.449692144020339,15.473875026815843,47.87195717016273,3.5616111050866408,0.45947707944668176,27.05534464463048,3.6889879527198195,44.362622047953657,39.831647137485973,184.16835286251413,13.207727138842909,1895.7922728611572,1895.7922728611572,1628.5889099793831,1687.4110900206138,1687.4110900206138,16.600000000000001
235.75,12,43.428409726010628,15.492241818000013,47.780907509634041,3.5580610118384417,0.45874925694471574,27.062538187206197,3.6895101944893667,44.450233839887261,39.67010205239346,184.32989794760664,13.054048541519485,1895.9459514584805,1895.9459514584805,1626.3035784829401,1689.6964215170567,1689.6964215170567,16.600000000000001
236,12,43.407174485698071,15.510632637258899,47.689923250151402,3.5545195692180509,0.45802592246851487,27.069647385356458,3.6900259162376763,44.537857956567912,39.509172091659259,184.49082790834083,12.902120403891008,1896.0978795961089,1896.0978795961089,1624.0211330863201,1691.9788669136769,1691.9788669136769,16.600000000000001
236.25,12,43.385986410178369,15.529047467936262,47.599004537420505,3.5509866951337719,0.45730703530459871,27.076672391446991,3.6905350977745077,44.625494242919643,39.34885555774931,184.6511444422508,12.751923675977919,1896.2480763240221,1896.2480763240221,1621.7415746710635,1694.2584253289333,1694.2584253289333,16.600000000000001
236.5,12,43.364845486536382,15.547486293321848,47.508151517327832,3.5474623081749539,0.45659255518526731,27.083613356781541,3.6910377191414101,44.713142543389012,39.189150751723695,184.81084924827638,12.60343949855524,1896.3965605014448,1896.3965605014448,1619.4649041111886,1696.5350958888082,1696.5350958888082,16.600000000000001
236.75,12,43.343751701846116,15.565949096651909,47.417364335937037,3.5439463276063687,0.45588244228331654,27.090470431612285,3.6915337606096954,44.800802701951312,39.030055973308336,184.96994402669176,12.456649201422721,1896.5433507985774,1896.5433507985774,1617.1911222730082,1698.8088777269886,1698.8088777269886,16.600000000000001
237,12,43.322705043170643,15.584435861109993,47.326643139485682,3.5404386733633397,0.4551766572069903,27.097243765149031,3.6920232026790054,44.888474562115974,38.871569520965991,185.12843047903411,12.31153430180043,1896.6884656981997,1896.6884656981997,1614.9202300149725,1701.0797699850243,1701.0797699850243,16.600000000000001
237.25,12,43.301705497562061,15.602946569827694,47.235988074381957,3.5369392660468932,0.45447516099498697,27.103933505568364,3.6925060260758644,44.97615796693195,38.713689691966763,185.28631030803334,12.168076502733605,1896.8319234972664,1896.8319234972664,1612.6522281875189,1703.347771812478,1703.347771812478,16.600000000000001
237.5,12,43.280753052061414,15.621481205885351,47.145399287201457,3.533448026918927,0.45377791511152121,27.110539800022782,3.6929822117522391,45.063852758993093,38.556414782457693,185.44358521754242,12.026257691506858,1896.973742308493,1896.973742308493,1610.3871176329201,1705.6128823670767,1705.6128823670767,16.600000000000001
237.75,12,43.259847693698639,15.640039752312715,47.054876924683896,3.5299648778973949,0.45308488144143944,27.117062794649808,3.6934517408840897,45.151558780443388,38.399743087531803,185.6002569124683,11.88605993806787,1897.1139400619322,1897.1139400619322,1608.1248991851353,1707.8751008148615,1707.8751008148615,16.600000000000001
238,12,43.238989409492497,15.65862219208949,46.964421133729815,3.5264897415514107,0.45239602228537534,27.123502634581225,3.693914594869816,45.239275872982383,38.243672901296279,185.75632709870382,11.747465493443389,1897.2525345065567,1897.2525345065567,1605.8655736696626,1710.1344263303342,1710.1344263303342,16.600000000000001
238.25,12,43.218178186450608,15.677228508145154,46.87403206139652,3.5230225410953353,0.45171130035481916,27.129859463954077,3.6943707553276308,45.32700387787164,38.08820251693934,185.91179748306075,11.610456787991298,1897.3895432120087,1897.3895432120087,1603.6091419033562,1712.3908580966408,1712.3908580966408,16.600000000000001
238.5,12,43.197414011569307,15.69585868336036,46.783709854895761,3.5195632003853472,0.45103067876757175,27.136133425917411,3.6948202040954805,45.41474263593846,37.933330226797992,186.06666977320211,11.475016430074902,1897.5249835699253,1897.5249835699253,1601.3556046943302,1714.6443953056666,1714.6443953056666,16.600000000000001
238.75,12,43.176696871833535,15.714512700567406,46.69345466159033,3.5161116439146687,0.45035412104306644,27.142324662641318,3.6952629232295573,45.502491987581081,37.779054322424265,186.22094567757583,11.341127204517793,1897.6588727954822,1897.6588727954822,1599.1049628418214,1716.8950371581757,1716.8950371581757,16.600000000000001
239,12,43.15602675421686,15.733190542550448,46.603266628990667,3.5126677968085089,0.44968159109770223,27.148433315326482,3.6956988950024905,45.590251772774174,37.625373094650456,186.37462690534966,11.208772071017975,1897.7912279289822,1897.7912279289822,1596.8572171360383,1719.1427828639587,1719.1427828639587,16.600000000000001
239.25,12,43.135403645681365,15.751892192045897,46.513145904751511,3.5092315848193367,0.44901305324026947,27.154459524213134,3.6961281019018632,45.678021831073913,37.472284833654058,186.52771516634604,11.077934162622709,1897.9220658373774,1897.9220658373774,1594.6123683580292,1721.3876316419676,1721.3876316419676,16.600000000000001
239.5,12,43.114827533177632,15.770617631742743,46.423092636668621,3.5058029343221726,0.44834847216742618,27.160403428590019,3.6965505266287226,45.765802001623065,37.319787829021863,186.68021217097822,10.948596784212862,1898.0514032157873,1898.0514032157873,1592.3704172795483,1723.6295827204488,1723.6295827204488,16.600000000000001
239.75,12,43.094298403644693,15.789366844282874,46.333106972675466,3.5023817723099024,0.44768781295922466,27.16626516680331,3.6969661520960977,45.85359212315602,37.167880369813545,186.83211963018655,10.82074341099686,1898.1792565890032,1898.1792565890032,1590.1313646629258,1725.8686353370711,1725.8686353370711,16.600000000000001
240,12,43.073816244009905,15.808139812261338,46.243189060839995,3.4989680263886145,0.44703104107468788,27.172044876265449,3.6973749614275118,45.941392034003769,37.016560744624456,186.98343925537566,10.694357687014326,1898.3056423129858,1898.3056423129858,1587.8952112609397,1728.1047887390571,1728.1047887390571,16.600000000000001
