time_s,initial_mol,cumulative_inlet_mol,blood_free_mol,endothelium_free_mol,interstitium_free_mol,receptor_bound_mol,internalized_mol,cleared_or_degraded_mol,cumulative_outlet_mol,occupancy_fraction,applied_feedback_multiplier,scheduled_feedback_multiplier,balance_error_mol
0,1.1363371054780858e-17,0,1.1363371054780858e-17,0,0,0,0,0,0,0,1,1,0
30,1.1363371054780858e-17,0,1.1021913234092244e-17,3.3223212131250717e-19,2.5084488594056915e-21,2.0247344991066856e-24,1.0520704104905251e-26,2.5205885498293733e-25,6.7149632026495573e-21,0.00024884155418874603,1,1,6.1629758220391547e-33
60,1.1363371054780858e-17,0,1.0692658599484772e-17,6.4762084549476292e-19,9.8449660000672721e-21,1.5754677884087523e-23,1.6444132943053311e-25,1.9882900833628573e-24,1.3228736391969106e-20,0.0019362630172741638,1,1,1.0785207688568521e-32
90,1.1363371054780858e-17,0,1.0375142009728939e-17,9.4688542229410211e-19,2.1736042620473237e-20,5.1648641908111756e-23,8.1264270371456244e-25,6.6178429249047228e-24,1.9548501009822631e-20,0.0063476610537445705,1,1,1.6948183510607676e-32
120,1.1363371054780858e-17,0,1.0068916503962596e-17,1.2307158256362701e-18,3.7920895184180011e-20,1.1868785884667385e-22,2.5043813486147039e-24,1.5472853587178226e-23,2.5681164904044331e-20,0.014586836581177166,1,1,1.3866695599588098e-32
150,1.1363371054780858e-17,0,9.7735525843143266e-18,1.4997739283815838e-18,5.8151230691219608e-20,2.2417145788379542e-22,5.9534360009399078e-24,2.981347985722958e-23,3.163337301999607e-20,0.027550858647971993,1,1,1.0785207688568521e-32
180,1.1363371054780858e-17,0,9.4886375269506069e-18,1.7546946311984974e-18,8.2191068943193455e-20,3.7347756656137048e-22,1.1999825073083423e-23,5.0832626646866065e-23,3.7411517670283309e-20,0.045900703602751877,1,1,4.622231866529366e-33
210,1.1363371054780858e-17,0,9.2137747204247502e-18,1.9960869474285204e-18,1.0981657122924304e-19,5.6984002199857277e-22,2.1566936763218625e-23,7.9660340240916371e-23,4.3021748399344667e-20,0.070033812717487792,1,1,1.5407439555097887e-33
240,1.1363371054780858e-17,0,8.9485830302497921e-18,2.2245350455983534e-18,1.4081582775786629e-19,8.1418696715155042e-22,3.5614912114068243e-23,1.1736783661171971e-22,4.8469981458970935e-20,0.10006425553355372,1,0.9749839361166116,3.0814879110195774e-33
270,1.1363371054780858e-17,0,8.6926987292059041e-18,2.4414648233141001e-18,1.7412147006307604e-19,1.104194293953765e-21,5.5085842397302847e-23,1.6484264491246467e-22,5.3761909416520124e-20,0.13570639723629366,0.9749839361166116,0.96607340069092662,6.1629758220391547e-33
300,1.1363371054780858e-17,0,8.4457734913511417e-18,2.6469422479071184e-18,2.1001354314295565e-19,1.4350667615348e-21,8.0836322807818308e-23,2.2285764029963225e-22,5.8903011655004328e-20,0.1763708987338759,0.96607340069092662,0.95590727531653097,4.622231866529366e-33
330,1.1363371054780858e-17,0,8.207471459037462e-18,2.8415734497069944e-18,2.4822114089342698e-19,1.8006434786536838e-21,1.1360570674409583e-22,2.9219379822211652e-22,6.389856215935991e-20,0.22130058136792935,0.95590727531653097,0.9446748546580177,4.622231866529366e-33
360,1.1363371054780858e-17,0,7.97747040431653e-18,3.0259397907193653e-18,2.8848651720242546e-19,2.1931638064718776e-21,1.5398381883122769e-22,3.7355740011030232e-22,6.8753637517127895e-20,0.26954165616961318,0.9446748546580177,0.93261458595759672,4.622231866529366e-33
390,1.1363371054780858e-17,0,7.7554611594214294e-18,3.2005937049404555e-18,3.3056929883845355e-19,2.6037988441789886e-21,2.0238432230466042e-22,4.6758348824735325e-22,7.3473124925794854e-20,0.32000904388512602,0.93261458595759672,0.91999773902871851,6.1629758220391547e-33
420,1.1363371054780858e-17,0,7.5411470415970539e-18,3.3660551392587185e-18,3.7425003183194697e-19,3.0232419577817035e-21,2.5902993817557685e-22,5.7484034064987056e-22,7.8061729856538615e-20,0.37155895145508971,0.91999773902871851,0.90711026213622759,6.1629758220391547e-33
450,1.1363371054780858e-17,0,7.3342432771074654e-18,3.5228089650176485e-18,4.1933274329547343e-19,3.4423011195056798e-21,3.2395006633937446e-22,6.9583480210258669e-22,8.2523983372332629e-20,0.4230616710197711,0.90711026213622759,0.89423458224505725,1.0785207688568521e-32
480,1.1363371054780858e-17,0,7.1344764309187556e-18,3.6713036056660999e-18,4.6564632313790946e-19,3.8524375488103962e-21,3.9699017710342149e-22,8.3101823038660749e-22,8.6864249101801459e-20,0.47346777934786888,0.89423458224505725,0.88163305516303281,1.0785207688568521e-32
510,1.1363371054780858e-17,0,6.9415838493743227e-18,3.8119509795850851e-18,5.130446670161794e-19,4.2462048709591114e-21,4.7783128917347773e-22,9.8079277074471106e-22,9.1086729874408777e-20,0.5218621107900695,0.88163305516303281,0.8695344723024826,1.3866695599588098e-32
540,1.1363371054780858e-17,0,6.7553131231085355e-18,3.9451277111858439e-18,5.614056533440981e-19,4.617558387066249e-21,5.6601706890616946e-22,1.1455176594508386e-21,9.5195474026973097e-20,0.56750176682513298,0.8695344723024826,0.8581245582937167,1.5407439555097887e-32
570,1.1363371054780858e-17,0,6.5754215765748297e-18,4.071177437971212e-18,6.1062913597280991e-19,4.9620219309176499e-21,6.6098565852980934e-22,1.3255152769484915e-21,9.9194381395627229e-20,0.60983662290189966,0.8581245582937167,0.84754084427452514,1.8488927466117464e-32
600,1.1363371054780858e-17,0,6.401675789084043e-18,4.1904139512154239e-18,6.6063420846449908e-19,5.2767170058562678e-21,7.6210328395551644e-22,1.5210767163490135e-21,1.0308720901074634e-19,0.6485129093867793,0.84754084427452514,0.83787177265330515,1.6948183510607676e-32
630,1.1363371054780858e-17,0,6.2338511504088182e-18,4.30312486054468e-18,7.1135603073384862e-19,5.5602729213929342e-21,8.6869696188276881e-22,1.732466695487086e-21,1.0687757651476453e-19,0.68336216727846255,0.83787177265330515,0.82915945818038439,1.5407439555097887e-32
660,1.1363371054780858e-17,0,6.0717314520711516e-18,4.4095754676780095e-18,7.6274250588906761e-19,5.8126459724154523e-21,9.8008413555590545e-22,1.9599277106233326e-21,1.105689713240506e-19,0.71437902518230467,0.82915945818038439,0.8214052437044238,1.5407439555097887e-32
690,1.1363371054780858e-17,0,5.9151085136274057e-18,4.5100125653782341e-18,8.1475106120899254e-19,6.0348798979294165e-21,1.095597713900764e-21,2.2036833982761527e-21,1.141647535561316e-19,0.74169175949031385,0.8214052437044238,0.81457706012742159,1.0785207688568521e-32
720,1.1363371054780858e-17,0,5.7637818417740949e-18,4.6046679337890107e-18,8.6734573227306634e-19,6.2288394038804525e-21,1.2146056667886926e-21,2.4639411313539217e-21,1.1766816074267516e-19,0.76552954411433827,0.81457706012742159,0.80861761397141541,1.0785207688568521e-32
750,1.1363371054780858e-17,0,5.6175583190236398e-18,4.6937613758706858e-18,9.2049468414759887e-19,6.3969445157788425e-21,1.3365249541865029e-21,2.7408939219914236e-21,1.2108231234698907e-19,0.78618980220265777,0.80861761397141541,0.80345254944933553,1.3866695599588098e-32
780,1.1363371054780858e-17,0,5.4762519180753608e-18,4.7775032053814299e-18,9.7416823812551511e-19,6.5419272823937638e-21,1.4608300794160529e-21,3.0347217341166522e-21,1.2441021410263885e-19,0.80400830482162267,0.80345254944933553,0.79899792379459433,1.3866695599588098e-32
810,1.1363371054780858e-17,0,5.3396834378056313e-18,4.8560961657913554e-18,1.0283374145476529e-18,6.6666251995233655e-21,1.5870569253742029e-21,3.3455923239588202e-21,1.2765476218737732e-19,0.81933378256515899,0.79899792379459433,0.79516655435871031,1.5407439555097887e-32
840,1.1363371054780858e-17,0,5.2076802569518156e-18,4.9297368106733724e-18,1.082972956667909e-18,6.7738187637369683e-21,1.7148027514708883e-21,3.6736617284034502e-21,1.3081874724416513e-19,0.83250796077455524,0.79516655435871031,0.79187300980636122,1.6948183510607676e-32
870,1.1363371054780858e-17,0,5.080076101972436e-18,4.9986164125966601e-18,1.1380447695442525e-18,6.8661145844237592e-21,1.8437233119277068e-21,4.0190745123555847e-21,1.3390485825881755e-19,0.84385119391201591,0.79187300980636122,0.78903720152199597,1.3866695599588098e-32
900,1.1363371054780858e-17,0,4.9567108261299204e-18,5.062921488182744e-18,1.1935216913413791e-18,6.945870925167514e-21,1.9735280292200128e-21,4.381963870575414e-21,1.3691568630186667e-19,0.85365331453367743,0.78903720152199597,0.78658667136658067,1.5407439555097887e-32
930,1.1363371054780858e-17,0,4.8374301974695101e-18,5.122834033624662e-18,1.2493715102783057e-18,7.0151595556508106e-21,2.1039740519274621e-21,4.7624516601739577e-21,1.3985372814064231e-19,0.86216894485690265,0.78658667136658067,0.78445776378577436,1.5407439555097887e-32
960,1.1363371054780858e-17,0,4.7220856939829811e-18,5.1785315607033473e-18,1.3055611457924619e-18,7.0757562794258818e-21,2.2348598763244965e-21,5.1606484199636791e-21,1.4272138972636634e-19,0.8696163326154398,0.78445776378577436,0.78259591684614005,1.3866695599588098e-32
990,1.1363371054780858e-17,0,4.6105343047951252e-18,5.2301870117273721e-18,1.3620569240294697e-18,7.1291522103945947e-21,2.3660190440241135e-21,5.57665341428802e-21,1.4552098956019848e-19,0.87617873694819148,0.78259591684614005,0.78095531576295207,1.3866695599588098e-32
1020,1.1363371054780858e-17,0,4.5026383366634205e-18,5.2779686163032022e-18,1.4188248924112149e-18,7.1765784723540266e-21,2.497314265911697e-21,6.010554723161626e-21,1.4825476194161254e-19,0.8820074639939125,0.78095531576295207,0.7794981340015219,1.8488927466117464e-32
1050,1.1363371054780858e-17,0,4.3982652254253099e-18,5.3220397362920104e-18,1.4758311332429714e-18,7.2190381499154179e-21,2.6286321803245205e-21,6.4624293881784551e-21,1.5092486010216793e-19,0.88722579368572707,0.7794981340015219,0.77819355157856829,2.1570415377137042e-32
1080,1.1363371054780858e-17,0,4.2972873522664724e-18,5.3625587298368169e-18,1.5330420502755659e-18,7.2573407207073005e-21,2.7598788389647743e-21,6.9323436147530398e-21,1.5353335922759896e-19,0.89193321149753491,0.77819355157856829,0.77701669712561627,2.1570415377137042e-32
1110,1.1363371054780858e-17,0,4.199581864830716e-18,5.3996788522532551e-18,1.5904246137611793e-18,7.2921356093947848e-21,2.8909759297045524e-21,7.4203530255161389e-21,1.5608225937111162e-19,0.89620953226089328,0.77701669712561627,0.77594761693477665,2.0029671421627253e-32
1140,1.1363371054780858e-17,0,4.1050305032666474e-18,5.4335482014521629e-18,1.6479465583930299e-18,7.3239427622549216e-21,3.0218576894282556e-21,7.9265029565288068e-21,1.5857348826082317e-19,0.90011865780576228,0.77594761693477665,0.77497033554855943,1.8488927466117464e-32
1170,1.1363371054780858e-17,0,4.0135194313273008e-18,5.4643097084305645e-18,1.705576534644834e-18,7.3531791590664722e-21,3.1524684279987844e-21,8.4508287867663939e-21,1.6100890400433933e-19,0.90371183529381072,0.77497033554855943,0.77407204117654738,1.0785207688568521e-32
1200,1.1363371054780858e-17,0,3.9249390726252736e-18,5.4921011688906329e-18,1.7632842177794837e-18,7.3801809296698155e-21,3.282760570838276e-21,8.9933562914385608e-21,1.6339029769353357e-19,0.90703037536202624,0.77407204117654738,0.77324240615949347,1.3866695599588098e-32
1230,1.1363371054780858e-17,0,3.8391839521124835e-18,5.5170553096943007e-18,1.8210403806824007e-18,7.405221241472118e-21,3.4126931269429817e-21,9.5541020106257495e-21,1.6571939591264418e-19,0.9101078505119804,0.77324240615949347,0.7724730373720049,1.2325951644078309e-32
1260,1.1363371054780858e-17,0,3.7561525428119553e-18,5.5392998830547823e-18,1.878816937226384e-18,7.4285244123797327e-21,3.5422304965181673e-21,1.0133073626019113e-20,1.679978631528347e-19,0.91297182960095991,0.7724730373720049,0.77175704259975997,1.5407439555097887e-32
1290,1.1363371054780858e-17,0,3.6757471177868176e-18,5.5589577815697409e-18,1.9365869625717497e-18,7.4502768322902118e-21,3.6713415439423075e-21,1.0730270339961843e-20,1.7022730413636613e-19,0.91564522010241967,0.77175704259975997,0.77108869497439514,1.0785207688568521e-32
1320,1.1363371054780858e-17,0,3.5978736072937195e-18,5.5761471679765815e-18,1.9943246960342432e-18,7.4706352958313053e-21,3.7999988746592969e-21,1.1345683252326214e-20,1.7240926605350968e-19,0.9181472922065379,0.77108869497439514,0.77046317694836552,1.3866695599588098e-32
1350,1.1363371054780858e-17,0,3.5224414610362744e-18,5.5909816145343577e-18,2.0520055311932604e-18,7.489733302707394e-21,3.9281782670553877e-21,1.197929573192605e-20,1.7454524071528659e-19,0.92049445313803291,0.77046317694836552,0.76987638671549175,9.2444637330587321e-33
1380,1.1363371054780858e-17,0,3.4493635154097888e-18,5.6035702479948522e-18,2.1096059969467032e-18,7.5076858029267163e-21,4.0558582214080268e-21,1.2631083780122165e-20,1.7663666662506283e-19,0.92270083034853678,0.76987638671549175,0.76932479241286578,4.622231866529366e-33
1410,1.1363371054780858e-17,0,3.3785558656107241e-18,5.6140178970918554e-18,2.1671037323489363e-18,7.5245927751759048e-21,4.1830195971834813e-21,1.3301016385031679e-20,1.7868493097195681e-19,0.92477871130180267,0.76932479241286578,0.76880532217454933,4.622231866529366e-33
1440,1.1363371054780858e-17,0,3.3099377424725006e-18,5.6224252402946241e-18,2.2244774573405552e-18,7.540541941648255e-21,4.3096453172748389e-21,1.398905586532191e-20,1.806913715489387e-19,0.92673887712835701,0.76880532217454933,0.76831528071791078,6.1629758220391547e-33
1470,1.1363371054780858e-17,0,3.2434313938820255e-18,5.6288889522239275e-18,2.28170694090122e-18,7.5556108488975175e-21,4.4357201233920031e-21,1.4695158202988809e-20,1.8265727859841172e-19,0.928590858364162,0.76831528071791078,0.76785228540895956,4.622231866529366e-33
1500,1.1363371054780858e-17,0,3.1789619706277089e-18,5.6335018476281495e-18,2.3387729677168762e-18,7.5698684843106649e-21,4.5612303710162739e-21,1.5419273364819897e-20,1.84583896587981e-19,0.9303431336164627,0.76785228540895956,0.76741421659588438,4.622231866529366e-33
1530,1.1363371054780858e-17,0,3.1164574165288449e-18,5.6363530221858387e-18,2.3956573041280126e-18,7.5833765512844329e-21,4.6861638554079886e-21,1.6161345612451844e-20,1.8647242591902276e-19,0.93200328628404516,0.76741421659588438,0.76699917842898868,6.1629758220391547e-33
1560,1.1363371054780858e-17,0,3.0558483626971726e-18,5.6375279896663586e-18,2.4523426638918701e-18,7.59619049142449e-21,4.8105096623761408e-21,1.6921313801077486e-20,1.883240245705787e-19,0.93357813018636426,0.76699917842898868,0.76660546745340896,1.5407439555097887e-33
1590,1.1363371054780858e-17,0,2.9970680257837729e-18,5.6371088151669703e-18,2.5088126741262219e-18,7.6083603168183689e-21,4.9342580391086057e-21,1.7699111666954807e-20,1.901398096810095e-19,0.93507381185057981,0.76660546745340896,0.76623154703735508,3.0814879110195774e-33
1620,1.1363371054780858e-17,0,2.9400521100675147e-18,5.6351742442737963e-18,2.5650518416869095e-18,7.6199312974452325e-21,5.0574002814982732e-21,1.8494668103935083e-20,1.919208590697568e-19,0.93649589499478803,0.76623154703735508,0.76587602625130302,3.0814879110195774e-33
1650,1.1363371054780858e-17,0,2.8847387132450573e-18,5.6317998280825125e-18,2.6210455201511698e-18,7.6309445361563548e-21,5.1799286352161796e-21,1.9307907429269704e-20,1.9366821270147508e-19,0.93784943119360153,0.76587602625130302,0.76553764220159959,3.0814879110195774e-33
1680,1.1363371054780858e-17,0,2.831068235786345e-18,5.6270580440744442e-18,2.6767798775231426e-18,7.6414374548555265e-21,5.3018362083743862e-21,2.0138749638981634e-20,1.9538287409471397e-19,0.93913901963012492,0.76553764220159959,0.76521524509246874,0
1710,1.1363371054780858e-17,0,2.7789832937238044e-18,5.6210184128841102e-18,2.7322418647391658e-18,7.651444209372256e-21,5.4231168940564816e-21,2.0987110653103324e-20,1.9706581167725048e-19,0.940368858084217,0.76521524509246874,0.76490778547894578,4.622231866529366e-33
1740,1.1363371054780858e-17,0,2.7284286347476235e-18,5.613747611021376e-18,2.7874191850231432e-18,7.660996046217575e-21,5.5437653013192275e-21,2.185290255109139e-20,1.9871796009009305e-19,0.94154278677807546,0.76490778547894578,0.76461430330548108,6.1629758220391547e-33
1770,1.1363371054780858e-17,0,2.6793510574838826e-18,5.6053095796294769e-18,2.842300264122794e-18,7.6701216113592731e-21,5.6637766935172997e-21,2.2736033797732042e-20,2.0034022144210336e-19,0.94266432632497055,0.76461430330548108,0.76433391841875742,7.7037197775489434e-33
1800,1.1363371054780858e-17,0,2.6316993338364219e-18,5.5957656293720389e-18,2.8968742214434985e-18,7.6788472189509543e-21,5.7831469329961578e-21,2.3636409459850736e-20,2.019334665171104e-19,0.94373671075626908,0.76433391841875742,0.76406582231093267,9.2444637330587321e-33
1830,1.1363371054780858e-17,0,2.5854241342775748e-18,5.5851745415499898e-18,2.9511308420861663e-18,7.6871970863298865e-21,5.9018724313507433e-21,2.4553931414137607e-20,2.034985359353193e-19,0.94476291640286625,0.76406582231093267,0.76380927089928341,9.2444637330587321e-33
1860,1.1363371054780858e-17,0,2.5404779559769212e-18,5.5735926655539618e-18,3.0050605497878848e-18,7.6951935403836965e-21,6.0199501045703695e-21,2.5488498546395181e-20,2.050362412707523e-19,0.94574568725782371,0.76380927089928341,0.7635635781855441,1.2325951644078309e-32
1890,1.1363371054780858e-17,0,2.4968150536612154e-18,5.5610740127604561e-18,3.0586543807583475e-18,7.7028571994557165e-21,6.137377332490061e-21,2.6440006942510048e-20,2.0654736612639086e-19,0.94668755733268806,0.7635635781855441,0.76332811066682793,7.7037197775489434e-33
1920,1.1363371054780858e-17,0,2.4543913731024941e-18,5.5476703469811912e-18,3.1119039584008237e-18,7.7102071342342711e-21,6.2541519220507719e-21,2.7408350071443194e-20,2.0803266716862751e-19,0.94759087043091816,0.76332811066682793,0.7631022823922704,6.1629758220391547e-33
1950,1.1363371054780858e-17,0,2.4131644871351073e-18,5.533431271575113e-18,3.1648014689031058e-18,7.7172610104970256e-21,6.3702720739393179e-21,2.8393418960526857e-20,2.0949287512257421e-19,0.94845779769128413,0.7631022823922704,0.76288555057717899,4.622231866529366e-33
1980,1.1363371054780858e-17,0,2.3730935341060756e-18,5.5184043133318478e-18,3.2173396376815156e-18,7.724035216121248e-21,6.4857363522360741e-21,2.9395102363348558e-20,2.1092869572971542e-19,0.94929035319753419,0.76288555057717899,0.76267741170061643,3.0814879110195774e-33
2010,1.1363371054780858e-17,0,2.3341391586666911e-18,5.5026350032340055e-18,3.2695117066591844e-18,7.7305449743966223e-21,6.6005436567467468e-21,3.0413286920494406e-20,2.1234081066933852e-19,0.95009040790463373,0.76267741170061643,0.76247739802384151,0
2040,1.1363371054780858e-17,0,2.2962634548166566e-18,5.4861669542040145e-18,3.3213114123585472e-18,7.7368044453711986e-21,6.7146931977356268e-21,3.1447857313417042e-20,2.1372987844511879e-19,0.95085970209426707,0.76247739802384151,0.76228507447643323,3.0814879110195774e-33
2070,1.1363371054780858e-17,0,2.259429911115403e-18,5.4690419359390143e-18,3.3727329647870529e-18,7.7428268167077239e-21,6.8281844728125363e-21,3.2498696411684397e-20,2.1509653523818612e-19,0.95159985654115575,0.76228507447643323,0.76210003586471109,1.5407439555097887e-33
2100,1.1363371054780858e-17,0,2.2236033579783414e-18,5.4512999469351377e-18,3.4237710270945014e-18,7.748624385317232e-21,6.9410172457557121e-21,3.3565685413858507e-20,2.164413957279469e-19,0.95231238254589479,0.76210003586471109,0.76192190436352636,0
2130,1.1363371054780858e-17,0,2.1887499169789198e-18,5.4329792837998779e-18,3.4744206959799839e-18,7.754208630860403e-21,7.0531915270785747e-21,3.4648703982244944e-20,2.177650538818904e-19,0.95299869096833112,0.76192190436352636,0.76175032725791725,1.5407439555097887e-33
2160,1.1363371054780858e-17,0,2.1548369520802791e-18,5.4141166079487139e-18,3.5246774828263267e-18,7.7595902820592493e-21,7.1647075561706593e-21,3.5747630371745685e-20,2.1906808371555801e-19,0.95366010037732452,0.76175032725791725,0.7615849749056689,3.0814879110195774e-33
2190,1.1363371054780858e-17,0,2.1218330227232272e-18,5.3947470097794675e-18,3.5745372955398096e-18,7.7647793766361033e-21,7.2755657848621184e-21,3.686234155304097e-20,2.2035104002381294e-19,0.95429784441729937,0.7615849749056689,0.76142553889567521,1.5407439555097887e-33
2220,1.1363371054780858e-17,0,2.0897078386998825e-18,5.3749040704151405e-18,3.6239964210731455e-18,7.7697853155908262e-21,7.3857668622781439e-21,3.799271333031748e-20,2.2161445908450078e-19,0.95491307847895868,0.76142553889567521,0.7612717303802603,0
2250,1.1363371054780858e-17,0,2.0584322167451512e-18,5.3546199211032655e-18,3.6730515086098258e-18,7.7746169124360654e-21,7.4953116208640918e-21,3.9138620453753133e-20,2.2285885933555384e-19,0.95550688575033826,0.7612717303802603,0.76112327856241546,9.2444637330587321e-33
2280,1.1363371054780858e-17,0,2.0279780387806038e-18,5.3339253003570185e-18,3.721699553388309e-18,7.7792824379333176e-21,7.6042010634750872e-21,4.0299936726961105e-20,2.2408474202654864e-19,0.95608028271490608,0.76112327856241546,0.76097992932127345,9.2444637330587321e-33
2310,1.1363371054780858e-17,0,1.9983182117478958e-18,5.3128496089206657e-18,3.7699378811447651e-18,7.7837896608054331e-21,7.7124363514349006e-21,4.14765351095891e-20,2.2529259184569076e-19,0.95663422415516264,0.76097992932127345,0.76084144396120934,9.2444637330587321e-33
2340,1.1363371054780858e-17,0,1.9694266289712055e-18,5.2914209626392355e-18,3.8177641331536607e-18,7.7881458848441848e-21,7.8200187934788908e-21,4.2668287815262585e-20,2.2648287752315975e-19,0.95716960771319237,0.76084144396120934,0.76070759807170196,9.2444637330587321e-33
2370,1.1363371054780858e-17,0,1.941278132990446e-18,5.2696662433096303e-18,3.8651762518457154e-18,7.7923579827817172e-21,7.9269498355044826e-21,4.3875066405053821e-20,2.2765605241171666e-19,0.95768727805349296,0.76070759807170196,0.76057818048662673,7.7037197775489434e-33
2400,1.1363371054780858e-17,0,1.9138484798092422e-18,5.2476111475878239e-18,3.912172466983378e-18,7.7964324272519076e-21,8.0332310510602024e-21,4.5096741876652704e-20,2.2881255504543905e-19,0.95818803066815195,0.76057818048662673,0.76045299233296204,1.0785207688568521e-32
2430,1.1363371054780858e-17,0,1.8871143045037328e-18,5.2252802340242565e-18,3.9587512823743966e-18,7.8003753191301223e-21,8.1388641325113472e-21,4.6333184749408173e-20,2.2995280967741485e-19,0.95867261535982684,0.76045299233296204,0.76033184616004323,7.7037197775489434e-33
2460,1.1363371054780858e-17,0,1.8610530881403787e-18,5.2026969682969991e-18,4.0049114631045394e-18,7.8041924135075454e-21,8.2438508828261058e-21,4.7584265145403378e-20,2.3107722679719645e-19,0.95914173943401149,0.76033184616004323,0.7602145651414971,6.1629758220391547e-33
2490,1.1363371054780858e-17,0,1.8356431259528334e-18,5.1798837667099509e-18,4.0506520232710931e-18,7.8078891435276443e-21,8.3481932079315939e-21,4.8849852866721826e-20,2.3218620362878738e-19,0.95959607062855745,0.7602145651414971,0.76010098234286061,1.2325951644078309e-32
2520,1.1363371054780858e-17,0,1.8108634967299183e-18,5.1568620380208261e-18,4.0959722141992647e-18,7.8114706422876662e-21,8.4518931095938127e-21,5.0129817469055486e-20,2.3328012460989853e-19,0.96003623980538633,0.76010098234286061,0.75999094004865342,1.2325951644078309e-32
2550,1.1363371054780858e-17,0,1.7866940333684782e-18,5.1336522236615341e-18,4.1408715131240748e-18,7.8149417629860573e-21,8.5549526787799604e-21,5.1424028331800881e-20,2.3435936185319036e-19,0.96046284342662436,0.75999094004865342,0.75988428914334394,1.5407439555097887e-32
2580,1.1363371054780858e-17,0,1.7631152945467259e-18,5.1102738364112394e-18,4.1853496123209678e-18,7.8183070974775856e-21,8.6573740894653499e-21,5.2732354724783239e-20,2.3542427559018527e-19,0.96087644583504206,0.75988428914334394,0.75978088854123949,1.2325951644078309e-32
2610,1.1363371054780858e-17,0,1.7401085374753255e-18,5.0867454975802687e-18,4.2294064086687658e-18,7.8215709933810736e-21,8.7591595928504429e-21,5.4054665871743897e-20,2.3647521459850833e-19,0.96127758135660923,0.75978088854123949,0.75968060466084775,1.3866695599588098e-32
2640,1.1363371054780858e-17,0,1.7176556916851029e-18,5.0630849727609288e-18,4.273041993629173e-18,7.8247375698696726e-21,8.8603115119567557e-21,5.5390831010720921e-20,2.3751251661309212e-19,0.96166675624113263,0.75968060466084775,0.75958331093971687,1.3866695599588098e-32
2670,1.1363371054780858e-17,0,1.6957393338118386e-18,5.0393092061992389e-18,4.3162566436275302e-18,7.8278107322603171e-21,8.9608322365730828e-21,5.6740719451448337e-20,2.3853650872195592e-19,0.96204445045531228,0.75958331093971687,0.75948888738617193,1.2325951644078309e-32
2700,1.1363371054780858e-17,0,1.6743426633400983e-18,5.0154343538397024e-18,4.3590508108199724e-18,7.8307941855075174e-21,9.060724218525939e-21,5.8104200629893813e-20,2.3954750774714456e-19,0.96241111934113921,0.75948888738617193,0.75939722016471523,1.3866695599588098e-32
2730,1.1363371054780858e-17,0,1.6534494792695097e-18,4.9914758150932134e-18,4.4014251142327264e-18,7.8336914466959983e-21,9.1599899672504012e-21,5.9481144160051719e-20,2.4054582061139217e-19,0.96276719515125175,0.75939722016471523,0.75930820121218701,1.6948183510607676e-32
2760,1.1363371054780858e-17,0,1.6330441576682896e-18,4.9674482633765089e-18,4.4433803312596249e-18,7.8365058566176318e-21,9.2586320456394937e-21,6.0871419883102068e-20,2.415317446910541e-19,0.96311308847175003,0.75930820121218701,0.75922172788206255,2.0029671421627253e-32
2790,1.1363371054780858e-17,0,1.6131116300801506e-18,4.9433656754696177e-18,4.4849173895045348e-18,7.8392405905097565e-21,9.3566530661521859e-21,6.2274897914043338e-20,2.4250556815582776e-19,0.96344918954194425,0.75922172788206255,0.75913770261451397,2.1570415377137042e-32
2820,1.1363371054780858e-17,0,1.5936373627520352e-18,4.9192413597362468e-18,4.5260373589556998e-18,7.8418986680247607e-21,9.4540556871615765e-21,6.3691448685902083e-20,2.4346757029576651e-19,0.96377586947962479,0.75913770261451397,0.7590560326300938,2.0029671421627253e-32
2850,1.1363371054780858e-17,0,1.5746073366513366e-18,4.8950879832502103e-18,4.5667414444795838e-18,7.844482962494094e-21,9.5508426095264824e-21,6.5120942991618519e-20,2.4441802183606804e-19,0.96409348141961693,0.7590560326300938,0.75897662964509571,1.8488927466117464e-32
2880,1.1363371054780858e-17,0,1.5560080282424803e-18,4.870917597869522e-18,4.6070309786221172e-18,7.8469962095440415e-21,9.6470165733709119e-21,6.6563252023704342e-20,2.4535718524010231e-19,0.96440236157266679,0.75897662964509571,0.75889940960683333,1.8488927466117464e-32
2910,1.1363371054780858e-17,0,1.5378263909938851e-18,4.8467416652981463e-18,4.6469074147057471e-18,7.8494410151154687e-21,9.7425803550572015e-21,6.8018247411763203e-20,2.4628531500112571e-19,0.96470283021107428,0.75889940960683333,0.75882429244723149,1.6948183510607676e-32
2940,1.1363371054780858e-17,0,1.5200498375874191e-18,4.8225710811740094e-18,4.6863723202110557e-18,7.851819862934736e-21,9.8375367643395949e-21,6.9485801257964017e-20,2.4720265792311266e-19,0.96499519258687516,0.75882429244723149,0.75875120185328115,2.1570415377137042e-32
2970,1.1363371054780858e-17,0,1.5026662228035421e-18,4.7984161982203095e-18,4.7254273704321508e-18,7.8541351214790422e-21,9.9318886416863053e-21,7.0965786170550189e-20,2.4810945339111425e-19,0.9652797397878875,0.75875120185328115,0.7586800650530281,2.7733391199176196e-32
3000,1.1363371054780858e-17,0,1.485663827056343e-18,4.77428684849589e-18,4.7640743423953495e-18,7.8563890504753637e-21,1.0025638855758691e-20,7.2458075295468012e-20,2.4900593363154883e-19,0.96555674953643633,0.7586800650530281,0.75861081261589092,2.6192647243666408e-32
3030,1.1363371054780858e-17,0,1.4690313405536582e-18,4.7501923647790405e-18,4.8023151090311357e-18,7.8585838069689307e-21,1.0118790301037461e-20,7.3962542346191517e-20,2.4989232396279733e-19,0.96582648693517481,0.75861081261589092,0.75854337826620633,2.9274135154685985e-32
3060,1.1363371054780858e-17,0,1.4527578480584274e-18,4.7261416011178452e-18,4.840151633589682e-18,7.8607214509938929e-21,1.02113458955861e-20,7.5479061631820072e-20,2.5076884303647915e-19,0.96608920516401353,0.75854337826620633,0.75847769870899662,2.4651903288156619e-32
3090,1.1363371054780858e-17,0,1.4368328142283207e-18,4.7021429525788874e-18,4.8775859642905279e-18,7.8628039508761523e-21,1.0303308578942868e-20,7.7007508083521181e-20,2.5163570306975903e-19,0.96634514613184308,0.75847769870899662,0.75841371346703923,2.311115933264683e-32
3120,1.1363371054780858e-17,0,1.421246069511573e-18,4.6782043742249976e-18,4.9146202291975197e-18,7.8648331881956967e-21,1.0394681310133121e-20,7.8547757279387672e-20,2.5249311006902491e-19,0.9665945410864093,0.75841371346703923,0.7583513647283977,2.6192647243666408e-32
3150,1.1363371054780858e-17,0,1.4059877965777957e-18,4.6543333993515403e-18,4.9512566313102199e-18,7.8668109624335795e-21,1.0485467065794362e-20,8.0099685467777086e-20,2.5334126404526572e-19,0.96683761118543032,0.7583513647283977,0.75829059720364245,3.2355623065705562e-32
3180,1.1363371054780858e-17,0,1.391048517263348e-18,4.630537157009622e-18,4.9874974438634665e-18,7.8687389953264969e-21,1.0575668838406965e-20,8.1663169589197466e-20,2.5418035922146236e-19,0.96707456803177849,0.75829059720364245,0.75823135799205543,2.7733391199176196e-32
3210,1.1363371054780858e-17,0,1.3764190800116219e-18,4.6068223888435233e-18,5.0233450058270186e-18,7.8706189349500785e-21,1.0665289634624127e-20,8.3238087296800877e-20,2.5501058423229517e-19,0.96730561417531946,0.75823135799205543,0.75817359645617011,2.311115933264683e-32
3240,1.1363371054780858e-17,0,1.3620906477893598e-18,4.5831954652686795e-18,5.0588017175975436e-18,7.8724523595503036e-21,1.0754332473694806e-20,8.4824316975545071e-20,2.5583212231646072e-19,0.9675309435837971,0.75817359645617011,0.75811726410405078,2.4651903288156619e-32
3270,1.1363371054780858e-17,0,1.3480546864608366e-18,4.5596624010154811e-18,5.0938700368754443e-18,7.8742407811408166e-21,1.0842800385974173e-20,8.6421737760080142e-20,2.5664515150187433e-19,0.96775074208494583,0.75811726410405078,0.75806231447876349,2.6192647243666408e-32
3300,1.1363371054780858e-17,0,1.3343029536024271e-18,4.5362288700632208e-18,5.128552474719339e-18,7.8759856488826312e-21,1.0930696411516207e-20,8.8030229551414848e-20,2.5744984478403266e-19,0.96796518778186003,0.75806231447876349,0.75800870305453505,2.6192647243666408e-32
3330,1.1363371054780858e-17,0,1.3208274877407604e-18,4.5129002199876062e-18,5.162851591771257e-18,7.8776883522612337e-21,1.101802359874359e-20,8.9649673032415725e-20,2.582463702977908e-19,0.96817445144346148,0.75800870305453505,0.7579563871391346,2.4651903288156619e-32
3360,1.1363371054780858e-17,0,1.3076205979982931e-18,4.4896814857443904e-18,5.196769994645887e-18,7.8793502240750752e-21,1.1104785003190271e-20,9.1279949682189767e-20,2.5903489148280613e-19,0.96837869687178857,0.7579563871391346,0.75790532578205283,2.7733391199176196e-32
3390,1.1363371054780858e-17,0,1.294674854130758e-18,4.4665774029107546e-18,5.2303103324774682e-18,7.8809725432482812e-21,1.1190983686312554e-20,9.2920941789398793e-20,2.5981556724288817e-19,0.9685780812476803,0.75790532578205283,0.75785547968807987,3.0814879110195774e-32
3420,1.1363371054780858e-17,0,1.2819830769415374e-18,4.443592420405325e-18,5.2634752936180853e-18,7.8825565374794309e-21,1.1276622714364616e-20,9.4572532464553582e-20,2.6058855209948467e-19,0.96877275545631314,0.75785547968807987,0.75780681113592174,2.7733391199176196e-32
3450,1.1363371054780858e-17,0,1.2695383290585792e-18,4.4207307127068564e-18,5.2962676024814716e-18,7.8841033857373611e-21,1.1361705157334842e-20,9.6234605651330967e-20,2.6135399633952481e-19,0.96896286439393797,0.75780681113592174,0.75775928390151548,2.1570415377137042e-32
3480,1.1363371054780858e-17,0,1.2573339060600246e-18,4.3979961915908989e-18,5.3286900165265677e-18,7.8856142206141379e-21,1.1446234087939431e-20,9.7907046136958731e-20,2.6211204615783449e-19,0.96914854725706179,0.75775928390151548,0.75771286318573461,2.0029671421627253e-32
3510,1.1363371054780858e-17,0,1.2453633279352498e-18,4.37539251740301e-18,5.3607453233753233e-18,7.8870901305446097e-21,1.1530212580670093e-20,9.9589739561709114e-20,2.6286284379432874e-19,0.96932993781523291,0.75771286318573461,0.75766751554619183,2.1570415377137042e-32
3540,1.1363371054780858e-17,0,1.2336203308685211e-18,4.3529231098863463e-18,5.3924363380594515e-18,7.8885321619010905e-21,1.1613643710892769e-20,1.0128257242754008e-19,2.6360652766617821e-19,0.96950716466847908,0.75766751554619183,0.75762320883288026,2.9274135154685985e-32
3570,1.1363371054780858e-17,0,1.2220988593329678e-18,4.3305911585808487e-18,5.4237659003909857e-18,7.8899413209714078e-21,1.169653055399454e-20,1.0298543210592406e-19,2.6434323249513779e-19,0.96968035149041132,0.75762320883288026,0.75757991212739717,2.7733391199176196e-32
3600,1.1363371054780858e-17,0,1.2107930584830286e-18,4.3083996328104823e-18,5.4547368724517892e-18,7.8913185758276034e-21,1.1778876184576077e-20,1.0469820684489962e-19,2.6507308943022443e-19,0.96984961725788899,0.75757991212739717,0.7575375956855277,3.0814879110195774e-32
3630,1.1363371054780858e-17,0,1.1996972668340035e-18,4.2863512912744984e-18,5.4853521361972486e-18,7.8926648580923426e-21,1.1860683675687105e-20,1.0642078577538195e-19,2.6579622616591418e-19,0.97001507646811247,0.7575375956855277,0.75749623088297191,3.2355623065705562e-32
3660,1.1363371054780858e-17,0,1.1888060092177508e-18,4.2644486912579626e-18,5.5156145911696024e-18,7.8939810646093629e-21,1.1941956098102569e-20,1.0815305891676594e-19,2.665127670560334e-19,0.97017683934392318,0.75749623088297191,0.7574557901640192,3.2355623065705562e-32
3690,1.1363371054780858e-17,0,1.1781139900040045e-18,4.2426941974762295e-18,5.5455271523165741e-18,7.8952680590239771e-21,1.2022696519637312e-20,1.098949171818542e-19,2.6722283322350111e-19,0.9703350120280485,0.7574557901640192,0.75741624699298793,3.2355623065705562e-32
3720,1.1363371054780858e-17,0,1.1676160865772002e-18,4.2210899905675725e-18,5.5750927479110468e-18,7.8965266732792329e-21,1.2102908004497163e-20,1.1164625238114142e-19,2.6792654266608272e-19,0.97048969676698105,0.75741624699298793,0.75737757580825471,3.6977854932234928e-32
3750,1.1363371054780858e-17,0,1.1573073430590482e-18,4.199638075247513e-18,5.6043143175677738e-18,7.8977577090327748e-21,1.2182593612664561e-20,1.1340695722648495e-19,2.6862401035830306e-19,0.97064099208511201,0.75737757580825471,0.75733975197872194,3.6977854932234928e-32
3780,1.1363371054780858e-17,0,1.1471829642675045e-18,4.1783402881379546e-18,5.6331948103531918e-18,7.8989619389993704e-21,1.226175639931681e-20,1.1517692533419012e-19,2.6931534834966527e-19,0.97078899294972942,0.75733975197872194,0.75730275176256767,3.6977854932234928e-32
3810,1.1363371054780858e-17,0,1.1372383099031278e-18,4.157198305283696e-18,5.6617371829846541e-18,7.9001401082234313e-21,1.234039941427532e-20,1.1695605122753835e-19,2.7000066585931318e-19,0.97093379092741094,0.75730275176256767,0.75726655226814721,2.9274135154685985e-32
3840,1.1363371054780858e-17,0,1.1274688889541528e-18,4.1362136493684388e-18,5.6899443981154054e-18,7.9012929352858459e-21,1.2418525701484244e-20,1.1874423033878421e-19,2.7068006936727159e-19,0.97107547433234553,0.75726655226814721,0.75723113141691356,3.543711097672514e-32
3870,1.1363371054780858e-17,0,1.1178703543119585e-18,4.1153876966419351e-18,5.7178194227019237e-18,7.9024211134489191e-21,1.2496138298516834e-20,1.2054135901064712e-19,2.7135366270239345e-19,0.97121412836704724,0.75723113141691356,0.75719646790823814,3.2355623065705562e-32
3900,1.1363371054780858e-17,0,1.1084384975889047e-18,4.0947216835694123e-18,5.7453652264501961e-18,7.9035253117431201e-21,1.2573240236108366e-20,1.2234733449732142e-19,2.7202154712713724e-19,0.97134983525591734,0.75719646790823814,0.75716254118602067,3.543711097672514e-32
3930,1.1363371054780858e-17,0,1.0991692441308412e-18,4.0742167132141165e-18,5.7725847803378291e-18,7.9046061759989573e-21,1.2649834537713959e-20,1.2416205496502877e-19,2.7268382141929291e-19,0.97148267437206226,0.75716254118602067,0.75712933140698446,3.8518598887744717e-32
3960,1.1363371054780858e-17,0,1.0900586482168648e-18,4.0538737613632915e-18,5.7994810552088417e-18,7.9056643298272638e-21,1.2725924219090301e-20,1.2598541949213579e-19,2.7334058195077353e-19,0.97161272235777241,0.75712933140698446,0.75709681941055695,3.3896367021215351e-32
3990,1.1363371054780858e-17,0,1.0811028884392072e-18,4.0336936824075233e-18,5.8260570204382046e-18,7.9067003755507372e-21,1.2801512287899901e-20,1.2781732806885663e-19,2.7399192276358052e-19,0.97174005323900814,0.75709681941055695,0.75706498669024791,3.3896367021215351e-32
4020,1.1363371054780858e-17,0,1.0722982632563853e-18,4.0136772149830819e-18,5.8523156426633155e-18,7.9077148950896577e-21,1.2876601743336831e-20,1.2965768159656404e-19,2.7463793564304814e-19,0.97186473853425615,0.75706498669024791,0.75703381536643599,3.8518598887744717e-32
4050,1.1363371054780858e-17,0,1.0636411867130293e-18,3.9938249873864288e-18,5.8782598845795893e-18,7.9087084508041521e-21,1.2951195575772839e-20,1.3150638188672549e-19,2.7527871018847206e-19,0.97198684735804364,0.75703381536643599,0.75700328816048912,3.6977854932234928e-32
4080,1.1363371054780858e-17,0,1.0551281843200365e-18,3.9741375227697448e-18,5.9038927037976177e-18,7.9096815862956929e-21,1.3025296766422887e-20,1.333633316594855e-19,2.7591433388121641e-19,0.97210644651944378,0.75700328816048912,0.75697338837013906,3.6977854932234928e-32
4110,1.1363371054780858e-17,0,1.0467558890889597e-18,3.9546152441260211e-18,5.9292170517593335e-18,7.9106348271699372e-21,1.3098908287029053e-20,1.3522843454191241e-19,2.7654489215039651e-19,0.97222360061582924,0.75697338837013906,0.75694409984604272,3.6977854932234928e-32
4140,1.1363371054780858e-17,0,1.0385210377147516e-18,3.9352584790718649e-18,5.954235872710729e-18,7.9115686817630968e-21,1.3172033099562018e-20,1.3710159506592514e-19,2.7717046843622709e-19,0.97233837212214302,0.75694409984604272,0.75691540696946424,3.3896367021215351e-32
4170,1.1363371054780858e-17,0,1.0304204669012377e-18,3.9160674644359363e-18,5.9789521027288304e-18,7.912483641833821e-21,1.3244674155939216e-20,1.3898271866591946e-19,2.7779114425112274e-19,0.97245082147593254,0.75691540696946424,0.75688729463101689,4.0059342843254506e-32
4200,1.1363371054780858e-17,0,1.0224511098238755e-18,3.8970423506605504e-18,6.0033686688006698e-18,7.913380183222497e-21,1.3316834397758832e-20,1.4087171167610676e-19,2.7840699923863502e-19,0.97256100715837679,0.75688729463101689,0.7568597482104058,4.0059342843254506e-32
4230,1.1363371054780858e-17,0,1.0146099927245862e-18,3.8781832060237378e-18,6.0274884879520701e-18,7.9142587664797029e-21,1.3388516756048952e-20,1.4276848132758338e-19,2.7901811123030789e-19,0.97266898577152527,0.7568597482104058,0.75683275355711865,4.4681574709783872e-32
4260,1.1363371054780858e-17,0,1.0068942316336477e-18,3.8594900206887928e-18,6.0513144664242034e-18,7.9151198374654973e-21,1.3459724151031042e-20,1.446729357451438e-19,2.7962455630052803e-19,0.97277481211194983,0.75683275355711865,0.75680629697201252,4.622231866529366e-32
4290,1.1363371054780858e-17,0,9.9930102921380274e-19,3.8409627105879775e-18,6.0748494988959159e-18,7.9159638279210575e-21,1.3530459491897201e-20,1.4658498394385212e-19,2.8022640881944441e-19,0.97287853924100054,0.75680629697201252,0.75678036518974989,4.7763062620803449e-32
4320,1.1363371054780858e-17,0,9.9182767172195418e-19,3.8226011211469441e-18,6.0980964677498864e-18,7.9167911560141637e-21,1.3600725676600372e-20,1.4850453582538511e-19,2.8082374150403164e-19,0.97298021855184513,0.75678036518974989,0.75675494536203869,4.3140830754274083e-32
4350,1.1363371054780858e-17,0,9.8447152608396768e-19,3.8044050308559972e-18,6.1210582423808121e-18,7.9176022268599017e-21,1.3670525591657073e-20,1.5043150217416042e-19,2.8141662546736197e-19,0.97307989983346488,0.75675494536203869,0.75673002504163378,4.1600086798764294e-32
4380,1.1363371054780858e-17,0,9.7723003707830169e-19,3.7863741546943013e-18,6.1437376785438155e-18,7.9183974330178369e-21,1.3739862111961992e-20,1.5236579465326192e-19,2.8200513026615727e-19,0.97317763133175683,0.75673002504163378,0.75670559216706079,4.1600086798764294e-32
4410,1.1363371054780858e-17,0,9.701007246243193e-19,3.7685081474126612e-18,6.166137617741406e-18,7.9191771549669432e-21,1.3808738100613728e-20,1.5430732580017393e-19,2.8258932394668216e-19,0.97327345980790325,0.75670559216706079,0.75668163504802421,3.543711097672514e-32
4440,1.1363371054780858e-17,0,9.630811811713121e-19,3.7508066066804967e-18,6.1882608866473272e-18,7.91994176155939e-21,1.3877156408751502e-20,1.5625600902233645e-19,2.831692730890394e-19,0.97336743059414288,0.75668163504802421,0.75665814235146422,3.543711097672514e-32
4470,1.1363371054780858e-17,0,9.5616906918442092e-19,3.7332690761023218e-18,6.2101102965657588e-18,7.9206916104542091e-21,1.3945119875402033e-20,1.5821175859253074e-19,2.8374504284992979e-19,0.97345958764706797,0.75665814235146422,0.75663510308823301,4.0059342843254506e-32
4500,1.1363371054780858e-17,0,9.4936211872376826e-19,3.7158950481088184e-18,6.2316886429243196e-18,7.9214270485320347e-21,1.4012631327336267e-20,1.601744896441086e-19,2.8431669700393021e-19,0.97354997359859718,0.75663510308823301,0.75661250660035073,4.3140830754274083e-32
4530,1.1363371054780858e-17,0,9.4265812511326974e-19,3.6986839667274173e-18,6.2529987047994796e-18,7.9221484122916656e-21,1.4079693578935389e-20,1.6214411816607137e-19,2.848842979833478e-19,0.97363862980471272,0.75661250660035073,0.75659034254882185,4.4681574709783872e-32
4560,1.1363371054780858e-17,0,9.3605494669573011e-19,3.6816352302371452e-18,6.2740432444729308e-18,7.9228560282294946e-21,1.4146309432065834e-20,1.6412056099801173e-19,2.8544790691669898e-19,0.97372559639209277,0.75659034254882185,0.75656860090197675,4.4681574709783872e-32
4590,1.1363371054780858e-17,0,9.2955050267094392e-19,3.6647481937122824e-18,6.2948250070176241e-18,7.9235502132026249e-21,1.4212481675962738e-20,1.6610373582492544e-19,2.8600758366586924e-19,0.97381091230273908,0.75656860090197675,0.75654727192431526,4.7763062620803449e-32
4620,1.1363371054780858e-17,0,9.2314277101366047e-19,3.6480221714591822e-18,6.3153467199121653e-18,7.9242312747764277e-21,1.4278213087121642e-20,1.6809356117190303e-19,2.8656338686199868e-19,0.97389461533669153,0.75654727192431526,0.75652634616582715,4.9303806576313238e-32
4650,1.1363371054780858e-17,0,9.1682978646838938e-19,3.63145643935046e-18,6.3356110926823499e-18,7.9248995115573913e-21,1.4343506429197795e-20,1.7008995639870858e-19,2.8711537394014202e-19,0.97397674219293584,0.75652634616582715,0.75650581445176601,5.3926038442842604e-32
4680,1.1363371054780858e-17,0,9.1060963861813095e-19,3.6150502370606082e-18,6.3556208165686359e-18,7.9255552135119137e-21,1.4408364452912987e-20,1.7209284169425411e-19,2.8766360117274622e-19,0.97405732850858362,0.75650581445176601,0.7564856678728541,5.7007526353862181e-32
4710,1.1363371054780858e-17,0,9.0448047002424006e-19,3.5988027702069065e-18,6.3753785642184404e-18,7.9261986622717323e-21,1.4472789895969416e-20,1.7410213807097809e-19,2.8820812370199348e-19,0.97413640889640962,0.7564856678728541,0.75646589777589757,5.7007526353862181e-32
4740,1.1363371054780858e-17,0,8.984404744347212e-19,3.5827132123993682e-18,6.3948869894021336e-18,7.9268301314266385e-21,1.4536785482970354e-20,1.7611776735913394e-19,2.887489955710461e-19,0.97421401698082677,0.75646589777589757,0.75644649575479328,5.7007526353862181e-32
4770,1.1363371054780858e-17,0,8.9248789505837357e-19,3.566780707203319e-18,6.41414872675172e-18,7.9274498868051081e-21,1.4600353925347215e-20,1.7813965220099661e-19,2.8928626975423873e-19,0.974290185432376,0.75644649575479328,0.756427453641906,5.854827030937197e-32
4800,1.1363371054780858e-17,0,8.866210229023012e-19,3.5510043700180458e-18,6.4331663915211692e-18,7.928058186743373e-21,1.4663497921292781e-20,1.8016771604499377e-19,2.8981999818625196e-19,0.97436494600079504,0.756427453641906,0.75640876349980124,5.854827030937197e-32
4830,1.1363371054780858e-17,0,8.8083819517036971e-19,3.5353832898748509e-18,6.4519425793674617e-18,7.9286552823435175e-21,1.4726220155700464e-20,1.8220188313976667e-19,2.9035023179030843e-19,0.97443832954673881,0.75640876349980124,0.75639041761331527,5.5466782398352393e-32
4860,1.1363371054780858e-17,0,8.7513779372033781e-19,3.5199165311576843e-18,6.4704798661513564e-18,7.929241417721101e-21,1.4788523300109009e-20,1.8424207852816947e-19,2.9087702050542483e-19,0.97451036607221275,0.75639041761331527,0.75637240848194676,5.2385294487332815e-32
4890,1.1363371054780858e-17,0,8.6951824357742021e-19,3.5046031352494448e-18,6.4887808077570777e-18,7.9298168302427883e-21,1.4850410012652685e-20,1.8628822804121009e-19,2.9140041331275569e-19,0.97458108474977745,0.75637240848194676,0.75635472881255561,5.7007526353862181e-32
4920,1.1363371054780858e-17,0,8.6397801150216356e-19,3.4894421221068747e-18,6.5068479399299927e-18,7.9303817507544607e-21,1.4911882938016651e-20,1.8834025829194013e-19,2.9192045826106195e-19,0.97465051395058355,0.75635472881255561,0.75633737151235414,5.2385294487332815e-32
4950,1.1363371054780858e-17,0,8.585156046105867e-19,3.4744324917668938e-18,6.5246837781314943e-18,7.9309364038002496e-21,1.4972944707397176e-20,1.9039809666929756e-19,2.9243720249133471e-19,0.9747186812712918,0.75633737151235414,0.75632032968217699,5.3926038442842604e-32
4980,1.1363371054780858e-17,0,8.5312956904460406e-19,3.459573225787099e-18,6.5422908174102842e-18,7.9314810078329028e-21,1.5033597938466566e-20,1.9246167133190934e-19,2.9295069226060796e-19,0.97478561355992654,0.75632032968217699,0.75630359661001834,5.3926038442842604e-32
5010,1.1363371054780858e-17,0,8.4781848869084466e-19,3.4448632886230423e-18,6.5596715322893186e-18,7.9320157754158352e-21,1.509384523534258e-20,1.9453091120185618e-19,2.934609729649872e-19,0.97485133694070825,0.75630359661001834,0.75628716576482291,4.9303806576313238e-32
5040,1.1363371054780858e-17,0,8.4258098394603711e-19,3.4303016289448071e-18,6.5768283766676521e-18,7.932540913417353e-21,1.5153689188562241e-20,1.9660574595840622e-19,2.9396808916192297e-19,0.97491587683792391,0.75628716576482291,0.75627103079051905,5.3926038442842604e-32
5070,1.1363371054780858e-17,0,8.3741571052720816e-19,3.4158871808953126e-18,6.5937637837365455e-18,7.9330566231972476e-21,1.5213132375059614e-20,1.9868610603172146e-19,2.9447208459175943e-19,0.97497925799885921,0.75627103079051905,0.75625518550028525,5.3926038442842604e-32
5100,1.1363371054780858e-17,0,8.3232135832500508e-19,3.4016188652926547e-18,6.6104801659090896e-18,7.9335631007862443e-21,1.527217735814756e-20,2.007719225965403e-19,2.9497300219857812e-19,0.97504150451585359,0.75625518550028525,0.7562396238710366,5.7007526353862181e-32
5130,1.1363371054780858e-17,0,8.2729665029851822e-19,3.387495590778737e-18,6.6269799147627742e-18,7.9340605370585247e-21,1.5330826687503333e-20,2.0286312756584113e-19,2.9547088415037094e-19,0.97510263984750267,0.7562396238710366,0.75622434003812433,5.5466782398352393e-32
5160,1.1363371054780858e-17,0,8.2234034141004649e-19,3.3735162549163225e-18,6.6432654009943362e-18,7.9345491178976805e-21,1.5389082899157637e-20,2.0495965358449059e-19,2.9596577185855753e-19,0.97516268683905438,0.75622434003812433,0.75620932829023646,4.7763062620803449e-32
5190,1.1363371054780858e-17,0,8.1745121759829472e-19,3.3596797452365876e-18,6.6593389743863265e-18,7.9350290243563504e-21,1.5446948515487179e-20,2.0706143402287973e-19,2.964577059968783e-19,0.97522166774202868,0.75620932829023646,0.75619458306449283,4.7763062620803449e-32
5220,1.1363371054780858e-17,0,8.126280947885692e-19,3.3459849402391732e-18,6.6752029637848101e-18,7.9355004328098625e-21,1.5504426045210525e-20,2.0916840297055189e-19,2.9694672651968211e-19,0.97527960423310023,0.75619458306449283,0.75618009894172489,5.0844550531823027e-32
5250,1.1363371054780858e-17,0,8.0786981793857132e-19,3.3324307103466136e-18,6.6908596770876784e-18,7.9359635151040829e-21,1.5561517983387048e-20,2.1128049522982546e-19,2.9743287267962885e-19,0.97533651743226879,0.75618009894172489,0.75616587064193275,4.9303806576313238e-32
5280,1.1363371054780858e-17,0,8.0317526011845819e-19,3.3190159188149825e-18,6.7063114012430056e-18,7.9364184386977745e-21,1.5618226811418872e-20,2.1339764630941493e-19,2.9791618304483265e-19,0.97539242792035563,0.75616587064193275,0.75615189301991115,4.7763062620803449e-32
5310,1.1363371054780858e-17,0,7.9854332162388229e-19,3.3057394226025513e-18,6.7215604022570074e-18,7.9368653667996711e-21,1.5674554997055707e-20,2.1551979241805216e-19,2.9839669551546015e-19,0.97544735575584995,0.75615189301991115,0.75613816106103748,4.9303806576313238e-32
5340,1.1363371054780858e-17,0,7.9397292912077358e-19,3.2926000731981177e-18,6.7366089252110892e-18,7.9373044585004815e-21,1.57305049944025e-20,2.1764687045811248e-19,2.988744473398089e-19,0.97550132049113214,0.75613816106103748,0.75612466987721694,5.5466782398352393e-32
5370,1.1363371054780858e-17,0,7.894630348206747e-19,3.2795967174106541e-18,6.7514591942875222e-18,7.9377358689000867e-21,1.5786079243929541e-20,2.1977881801924671e-19,2.993494751298803e-19,0.97555434118810669,0.75612466987721694,0.75611141470297327,4.9303806576313238e-32
5400,1.1363371054780858e-17,0,7.8501261568548274e-19,3.2667281981218269e-18,6.7661134128033008e-18,7.9381597492300743e-21,1.5841280172485217e-20,2.2191557337202183e-19,2.9982181487646647e-19,0.97560643643326139,0.75611141470297327,0.75609839089168462,4.3140830754274083e-32
5430,1.1363371054780858e-17,0,7.8062067266049795e-19,3.2539933550029008e-18,6.7805737632517878e-18,7.9385762469718429e-21,1.5896110193311084e-20,2.2405707546157405e-19,3.0029150196376981e-19,0.97565762435218284,0.75609839089168462,0.75608559391195429,4.4681574709783872e-32
5460,1.1363371054780858e-17,0,7.7628622993472048e-19,3.2413910251974754e-18,6.7948424073517413e-18,7.9389855059704413e-21,1.5950571706059263e-20,2.2620326390127461e-19,3.0075857118356859e-19,0.97570792262354722,0.75608559391195429,0.7560730193441132,4.9303806576313238e-32
5490,1.1363371054780858e-17,0,7.7200833422737462e-19,3.2289200439714405e-18,6.8089214861032795e-18,7.9393876665443543e-21,1.6004667096812022e-20,2.283540789664121e-19,3.0122305674894929e-19,0.97575734849261309,0.7560730193441132,0.7560606628768467,4.7763062620803449e-32
5520,1.1363371054780858e-17,0,7.6778605409968141e-19,3.2165792453314711e-18,6.8228131198504566e-18,7.9397828655913438e-21,1.6058398738103397e-20,2.3050946158789269e-19,3.0168499230761591e-19,0.97580591878422918,0.7560606628768467,0.75604852030394265,4.7763062620803449e-32
5550,1.1363371054780858e-17,0,7.6361847929093748e-19,3.2043674626133793e-18,6.8365194083501057e-18,7.940171236690542e-21,1.6111768988942891e-20,2.3266935334596007e-19,3.0214441095479576e-19,0.97585364991538204,0.75604852030394265,0.75603658752115455,4.622231866529366e-32
5580,1.1363371054780858e-17,0,7.5950472007799239e-19,3.1922835290415159e-18,6.8500424308465747e-18,7.9405529102009757e-21,1.6164780194841045e-20,2.3483369646393655e-19,3.0260134524575144e-19,0.97590055790730434,0.75603658752115455,0.75602486052317386,4.7763062620803449e-32
5610,1.1363371054780858e-17,0,7.5544390665725044e-19,3.180326278260431e-18,6.8633842461520301e-18,7.9409280133565947e-21,1.6217434687836774e-20,2.3700243380198868e-19,3.0305582720791879e-19,0.97594665839715444,0.75602486052317386,0.75601333540071136,4.4681574709783872e-32
5640,1.1363371054780858e-17,0,7.5143518854835884e-19,3.1684945448399367e-18,6.8765468927320428e-18,7.9412966703580285e-21,1.6269734786526514e-20,2.391755088509173e-19,3.0350788835267758e-19,0.97599196664929311,0.75601333540071136,0.75600200833767672,4.0059342843254506e-32
5670,1.1363371054780858e-17,0,7.4747773401877724e-19,3.1567871647546391e-18,6.8895323887960976e-18,7.9416590024611224e-21,1.632168279609498e-20,2.4135286572597489e-19,3.0395755968677135e-19,0.97603649756616451,0.75600200833767672,0.7559908756084589,4.1600086798764294e-32
5700,1.1363371054780858e-17,0,7.4357072952844635e-19,3.1452029758390241e-18,6.9023427323928382e-18,7.9420151280624422e-21,1.6373281008347574e-20,2.4353444916070948e-19,3.0440487172339008e-19,0.97608026569880513,0.7559908756084589,0.75597993357529869,4.0059342843254506e-32
5730,1.1363371054780858e-17,0,7.3971337919381455e-19,3.1337408182190759e-18,6.9149799015096393e-18,7.9423651627818518e-21,1.6424531701744224e-20,2.4572020450083958e-19,3.048498544929223e-19,0.97612328525699232,0.75597993357529869,0.75596917868575186,4.0059342843254506e-32
5760,1.1363371054780858e-17,0,7.3590490427049495e-19,3.1223995347214261e-18,6.9274458541763689e-18,7.9427092195422362e-21,1.6475437141434705e-20,2.4791007769815948e-19,3.0529253755339394e-19,0.97616557011904259,0.75596917868575186,0.75595860747023935,3.6977854932234928e-32
5790,1.1363371054780858e-17,0,7.321445426538737e-19,3.1111779712609371e-18,6.9397425285729936e-18,7.9430474086465701e-21,1.6525999579295331e-20,2.5010401530447587e-19,3.057329500006004e-19,0.97620713384128333,0.75595860747023935,0.75594821653967914,3.543711097672514e-32
5820,1.1363371054780858e-17,0,7.2843154839698963e-19,3.1000749772076461e-18,6.9518718431408428e-18,7.9433798378523355e-21,1.6576221253966961e-20,2.5230196446557846e-19,3.0617112047794566e-19,0.97624798966719872,0.75594821653967914,0.75593800258320032,3.543711097672514e-32
5850,1.1363371054780858e-17,0,7.2476519124505844e-19,3.0890894057339072e-18,6.9638356966972747e-18,7.9437066124434647e-21,1.6626104390894219e-20,2.5450387291524411e-19,3.0660707718599596e-19,0.9762881505362716,0.75593800258320032,0.75592796236593207,4.0059342843254506e-32
5880,1.1363371054780858e-17,0,7.2114475618601435e-19,3.0782201141425741e-18,6.9756359685535278e-18,7.9440278352998836e-21,1.6675651202365987e-20,2.5670968896927591e-19,3.0704084789175961e-19,0.97632762909253046,0.75592796236593207,0.75591809272686739,4.0059342843254506e-32
5910,1.1363371054780858e-17,0,7.175695430164854e-19,3.0674659641769955e-18,6.9872745186355299e-18,7.9443436069647259e-21,1.6724863887556883e-20,2.5891936151957951e-19,3.0747245993770138e-19,0.97636643769281006,0.75591809272686739,0.75590839057679748,4.4681574709783872e-32
5940,1.1363371054780858e-17,0,7.1403886592262784e-19,3.0568258223136145e-18,6.9987531876075121e-18,7.9446540257093313e-21,1.6773744632570004e-20,2.6113284002827501e-19,3.0790194025050143e-19,0.97640458841473976,0.75590839057679748,0.75589885289631509,4.7763062620803449e-32
5970,1.1363371054780858e-17,0,7.1055205307526999e-19,3.0462985600378886e-18,7.0100737969981582e-18,7.9449591875961034e-21,1.6822295610480552e-20,2.6335007452184778e-19,3.0832931534956706e-19,0.97644209306446894,0.75589885289631509,0.75588947673388274,4.9303806576313238e-32
6000,1.1363371054780858e-17,0,7.0710844623884174e-19,3.0358830541042335e-18,7.0212381493291699e-18,7.945259186539328e-21,1.6870518981380468e-20,2.6557101558533704e-19,3.0875461135530562e-19,0.9764789631841414,0.75588947673388274,0.75588025920396462,5.0844550531823027e-32
6030,1.1363371054780858e-17,0,7.0370740039357835e-19,3.025578186780671e-18,7.0322480282460413e-18,7.9455541143639744e-21,1.6918416892424031e-20,2.6779561435656396e-19,3.0917785399716583e-19,0.97651521005912223,0.75588025920396462,0.75587119748521947,5.0844550531823027e-32
6060,1.1363371054780858e-17,0,7.0034828337051292e-19,3.0153828460788372e-18,7.0431051986508713e-18,7.9458440608626174e-21,1.6965991477874319e-20,2.7002382252039947e-19,3.0959906862145845e-19,0.97655084472499354,0.75587119748521947,0.75586228881875162,4.1600086798764294e-32
6090,1.1363371054780858e-17,0,6.9703047549878558e-19,3.0052959259699567e-18,7.0538114068370416e-18,7.9461291138505198e-21,1.7013244859150426e-20,2.7225559230307214e-19,3.1001828019895953e-19,0.97658587797432439,0.75586228881875162,0.7558535305064189,4.1600086798764294e-32
6120,1.1363371054780858e-17,0,6.9375336926481776e-19,2.9953163265874072e-18,7.0643683806256774e-18,7.9464093592189511e-21,1.7060179144875641e-20,2.7449087646651856e-19,3.104355133323057e-19,0.97662032036322299,0.7558535305064189,0.75584491990919422,3.8518598887744717e-32
6150,1.1363371054780858e-17,0,6.9051636898291482e-19,2.9854429544164234e-18,7.0747778295036037e-18,7.9466848809867768e-21,1.7106796430926247e-20,2.7672962830277367e-19,3.1085079226319068e-19,0.97665418221767786,0.75584491990919422,0.75583645444558056,4.0059342843254506e-32
6180,1.1363371054780858e-17,0,6.8731889047688284e-19,2.975674722471513e-18,7.0850414447628233e-18,7.9469557613504569e-21,1.7153098800481039e-20,2.7897180162840324e-19,3.112641408793655e-19,0.97668747363970232,0.75583645444558056,0.75582813159007445,3.8518598887744717e-32
6210,1.1363371054780858e-17,0,6.8416036077225048e-19,2.9660105504621126e-18,7.0951608996412231e-18,7.9472220807324189e-21,1.7199088324071566e-20,2.8121735077897947e-19,3.1167558272145046e-19,0.97672020451327979,0.75582813159007445,0.75581994887168003,3.8518598887744717e-32
6240,1.1363371054780858e-17,0,6.8104021779871467e-19,2.9564493649469803e-18,7.1051378494644953e-18,7.9474839178279477e-21,1.7244767059633002e-20,2.8346623060359912e-19,3.1208514098956772e-19,0.97675238451012592,0.75581994887168003,0.75581190387246855,4.1600086798764294e-32
6270,1.1363371054780858e-17,0,6.7795791010242945e-19,2.9469900994778316e-18,7.1149739317891156e-18,7.9477413496505554e-21,1.7290137052555581e-20,2.8571839645944386e-19,3.1249283854979574e-19,0.97678402309526569,0.75581190387246855,0.75580399422618361,3.543711097672514e-32
6300,1.1363371054780858e-17,0,6.7491289656778671e-19,2.9376316947326757e-18,7.1246707665462084e-18,7.9479944515759999e-21,1.7335200335736608e-20,2.8797380420638507e-19,3.1289869794045569e-19,0.97681512953244232,0.75580399422618361,0.75579621761688942,3.3896367021215351e-32
6330,1.1363371054780858e-17,0,6.7190464614833966e-19,2.9283730986393123e-18,7.1342299561862887e-18,7.9482432973849002e-21,1.7379958929633066e-20,2.9023241020163223e-19,3.1330274137823449e-19,0.97684571288935518,0.75579621761688942,0.75578857177766123,3.0814879110195774e-32
6360,1.1363371054780858e-17,0,6.6893263760653597e-19,2.9192132664894211e-18,7.1436530858246797e-18,7.9484879593040482e-21,1.7424414842314654e-20,2.9249417129442405e-19,3.1370499076414554e-19,0.97687578204273728,0.75578857177766123,0.75578105448931565,3.2355623065705562e-32
6390,1.1363371054780858e-17,0,6.6599635926194096e-19,2.910151161043649e-18,7.1529417233875639e-18,7.94872850804644e-21,1.7468570069517338e-20,2.9475904482076537e-19,3.1410546768933949e-19,0.97690534568327447,0.75578105448931565,0.75577366357918141,3.6977854932234928e-32
6420,1.1363371054780858e-17,0,6.6309530874764669e-19,2.9011857526281136e-18,7.1620974197585389e-18,7.9489650128501072e-21,1.7512426594697298e-20,2.9702698859820709e-19,3.1450419344076513e-19,0.97693441232037859,0.75577366357918141,0.75576639691990533,4.0059342843254506e-32
6450,1.1363371054780858e-17,0,6.6022899277456437e-19,2.8923160192226897e-18,7.1711217089255966e-18,7.9491975415157568e-21,1.7555986389085385e-20,2.9929796092067068e-19,3.1490118900668591e-19,0.97696299028681277,0.75576639691990533,0.75575925242829678,4.9303806576313238e-32
6480,1.1363371054780858e-17,0,6.5739692690332007e-19,2.8835409465414634e-18,7.1800161081284681e-18,7.9494261604432588e-21,1.7599251411741893e-20,3.0157192055331792e-19,3.1529647508205751e-19,0.97699108774317645,0.75575925242829678,0.75575222806420594,4.622231866529366e-32
6510,1.1363371054780858e-17,0,6.5459863532347837e-19,2.8748595281056778e-18,7.1887821180061382e-18,7.9496509346670515e-21,1.7642223609611733e-20,3.038488267274639e-19,3.1569007207377201e-19,0.97701871268225604,0.75575222806420594,0.75574532182943599,4.9303806576313238e-32
6540,1.1363371054780858e-17,0,6.5183365063982689e-19,2.866270765309558e-18,7.1974212227446469e-18,7.9498719278904921e-21,1.768490491757986e-20,3.0612863913553707e-19,3.1608200010577017e-19,0.97704587293324718,0.75574532182943599,0.75573853176668826,4.7763062620803449e-32
6570,1.1363371054780858e-17,0,6.4910151366547301e-19,2.8577736674792814e-18,7.205934890224903e-18,7.950089202519138e-21,1.7727297258527194e-20,3.0841131792608084e-19,3.1647227902402819e-19,0.97707257616584475,0.75573853176668826,0.75573185595853887,4.622231866529366e-32
6600,1.1363371054780858e-17,0,6.464017732215024e-19,2.8493672519254633e-18,7.2143245721705498e-18,7.950302819693107e-21,1.7769402543386644e-20,3.1069682369880242e-19,3.1686092840142255e-19,0.97709882989422014,0.75573185595853887,0.75572529252644494,3.6977854932234928e-32
6630,1.1363371054780858e-17,0,6.437339859429673e-19,2.8410505439894164e-18,7.2225917042957759e-18,7.9505128393184453e-21,1.7811222671199504e-20,3.1298511749966558e-19,3.1724796754247598e-19,0.9771246414808763,0.75572529252644494,0.75571883962978093,3.8518598887744717e-32
6660,1.1363371054780858e-17,0,6.4109771609097754e-19,2.8328225770834901e-18,7.2307377064530669e-18,7.9507193200975309e-21,1.7852759529172111e-20,3.1527616081602775e-19,3.1763341548798964e-19,0.97715001814038416,0.75571883962978093,0.75571249546490393,3.6977854932234928e-32
6690,1.1363371054780858e-17,0,6.3849253537067777e-19,2.8246823927257643e-18,7.2387639827807051e-18,7.950922319558684e-21,1.7894014992732707e-20,3.175699155718229e-19,3.18017291019563e-19,0.97717496694302231,0.75571249546490393,0.75570625826424442,3.3896367021215351e-32
6720,1.1363371054780858e-17,0,6.3591802275489455e-19,2.8166290405693636e-18,7.2466719218501031e-18,7.9511218940848204e-21,1.7934990925588434e-20,3.1986634412278737e-19,3.1839961266400811e-19,0.97719949481829793,0.75570625826424442,0.75570012629542549,2.7733391199176196e-32
6750,1.1363371054780858e-17,0,6.3337376431326073e-19,2.8086615784266309e-18,7.2544628968128218e-18,7.9513180989413274e-21,1.797568917978266e-20,3.2216540925173211e-19,3.1878039869765766e-19,0.97722360855837298,0.75570012629542549,0.75569409786040675,3.2355623065705562e-32
6780,1.1363371054780858e-17,0,6.3085935304661533e-19,2.8007790722884366e-18,7.2621382655472924e-18,7.9515109883031141e-21,1.8016111595752387e-20,3.2446707416385731e-19,3.1915966715057412e-19,0.97724731482138905,0.75569409786040675,0.75568817129465271,2.7733391199176196e-32
6810,1.1363371054780858e-17,0,6.2837438872649373e-19,2.7929805963388249e-18,7.2696993708050789e-18,7.9517006152808977e-21,1.8056260002385862e-20,3.2677130248211367e-19,3.1953743581065908e-19,0.97727062013469734,0.75568817129465271,0.75568234496632569,1.8488927466117464e-32
6840,1.1363371054780858e-17,0,6.2591847773953095e-19,2.7852652329652349e-18,7.2771475403567683e-18,7.9518870319467186e-21,1.8096136217080242e-20,3.290780582426065e-19,3.1991372222766954e-19,0.97729353089799498,0.75568234496632569,0.75567661727550128,2.0029671421627253e-32
6870,1.1363371054780858e-17,0,6.2349123293659786e-19,2.7776320727645183e-18,7.2844840871373739e-18,7.9520702893587385e-21,1.81357420457995e-20,3.3138730589004319e-19,3.2028854371714109e-19,0.97731605338637251,0.75567661727550128,0.75567098665340682,2.4651903288156619e-32
6900,1.1363371054780858e-17,0,6.2109227348651166e-19,2.7700802145449509e-18,7.291710309391197e-18,7.9522504375853357e-21,1.8175079283132366e-20,3.3369901027322705e-19,3.206619173642227e-19,0.97733819375327513,0.75567098665340682,0.75566545156168119,3.0814879110195774e-32
6930,1.1363371054780858e-17,0,6.1872122473415334e-19,2.7626087653244364e-18,7.2988274908161396e-18,7.9524275257285274e-21,1.8214149712350325e-20,3.3601313664059217e-19,3.2103386002742425e-19,0.97735995803338183,0.75566545156168119,0.75566001049165454,3.2355623065705562e-32
6960,1.1363371054780858e-17,0,6.163777180628385e-19,2.7552168403251018e-18,7.3058369007074049e-18,7.9526016019467005e-21,1.8252955105465805e-20,3.3832965063578486e-19,3.2140438834228063e-19,0.97738135214539834,0.75566001049165454,0.75565466196365039,3.543711097672514e-32
6990,1.1363371054780858e-17,0,6.1406139076079556e-19,2.7479035629644435e-18,7.3127397941006047e-18,7.9527727134767655e-21,1.8291497223290295e-20,3.4064851829328438e-19,3.2177351872493504e-19,0.97740238189478013,0.75565466196365039,0.75564940452630491,2.7733391199176196e-32
7020,1.1363371054780858e-17,0,6.1177188589160757e-19,2.7406680648432392e-18,7.3195374119141223e-18,7.9529409066556219e-21,1.8329777815492656e-20,3.4296970603407164e-19,3.221412673756425e-19,0.97742305297637089,0.75564940452630491,0.75564423675590731,2.6192647243666408e-32
7050,1.1363371054780858e-17,0,6.0950885216847078e-19,2.7335094857303522e-18,7.3262309810908676e-18,7.9531062269410815e-21,1.8367798620657299e-20,3.4529318066133704e-19,3.2250765028219733e-19,0.97744337097697331,0.75564423675590731,0.7556391572557567,3.3896367021215351e-32
7080,1.1363371054780858e-17,0,6.0727194383215236e-19,2.7264269735446015e-18,7.3328217147392716e-18,7.9532687189322063e-21,1.8405561366342579e-20,3.4761890935623404e-19,3.2287268322328611e-19,0.9774633413778494,0.7556391572557567,0.75563416465553768,3.8518598887744717e-32
7110,1.1363371054780858e-17,0,6.0506082053250532e-19,2.7194196843338758e-18,7.3393108122734715e-18,7.9534284263890498e-21,1.8443067769139018e-20,3.4994685967367291e-19,3.2323638177176806e-19,0.97748296955714598,0.75563416465553768,0.75562925761071353,3.6977854932234928e-32
7140,1.1363371054780858e-17,0,6.0287514721342435e-19,2.7124867822515966e-18,7.3456994595527783e-18,7.9535853922518977e-21,1.848031953472766e-20,3.5227699953815806e-19,3.2359876129788662e-19,0.97750226079225999,0.75562925761071353,0.75562443480193497,3.3896367021215351e-32
7170,1.1363371054780858e-17,0,6.007145940011236e-19,2.7056274395307029e-18,7.3519888290203182e-18,7.9537396586599784e-21,1.8517318357938366e-20,3.5460929723966832e-19,3.2395983697241162e-19,0.9775212202621375,0.75562443480193497,0.75561969493446557,3.3896367021215351e-32
7200,1.1363371054780858e-17,0,5.9857883609561659e-19,2.6988408364552887e-18,7.3581800798408483e-18,7.9538912669696447e-21,1.8554065922808091e-20,3.569437214295769e-19,3.2431962376971603e-19,0.97753985304950886,0.75561969493446557,0.75561503673762276,3.2355623065705562e-32
7230,1.1363371054780858e-17,0,5.964675536652978e-19,2.6921261613300028e-18,7.3642743580377111e-18,7.9540402577720834e-21,1.8590563902639125e-20,3.5928024111661467e-19,3.2467813647078885e-19,0.97755816414306462,0.75561503673762276,0.75561045896423384,3.2355623065705562e-32
7260,1.1363371054780858e-17,0,5.9438043174450946e-19,2.685482610447372e-18,7.3702727966289277e-18,7.9541866709105345e-21,1.8626813960057314e-20,3.6161882566287421e-19,3.2503538966618458e-19,0.97757615843957213,0.75561045896423384,0.75560596039010697,2.311115933264683e-32
7290,1.1363371054780858e-17,0,5.9231716013399776e-19,2.6789093880531211e-18,7.37617651576238e-18,7.9543305454970693e-21,1.8662817747070187e-20,3.6395944477985535e-19,3.2539139775891314e-19,0.97759384074593736,0.75560596039010697,0.75560153981351563,2.311115933264683e-32
7320,1.1363371054780858e-17,0,5.9027743330416083e-19,2.6724057063096494e-18,7.3819866228501525e-18,7.9544719199288928e-21,1.8698576905125112e-20,3.6630206852455089e-19,3.257461749672709e-19,0.97761121578120891,0.75560153981351563,0.75559719605469777,2.0029671421627253e-32
7350,1.1363371054780858e-17,0,5.8826095030098687e-19,2.6659707852577363e-18,7.3877042127018608e-18,7.954610831904236e-21,1.8734093065167281e-20,3.6864666729557325e-19,3.2609973532761358e-19,0.97762828817853076,0.75559719605469777,0.75559292795536726,1.6948183510607676e-32
7380,1.1363371054780858e-17,0,5.8626741465459928e-19,2.6596038527765957e-18,7.3933303676571172e-18,7.9547473184378219e-21,1.8769367847697668e-20,3.7099321182932109e-19,3.2645209269707421e-19,0.97764506248704297,0.75559292795536726,0.75558873437823926,1.5407439555097887e-32
7410,1.1363371054780858e-17,0,5.8429653429031707e-19,2.6533041445423977e-18,7.3988661577170005e-18,7.9548814158759102e-21,1.8804402862830952e-20,3.7334167319618743e-19,3.2680326075622665e-19,0.97766154317373122,0.75558873437823926,0.7555846142065672,2.0029671421627253e-32
7440,1.1363371054780858e-17,0,5.8234802144214338e-19,2.6470709039853105e-18,7.4043126406746186e-18,7.9550131599109616e-21,1.8839199710353239e-20,3.7569202279680443e-19,3.2715325301169754e-19,0.97767773462522856,0.7555846142065672,0.75558056634369286,2.0029671421627253e-32
7470,1.1363371054780858e-17,0,5.8042159256860598e-19,2.6409033822451929e-18,7.40967086224461e-18,7.9551425855959303e-21,1.8873759979779775e-20,3.7804423235833076e-19,3.2750208279872465e-19,0.97769364114957225,0.75558056634369286,0.75557658971260699,1.8488927466117464e-32
7500,1.1363371054780858e-17,0,5.7851696827086666e-19,2.6348008381260076e-18,7.4149418561917525e-18,7.9552697273581426e-21,1.89080852504125e-20,3.803982739307759e-19,3.2784976328366781e-19,0.97770926697790927,0.75557658971260699,0.75557268325552274,1.6948183510607676e-32
7530,1.1363371054780858e-17,0,5.7663387321302851e-19,2.6287625380490437e-18,7.4201266444585228e-18,7.9553946190128824e-21,1.8942177091397562e-20,3.8275411988336502e-19,3.2819630746647104e-19,0.97772461626616625,0.75557268325552274,0.75556884593345841,1.8488927466117464e-32
7560,1.1363371054780858e-17,0,5.7477203604456037e-19,2.6227877560050271e-18,7.4252262372916876e-18,7.9555172937765324e-21,1.8976037061782608e-20,3.8511174290094005e-19,3.2854172818307504e-19,0.9777396930966642,0.75556884593345841,0.75556507672583395,7.7037197775489434e-33
7590,1.1363371054780858e-17,0,5.7293118932477629e-19,2.616875773505194e-18,7.4302416333678273e-18,7.9556377842794875e-21,1.9009666710574021e-20,3.8747111598040159e-19,3.2888603810778839e-19,0.97775450147970588,0.75556507672583395,0.75556137463007356,1.8488927466117464e-32
7620,1.1363371054780858e-17,0,5.7111106944929978e-19,2.6110258795314109e-18,7.4351738199179658e-18,7.9557561225786482e-21,1.9043067576794034e-20,3.8983221242718654e-19,3.2922924975560856e-19,0.97776904535511078,0.75556137463007356,0.75555773866122233,1.3866695599588098e-32
7650,1.1363371054780858e-17,0,5.6931141657844239e-19,2.6052373704853963e-18,7.4400237728510071e-18,7.9558723401696362e-21,1.9076241189537621e-20,3.9219500585178513e-19,3.2957137548450348e-19,0.9777833285937173,0.75555773866122233,0.7555541678515707,1.5407439555097887e-32
7680,1.1363371054780858e-17,0,5.6753197456744435e-19,2.5995095501371175e-18,7.4447924568763058e-18,7.9559864679987092e-21,1.9109189068029358e-20,3.9455947016629345e-19,3.2991242749765001e-19,0.97779735499884612,0.7555541678515707,0.75555066125028847,1.8488927466117464e-32
7710,1.1363371054780858e-17,0,5.6577249089850454e-19,2.5938417295724354e-18,7.4494808256251183e-18,7.9560985364743345e-21,1.9141912721680079e-20,3.9692557958100534e-19,3.3025241784562872e-19,0.9778111283077231,0.75555066125028847,0.75554721792306923,1.0785207688568521e-32
7740,1.1363371054780858e-17,0,5.6403271661455055e-19,2.5882332271400514e-18,7.4540898217710022e-18,7.9562085754785067e-21,1.9174413650143345e-20,3.9929330860103746e-19,3.3059135842858156e-19,0.9778246521928704,0.75554721792306923,0.7555438369517824,1.2325951644078309e-32
7770,1.1363371054780858e-17,0,5.6231240625468872e-19,2.5826833683978097e-18,7.4586203771492766e-18,7.9563166143777816e-21,1.9206693343371807e-20,4.0166263202299507e-19,3.3092926099832799e-19,0.977837930263462,0.7555438369517824,0.75554051743413453,1.0785207688568521e-32
7800,1.1363371054780858e-17,0,5.6061131779127941e-19,2.5771914860584169e-18,7.4630734128753249e-18,7.9564226820340099e-21,1.923875328167341e-20,4.0403352493167013e-19,3.3126613716044396e-19,0.97785096606664346,0.75554051743413453,0.75553725848333908,1.3866695599588098e-32
7830,1.1363371054780858e-17,0,5.5892921256858774e-19,2.5717569199346343e-18,7.4674498394619566e-18,7.9565268068148172e-21,1.9270594935767365e-20,4.0640596269677607e-19,3.3160199837630361e-19,0.9778637630888195,0.75553725848333908,0.75553405922779515,1.8488927466117464e-32
7860,1.1363371054780858e-17,0,5.5726585524295707e-19,2.5663790168839933e-18,7.4717505569356438e-18,7.9566290166038307e-21,1.9302219766840079e-20,4.0877992096972077e-19,3.3193685596508415e-19,0.97787632475691111,0.75553405922779515,0.75553091881077217,1.3866695599588098e-32
7890,1.1363371054780858e-17,0,5.5562101372445759e-19,2.5610571307530791e-18,7.4759764549517414e-18,7.9567293388106446e-21,1.9333629226600711e-20,4.111553756804102e-19,3.3227072110573535e-19,0.97788865443958017,0.75553091881077217,0.75552783639010501,2.311115933264683e-32
7920,1.1363371054780858e-17,0,5.5399445911996351e-19,2.5557906223214325e-18,7.4801284129087144e-18,7.9568278003805536e-21,1.9364824757336759e-20,4.1353230303408988e-19,3.3260360483891514e-19,0.97790075544842603,0.75552783639010501,0.75552481113789349,2.6192647243666408e-32
7950,1.1363371054780858e-17,0,5.5238596567761077e-19,2.5505788592451013e-18,7.4842073000612384e-18,7.956924427804017e-21,1.9395807791969313e-20,4.1591067950822015e-19,3.3293551806889089e-19,0.97791263103914783,0.75552481113789349,0.75552184224021302,2.311115933264683e-32
7980,1.1363371054780858e-17,0,5.5079531073259832e-19,2.5454212159999178e-18,7.488213975632297e-18,7.9570192471259344e-21,1.9426579754108186e-20,4.1829048184938518e-19,3.3326647156540739e-19,0.97792428441268575,0.75552184224021302,0.75551892889682859,1.8488927466117464e-32
8010,1.1363371054780858e-17,0,5.492222746542834e-19,2.5403170738245005e-18,7.4921492889242365e-18,7.9571122839546667e-21,1.9457142058106861e-20,4.2067168707023606e-19,3.3359647596552335e-19,0.97793571871632834,0.75551892889682859,0.75551607032091794,1.5407439555097887e-32
8040,1.1363371054780858e-17,0,5.4766664079453511e-19,2.5352658206630507e-18,7.4960140794287792e-18,7.9572035634708526e-21,1.948749610911718e-20,4.2305427244646759e-19,3.3392554177541646e-19,0.97794693704479729,0.75551607032091794,0.75551326573880062,2.311115933264683e-32
8070,1.1363371054780858e-17,0,5.4612819543730459e-19,2.5302668511079532e-18,7.4998091769360031e-18,7.9572931104359883e-21,1.9517643303143943e-20,4.2543821551382803e-19,3.3425367937215766e-19,0.97795794244130085,0.75551326573880062,0.75551051438967476,3.0814879110195774e-32
8100,1.1363371054780858e-17,0,5.4460672774937877e-19,2.5253195663422519e-18,7.5035354016422745e-18,7.9573809492008535e-21,1.9547585027099179e-20,4.2782349406516217e-19,3.3458089900545588e-19,0.97796873789857031,0.75551051438967476,0.7555078155253574,3.3896367021215351e-32
8130,1.1363371054780858e-17,0,5.4310202973227336e-19,2.5204233740819936e-18,7.5071935642571324e-18,7.9574671037136769e-21,1.9577322658856372e-20,4.3021008614748651e-19,3.3490721079937238e-19,0.97797932635986284,0.7555078155253574,0.75550516841003423,3.0814879110195774e-32
8160,1.1363371054780858e-17,0,5.4161389617523722e-19,2.5155776885184952e-18,7.5107844661091558e-18,7.9575515975281497e-21,1.9606857567304283e-20,4.3259797005909656e-19,3.3523262475400811e-19,0.97798971071994656,0.75550516841003423,0.75550257232001339,3.2355623065705562e-32
8190,1.1363371054780858e-17,0,5.4014212460933162e-19,2.5107819302605699e-18,7.5143088992508502e-18,7.9576344538112187e-21,1.963619111240079e-20,4.3498712434670706e-19,3.3555715074716275e-19,0.97799989382605867,0.75550257232001339,0.75550002654348536,2.311115933264683e-32
8220,1.1363371054780858e-17,0,5.3868651526255215e-19,2.5060355262767187e-18,7.517767646562395e-18,7.9577156953507112e-21,1.9665324645226271e-20,4.3737752780262346e-19,3.358807985359654e-19,0.97800987847884202,0.75550002654348536,0.75549753038028955,2.7733391199176196e-32
8250,1.1363371054780858e-17,0,5.3724687101596022e-19,2.5013379098373341e-18,7.5211614818545159e-18,7.9577953445628175e-21,1.9694259508037002e-20,4.3976915946194439e-19,3.3620357775848046e-19,0.97801966743326496,0.75549753038028955,0.75549508314168379,2.311115933264683e-32
8280,1.1363371054780858e-17,0,5.3582299736079613e-19,2.4966885204569311e-18,7.524491169970214e-18,7.9578734234992898e-21,1.9722997034318218e-20,4.4216199859979424e-19,3.3652549793528578e-19,0.97802926339950635,0.75549508314168379,0.75549268415012338,1.8488927466117464e-32
8310,1.1363371054780858e-17,0,5.3441470235654278e-19,2.4920868038364283e-18,7.5277574668855598e-18,7.9579499538546017e-21,1.9751538548836986e-20,4.4455602472859038e-19,3.3684656847102677e-19,0.97803866904383496,0.75549268415012338,0.7554903327390412,1.8488927466117464e-32
8340,1.1363371054780858e-17,0,5.3302179658991326e-19,2.4875322118055225e-18,7.530961119809461e-18,7.9580249569728599e-21,1.977988536769481e-20,4.4695121759533537e-19,3.3716679865594472e-19,0.97804788698945921,0.7554903327390412,0.75548802825263517,1.3866695599588098e-32
8370,1.1363371054780858e-17,0,5.3164409313473445e-19,2.4830242022651464e-18,7.5341028672824041e-18,7.9580984538545761e-21,1.9808038798380126e-20,4.4934755717894241e-19,3.3748619766738076e-19,0.97805691981735954,0.75548802825263517,0.75548577004566009,1.5407439555097887e-32
8400,1.1363371054780858e-17,0,5.3028140751269702e-19,2.4785622391300649e-18,7.5371834392742485e-18,7.9581704651632948e-21,1.9836000139820462e-20,4.5174502368759215e-19,3.3780477457125684e-19,0.97806577006710271,0.75548577004566009,0.75548355748322438,1.5407439555097887e-32
8430,1.1363371054780858e-17,0,5.2893355765495366e-19,2.4741457922715917e-18,7.5402035572809776e-18,7.95824101123205e-21,1.9863770682434433e-20,4.5414359755611559e-19,3.381225383235329e-19,0.97807444023763557,0.75548355748322438,0.75548138994059111,1.8488927466117464e-32
8460,1.1363371054780858e-17,0,5.2760036386453277e-19,2.4697743374604889e-18,7.5431639344205114e-18,7.9583101120696906e-21,1.9891351708183497e-20,4.5654325944340826e-19,3.3843949777164064e-19,0.97808293278806224,0.75548138994059111,0.75547926680298438,2.311115933264683e-32
8490,1.1363371054780858e-17,0,5.2628164877955203e-19,2.465447356310031e-18,7.5460652755274887e-18,7.9583777873670521e-21,1.9918744490623505e-20,4.5894399022987296e-19,3.3875566165589605e-19,0.9780912501384027,0.75547926680298438,0.75547718746539938,2.7733391199176196e-32
8520,1.1363371054780858e-17,0,5.2497723733719968e-19,2.4611643362192627e-18,7.5489082772471272e-18,7.9584440565029726e-21,1.9945950294955967e-20,4.6134577101488975e-19,3.3907103861088968e-19,0.97809939467033247,0.75547718746539938,0.75547515133241694,2.9274135154685985e-32
8550,1.1363371054780858e-17,0,5.2368695673847145e-19,2.4569247703164769e-18,7.5516936281280768e-18,7.9585089385502267e-21,1.997297037807917e-20,4.6374858311431747e-19,3.393856371668546e-19,0.97810736872791126,0.75547515133241694,0.75547315781802216,3.0814879110195774e-32
8580,1.1363371054780858e-17,0,5.2241063641363393e-19,2.4527281574029189e-18,7.5544220087143142e-18,7.9585724522812613e-21,1.9999805988638961e-20,4.6615240805802129e-19,3.3969946575101568e-19,0.97811517461828845,0.75547315781802216,0.75547120634542786,3.2355623065705562e-32
8610,1.1363371054780858e-17,0,5.2114810798839722e-19,2.4485740018967092e-18,7.5570940916361191e-18,7.95863461617382e-21,2.0026458367079396e-20,4.6855722758742604e-19,3.4001253268891649e-19,0.97812281461239414,0.75547120634542786,0.75546929634690141,3.6977854932234928e-32
8640,1.1363371054780858e-17,0,5.1989920525077787e-19,2.4444618137770505e-18,7.5597105417000551e-18,7.958695448416486e-21,2.0052928745693101e-20,4.7096302365310205e-19,3.4032484620572519e-19,0.97813029094562032,0.75546929634690141,0.75546742726359495,3.6977854932234928e-32
8670,1.1363371054780858e-17,0,5.1866376411862935e-19,2.4403911085286845e-18,7.5622720159780263e-18,7.9587549669140446e-21,2.007921834867142e-20,4.7336977841237371e-19,3.4063641442752434e-19,0.97813760581847997,0.75546742726359495,0.75546559854537998,3.3896367021215351e-32
8700,1.1363371054780858e-17,0,5.1744162260782643e-19,2.4363614070866186e-18,7.5647791638954005e-18,7.9588131892927497e-21,2.0105328392154323e-20,4.7577747422695647e-19,3.409472453825778e-19,0.97814476139725426,0.75546559854537998,0.75546380965068649,3.0814879110195774e-32
8730,1.1363371054780858e-17,0,5.1623262080107902e-19,2.4323722357811619e-18,7.5672326273181992e-18,7.9588701329054814e-21,2.0131260084280087e-20,4.7818609366062181e-19,3.4125734700258073e-19,0.97815175981462676,0.75546380965068649,0.75546206004634331,3.0814879110195774e-32
8760,1.1363371054780858e-17,0,5.1503660081736465e-19,2.4284231262832458e-18,7.5696330406393754e-18,7.9589258148367743e-21,2.0157014625234696e-20,4.8059561947688598e-19,3.4156672712389039e-19,0.97815860317030101,0.75546206004634331,0.75546034920742478,2.4651903288156619e-32
8790,1.1363371054780858e-17,0,5.1385340678195994e-19,2.4245136155500574e-18,7.5719810308641439e-18,7.9589802519077414e-21,2.0182593207301068e-20,4.8300603463672753e-19,3.4187539348873826e-19,0.97816529353160564,0.75546034920742478,0.75545867661709853,2.1570415377137042e-32
8820,1.1363371054780858e-17,0,5.1268288479705267e-19,2.4206432457709942e-18,7.574277217694447e-18,7.9590334606809002e-21,2.0207997014908009e-20,4.8541732229632775e-19,3.4218335374642583e-19,0.97817183293408783,0.75545867661709853,0.7554570417664781,2.1570415377137042e-32
8850,1.1363371054780858e-17,0,5.1152488291292461e-19,2.4168115643139479e-18,7.576522213612478e-18,7.9590854574648749e-21,2.0233227224678929e-20,4.8782946580484003e-19,3.4249061545450192e-19,0.97817822338209115,0.7554570417664781,0.75545544415447718,2.1570415377137042e-32
8880,1.1363371054780858e-17,0,5.1037925109968242e-19,2.4130181236719057e-18,7.5787166239633499e-18,7.9591362583190204e-21,2.0258285005480309e-20,4.9024244870218075e-19,3.4279718607992277e-19,0.9781844668493237,0.75545544415447718,0.75545388328766905,1.8488927466117464e-32
8910,1.1363371054780858e-17,0,5.092458412195288e-19,2.4092624814099198e-18,7.5808610470368206e-18,7.9591858790579073e-21,2.0283171518469998e-20,4.9265625471684892e-19,3.431030730001955e-19,0.97819056527940917,0.75545388328766905,0.75545235868014771,1.6948183510607676e-32
8940,1.1363371054780858e-17,0,5.0812450699955616e-19,2.4055442001124132e-18,7.5829560741481969e-18,7.9592343352557682e-21,2.030788791714514e-20,4.9507086776376701e-19,3.4340828350450596e-19,0.97819652058643392,0.75545235868014771,0.75545086985339149,1.8488927466117464e-32
8970,1.1363371054780858e-17,0,5.0701510400505019e-19,2.4018628473308348e-18,7.5850022897183347e-18,7.959281642250786e-21,2.0332435347390011e-20,4.9748627194214983e-19,3.4371282479482814e-19,0.97820233465547335,0.75545086985339149,0.75544941633613161,1.8488927466117464e-32
9000,1.1363371054780858e-17,0,5.0591748961328799e-19,2.3982179955316882e-18,7.5870002713527745e-18,7.9593278151493351e-21,2.0356814947523495e-20,4.9990245153339389e-19,3.4401670398702079e-19,0.97820800934311336,0.75544941633613161,0.75544799766422166,2.1570415377137042e-32
9030,1.1363371054780858e-17,0,5.0483152298782204e-19,2.3946092220449232e-18,7.5889505899200179e-18,7.9593728688301091e-21,2.0381027848346357e-20,5.0231939099899355e-19,3.4431992811190562e-19,0.97821354647795777,0.75544799766422166,0.75544661338051056,2.0029671421627253e-32
9060,1.1363371054780858e-17,0,5.0375706505323377e-19,2.3910361090127e-18,7.5908538096289551e-18,7.9594168179481786e-21,2.0405075173188335e-20,5.0473707497847905e-19,3.4462250411633261e-19,0.97821894786112695,0.75544661338051056,0.75544526303471826,2.1570415377137042e-32
9090,1.1363371054780858e-17,0,5.0269397847034777e-19,2.387498243338521e-18,7.5927104881054674e-18,7.9594596769389466e-21,2.0428958037954898e-20,5.0715548828737966e-19,3.4492443886422819e-19,0.97822421526674408,0.75544526303471826,0.75544394618331401,1.8488927466117464e-32
9120,1.1363371054780858e-17,0,5.0164212761189288e-19,2.3839952166367637e-18,7.594521176468141e-18,7.9595014600220145e-21,2.0452677551173822e-20,5.0957461591520956e-19,3.4522573913763041e-19,0.97822935044240977,0.75544394618331401,0.7554426623893975,2.6192647243666408e-32
9150,1.1363371054780858e-17,0,5.00601378538598e-19,2.3805266251825836e-18,7.5962864194032244e-18,7.9595421812050046e-21,2.0476234814041513e-20,5.1199444302347403e-19,3.4552641163770849e-19,0.97823435510967272,0.7554426623893975,0.75544141122258179,2.311115933264683e-32
9180,1.1363371054780858e-17,0,4.9957159897571689e-19,2.3770920698622023e-18,7.5980067552386913e-18,7.9595818542872638e-21,2.0499630920469067e-20,5.1441495494370252e-19,3.4582646298576804e-19,0.97823923096448384,0.75544141122258179,0.75544019225887904,2.1570415377137042e-32
9210,1.1363371054780858e-17,0,4.9855265828996458e-19,2.3736911561235982e-18,7.5996827160175316e-18,7.9596204928634907e-21,2.0522866957128137e-20,5.1683613717550118e-19,3.4612589972424393e-19,0.97824397967764309,0.75544019225887904,0.75543900508058925,2.6192647243666408e-32
9240,1.1363371054780858e-17,0,4.975444274668596e-19,2.3703234939275931e-18,7.6013148275702427e-18,7.9596581103273318e-21,2.0545944003496476e-20,5.1925797538462832e-19,3.4642472831767778e-19,0.97824860289524074,0.75543900508058925,0.75543784927618984,3.3896367021215351e-32
9270,1.1363371054780858e-17,0,4.9654677908846223e-19,2.3669886976993185e-18,7.6029036095864897e-18,7.9596947198748318e-21,2.0568863131903367e-20,5.2168045540109234e-19,3.4672295515368254e-19,0.97825310223908168,0.75543784927618984,0.75543672444022958,3.3896367021215351e-32
9300,1.1363371054780858e-17,0,4.9555958731149835e-19,2.3636863862800938e-18,7.6044495756859845e-18,7.959730334507882e-21,2.0591625407574665e-20,5.2410356321727087e-19,3.4702058654389403e-19,0.97825747930710916,0.75543672444022958,0.75543563017322268,3.543711097672514e-32
9330,1.1363371054780858e-17,0,4.9458272784585567e-19,2.3604161828797128e-18,7.6059532334885784e-18,7.9597649670375594e-21,2.0614231888677727e-20,5.2652728498605119e-19,3.4731762872490864e-19,0.97826173567381514,0.75543563017322268,0.75543456608154624,3.543711097672514e-32
9360,1.1363371054780858e-17,0,4.9361607793345278e-19,2.3571777150291148e-18,7.6074150846836008e-18,7.9597986300873942e-21,2.0636683626365994e-20,5.289516070189929e-19,3.4761408785920968e-19,0.97826587289064193,0.75543456608154624,0.75543353177733952,3.2355623065705562e-32
9390,1.1363371054780858e-17,0,4.9265951632746122e-19,2.3539706145334642e-18,7.6088356250983893e-18,7.9598313360966025e-21,2.0658981664823439e-20,5.313765157845099e-19,3.4790997003608006e-19,0.97826989248637974,0.75543353177733952,0.75543252687840501,3.2355623065705562e-32
9420,1.1363371054780858e-17,0,4.9171292327188216e-19,2.3507945174256491e-18,7.6102153447660828e-18,7.9598630973232196e-21,2.0681127041308683e-20,5.3380199790607464e-19,3.4820528127250298e-19,0.97827379596755115,0.75543252687840501,0.75543155100811221,3.3896367021215351e-32
9450,1.1363371054780858e-17,0,4.9077618048146224e-19,2.3476490639201663e-18,7.6115547279926533e-18,7.9598939258471749e-21,2.07031207861989e-20,5.3622804016044164e-19,3.4850002751404975e-19,0.97827758481878957,0.75543155100811221,0.75543060379530258,3.6977854932234928e-32
9480,1.1363371054780858e-17,0,4.8984917112194255e-19,2.3445338983674247e-18,7.6128542534231927e-18,7.9599238335733468e-21,2.0724963923033549e-20,5.3865462947589285e-19,3.4879421463575734e-19,0.9782812605032144,0.75543060379530258,0.75542968487419637,4.0059342843254506e-32
9510,1.1363371054780858e-17,0,4.88931779790639e-19,2.3414486692084578e-18,7.6141143941074382e-18,7.9599528322344736e-21,2.0746657468557763e-20,5.4108175293050204e-19,3.4908784844299241e-19,0.97828482446278897,0.75542968487419637,0.75542879388430273,3.8518598887744717e-32
9540,1.1363371054780858e-17,0,4.8802389249733424e-19,2.3383930289300248e-18,7.615335617564585e-18,7.9599809333940899e-21,2.076820243276556e-20,5.435093977504181e-19,3.4938093467230445e-19,0.97828827811868146,0.75542879388430273,0.75542793047032963,3.2355623065705562e-32
9570,1.1363371054780858e-17,0,4.8712539664548863e-19,2.3353666340201405e-18,7.6165183858473686e-18,7.9600081484493571e-21,2.0789599818942806e-20,5.4593755130817051e-19,3.4967347899226835e-19,0.97829162287161231,0.75542793047032963,0.75542709428209687,2.9274135154685985e-32
9600,1.1363371054780858e-17,0,4.8623618101375069e-19,2.3323691449240078e-18,7.6176631556054208e-18,7.9600344886338499e-21,2.0810850623709939e-20,5.4836620112099186e-19,3.4996548700431398e-19,0.97829486010219713,0.75542709428209687,0.75542628497445075,2.9274135154685985e-32
9630,1.1363371054780858e-17,0,4.8535613573776643e-19,2.3294002260003387e-18,7.6187703781479297e-18,7.9600599650202873e-21,2.0831955837064451e-20,5.5079533484916117e-19,3.5025696424354719e-19,0.97829799117128247,0.75542628497445075,0.75542550220717941,3.2355623065705562e-32
9660,1.1363371054780858e-17,0,4.8448515229228289e-19,2.3264595454781047e-18,7.6198404995055702e-18,7.9600845885232046e-21,2.0852916442423167e-20,5.532249402943652e-19,3.5054791617955702e-19,0.97830101742027376,0.75542550220717941,0.75542474564493156,3.0814879110195774e-32
9690,1.1363371054780858e-17,0,4.8362312347353445e-19,2.3235467754136821e-18,7.6208739604917547e-18,7.9601083699015868e-21,2.087373341666418e-20,5.5565500539807846e-19,3.5083834821721473e-19,0.97830394017145916,0.75542474564493156,0.75542401495713518,2.7733391199176196e-32
9720,1.1363371054780858e-17,0,4.8276994338190636e-19,2.320661591648398e-18,7.6218711967631672e-18,7.9601313197614263e-21,2.0894407730168725e-20,5.5808551823996317e-19,3.5112826569746196e-19,0.97830676072832401,0.75542401495713518,0.75542330981791905,3.0814879110195774e-32
9750,1.1363371054780858e-17,0,4.8192550740487447e-19,2.3178036737664868e-18,7.6228326388796737e-18,7.9601534485582612e-21,2.0914940346862697e-20,5.6051646703628454e-19,3.5141767389808751e-19,0.97830948037586252,0.75542330981791905,0.75542262990603437,2.9274135154685985e-32
9780,1.1363371054780858e-17,0,4.8108971220020957e-19,2.314972705053448e-18,7.6237587123634731e-18,7.9601747665996235e-21,2.0935332224257917e-20,5.6294784013834893e-19,3.5170657803449397e-19,0.97831210038087912,0.75542262990603437,0.75542197490478025,2.7733391199176196e-32
9810,1.1363371054780858e-17,0,4.8026245567944372e-19,2.312168372454799e-18,7.6246498377576313e-18,7.9601952840474958e-21,2.0955584313493251e-20,5.6537962603095504e-19,3.5199498326045621e-19,0.9783146219922898,0.75542197490478025,0.75542134450192755,3.2355623065705562e-32
9840,1.1363371054780858e-17,0,4.7944363699159163e-19,2.3093903665352387e-18,7.625506430683967e-18,7.9602150109206622e-21,2.0975697559375443e-20,5.67811813330866e-19,3.5228289466886764e-19,0.97831704644141149,0.75542134450192755,0.75542073838964718,3.0814879110195774e-32
9870,1.1363371054780858e-17,0,4.7863315650712507e-19,2.3066383814382001e-18,7.6263289019002104e-18,7.9602339570970517e-21,2.0995672900419735e-20,5.7024439078529879e-19,3.5257031729247859e-19,0.97831937494224985,0.75542073838964718,0.75542015626443759,2.7733391199176196e-32
9900,1.1363371054780858e-17,0,4.7783091580218772e-19,2.3039121148458015e-18,7.6271176573565792e-18,7.9602521323160138e-21,2.1015511268890228e-20,5.7267734727042803e-19,3.5285725610462384e-19,0.97832160869177909,0.75542015626443759,0.75541959782705526,3.2355623065705562e-32
9930,1.1363371054780858e-17,0,4.7703681764305579e-19,2.3012112679391985e-18,7.6278730982516953e-18,7.9602695461805754e-21,2.1035213590840033e-20,5.7511067178991106e-19,3.5314371601994226e-19,0.97832374887021922,0.75541959782705526,0.75541906278244519,3.543711097672514e-32
9960,1.1363371054780858e-17,0,4.7625076597082827e-19,2.2985355453593289e-18,7.6285956210878419e-18,7.960286208159634e-21,2.1054780786151219e-20,5.7754435347342795e-19,3.534297018950852e-19,0.97832579664130559,0.75541906278244519,0.75541855083967357,3.543711097672514e-32
9990,1.1363371054780858e-17,0,4.7547266588635312e-19,2.2958846551680346e-18,7.6292856177256141e-18,7.9603021275901118e-21,2.107421376857446e-20,5.7997838157523611e-19,3.537152185294174e-19,0.97832775315255371,0.75541855083967357,0.75541806171186154,3.6977854932234928e-32
10020,1.1363371054780858e-17,0,4.7470242363537336e-19,2.2932583088095931e-18,7.629943475437943e-18,7.9603173136790732e-21,2.1093513445768556e-20,5.8241274547274789e-19,3.5400027066570817e-19,0.97832961953551933,0.75541806171186154,0.75541759511612017,4.4681574709783872e-32
10050,1.1363371054780858e-17,0,4.7393994659390145e-19,2.2906562210726295e-18,7.6305695769635074e-18,7.9603317755058095e-21,2.1112680719339567e-20,5.8484743466511616e-19,3.5428486299081446e-19,0.9783313969060552,0.75541759511612017,0.75541715077348615,4.4681574709783872e-32
10080,1.1363371054780858e-17,0,4.7318514325380469e-19,2.2880781100524096e-18,7.6311643005594983e-18,7.9603455220238695e-21,2.1131716484879932e-20,5.8728243877184249e-19,3.54569000136354e-19,0.97833308636455962,0.75541715077348615,0.75541672840886009,4.622231866529366e-32
10110,1.1363371054780858e-17,0,4.7243792320860522e-19,2.2855236971135187e-18,7.6317280200538482e-18,7.9603585620630479e-21,2.1150621632007145e-20,5.8971774753140042e-19,3.5485268667937066e-19,0.97833468899622178,0.75541672840886009,0.75541632775094458,4.622231866529366e-32
10140,1.1363371054780858e-17,0,4.7169819713949111e-19,2.2829927068529244e-18,7.6322611048968017e-18,7.9603709043313766e-21,2.1169397044402391e-20,5.9215335079986937e-19,3.5513592714299219e-19,0.97833620587126613,0.75541632775094458,0.75541594853218341,4.622231866529366e-32
10170,1.1363371054780858e-17,0,4.7096587680152685e-19,2.2804848670634131e-18,7.6327639202119385e-18,7.9603825574170136e-21,2.1188043599848834e-20,5.9458923854959243e-19,3.5541872599707713e-19,0.97833763804518437,0.75541594853218341,0.75541559048870388,4.622231866529366e-32
10200,1.1363371054780858e-17,0,4.7024087501006865e-19,2.2779999086974134e-18,7.633236826846579e-18,7.9603935297901642e-21,2.1206562170269705e-20,5.9702540086784322e-19,3.5570108765885617e-19,0.97833898655897178,0.75541559048870388,0.75541525336025706,3.543711097672514e-32
10230,1.1363371054780858e-17,0,4.6952310562737688e-19,2.2755375658311838e-18,7.6336801814216103e-18,7.9604038298049107e-21,2.1224953621766205e-20,5.9946182795550944e-19,3.5598301649356398e-19,0.97834025243935208,0.75541525336025706,0.75541493689016193,4.3140830754274083e-32
10260,1.1363371054780858e-17,0,4.6881248354941595e-19,2.273097575629371e-18,7.6340943363808147e-18,7.9604134657010479e-21,2.1243218814655167e-20,6.0189851012579413e-19,3.5626451681506331e-19,0.97834143669900286,0.75541493689016193,0.75541464082524934,4.3140830754274083e-32
10290,1.1363371054780858e-17,0,4.6810892469285062e-19,2.2706796783099457e-18,7.634479640039519e-18,7.9604224456058526e-21,2.1261358603506474e-20,6.0433543780292959e-19,3.5654559288646114e-19,0.97834254033677315,0.75541464082524934,0.75541436491580671,4.0059342843254506e-32
10320,1.1363371054780858e-17,0,4.6741234598222214e-19,2.2682836171094953e-18,7.6348364366327621e-18,7.960430777535864e-21,2.1279373837180281e-20,6.06772601520906e-19,3.5682624892071742e-19,0.97834356433790237,0.75541436491580671,0.75541410891552441,3.8518598887744717e-32
10350,1.1363371054780858e-17,0,4.6672266533731195e-19,2.2659091382489e-18,7.6351650663628799e-18,7.9604384693985786e-21,2.1297265358864039e-20,6.0920999192221612e-19,3.5710648908124637e-19,0.97834450967422837,0.75541410891552441,0.75541387258144288,4.0059342843254506e-32
10380,1.1363371054780858e-17,0,4.6603980166068146e-19,2.2635559908993412e-18,7.6354658654465642e-18,7.9604455289941482e-21,2.1315034006109186e-20,6.1164759975661227e-19,3.5738631748250928e-19,0.9783453773043963,0.75541387258144288,0.75541365567390095,4.7763062620803449e-32
10410,1.1363371054780858e-17,0,4.6536367482538701e-19,2.2612239271486933e-18,7.635739166161362e-18,7.9604519640170435e-21,2.1332680610867812e-20,6.1408541587987912e-19,3.5766573819060087e-19,0.97834616817406306,0.75541365567390095,0.75541345795648418,5.0844550531823027e-32
10440,1.1363371054780858e-17,0,4.6469420566287048e-19,2.2589127019682577e-18,7.6359852968916378e-18,7.9604577820576765e-21,2.1350205999528922e-20,6.1652343125262172e-19,3.5794475522382767e-19,0.97834688321609653,0.75541345795648418,0.7554132791959759,5.5466782398352393e-32
10470,1.1363371054780858e-17,0,4.6403131595101524e-19,2.2566220731798587e-18,7.6362045821740269e-18,7.9604629906040147e-21,2.1367610992954598e-20,6.1896163693906409e-19,3.582233725532802e-19,0.97834752335077413,0.7554132791959759,0.75541311916230647,5.5466782398352393e-32
10500,1.1363371054780858e-17,0,4.63374928402373e-19,2.2543518014232884e-18,7.6363973427423266e-18,7.9604675970431247e-21,2.1384896406515876e-20,6.2140002410586596e-19,3.5850159410339534e-19,0.97834808948597252,0.75541311916230647,0.7554129776285069,5.0844550531823027e-32
10530,1.1363371054780858e-17,0,4.627249666525513e-19,2.2521016501240946e-18,7.6365638955719097e-18,7.9604716086627302e-21,2.1402063050128475e-20,6.238385840209485e-19,3.5877942375251647e-19,0.97834858251735901,0.7554129776285069,0.75541285437066019,4.7763062620803449e-32
10560,1.1363371054780858e-17,0,4.620813552487615e-19,2.2498713854617117e-18,7.6367045539236215e-18,7.9604750326527488e-21,2.1419111728288241e-20,6.2627730805233673e-19,3.5905686533344156e-19,0.97834900332858055,0.75541285437066019,0.75541274916785484,4.3140830754274083e-32
10590,1.1363371054780858e-17,0,4.6144401963852651e-19,2.2476607763379532e-18,7.63681962738714e-18,7.9604778761067281e-21,2.1436043240106421e-20,6.2871618766701632e-19,3.5933392263396779e-19,0.97834935279143986,0.75541274916785484,0.75541266180214006,4.1600086798764294e-32
10620,1.1363371054780858e-17,0,4.6081288615854291e-19,2.2454695943458237e-18,7.6369094219238545e-18,7.9604801460233606e-21,2.1452858379344729e-20,6.3115521442979806e-19,3.5961059939742799e-19,0.97834963176608225,0.75541266180214006,0.75541259205847944,4.3140830754274083e-32
10650,1.1363371054780858e-17,0,4.6018788202369453e-19,2.243297613738669e-18,7.6369742399092758e-18,7.9604818493078725e-21,2.1469557934450175e-20,6.3359438000220176e-19,3.5988689932322135e-19,0.97834984110116563,0.75541259205847944,0.75541253972470856,3.8518598887744717e-32
10680,1.1363371054780858e-17,0,4.5956893531621547e-19,2.2411446113996697e-18,7.6370143801748852e-18,7.9604829927734802e-21,2.1486142688589743e-20,6.3603367614134903e-19,3.6016282606733644e-19,0.97834998163403997,0.75541253972470856,0.75541250459149001,3.8518598887744717e-32
10710,1.1363371054780858e-17,0,4.5895597497500376e-19,2.2390103668116669e-18,7.637030138049584e-18,7.9604835831427325e-21,2.150261341968472e-20,6.3847309469886996e-19,3.6043838324286853e-19,0.97835005419091214,0.75541250459149001,0.75541248645227199,3.6977854932234928e-32
10740,1.1363371054780858e-17,0,4.5834893078507605e-19,2.2368946620273041e-18,7.6370218054005875e-18,7.9604836270488857e-21,2.1518970900445008e-20,6.4091262761982353e-19,3.6071357442053107e-19,0.97835005958701493,0.75541248645227199,0.75541248510324621,4.1600086798764294e-32
10770,1.1363371054780858e-17,0,4.5774773336716467e-19,2.234797281639498e-18,7.6369896706739241e-18,7.9604831310372623e-21,2.1535215898403069e-20,6.4335226694162734e-19,3.6098840312915954e-19,0.97834999862677374,0.75541248510324621,0.75541250034330654,4.4681574709783872e-32
10800,1.1363371054780858e-17,0,4.5715231416745834e-19,2.2327180127522487e-18,7.6369340189343844e-18,7.9604821015665377e-21,2.1551349175947727e-20,6.4579200479300438e-19,3.6126287285620985e-19,0.9783498721039654,0.75541250034330654,0.75541253197400859,3.8518598887744717e-32
10830,1.1363371054780858e-17,0,4.5656260544747694e-19,2.2306566449517454e-18,7.6368551319050423e-18,7.9604805450100338e-21,2.1567371490357809e-20,6.4823183339293593e-19,3.6153698704825089e-19,0.97834968080187623,0.75541253197400859,0.75541257979953091,4.0059342843254506e-32
10860,1.1363371054780858e-17,0,4.559785402740829e-19,2.2286129702778007e-18,7.636753288006361e-18,7.9604784676569967e-21,2.1583283593835502e-20,6.5067174504963325e-19,3.6181074911145077e-19,0.97834942549345993,0.75541257979953091,0.75541264362663507,3.8518598887744717e-32
10890,1.1363371054780858e-17,0,4.5540005250962569e-19,2.2265867831956025e-18,7.6366287623947683e-18,7.9604758757138426e-21,2.1599086233539532e-20,6.5311173215951452e-19,3.6208416241205625e-19,0.97834910694149024,0.75541264362663507,0.75541272326462749,3.543711097672514e-32
10920,1.1363371054780858e-17,0,4.5482707680221708e-19,2.2245778805677655e-18,7.6364818270008488e-18,7.9604727753053746e-21,2.1614780151618191e-20,6.5555178720619835e-19,3.6235723027686822e-19,0.97834872589871047,0.75541272326462749,0.75541281852532238,3.6977854932234928e-32
10950,1.1363371054780858e-17,0,4.5425954857613554e-19,2.2225860616267048e-18,7.6363127505670441e-18,7.960469172475999e-21,2.1630366085242063e-20,6.5799190275950845e-19,3.6262995599370981e-19,0.97834828310798327,0.75541281852532238,0.75541292922300418,3.6977854932234928e-32
10980,1.1363371054780858e-17,0,4.5369740402235888e-19,2.2206111279473073e-18,7.6361217986849578e-18,7.9604650731908837e-21,2.1645844766636629e-20,6.6043207147448534e-19,3.6290234281188884e-19,0.97834777930243266,0.75541292922300418,0.75541305517439183,3.3896367021215351e-32
11010,1.1363371054780858e-17,0,4.5314058008921692e-19,2.2186528834198996e-18,7.6359092338321864e-18,7.9604604833371465e-21,2.1661216923114644e-20,6.6287228609041523e-19,3.6317439394265592e-19,0.97834721520559031,0.75541305517439183,0.75541319619860237,3.2355623065705562e-32
11040,1.1363371054780858e-17,0,4.5258901447317381e-19,2.2167111342235293e-18,7.6356753154087674e-18,7.9604554087249977e-21,2.1676483277108358e-20,6.6531253942986622e-19,3.6344611255965461e-19,0.97834659153153603,0.75541319619860237,0.75541335211711602,3.2355623065705562e-32
11070,1.1363371054780858e-17,0,4.5204264560972596e-19,2.21478568879953e-18,7.6354202997731726e-18,7.9604498550888334e-21,2.1691644546201457e-20,6.6775282439773792e-19,3.6371750179936935e-19,0.97834590898503171,0.75541335211711602,0.75541352275374207,3.0814879110195774e-32
11100,1.1363371054780858e-17,0,4.5150141266441888e-19,2.2128763578253951e-18,7.6351444402778732e-18,7.960443828088384e-21,2.1706701443160843e-20,6.7019313398031954e-19,3.6398856476156517e-19,0.97834516826166296,0.75541352275374207,0.75541370793458429,3.6977854932234928e-32
11130,1.1363371054780858e-17,0,4.5096525552398574e-19,2.2109829541889235e-18,7.6348479873045565e-18,7.9604373333097595e-21,2.1721654675968278e-20,6.7263346124436238e-19,3.6425930450972302e-19,0.97834437004796748,0.75541370793458429,0.75541390748800818,2.7733391199176196e-32
11160,1.1363371054780858e-17,0,4.5043411478759655e-19,2.209105292962672e-18,7.6345311882988108e-18,7.9604303762665455e-21,2.1736504947851719e-20,6.7507379933615843e-19,3.6452972407147015e-19,0.97834351502156935,0.75541390748800818,0.75541412124460772,3.2355623065705562e-32
11190,1.1363371054780858e-17,0,4.4990793175822321e-19,2.2072431913786828e-18,7.6341942878045633e-18,7.9604229624008405e-21,2.1751252957316561e-20,6.7751414148063349e-19,3.6479982643900466e-19,0.97834260385130711,0.75541412124460772,0.75541434903717319,3.2355623065705562e-32
11220,1.1363371054780858e-17,0,4.4938664843411474e-19,2.2053964688034936e-18,7.6338375274979882e-18,7.960415097084277e-21,2.1765899398176633e-20,6.7995448098044957e-19,3.6506961456951609e-19,0.97834163719735878,0.75541434903717319,0.7554145907006603,3.543711097672514e-32
11250,1.1363371054780858e-17,0,4.4887020750038476e-19,2.2035649467134347e-18,7.6334611462210842e-18,7.9604067856190663e-21,2.1780444959585034e-20,6.8239481121511676e-19,3.6533909138559915e-19,0.97834061571137054,0.7554145907006603,0.75541484607215736,3.3896367021215351e-32
11280,1.1363371054780858e-17,0,4.4835855232070631e-19,2.2017484486701951e-18,7.6330653800148408e-18,7.9603980332389683e-21,2.1794890326064739e-20,6.8483512564011508e-19,3.6560825977566292e-19,0.97833954003657597,0.75541484607215736,0.75541511499085601,3.543711097672514e-32
11310,1.1363371054780858e-17,0,4.4785162692911126e-19,2.1999468002966713e-18,7.6326504621520266e-18,7.9603888451102886e-21,2.1809236177539015e-20,6.872754177860285e-19,3.6587712259433709e-19,0.97833841080791817,0.75541511499085601,0.75541539729802043,3.3896367021215351e-32
11340,1.1363371054780858e-17,0,4.4734937602189842e-19,2.1981598292530776e-18,7.632216623169593e-18,7.9603792263328339e-21,2.1823483189361712e-20,6.8971568125768783e-19,3.6614568266287023e-19,0.97833722865216777,0.75541539729802043,0.75541569283695809,3.6977854932234928e-32
11370,1.1363371054780858e-17,0,4.4685174494964379e-19,2.1963873652133365e-18,7.6317640909007028e-18,7.9603691819408678e-21,2.1837632032347308e-20,6.9215590973332267e-19,3.6641394276952577e-19,0.97833599418803985,0.75541569283695809,0.75541600145299004,3.8518598887744717e-32
11400,1.1363371054780858e-17,0,4.4635867970931161e-19,2.1946292398417274e-18,7.6312930905063791e-18,7.9603587169040358e-21,2.1851683372800771e-20,6.9459609696372368e-19,3.6668190566997174e-19,0.97833470802630795,0.75541600145299004,0.75541632299342298,4.0059342843254506e-32
11430,1.1363371054780858e-17,0,4.4587012693646798e-19,2.1928852867697971e-18,7.6308038445067971e-18,7.9603478361282999e-21,2.1865637872547246e-20,6.9703623677141502e-19,3.6694957408766621e-19,0.978333370769919,0.75541632299342298,0.75541665730752028,3.8518598887744717e-32
11460,1.1363371054780858e-17,0,4.4538603389759119e-19,2.1911553415735429e-18,7.6302965728121924e-18,7.9603365444568262e-21,2.1879496188961554e-20,6.9947632304983635e-19,3.6721695071423822e-19,0.97833198301410207,0.75541665730752028,0.75541700424647451,3.6977854932234928e-32
11490,1.1363371054780858e-17,0,4.4490634848248391e-19,2.1894392417508436e-18,7.6297714927534252e-18,7.9603248466708788e-21,2.1893258974997524e-20,7.0191634976253254e-19,3.6748403820986402e-19,0.97833054534647845,0.75541700424647451,0.75541736366338041,4.0059342843254506e-32
11520,1.1363371054780858e-17,0,4.4443101919677529e-19,2.187736826699144e-18,7.6292288191121999e-18,7.9603127474906863e-21,2.1906926879217094e-20,7.0435631094235546e-19,3.6775083920363899e-19,0.97832905834716832,0.75541736366338041,0.75541773541320789,3.543711097672514e-32
11550,1.1363371054780858e-17,0,4.439599951545227e-19,2.1860479376934017e-18,7.6286687641508808e-18,7.9603002515763279e-21,2.1920500545819277e-20,7.0679620069067291e-19,3.6801735629394481e-19,0.9783275225888991,0.75541773541320789,0.75541811935277525,3.8518598887744717e-32
11580,1.1363371054780858e-17,0,4.4349322607090642e-19,2.1843724178642771e-18,7.6280915376420425e-18,7.9602873635285406e-21,2.1933980614668943e-20,7.0923601317658656e-19,3.6828359204881232e-19,0.97832593863710526,0.75541811935277525,0.75541851534072368,3.543711097672514e-32
11610,1.1363371054780858e-17,0,4.4303066225501296e-19,2.1827101121765747e-18,7.6274973468975775e-18,7.9602740878895787e-21,2.1947367721325375e-20,7.1167574263616124e-19,3.6854954900627978e-19,0.9783243070500337,0.75541851534072368,0.7554189232374916,3.6977854932234928e-32
11640,1.1363371054780858e-17,0,4.4257225460271307e-19,2.1810608674079244e-18,7.6268863967975605e-18,7.9602604291440335e-21,2.1960662497070721e-20,7.1411538337165869e-19,3.6881522967474733e-19,0.97832262837884432,0.7554189232374916,0.75541934290528889,4.0059342843254506e-32
11670,1.1363371054780858e-17,0,4.421179545896277e-19,2.1794245321277129e-18,7.6262588898187042e-18,7.9602463917196103e-21,2.1973865568938178e-20,7.165549297507873e-19,3.6908063653332718e-19,0.97832090316770592,0.75541934290528889,0.75541977420807349,4.0059342843254506e-32
11700,1.1363371054780858e-17,0,4.4166771426418208e-19,2.1778009566762475e-18,7.6256150260625169e-18,7.9602319799879565e-21,2.1986977559740081e-20,7.1899437620595063e-19,3.6934577203218861e-19,0.97831913195389741,0.75541977420807349,0.75542021701152562,4.4681574709783872e-32
11730,1.1363371054780858e-17,0,4.4122148624074501e-19,2.176189993144165e-18,7.6249550032831169e-18,7.9602171982654316e-21,2.1999999088095748e-20,7.214337172335147e-19,3.6961063859290078e-19,0.97831731526790311,0.75542021701152562,0.75542067118302425,5.5466782398352393e-32
11760,1.1363371054780858e-17,0,4.4077922369285826e-19,2.1745914953520646e-18,7.624279016914763e-18,7.9602020508138523e-21,2.2012930768459189e-20,7.2387294739307647e-19,3.6987523860876879e-19,0.97831545363350381,0.75542067118302425,0.75542113659162402,5.3926038442842604e-32
11790,1.1363371054780858e-17,0,4.4034088034654586e-19,2.1730053188303808e-18,7.6235872600989747e-18,7.9601865418412778e-21,2.2025773211146638e-20,7.26312061306744e-19,3.7013957444516877e-19,0.97831354756787348,0.75542113659162402,0.75542161310803158,5.7007526353862181e-32
11820,1.1363371054780858e-17,0,4.3990641047370869e-19,2.1714313207994913e-18,7.6228799237114345e-18,7.9601706755027422e-21,2.2038527022363936e-20,7.2875105365842457e-19,3.7040364843987612e-19,0.9783115975816693,0.75542161310803158,0.7554221006045827,5.7007526353862181e-32
11850,1.1363371054780858e-17,0,4.3947576888560215e-19,2.1698693601500394e-18,7.6221571963885097e-18,7.9601544559009791e-21,2.2051192804233619e-20,7.3118991919312011e-19,3.7066746290339089e-19,0.9783096041791205,0.7554221006045827,0.7554225989552199,6.1629758220391547e-32
11880,1.1363371054780858e-17,0,4.3904891092639334e-19,2.1683192974234931e-18,7.6214192645535103e-18,7.960137887087146e-21,2.2063771154821996e-20,7.3362865271623172e-19,3.7093102011926108e-19,0.9783075678581179,0.7554225989552199,0.75542310803547053,6.0089014264881759e-32
11910,1.1363371054780858e-17,0,4.3862579246679819e-19,2.1667809947929128e-18,7.6206663124425867e-18,7.9601209730615512e-21,2.2076262668165982e-20,7.3606724909287099e-19,3.7119432234439908e-19,0.97830548911030257,0.75542310803547053,0.75542362772242433,6.4711246131411125e-32
11940,1.1363371054780858e-17,0,4.3820636989779931e-19,2.1652543160439576e-18,7.6198985221303839e-18,7.9601037177743208e-21,2.2088667934299736e-20,7.3850570324718137e-19,3.7145737180939594e-19,0.9783033684211484,0.75542362772242433,0.75542415789471296,6.7792734042430702e-32
11970,1.1363371054780858e-17,0,4.3779060012443774e-19,2.1637391265560954e-18,7.6191160735553611e-18,7.9600861251261068e-21,2.2100987539281175e-20,7.4094401016166412e-19,3.717201707188322e-19,0.97830120627004868,0.75542415789471296,0.75542469843248783,5.854827030937197e-32
12000,1.1363371054780858e-17,0,4.3737844055968601e-19,2.1622352932840372e-18,7.618319144544793e-18,7.9600681989687526e-21,2.2113222065218286e-20,7.4338216487651556e-19,3.7198272125158384e-19,0.97829900313039819,0.75542469843248783,0.75542524921740051,5.5466782398352393e-32
12030,1.1363371054780858e-17,0,4.3696984911839298e-19,2.1607426847393688e-18,7.6175079108395436e-18,7.9600499431059744e-21,2.2125372090295306e-20,7.4582016248896959e-19,3.7224502556112535e-19,0.97829675946967687,0.75542524921740051,0.75542581013258081,5.854827030937197e-32
12060,1.1363371054780858e-17,0,4.3656478421130666e-19,2.1592611709724193e-18,7.6166825461185023e-18,7.9600313612939931e-21,2.213743818879871e-20,7.4825799815264857e-19,3.7250708577582944e-19,0.97829447574952733,0.75542581013258081,0.75542638106261817,6.0089014264881759e-32
12090,1.1363371054780858e-17,0,4.361632047391662e-19,2.1577906235543114e-18,7.6158432220227476e-18,7.9600124572422114e-21,2.2149420931143013e-20,7.5069566707692086e-19,3.7276890399926242e-19,0.97829215242583822,0.75542638106261817,0.75542696189354042,6.4711246131411125e-32
12120,1.1363371054780858e-17,0,4.3576507008687124e-19,2.156330915559238e-18,7.6149901081794251e-18,7.9599932346138083e-21,2.2161320883896487e-20,7.5313316452626746e-19,3.7303048231047689e-19,0.97828978994881743,0.75542696189354042,0.75542755251279559,6.9333477997940491e-32
12150,1.1363371054780858e-17,0,4.3537034011771971e-19,2.154881921546932e-18,7.614123372225346e-18,7.9599736970263949e-21,2.2173138609806622e-20,7.5557048581965487e-19,3.7329182276430009e-19,0.97828738876307231,0.75542755251279559,0.75542815280923192,7.2414965908960068e-32
12180,1.1363371054780858e-17,0,4.3497897516771704e-19,2.1534435175453416e-18,7.6132431798303153e-18,7.9599538480526299e-21,2.2184874667825478e-20,7.5800762632991488e-19,3.7355292739161883e-19,0.97828494930768539,0.75542815280923192,0.75542876267307868,7.2414965908960068e-32
12210,1.1363371054780858e-17,0,4.3459093603995624e-19,2.1520155810334973e-18,7.6123496947201845e-18,7.9599336912208185e-21,2.2196529613134869e-20,7.6044458148313084e-19,3.7381379819966267e-19,0.9782824720162886,0.75542876267307868,0.75542938199592791,7.2414965908960068e-32
12240,1.1363371054780858e-17,0,4.342061839990647e-19,2.1505979909245915e-18,7.6114430786996281e-18,7.9599132300155022e-21,2.2208103997171362e-20,7.6288134675803285e-19,3.7407443717228131e-19,0.97827995731713491,0.75542938199592791,0.75543001067071625,7.3955709864469857e-32
12270,1.1363371054780858e-17,0,4.338246807657204e-19,2.1491906275492405e-18,7.6105234916746745e-18,7.9598924678780528e-21,2.2219598367651148e-20,7.6531791768540015e-19,3.7433484627022016e-19,0.97827740563317167,0.75543001067071625,0.75543064859170705,7.2414965908960068e-32
12300,1.1363371054780858e-17,0,4.3344638851123541e-19,2.1477933726389472e-18,7.6095910916749445e-18,7.9598714082072629e-21,2.2231013268594739e-20,7.6775428984746837e-19,3.7459502743139291e-19,0.9782748173821133,0.75543064859170705,0.75543129565447165,6.7792734042430702e-32
12330,1.1363371054780858e-17,0,4.3307126985220295e-19,2.1464061093097464e-18,7.6086460348756396e-18,7.9598500543599019e-21,2.2242349240351495e-20,7.7019045887734311e-19,3.7485498257114986e-19,0.9782721929765098,0.75543129565447165,0.75543195175587252,6.3170502175901336e-32
12360,1.1363371054780858e-17,0,4.3269928784521327e-19,2.1450287220460459e-18,7.6076884756192925e-18,7.9598284096512896e-21,2.2253606819624008e-20,7.7262642045842442e-19,3.7511471358254326e-19,0.97826953282381646,0.75543195175587252,0.75543261679404594,6.3170502175901336e-32
12390,1.1363371054780858e-17,0,4.3233040598163114e-19,2.1436610966846516e-18,7.6067185664372345e-18,7.9598064773558351e-21,2.2264786539492391e-20,7.7506217032383269e-19,3.7537422233659001e-19,0.97826683732646103,0.75543261679404594,0.75543329066838472,6.9333477997940491e-32
12420,1.1363371054780858e-17,0,4.3196458818243774e-19,2.1423031203989761e-18,7.6057364580708513e-18,7.9597842607075959e-21,2.227588892943822e-20,7.7749770425584433e-19,3.7563351068253108e-19,0.97826410688191179,0.75543329066838472,0.75543397327952211,7.0874221953450279e-32
12450,1.1363371054780858e-17,0,4.3160179879313507e-19,2.1409546816834363e-18,7.6047422994925298e-18,7.9597617629008037e-21,2.2286914515368556e-20,7.7993301808533369e-19,3.7589258044808804e-19,0.9782613418827425,0.75543397327952211,0.7554346645293144,6.6251990086920913e-32
12480,1.1363371054780858e-17,0,4.3124200257871328e-19,2.1396156703380164e-18,7.6037362379264024e-18,7.959738987090413e-21,2.2297863819639679e-20,7.8236810769122119e-19,3.761514334397151e-19,0.97825854271669976,0.7554346645293144,0.75543536432082503,5.854827030937197e-32
12510,1.1363371054780858e-17,0,4.3088516471867708e-19,2.1382859774530291e-18,7.6027184188688435e-18,7.9597159363925845e-21,2.2308737361080724e-20,7.84802968999926e-19,3.7641007144285061e-19,0.97825570976676224,0.75543536432082503,0.75543607255830947,6.0089014264881759e-32
12540,1.1363371054780858e-17,0,4.3053125080213412e-19,2.1369654953940401e-18,7.6016889861087335e-18,7.9596926138852477e-21,2.2319535655017075e-20,7.8723759798482733e-19,3.7666849622216343e-19,0.97825284341120999,0.75543607255830947,0.75543678914719747,5.7007526353862181e-32
12570,1.1363371054780858e-17,0,4.3018022682294256e-19,2.1356541177869656e-18,7.6006480817474684e-18,7.9596690226085567e-21,2.2330259213293735e-20,7.8967199066573229e-19,3.7692670952179785e-19,0.9782499440236806,0.75543678914719747,0.75543751399407988,4.9303806576313238e-32
12600,1.1363371054780858e-17,0,4.2983205917491649e-19,2.1343517395033525e-18,7.5995958462187168e-18,7.9596451655654365e-21,2.2340908544298445e-20,7.9210614310834676e-19,3.771847130656143e-19,0.97824701197323594,0.75543751399407988,0.75543824700669104,4.622231866529366e-32
12630,1.1363371054780858e-17,0,4.2948671464709013e-19,2.1330582566458228e-18,7.5985324183080056e-18,7.9596210457220239e-21,2.2351484152984727e-20,7.9454005142375452e-19,3.7744250855742888e-19,0.97824404762441675,0.75543824700669104,0.75543898809389587,4.9303806576313238e-32
12660,1.1363371054780858e-17,0,4.2914416041903875e-19,2.1317735665336854e-18,7.5974579351720351e-18,7.9595966660081999e-21,2.2361986540894735e-20,7.9697371176790378e-19,3.7770009768124819e-19,0.97824105133730788,0.75543898809389587,0.75543973716567303,4.3140830754274083e-32
12690,1.1363371054780858e-17,0,4.2880436405625733e-19,2.1304975676887207e-18,7.5963725323577441e-18,7.959572029318031e-21,2.2372416206181916e-20,7.9940712034109568e-19,3.779574821015023e-19,0.97823802346759237,0.75543973716567303,0.75544049413310188,3.6977854932234928e-32
12720,1.1363371054780858e-17,0,4.2846729350559262e-19,2.1292301598211199e-18,7.5952763438212085e-18,7.9595471385102517e-21,2.238277364363369e-20,8.0184027338748255e-19,3.7821466346327575e-19,0.97823496436661117,0.75544049413310188,0.75544125890834724,3.3896367021215351e-32
12750,1.1363371054780858e-17,0,4.2813291709073285e-19,2.1279712438156012e-18,7.5941695019462827e-18,7.9595219964087326e-21,2.2393059344693784e-20,8.0427316719456981e-19,3.7847164339253379e-19,0.97823187438142034,0.75544125890834724,0.75544203140464494,3.3896367021215351e-32
12780,1.1363371054780858e-17,0,4.2780120350774989e-19,2.1267207217176713e-18,7.5930521375630364e-18,7.959496605802917e-21,2.2403273797484504e-20,8.0670579809272327e-19,3.7872842349634853e-19,0.97822875385484487,0.75544203140464494,0.75544281153628878,4.0059342843254506e-32
12810,1.1363371054780858e-17,0,4.2747212182069605e-19,2.1254784967200636e-18,7.5919243799659725e-18,7.9594709694482976e-21,2.2413417486828929e-20,8.091381624546854e-19,3.7898500536311985e-19,0.97822560312553686,0.75544281153628878,0.75544359921861581,4.3140830754274083e-32
12840,1.1363371054780858e-17,0,4.2714564145725337e-19,2.1242444731493153e-18,7.590786356932013e-18,7.9594450900668288e-21,2.2423490894272826e-20,8.1157025669509058e-19,3.7924139056279551e-19,0.97822242252802694,0.75544359921861581,0.75544439436799327,5.0844550531823027e-32
12870,1.1363371054780858e-17,0,4.2682173220443581e-19,2.12301855645252e-18,7.5896381947383186e-18,7.9594189703473915e-21,2.2433494498106611e-20,8.1400207726999326e-19,3.7949758064708797e-19,0.97821921239278076,0.75544439436799327,0.75544519690180478,4.9303806576313238e-32
12900,1.1363371054780858e-17,0,4.2650036420434266e-19,2.1218006531842164e-18,7.5884800181798248e-18,7.959392612946212e-21,2.2443428773386938e-20,8.1643362067639792e-19,3.7975357714968895e-19,0.97821597304625074,0.75544519690180478,0.75544600673843731,5.2385294487332815e-32
12930,1.1363371054780858e-17,0,4.2618150794996227e-19,2.1205906709934379e-18,7.5873119505866819e-18,7.9593660204872643e-21,2.2453294191958316e-20,8.1886488345179376e-19,3.8000938158648006e-19,0.97821270481092548,0.75544600673843731,0.75544682379726869,5.7007526353862181e-32
12960,1.1363371054780858e-17,0,4.258651342810283e-19,2.1193885186109165e-18,7.5861341138413773e-18,7.9593391955627269e-21,2.2463091222474537e-20,8.21295862173696e-19,3.802649954557437e-19,0.97820940800538581,0.75544682379726869,0.7554476479986536,5.854827030937197e-32
12990,1.1363371054780858e-17,0,4.2555121437992302e-19,2.1181941058364274e-18,7.5849466283957313e-18,7.9593121407333627e-21,2.247282033041997e-20,8.2372655345919212e-19,3.8052042023836846e-19,0.97820608294435174,0.7554476479986536,0.75544847926391201,6.4711246131411125e-32
13020,1.1363371054780858e-17,0,4.2523971976763131e-19,2.1170073435262799e-18,7.5837496132876741e-18,7.9592848585289456e-21,2.248248197813069e-20,8.2615695396449402e-19,3.80775657398055e-19,0.97820272993873458,0.75544847926391201,0.7554493175153163,6.4711246131411125e-32
13050,1.1363371054780858e-17,0,4.2493062229974282e-19,2.115828143580966e-18,7.5825431861578109e-18,7.9592573514486389e-21,2.2492076624815525e-20,8.2858706038449415e-19,3.8103070838151643e-19,0.97819934929568342,0.7554493175153163,0.75545016267607912,6.3170502175901336e-32
13080,1.1363371054780858e-17,0,4.2462389416250238e-19,2.1146564189329418e-18,7.5813274632657994e-18,7.9592296219614065e-21,2.250160472657688e-20,8.3101686945232749e-19,3.8128557461867865e-19,0.97819594131863619,0.75545016267607912,0.75545101467034093,7.0874221953450279e-32
13110,1.1363371054780858e-17,0,4.243195078689064e-19,2.1134920835345547e-18,7.5801025595065758e-18,7.9592016725064057e-21,2.2511066736431517e-20,8.334463779389384e-19,3.8154025752287803e-19,0.9781925063073672,0.75545101467034093,0.75545187342315823,6.6251990086920913e-32
13140,1.1363371054780858e-17,0,4.240174362548477e-19,2.1123350523461047e-18,7.5788685884263029e-18,7.9591735054933434e-21,2.2520463104331181e-20,8.3587558265265159e-19,3.8179475849105532e-19,0.97818904455803157,0.75545187342315823,0.75545273886049213,7.2414965908960068e-32
13170,1.1363371054780858e-17,0,4.2371765247530549e-19,2.1111852413240583e-18,7.5776256622382334e-18,7.9591451233028843e-21,2.2529794277183013e-20,8.3830448043875029e-19,3.8204907890394869e-19,0.97818555636321469,0.75545273886049213,0.75545361090919627,7.5496453819979645e-32
13200,1.1363371054780858e-17,0,4.2342013000058032e-19,2.1100425674093854e-18,7.576373891838321e-18,7.9591165282870085e-21,2.2539060698869919e-20,8.4073306817905609e-19,3.8230322012628461e-19,0.97818204201197723,0.75545361090919627,0.75545448949700567,7.3955709864469857e-32
13230,1.1363371054780858e-17,0,4.2312484261257518e-19,2.1089069485160427e-18,7.5751133868206432e-18,7.9590877227693716e-21,2.2548262810270828e-20,8.4316134279151678e-19,3.8255718350696482e-19,0.97817850178989818,0.75545448949700567,0.75545537455252543,7.7037197775489434e-32
13260,1.1363371054780858e-17,0,4.2283176440112044e-19,2.1077783035195851e-18,7.5738442554927053e-18,7.9590587090456882e-21,2.2557401049280671e-20,8.45589301229797e-19,3.8281097037925294e-19,0.97817493597912275,0.75545537455252543,0.75545626600521931,7.0874221953450279e-32
13290,1.1363371054780858e-17,0,4.2254086976034277e-19,2.1066565522459101e-18,7.5725666048904876e-18,7.9590294893840537e-21,2.2566475850830387e-20,8.4801694048287293e-19,3.8306458206095811e-19,0.97817134485840196,0.75545626600521931,0.75545716378539951,7.0874221953450279e-32
13320,1.1363371054780858e-17,0,4.2225213338507699e-19,2.1055416154601383e-18,7.5712805407933874e-18,7.9590000660253417e-21,2.2575487646906752e-20,8.5044425757463363e-19,3.8331801985461646e-19,0.97816772870314073,0.75545716378539951,0.75545806782421487,7.3955709864469857e-32
13350,1.1363371054780858e-17,0,4.2196553026732138e-19,2.1044334148556178e-18,7.5699861677389329e-18,7.958970441183508e-21,2.2584436866572011e-20,8.5287124956348709e-19,3.8357128504767003e-19,0.9781640877854364,0.75545806782421487,0.75545897805364093,7.3955709864469857e-32
13380,1.1363371054780858e-17,0,4.2168103569273506e-19,2.1033318730430563e-18,7.5686835890373499e-18,7.9589406170459562e-21,2.2593323935983483e-20,8.5529791354196655e-19,3.8382437891264414e-19,0.97816042237412248,0.75545897805364093,0.75545989440646943,7.8577941730999223e-32
13410,1.1363371054780858e-17,0,4.2139862523717574e-19,2.1022369135397881e-18,7.5673729067859686e-18,7.9589105957738655e-21,2.260214927841295e-20,8.5772424663634859e-19,3.8407730270732329e-19,0.97815673273480974,0.75545989440646943,0.75546081681629751,6.4711246131411125e-32
13440,1.1363371054780858e-17,0,4.2111827476328171e-19,2.101148460759156e-18,7.5660542218833978e-18,7.9588803795025386e-21,2.2610913314266023e-20,8.6015024600626867e-19,3.8433005767492308e-19,0.97815301912992869,0.75546081681629751,0.75546174521751785,6.1629758220391547e-32
13470,1.1363371054780858e-17,0,4.2083996041709137e-19,2.1000664400000237e-18,7.564727634043634e-18,7.9588499703417022e-21,2.2619616461101254e-20,8.6257590884434493e-19,3.8458264504426277e-19,0.97814928181876637,0.75546174521751785,0.75546267954530844,5.7007526353862181e-32
13500,1.1363371054780858e-17,0,4.2056365862470434e-19,2.0989907774364078e-18,7.5633932418099259e-18,7.9588193703758506e-21,2.2628259133649246e-20,8.650012323758037e-19,3.848350660299325e-19,0.97814552105750907,0.75546267954530844,0.7554636197356227,5.854827030937197e-32
13530,1.1363371054780858e-17,0,4.2028934608898327e-19,2.0979214001072324e-18,7.5620511425685126e-18,7.9587885816645673e-21,2.263684174383153e-20,8.674262138581146e-19,3.8508732183246189e-19,0.97814173709928109,0.7554636197356227,0.75546456572517973,5.7007526353862181e-32
13560,1.1363371054780858e-17,0,4.2001699978629285e-19,2.0968582359062025e-18,7.5607014325621781e-18,7.9587576062428168e-21,2.2645364700779398e-20,8.6985085058062309e-19,3.85339413638484e-19,0.97813793019418149,0.75546456572517973,0.75546551745145463,5.5466782398352393e-32
13590,1.1363371054780858e-17,0,4.1974659696327944e-19,2.0958012135717926e-18,7.5593442069036704e-18,7.9587264461212745e-21,2.2653828410852592e-20,8.7227513986419036e-19,3.8559134262089943e-19,0.97813410058932382,0.75546551745145463,0.75546647485266905,5.2385294487332815e-32
13620,1.1363371054780858e-17,0,4.1947811513368729e-19,2.0947502626773574e-18,7.5579795595889421e-18,7.9586951032866351e-21,2.2662233277657852e-20,8.7469907906083781e-19,3.8584310993903672e-19,0.97813024852887454,0.75546647485266905,0.75546743786778137,5.2385294487332815e-32
13650,1.1363371054780858e-17,0,4.1921153207521438e-19,2.0937053136213562e-18,7.5566075835102596e-18,7.9586635797018845e-21,2.267057970206733e-20,8.7712266555339786e-19,3.8609471673881235e-19,0.97812637425408622,0.75546743786778137,0.7554684064364785,4.7763062620803449e-32
13680,1.1363371054780858e-17,0,4.1894682582640398e-19,2.0926662976176891e-18,7.5552283704691307e-18,7.9586318773066493e-21,2.2678868082236938e-20,8.7954589675516017e-19,3.8634616415288724e-19,0.97812247800334062,0.7554684064364785,0.75546938049916479,4.3140830754274083e-32
13710,1.1363371054780858e-17,0,4.1868397468357355e-19,2.091633146686146e-18,7.5538420111891061e-18,7.9585999980174286e-21,2.2687098813624575e-20,8.8196877010953169e-19,3.8659745330082324e-19,0.97811856001217701,0.75546938049916479,0.75547035999695578,3.543711097672514e-32
13740,1.1363371054780858e-17,0,4.184229571977813e-19,2.0906057936429701e-18,7.5524485953284017e-18,7.9585679437279289e-21,2.2695272289008139e-20,8.8439128308969524e-19,3.8684858528923698e-19,0.97811462051333353,0.75547035999695578,0.75547134487166656,3.8518598887744717e-32
13770,1.1363371054780858e-17,0,4.1816375217182762e-19,2.0895841720915312e-18,7.5510482114924198e-18,7.9585357163093341e-21,2.2703388898503551e-20,8.8681343319827529e-19,3.8709956121195078e-19,0.97811065973678035,0.75547134487166656,0.75547233506580491,4.1600086798764294e-32
13800,1.1363371054780858e-17,0,4.1790633865729088e-19,2.0885682164131048e-18,7.5496409472460782e-18,7.9585033176105792e-21,2.2711449029582531e-20,8.8923521796700466e-19,3.8735038215014378e-19,0.97810667790975292,0.75547233506580491,0.75547333052256183,4.3140830754274083e-32
13830,1.1363371054780858e-17,0,4.1765069595160161e-19,2.0875578617577667e-18,7.5482268891260007e-18,7.958470749458645e-21,2.2719453067090382e-20,8.9165663495639205e-19,3.8760104917249971e-19,0.97810267525678884,0.75547333052256183,0.75547433118580276,4.9303806576313238e-32
13860,1.1363371054780858e-17,0,4.1739680359514879e-19,2.0865530440353793e-18,7.5468061226526012e-18,7.9584380136588078e-21,2.272740139326357e-20,8.9407768175540486e-19,3.8785156333535394e-19,0.97809865199975798,0.75547433118580276,0.75547533700006053,4.622231866529366e-32
13890,1.1363371054780858e-17,0,4.1714464136841991e-19,2.0855536999066975e-18,7.5453787323419733e-18,7.9584051119949497e-21,2.2735294387747245e-20,8.9649835598114138e-19,3.8810192568283826e-19,0.97809460835790096,0.75547533700006053,0.75547634791052476,4.4681574709783872e-32
13920,1.1363371054780858e-17,0,4.1689418928917854e-19,2.0845597667745691e-18,7.5439448017176729e-18,7.9583720462297692e-21,2.2743132427612585e-20,8.9891865527851826e-19,3.8835213724702406e-19,0.97809054454785505,0.75547634791052476,0.75547736386303621,5.3926038442842604e-32
13950,1.1363371054780858e-17,0,4.1664542760967039e-19,2.0835711827752535e-18,7.5425044133223856e-18,7.9583388181050878e-21,2.2750915887374073e-20,9.0133857731995285e-19,3.8860219904806371e-19,0.97808646078369132,0.75547736386303621,0.75547838480407714,5.3926038442842604e-32
13980,1.1363371054780858e-17,0,4.1639833681386725e-19,2.0825878867698151e-18,7.541057648729389e-18,7.958305429342106e-21,2.2758645139006686e-20,9.0375811980505664e-19,3.8885211209433095e-19,0.97808235727694681,0.75547838480407714,0.7554794106807633,5.0844550531823027e-32
14010,1.1363371054780858e-17,0,4.1615289761474019e-19,2.0816098183356422e-18,7.5396045885539288e-18,7.9582718816416322e-21,2.2766320551962851e-20,9.0617728046032617e-19,3.8910187738255817e-19,0.97807823423665241,0.7554794106807633,0.75548044144083693,5.7007526353862181e-32
14040,1.1363371054780858e-17,0,4.1590909095156594e-19,2.0806369177580539e-18,7.5381453124644915e-18,7.9582381766843547e-21,2.2773942493189484e-20,9.0859605703884174e-19,3.8935149589797425e-19,0.97807409186936589,0.75548044144083693,0.75548147703265855,5.5466782398352393e-32
14070,1.1363371054780858e-17,0,4.1566689798726597e-19,2.0796691260219994e-18,7.5366798991938514e-18,7.9582043161310932e-21,2.2781511327144706e-20,9.110144473199651e-19,3.896009686144385e-19,0.97806993037920364,0.75548147703265855,0.75548251740519912,6.3170502175901336e-32
14100,1.1363371054780858e-17,0,4.1542630010577662e-19,2.0787063848038764e-18,7.535208426550082e-18,7.9581703016230393e-21,2.2789027415814605e-20,9.1343244910904632e-19,3.8985029649457415e-19,0.97806574996786932,0.75548251740519912,0.75548356250803272,6.6251990086920913e-32
14130,1.1363371054780858e-17,0,4.1518727890944918e-19,2.0777486364634171e-18,7.533730971427383e-18,7.9581361347819917e-21,2.2796491118729819e-20,9.1585006023713063e-19,3.90099480489901e-19,0.97806155083468338,0.75548356250803272,0.75548461229132913,6.4711246131411125e-32
14160,1.1363371054780858e-17,0,4.1494981621648257e-19,2.0767958240356893e-18,7.5322476098167995e-18,7.9581018172106009e-21,2.2803902792982017e-20,9.182672785606659e-19,3.9034852154096475e-19,0.97805733317661281,0.75548461229132913,0.75548566670584683,6.3170502175901336e-32
14190,1.1363371054780858e-17,0,4.1471389405838558e-19,2.0758478912231804e-18,7.5307584168168049e-18,7.9580673504926223e-21,2.281126279324029e-20,9.2068410196122067e-19,3.9059742057746604e-19,0.97805309718830258,0.75548566670584683,0.7554867257029243,6.7792734042430702e-32
14220,1.1363371054780858e-17,0,4.1447949467746898e-19,2.0749047823879791e-18,7.5292634666437999e-18,7.9580327361931042e-21,2.281857147176741e-20,9.2310052834519739e-19,3.9084617851838869e-19,0.97804884306209827,0.7554867257029243,0.75548778923447546,6.1629758220391547e-32
14250,1.1363371054780858e-17,0,4.1424660052436701e-19,2.0739664425440483e-18,7.5277628326424029e-18,7.9579979758586706e-21,2.2825829178435978e-20,9.2551655564355777e-19,3.9109479627212326e-19,0.97804457098808151,0.75548778923447546,0.75548885725297965,6.3170502175901336e-32
14280,1.1363371054780858e-17,0,4.1401519425558829e-19,2.0730328173495809e-18,7.5262565872957255e-18,7.9579630710177139e-21,2.2833036260744526e-20,9.2793218181153968e-19,3.9134327473659352e-19,0.97804028115409281,0.75548885725297965,0.75548992971147677,6.9333477997940491e-32
14310,1.1363371054780858e-17,0,4.1378525873109646e-19,2.072103853099465e-18,7.5247448022354454e-18,7.9579280231806297e-21,2.2840193063833413e-20,9.3034740482839001e-19,3.9159161479937767e-19,0.97803597374576101,0.75548992971147677,0.75549100656355972,6.7792734042430702e-32
14340,1.1363371054780858e-17,0,4.1355677701191891e-19,2.0711794967178088e-18,7.5232275482518018e-18,7.9578928338400318e-21,2.2847299930500726e-20,9.3276222269709121e-19,3.9183981733783074e-19,0.97803164894652983,0.75549100656355972,0.75549208776336751,6.4711246131411125e-32
14370,1.1363371054780858e-17,0,4.13329732357783e-19,2.0702596957505741e-18,7.5217048953034465e-18,7.9578575044709808e-21,2.2854357201218011e-20,9.3517663344409625e-19,3.920878832192037e-19,0.97802730693768514,0.75549208776336751,0.75549317326557874,6.3170502175901336e-32
14400,1.1363371054780858e-17,0,4.1310410822478195e-19,2.06934439835829e-18,7.5201769125272185e-18,7.957822036531189e-21,2.2861365214145842e-20,9.3759063511906191e-19,3.9233581330076278e-19,0.97802294789838118,0.75549317326557874,0.75549426302540468,6.6251990086920913e-32
