time_s,initial_mol,cumulative_inlet_mol,blood_free_mol,endothelium_free_mol,interstitium_free_mol,receptor_bound_mol,internalized_mol,cleared_or_degraded_mol,cumulative_outlet_mol,occupancy_fraction,applied_feedback_multiplier,scheduled_feedback_multiplier,balance_error_mol
0,1.1363371054780858e-17,0,1.1363371054780858e-17,0,0,0,0,0,0,0,1,1,0
15,1.1363371054780858e-17,0,1.1191086944461595e-17,1.6826761508989702e-19,6.3311609748789494e-22,2.5655313675243057e-25,6.6517067715317094e-28,3.1731921234122354e-26,3.3830901816509145e-21,3.1530593917197267e-05,1,1,0
30,1.1363371054780858e-17,0,1.1021913234092244e-17,3.3223212131250717e-19,2.5084488594056915e-21,2.0247344991066856e-24,1.0520704104905251e-26,2.5205885498293733e-25,6.7149632026495573e-21,0.00024884155418874603,1,1,6.1629758220391547e-33
45,1.1363371054780858e-17,0,1.0855790024563703e-17,4.919862546943937e-19,5.5905948092166253e-21,6.7401845608933311e-24,5.2645712929735554e-26,8.447150333918374e-25,9.9965431682481278e-21,0.00082837428926690675,1,1,1.0785207688568521e-32
60,1.1363371054780858e-17,0,1.0692658599484772e-17,6.4762084549476292e-19,9.8449660000672721e-21,1.5754677884087523e-23,1.6444132943053311e-25,1.9882900833628573e-24,1.3228736391969106e-20,0.0019362630172741638,1,1,1.0785207688568521e-32
75,1.1363371054780858e-17,0,1.0532461401608295e-17,7.9922485679046502e-19,1.5237778440420757e-20,3.0333095634799117e-23,3.9670090672630742e-25,3.8563982742770176e-24,1.6412431746872606e-20,0.0037279626857000371,1,1,1.2325951644078309e-32
90,1.1363371054780858e-17,0,1.0375142009728939e-17,9.4688542229410211e-19,2.1736042620473237e-20,5.1648641908111756e-23,8.1264270371456244e-25,6.6178429249047228e-24,1.9548501009822631e-20,0.0063476610537445705,1,1,1.6948183510607676e-32
105,1.1363371054780858e-17,0,1.0220645116043222e-17,1.0906878834230493e-18,2.9307555732839739e-20,8.0776717589207564e-23,1.4868891836918896e-24,1.0436776096015279e-23,2.2637799198892127e-20,0.0099275257847546081,1,1,1.5407439555097887e-32
120,1.1363371054780858e-17,0,1.0068916503962596e-17,1.2307158256362701e-18,3.7920895184180011e-20,1.1868785884667385e-22,2.5043813486147039e-24,1.5472853587178226e-23,2.5681164904044331e-20,0.014586836581177166,1,1,1.3866695599588098e-32
135,1.1363371054780858e-17,0,9.9199030263704575e-18,1.3670511140548874e-18,4.7545412995570966e-20,1.6624014281634847e-22,3.9592207529839728e-24,2.1881385163199006e-23,2.8679420611224803e-20,0.020431051836786802,1,1,1.5407439555097887e-32
150,1.1363371054780858e-17,0,9.7735525843143266e-18,1.4997739283815838e-18,5.8151230691219608e-20,2.2417145788379542e-22,5.9534360009399078e-24,2.981347985722958e-23,3.163337301999607e-20,0.027550858647971993,1,1,1.0785207688568521e-32
165,1.1363371054780858e-17,0,9.629814106124501e-18,1.6289627971330047e-18,6.9709234279893062e-20,2.9309202788329203e-22,8.5956746088582287e-24,3.9416186133877675e-23,3.4543813354844117e-20,0.036021254031572025,1,1,1.2325951644078309e-32
180,1.1363371054780858e-17,0,9.4886375269506069e-18,1.7546946311984974e-18,8.2191068943193455e-20,3.7347756656137048e-22,1.1999825073083423e-23,5.0832626646866065e-23,3.7411517670283309e-20,0.045900703602751877,1,1,4.622231866529366e-33
195,1.1363371054780858e-17,0,9.3499737687078691e-18,1.8770447567376766e-18,9.5569133061105062e-20,4.6566341927329161e-22,1.6283577760143507e-23,6.4202127292319531e-23,4.0237247149884069e-20,0.057230421584625692,1,1,0
210,1.1363371054780858e-17,0,9.2137747204247502e-18,1.9960869474285204e-18,1.0981657122924304e-19,5.6984002199857277e-22,2.1566936763218625e-23,7.9660340240916371e-23,4.3021748399344667e-20,0.070033812717487792,1,1,1.5407439555097887e-33
225,1.1363371054780858e-17,0,9.0799932189840847e-18,2.111893456076974e-18,1.2490726595463302e-19,6.8604997274860067e-22,2.7970698063472523e-23,9.7339360630141883e-23,4.5765753733726721e-20,0.084316112332372184,1,1,1.5407439555097887e-33
240,1.1363371054780858e-17,0,8.9485830302497921e-18,2.2245350455983534e-18,1.4081582775786629e-19,8.1418696715155042e-22,3.5614912114068243e-23,1.1736783661171971e-22,4.8469981458970935e-20,0.10006425553355372,1,0.9749839361166116,3.0814879110195774e-33
255,1.1363371054780858e-17,0,8.8194994612754878e-18,2.3345062190592257e-18,1.570920111573825e-19,9.5377115025677584e-22,4.4616570224778078e-23,1.3983935752336803e-22,5.1135136210763557e-20,0.11721926774843702,0.9749839361166116,0.97069518306289071,4.622231866529366e-33
270,1.1363371054780858e-17,0,8.6926988425515821e-18,2.4415411955888051e-18,1.740450299643958e-19,1.1041545980790075e-21,5.5085704890218459e-23,1.6483694527592884e-22,5.3761909427837237e-20,0.13570151858026547,0.97069518306289071,0.96607462035493363,7.7037197775489434e-33
285,1.1363371054780858e-17,0,8.568137885679735e-18,2.5457177591861597e-18,1.9164009155619328e-19,1.2647482180608907e-21,6.7125910632566258e-23,1.9246475047039223e-22,5.6350979479615843e-20,0.15543860806371138,0.96607462035493363,0.96114034798407211,9.2444637330587321e-33
300,1.1363371054780858e-17,0,8.4457741890987926e-18,2.6471123469769473e-18,2.0984301486222854e-19,1.4348361904972381e-21,8.0833673827640215e-23,2.2282209611111159e-22,5.8903011882469655e-20,0.17634256136156207,0.96114034798407211,0.95591435965960947,1.5407439555097887e-32
315,1.1363371054780858e-17,0,8.3255662204070985e-18,2.7457999136878445e-18,2.2862037208335316e-19,1.6135883362424867e-21,9.6297149877196607e-23,2.5600355333510383e-22,6.1418659563118021e-20,0.19831134876625436,0.95591435965960947,0.95042216280843639,9.2444637330587321e-33
330,1.1363371054780858e-17,0,8.2074732985501332e-18,2.8418537964290589e-18,2.4793962804819658e-19,1.8000745193781436e-21,1.1359508314406385e-22,2.9209903424641851e-22,6.3898563116708931e-20,0.22123065579968423,0.95042216280843639,0.94469233605007896,6.1629758220391547e-33
345,1.1363371054780858e-17,0,8.0914555758819863e-18,2.9353455835817991e-18,2.6776927370370372e-19,1.9932807635043206e-21,1.3279588858028603e-22,3.3119390176291076e-22,6.6343351059535169e-20,0.24497586391884263,0.94469233605007896,0.9387560340202894,1.3866695599588098e-32
360,1.1363371054780858e-17,0,7.9774740201203208e-18,3.026344991406351e-18,2.8807895047086957e-19,2.1921267007680262e-21,1.5395691027298001e-22,3.7336909593405018e-22,6.8753640076352632e-20,0.26941419501590719,0.9387560340202894,0.93264645124602319,1.2325951644078309e-32
375,1.1363371054780858e-17,0,7.8654903962244415e-18,3.1149197516979509e-18,3.088395625238574e-19,2.3954839286746482e-21,1.7712386790277604e-22,4.1870127576810462e-22,7.1130035262272533e-20,0.29440696748564349,0.93264645124602319,0.92639825812858911,7.7037197775489434e-33
390,1.1363371054780858e-17,0,7.7554672482348123e-18,3.2011355134322245e-18,3.3002337445896812e-19,2.6021948228941277e-21,2.0233049752709703e-22,4.6726297522669832e-22,7.3473130359210213e-20,0.31981190833493278,0.92639825812858911,0.92004702291626683,4.622231866529366e-33
405,1.1363371054780858e-17,0,7.6473678811201084e-18,3.2850557608746286e-18,3.5160409229369285e-19,2.8110913454866118e-21,2.2959838834944312e-22,5.1912277171442665e-22,7.5783507986885806e-20,0.34548546472935032,0.92004702291626683,0.91362863381766246,7.7037197775489434e-33
420,1.1363371054780858e-17,0,7.5411563426834925e-18,3.366741750097459e-18,3.7355692625691312e-19,3.0210133970919805e-21,2.5893701240342221e-22,5.7434546511909842e-22,7.8061739868386499e-20,0.37128505949252411,0.91362863381766246,0.90717873512686897,7.7037197775489434e-33
435,1.1363371054780858e-17,0,7.4367974055842219e-18,3.4462524652747516e-18,3.9585863437918569e-19,3.2308262875927844e-21,2.9034393954672976e-22,6.3299226525018894e-22,8.0308387050316448e-20,0.39707123826514262,0.90717873512686897,0.90073219043371433,7.7037197775489434e-33
450,1.1363371054780858e-17,0,7.3342565495327673e-18,3.5236445955320588e-18,4.1848754644639191e-19,3.4394369406945754e-21,3.2380522598993585e-22,6.9512098538269887e-22,8.2524000117577893e-20,0.42270966106135721,0.90073219043371433,0.89432258473466075,6.1629758220391547e-33
465,1.1363371054780858e-17,0,7.2334999437183713e-18,3.5989725325371329e-18,4.414235684208239e-19,3.6458085012342085e-21,3.592959609185825e-22,7.6078623954177961e-22,8.4709119402843985e-20,0.44807289751912321,0.89432258473466075,0.88798177562021918,9.2444637330587321e-33
480,1.1363371054780858e-17,0,7.1344944295266554e-18,3.6722883884501803e-18,4.6464816794253857e-19,3.8489730768172852e-21,3.9678095271620644e-22,8.3003964115873202e-22,8.6864275190802279e-20,0.47304199285804044,0.88798177562021918,0.88173950178548988,1.0785207688568521e-32
495,1.1363371054780858e-17,0,7.0372075036022008e-18,3.7436420333279282e-18,4.8814434198441682e-19,4.0480424143287031e-21,4.3621553393896705e-22,9.029300007875503e-22,8.8989987917263553e-20,0.49750778003138141,0.88173950178548988,0.87562305499215465,6.1629758220391547e-33
510,1.1363371054780858e-17,0,6.941607301306709e-18,3.8130811506103542e-18,5.1189656813366488e-19,4.2422163836274739e-21,4.7754646257349286e-22,9.7950352068733204e-22,9.108676836324793e-20,0.5213719223792409,0.87562305499215465,0.8696570194051898,7.7037197775489434e-33
525,1.1363371054780858e-17,0,6.8476625806179106e-18,3.8806513089254437e-18,5.358907413007201e-19,4.4307892121361559e-21,5.2071289623833593e-22,1.0598039842422536e-21,9.3155117844173143e-20,0.54454767986476382,0.8696570194051898,0.86386308003380907,7.7037197775489434e-33
540,1.1363371054780858e-17,0,6.7553427065080777e-18,3.946396048134575e-18,5.6011409790750999e-19,4.6131534821732156e-21,5.6564741584436413e-22,1.1438729383988628e-21,9.519552839428375e-20,0.56696040034961737,0.86386308003380907,0.85825989991259566,3.0814879110195774e-33
555,1.1363371054780858e-17,0,6.6646176358337774e-18,4.0103569773139281e-18,5.8455512977810085e-19,4.7888019652855147e-21,6.1227707576118573e-22,1.231749867540775e-21,9.7208482946469835e-20,0.58854774503497964,0.85825989991259566,0.85286306374125509,4.622231866529366e-33
570,1.1363371054780858e-17,0,6.5754579027609849e-18,4.0725738822268345e-18,6.0920349004669421e-19,4.9573274225604201e-21,6.6052445867315824e-22,1.3234723574838172e-21,9.9194455507632484e-20,0.60925966391973163,0.85286306374125509,0.84768508402006715,4.622231866529366e-33
585,1.1363371054780858e-17,0,6.4878346047419646e-18,4.133084839785704e-18,6.3404989341439799e-19,5.1184205455294586e-21,7.1030871496047348e-22,1.4190762485505316e-21,1.011539113297591e-19,0.62905814273580385,0.84768508402006715,0.84273546431604907,7.7037197775489434e-33
600,1.1363371054780858e-17,0,6.4017193890526372e-18,4.191926337024451e-18,6.5908601303345888e-19,5.2718662479731888e-21,7.6154656850766204e-22,1.5185957769625728e-21,1.0308730707687585e-19,0.64791674720791037,0.84273546431604907,0.83802081319802246,7.7037197775489434e-33
615,1.1363371054780858e-17,0,6.3170844398917826e-18,4.2491333921954225e-18,6.843043761839473e-19,5.4175385443855792e-21,8.1415327321752723e-22,1.6220637040642931e-21,1.0499509098804564e-19,0.6658199936125605,0.83802081319802246,0.83354500159685985,9.2444637330587321e-33
630,1.1363371054780858e-17,0,6.2339024660365458e-18,4.3047396757583467e-18,7.0969826074293868e-19,5.5553942662173571e-21,8.6804350708645011e-22,1.7295114331532959e-21,1.0687770303657946e-19,0.68276257649913952,0.83354500159685985,0.82930935587521515,9.2444637330587321e-33
645,1.1363371054780858e-17,0,6.1521466890424265e-18,4.3587776292320768e-18,7.352615942405688e-19,5.6854658728568146e-21,9.231321933749414e-22,1.8409691139374763e-21,1.0873557508562663e-19,0.69874848515346932,0.82930935587521515,0.82531287871163261,1.2325951644078309e-32
660,1.1363371054780858e-17,0,6.0717908319704618e-18,4.4112785801207359e-18,7.6098885706190456e-19,5.8078536115095172e-21,9.7933524109081563e-22,1.9564657348580448e-21,1.1056913104030421e-19,0.71379004004050339,0.82531287871163261,0.82155248998987418,6.1629758220391547e-33
675,1.1363371054780858e-17,0,5.9928091086196251e-18,4.4622728513924905e-18,7.8687499109908481e-19,5.9227172698258189e-21,1.0365701996078397e-21,2.076029203710355e-21,1.123787869965214e-19,0.72790687919538732,0.82155248998987418,0.81802328020115311,6.1629758220391547e-33
690,1.1363371054780858e-17,0,5.915176213238687e-18,4.5117898642701977e-18,8.1291531489491243e-19,6.0302677485678047e-21,1.0947568246992548e-21,2.1996864171566648e-21,1.1416495138664574e-19,0.7411249224972164,0.81802328020115311,0.81471876937569587,9.2444637330587321e-33
705,1.1363371054780858e-17,0,5.8388673106889253e-18,4.5598582333779479e-18,8.3910544605631931e-19,6.1307586601488417e-21,1.1538175555160588e-21,2.3274633198559286e-21,1.1592802512215207e-19,0.7534753391225576,0.81471876937569587,0.81163116521936063,7.7037197775489434e-33
720,1.1363371054780858e-17,0,5.7638580270270652e-18,4.6065058535663789e-18,8.6544123146208999e-19,6.2244781338673109e-21,1.2136779040414652e-21,2.4593849540352637e-21,1.1766840173338317e-19,0.76499354040185852,0.81163116521936063,0.8087516148995354,1.5407439555097887e-33
735,1.1363371054780858e-17,0,5.6901244404766628e-18,4.6517599780047696e-18,8.9191868555082146e-19,6.3117409813876312e-21,1.2742667602764148e-21,2.5954755003968545e-21,1.1938646750654498e-19,0.77571821695054799,0.8087516148995354,0.80607044576236297,0
750,1.1363371054780858e-17,0,5.6176430727557799e-18,4.6956472873724197e-18,9.1853393675778055e-19,6.3928813476957555e-21,1.3355166178403494e-21,2.7357583112943516e-21,1.2108260161804708e-19,0.78569043546535389,0.80607044576236297,0.80357739113366156,0
765,1.1363371054780858e-17,0,5.5463908807291336e-18,4.7381939502008618e-18,9.4528318197719935e-19,6.4682459444427245e-21,1.3973637258024144e-21,2.8802559371269267e-21,1.2275717626629158e-19,0.79495280709659644,0.80357739113366156,0.80126179822585086,1.5407439555097887e-33
780,1.1363371054780858e-17,0,5.4763452483537742e-18,4.7794256746083348e-18,9.7216264876225911e-19,6.5381879352069699e-21,1.459748173396837e-21,3.0289901468898761e-21,1.2441055680100168e-19,0.8035487359418394,0.80126179822585086,0.79911281601454021,7.7037197775489434e-33
795,1.1363371054780858e-17,0,5.4074839788888242e-18,4.8193677518267514e-18,9.9916856483997415e-19,6.6030615165086831e-21,1.5226139148371844e-21,3.1819819437913387e-21,1.2604310185017455e-19,0.81152175304804797,0.79911281601454021,0.79711956173798804,4.622231866529366e-33
810,1.1363371054780858e-17,0,5.3397852873416344e-18,4.8580450920484245e-18,1.0262971344125394e-18,6.6632172149850824e-21,1.5859087417489816e-21,3.3392515767988827e-21,1.2765516344473351e-19,0.81891493843051721,0.79711956173798804,0.7952712653923707,6.1629758220391547e-33
825,1.1363371054780858e-17,0,5.2732277931247598e-18,4.8954822532153336e-18,1.0535445206396824e-18,6.7189979004077896e-21,1.6495842108155329e-21,3.5008185489207666e-21,1.2924708714094592e-19,0.82577043106939119,0.7952712653923707,0.7935573922326522,9.2444637330587321e-33
840,1.1363371054780858e-17,0,5.2077905129006732e-18,4.9317034634395576e-18,1.0809068336464406e-18,6.7707354964622079e-21,1.7135955341079197e-21,3.6667016229581959e-21,1.3081921214066703e-19,0.83212902466171212,0.7935573922326522,0.79196774383457202,7.7037197775489434e-33
855,1.1363371054780858e-17,0,5.1434528535933889e-18,4.9667326377815839e-18,1.108380123375217e-18,6.818748356541594e-21,1.7779014392790888e-21,3.8369188253899373e-21,1.3237187140946285e-19,0.83802984510432943,0.79196774383457202,0.79049253872391767,4.622231866529366e-33
870,1.1363371054780858e-17,0,5.0801946055488416e-18,5.000593390126586e-18,1.1359603765971894e-18,6.8633392602393166e-21,1.8424640063764417e-21,4.0114874489722637e-21,1.3390539179265917e-19,0.84351010426113127,0.79049253872391767,0.78912247393471713,4.622231866529366e-33
885,1.1363371054780858e-17,0,5.0179959358282217e-18,5.0333090408906892e-18,1.1636435174128891e-18,6.9047939776490862e-21,1.9072484874993593e-21,4.1904240545581036e-21,1.3542009412935895e-19,0.84860492351434869,0.78912247393471713,0.78784876912141288,6.1629758220391547e-33
900,1.1363371054780858e-17,0,4.956837381620897e-18,5.0649026212633273e-18,1.1914254106018714e-18,6.9433803428160874e-21,1.9722231149280397e-21,4.3737444725613227e-21,1.3691629336446594e-19,0.85334721989092921,0.78784876912141288,0.78666319502726767,9.2444637330587321e-33
915,1.1363371054780858e-17,0,4.896699843765786e-18,5.0953968746512769e-18,1.2193018672234646e-18,6.9793477744666739e-21,2.0373589027059219e-21,4.5614638044176617e-21,1.3839429865874878e-19,0.85776764715981713,0.78666319502726767,0.78555808821004569,7.7037197775489434e-33
930,1.1363371054780858e-17,0,4.837564580372138e-18,5.1248142559387994e-18,1.2472686519214542e-18,7.0129271811785849e-21,2.1026294459947349e-21,4.7535964243239601e-21,1.3985441349697681e-19,0.86189458417729503,0.78555808821004569,0.78452635395567627,9.2444637330587321e-33
945,1.1363371054780858e-17,0,4.7794132005325143e-18,5.1531769291194457e-18,1.2753214914423119e-18,7.044331189106062e-21,2.1680107218605071e-21,4.9501559814732807e-21,1.4129693579415551e-19,0.86575416287458939,0.78452635395567627,0.78356145928135268,7.7037197775489434e-33
960,1.1363371054780858e-17,0,4.7222276581224729e-18,5.180506763791705e-18,1.3034560839364438e-18,7.0737546329015841e-21,2.2334808945087031e-21,5.1511554029459922e-21,1.4272215799988966e-19,0.86937032859256047,0.78356145928135268,0.78265741785185994,9.2444637330587321e-33
975,1.1363371054780858e-17,0,4.6659902456828903e-18,5.2068253309454399e-18,1.3316681086726531e-18,7.1013752542365043e-21,2.2990201273815055e-21,5.3566068973661973e-21,1.4413036720089837e-19,0.87276492593046961,0.78265741785185994,0.78180876851738257,7.7037197775489434e-33
990,1.1363371054780858e-17,0,4.6106835883821015e-18,5.232153898401124e-18,1.3599532358555799e-18,7.1273545569897437e-21,2.3646104039709439e-21,5.5665219593892743e-21,1.4552184522170723e-19,0.87595780384938116,0.78180876851738257,0.78101054903765466,4.622231866529366e-33
1005,1.1363371054780858e-17,0,4.5562906380560689e-18,5.2565134262013313e-18,1.3883071362927345e-18,7.1518387734439585e-21,2.4302353586958599e-21,5.7809113750495e-21,1.4689686872354022e-19,0.87896693441847484,0.78101054903765466,0.78025826639538132,6.1629758220391547e-33
1020,1.1363371054780858e-17,0,4.5027946673255694e-18,5.2799245621950844e-18,1.4167254907106299e-18,7.1749599014302585e-21,2.4958801187430017e-21,5.9997852279665885e-21,1.4825570930143614e-19,0.88180854028099465,0.78025826639538132,0.77954786492975137,1.5407439555097887e-33
1035,1.1363371054780858e-17,0,4.450179263790167e-18,5.3024076380015986e-18,1.4452039985676524e-18,7.196836778060446e-21,2.5615311573850553e-21,6.223152906385903e-21,1.4959863357961115e-19,0.88449722661683439,0.77954786492975137,0.77887569334579143,3.0814879110195774e-33
1050,1.1363371054780858e-17,0,4.3984283242990347e-18,5.3239826654914096e-18,1.4737383862540729e-18,7.2175761612827933e-21,2.6271761589606885e-21,6.4510231110086728e-21,1.5092590330509078e-19,0.88704611406664169,0.77887569334579143,0.77823847148333958,1.5407439555097887e-33
1065,1.1363371054780858e-17,0,4.3475260492992473e-18,5.3446693338803432e-18,1.5023244146068114e-18,7.2372737958363546e-21,2.6928038954317547e-21,6.6834038635550105e-21,1.5223777543963537e-19,0.88946696973849038,0.77823847148333958,0.77763325756537738,4.622231866529366e-33
1080,1.1363371054780858e-17,0,4.2974569372622018e-18,5.3644870074951813e-18,1.5309578856981446e-18,7.2560154451403744e-21,2.758404114217044e-21,6.9203025159934122e-21,1.5353450224998148e-19,0.8917703340279467,0.77763325756537738,0.7770574164930133,1.5407439555097887e-33
1095,1.1363371054780858e-17,0,4.2482057791890716e-18,5.383454724239298e-18,1.5596346488837101e-18,7.2738778751561788e-21,2.8239674368359701e-21,7.1617257603648784e-21,1.5481633139642289e-19,0.8939656415355145,0.7770574164930133,0.77650858961612135,3.0814879110195774e-33
1110,1.1363371054780858e-17,0,4.1997576531961566e-18,5.4015911947615719e-18,1.5883506061162268e-18,7.2909297802477742e-21,2.889485267773956e-21,7.4076796391273362e-21,1.5608350601975524e-19,0.89606133485567263,0.77650858961612135,0.77598466628608187,3.0814879110195774e-33
1125,1.1363371054780858e-17,0,4.1520979191809967e-18,5.4189148023121668e-18,1.6171017165477198e-18,7.3072326445210982e-21,2.9549497128985995e-21,7.6581695559461228e-21,1.5733626482660879e-19,0.89806497043618561,0.77598466628608187,0.77548375739095365,1.5407439555097887e-33
1140,1.1363371054780858e-17,0,4.1052122135700199e-18,5.4354436032537912e-18,1.6458840004552528e-18,7.3228415350406666e-21,3.0203535067061795e-21,7.9132002868581123e-21,1.5857484217319254e-19,0.89998331606508908,0.77548375739095365,0.77500417098372776,3.0814879110195774e-33
1155,1.1363371054780858e-17,0,4.0590864441483797e-18,5.4511953281861509e-18,1.674693542533734e-18,7.3378058257254939e-21,3.0856899476561792e-21,8.1727759917404782e-21,1.5979946814747552e-19,0.90182243983810106,0.77500417098372776,0.77454439004047471,4.622231866529366e-33
1170,1.1363371054780858e-17,0,4.0137067849724694e-18,5.4661873836342082e-18,1.7035264946048364e-18,7.3521698526465606e-21,3.1509528408520196e-21,8.4369002260195002e-21,1.6101036864982907e-19,0.90358779069522543,0.77454439004047471,0.77410305232619359,3.0814879110195774e-33
1185,1.1363371054780858e-17,0,3.9690596713654867e-18,5.4804368542464247e-18,1.7323790777939609e-18,7.3659735029294809e-21,3.2161364473442349e-21,8.7055759525597557e-21,1.6220776547215565e-19,0.90528427079737961,0.77410305232619359,0.7736789323006551,4.622231866529366e-33
1200,1.1363371054780858e-17,0,3.9251317949961826e-18,5.4939605054475362e-18,1.7612475842280149e-18,7.3792527405572702e-21,3.2812354393634974e-21,8.978805553679565e-21,1.6339187637552844e-19,0.90691630014799263,0.7736789323006551,0.77327092496300187,4.622231866529366e-33
1215,1.1363371054780858e-17,0,3.881910099040844e-18,5.5067747864904816e-18,1.7901283783059736e-18,7.392040073121942e-21,3.346244860831544e-21,9.2565908432439966e-21,1.6456291516636725e-19,0.90848787395716379,0.77327092496300187,0.77287803151070911,6.1629758220391547e-33
1230,1.1363371054780858e-17,0,3.8393817734283236e-18,5.5188958338537896e-18,1.8190178975921968e-18,7.4043649640427084e-21,3.4111600925447551e-21,9.5389330787922429e-21,1.6572109177117561e-19,0.91000261330362298,0.77287803151070911,0.77249934667409426,9.2444637330587321e-33
1245,1.1363371054780858e-17,0,3.7975342501678285e-18,5.5303394749334314e-18,1.8479126533796002e-18,7.4162541950031532e-21,3.4759768214752854e-21,9.8258329736614731e-21,1.668666123098634e-19,0.91146380967856067,0.77249934667409426,0.77213404758035986,6.1629758220391547e-33
1260,1.1363371054780858e-17,0,3.7563551987590024e-18,5.5411212319816309e-18,1.8768092309663826e-18,7.4277321834077239e-21,3.5406910136860655e-21,1.0117290709074219e-20,1.6799967916768069e-19,0.91287446400129479,0.77213404758035986,0.77178138399967633,6.1629758220391547e-33
1275,1.1363371054780858e-17,0,3.7158325216837304e-18,5.5512563262490441e-18,1.9057042896861762e-18,7.4388212595616338e-21,3.605298890406928e-21,1.0413305946161011e-20,1.6912049106578636e-19,0.91423732068491126,0.77178138399967633,0.77144066982877213,9.2444637330587321e-33
1290,1.1363371054780858e-17,0,3.675954349978963e-18,5.5607596822908788e-18,1.9345945627277121e-18,7.4495419080757928e-21,3.6697969068683188e-21,1.0713877837894146e-20,1.7022924313047691e-19,0.91555489730513062,0.77144066982877213,0.77111127567371729,1.0785207688568521e-32
1305,1.1363371054780858e-17,0,3.6367090388897921e-18,5.5696459324016808e-18,1.9634768567761301e-18,7.4599129777218737e-21,3.7341817335355493e-21,1.1019005040912318e-20,1.7132612696109866e-19,0.91682951039167071,0.77111127567371729,0.77079262240208235,1.2325951644078309e-32
1320,1.1363371054780858e-17,0,3.5980851636018529e-18,5.5779294211476545e-18,1.9923480515044102e-18,7.4699518636392248e-21,3.7984502394297993e-21,1.1328685727219214e-20,1.7241133069666833e-19,0.91806329782162721,0.77079262240208235,0.77048417554459325,1.6948183510607676e-32
1335,1.1363371054780858e-17,0,3.5600715150521279e-18,5.5856242099692355e-18,2.0212050989398364e-18,7.4796746654468684e-21,3.8625994772617171e-21,1.1642917595742165e-20,1.7348503908122486e-19,0.91925823825157038,0.77048417554459325,0.77018544043710735,1.6948183510607676e-32
1350,1.1363371054780858e-17,0,3.5226570958171448e-18,5.592744081830287e-18,2.0500450227271742e-18,7.4890963244577522e-21,3.9266266701392333e-21,1.1961697883739586e-20,1.74547433527936e-19,0.92041616798129,0.77018544043710735,0.76989595800467747,1.6948183510607676e-32
1365,1.1363371054780858e-17,0,3.4858311160774616e-18,5.5993025458936282e-18,2.0788649173072723e-18,7.4982307428416234e-21,3.9905291996432578e-21,1.2285023378048131e-20,1.7559869218198299e-19,0.92153879559901253,0.76989595800467747,0.7696153011002469,2.0029671421627253e-32
1380,1.1363371054780858e-17,0,3.4495829896573833e-18,5.6053128422056041e-18,2.1076619470271413e-18,7.5070908872473162e-21,4.0543045950933105e-21,1.2612890426162526e-20,1.7663898998224585e-19,0.92262771471666583,0.7696153011002469,0.76934307132083357,2.1570415377137042e-32
1395,1.1363371054780858e-17,0,3.4139023301387173e-18,5.6107879463750745e-18,2.1364333451951996e-18,7.5156888790806836e-21,4.1179505238500136e-21,1.2945294947142627e-20,1.7766849872181181e-19,0.92368441506511212,0.76934307132083357,0.76907889623372194,2.0029671421627253e-32
1410,1.1363371054780858e-17,0,3.3787789470474655e-18,5.6157405742345833e-18,2.1651764130932862e-18,7.5240360733458511e-21,4.1814647825231163e-21,1.3282232442343703e-20,1.7868738710732873e-19,0.92471029218380407,0.76907889623372194,0.76882242695404901,1.6948183510607676e-32
1425,1.1363371054780858e-17,0,3.3442028421122419e-18,5.6201831864735086e-18,2.1938885189552642e-18,7.5321431276958603e-21,4.2448452889724727e-21,1.3623698005967113e-20,1.7969582081722519e-19,0.92570665590716572,0.76882242695404901,0.76857333602320854,1.5407439555097887e-32
1440,1.1363371054780858e-17,0,3.3101642055932343e-18,5.6241279932348308e-18,2.2225670969204519e-18,7.5400200631056184e-21,4.3080900750055981e-21,1.396968633542956e-20,1.8069396255881911e-19,0.92667473782134924,0.76857333602320854,0.76833131554466272,2.0029671421627253e-32
1455,1.1363371054780858e-17,0,3.2766534126805292e-18,5.6275869586685876e-18,2.2512096459688131e-18,7.5476763173740853e-21,4.3711972796892093e-21,1.432019174154989e-20,1.8168197212433498e-19,0.92761569783969744,0.76833131554466272,0.76809607554007564,2.0029671421627253e-32
1470,1.1363371054780858e-17,0,3.2436610199606081e-18,5.6305718054365109e-18,2.2798137288436694e-18,7.5551207924827371e-21,4.4341651432040478e-21,1.4675208158553143e-20,1.8266000644585143e-19,0.92853063002313863,0.76809607554007564,0.76786734249421529,2.0029671421627253e-32
1485,1.1363371054780858e-17,0,3.2111777619498237e-18,5.6330940191633476e-18,2.3083769709667548e-18,7.5623618966815968e-21,4.496992001182228e-21,1.5034729153892115e-20,1.8362821964919847e-19,0.92942056775259485,0.76786734249421529,0.76764485806185134,2.311115933264683e-32
1500,1.1363371054780858e-17,0,3.1791945476936779e-18,5.6351648528313337e-18,2.3368970593496442e-18,7.5694075820402969e-21,4.5596762794748938e-21,1.5398747937887142e-20,1.8458676310682428e-19,0.93028648834403904,0.76764485806185134,0.76742837791399021,2.6192647243666408e-32
1515,1.1363371054780858e-17,0,3.1477024574307245e-18,5.6367953311150836e-18,2.3653717415048425e-18,7.5762653780874793e-21,4.622216489305194e-21,1.5767257373185208e-20,1.8553578548965251e-19,0.93112931718280445,0.76742837791399021,0.76721767070429892,2.311115933264683e-32
1530,1.1363371054780858e-17,0,3.1166927393199456e-18,5.6379962546547865e-18,2.3937988243593287e-18,7.5829424220649386e-21,4.6846112227675834e-21,1.61402499840398e-20,1.8647543281794717e-19,0.93194993144184468,0.76721767070429892,0.76701251713953877,2.1570415377137042e-32
1545,1.1363371054780858e-17,0,3.0861568062304434e-18,5.6387782042661132e-18,2.4221761731728246e-18,7.5894454862410897e-21,4.746859148639659e-21,1.6517717965413253e-20,1.8740584851120634e-19,0.93274916343858127,0.76701251713953877,0.76681270914035471,2.4651903288156619e-32
1560,1.1363371054780858e-17,0,3.0560862325923043e-18,5.6391515450857671e-18,2.4505017104626686e-18,7.5957810026597874e-21,4.8089590084771084e-21,1.689965319190327e-20,1.8832717343710068e-19,0.93352780367655452,0.76681270914035471,0.7666180490808614,2.311115933264683e-32
1575,1.1363371054780858e-17,0,3.0264727513075372e-18,5.6391264306518908e-18,2.4787734149368729e-18,7.6019550856426679e-21,4.8709096129658988e-21,1.7286047226495875e-20,1.892395459594773e-19,0.93428660361097959,0.7666180490808614,0.7664283490972551,2.4651903288156619e-32
1590,1.1363371054780858e-17,0,2.9973082507199508e-18,5.6387128069188853e-18,2.5069893204366319e-18,7.6079735523152255e-21,4.9327098385091526e-21,1.7676891329146864e-20,1.9014310198544518e-19,0.93502627817141859,0.7664283490972551,0.76624343045714538,2.7733391199176196e-32
1605,1.1363371054780858e-17,0,2.9685847716429011e-18,5.6379204162064627e-18,2.5351475148893498e-18,7.6138419413865253e-21,4.9943586240286029e-21,1.8072176465193983e-20,1.9103797501156043e-19,0.93574750806982288,0.76624343045714538,0.76606312298254431,2.6192647243666408e-32
1620,1.1363371054780858e-17,0,2.9402945044438261e-18,5.6367588010829403e-18,2.5632461392730452e-18,7.6195655303789762e-21,5.0558549679629575e-21,1.847189331360229e-20,1.9192429616912835e-19,0.93645094191808664,0.76606312298254431,0.76588726452047839,2.4651903288156619e-32
1635,1.1363371054780858e-17,0,2.9124297861845036e-18,5.635237308182925e-18,2.5912833865928476e-18,7.625149351476627e-21,5.1171979254473422e-21,1.8876032275044998e-20,1.9280219426863968e-19,0.93713719817581553,0.76588726452047839,0.76571570045604609,2.7733391199176196e-32
1650,1.1363371054780858e-17,0,2.8849830978160108e-18,5.6333650919597449e-18,2.6192575008701544e-18,7.6305982061369347e-21,5.1783866056596921e-21,1.9284583479822382e-20,1.9367179584335639e-19,0.93780686694612481,0.76571570045604609,0.7655482832634688,2.7733391199176196e-32
1665,1.1363371054780858e-17,0,2.857947061427332e-18,5.6311511183730352e-18,2.6471667761449174e-18,7.6359166785916661e-21,5.2394201693214142e-21,1.9697536795621117e-20,1.9453322519206461e-19,0.93846051163491206,0.7655482832634688,0.76538487209127193,2.6192647243666408e-32
1680,1.1363371054780858e-17,0,2.831314437546644e-18,5.6286041685120005e-18,2.6750095554914247e-18,7.6411091483458744e-21,5.30029782634088e-21,2.0114881835116623e-20,1.9538660442100985e-19,0.93909867048699125,0.76538487209127193,0.76522533237825219,2.4651903288156619e-32
1695,1.1363371054780858e-17,0,2.8050781224942487e-18,5.6257328421549573e-18,2.7027842300478626e-18,7.6461798017704089e-21,5.3610188335894244e-21,2.0536607963420956e-20,1.962320534850303e-19,0.93972185801082242,0.76522533237825219,0.7650695354972944,2.311115933264683e-32
1710,1.1363371054780858e-17,0,2.7792311457862162e-18,5.6225455612658176e-18,2.7304892380598904e-18,7.6511326428714696e-21,5.4215824928004476e-21,2.0962704305378639e-20,1.9706969022790418e-19,0.94033056630209788,0.7650695354972944,0.7649173584244755,2.0029671421627253e-32
1725,1.1363371054780858e-17,0,2.7537666675877625e-18,5.6190505734282037e-18,2.7581230639383812e-18,7.6559715033110557e-21,5.4819881485830973e-21,2.1393159752713154e-20,1.978996304219247e-19,0.94092526627526496,0.7649173584244755,0.76476868343118376,2.0029671421627253e-32
1740,1.1363371054780858e-17,0,2.7286779762154149e-18,5.6152559552179746e-18,2.7856842373314571e-18,7.6607000517435453e-21,5.5422351865427403e-21,2.182796297102647e-20,1.9872198780671934e-19,0.94150640881099812,0.76476868343118376,0.76462339779725053,2.0029671421627253e-32
1755,1.1363371054780858e-17,0,2.7039584856870694e-18,5.611169615514927e-18,2.8131713322108734e-18,7.665321802526566e-21,5.6023230315010915e-21,2.2267102406654144e-20,1.9953687412732622e-19,0.94207442582677348,0.76462339779725053,0.76448139354330658,2.0029671421627253e-32
1770,1.1363371054780858e-17,0,2.6796017333190053e-18,5.6067992987544659e-18,2.8405829659728161e-18,7.6698401238579968e-21,5.662251145809454e-21,2.2710566293378493e-20,2.0034439917154331e-19,0.94262973127691196,0.76448139354330658,0.76434256718077198,2.0029671421627253e-32
1785,1.1363371054780858e-17,0,2.6556013773689811e-18,5.6021525881201051e-18,2.8679177985530931e-18,7.6742582453856149e-21,5.7220190277490992e-21,2.3158342659002301e-20,2.0114467080656303e-19,0.943172722087812,0.76434256718077198,0.76420681947804703,2.0029671421627253e-32
1800,1.1363371054780858e-17,0,2.6319511947245293e-18,5.5972369086775915e-18,2.8951745315567215e-18,7.6785792653311859e-21,5.7816262100132196e-21,2.3610419331785511e-20,2.0193779501490655e-19,0.94370377903350589,0.76420681947804703,0.76407405524162353,2.1570415377137042e-32
1815,1.1363371054780858e-17,0,2.60864507863561e-18,5.5920595304515742e-18,2.9223519074018421e-18,7.6828061571667526e-21,5.8410722582653811e-21,2.4066783946747371e-20,2.0272387592967198e-19,0.94422326755618091,0.76407405524162353,0.7639441831109548,2.1570415377137042e-32
1830,1.1363371054780858e-17,0,2.5856770364907423e-18,5.5866275714456088e-18,2.9494487084779322e-18,7.6869417758772177e-21,5.9003567697697492e-21,2.4527423951836356e-20,2.0350301586910824e-19,0.94473153853585667,0.7639441831109548,0.7638171153660358,1.6948183510607676e-32
1845,1.1363371054780858e-17,0,2.5630411876358377e-18,5.5809480006064112e-18,2.976463756318198e-18,7.6909888638402494e-21,5.9594793720887349e-21,2.4992326613970274e-20,2.0427531537052853e-19,0.94522892901302968,0.7638171153660358,0.76369276774674255,1.6948183510607676e-32
1860,1.1363371054780858e-17,0,2.5407317612348682e-18,5.5750276407332073e-18,3.003395910786081e-18,7.6949500563515754e-21,6.0184397218440183e-21,2.5461479024948969e-20,2.0504087322357532e-19,0.94571576286773706,0.76369276774674255,0.76357105928306579,1.6948183510607676e-32
1875,1.1363371054780858e-17,0,2.5187430941716096e-18,5.568873171333068e-18,3.0302440692757513e-18,7.6988278868214356e-21,6.0772375035372286e-21,2.5934868107241821e-20,2.0579978650285031e-19,0.94619235145820468,0.76357105928306579,0.76345191213544883,2.1570415377137042e-32
1890,1.1363371054780858e-17,0,2.4970696289916693e-18,5.5624911314230736e-18,3.0570071659264726e-18,7.7026247916655318e-21,6.1358724284267413e-21,2.641248061965243e-20,2.0655215059992037e-19,0.9466589942219491,0.76345191213544883,0.76333525144451275,2.1570415377137042e-32
1905,1.1363371054780858e-17,0,2.47570591188402e-18,5.555887922280199e-18,3.0836841708507169e-18,7.706343114912011e-21,6.1943442334574234e-21,2.6894303162862713e-20,2.0729805925471288e-19,0.94711597924197921,0.76333525144451275,0.7632210051895052,2.4651903288156619e-32
1920,1.1363371054780858e-17,0,2.4546465907012867e-18,5.5490698101397677e-18,3.1102740893758732e-18,7.7099851125441067e-21,6.2526526802402734e-21,2.7380322184858635e-20,2.0803760458631011e-19,0.9475635837805112,0.7632210051895052,0.7631091040548722,2.311115933264683e-32
1935,1.1363371054780858e-17,0,2.4338864130180602e-18,5.5420429288433281e-18,3.1367759612994187e-18,7.7135529565963963e-21,6.3107975540791441e-21,2.7870523986239745e-20,2.0877087712315684e-19,0.94800207478240139,0.7631091040548722,0.76299948130439965,2.1570415377137042e-32
1950,1.1363371054780858e-17,0,2.4134202242264932e-18,5.5348132824368242e-18,3.163188860157393e-18,7.7170487390214362e-21,6.3687786630419543e-21,2.8364894725414687e-20,2.0949796583268963e-19,0.94843170935035903,0.76299948130439965,0.76289207266241021,2.0029671421627253e-32
1965,1.1363371054780858e-17,0,2.3932429656684798e-18,5.5273867477198725e-18,3.1895118925060222e-18,7.7204744753418958e-21,6.4265958370739272e-21,2.8863420423684991e-20,2.1021895815040172e-19,0.94885273519379676,0.76289207266241021,0.76278681620155075,2.0029671421627253e-32
1980,1.1363371054780858e-17,0,2.3733496728037053e-18,5.5197690767470235e-18,3.2157441972163266e-18,7.7238321081023332e-21,6.4842489271505601e-21,2.9366086970218923e-20,2.1093394000835176e-19,0.94926539105305685,0.76278681620155075,0.76268365223673573,2.0029671421627253e-32
1995,1.1363371054780858e-17,0,2.353735473412895e-18,5.5119658992817896e-18,3.2418849447815475e-18,7.7271235101336442e-21,6.541737804468211e-21,2.9872880126917693e-20,2.1164299586312891e-19,0.94966990710061405,0.76268365223673573,0.76258252322484643,2.311115933264683e-32
2010,1.1363371054780858e-17,0,2.334395585835578e-18,5.5039827252043042e-18,3.2679333366372268e-18,7.7303504876420912e-21,6.5990623596702658e-21,3.0383785533176036e-20,2.1234620872328408e-19,0.95006650532072068,0.76258252322484643,0.76248337366981978,2.311115933264683e-32
2025,1.1363371054780858e-17,0,2.3153253172417081e-18,5.4958249468733902e-18,3.2938886044937636e-18,7.7335147831341466e-21,6.656222502107053e-21,3.0898788710539093e-20,2.1304366017623758e-19,0.95045539986887151,0.76248337366981978,0.7623861500327821,2.1570415377137042e-32
2040,1.1363371054780858e-17,0,2.2965200619364887e-18,5.4874978414438619e-18,3.3197500096812854e-18,7.7366180781873389e-21,6.7132181591276977e-21,3.1417875067257664e-20,2.1373543041467252e-19,0.95083679741234362,0.7623861500327821,0.76229080064691412,2.311115933264683e-32
2055,1.1363371054780858e-17,0,2.2779752996977785e-18,5.4790065731398149e-18,3.3455168425066407e-18,7.7396619960767005e-21,6.7700492754023127e-21,3.1941029902743602e-20,2.1442159826242605e-19,0.95121089745298892,0.76229080064691412,0.76219727563675277,2.4651903288156619e-32
2070,1.1363371054780858e-17,0,2.259686594145433e-18,5.4703561954847495e-18,3.3711884216223489e-18,7.7426481042656648e-21,6.8267158122729325e-21,3.246823841192745e-20,2.1510224119988519e-19,0.95157789263336712,0.76219727563675277,0.76210552684165822,2.4651903288156619e-32
2085,1.1363371054780858e-17,0,2.2416495911419928e-18,5.4615516534892272e-18,3.3967640934073398e-18,7.745577916769596e-21,6.8832177471317771e-21,3.2999485689520149e-20,2.1577743538889883e-19,0.95193796902722594,0.76210552684165822,0.76201550774319349,2.0029671421627253e-32
2100,1.1363371054780858e-17,0,2.2238600172240954e-18,5.4525977857968775e-18,3.4222432313592872e-18,7.748452896399622e-21,6.9395550728254133e-21,3.3534756734180566e-20,2.1644725569721464e-19,0.95229130641526971,0.76201550774319349,0.76192717339618254,2.311115933264683e-32
2115,1.1363371054780858e-17,0,2.2063136780640427e-18,5.4434993267894542e-18,3.4476252354983635e-18,7.7512744568938978e-21,6.9957277970836133e-21,3.4074036452590714e-20,2.1711177572244987e-19,0.95263807854709392,0.76192717339618254,0.76184048036322649,1.8488927466117464e-32
2130,1.1363371054780858e-17,0,2.1890064569609165e-18,5.4342609086517424e-18,3.472909531782257e-18,7.7540439649428974e-21,7.0517359419716213e-21,3.4617309663440494e-20,2.1777106781560452e-19,0.95297845339009446,0.76184048036322649,0.76175538665247644,1.6948183510607676e-32
2145,1.1363371054780858e-17,0,2.1719343133607219e-18,5.4248870633969751e-18,3.4980955715322496e-18,7.7567627421148708e-21,7.1075795433646806e-21,3.5164561101323661e-20,2.1842520310412728e-19,0.95331259336610874,0.76175538665247644,0.76167185165847284,1.8488927466117464e-32
2160,1.1363371054780858e-17,0,2.1550932814049309e-18,5.4153822248535297e-18,3.5231828308701992e-18,7.7594320666873455e-21,7.163258650443853e-21,3.5715775420546782e-20,2.1907425151454072e-19,0.95364065557650812,0.76167185165847284,0.76158983610587294,2.0029671421627253e-32
2175,1.1363371054780858e-17,0,2.1384794685069673e-18,5.4057507306135845e-18,3.5481708101662357e-18,7.7620531753898828e-21,7.2187733252119658e-21,3.6270937198852726e-20,2.197182817946359e-19,0.95396279201638445,0.76158983610587294,0.76150930199590383,2.1570415377137042e-32
2190,1.1363371054780858e-17,0,2.1220890539560156e-18,5.3959968239444509e-18,3.5730590334970161e-18,7.76462726506323e-21,7.2741236420288221e-21,3.6830030941060585e-20,2.2035736153524401e-19,0.95427914977846118,0.76150930199590383,0.76143021255538468,2.311115933264683e-32
2205,1.1363371054780858e-17,0,2.1059182875476833e-18,5.3861246556632282e-18,3.5978470481143426e-18,7.7671554942395118e-21,7.3293096871647189e-21,3.7393041082623494e-20,2.2099155719159275e-19,0.9545898712473001,0.76143021255538468,0.761352532188175,1.5407439555097887e-32
2220,1.1363371054780858e-17,0,2.0899634882409799e-18,5.3761382859755121e-18,3.6225344239240037e-18,7.7696389846478437e-21,7.3843315583714974e-21,3.7959951993106067e-20,2.2162093410425625e-19,0.95489509428434272,0.761352532188175,0.76127622642891435,1.6948183510607676e-32
2235,1.1363371054780858e-17,0,2.0742210428410951e-18,5.3660416862787556e-18,3.647120752974618e-18,7.7720788226494974e-21,7.4391893644701925e-21,3.853074797958282e-20,2.2224555651970587e-19,0.95519495240429275,0.76127622642891435,0.76120126189892678,1.8488927466117464e-32
2250,1.1363371054780858e-17,0,2.0586874047075178e-18,5.3558387409309927e-18,3.6716056489563779e-18,7.7744760606064367e-21,7.493883224954631e-21,3.9105413289959416e-20,2.2286548761046963e-19,0.95548957494331122,0.76120126189892678,0.7611276062641722,2.0029671421627253e-32
2265,1.1363371054780858e-17,0,2.0433590924869626e-18,5.3455332489855219e-18,3.6959887467094723e-18,7.7768317181868648e-21,7.548413269610179e-21,3.968393211621804e-20,2.2348078949490782e-19,0.95577908721946836,0.7611276062641722,0.76105522819513294,2.311115933264683e-32
2280,1.1363371054780858e-17,0,2.0282326888706646e-18,5.3351289258922156e-18,3.7202697017420418e-18,7.7791467836111353e-21,7.6027796381469904e-21,4.0266288597588436e-20,2.2409152325661243e-19,0.95606361068586765,0.76105522819513294,0.76098409732853312,2.1570415377137042e-32
2295,1.1363371054780858e-17,0,2.0133048393755504e-18,5.3246294051660413e-18,3.7444481897575175e-18,7.781422214841196e-21,7.6569824798471077e-21,4.0852466823646249e-20,2.2469774896343657e-19,0.95634326307682938,0.76098409732853312,0.76091418423079271,2.1570415377137042e-32
2310,1.1363371054780858e-17,0,1.9985722511488411e-18,5.3140382400234416e-18,3.7685239061911543e-18,7.7836589407165883e-21,7.7110219532247607e-21,4.144245083733975e-20,2.2529952568616255e-19,0.95661815854750587,0.76091418423079271,0.7608454603631235,2.311115933264683e-32
2325,1.1363371054780858e-17,0,1.9840316917956213e-18,5.3033589049871426e-18,3.7924965657556177e-18,7.7858578620397403e-21,7.7648982256993362e-21,4.2036224637946717e-20,2.2589691151681511e-19,0.95688840780726481,0.7608454603631235,0.76077789804818385,2.4651903288156619e-32
2340,1.1363371054780858e-17,0,1.9696799882289501e-18,5.2925947974599903e-18,3.8163659019954614e-18,7.7880198526132198e-21,7.8186114732804208e-21,4.2633772183962691e-20,2.2648996358662447e-19,0.95715411824716856,0.76077789804818385,0.76071147043820786,2.311115933264683e-32
2355,1.1363371054780858e-17,0,1.9555140255420702e-18,5.2817492392684014e-18,3.8401316668503447e-18,7.7901457602314364e-21,7.8721618802644186e-21,4.3235077395922024e-20,2.2707873808365008e-19,0.9574153940618555,0.76071147043820786,0.76064615148453618,2.7733391199176196e-32
2370,1.1363371054780858e-17,0,1.9415307459022821e-18,5.2708254781759893e-18,3.8637936302268218e-18,7.7922364076290493e-21,7.9255496389422345e-21,4.384012415915293e-20,2.2766329027006753e-19,0.95767233636609939,0.76064615148453618,0.76058191590847513,2.7733391199176196e-32
2385,1.1363371054780858e-17,0,1.9277271474660913e-18,5.2598266893679274e-18,3.8873515795785644e-18,7.7942925933884051e-21,7.9787749493175119e-21,4.4448896326468017e-20,2.2824367449912823e-19,0.9579250433063351,0.76058191590847513,0.76051873917341628,2.9274135154685985e-32
2400,1.1363371054780858e-17,0,1.9141002833151872e-18,5.2487559769066047e-18,3.9108053194948611e-18,7.796315092807878e-21,8.0318380188351005e-21,4.5061377720791511e-20,2.288199442317956e-19,0.95817361016737757,0.76051873917341628,0.76045659745815564,2.4651903288156619e-32
2415,1.1363371054780858e-17,0,1.9006472604128825e-18,5.2376163751590957e-18,3.9341546712972622e-18,7.7983046587332814e-21,8.0847390621191243e-21,4.5677552137724536e-20,2.2939215205306555e-19,0.9584181294746037,0.76045659745815564,0.76039546763134913,2.311115933264683e-32
2430,1.1363371054780858e-17,0,1.8873652385805964e-18,5.2264108501970022e-18,3.9573994726441817e-18,7.8002620223539653e-21,8.1374783007204645e-21,4.6297403348049378e-20,2.2996034968797711e-19,0.95865869109179269,0.76039546763134913,0.76033532722705188,2.311115933264683e-32
2445,1.1363371054780858e-17,0,1.8742514294940158e-18,5.2151423011691667e-18,3.9805395771433663e-18,7.8021878939655502e-21,8.1900559628730804e-21,4.6920915100174402e-20,2.305245880173187e-19,0.95889538231486726,0.76033532722705188,0.76027615442128316,2.311115933264683e-32
2460,1.1363371054780858e-17,0,1.8613030956985298e-18,5.2038135616477737e-18,4.0035748539720595e-18,7.8040829637006941e-21,8.2424722832589413e-21,4.7548071122520494e-20,2.3108491709303606e-19,0.95912828796170502,0.76027615442128316,0.76021792800957377,2.311115933264683e-32
2475,1.1363371054780858e-17,0,1.8485175496435985e-18,5.1924274009483574e-18,4.0265051875047145e-18,7.805947902229668e-21,8.2947275027811348e-21,4.8178855125850319e-20,2.3164138615334853e-19,0.95935749045824037,0.76021792800957377,0.76016062738543988,2.4651903288156619e-32
2490,1.1363371054780858e-17,0,1.8358921527356624e-18,5.1809865254241743e-18,4.0493304769481464e-18,7.8077833614320069e-21,8.346821868344832e-21,4.8813250805541483e-20,2.3219404363757667e-19,0.95958306992101017,0.76016062738543988,0.76010423251974746,2.0029671421627253e-32
2505,1.1363371054780858e-17,0,1.8234243144092587e-18,5.1694935797354782e-18,4.0720506359839611e-18,7.8095899750407596e-21,8.3987556326458497e-21,4.9451241843804844e-20,2.327429372006908e-19,0.95980510423633347,0.76010423251974746,0.7600487239409166,2.1570415377137042e-32
2520,1.1363371054780858e-17,0,1.8111114912159727e-18,5.157951148094111e-18,4.0946655924181421e-18,7.8113683592605157e-21,8.4505290539664067e-21,5.0092811911848971e-20,2.3328811372758126e-19,0.9600236691362668,0.7600487239409166,0.75999408271593327,2.4651903288156619e-32
2535,1.1363371054780858e-17,0,1.7989511859308976e-18,5.1463617554839311e-18,4.1171752878376656e-18,7.8131191133605479e-21,8.502142395977877e-21,5.0737944671991846e-20,2.3382961934705982e-19,0.96023883827150236,0.75999408271593327,0.75994029043212441,2.6192647243666408e-32
2550,1.1363371054780858e-17,0,1.7869409466762574e-18,5.1347278688575147e-18,4.139579677274002e-18,7.8148428202441507e-21,8.5535959275501994e-21,5.1386623779721016e-20,2.3436749944559449e-19,0.96045068328133976,0.75994029043212441,0.75988732917966506,2.6192647243666408e-32
2565,1.1363371054780858e-17,0,1.7750783660618684e-18,5.1230518983095728e-18,4.1618787288733938e-18,7.8165400469953265e-21,8.6048899225677423e-21,5.2038832885702963e-20,2.3490179868078404e-19,0.96065927386087491,0.75988732917966506,0.75983518153478125,2.6192647243666408e-32
2580,1.1363371054780858e-17,0,1.7633610803421024e-18,5.1113361982275444e-18,4.1840724235737637e-18,7.8182113454038709e-21,8.6560246597513024e-21,5.269455563774304e-20,2.3543256099457809e-19,0.96086467782553242,0.75983518153478125,0.75978383054361687,2.9274135154685985e-32
2595,1.1363371054780858e-17,0,1.7517867685890497e-18,5.0995830684197853e-18,4.2061607547881533e-18,7.8198572524698172e-21,8.707000422486056e-21,5.3353775682696811e-20,2.3595982962624557e-19,0.96106696117306312,0.75978383054361687,0.75973325970673422,2.9274135154685985e-32
2610,1.1363371054780858e-17,0,1.7403531518815585e-18,5.0877947552217984e-18,4.2281437280945557e-18,7.8214782908881554e-21,8.7578174986552146e-21,5.4016476668333723e-20,2.3648364712509837e-19,0.96126618814311626,0.75973325970673422,0.75968345296422091,3.0814879110195774e-32
2625,1.1363371054780858e-17,0,1.7290579925098512e-18,5.0759734525808966e-18,4.2500213609320215e-18,7.8230749695148109e-21,8.8084761804791293e-21,5.4682642245154223e-20,2.3700405536297313e-19,0.96146242127450809,0.75968345296422091,0.75963439468137295,3.2355623065705562e-32
2640,1.1363371054780858e-17,0,1.7178990931954115e-18,5.0641213031197355e-18,4.271793682302931e-18,7.8246477838146222e-21,8.8589767643597324e-21,5.5352256068161176e-20,2.3752109554647764e-19,0.96165572146027967,0.75963439468137295,0.75958606963493014,3.2355623065705562e-32
2655,1.1363371054780858e-17,0,1.7068742963258555e-18,5.0522403991790961e-18,4.2934607324813212e-18,7.8261972162921844e-21,8.9093195507299872e-21,5.6025301798586741e-20,2.3803480822900504e-19,0.96184614800064683,0.75958606963493014,0.75953846299983829,2.6192647243666408e-32
2670,1.1363371054780858e-17,0,1.6959814832044917e-18,5.0403327838403447e-18,4.3150225627271373e-18,7.8277237369062629e-21,8.9595048439082796e-21,5.6701763105574891e-20,2.3854523332252047e-19,0.96203375865393304,0.75953846299983829,0.75949156033651677,2.7733391199176196e-32
2685,1.1363371054780858e-17,0,1.6852185733142908e-18,5.0284004519279226e-18,4.3364792350062946e-18,7.8292278034685922e-21,9.009532951957468e-21,5.7381623667821697e-20,2.3905241010912582e-19,0.96221860968558115,0.75949156033651677,0.75944534757860471,2.1570415377137042e-32
2700,1.1363371054780858e-17,0,1.6745835235959836e-18,5.0164453509922622e-18,4.3578308217164812e-18,7.8307098620276287e-21,9.0594041865484874e-21,5.8064867175173292e-20,2.395563772524037e-19,0.96240075591531749,0.75944534757860471,0.7593998110211706,2.311115933264683e-32
2715,1.1363371054780858e-17,0,1.6640743277400242e-18,5.0044693822735201e-18,4.3790774054185375e-18,7.8321703472379869e-21,9.1091188628282916e-21,5.8751477330182394e-20,2.4005717280854925e-19,0.96258025076255571,0.7593998110211706,0.7593549373093611,2.0029671421627253e-32
2730,1.1363371054780858e-17,0,1.6536890154921366e-18,4.9924744016464651e-18,4.400219078573354e-18,7.8336096827161644e-21,9.1586772992920171e-21,5.9441437849624971e-20,2.4055483423729028e-19,0.96275714629011588,0.7593549373093611,0.75931071342747103,2.0029671421627253e-32
2745,1.1363371054780858e-17,0,1.6434256519721963e-18,4.980462220546906e-18,4.4212559432841554e-18,7.8350282813831226e-21,9.208079817659194e-21,6.0134732465977e-20,2.4104939841260148e-19,0.96293149324632754,0.75931071342747103,0.75926712668841811,2.311115933264683e-32
2760,1.1363371054780858e-17,0,1.6332823370061808e-18,4.9684346068800021e-18,4.4421881110440814e-18,7.8364265457943161e-21,9.2573267427538383e-21,6.0831344928852745e-20,2.4154090163321537e-19,0.96310334110559093,0.75926712668841811,0.75922416472360221,2.1570415377137042e-32
2775,1.1363371054780858e-17,0,1.6232572044709463e-18,4.9563932859107964e-18,4.4630157024889527e-18,7.8378048684576769e-21,9.306418402388325e-21,6.1531259006405421e-20,2.4202937963293667e-19,0.96327273810745739,0.75922416472360221,0.75918181547313568,2.4651903288156619e-32
2790,1.1363371054780858e-17,0,1.6133484216515724e-18,4.9443399411373306e-18,4.4837388471551386e-18,7.8391636321400529e-21,9.3553551272508606e-21,6.2234458486690083e-20,2.4251486759076008e-19,0.96343973129429095,0.75918181547313568,0.75914006717642724,2.4651903288156619e-32
2805,1.1363371054780858e-17,0,1.6035541886110453e-18,4.9322762151466638e-18,4.5043576832424262e-18,7.8405032101626257e-21,9.4041372507964876e-21,6.2940927178990842e-20,2.4299740014079811e-19,0.96360436654757531,0.75914006717642724,0.75909890836310612,2.6192647243666408e-32
2820,1.1363371054780858e-17,0,1.5938727375720244e-18,4.9202037104541189e-18,4.5248723573817792e-18,7.8418239666857302e-21,9.4527651091414296e-21,6.3650648915112224e-20,2.4347701138202156e-19,0.9637666886229187,0.75909890836310612,0.7590583278442703,2.6192647243666408e-32
2835,1.1363371054780858e-17,0,1.5843023323104825e-18,4.908123990326097e-18,4.5452830244079078e-18,7.8431262569835401e-21,9.5012390409607109e-21,6.4363607550635663e-20,2.4395373488781582e-19,0.96392674118381239,0.7590583278442703,0.7590183147040469,2.6192647243666408e-32
2850,1.1363371054780858e-17,0,1.5748412675609682e-18,4.8960385795867558e-18,4.565589847136563e-18,7.8444104277089784e-21,9.5495593873888981e-21,6.5079786966141978e-20,2.4442760371535774e-19,0.96408456683418919,0.7590183147040469,0.75897885829145273,2.6192647243666408e-32
2865,1.1363371054780858e-17,0,1.5654878684332796e-18,4.8839489654088628e-18,4.5857929961464517e-18,7.8456768171493587e-21,9.5977264919238961e-21,6.5799171068400438e-20,2.4489865041481502e-19,0.96424020714984116,0.75897885829145273,0.75893994821253974,2.6192647243666408e-32
2880,1.1363371054780858e-17,0,1.5562404898403295e-18,4.8718565980891627e-18,4.605892649565685e-18,7.8469257554730311e-21,9.6457407003336482e-21,6.6521743791525146e-20,2.4536690703837339e-19,0.96439370270873326,0.75893994821253974,0.75890157432281669,2.311115933264683e-32
2895,1.1363371054780858e-17,0,1.5470975159369781e-18,4.8597628918084877e-18,4.625888992862691e-18,7.8481575649674461e-21,9.6936023605656633e-21,6.7247489098099408e-20,2.4583240514909226e-19,0.96454509312026127,0.75890157432281669,0.75886372671993474,2.311115933264683e-32
2910,1.1363371054780858e-17,0,1.5380573595696314e-18,4.8476692253769895e-18,4.6457822186414695e-18,7.84937256026898e-21,9.7413118226592826e-21,6.7976390980268498e-20,2.4629517582959507e-19,0.96469441705349745,0.75886372671993474,0.75882639573662569,2.311115933264683e-32
2925,1.1363371054780858e-17,0,1.5291184617363895e-18,4.8355769429646928e-18,4.6655725264411542e-18,7.8505710485848353e-21,9.7888694386605926e-21,6.8708433460802369e-20,2.4675524969059526e-19,0.96484171226446269,0.75882639573662569,0.7587895719338843,2.311115933264683e-32
2940,1.1363371054780858e-17,0,1.5202792910575466e-18,4.8234873548177406e-18,4.6852601225397551e-18,7.8517533299073468e-21,9.8362755625398374e-21,6.9443600594127619e-20,2.4721265687926189e-19,0.96498701562246447,0.7587895719338843,0.75875324609438388,2.1570415377137042e-32
2955,1.1363371054780858e-17,0,1.5115383432562456e-18,4.8114017379605189e-18,4.7048452197620252e-18,7.8529196972209818e-21,9.8835305501113539e-21,7.0181876467330452e-20,2.4766742708742879e-19,0.96513036313553735,0.75875324609438388,0.75871740921611563,2.4651903288156619e-32
2970,1.1363371054780858e-17,0,1.5028941406490799e-18,4.7993213368840011e-18,4.7243280372913645e-18,7.8540704367023457e-21,9.9306347589558322e-21,7.0923245201130717e-20,2.4811958955964798e-19,0.96527178997502439,0.75871740921611563,0.75868205250624388,2.4651903288156619e-32
2985,1.1363371054780858e-17,0,1.4943452316464666e-18,4.7872473642205539e-18,4.7437088004856831e-18,7.855205827913414e-21,9.9775885483449048e-21,7.1667690950827989e-20,2.4856917310109325e-19,0.9654113304993247,0.75868205250624388,0.7586471673751688,2.6192647243666408e-32
3000,1.1363371054780858e-17,0,1.4858901902625922e-18,4.7751810014054495e-18,4.7629877406971492e-18,7.8563261439882967e-21,1.0024392279167951e-20,7.2415197907219667e-20,2.4901620608531379e-19,0.96554901827684791,0.7586471673751688,0.75861274543078805,2.4651903288156619e-32
3015,1.1363371054780858e-17,0,1.477527615634747e-18,4.7631233993253708e-18,4.7821650950957523e-18,7.8574316518138193e-21,1.0071046313861051e-20,7.3165750297492343e-20,2.4946071646184391e-19,0.96568488610820669,0.75861274543078805,0.7585787784729483,2.311115933264683e-32
3030,1.1363371054780858e-17,0,1.4692561315518708e-18,4.7510756789541322e-18,4.8012411064965815e-18,7.8585226122040522e-21,1.0117551016338009e-20,7.391933238608667e-20,2.4990273176366838e-19,0.96581896604766726,0.7585787784729483,0.75854525848808319,2.4651903288156619e-32
3045,1.1363371054780858e-17,0,1.4610743859921337e-18,4.7390389319758826e-18,4.8202160231907864e-18,7.8595992800691169e-21,1.0163906751923402e-20,7.4675928475536532e-20,2.5034227911454818e-19,0.96595128942389552,0.75854525848808319,0.75851217764402612,2.311115933264683e-32
3060,1.1363371054780858e-17,0,1.4529810506693679e-18,4.7270142213960352e-18,4.8390900987801189e-18,7.86066190457846e-21,1.0210113887287578e-20,7.5435522907282642e-20,2.5077938523620956e-19,0.96608188686002394,0.75851217764402612,0.75847952828499399,2.1570415377137042e-32
3075,1.1363371054780858e-17,0,1.4449748205881958e-18,4.7150025821401266e-18,4.8578635920149958e-18,7.861710729318761e-21,1.0256172790383523e-20,7.6198100062461286e-20,2.5121407645539756e-19,0.96621078829305784,0.75847952828499399,0.75844730292673557,2.0029671421627253e-32
3090,1.1363371054780858e-17,0,1.43705441360767e-18,4.7030050216408954e-18,4.8765367666360145e-18,7.8627459924467645e-21,1.0302083830385544e-20,7.6963644362669396e-20,2.5164637871079762e-19,0.96633802299265936,0.75844730292673557,0.75841549425183519,2.1570415377137042e-32
3105,1.1363371054780858e-17,0,1.4292185700132763e-18,4.6910225204137486e-18,4.8951098912188576e-18,7.863767926837114e-21,1.0347847377629751e-20,7.7732140270705238e-20,2.5207631755982732e-19,0.96646361957931592,0.75841549425183519,0.75838409510517102,2.311115933264683e-32
3120,1.1363371054780858e-17,0,1.421466052097126e-18,4.6790560326208805e-18,4.9135832390225058e-18,7.8647767602254855e-21,1.03934638035562e-20,7.8503572291286233e-20,2.5250391818530138e-19,0.96658760604193139,0.75838409510517102,0.75835309848951715,2.4651903288156619e-32
3135,1.1363371054780858e-17,0,1.4137956437461885e-18,4.6671064866242504e-18,4.9319570878407286e-18,7.8657727153471216e-21,1.0438933480652725e-20,7.9277924971743998e-20,2.5292920540197154e-19,0.96671000975485255,0.75835309848951715,0.75832249756128689,2.4651903288156619e-32
3150,1.1363371054780858e-17,0,1.4062061500384045e-18,4.6551747855276344e-18,4.9502317198567331e-18,7.8667560100709558e-21,1.0484256782400365e-20,8.0055182902697074e-20,2.533522036629441e-19,0.96683085749435249,0.75832249756128689,0.75829228562641182,2.7733391199176196e-32
3165,1.1363371054780858e-17,0,1.398696396846528e-18,4.6432618077079612e-18,4.968407421500965e-18,7.8677268575294897e-21,1.0529434083220333e-20,8.0835330718701977e-20,2.5377293706597798e-19,0.96695017545459283,0.75829228562641182,0.75826245613635179,2.6192647243666408e-32
3180,1.1363371054780858e-17,0,1.3912652304495536e-18,4.631368407336147e-18,4.9864844833119698e-18,7.868685466244588e-21,1.0574465758422497e-20,8.1618353098883166e-20,2.5419142935966464e-19,0.96706798926308435,0.75826245613635179,0.75823300268422889,2.7733391199176196e-32
3195,1.1363371054780858e-17,0,1.3839115171515758e-18,4.6194954148876182e-18,5.004463199800252e-18,7.8696320402493365e-21,1.0619352184155313e-20,8.2404234767541699e-20,2.5460770394949195e-19,0.96718432399566301,0.75823300268422889,0.7582039190010843,2.4651903288156619e-32
3210,1.1363371054780858e-17,0,1.3766341429079406e-18,4.6076436376427399e-18,5.0223438693151007e-18,7.8705667792060558e-21,1.0664093737357173e-20,8.319296049474398e-20,2.5502178390379665e-19,0.96729920419099402,0.7582039190010843,0.75817519895225149,2.7733391199176196e-32
3225,1.1363371054780858e-17,0,1.3694320129585482e-18,4.5958138601773273e-18,5.040126793914286e-18,7.8714898785207339e-21,1.0708690795709119e-20,8.3984515096890337e-20,2.5543369195960309e-19,0.96741265386463582,0.75817519895225149,0.75814683653384107,2.7733391199176196e-32
3240,1.1363371054780858e-17,0,1.3623040514681701e-18,4.5840068448434553e-18,5.0578122792365957e-18,7.8724015294538369e-21,1.0753143737588877e-20,8.4778883437264179e-20,2.5584345052835553e-19,0.96752469652265893,0.75814683653384107,0.75811882586933521,2.4651903288156619e-32
3255,1.1363371054780858e-17,0,1.3552492011736445e-18,4.5722233322407254e-18,5.0754006343771555e-18,7.8733019192277622e-21,1.0797452942026198e-20,8.5576050426562182e-20,2.5625108170154263e-19,0.96763535517485166,0.75811882586933521,0.75809116120628706,2.7733391199176196e-32
3270,1.1363371054780858e-17,0,1.3482664230378175e-18,4.5604640416781944e-18,5.0928921717654558e-18,7.8741912311310057e-21,1.0841618788659421e-20,8.6376001023405573e-20,2.5665660725621617e-19,0.9677446523475226,0.75809116120628706,0.7580638369131194,2.1570415377137042e-32
3285,1.1363371054780858e-17,0,1.3413546959101003e-18,4.548729671627156e-18,5.1102872070460701e-18,7.8750696446191482e-21,1.088564165769325e-20,8.7178720234833518e-20,2.5706004866040773e-19,0.96785261009591195,0.7580638369131194,0.75803684747602196,2.1570415377137042e-32
3300,1.1363371054780858e-17,0,1.3345130161935128e-18,4.5370209001649088e-18,5.1275860589619619e-18,7.8759373354127738e-21,1.0929521929857737e-20,8.7984193116778358e-20,2.5746142707844571e-19,0.96795925001622563,0.75803684747602196,0.75801018749594362,1.8488927466117464e-32
3315,1.1363371054780858e-17,0,1.3277403975180942e-18,4.5253383854097458e-18,5.1447890492403808e-18,7.8767944755924532e-21,1.0973259986368345e-20,8.8792404774523474e-20,2.5786076337617163e-19,0.96806459325730887,0.75801018749594362,0.75798385168567273,1.8488927466117464e-32
3330,1.1363371054780858e-17,0,1.3210358704205545e-18,4.5136827659472859e-18,5.1618965024812584e-18,7.8776412336908781e-21,1.1016856208887154e-20,8.9603340363144262e-20,2.582580781260592e-19,0.96816866053196982,0.75798385168567273,0.75795783486700752,2.311115933264683e-32
3345,1.1363371054780858e-17,0,1.314398482030042e-18,4.5020546612483336e-18,5.1789087460480628e-18,7.8784777747822109e-21,1.106031097948514e-20,9.0416985087932291e-20,2.5865339161224033e-19,0.96827147212796016,0.75795783486700752,0.7579321319680099,2.1570415377137042e-32
3360,1.1363371054780858e-17,0,1.3078272957599162e-18,4.4904546720784586e-18,5.1958261099610889e-18,7.8793042605688282e-21,1.1103624680605476e-20,9.1233324204803023e-20,2.5904672383543583e-19,0.96837304791863665,0.7579321319680099,0.75790673802034081,1.8488927466117464e-32
3375,1.1363371054780858e-17,0,1.301321391005412e-18,4.4788833808993857e-18,5.212648926793102e-18,7.8801208494654569e-21,1.1146797695027843e-20,9.2052343020687715e-20,2.5943809451779531e-19,0.96847340737330101,0.75790673802034081,0.7578816481566748,1.6948183510607676e-32
3390,1.1363371054780858e-17,0,1.2948798628470694e-18,4.4673413522624431e-18,5.229377531567294e-18,7.8809276966808668e-21,1.1189830405833751e-20,9.2874026893909894e-20,2.5982752310764712e-19,0.96857256956724003,0.7578816481566748,0.75785685760818999,2.0029671421627253e-32
3405,1.1363371054780858e-17,0,1.288501821759832e-18,4.4558291331941421e-18,5.2460122616575302e-18,7.8817249542971272e-21,1.1232723196372747e-20,9.369836123454616e-20,2.602150287841602e-19,0.96867055319146655,0.75785685760818999,0.75783236170213342,2.311115933264683e-32
3420,1.1363371054780858e-17,0,1.2821863933276962e-18,4.4443472535741069e-18,5.2625534566908118e-18,7.882512771346597e-21,1.1275476450229631e-20,9.4525331504772443e-20,2.6060063046191904e-19,0.96876737656218159,0.75783236170213342,0.7578081558594546,2.311115933264683e-32
3435,1.1363371054780858e-17,0,1.2759327179638089e-18,4.4328962265054524e-18,5.2790014584519312e-18,7.8832912938866365e-21,1.1318090551192488e-20,9.5354923219195478e-20,2.6098434679541508e-19,0.96886305762995606,0.7578081558594546,0.75778423559251096,2.311115933264683e-32
3450,1.1363371054780858e-17,0,1.2697399506359056e-18,4.4214765486777898e-18,5.2953566107902687e-18,7.8840606650722065e-21,1.1360565883221633e-20,9.6187121945170239e-20,2.6136619618345315e-19,0.96895761398865388,0.75778423559251096,0.75776059650283656,2.4651903288156619e-32
3465,1.1363371054780858e-17,0,1.2636072605969853e-18,4.4100887007229914e-18,5.3116192595286815e-18,7.8848210252263133e-21,1.1402902830419426e-20,9.702191330310316e-20,2.6174619677347855e-19,0.96905106288408915,0.75776059650283656,0.75773723427897766,2.7733391199176196e-32
3480,1.1363371054780858e-17,0,1.2575338311211252e-18,4.3987331475638422e-18,5.3277897523744423e-18,7.8855725119084969e-21,1.1445101777000833e-20,9.7859282966741879e-20,2.6212436646582176e-19,0.96914342122244368,0.75773723427897766,0.75771414469438914,2.4651903288156619e-32
3495,1.1363371054780858e-17,0,1.2515188592443352e-18,4.3874103387557661e-18,5.3438684388322158e-18,7.8863152599813413e-21,1.1487163107264869e-20,9.8699216663451878e-20,2.6250072291786617e-19,0.96923470557844138,0.75771414469438914,0.75769132360538971,2.311115933264683e-32
3510,1.1363371054780858e-17,0,1.2455615555103549e-18,4.3761207088216776e-18,5.3598556701189917e-18,7.8870494016750811e-21,1.1529087205566749e-20,9.9541700174479683e-20,2.6287528354813843e-19,0.96932493220328808,0.75769132360538971,0.75766876694917795,2.4651903288156619e-32
3525,1.1363371054780858e-17,0,1.2396611437212912e-18,4.3648646775801712e-18,5.3757517990809522e-18,7.8877750666504087e-21,1.1570874456290842e-20,1.003867193352038e-19,2.6324806554032343e-19,0.96941411703239067,0.75766876694917795,0.75764647074190239,2.6192647243666408e-32
3540,1.1363371054780858e-17,0,1.233816860693015e-18,4.3536426504671509e-18,5.3915571801122551e-18,7.888492382059503e-21,1.1612525243824344e-20,1.0123426003537284e-19,2.6361908584720456e-19,0.96950227569285763,0.75764647074190239,0.75762443107678556,2.6192647243666408e-32
3555,1.1363371054780858e-17,0,1.2280279560152224e-18,4.342455018851011e-18,5.407272169075646e-18,7.8892014726053453e-21,1.1654039952531634e-20,1.0208430821933189e-19,2.6398836119453231e-19,0.96958942351078914,0.75762443107678556,0.75760264412230272,2.311115933264683e-32
3570,1.1363371054780858e-17,0,1.2222936918160571e-18,4.3313021603415149e-18,5.4228971232249273e-18,7.8899024605993589e-21,1.1695418966729365e-20,1.0293684988623681e-19,2.6435590808482057e-19,0.96967557551836103,0.75760264412230272,0.75758110612040974,2.7733391199176196e-32
3585,1.1363371054780858e-17,0,1.2166133425312302e-18,4.3201844390924773e-18,5.4384324011291698e-18,7.8905954660175107e-21,1.1736662670662204e-20,1.0379187109025685e-19,2.647217428010732e-19,0.9697607464607193,0.75758110612040974,0.75755981338482015,2.7733391199176196e-32
3600,1.1363371054780858e-17,0,1.2109861946775261e-18,4.3091022060984043e-18,5.453878362598714e-18,7.8912806065547894e-21,1.1777771448479236e-20,1.0464935794076618e-19,2.6508588141044289e-19,0.96984495080267585,0.75755981338482015,0.75753876229933104,2.9274135154685985e-32
3615,1.1363371054780858e-17,0,1.2054115466306306e-18,4.2980557994851567e-18,5.469235368612864e-18,7.8919579976782229e-21,1.1818745684210988e-20,1.0550929660252426e-19,2.6544833976782157e-19,0.96992820273522462,0.75753876229933104,0.75751794931619387,2.7733391199176196e-32
3630,1.1363371054780858e-17,0,1.1998887084071839e-18,4.2870455447948076e-18,5.4845037812492592e-18,7.8926277526784389e-21,1.1859585761747101e-20,1.063716732958453e-19,2.6580913351936535e-19,0.97001051618187806,0.75751794931619387,0.75749737095453051,2.7733391199176196e-32
3645,1.1363371054780858e-17,0,1.1944170014509815e-18,4.2760717552647608e-18,5.4996839636148972e-18,7.8932899827198203e-21,1.190029206481459e-20,1.072364742967576e-19,2.66168278105955e-19,0.9700919048048311,0.75749737095453051,0.75747702379879223,3.0814879110195774e-32
3660,1.1363371054780858e-17,0,1.18899575842325e-18,4.265134732101277e-18,5.5147762797787725e-18,7.8939447968892661e-21,1.1940864976956673e-20,1.0810368593715195e-19,2.6652578876659211e-19,0.97017238201095446,0.75747702379879223,0.75745690449726144,3.2355623065705562e-32
3675,1.1363371054780858e-17,0,1.183624322996904e-18,4.2542347647474954e-18,5.5297810947060786e-18,7.8945923022436698e-21,1.1981304881512197e-20,1.0897329460492033e-19,2.6688168054173316e-19,0.97025196095762944,0.75745690449726144,0.75743700976059269,2.9274135154685985e-32
3690,1.1363371054780858e-17,0,1.1783020496547292e-18,4.2433721311460777e-18,5.5446987741939823e-18,7.8952326038561147e-21,1.2021612161595605e-20,1.0984528674408505e-19,2.6723596827656335e-19,0.97033065455842527,0.75743700976059269,0.75741733636039366,2.9274135154685985e-32
3705,1.1363371054780858e-17,0,1.1730283034913893e-18,4.2325470979965508e-18,5.5595296848088831e-18,7.8958658048608024e-21,1.206178720007744e-20,1.1071964885491774e-19,2.6758866662420926e-19,0.9704084754886213,0.75741733636039366,0.75739788112784467,3.2355623065705562e-32
3720,1.1363371054780858e-17,0,1.1678024600192085e-18,4.2217599210074845e-18,5.5742741938251929e-18,7.8964920064968027e-21,1.2101830379565395e-20,1.1159636749404933e-19,2.6793979004889336e-19,0.97048543619058325,0.75739788112784467,0.75737864095235419,3.0814879110195774e-32
3735,1.1363371054780858e-17,0,1.1626239049776438e-18,4.2110108451435654e-18,5.5889326691655426e-18,7.8971113081506247e-21,1.2141742082385838e-20,1.1247542927457092e-19,2.6828935282903054e-19,0.97056154887899582,0.75737864095235419,0.7573596127802511,3.0814879110195774e-32
3750,1.1363371054780858e-17,0,1.1574920341463751e-18,4.2003001048677274e-18,5.6035054793424299e-18,7.8977238073976897e-21,1.2181522690565875e-20,1.1335682086612531e-19,2.6863736906026821e-19,0.97063682554595943,0.7573596127802511,0.75734079361351014,3.0814879110195774e-32
3765,1.1363371054780858e-17,0,1.1524062531619498e-18,4.189627924378366e-18,5.6179929934012587e-18,7.8983296000426606e-21,1.2221172585815853e-20,1.1424052899499054e-19,2.6898385265847073e-19,0.97071127796594692,0.75734079361351014,0.7573221805085133,3.6977854932234928e-32
3780,1.1363371054780858e-17,0,1.1473659773379076e-18,4.1789945178417737e-18,5.6323955808647402e-18,7.8989287801587548e-21,1.2260692149512387e-20,1.151265404441541e-19,2.6932881736264972e-19,0.97078491770063502,0.7573221805085133,0.75730377057484122,3.8518598887744717e-32
3795,1.1363371054780858e-17,0,1.1423706314883252e-18,4.1684000896198883e-18,5.646713611678656e-18,7.8995214401260005e-21,1.2300081762681795e-20,1.160148420533797e-19,2.6967227673783984e-19,0.97085775610360581,0.75730377057484122,0.75728556097409849,4.0059342843254506e-32
3810,1.1363371054780858e-17,0,1.1374196497547081e-18,4.1578448344934383e-18,5.6609474561589061e-18,7.9001076706685102e-21,1.2339341805984021e-20,1.1690542071926514e-19,2.7001424417792363e-19,0.97092980432492837,0.75728556097409849,0.75726754891876791,3.6977854932234928e-32
3825,1.1363371054780858e-17,0,1.132512475436172e-18,4.1473289378805648e-18,5.675097484939873e-18,7.9006875608907823e-21,1.237847265969697e-20,1.1779826339529276e-19,2.7035473290840396e-19,0.97100107331561958,0.75726754891876791,0.75724973167109511,3.6977854932234928e-32
3840,1.1363371054780858e-17,0,1.1276485608228401e-18,4.1368525760510292e-18,5.689164068924011e-18,7.9012611983130559e-21,1.2417474703701262e-20,1.1869335709187219e-19,2.7069375598912632e-19,0.97107157383198972,0.75724973167109511,0.75723210654200257,3.3896367021215351e-32
3855,1.1363371054780858e-17,0,1.1228273670324109e-18,4.1264159163360784e-18,5.7031475792327056e-18,7.9018286689057788e-21,1.245634831746543e-20,1.1959068887637529e-19,2.7103132631695111e-19,0.97114131643987822,0.75723210654200257,0.75721467089003047,3.3896367021215351e-32
3870,1.1363371054780858e-17,0,1.1180483638498165e-18,4.1160191173340643e-18,5.7170483871583177e-18,7.9023900571231428e-21,1.2495093880031487e-20,1.2049024587316399e-19,2.7136745662837811e-19,0.97121031151877557,0.75721467089003047,0.75719742212030616,3.6977854932234928e-32
3885,1.1363371054780858e-17,0,1.1133110295699284e-18,4.1056623291118773e-18,5.7308668641174187e-18,7.9029454459358183e-21,1.2533711770000905e-20,1.21392015263611e-19,2.7170215950212326e-19,0.97127856926584621,0.75719742212030616,0.75718035768353842,3.543711097672514e-32
3900,1.1363371054780858e-17,0,1.1086148508432409e-18,4.0953456934023166e-18,5.7446033816051924e-18,7.9034949168628301e-21,1.2572202365520972e-20,1.2229598428611335e-19,2.7203544736164788e-19,0.97134609969984609,0.75718035768353842,0.75716347507503845,3.6977854932234928e-32
3915,1.1363371054780858e-17,0,1.1039593225244811e-18,4.0850693437974328e-18,5.758258311150967e-18,7.9040385500026071e-21,1.2610566044271503e-20,1.2320214023609931e-19,2.7236733247764297e-19,0.97141291266493868,0.75716347507503845,0.75714677183376533,3.8518598887744717e-32
3930,1.1363371054780858e-17,0,1.0993439475240862e-18,4.0748334059379473e-18,5.771832024274851e-18,7.9045764240632853e-21,1.2648803183451951e-20,1.2411047046602859e-19,2.726978269704681e-19,0.97147901783441948,0.75714677183376533,0.75713024554139507,3.6977854932234928e-32
3945,1.1363371054780858e-17,0,1.0947682366624961e-18,4.0646379976988264e-18,5.7853248924454821e-18,7.9051086163922185e-21,1.2686914159768832e-20,1.2502096238538601e-19,2.7302694281254573e-19,0.97154442471434244,0.75713024554139507,0.75711389382141436,4.0059342843254506e-32
3960,1.1363371054780858e-17,0,1.0902317085272036e-18,4.054483229371062e-18,5.7987372870388196e-18,7.9056352030047557e-21,1.2724899349423526e-20,1.2593360346066915e-19,2.73354691830713e-19,0.97160914264705733,0.75711389382141436,0.75709771433823569,3.6977854932234928e-32
3975,1.1363371054780858e-17,0,1.0857338893325079e-18,4.0443692038397739e-18,5.8120695792979995e-18,7.9061562586123297e-21,1.2762759128100387e-20,1.2684838121536952e-19,2.7368108570853126e-19,0.97167318081466136,0.75709771433823569,0.75708170479633463,3.6977854932234928e-32
3990,1.1363371054780858e-17,0,1.0812743127819308e-18,4.0342960167586603e-18,5.8253221402942006e-18,7.9066718566497855e-21,1.2800493870955209e-20,1.2776528322994805e-19,2.7400613598855247e-19,0.97173654824235811,0.75708170479633463,0.75706586293941047,4.0059342843254506e-32
4005,1.1363371054780858e-17,0,1.0768525199332254e-18,4.0242637567208967e-18,5.8384953408885173e-18,7.9071820693020924e-21,1.2838103952603979e-20,1.2868429714180401e-19,2.743298540745465e-19,0.97179925380174026,0.75706586293941047,0.75705018654956491,3.8518598887744717e-32
4020,1.1363371054780858e-17,0,1.0724680590659463e-18,4.014272505426554e-18,5.8515895516948257e-18,7.9076869675303724e-21,1.2875589747111967e-20,1.2960541064523965e-19,2.746522512336869e-19,0.97186130621398881,0.75705018654956491,0.75703467344650277,3.6977854932234928e-32
4035,1.1363371054780858e-17,0,1.0681204855515177e-18,4.0043223378465873e-18,5.8646051430435904e-18,7.9081866210972865e-21,1.291295162798311e-20,1.3052861149141789e-19,2.7497333859869813e-19,0.97192271405299269,0.75703467344650277,0.75701932148675177,3.3896367021215351e-32
4050,1.1363371054780858e-17,0,1.0638093617257643e-18,3.9944133223834687e-18,5.8775424849466355e-18,7.9086810985917963e-21,1.2950189968149686e-20,1.3145388748831562e-19,2.7529312716996402e-19,0.97198348574839244,0.75701932148675177,0.75700412856290189,3.0814879110195774e-32
4065,1.1363371054780858e-17,0,1.0595342567638446e-18,3.984545521028545e-18,5.8904019470628145e-18,7.9091704674533375e-21,1.298730513996228e-20,1.3238122650067081e-19,2.7561162781759777e-19,0.97204362958855095,0.75700412856290189,0.75698909260286229,3.0814879110195774e-32
4080,1.1363371054780858e-17,0,1.0552947465575498e-18,3.9747189895161611e-18,5.903183898664601e-18,7.9096547939953961e-21,1.3024297515180044e-20,1.3331061644992543e-19,2.7592885128347603e-19,0.97210315372345046,0.75698909260286229,0.75697421156913736,3.2355623065705562e-32
4095,1.1363371054780858e-17,0,1.0510904135949195e-18,3.9649337774746283e-18,5.9158887086055547e-18,7.910134143428514e-21,1.30611674649612e-20,1.3424204531416295e-19,2.7624480818323517e-19,0.97216206616752121,0.75697421156913736,0.7569594834581197,3.0814879110195774e-32
4110,1.1363371054780858e-17,0,1.0469208468421306e-18,3.9551899285740968e-18,5.9285167452886557e-18,7.9106085798827339e-21,1.3097915359853856e-20,1.3517550112804077e-19,2.7655950900823275e-19,0.97222037480239842,0.7569594834581197,0.75694490629940037,3.6977854932234928e-32
4125,1.1363371054780858e-17,0,1.0427856416276129e-18,3.9454874806713858e-18,5.9410683766354848e-18,7.911078166429511e-21,1.3134541569787039e-20,1.3611097198271834e-19,2.7687296412747342e-19,0.97227808737961674,0.75694490629940037,0.75693047815509584,3.3896367021215351e-32
4140,1.1363371054780858e-17,0,1.0386843995283559e-18,3.9358264659518509e-18,5.9535439700562383e-18,7.9115429651031194e-21,1.3171046464062001e-20,1.370484460257807e-19,2.7718518378950045e-19,0.97233521152323976,0.75693047815509584,0.75691619711919,3.543711097672514e-32
4155,1.1363371054780858e-17,0,1.0346167282583525e-18,3.9262069110683171e-18,5.965943892420547e-18,7.9120030369215051e-21,1.3207430411343771e-20,1.3798791146115716e-19,2.7749617812425323e-19,0.97239175473242401,0.75691619711919,0.75690206131689397,3.543711097672514e-32
4170,1.1363371054780858e-17,0,1.0305822415591543e-18,3.9166288372771491e-18,5.9782685100290976e-18,7.9124584419066857e-21,1.3243693779652985e-20,1.3892935654903598e-19,2.7780595714489264e-19,0.97244772438392535,0.75690206131689397,0.75688806890401872,3.0814879110195774e-32
4185,1.1363371054780858e-17,0,1.0265805590924818e-18,3.9070922605715498e-18,5.9905181885860266e-18,7.9129092391046338e-21,1.3279836936357862e-20,1.3987276960577478e-19,2.7811453074959253e-19,0.97250312773454284,0.75688806890401872,0.75687421806636435,2.9274135154685985e-32
4200,1.1363371054780858e-17,0,1.0226113063348633e-18,3.8975971918120598e-18,6.0026932931720888e-18,7.9133554866047188e-21,1.3315860248166505e-20,1.4081813900380647e-19,2.7842190872329993e-19,0.97255797192350835,0.75687421806636435,0.75686050701912289,3.0814879110195774e-32
4215,1.1363371054780858e-17,0,1.018674114474256e-18,3.8881436368544006e-18,6.0147941882185477e-18,7.9137972415586815e-21,1.3351764081119378e-20,1.4176545317154198e-19,2.7872810073946436e-19,0.97261226397481837,0.75686050701912289,0.75684693400629544,2.9274135154685985e-32
4230,1.1363371054780858e-17,0,1.0147686203086133e-18,3.8787315966746613e-18,6.02682123748183e-18,7.9142345601991535e-21,1.3387548800582027e-20,1.4271470059326804e-19,2.7903311636173564e-19,0.97266601079951009,0.75684693400629544,0.7568334973001225,3.2355623065705562e-32
4245,1.1363371054780858e-17,0,1.0108944661463606e-18,3.8693610674919024e-18,6.0387748040188592e-18,7.9146674978577636e-21,1.3423214771237977e-20,1.4366586980904218e-19,2.7933696504563195e-19,0.97271921919788673,0.7568334973001225,0.75682019520052835,3.2355623065705562e-32
4260,1.1363371054780858e-17,0,1.0070512997087443e-18,3.8600320408881984e-18,6.0506552501631228e-18,7.9150961089827945e-21,1.3458762357081882e-20,1.4461894941458342e-19,2.7963965614017836e-19,0.97277189586168744,0.75682019520052835,0.75680702603457817,3.3896367021215351e-32
4275,1.1363371054780858e-17,0,1.0032387740340179e-18,3.8507445039262305e-18,6.0624629375013973e-18,7.9155204471564777e-21,1.3494191921412864e-20,1.455739280611598e-19,2.7994119888951618e-19,0.9728240473762132,0.75680702603457817,0.75679398815594667,3.3896367021215351e-32
4290,1.1363371054780858e-17,0,9.994565473834291e-19,3.8414984392644063e-18,6.0741982268511619e-18,7.915940565111851e-21,1.3529503826828027e-20,1.4653079445547204e-19,2.8024160243448407e-19,0.97287568022239812,0.75679398815594667,0.75678107994440047,3.3896367021215351e-32
4305,1.1363371054780858e-17,0,9.9570428314896876e-19,3.8322938252695958e-18,6.0858614782386591e-18,7.9163565147492264e-21,1.3564698435216208e-20,1.4748953735953417e-19,2.8054087581417114e-19,0.97292680077883376,0.75678107994440047,0.75676829980529159,3.543711097672514e-32
4320,1.1363371054780858e-17,0,9.9198164976286046e-19,3.8231306361275363e-18,6.0974530508776002e-18,7.9167683471523084e-21,1.3599776107751874e-20,1.4845014559055088e-19,2.8083902796744201e-19,0.97297741532374982,0.75676829980529159,0.75675564616906255,3.543711097672514e-32
4335,1.1363371054780858e-17,0,9.8828832060874727e-19,3.8140088419509235e-18,6.1089733031485051e-18,7.917176112603923e-21,1.3634737204889253e-20,1.4941260802079149e-19,2.8113606773443609e-19,0.97302753003694753,0.75675564616906255,0.75674311749076306,3.8518598887744717e-32
4350,1.1363371054780858e-17,0,9.8462397393453941e-19,3.804928408885257e-18,6.1204225925786397e-18,7.9175798606013891e-21,1.3669582086356594e-20,1.5037691357746095e-19,2.8143200385803945e-19,0.97307715100168857,0.75674311749076306,0.75673071224957789,3.543711097672514e-32
4365,1.1363371054780858e-17,0,9.8098829276690334e-19,3.7958892992124907e-18,6.1318012758225796e-18,7.9179796398715678e-21,1.3704311111150659e-20,1.5134305124256773e-19,2.8172684498533177e-19,0.97312628420654468,0.75673071224957789,0.75671842894836383,3.543711097672514e-32
4380,1.1363371054780858e-17,0,9.7738096482735515e-19,3.7868914714524818e-18,6.1431097086433464e-18,7.9183754983855222e-21,1.3738924637531321e-20,1.5231101005278936e-19,2.8202059966900718e-19,0.97317493554719925,0.75671842894836383,0.75670626611320024,4.1600086798764294e-32
4395,1.1363371054780858e-17,0,9.7380168244992069e-19,3.7779348804623574e-18,6.1543482458941288e-18,7.9187674833729015e-21,1.3773423023016395e-20,1.532807790993345e-19,2.8231327636876946e-19,0.97322311082821567,0.75670626611320024,0.75669422229294603,4.3140830754274083e-32
4410,1.1363371054780858e-17,0,9.7025014250034573e-19,3.7690194775337801e-18,6.165517241500555e-18,7.9191556413359704e-21,1.3807806624376599e-20,1.5425234752780254e-19,2.8260488345270509e-19,0.97327081576476093,0.75669422229294603,0.75668229605880977,4.3140830754274083e-32
4425,1.1363371054780858e-17,0,9.6672604629681445e-19,3.7601452104881802e-18,6.1766170484435392e-18,7.919540018063322e-21,1.3842075797630665e-20,1.5522570453804066e-19,2.8289542919862985e-19,0.97331805598429111,0.75668229605880977,0.75667048600392728,3.8518598887744717e-32
4440,1.1363371054780858e-17,0,9.6322909953215419e-19,3.751312023770002e-18,6.1876480187426477e-18,7.9199206586432966e-21,1.387623089804068e-20,1.5620083938399829e-19,2.8318492179541295e-19,0.97336483702820087,0.75667048600392728,0.75665879074294984,4.1600086798764294e-32
4455,1.1363371054780858e-17,0,9.5975901219749411e-19,3.7425198585379598e-18,6.1986105034400049e-18,7.9202976074771211e-21,1.3910272280107443e-20,1.571777413735791e-19,2.8347336934427818e-19,0.97341116435343777,0.75665879074294984,0.7566472089116405,4.1600086798764294e-32
4470,1.1363371054780858e-17,0,9.5631549850735731e-19,3.7337686527544056e-18,6.2095048525847066e-18,7.9206709082917063e-21,1.3944200297566122e-20,1.5815639986849048e-19,2.8376077986008218e-19,0.97345704333407557,0.7566472089116405,0.75663573916648108,4.1600086798764294e-32
4485,1.1363371054780858e-17,0,9.5289827682614457e-19,3.725058341272804e-18,6.2203314152177574e-18,7.9210406041522301e-21,1.397801530338195e-20,1.5913680428409068e-19,2.8404716127256995e-19,0.9735024792628606,0.75663573916648108,0.75662438018428491,4.1600086798764294e-32
4500,1.1363371054780858e-17,0,9.4950706959600101e-19,3.7163888559233592e-18,6.2310905393574769e-18,7.9214067374743609e-21,1.4011717649746133e-20,1.6011894408923416e-19,2.8433252142760953e-19,0.97354747735271363,0.75662438018428491,0.75661313066182156,4.4681574709783872e-32
4515,1.1363371054780858e-17,0,9.4614160326602484e-19,3.7077601255968326e-18,6.241782571985416e-18,7.9217693500363085e-21,1.4045307688071823e-20,1.6110280880611413e-19,2.8461686808840443e-19,0.97359204273821143,0.75661313066182156,0.7566019893154472,4.0059342843254506e-32
4530,1.1363371054780858e-17,0,9.4280160822279966e-19,3.6991720763266022e-18,6.2524078590327286e-18,7.9221284829905284e-21,1.4078785768990342e-20,1.6208838801010357e-19,2.8490020893668485e-19,0.97363618047702494,0.7566019893154472,0.75659095488074379,4.1600086798764294e-32
4545,1.1363371054780858e-17,0,9.3948681872222097e-19,3.6906246313689686e-18,6.2629667453670147e-18,7.9224841768752218e-21,1.4112152242347387e-20,1.6307567132959391e-19,2.851825515738796e-19,0.97367989555133305,0.75659095488074379,0.75658002611216668,4.3140830754274083e-32
4560,1.1363371054780858e-17,0,9.36196972822598e-19,3.6821177112817662e-18,6.2734595747796145e-18,7.9228364716255723e-21,1.4145407457199513e-20,1.6406464844583161e-19,2.8546390352226578e-19,0.97372319286920284,0.75658002611216668,0.75656920178269926,4.3140830754274083e-32
4575,1.1363371054780858e-17,0,9.3293181231900152e-19,3.6736512340013041e-18,6.2838866899733482e-18,7.9231854065847267e-21,1.4178551761810642e-20,1.6505530909275331e-19,2.8574427222610041e-19,0.97376607726593989,0.75656920178269926,0.75655848068351506,4.622231866529366e-32
4590,1.1363371054780858e-17,0,9.2969108267883352e-19,3.6652251149176741e-18,6.2942484325506833e-18,7.9235310205145617e-21,1.4211585503648738e-20,1.6604764305681904e-19,2.860236650527313e-19,0.97380855350541096,0.75655848068351506,0.75654786162364729,4.622231866529366e-32
4605,1.1363371054780858e-17,0,9.2647453297859762e-19,3.6568392669484579e-18,6.3045451430023278e-18,7.9238733516062111e-21,1.4244509029382619e-20,1.6704164017684289e-19,2.8630208929368985e-19,0.97385062628133823,0.75654786162364729,0.75653734342966539,4.7763062620803449e-32
4620,1.1363371054780858e-17,0,9.2328191584184772e-19,3.6484936006108526e-18,6.3147771606962467e-18,7.9242124374903584e-21,1.4277322684878832e-20,1.6803729034382365e-19,2.8657955216576324e-19,0.97389230021856399,0.75653734342966539,0.756526924945359,4.622231866529366e-32
4635,1.1363371054780858e-17,0,9.2011298737829237e-19,3.6401880240922687e-18,6.3249448238670727e-18,7.9245483152473133e-21,1.4310026815198704e-20,1.6903458350077194e-19,2.8685606081205078e-19,0.97393357987428919,0.756526924945359,0.7565166050314277,4.4681574709783872e-32
4650,1.1363371054780858e-17,0,9.1696750712402689e-19,3.6319224433194084e-18,6.3350484696059173e-18,7.9248810214169038e-21,1.4342621764595447e-20,1.7003350964253708e-19,2.871316223029998e-19,0.97397446973928914,0.7565166050314277,0.75650638256517766,4.4681574709783872e-32
4665,1.1363371054780858e-17,0,9.1384523798287985e-19,3.6236967620258731e-18,6.3450884338505715e-18,7.9252105920080869e-21,1.4375107876511468e-20,1.710340588156321e-19,2.8740624363742555e-19,0.97401497423909444,0.75650638256517766,0.75649625644022644,4.3140830754274083e-32
4680,1.1363371054780858e-17,0,9.1074594616885152e-19,3.615510881818317e-18,6.355065051376079e-18,7.9255370625084526e-21,1.4407485493575651e-20,1.7203622111805684e-19,2.8767993174351157e-19,0.97405509773515953,0.75649625644022644,0.75648622556621015,4.3140830754274083e-32
4695,1.1363371054780858e-17,0,9.0766940114961419e-19,3.6073647022411887e-18,6.36497865578569e-18,7.9258604678934499e-21,1.4439754957600874e-20,1.7303998669912062e-19,2.8795269347979558e-19,0.97409484452599615,0.75648622556621015,0.75647628886850093,4.4681574709783872e-32
4710,1.1363371054780858e-17,0,9.0461537559106905e-19,3.5992581208400557e-18,6.3748295795021628e-18,7.9261808426354508e-21,1.4471916609581539e-20,1.7404534575926242e-19,2.8822453563613674e-19,0.97413421884828755,0.75647628886850093,0.75646644528792817,4.622231866529366e-32
4725,1.1363371054780858e-17,0,9.0158364530292543e-19,3.5911910332235915e-18,6.3846181537594432e-18,7.9264982207126218e-21,1.4503970789691271e-20,1.7505228854987066e-19,2.8849546493466695e-19,0.97417322487797864,0.75646644528792817,0.75645669378050528,4.4681574709783872e-32
4740,1.1363371054780858e-17,0,8.9857398918529165e-19,3.5831633331242151e-18,6.3943447085946656e-18,7.9268126356176202e-21,1.4535917837280672e-20,1.7606080537310148e-19,2.8876548803072547e-19,0.97421186673134486,0.75645669378050528,0.75644703331716379,4.0059342843254506e-32
4755,1.1363371054780858e-17,0,8.9558618917625506e-19,3.5751749124574259e-18,6.4040095728405032e-18,7.9271241203660915e-21,1.456775809087518e-20,1.7707088658169544e-19,2.8903461151377904e-19,0.97425014846603641,0.75644703331716379,0.7564374628834909,4.1600086798764294e-32
4770,1.1363371054780858e-17,0,8.9262003020043103e-19,3.5672256613798257e-18,6.413613074117844e-18,7.9274327075049922e-21,1.4599491888173005e-20,1.7808252257879396e-19,2.8930284190832485e-19,0.97428807408210139,0.7564374628834909,0.75642798147947465,4.0059342843254506e-32
4785,1.1363371054780858e-17,0,8.8967530011846812e-19,3.5593154683459271e-18,6.4231555388288046e-18,7.9277384291207651e-21,1.4631119566043228e-20,1.7909570381775387e-19,2.8957018567477914e-19,0.97432564752299033,0.75642798147947465,0.75641858811925244,3.8518598887744717e-32
4800,1.1363371054780858e-17,0,8.8675178967747989e-19,3.551444220163688e-18,6.4326372921500437e-18,7.9280413168473227e-21,1.4662641460523892e-20,1.8011042080196113e-19,2.8983664921035074e-19,0.97436287267653743,0.75641858811925244,0.75640928183086564,3.6977854932234928e-32
4815,1.1363371054780858e-17,0,8.8384929246240277e-19,3.5436118020488671e-18,6.4420586580263869e-18,7.9283414018738561e-21,1.4694057906820252e-20,1.811266640846438e-19,2.9010223884989904e-19,0.97439975337592011,0.75640928183086564,0.75640006165602003,3.6977854932234928e-32
4830,1.1363371054780858e-17,0,8.8096760484824425e-19,3.5358180976781661e-18,6.4514199591647667e-18,7.9286387149525373e-21,1.4725369239303092e-20,1.8214442426868417e-19,2.9036696086677913e-19,0.974436293400606,0.75640006165602003,0.75639092664984853,3.6977854932234928e-32
4845,1.1363371054780858e-17,0,8.7810652595321513e-19,3.5280629892412377e-18,6.4607215170284287e-18,7.9289332864059882e-21,1.4756575791507107e-20,1.8316369200642917e-19,2.906308214736709e-19,0.97447249647727041,0.75639092664984853,0.7563818758806824,3.543711097672514e-32
4860,1.1363371054780858e-17,0,8.7526585759272792e-19,3.5203463574915411e-18,6.4699636518314679e-18,7.9292251461346745e-21,1.4787677896129385e-20,1.8418445799950113e-19,2.9089382682339572e-19,0.9745083662807057,0.7563818758806824,0.75637290842982363,3.8518598887744717e-32
4875,1.1363371054780858e-17,0,8.7244540423424324e-19,3.5126680817960767e-18,6.479146682533602e-18,7.9295143236240976e-21,1.4818675885027975e-20,1.8520671299860673e-19,2.9115598300971816e-19,0.97454390643470423,0.75637290842982363,0.75636402339132391,4.0059342843254506e-32
4890,1.1363371054780858e-17,0,8.6964497295294549e-19,3.5050280401840426e-18,6.4882709268352564e-18,7.929800847951853e-21,1.4849570089220533e-20,1.8623044780334559e-19,2.914172960681355e-19,0.97457912051292683,0.75636402339132391,0.75635521987176824,4.0059342843254506e-32
4905,1.1363371054780858e-17,0,8.6686437338823925e-19,3.497426109394417e-18,6.4973367011728921e-18,7.9300847477945577e-21,1.4880360838883015e-20,1.8725565326201848e-19,2.9167777197665321e-19,0.97461401203975351,0.75635521987176824,0.75634649699006162,4.0059342843254506e-32
4920,1.1363371054780858e-17,0,8.6410341770104174e-19,3.4898621649224813e-18,6.5063443207146103e-18,7.9303660514346433e-21,1.4911048463348482e-20,1.8828232027143385e-19,2.9193741665654786e-19,0.9746485844911188,0.75634649699006162,0.7563378538772203,4.0059342843254506e-32
4935,1.1363371054780858e-17,0,8.6136192053186298e-19,3.48233608106532e-18,6.5152940993560089e-18,7.9306447867669782e-21,1.4941633291105975e-20,1.893104397767152e-19,2.9219623597311751e-19,0.97468284129532501,0.7563378538772203,0.75632928967616875,4.1600086798764294e-32
4950,1.1363371054780858e-17,0,8.5863969895965736e-19,3.4748477309663282e-18,6.5241863497162844e-18,7.9309209813054037e-21,1.4972115649799429e-20,1.9034000277110606e-19,2.924542357364188e-19,0.97471678583384624,0.75632928967616875,0.75632080354153841,4.1600086798764294e-32
4965,1.1363371054780858e-17,0,8.5593657246142887e-19,3.4673969866586985e-18,6.5330213831345888e-18,7.9311946621891148e-21,1.5002495866226696e-20,1.9137100029577602e-19,2.9271142170199282e-19,0.97475042144211221,0.75632080354153841,0.75631239463947197,4.1600086798764294e-32
4980,1.1363371054780858e-17,0,8.5325236287257867e-19,3.4599837191079696e-18,6.541799509666621e-18,7.9314658561888975e-21,1.5032774266338612e-20,1.9240342343962539e-19,2.9296779957157882e-19,0.97478375141027462,0.75631239463947197,0.75630406214743129,4.3140830754274083e-32
4995,1.1363371054780858e-17,0,8.505868943479807e-19,3.4526077982536225e-18,6.5505210380814433e-18,7.9317345897133032e-21,1.5062951175238152e-20,1.9343726333908939e-19,2.9322337499381522e-19,0.97481677898396646,0.75630406214743129,0.75629580525400841,4.622231866529366e-32
5010,1.1363371054780858e-17,0,8.4793999332376996e-19,3.4452690930497304e-18,6.5591862758585368e-18,7.9320008888146225e-21,1.509302691717961e-20,1.9447251117794197e-19,2.9347815356493014e-19,0.97484950736503595,0.75629580525400841,0.75628762315874098,4.7763062620803449e-32
5025,1.1363371054780858e-17,0,8.4531148847982934e-19,3.4379674715047184e-18,6.5677955291850722e-18,7.9322647791948118e-21,1.5123001815567906e-20,1.9550915818709952e-19,2.9373214082942014e-19,0.97488193971227499,0.75628762315874098,0.75627951507193125,4.4681574709783872e-32
5040,1.1363371054780858e-17,0,8.4270121070296625e-19,3.430702800720219e-18,6.5763491029534064e-18,7.9325262862112502e-21,1.5152876192957894e-20,1.9654719564442337e-19,2.939853422807175e-19,0.97491407914212636,0.75627951507193125,0.75627148021446844,4.3140830754274083e-32
5055,1.1363371054780858e-17,0,8.4010899305075971e-19,3.4234749469290596e-18,6.5848473007587737e-18,7.932785434882428e-21,1.5182650371053788e-20,1.9758661487452324e-19,2.942377633618473e-19,0.97494592872938357,0.75627148021446844,0.75626351781765411,4.1600086798764294e-32
5070,1.1363371054780858e-17,0,8.3753467071606989e-19,3.4162837755323933e-18,6.5932904248972003e-18,7.9330422498934814e-21,1.5212324670708595e-20,1.9862740724855886e-19,2.9448940946607283e-19,0.97497749150787016,0.75626351781765411,0.75625562712303251,3.8518598887744717e-32
5085,1.1363371054780858e-17,0,8.3497808099219443e-19,3.4091291511359853e-18,6.6016787763636206e-18,7.9332967556016705e-21,1.5241899411923631e-20,1.9966956418404223e-19,2.9474028593753123e-19,0.97500877047111378,0.75625562712303251,0.75624780738222153,4.1600086798764294e-32
5100,1.1363371054780858e-17,0,8.3243906323866298e-19,3.40201093758568e-18,6.6100126548501674e-18,7.9335489760416906e-21,1.5271374913848115e-20,2.0071307714463968e-19,2.9499039807185837e-19,0.97503976857299846,0.75624780738222153,0.75624005785675041,4.0059342843254506e-32
5115,1.1363371054780858e-17,0,8.2991745884765314e-19,3.3949289980020696e-18,6.6182923587446892e-18,7.9337989349309494e-21,1.5300751494778767e-20,2.0175793763997301e-19,2.9523975111680385e-19,0.9750704887284134,0.75624005785675041,0.75623237781789665,4.0059342843254506e-32
5130,1.1363371054780858e-17,0,8.2741311121101863e-19,3.3878831948143648e-18,6.6265181851294233e-18,7.9340466556746699e-21,1.533002947215953e-20,2.0280413722542089e-19,2.9548835027283568e-19,0.97510093381387986,0.75623237781789665,0.75622476654653004,4.0059342843254506e-32
5145,1.1363371054780858e-17,0,8.2492586568791958e-19,3.3808733897934943e-18,6.6346904297798745e-18,7.9342921613709694e-21,1.5359209162581263e-20,2.0385166750192028e-19,2.9573620069373533e-19,0.97513110666817571,0.75622476654653004,0.75621722333295605,3.6977854932234928e-32
5160,1.1363371054780858e-17,0,8.2245556957303962e-19,3.373899444084449e-18,6.642809387163862e-18,7.9345354748157837e-21,1.5388290881781576e-20,2.0490052011576683e-19,2.9598330748718291e-19,0.97516101009294043,0.75621722333295605,0.75620974747676484,3.8518598887744717e-32
5175,1.1363371054780858e-17,0,8.2000207206538156e-19,3.3669612182378818e-18,6.6508753504407332e-18,7.934776618507712e-21,1.5417274944644641e-20,2.0595068675841644e-19,2.9622967571533367e-19,0.97519064685327062,0.75620974747676484,0.75620233828668237,4.1600086798764294e-32
5190,1.1363371054780858e-17,0,8.1756522423763064e-19,3.3600585722409826e-18,6.658888611460763e-18,7.9350156146527972e-21,1.5446161665201093e-20,2.0700215916628532e-19,2.96475310395384e-19,0.9752200196783074,0.75620233828668237,0.7561949950804232,4.1600086798764294e-32
5205,1.1363371054780858e-17,0,8.1514487900607213e-19,3.3531913655476388e-18,6.6668494607647105e-18,7.935252485169186e-21,1.5474951356627993e-20,2.0805492912055116e-19,2.9672021650012982e-19,0.97524913126180912,0.7561949950804232,0.75618771718454769,4.1600086798764294e-32
5220,1.1363371054780858e-17,0,8.1274089110105609e-19,3.3463594571079003e-18,6.6747581875835357e-18,7.9354872516916995e-21,1.5503644331248759e-20,2.0910898844695331e-19,2.9696439895851444e-19,0.9752779842627135,0.75618771718454769,0.75618050393432168,4.1600086798764294e-32
5235,1.1363371054780858e-17,0,8.103531170379954e-19,3.339562705396754e-18,6.6826150798382785e-18,7.9357199355763459e-21,1.5532240900533274e-20,2.1016432901559371e-19,2.9720786265616884e-19,0.97530658130569148,0.75618050393432168,0.75617335467357716,4.0059342843254506e-32
5250,1.1363371054780858e-17,0,8.07981415088892e-19,3.3328009684422435e-18,6.6904204241400826e-18,7.9359505579047231e-21,1.556074137509792e-20,2.1122094274073733e-19,2.9745061243594278e-19,0.97533492498168917,0.75617335467357716,0.75616626875457771,4.3140830754274083e-32
5265,1.1363371054780858e-17,0,8.0562564525437369e-19,3.3260741038529137e-18,6.6981745057903781e-18,7.9361791394883411e-21,1.558914606470571e-20,2.1227882158061277e-19,2.9769265309842792e-19,0.97536301784845836,0.75616626875457771,0.75615924553788538,4.1600086798764294e-32
5280,1.1363371054780858e-17,0,8.0328566923624047e-19,3.3193819688446274e-18,6.705877608781208e-18,7.9364057008728839e-21,1.5617455278266485e-20,2.1333795753721268e-19,2.9793398940247147e-19,0.97539086243108075,0.75615924553788538,0.75615228439222981,4.0059342843254506e-32
5295,1.1363371054780858e-17,0,8.0096135041050473e-19,3.3127244202667446e-18,6.7135300157956914e-18,7.9366302623423583e-21,1.5645669323837073e-20,2.1439834265609479e-19,2.9817462606568324e-19,0.97541846122247766,0.75615228439222981,0.75614538469438064,4.0059342843254506e-32
5310,1.1363371054780858e-17,0,7.9865255380091714e-19,3.3061013146276899e-18,6.7211320082086325e-18,7.9368528439231948e-21,1.5673788508621628e-20,2.1545996902618235e-19,2.984145677649339e-19,0.97544581668391406,0.75614538469438064,0.75613854582902151,4.1600086798764294e-32
5325,1.1363371054780858e-17,0,7.9635914605296998e-19,3.2995125081199072e-18,6.7286838660872533e-18,7.9370734653882723e-21,1.5701813138971845e-20,2.1652282877956532e-19,2.9865381913684469e-19,0.97547293124549306,0.75613854582902151,0.75613176718862674,4.1600086798764294e-32
5340,1.1363371054780858e-17,0,7.9408099540837126e-19,3.2929578566442341e-18,6.7361858681920736e-18,7.9372921462608447e-21,1.5729743520387335e-20,2.1758691409130108e-19,2.9889238477827091e-19,0.97549980730663899,0.75613176718862674,0.75612504817334025,4.1600086798764294e-32
5355,1.1363371054780858e-17,0,7.9181797167997456e-19,3.2864372158336904e-18,6.7436382919779083e-18,7.9375089058184132e-21,1.5757579957516006e-20,2.1865221717921555e-19,2.9913026924677625e-19,0.97552644723657278,0.75612504817334025,0.75611838819085686,4.0059342843254506e-32
5370,1.1363371054780858e-17,0,7.8956994622716065e-19,3.2799504410766947e-18,6.7510414135949884e-18,7.9377237630965203e-21,1.5785322754154471e-20,2.1971873030370457e-19,2.9936747706110133e-19,0.97555285337477826,0.75611838819085686,0.75611178665630541,4.1600086798764294e-32
5385,1.1363371054780858e-17,0,7.8733679193166223e-19,3.2734973875397305e-18,6.7583955078902069e-18,7.9379367368924948e-21,1.5812972213248472e-20,2.2078644576753561e-19,2.996040127016233e-19,0.97557902803146301,0.75611178665630541,0.75610524299213422,4.3140830754274083e-32
5400,1.1363371054780858e-17,0,7.8511838317382084e-19,3.2670779101894695e-18,6.7657008484084891e-18,7.9381478457690863e-21,1.5840528636893394e-20,2.2185535591564897e-19,2.9983988061080913e-19,0.97560497348800423,0.75610524299213422,0.75609875662799897,4.0059342843254506e-32
5415,1.1363371054780858e-17,0,7.8291459580927146e-19,3.260691863814352e-18,6.7729577073942614e-18,7.9383571080580856e-21,1.5867992326334801e-20,2.2292545313496039e-19,3.0007508519366191e-19,0.97563069199739427,0.75609875662799897,0.75609232700065143,4.0059342843254506e-32
5430,1.1363371054780858e-17,0,7.8072530714604108e-19,3.2543391030456567e-18,6.7801663557930485e-18,7.9385645418638318e-21,1.5895363581968971e-20,2.2399672985416199e-19,3.0030963081815985e-19,0.9756561857846715,0.75609232700065143,0.75608595355383212,4.3140830754274083e-32
5445,1.1363371054780858e-17,0,7.7855039592206185e-19,3.2480194823780442e-18,6.7873270632531685e-18,7.9387701650666839e-21,1.5922642703343479e-20,2.2506917854352571e-19,3.0054352181568868e-19,0.97568145704734699,0.75608595355383212,0.75607963573816328,4.0059342843254506e-32
5460,1.1363371054780858e-17,0,7.763897422830816e-19,3.2417328561896154e-18,6.7944400981275462e-18,7.938973995326428e-21,1.5949829989157881e-20,2.2614279171470541e-19,3.0077676248146708e-19,0.97570650795582303,0.75607963573816328,0.75607337301104427,4.1600086798764294e-32
5475,1.1363371054780858e-17,0,7.7424322776097037e-19,3.2354790787614625e-18,6.801505727475614e-18,7.9391760500856143e-21,1.5976925737264305e-20,2.2721756192053985e-19,3.0100935707496583e-19,0.97573134065380362,0.75607337301104427,0.75606716483654912,4.4681574709783872e-32
5490,1.1363371054780858e-17,0,7.7211073525241502e-19,3.2292580042967504e-18,6.8085242170653173e-18,7.9393763465728342e-21,1.6003930244668175e-20,2.2829348175485623e-19,3.0124130982032062e-19,0.9757559572586969,0.75606716483654912,0.75606101068532583,4.1600086798764294e-32
5505,1.1363371054780858e-17,0,7.6999214899799117e-19,3.2230694869393227e-18,6.81549583137524e-18,7.9395749018059582e-21,1.6030843807528917e-20,2.2937054385227324e-19,3.0147262490673831e-19,0.97578035986201339,0.75606101068532583,0.75605491003449665,4.3140830754274083e-32
5520,1.1363371054780858e-17,0,7.6788735456160982e-19,3.2169133807918472e-18,6.8224208335967868e-18,7.9397717325952687e-21,1.6057666721160755e-20,2.3044874088800503e-19,3.0170330648889692e-19,0.97580455052975068,0.75605491003449665,0.7560488623675623,4.3140830754274083e-32
5535,1.1363371054780858e-17,0,7.6579623881032728e-19,3.2107895399335068e-18,6.8292994856364821e-18,7.9399668555466047e-21,1.608439928003343e-20,2.3152806557766543e-19,3.0193335868733956e-19,0.97582853130278036,0.7560488623675623,0.75604286717430491,4.3140830754274083e-32
5550,1.1363371054780858e-17,0,7.6371868989451665e-19,3.2046978184372541e-18,6.8361320481183558e-18,7.9401602870643965e-21,1.6111041777773075e-20,2.3260851067707275e-19,3.0216278558886241e-19,0.97585230419722035,0.75604286717430491,0.75603692395069488,4.1600086798764294e-32
5565,1.1363371054780858e-17,0,7.6165459722838657e-19,3.198638070386627e-18,6.8429187803864156e-18,7.9403520433546614e-21,1.6137594507162972e-20,2.3369006898205407e-19,3.0239159124689701e-19,0.9758758712048039,0.75603692395069488,0.75603103219879908,3.8518598887744717e-32
5580,1.1363371054780858e-17,0,7.5960385147084976e-19,3.1926101498921404e-18,6.8496599405071968e-18,7.9405421404279696e-21,1.6164057760144531e-20,2.3477273332825129e-19,3.0261977968188613e-19,0.97589923429324321,0.75603103219879908,0.75602519142668922,4.0059342843254506e-32
5595,1.1363371054780858e-17,0,7.575663445067266e-19,3.1866139111072672e-18,6.8563557852724028e-18,7.9407305941023086e-21,1.6190431827818084e-20,2.3585649659092603e-19,3.0284735488165464e-19,0.9759223954065821,0.75602519142668922,0.75601940114835453,4.1600086798764294e-32
5610,1.1363371054780858e-17,0,7.5554196942828587e-19,3.1806492082440015e-18,6.8630065702016205e-18,7.9409174200059591e-21,1.6216717000443871e-20,2.3694135168476623e-19,3.0307432080177454e-19,0.97594535646554947,0.75601940114835453,0.75601366088361266,4.1600086798764294e-32
5625,1.1363371054780858e-17,0,7.5353062051710401e-19,3.1747158955880408e-18,6.8696125495451141e-18,7.9411026335802674e-21,1.6242913567442957e-20,2.3802729156369254e-19,3.033006813659243e-19,0.9759681193678994,0.75601366088361266,0.75600797015802512,4.0059342843254506e-32
5640,1.1363371054780858e-17,0,7.5153219322625194e-19,3.1688138275135595e-18,6.8761739762866987e-18,7.9412862500824024e-21,1.6269021817398201e-20,2.3911430922066495e-19,3.0352644046624282e-19,0.97599068598875072,0.75600797015802512,0.75600232850281235,4.1600086798764294e-32
5655,1.1363371054780858e-17,0,7.4954658416279129e-19,3.1629428584976146e-18,6.8826911021466783e-18,7.9414682845880458e-21,1.6295042038055284e-20,2.4020239768749088e-19,3.0375160196367893e-19,0.97601305818091733,0.75600232850281235,0.75599673545477064,4.0059342843254506e-32
5670,1.1363371054780858e-17,0,7.4757369107058197e-19,3.1571028431341655e-18,6.8891641775848642e-18,7.9416487519940474e-21,1.6320974516323719e-20,2.4129155003463182e-19,3.0397616968833384e-19,0.97603523777523427,0.75599673545477064,0.75599119055619146,3.6977854932234928e-32
5685,1.1363371054780858e-17,0,7.4561341281338634e-19,3.1512936361477418e-18,6.8955934518036538e-18,7.9418276670210255e-21,1.6346819538277875e-20,2.4238175937101299e-19,3.0420014743980098e-19,0.97605722658087801,0.75599119055619146,0.7559856933547805,3.543711097672514e-32
5700,1.1363371054780858e-17,0,7.4366564935827694e-19,3.1455150924067338e-18,6.9019791727511815e-18,7.9420050442159279e-21,1.6372577389158046e-20,2.4347301884383084e-19,3.0442353898749839e-19,0.97607902638568034,0.7559856933547805,0.75598024340357994,3.6977854932234928e-32
5715,1.1363371054780858e-17,0,7.4173030175933079e-19,3.1397670669363496e-18,6.9083215871245278e-18,7.9421808979545651e-21,1.6398248353371581e-20,2.4456532163836297e-19,3.0464634807099804e-19,0.9761006389564405,0.75598024340357994,0.7559748402608899,3.8518598887744717e-32
5730,1.1363371054780858e-17,0,7.3980727214161185e-19,3.1340494149312207e-18,6.914620940372997e-18,7.9423552424440469e-21,1.6423832714493968e-20,2.4565866097777782e-19,3.0486857840034873e-19,0.97612206603922391,0.7559748402608899,0.75596948349019399,3.6977854932234928e-32
5745,1.1363371054780858e-17,0,7.3789646368543044e-19,3.1283619917676675e-18,6.9208774767014609e-18,7.9425280917252451e-21,1.6449330755269977e-20,2.4675303012294461e-19,3.0509023365639567e-19,0.97614330935966565,0.75596948349019399,0.75596417266008364,3.543711097672514e-32
5760,1.1363371054780858e-17,0,7.3599778061088058e-19,3.1227046530156414e-18,6.9270914390737418e-18,7.9426994596751682e-21,1.6474742757614804e-20,2.4784842237224427e-19,3.0531131749109472e-19,0.97616437062326133,0.75596417266008364,0.75595890734418469,3.6977854932234928e-32
5775,1.1363371054780858e-17,0,7.3411112816264705e-19,3.1170772544503431e-18,6.9332630692160759e-18,7.9428693600093126e-21,1.6500069002615262e-20,2.4894483106138087e-19,3.0553183352782155e-19,0.97618525151565694,0.75595890734418469,0.75595368712108579,3.543711097672514e-32
5790,1.1363371054780858e-17,0,7.3223641259507504e-19,3.1114796520635217e-18,6.939392607620611e-18,7.9430378062839683e-21,1.6525309770530972e-20,2.5004224956319283e-19,3.0575178536167707e-19,0.97620595370293195,0.75595368712108579,0.75594851157426701,3.2355623065705562e-32
5805,1.1363371054780858e-17,0,7.3037354115750195e-19,3.1059117020744677e-18,6.9454802935489736e-18,7.9432048118984918e-21,1.6550465340795583e-20,2.5114067128746533e-19,3.0597117655978828e-19,0.9762264788318783,0.75594851157426701,0.75594338029203045,3.2355623065705562e-32
5820,1.1363371054780858e-17,0,7.2852242207984395e-19,3.1003732609407069e-18,6.9515263650358744e-18,7.9433703900975382e-21,1.6575535992017985e-20,2.522400896807438e-19,3.0619001066160423e-19,0.97624682853027511,0.75594338029203045,0.75593829286743119,3.0814879110195774e-32
5835,1.1363371054780858e-17,0,7.2668296455843037e-19,3.0948641853683862e-18,6.9575310588927811e-18,7.9435345539732434e-21,1.6600522001983585e-20,2.5334049822614673e-19,3.0640829117918856e-19,0.97626700440715686,0.75593829286743119,0.75593324889821079,3.2355623065705562e-32
5850,1.1363371054780858e-17,0,7.2485507874208711e-19,3.0893843323223847e-18,6.9634946107116086e-18,7.9436973164673874e-21,1.6625423647655595e-20,2.5444189044317961e-19,3.0662602159750656e-19,0.976287008053079,0.75593324889821079,0.7559282479867302,3.2355623065705562e-32
5865,1.1363371054780858e-17,0,7.2303867571845917e-19,3.0839335590361288e-18,6.969417254868491e-18,7.9438586903735301e-21,1.6650241205176264e-20,2.5554425988754992e-19,3.0684320537470992e-19,0.97630684104038068,0.7559282479867302,0.75592328973990486,3.0814879110195774e-32
5880,1.1363371054780858e-17,0,7.2123366750056836e-19,3.0785117230211353e-18,6.9752992245275837e-18,7.9440186883390698e-21,1.6674974949868262e-20,2.566476001509812e-19,3.0705984594241504e-19,0.97632650492343764,0.75592328973990486,0.75591837376914062,3.2355623065705562e-32
5895,1.1363371054780858e-17,0,7.1943996701360688e-19,3.0731186820762807e-18,6.9811407516448847e-18,7.9441773228673017e-21,1.6699625156235906e-20,2.5775190486103037e-19,3.0727594670598008e-19,0.97634600123891535,0.75591837376914062,0.75591349969027122,2.7733391199176196e-32
5910,1.1363371054780858e-17,0,7.1765748808195434e-19,3.0677542942968097e-18,6.9869420669721574e-18,7.9443346063194506e-21,1.6724192097966595e-20,2.5885716768090232e-19,3.0749151104477577e-19,0.97636533150601867,0.75591349969027122,0.75590866712349536,3.0814879110195774e-32
5925,1.1363371054780858e-17,0,7.1588614541642166e-19,3.0624184180830726e-18,6.9927034000608224e-18,7.9444905509166223e-21,1.6748676047932125e-20,2.5996338230926788e-19,3.0770654231245305e-19,0.97638449722673148,0.75590866712349536,0.75590387569331718,2.7733391199176196e-32
5940,1.1363371054780858e-17,0,7.1412585460171252e-19,3.0571109121490173e-18,6.9984249792659341e-18,7.9446451687417808e-21,1.6773077278190038e-20,2.6107054248008026e-19,3.079210438372079e-19,0.97640349988606023,0.75590387569331718,0.755899125028485,2.6192647243666408e-32
5955,1.1363371054780858e-17,0,7.1237653208410053e-19,3.0518316355304287e-18,7.0041070317501947e-18,7.944798471741653e-21,1.6797396059985054e-20,2.621786419623942e-19,3.0813501892204112e-19,0.97642234095226765,0.755899125028485,0.75589441476193309,2.6192647243666408e-32
5970,1.1363371054780858e-17,0,7.1063809515931747e-19,3.0465804475929182e-18,7.0097497834879733e-18,7.9449504717286219e-21,1.6821632663750439e-20,2.6328767456018382e-19,3.0834847084501495e-19,0.97644102187710524,0.75589441476193309,0.75588974453072366,2.7733391199176196e-32
5985,1.1363371054780858e-17,0,7.0891046196064982e-19,3.0413572080396918e-18,7.015353459269382e-18,7.9451011803825648e-21,1.6845787359109437e-20,2.6439763411216228e-19,3.085614028595066e-19,0.97645954409603986,0.75588974453072366,0.75588511397599001,2.4651903288156619e-32
6000,1.1363371054780858e-17,0,7.0719355144723697e-19,3.0361617769190624e-18,7.0209182827043921e-18,7.9452506092526984e-21,1.6869860414876684e-20,2.6550851449160117e-19,3.0877381819445718e-19,0.97647790902847964,0.75588511397599001,0.75588052274288009,2.1570415377137042e-32
6015,1.1363371054780858e-17,0,7.0548728339257156e-19,3.0309940146317448e-18,7.0264444762269699e-18,7.9453987697593613e-21,1.6893852099059689e-20,2.6662030960615173e-19,3.089857200546182e-19,0.97649611807799397,0.75588052274288009,0.75587597048050148,1.6948183510607676e-32
6030,1.1363371054780858e-17,0,7.0379157837319349e-19,3.0258537819379274e-18,7.031932261099244e-18,7.9455456731957869e-21,1.6917762678860241e-20,2.6773301339766526e-19,3.0919711162079369e-19,0.97651417263253026,0.75587597048050148,0.75587145684186741,2.1570415377137042e-32
6045,1.1363371054780858e-17,0,7.0210635775757751e-19,3.0207409399641257e-18,7.0373818574156751e-18,7.9456913307298307e-21,1.694159242067593e-20,2.6884661984201538e-19,3.0940799605007981e-19,0.97653207406462761,0.75587145684186741,0.75586698148384313,2.0029671421627253e-32
6060,1.1363371054780858e-17,0,7.0043154369520938e-19,3.0156553502098123e-18,7.0427934841073279e-18,7.9458357534056777e-21,1.6965341590101579e-20,2.699611229489203e-19,3.0961837647610075e-19,0.97654982373162524,0.75586698148384313,0.75586254406709363,2.0029671421627253e-32
6075,1.1363371054780858e-17,0,6.9876705910584756e-19,3.0105968745538516e-18,7.0481673589460931e-18,7.945978952145546e-21,1.6989010451930787e-20,2.7107651676176573e-19,3.098282560092416e-19,0.97656742297587307,0.75586254406709363,0.75585814425603171,1.8488927466117464e-32
6090,1.1363371054780858e-17,0,6.971128276689668e-19,3.0055653752607156e-18,7.0535036985489845e-18,7.9461209377513115e-21,1.7012599270157407e-20,2.721927953574287e-19,3.1003763773687698e-19,0.97658487312493047,0.75585814425603171,0.75585378171876738,2.311115933264683e-32
6105,1.1363371054780858e-17,0,6.9546877381337883e-19,3.0005607149865077e-18,7.0588027183824067e-18,7.9462617209061573e-21,1.7036108307977077e-20,2.7330995284610199e-19,3.1024652472359851e-19,0.97660217549176964,0.75585378171876738,0.75584945612705756,2.0029671421627253e-32
6120,1.1363371054780858e-17,0,6.9383482270703126e-19,2.9955827567847881e-18,7.0640646327665403e-18,7.9464013121761564e-21,1.705953782778874e-20,2.7442798337111864e-19,3.1045492001143738e-19,0.9766193313749697,0.75584945612705756,0.7558451671562576,2.1570415377137042e-32
6135,1.1363371054780858e-17,0,6.9221090024697467e-19,2.9906313641122046e-18,7.0692896548796326e-18,7.9465397220118561e-21,1.7082888091196206e-20,2.7554688110877831e-19,3.1066282662008492e-19,0.97663634205891148,0.7558451671562576,0.75584091448527213,2.4651903288156619e-32
6150,1.1363371054780858e-17,0,6.9059693304950259e-19,2.9857064008339424e-18,7.0744779967624027e-18,7.9466769607498322e-21,1.7106159359009687e-20,2.7666664026817263e-19,3.1087024754710953e-19,0.976653208813969,0.75584091448527213,0.75583669779650775,3.2355623065705562e-32
6165,1.1363371054780858e-17,0,6.8899284844045315e-19,2.9808077312289762e-18,7.0796298693224112e-18,7.9468130386142103e-21,1.7129351891247364e-20,2.7778725509101337e-19,3.1107718576817114e-19,0.97666993289669568,0.75583669779650775,0.75583251677582608,2.9274135154685985e-32
6180,1.1363371054780858e-17,0,6.8739857444567632e-19,2.9759352199951645e-18,7.0847454823384989e-18,7.9469479657181659e-21,1.7152465947136978e-20,2.7890871985145897e-19,3.1128364423723294e-19,0.97668651555000907,0.75583251677582608,0.75582837111249779,2.9274135154685985e-32
6195,1.1363371054780858e-17,0,6.8581403978165923e-19,2.9710887322541483e-18,7.0898250444651856e-18,7.9470817520654095e-21,1.7175501785117377e-20,2.8003102885594363e-19,3.1148962588676945e-19,0.9767029580033737,0.75582837111249779,0.75582426049915652,3.2355623065705562e-32
6210,1.1363371054780858e-17,0,6.8423917384630881e-19,2.9662681335560826e-18,7.0948687632371339e-18,7.9472144075516219e-21,1.7198459662840156e-20,2.8115417644300563e-19,3.1169513362797242e-19,0.97671926147297694,0.75582426049915652,0.75582018463175582,3.543711097672514e-32
6225,1.1363371054780858e-17,0,6.8267390670988772e-19,2.9614732898842084e-18,7.0998768450735891e-18,7.9473459419659108e-21,1.7221339837171209e-20,2.8227815698311742e-19,3.1190017035095462e-19,0.9767354271619082,0.75582018463175582,0.75581614320952295,3.543711097672514e-32
6240,1.1363371054780858e-17,0,6.8111816910610173e-19,2.9567040676592527e-18,7.1048494952828897e-18,7.9474763649921951e-21,1.7244142564192397e-20,2.8340296487851615e-19,3.1210473892494934e-19,0.97675145626032922,0.75581614320952295,0.75581213593491769,3.6977854932234928e-32
6255,1.1363371054780858e-17,0,6.7957189242333555e-19,2.9519603337436675e-18,7.1097869180669411e-18,7.9476056862106144e-21,1.7266868099203109e-20,2.8452859456303355e-19,3.1230884219850814e-19,0.97676734994564707,0.75581213593491769,0.75580816251358818,4.0059342843254506e-32
6270,1.1363371054780858e-17,0,6.7803500869603374e-19,2.9472419554457142e-18,7.1146893165257054e-18,7.9477339150988732e-21,1.7289516696721946e-20,2.8565504050192883e-19,3.1251248299969672e-19,0.97678310938267965,0.75580816251358818,0.75580422265433012,4.3140830754274083e-32
6285,1.1363371054780858e-17,0,6.7650745059622314e-19,2.9425488005233929e-18,7.1195568926617516e-18,7.9478610610336037e-21,1.7312088610488318e-20,2.8678229719172076e-19,3.1271566413628657e-19,0.9767987357238227,0.75580422265433012,0.7558003160690443,3.8518598887744717e-32
6300,1.1363371054780858e-17,0,6.7498915142517833e-19,2.9378807371882261e-18,7.1243898473847697e-18,7.9479871332916673e-21,1.7334584093464109e-20,2.8791035916002004e-19,3.1291838839594533e-19,0.9768142301092102,0.7558003160690443,0.75579644247269751,3.6977854932234928e-32
6315,1.1363371054780858e-17,0,6.7348004510522244e-19,2.9332376341088877e-18,7.1291883805161082e-18,7.9481121410514775e-21,1.7357003397835337e-20,2.8903922096536407e-19,3.1312065854642467e-19,0.97682959366687694,0.75579644247269751,0.75579260158328077,3.6977854932234928e-32
6330,1.1363371054780858e-17,0,6.7198006617166273e-19,2.928619360414691e-18,7.1339526907933377e-18,7.9482360933942648e-21,1.7379346775013795e-20,2.9016887719705041e-19,3.1332247733574505e-19,0.97684482751291357,0.75579260158328077,0.75578879312177161,3.543711097672514e-32
6345,1.1363371054780858e-17,0,6.704891497648618e-19,2.924025785698939e-18,7.1386829758747995e-18,7.9483589993053561e-21,1.7401614475638744e-20,2.9129932247497247e-19,3.1352384749237835e-19,0.9768599327516243,0.75578879312177161,0.75578501681209387,3.6977854932234928e-32
6360,1.1363371054780858e-17,0,6.6900723162243499e-19,2.9194567800221348e-18,7.1433794323441904e-18,7.9484808676753887e-21,1.7423806749578582e-20,2.9243055144945496e-19,3.1372477172542844e-19,0.97687491047567598,0.75578501681209387,0.75578127238108106,3.8518598887744717e-32
6375,1.1363371054780858e-17,0,6.6753424807157872e-19,2.914912213915062e-18,7.1480422557151237e-18,7.9486017073015712e-21,1.7445923845932503e-20,2.9356255880109063e-19,3.1392525272480898e-19,0.97688976176625264,0.75578127238108106,0.75577755955843684,4.1600086798764294e-32
6390,1.1363371054780858e-17,0,6.6607013602152171e-19,2.9103919583817278e-18,7.1526716404357298e-18,7.9487215268888618e-21,1.7467966013032216e-20,2.9469533924057772e-19,3.1412529316141945e-19,0.97690448769320093,0.75577755955843684,0.75577387807669982,4.0059342843254506e-32
6405,1.1363371054780858e-17,0,6.6461483295610294e-19,2.9058958849021807e-18,7.1572677798932442e-18,7.9488403350511611e-21,1.748993349844363e-20,2.9582888750855711e-19,3.143248956873185e-19,0.97691908931517657,0.75577387807669982,0.75577022767120583,4.1600086798764294e-32
6420,1.1363371054780858e-17,0,6.6316827692646657e-19,2.9014238654352028e-18,7.1618308664186024e-18,7.9489581403124786e-21,1.7511826548968546e-20,2.9696319837545113e-19,3.1452406293589495e-19,0.97693356767978723,0.75577022767120583,0.75576660808005314,4.1600086798764294e-32
6435,1.1363371054780858e-17,0,6.6173040654387779e-19,2.8969757724208821e-18,7.1663610912910435e-18,7.949074951108088e-21,1.7533645410646401e-20,2.9809826664130344e-19,3.1472279752203732e-19,0.97694792382373508,0.75576660808005314,0.75576301904406629,4.0059342843254506e-32
6450,1.1363371054780858e-17,0,6.6030116097265489e-19,2.8925514787830587e-18,7.170858644742726e-18,7.9491907757856604e-21,1.7555390328755945e-20,2.9923408713561815e-19,3.1492110204230054e-19,0.976962158772956,0.75576301904406629,0.755759460306761,4.1600086798764294e-32
6465,1.1363371054780858e-17,0,6.588804799232159e-19,2.8881508579316628e-18,7.1753237159633307e-18,7.949305622606364e-21,1.7577061547816971e-20,3.0037065471720097e-19,3.151189790750712e-19,0.97697627354275429,0.755759460306761,0.75575593161431143,4.622231866529366e-32
6480,1.1363371054780858e-17,0,6.5746830364523705e-19,2.8837737837649286e-18,7.1797564931046698e-18,7.9494194997459939e-21,1.7598659311592053e-20,3.0150796427400053e-19,3.1531643118072965e-19,0.97699026913794196,0.75575593161431143,0.75575243271551451,4.622231866529366e-32
6495,1.1363371054780858e-17,0,6.5606457292092217e-19,2.8794201306715076e-18,7.1841571632853281e-18,7.9495324152960169e-21,1.7620183863088281e-20,3.0264601072295014e-19,3.1551346090181188e-19,0.97700414655296708,0.75575243271551451,0.75574896336175823,4.4681574709783872e-32
6510,1.1363371054780858e-17,0,6.5466922905837943e-19,2.8750897735324606e-18,7.1885259125952651e-18,7.9496443772646603e-21,1.764163544455896e-20,3.0378478900981103e-19,3.1571007076316683e-19,0.97701790677204747,0.75574896336175823,0.75574552330698808,4.9303806576313238e-32
6525,1.1363371054780858e-17,0,6.5328221388510567e-19,2.8707825877231571e-18,7.1928629261004295e-18,7.9497553935779699e-21,1.7663014297505406e-20,3.0492429410901535e-19,3.1590626327211425e-19,0.97703155076930071,0.75574552330698808,0.75574211230767485,4.622231866529366e-32
6540,1.1363371054780858e-17,0,6.5190346974157482e-19,2.8664984491150559e-18,7.1971683878474014e-18,7.9498654720808182e-21,1.7684320662678646e-20,3.0606452102351064e-19,3.1610204091859912e-19,0.9770450795088681,0.75574211230767485,0.75573873012278292,4.3140830754274083e-32
6555,1.1363371054780858e-17,0,6.5053293947492775e-19,2.8622372340773934e-18,7.2014424808680116e-18,7.9499746205379332e-21,1.7705554780081198e-20,3.0720546478460458e-19,3.162974061753451e-19,0.97705849394504118,0.75573873012278292,0.75573537651373968,4.3140830754274083e-32
6570,1.1363371054780858e-17,0,6.4917056643276407e-19,2.8579988194787744e-18,7.2056853871839422e-18,7.9500828466349159e-21,1.7726716888968796e-20,3.0834712045181055e-19,3.1649236149800488e-19,0.97707179502238684,0.75573537651373968,0.75573205124440324,4.1600086798764294e-32
6585,1.1363371054780858e-17,0,6.4781629445703227e-19,2.8537830826886539e-18,7.2098972878113795e-18,7.9501901579792047e-21,1.7747807227852188e-20,3.0948948311269354e-19,3.1668690932530977e-19,0.97708498367586538,0.75573205124440324,0.75572875408103368,4.3140830754274083e-32
6600,1.1363371054780858e-17,0,6.4647006787801807e-19,2.8495899015787399e-18,7.214078362765609e-18,7.9502965621010743e-21,1.7768826034498864e-20,3.1063254788271779e-19,3.1688105207921709e-19,0.97709806083095407,0.75572875408103368,0.75572548479226143,4.3140830754274083e-32
6615,1.1363371054780858e-17,0,6.4513183150842503e-19,2.8454191545242923e-18,7.218228791065649e-18,7.9504020664545673e-21,1.7789773545934855e-20,3.1177630990509411e-19,3.1707479216505573e-19,0.97711102740376077,0.75572548479226143,0.75572224314905978,4.622231866529366e-32
6630,1.1363371054780858e-17,0,6.4380153063755097e-19,2.8412707204053332e-18,7.2223487507388585e-18,7.9505066784184643e-21,1.7810649998446467e-20,3.1292076435062774e-19,3.1726813197167029e-19,0.97712388430114372,0.75572224314905978,0.7557190289247141,4.9303806576313238e-32
6645,1.1363371054780858e-17,0,6.4247911102555828e-19,2.8371444786077739e-18,7.2264384188255604e-18,7.9506104052972054e-21,1.7831455627582095e-20,3.1406590641756815e-19,3.1746107387156249e-19,0.97713663242082482,0.7557190289247141,0.75571584189479379,4.4681574709783872e-32
6660,1.1363371054780858e-17,0,6.4116451889782955e-19,2.8330403090244544e-18,7.230497971383645e-18,7.9507132543217952e-21,1.7852190668153973e-20,3.1521173133145868e-19,3.1765362022103236e-19,0.97714927265150053,0.75571584189479379,0.75571268183712492,3.8518598887744717e-32
6675,1.1363371054780858e-17,0,6.3985770093941582e-19,2.8289580920560927e-18,7.234527583493193e-18,7.9508152326507289e-21,1.7872855354239972e-20,3.1635823434498655e-19,3.1784577336031647e-19,0.97716180587295576,0.75571268183712492,0.75570954853176109,3.543711097672514e-32
6690,1.1363371054780858e-17,0,6.385586042895703e-19,2.8248977086121605e-18,7.2385274292610447e-18,7.9509163473708764e-21,1.7893449919185365e-20,3.1750541073783412e-19,3.180375356137254e-19,0.97717423295617289,0.75570954853176109,0.7557064417609568,3.2355623065705562e-32
6705,1.1363371054780858e-17,0,6.372671765363681e-19,2.8208590401116705e-18,7.2424976818254347e-18,7.9510166054983388e-21,1.7913974595604656e-20,3.186532558165313e-19,3.1822890928977845e-19,0.97718655476343641,0.7557064417609568,0.75570336130914084,2.7733391199176196e-32
6720,1.1363371054780858e-17,0,6.359833657114096e-19,2.8168419684838969e-18,7.2464385133605727e-18,7.9511160139793421e-21,1.7934429615383294e-20,3.1980176491430716e-19,3.1841989668133849e-19,0.97719877214844331,0.75570336130914084,0.75570030696288915,2.9274135154685985e-32
6735,1.1363371054780858e-17,0,6.34707120284605e-19,2.8128463761690056e-18,7.2503500950812163e-18,7.9512145796910796e-21,1.795481520967955e-20,3.20950933390944e-19,3.186105000657437e-19,0.97721088595640648,0.75570030696288915,0.75569727851089841,2.6192647243666408e-32
6750,1.1363371054780858e-17,0,6.3343838915904356e-19,2.8088721461186235e-18,7.2542325972472747e-18,7.9513123094425428e-21,1.7975131608926276e-20,3.2210075663263067e-19,3.1880072170493802e-19,0.97722289702415643,0.75569727851089841,0.75569427574396086,1.8488927466117464e-32
6765,1.1363371054780858e-17,0,6.3217712166593696e-19,2.8049191617963238e-18,7.2580861891683927e-18,7.9514092099753562e-21,1.7995379042832685e-20,3.2325123005181752e-19,3.1899056384560096e-19,0.97723480618024461,0.75569427574396086,0.75569129845493888,2.1570415377137042e-32
6780,1.1363371054780858e-17,0,6.309232675596462e-19,2.8009873071780471e-18,7.2619110392084892e-18,7.9515052879646018e-21,1.8015557740386179e-20,3.2440234908707162e-19,3.1918002871927483e-19,0.97724661424504411,0.75569129845493888,0.75568834643873894,2.1570415377137042e-32
6795,1.1363371054780858e-17,0,6.2967677701278043e-19,2.7970764667524544e-18,7.2657073147903507e-18,7.9516005500196063e-21,1.8035667929854133e-20,3.2555410920293276e-19,3.1936911854249134e-19,0.97725832203084673,0.75568834643873894,0.75568541949228829,2.4651903288156619e-32
6810,1.1363371054780858e-17,0,6.2843760061137575e-19,2.7931865255212041e-18,7.2694751824001654e-18,7.9516950026847444e-21,1.8055709838785722e-20,3.2670650588977016e-19,3.1955783551689561e-19,0.9772699303419613,0.75568541949228829,0.75568251741450965,2.311115933264683e-32
6825,1.1363371054780858e-17,0,6.2720568935014339e-19,2.7893173689991783e-18,7.2732148075920947e-18,7.951788652440212e-21,1.8075683694013728e-20,3.2785953466363944e-19,3.1974618182937074e-19,0.97728143997480965,0.75568251741450965,0.75567964000629761,2.1570415377137042e-32
6840,1.1363371054780858e-17,0,6.2598099462779417e-19,2.7854688832146261e-18,7.2769263549927997e-18,7.9518815057028106e-21,1.8095589721656307e-20,3.2901319106614169e-19,3.1993415965215834e-19,0.97729285171802172,0.75567964000629761,0.75567678707049457,2.0029671421627253e-32
6855,1.1363371054780858e-17,0,6.2476346824243196e-19,2.7816409547092636e-18,7.28060998830597e-18,7.9519735688266931e-21,1.8115428147118816e-20,3.3016747066428137e-19,3.2012177114297979e-19,0.97730416635252837,0.75567678707049457,0.75567395841186791,1.2325951644078309e-32
6870,1.1363371054780858e-17,0,6.2355306238701878e-19,2.7778334705382964e-18,7.2842658703168773e-18,7.9520648481041133e-21,1.8135199195095657e-20,3.3132236905032571e-19,3.2030901844515563e-19,0.9773153846516528,0.75567395841186791,0.75567115383708683,1.5407439555097887e-32
6885,1.1363371054780858e-17,0,6.2234972964490808e-19,2.7740463182703922e-18,7.2878941628968474e-18,7.9521553497661558e-21,1.8154903089572088e-20,3.3247788184166533e-19,3.2049590368772207e-19,0.97732650738120042,0.75567115383708683,0.75566837315469992,1.5407439555097887e-32
6900,1.1363371054780858e-17,0,6.2115342298544528e-19,2.7702793859875937e-18,7.2914950270077988e-18,7.9522450799834927e-21,1.8174540053825965e-20,3.3363400468067471e-19,3.2068242898554938e-19,0.97733753529955203,0.75566837315469992,0.75566561617511196,1.2325951644078309e-32
6915,1.1363371054780858e-17,0,6.1996409575963599e-19,2.7665325622851786e-18,7.2950686227067327e-18,7.9523340448670695e-21,1.8194110310429667e-20,3.3479073323457393e-19,3.2086859643945537e-19,0.97734846915774787,0.75566561617511196,0.75566288271056303,1.5407439555097887e-32
6930,1.1363371054780858e-17,0,6.1878170169587855e-19,2.7628057362714513e-18,7.2986151091502132e-18,7.9524222504688171e-21,1.8213614081251806e-20,3.3594806319529077e-19,3.2105440813632015e-19,0.9773593096995753,0.75566288271056303,0.7556601725751062,1.5407439555097887e-32
6945,1.1363371054780858e-17,0,6.1760619489576045e-19,2.7590987975674972e-18,7.3021346445988525e-18,7.9525097027823665e-21,1.8233051587459134e-20,3.371059902793232e-19,3.2123986614919804e-19,0.97737005766165652,0.7556601725751062,0.7556574855845859,1.3866695599588098e-32
6960,1.1363371054780858e-17,0,6.1643752982991851e-19,2.7554116363068761e-18,7.3056273864217809e-18,7.952596407743706e-21,1.8252423049518282e-20,3.3826451022760336e-19,3.214249725374299e-19,0.97738071377352953,0.7556574855845859,0.75565482155661767,1.2325951644078309e-32
6975,1.1363371054780858e-17,0,6.1527566133396057e-19,2.7517441431352697e-18,7.3090934911010989e-18,7.9526823712318889e-21,1.8271728687197647e-20,3.3942361880536153e-19,3.2160972934675179e-19,0.97739127875773479,0.75565482155661767,0.75565218031056625,1.3866695599588098e-32
6990,1.1363371054780858e-17,0,6.1412054460444774e-19,2.748096209210066e-18,7.3125331142363246e-18,7.9527675990696844e-21,1.829096871956916e-20,3.4058331180199099e-19,3.2179413860940568e-19,0.97740175332989554,0.75565218031056625,0.75564956166752606,1.3866695599588098e-32
7005,1.1363371054780858e-17,0,6.1297213519493767e-19,2.7444677261999208e-18,7.3159464105488242e-18,7.9528520970242371e-21,1.8310143365010164e-20,3.4174358503091371e-19,3.2197820234424541e-19,0.97741213819879857,0.75564956166752606,0.75564696545030041,1.6948183510607676e-32
7020,1.1363371054780858e-17,0,6.1183038901208308e-19,2.7408585862842419e-18,7.3193335338862434e-18,7.9529358708077047e-21,1.8329252841205174e-20,3.4290443432944642e-19,3.2216192255684419e-19,0.97742243406647289,0.75564696545030041,0.75564439148338181,1.2325951644078309e-32
7035,1.1363371054780858e-17,0,6.106952623117939e-19,2.7372686821526561e-18,7.3226946372269281e-18,7.9530189260779368e-21,1.8348297365147729e-20,3.4406585555866769e-19,3.2234530123959966e-19,0.97743264162827281,0.75564439148338181,0.75564183959293185,1.2325951644078309e-32
7050,1.1363371054780858e-17,0,6.0956671169544952e-19,2.733697907004407e-18,7.3260298726843073e-18,7.953101268439057e-21,1.8367277153142214e-20,3.4522784460328532e-19,3.2252834037183837e-19,0.97744276157294985,0.75564183959293185,0.75563930960676251,1.2325951644078309e-32
7065,1.1363371054780858e-17,0,6.0844469410616997e-19,2.7301461545477299e-18,7.3293393915112984e-18,7.9531829034421236e-21,1.8386192420805677e-20,3.4639039737150451e-19,3.2271104191991842e-19,0.97745279458273371,0.75563930960676251,0.75563680135431655,1.2325951644078309e-32
7080,1.1363371054780858e-17,0,6.0732916682514305e-19,2.7266133189991711e-18,7.3326233441046707e-18,7.953263836585719e-21,1.8405043383069645e-20,3.4755350979489693e-19,3.2289340783733169e-19,0.97746274133340483,0.75563680135431655,0.75563431466664877,1.0785207688568521e-32
7095,1.1363371054780858e-17,0,6.0622008746800167e-19,2.7230992950828693e-18,7.3358818800094222e-18,7.9533440733165705e-21,1.842383025418196e-20,3.4871717782826997e-19,3.2307544006480476e-19,0.97747260249437029,0.75563431466664877,0.75563184937640737,7.7037197775489434e-33
7110,1.1363371054780858e-17,0,6.0511741398125738e-19,2.7196039780298002e-18,7.3391151479231326e-18,7.9534236190301436e-21,1.8442553247708599e-20,3.498813974495373e-19,3.2325714053039851e-19,0.97748237872873744,0.75563184937640737,0.75562940531781564,6.1629758220391547e-33
7125,1.1363371054780858e-17,0,6.0402110463878283e-19,2.7161272635769802e-18,7.3423232957002989e-18,7.9535024790712218e-21,1.8461212576535469e-20,3.5104616465958986e-19,3.234385111496069e-19,0.97749207069338473,0.75562940531781564,0.75562698232665382,7.7037197775489434e-33
7140,1.1363371054780858e-17,0,6.0293111803834797e-19,2.7126690479666337e-18,7.3455064703566601e-18,7.9535806587344952e-21,1.8479808452870279e-20,3.5221147548216653e-19,3.2361955382545499e-19,0.97750167903903373,0.75562698232665382,0.75562458024024159,9.2444637330587321e-33
7155,1.1363371054780858e-17,0,6.0184741309820365e-19,2.7092292279453193e-18,7.3486648180735114e-18,7.9536581632651346e-21,1.8498341088244304e-20,3.533773259637271e-19,3.2380027044859497e-19,0.97751120441032036,0.75562458024024159,0.75562219889741988,9.2444637330587321e-33
7170,1.1363371054780858e-17,0,6.0076994905371657e-19,2.7058077007630262e-18,7.3517984842020215e-18,7.9537349978593606e-21,1.8516810693514253e-20,3.5454371217332509e-19,3.2398066289740241e-19,0.97752064744586464,0.75562219889741988,0.75561983813853384,6.1629758220391547e-33
7185,1.1363371054780858e-17,0,5.9969868545405153e-19,2.7024043641722292e-18,7.3549076132675032e-18,7.9538111676649854e-21,1.8535217478864063e-20,3.5571063020248064e-19,3.2416073303807067e-19,0.97753000877833673,0.75561983813853384,0.75561749780541576,6.1629758220391547e-33
7200,1.1363371054780858e-17,0,5.9863358215890133e-19,2.699019116426921e-18,7.3579923489736939e-18,7.9538866777819768e-21,1.8553561653806729e-20,3.5687807616505519e-19,3.2434048272470432e-19,0.97753928903452703,0.75561749780541576,0.75561517774136822,7.7037197775489434e-33
7215,1.1363371054780858e-17,0,5.9757459933526351e-19,2.6956518562815965e-18,7.3610528342070201e-18,7.953961533262991e-21,1.8571843427186119e-20,3.5804604619712584e-19,3.2451991379941215e-19,0.97754848883541123,0.75561517774136822,0.75561287779114716,9.2444637330587321e-33
7230,1.1363371054780858e-17,0,5.9652169745426278e-19,2.6923024829902209e-18,7.3640892110408302e-18,7.9540357391139201e-21,1.8590063007178801e-20,3.592145364568614e-19,3.2469902809239875e-19,0.97755760879621756,0.75561287779114716,0.75561059780094564,7.7037197775489434e-33
7245,1.1363371054780858e-17,0,5.9547483728801906e-19,2.68897089630515e-18,7.3671016207396558e-18,7.9541093002944114e-21,1.860822060129584e-20,3.6038354312439746e-19,3.2487782742205533e-19,0.97756664952649086,0.75561059780094564,0.75560833761837731,9.2444637330587321e-33
7260,1.1363371054780858e-17,0,5.9443397990655878e-19,2.6856569964760413e-18,7.3700902037634059e-18,7.9541822217183788e-21,1.8626316416384622e-20,3.6155306240171417e-19,3.2505631359504906e-19,0.97757561163015516,0.75560833761837731,0.75560609709246118,1.3866695599588098e-32
7275,1.1363371054780858e-17,0,5.9339908667477112e-19,2.6823606842487162e-18,7.3730550997715698e-18,7.9542545082545402e-21,1.8644350658630705e-20,3.6272309051251292e-19,3.2523448840641314e-19,0.97758449570558004,0.75560609709246118,0.75560387607360502,1.2325951644078309e-32
7290,1.1363371054780858e-17,0,5.9237011924940639e-19,2.6790818608640055e-18,7.3759964476274421e-18,7.9543261647269016e-21,1.8662323533559576e-20,3.6389362370209441e-19,3.2541235363963366e-19,0.97759330234563968,0.75560387607360502,0.75560167441359005,1.0785207688568521e-32
7305,1.1363371054780858e-17,0,5.9134703957611639e-19,2.6758204280565642e-18,7.378914385402261e-18,7.9543971959152691e-21,1.8680235246038518e-20,3.6506465823723726e-19,3.2558991106673716e-19,0.97760203213777641,0.75560167441359005,0.75559949196555587,1.2325951644078309e-32
7320,1.1363371054780858e-17,0,5.9032980988653554e-19,2.6725762880536609e-18,7.3818090503793896e-18,7.9544676065557392e-21,1.8698086000278385e-20,3.6623619040607722e-19,3.257671624483768e-19,0.9776106856640604,0.75559949196555587,0.75559732858398487,1.6948183510607676e-32
7335,1.1363371054780858e-17,0,5.8931839269540485e-19,2.6693493435739356e-18,7.3846805790584504e-18,7.9545374013411787e-21,1.8715875999835435e-20,3.6740821651798735e-19,3.2594410953391792e-19,0.97761926350124873,0.75559732858398487,0.75559518412468785,1.5407439555097887e-32
7350,1.1363371054780858e-17,0,5.8831275079773243e-19,2.6661394978261435e-18,7.3875291071594846e-18,7.9546065849217275e-21,1.8733605447613128e-20,3.6858073290345803e-19,3.2612075406152252e-19,0.97762776622084757,0.75559518412468785,0.75559305844478808,1.6948183510607676e-32
7365,1.1363371054780858e-17,0,5.8731284726599743e-19,2.6629466545078653e-18,7.3903547696270308e-18,7.954675161905251e-21,1.8751274545863936e-20,3.6975373591397858e-19,3.2629709775823223e-19,0.97763619438916749,0.75559305844478808,0.75559095140270816,1.5407439555097887e-32
7380,1.1363371054780858e-17,0,5.8631864544738894e-19,2.6597707178041975e-18,7.3931577006342697e-18,7.9547431368578028e-21,1.876888349619116e-20,3.7092722192191878e-19,3.2647314234005246e-19,0.97764454856738014,0.75559095140270816,0.75558886285815496,1.8488927466117464e-32
7395,1.1363371054780858e-17,0,5.8533010896108471e-19,2.6566115923864176e-18,7.3959380335870789e-18,7.9548105143041145e-21,1.8786432499550733e-20,3.7210118732041062e-19,3.266488895120332e-19,0.97765282931157893,0.75558886285815496,0.75558679267210527,2.1570415377137042e-32
7410,1.1363371054780858e-17,0,5.8434720169556742e-19,2.6534691834106345e-18,7.3986959011281148e-18,7.9548772987280158e-21,1.8803921756253031e-20,3.7327562852323252e-19,3.2682434096835047e-19,0.97766103717283015,0.75558679267210527,0.75558474070679249,2.1570415377137042e-32
7425,1.1363371054780858e-17,0,5.833698878059759e-19,2.6503433965164072e-18,7.4014314351408785e-18,7.9549434945729176e-21,1.8821351465964656e-20,3.7445054196469202e-19,3.269994983923873e-19,0.97766917269723275,0.75558474070679249,0.75558270682569184,2.1570415377137042e-32
7440,1.1363371054780858e-17,0,5.8239813171149447e-19,2.6472341378253508e-18,7.4041447667537569e-18,7.9550091062422328e-21,1.8838721827710248e-20,3.7562592409951026e-19,3.2717436345681285e-19,0.97767723642596971,0.75558270682569184,0.75558069089350754,2.1570415377137042e-32
7455,1.1363371054780858e-17,0,5.8143189809277622e-19,2.6441413139397193e-18,7.4068360263440399e-18,7.9550741380998194e-21,1.8856033039874289e-20,3.7680177140270684e-19,3.2734893782366117e-19,0.97768522889536302,0.75558069089350754,0.75557869277615919,2.0029671421627253e-32
7470,1.1363371054780858e-17,0,5.8047115188940262e-19,2.6410648319409702e-18,7.4095053435419381e-18,7.9551385944704177e-21,1.8873285300202916e-20,3.7797808036948494e-19,3.2752322314440925e-19,0.97769315063692674,0.75557869277615919,0.75557671234076829,2.1570415377137042e-32
7485,1.1363371054780858e-17,0,5.7951585829737596e-19,2.6380045993883088e-18,7.4121528472345754e-18,7.9552024796400766e-21,1.8890478805805669e-20,3.7915484751511809e-19,3.2769722106005504e-19,0.97770100217741984,0.75557671234076829,0.75557474945564507,2.0029671421627253e-32
7500,1.1363371054780858e-17,0,5.7856598276664653e-19,2.6349605243172177e-18,7.4147786655699761e-18,7.9552657978565578e-21,1.8907613753157347e-20,3.8033206937483579e-19,3.2787093320119296e-19,0.97770878403889583,0.75557474945564507,0.75557280399027604,2.6192647243666408e-32
7515,1.1363371054780858e-17,0,5.7762149099867184e-19,2.6319325152379663e-18,7.4173829259610123e-18,7.9553285533297787e-21,1.8924690338099765e-20,3.8150974250371179e-19,3.2804436118809038e-19,0.97771649673875693,0.75557280399027604,0.75557087581531079,2.311115933264683e-32
7530,1.1363371054780858e-17,0,5.7668234894400973e-19,2.6289204811340998e-18,7.4199657550893777e-18,7.9553907502321989e-21,1.8941708755843542e-20,3.8268786347655124e-19,3.2821750663076258e-19,0.97772414078980208,0.75557087581531079,0.75556896480254943,1.8488927466117464e-32
7545,1.1363371054780858e-17,0,5.7574852279994259e-19,2.625924331460928e-18,7.4225272789095133e-18,7.9554523926992353e-21,1.89586692009699e-20,3.8386642888777939e-19,3.2839037112904707e-19,0.97773171670027736,0.75556896480254943,0.75556707082493069,2.1570415377137042e-32
7560,1.1363371054780858e-17,0,5.7481997900813299e-19,2.6229439761439755e-18,7.4250676226524991e-18,7.9555134848296655e-21,1.8975571867432473e-20,3.8504543535133037e-19,3.28562956272677e-19,0.97773922497392585,0.75556707082493069,0.75556519375651854,1.8488927466117464e-32
7575,1.1363371054780858e-17,0,5.7389668425231249e-19,2.6199793255774357e-18,7.4275869108299912e-18,7.9555740306860146e-21,1.8992416948559043e-20,3.8622487950053717e-19,3.2873526364135473e-19,0.97774666611003547,0.75556519375651854,0.75556333347249116,1.8488927466117464e-32
7590,1.1363371054780858e-17,0,5.7297860545599726e-19,2.6170302906225987e-18,7.43008526723809e-18,7.9556340342949357e-21,1.9009204637053343e-20,3.874047579880218e-19,3.2890729480482365e-19,0.97775404060348503,0.75556333347249116,0.75556148984912874,2.0029671421627253e-32
7605,1.1363371054780858e-17,0,5.7206570978023623e-19,2.6140967826062715e-18,7.432562814961205e-18,7.9556934996476206e-21,1.9025935124996874e-20,3.8858506748558597e-19,3.2907905132293968e-19,0.97776134894479549,0.75556148984912874,0.75555966276380115,2.4651903288156619e-32
7620,1.1363371054780858e-17,0,5.7115796462138817e-19,2.6111787133191851e-18,7.4350196763759138e-18,7.9557524307001581e-21,1.9042608603850636e-20,3.8976580468410248e-19,3.2925053474574276e-19,0.97776859162017338,0.75555966276380115,0.75555785209495663,2.6192647243666408e-32
7635,1.1363371054780858e-17,0,5.7025533760892696e-19,2.6082759950143825e-18,7.4374559731548098e-18,7.9558108313739012e-21,1.9059225264456916e-20,3.9094696629340718e-19,3.2942174661352643e-19,0.97777576911155617,0.75555785209495663,0.75555605772211099,2.4651903288156619e-32
7650,1.1363371054780858e-17,0,5.6935779660327719e-19,2.6053885404056041e-18,7.4398718262703043e-18,7.9558687055558684e-21,1.90757852970411e-20,3.9212854904219188e-19,3.2959268845690809e-19,0.97778288189666185,0.75555605772211099,0.75555427952583454,2.4651903288156619e-32
7665,1.1363371054780858e-17,0,5.6846530969367604e-19,2.602516262665651e-18,7.4422673559984451e-18,7.9559260570990813e-21,1.9092288891213363e-20,3.9331054967789684e-19,3.2976336179689727e-19,0.97778993044902984,0.75555427952583454,0.75555251738774254,2.0029671421627253e-32
7680,1.1363371054780858e-17,0,5.6757784519606327e-19,2.5996590754247446e-18,7.444642681922709e-18,7.9559828898229312e-21,1.9108736235970526e-20,3.9449296496660506e-19,3.2993376814496462e-19,0.97779691523806656,0.75555251738774254,0.75555077119048342,2.1570415377137042e-32
7695,1.1363371054780858e-17,0,5.6669537165099828e-19,2.5968168927688711e-18,7.4469979229377543e-18,7.9560392075135391e-21,1.9125127519697769e-20,3.9567579169293625e-19,3.301039090031093e-19,0.97780383672908933,0.75555077119048342,0.75554904081772767,2.311115933264683e-32
7710,1.1363371054780858e-17,0,5.6581785782160444e-19,2.5939896292381175e-18,7.4493331972531935e-18,7.9560950139241032e-21,1.9141462930170421e-20,3.9685902665994181e-19,3.3027378586392613e-19,0.97781069538336951,0.75554904081772767,0.75554732615415765,2.1570415377137042e-32
7725,1.1363371054780858e-17,0,5.6494527269153871e-19,2.5911771998249952e-18,7.4516486223973391e-18,7.9561503127752507e-21,1.9157742654555701e-20,3.9804266668900016e-19,3.3044340021067156e-19,0.97781749165817511,0.75554732615415765,0.75554562708545625,2.0029671421627253e-32
7740,1.1363371054780858e-17,0,5.6407758546298832e-19,2.588379519972761e-18,7.4539443152209169e-18,7.9562051077553782e-21,1.9173966879414487e-20,3.9922670861971265e-19,3.3061275351733046e-19,0.97782422600681329,0.75554562708545625,0.75554394349829668,2.1570415377137042e-32
7755,1.1363371054780858e-17,0,5.6321476555469109e-19,2.5855965055737172e-18,7.4562203919007682e-18,7.9562594025209826e-21,1.9190135790703091e-20,4.0041114930980061e-19,3.3078184724868055e-19,0.97783089887867047,0.75554394349829668,0.75554227528033235,2.4651903288156619e-32
7770,1.1363371054780858e-17,0,5.6235678259998305e-19,2.5828280729675133e-18,7.4584769679435506e-18,7.9563132006970042e-21,1.9206249573774986e-20,4.0159598563500188e-19,3.3095068286035779e-19,0.97783751071925484,0.75554227528033235,0.75554062232018626,2.0029671421627253e-32
7785,1.1363371054780858e-17,0,5.6150360644486813e-19,2.5800741389394391e-18,7.4607141581894222e-18,7.9563665058771499e-21,1.9222308413382576e-20,4.0278121448896845e-19,3.3111926179891991e-19,0.97784406197023599,0.75554062232018626,0.75553898450744095,1.8488927466117464e-32
7800,1.1363371054780858e-17,0,5.6065520714611414e-19,2.5773346207187009e-18,7.4629320768156838e-18,7.9564193216242306e-21,1.9238312493678919e-20,4.0396683278316555e-19,3.3128758550190978e-19,0.97785055306948621,0.75553898450744095,0.75553736173262842,2.0029671421627253e-32
7815,1.1363371054780858e-17,0,5.5981155496937071e-19,2.5746094359766989e-18,7.4651308373404304e-18,7.9564716514704726e-21,1.9254261998219531e-20,4.0515283744676927e-19,3.314556553979191e-19,0.97785698445111924,0.75553736173262842,0.75553575388722016,1.8488927466117464e-32
7830,1.1363371054780858e-17,0,5.5897262038731299e-19,2.5718985028252939e-18,7.4673105526261734e-18,7.9565234989178274e-21,1.9270157109964043e-20,4.0633922542656676e-19,3.3162347290665028e-19,0.97786335654552781,0.75553575388722016,0.75553416086361802,2.0029671421627253e-32
7845,1.1363371054780858e-17,0,5.5813837407780608e-19,2.5692017398150682e-18,7.4694713348834541e-18,7.9565748674383014e-21,1.9285998011278032e-20,4.0752599368685534e-19,3.3179103943897828e-19,0.97786966977942424,0.75553416086361802,0.75553258255514399,1.8488927466117464e-32
7860,1.1363371054780858e-17,0,5.5730878692209307e-19,2.5665190659335832e-18,7.4716132956744421e-18,7.9566257604742685e-21,1.9301784883934686e-20,4.0871313920934395e-19,3.3195835639701183e-19,0.97787592457587935,0.75553258255514399,0.75553101885603013,2.6192647243666408e-32
7875,1.1363371054780858e-17,0,5.5648383000300598e-19,2.563850400603622e-18,7.4737365459164937e-18,7.956676181438752e-21,1.9317517909116593e-20,4.0990065899305344e-19,3.3212542517415462e-19,0.97788212135435637,0.75553101885603013,0.75552946966141088,2.6192647243666408e-32
7890,1.1363371054780858e-17,0,5.5566347460319657e-19,2.5611956636814362e-18,7.4758411958857352e-18,7.9567261337157448e-21,1.9333197267417455e-20,4.1108855005421769e-19,3.32292247155165e-19,0.97788826053075095,0.75552946966141088,0.75552793486731229,2.4651903288156619e-32
7905,1.1363371054780858e-17,0,5.5484769220339234e-19,2.5585547754549842e-18,7.4779273552206005e-18,7.9567756206605132e-21,1.9348823138843784e-20,4.122768094261865e-19,3.3245882371621588e-19,0.97789434251742802,0.75552793486731229,0.75552641437064305,2.6192647243666408e-32
7920,1.1363371054780858e-17,0,5.540364544806706e-19,2.5559276566421606e-18,7.4799951329253532e-18,7.956824645599874e-21,1.93643957028167e-20,4.1346543415932826e-19,3.3262515622495402e-19,0.97790036772325617,0.75552641437064305,0.75552490806918593,2.6192647243666408e-32
7935,1.1363371054780858e-17,0,5.5322973330675394e-19,2.5533142283890273e-18,7.4820446373736045e-18,7.9568732118324952e-21,1.9379915138173587e-20,4.1465442132093213e-19,3.3279124604055844e-19,0.97790633655364456,0.75552490806918593,0.75552341586158889,2.4651903288156619e-32
7950,1.1363371054780858e-17,0,5.5242750074632771e-19,2.5507144122680374e-18,7.4840759763118084e-18,7.9569213226291944e-21,1.939538162316985e-20,4.1584376799511205e-19,3.3295709451379886e-19,0.97791224941057919,0.75552341586158889,0.7555219376473552,2.4651903288156619e-32
7965,1.1363371054780858e-17,0,5.5162972905537717e-19,2.5481281302762494e-18,7.4860892568627324e-18,7.9569689812331983e-21,1.9410795335480618e-20,4.1703347128271161e-19,3.3312270298709263e-19,0.97791810669265544,0.7555219376473552,0.75552047332683614,2.0029671421627253e-32
7980,1.1363371054780858e-17,0,5.5083639067954317e-19,2.5455553048335509e-18,7.4880845855289481e-18,7.9570161908604413e-21,1.9426156452202466e-20,4.1822352830120802e-19,3.3328807279456292e-19,0.97792390879511426,0.75552047332683614,0.75551902280122141,1.6948183510607676e-32
7995,1.1363371054780858e-17,0,5.5004745825249981e-19,2.5429958587808666e-18,7.490062068196241e-18,7.9570629546998406e-21,1.9441465149855142e-20,4.1941393618461753e-19,3.3345320526209473e-19,0.97792965610987637,0.75551902280122141,0.75551758597253094,1.5407439555097887e-32
8010,1.1363371054780858e-17,0,5.4926290459435024e-19,2.5404497153783685e-18,7.4920218101370713e-18,7.9571092759135686e-21,1.9456721604383244e-20,4.206046920834011e-19,3.3361810170739073e-19,0.97793534902557522,0.75551758597253094,0.75551616274360622,2.0029671421627253e-32
8025,1.1363371054780858e-17,0,5.4848270271004058e-19,2.537916798303684e-18,7.4939639160139586e-18,7.9571551576373086e-21,1.947192599115794e-20,4.2179579316437086e-19,3.3378276344002787e-19,0.97794098792758899,0.75551616274360622,0.75551475301810278,1.8488927466117464e-32
8040,1.1363371054780858e-17,0,5.4770682578779402e-19,2.5353970316500975e-18,7.4958884898829133e-18,7.9572006029805526e-21,1.9487078484978688e-20,4.2298723661059693e-19,3.3394719176151221e-19,0.97794657319807676,0.75551475301810278,0.75551335670048081,1.2325951644078309e-32
8055,1.1363371054780858e-17,0,5.4693524719756257e-19,2.5328903399247571e-18,7.4977956351968017e-18,7.9572456150268469e-21,1.9502179260074902e-20,4.2417901962131488e-19,3.3411138796533313e-19,0.97795210521600895,0.75551335670048081,0.75551197369599776,1.3866695599588098e-32
8070,1.1363371054780858e-17,0,5.4616794048949845e-19,2.530396648046871e-18,7.4996854548087137e-18,7.9572901968340447e-21,1.9517228490107681e-20,4.2537113941183277e-19,3.3427535333701828e-19,0.97795758435719837,0.75551197369599776,0.75551060391070046,1.8488927466117464e-32
8085,1.1363371054780858e-17,0,5.4540487939244034e-19,2.527915881345903e-18,7.5015580509752972e-18,7.9573343514345769e-21,1.953222634817149e-20,4.2656359321344026e-19,3.3443908915418742e-19,0.97796301099433325,0.75551060391070046,0.75550924725141666,1.5407439555097887e-32
8100,1.1363371054780858e-17,0,5.4464603781242004e-19,2.5254479655597767e-18,7.5034135253601232e-18,7.9573780818357107e-21,1.9547173006795829e-20,4.2775637827331719e-19,3.3460259668660494e-19,0.97796838549700915,0.75550924725141666,0.75550790362574771,1.6948183510607676e-32
8115,1.1363371054780858e-17,0,5.4389138983118526e-19,2.5229928268330635e-18,7.5052519790369813e-18,7.9574213910197849e-21,1.9562068637946956e-20,4.289494918544428e-19,3.3476587719623406e-19,0.977973708231758,0.75550790362574771,0.75550657294206047,1.6948183510607676e-32
8130,1.1363371054780858e-17,0,5.4314090970473933e-19,2.5205503917151826e-18,7.5070735124931876e-18,7.9574642819444696e-21,1.9576913413029549e-20,4.3014293123550592e-19,3.3492893193728861e-19,0.97797897956208002,0.75550657294206047,0.75550525510947997,1.8488927466117464e-32
8145,1.1363371054780858e-17,0,5.4239457186189842e-19,2.5181205871585915e-18,7.5088782256328497e-18,7.9575067575430133e-21,1.9591707502888398e-20,4.3133669371081488e-19,3.3509176215628486e-19,0.97798419984847373,0.75550525510947997,0.75550395003788151,1.2325951644078309e-32
8160,1.1363371054780858e-17,0,5.4165235090286412e-19,2.5157033405169771e-18,7.5106662177801915e-18,7.957548820724479e-21,1.9606451077810071e-20,4.325307765902087e-19,3.3525436909209361e-19,0.9779893694484656,0.75550395003788151,0.7555026576378836,1.0785207688568521e-32
8175,1.1363371054780858e-17,0,5.4091422159781347e-19,2.5132985795434546e-18,7.5124375876827443e-18,7.9575904743739865e-21,1.9621144307524583e-20,4.33725177198968e-19,3.3541675397599144e-19,0.97799448871663908,0.7555026576378836,0.75550137782084026,1.2325951644078309e-32
8190,1.1363371054780858e-17,0,5.4018015888550506e-19,2.5109062323887557e-18,7.5141924335146098e-18,7.9576317213529561e-21,1.9635787361207085e-20,4.3491989287772736e-19,3.3557891803171101e-19,0.9779995580046652,0.75550137782084026,0.7555001104988337,1.2325951644078309e-32
8205,1.1363371054780858e-17,0,5.3945013787189971e-19,2.5085262275994214e-18,7.515930852879685e-18,7.9576725644993284e-21,1.9650380407479519e-20,4.3611492098238727e-19,3.3574086247549206e-19,0.9780045776613292,0.7555001104988337,0.75549885558466767,6.1629758220391547e-33
8220,1.1363371054780858e-17,0,5.3872413382879782e-19,2.5061584941159971e-18,7.517652942814867e-18,7.9577130066278064e-21,1.9664923614412293e-20,4.3731025888402708e-19,3.3590258851613074e-19,0.97800954803256046,0.75549885558466767,0.75549761299185991,0
8235,1.1363371054780858e-17,0,5.3800212219249158e-19,2.5038029612712223e-18,7.5193587997932423e-18,7.9577530505300795e-21,1.9679417149525938e-20,4.3850590396881771e-19,3.3606409735502952e-19,0.97801446946145976,0.75549761299185991,0.75549638263463503,1.5407439555097887e-33
8250,1.1363371054780858e-17,0,5.3728407856243177e-19,2.5014595587882287e-18,7.521048519727247e-18,7.9577926989750545e-21,1.9693861179792738e-20,4.3970185363793693e-19,3.3622539018624633e-19,0.97801934228832821,0.75549638263463503,0.75549516442791798,0
8265,1.1363371054780858e-17,0,5.3656997869991124e-19,2.4991282167787332e-18,7.5227221979718372e-18,7.9578319547090756e-21,1.9708255871638449e-20,4.4089810530748231e-19,3.3638646819654306e-19,0.97802416685069382,0.75549516442791798,0.75549395828732657,3.0814879110195774e-33
8280,1.1363371054780858e-17,0,5.3585979852676085e-19,2.4968088657412353e-18,7.5243799293276359e-18,7.9578708204561467e-21,1.9722601390943847e-20,4.4209465640838598e-19,3.3654733256543461e-19,0.9780289434833388,0.75549395828732657,0.75549276412916533,4.622231866529366e-33
8295,1.1363371054780858e-17,0,5.3515351412406111e-19,2.4945014365592118e-18,7.5260218080440522e-18,7.9579092989181443e-21,1.97368979030465e-20,4.432915043863298e-19,3.3670798446523568e-19,0.97803367251832607,0.75549276412916533,0.75549158187041843,1.5407439555097887e-33
8310,1.1363371054780858e-17,0,5.3445110173086713e-19,2.4922058604993184e-18,7.5276479278223807e-18,7.9579473927750361e-21,1.9751145572742284e-20,4.444886467016621e-19,3.3686842506110938e-19,0.97803835428502595,0.75549158187041843,0.75549041142874351,3.0814879110195774e-33
8325,1.1363371054780858e-17,0,5.337525377429485e-19,2.4899220692095877e-18,7.5292583818189173e-18,7.9579851046850989e-21,1.9765344564287137e-20,4.4568608082931345e-19,3.3702865551111408e-19,0.97804298911014287,0.75549041142874351,0.75548925272246426,4.622231866529366e-33
8340,1.1363371054780858e-17,0,5.3305779871154286e-19,2.4876499947176333e-18,7.5308532626480278e-18,7.9580224372851204e-21,1.9779495041398625e-20,4.4688380425871168e-19,3.3718867696625011e-19,0.97804757731774006,0.75548925272246426,0.75548810567056501,9.2444637330587321e-33
8355,1.1363371054780858e-17,0,5.3236686134212234e-19,2.4853895694288524e-18,7.5324326623852212e-18,7.9580593931906203e-21,1.9793597167257597e-20,4.4808181449370098e-19,3.3734849057050658e-19,0.97805211922926727,0.75548810567056501,0.75548697019268318,6.1629758220391547e-33
8370,1.1363371054780858e-17,0,5.3167970249317369e-19,2.4831407261246325e-18,7.5339966725701727e-18,7.9580959749960398e-21,1.9807651104509803e-20,4.4928010905245849e-19,3.3750809746090684e-19,0.97805661516358344,0.75548697019268318,0.75548584620910408,7.7037197775489434e-33
8385,1.1363371054780858e-17,0,5.3099629917499182e-19,2.4809033979605602e-18,7.5355453842097851e-18,7.9581321852749571e-21,1.982165701526756e-20,4.5047868546741286e-19,3.3766749876755498e-19,0.97806106543698346,0.75548584620910408,0.75548473364075419,1.0785207688568521e-32
8400,1.1363371054780858e-17,0,5.3031662854848659e-19,2.4786775184646272e-18,7.5370788877811967e-18,7.958168026580281e-21,1.9835615061111314e-20,4.5167754128516199e-19,3.3782669561368051e-19,0.97806547036322189,0.75548473364075419,0.75548363240919447,1.5407439555097887e-32
8415,1.1363371054780858e-17,0,5.2964066792400144e-19,2.4764630215354523e-18,7.5385972732347743e-18,7.9582035014444544e-21,1.9849525403091292e-20,4.5287667406639244e-19,3.3798568911568378e-19,0.97806983025353811,0.75548363240919447,0.7554825424366155,1.6948183510607676e-32
8430,1.1363371054780858e-17,0,5.289683947601451e-19,2.4742598414404864e-18,7.5401006299971229e-18,7.9582386123796484e-21,1.986338820172913e-20,4.5407608138579903e-19,3.3814448038318045e-19,0.97807414541667992,0.7554825424366155,0.75548146364583002,1.5407439555097887e-32
8445,1.1363371054780858e-17,0,5.2829978666263648e-19,2.4720679128142411e-18,7.5415890469740206e-18,7.9582733618779605e-21,1.9877203617019474e-20,4.5527576083200392e-19,3.3830307051904589e-19,0.97807841615892843,0.75548146364583002,0.75548039596026784,1.3866695599588098e-32
8460,1.1363371054780858e-17,0,5.2763482138316066e-19,2.4698871706565033e-18,7.5430626125534015e-18,7.9583077524115943e-21,1.9890971808431558e-20,4.5647571000747742e-19,3.3846146061945929e-19,0.97808264278411938,0.75548039596026784,0.75547933930397015,1.0785207688568521e-32
8475,1.1363371054780858e-17,0,5.2697347681823772e-19,2.467717550330564e-18,7.544521414608295e-18,7.9583417864330755e-21,1.9904692934910886e-20,4.5767592652845876e-19,3.3861965177394671e-19,0.97808682559367011,0.75547933930397015,0.75547829360158247,1.0785207688568521e-32
8490,1.1363371054780858e-17,0,5.263157310081027e-19,2.4655589875614413e-18,7.5459655404997433e-18,7.9583754663753954e-21,1.9918367154880726e-20,4.5887640802487698e-19,3.3877764506542513e-19,0.97809096488659741,0.75547829360158247,0.7554772587783507,1.2325951644078309e-32
8505,1.1363371054780858e-17,0,5.2566156213559856e-19,2.4634114184341167e-18,7.5473950770797159e-18,7.9584087946522467e-21,1.99319946262438e-20,4.600771521402733e-19,3.3893544157024476e-19,0.97809506095954613,0.7554772587783507,0.7554762347601135,1.3866695599588098e-32
8520,1.1363371054780858e-17,0,5.2501094852507914e-19,2.4612747793917673e-18,7.548810110694003e-18,7.9584417736581742e-21,1.9945575506383837e-20,4.6127815653172188e-19,3.3909304235823214e-19,0.97809911410680783,0.7554762347601135,0.75547522147329804,1.2325951644078309e-32
8535,1.1363371054780858e-17,0,5.2436386864132417e-19,2.4591490072340026e-18,7.5502107271850986e-18,7.9584744057687659e-21,1.9959109952167167e-20,4.6247941886975306e-19,3.3925044849273201e-19,0.9781031246203441,0.75547522147329804,0.75547421884491395,1.0785207688568521e-32
8550,1.1363371054780858e-17,0,5.2372030108846762e-19,2.4570340391151072e-18,7.5515970118950601e-18,7.9585066933408288e-21,1.9972598119944309e-20,4.6368093683827719e-19,3.3940766103064964e-19,0.97810709278980867,0.75547421884491395,0.7554732268025478,1.0785207688568521e-32
8565,1.1363371054780858e-17,0,5.2308022460893207e-19,2.4549298125422851e-18,7.5529690496683631e-18,7.9585386387125654e-21,1.9986040165551569e-20,4.6488270813450607e-19,3.3956468102249205e-19,0.97811101890256835,0.7554732268025478,0.75547224527435786,1.6948183510607676e-32
8580,1.1363371054780858e-17,0,5.2244361808237963e-19,2.4528362653739131e-18,7.554326924854744e-18,7.9585702442037672e-21,1.9999436244312604e-20,4.6608473046887827e-19,3.3972150951240976e-19,0.97811490324372774,0.75547224527435786,0.75547127418906812,1.8488927466117464e-32
8595,1.1363371054780858e-17,0,5.2181046052466938e-19,2.4507533358177872e-18,7.5556707213120091e-18,7.9586015121159522e-21,2.0012786511039998e-20,4.6728700156498227e-19,3.3987814753823784e-19,0.97811874609614502,0.75547127418906812,0.75547031347596372,1.6948183510607676e-32
8610,1.1363371054780858e-17,0,5.2118073108682842e-19,2.4486809624293869e-18,7.5570005224088386e-18,7.9586324447325721e-21,2.002609112003683e-20,4.684895191594829e-19,3.4003459613153615e-19,0.97812254774045848,0.75547031347596372,0.75546936306488544,1.6948183510607676e-32
8625,1.1363371054780858e-17,0,5.2055440905403085e-19,2.4466190841101305e-18,7.5583164110275907e-18,7.9586630443191584e-21,2.0039350225098258e-20,4.6969228100204418e-19,3.4019085631763011e-19,0.97812630845510384,0.75546936306488544,0.75546842288622407,1.5407439555097887e-32
8640,1.1363371054780858e-17,0,5.1993147384458893e-19,2.4445676401056458e-18,7.5596184695670656e-18,7.9586933131234986e-21,2.0052563979513074e-20,4.7089528485525677e-19,3.403469291156505e-19,0.9781300285163359,0.75546842288622407,0.75546749287091597,1.3866695599588098e-32
8655,1.1363371054780858e-17,0,5.1931190500895358e-19,2.4425265700040364e-18,7.5609067799452745e-18,7.9587232533757971e-21,2.0065732536065264e-20,4.7209852849456208e-19,3.4050281553857387e-19,0.97813370819824885,0.75546749287091597,0.75546657295043773,1.6948183510607676e-32
8670,1.1363371054780858e-17,0,5.1869568222872538e-19,2.4404958137341575e-18,7.5621814236021881e-18,7.9587528672888586e-21,2.0078856047035608e-20,4.7330200970818e-19,3.4065851659326104e-19,0.97813734777279804,0.75546657295043773,0.75546566305680052,2.1570415377137042e-32
8685,1.1363371054780858e-17,0,5.1808278531567446e-19,2.4384753115638967e-18,7.5634424815024684e-18,7.9587821570582145e-21,2.0091934664203149e-20,4.7450572629703566e-19,3.4081403328049733e-19,0.97814094750981617,0.75546566305680052,0.75546476312254596,2.311115933264683e-32
8700,1.1363371054780858e-17,0,5.1747319421077206e-19,2.4364650040984554e-18,7.5646900341381835e-18,7.9588111248623084e-21,2.0104968538846806e-20,4.7570967607468579e-19,3.4096936659503077e-19,0.97814450767703576,0.75546476312254596,0.75546387308074103,2.1570415377137042e-32
8715,1.1363371054780858e-17,0,5.168668889832292e-19,2.434464832278638e-18,7.5659241615315005e-18,7.958839772862655e-21,2.0117957821746909e-20,4.769138568672468e-19,3.411245175256111e-19,0.97814802854010885,0.75546387308074103,0.75546299286497276,2.311115933264683e-32
8730,1.1363371054780858e-17,0,5.1626384982954683e-19,2.4324747373791461e-18,7.5671449432374041e-18,7.958868103203982e-21,2.0130902663186731e-20,4.7811826651332252e-19,3.4127948705502776e-19,0.97815151036262415,0.75546299286497276,0.75546212240934396,2.0029671421627253e-32
8745,1.1363371054780858e-17,0,5.1566405707257447e-19,2.4304946610068731e-18,7.5683524583463413e-18,7.9588961180143984e-21,2.0143803212954058e-20,4.7932290286393259e-19,3.4143427616014814e-19,0.97815495340612812,0.75546212240934396,0.75546126164846794,2.0029671421627253e-32
8760,1.1363371054780858e-17,0,5.1506749116057824e-19,2.4285245450992086e-18,7.5695467854869028e-18,7.9589238194055372e-21,2.0156659620342662e-20,4.8052776378244213e-19,3.4158888581195531e-19,0.97815835793014205,0.75546126164846794,0.75546041051746449,2.4651903288156619e-32
8775,1.1363371054780858e-17,0,5.1447413266631769e-19,2.4265643319223499e-18,7.5707280028284649e-18,7.9589512094727202e-21,2.0169472034153904e-20,4.8173284714448967e-19,3.417433169755858e-19,0.97816172419218295,0.75546041051746449,0.75545956895195432,2.311115933264683e-32
8790,1.1363371054780858e-17,0,5.1388396228613315e-19,2.4246139640696082e-18,7.5718961880838171e-18,7.9589782902950909e-21,2.018224060269822e-20,4.8293815083791783e-19,3.4189757061036618e-19,0.97816505244777907,0.75545956895195432,0.7554587368880552,2.311115933264683e-32
8805,1.1363371054780858e-17,0,5.1329696083903926e-19,2.4226733844597325e-18,7.5730514185117824e-18,7.9590050639357702e-21,2.0194965473796648e-20,4.8414367276270225e-19,3.4205164766985041e-19,0.97816834295048993,0.7554587368880552,0.75545791426237752,1.8488927466117464e-32
8820,1.1363371054780858e-17,0,5.1271310926582915e-19,2.4207425363352285e-18,7.5741937709198213e-18,7.9590315324420156e-21,2.0207646794782369e-20,4.8534941083088372e-19,3.4220554910185665e-19,0.97817159595192493,0.75545791426237752,0.75545710101201879,1.5407439555097887e-32
8835,1.1363371054780858e-17,0,5.1213238862818713e-19,2.4188213632606904e-18,7.5753233216666172e-18,7.9590576978453446e-21,2.0220284712502211e-20,4.8655536296649696e-19,3.4235927584850317e-19,0.97817481170175946,0.75545710101201879,0.75545629707456019,1.5407439555097887e-32
8850,1.1363371054780858e-17,0,5.1155478010780944e-19,2.4169098091211298e-18,7.5764401466646726e-18,7.9590835621616884e-21,2.0232879373318155e-20,4.8776152710550321e-19,3.4251282884624486e-19,0.978177990447753,0.75545629707456019,0.75545550238806181,1.8488927466117464e-32
8865,1.1363371054780858e-17,0,5.1098026500553354e-19,2.4150078181203223e-18,7.5775443213828588e-18,7.959109127391536e-21,2.0245430923108862e-20,4.8896790119572136e-19,3.4266620902590931e-19,0.97818113243576732,0.75545550238806181,0.75545471689105814,1.3866695599588098e-32
8880,1.1363371054780858e-17,0,5.1040882474047505e-19,2.4131153347791436e-18,7.5786359208489416e-18,7.9591343955200756e-21,2.0257939507271155e-20,4.901744831967596e-19,3.4281941731273162e-19,0.97818423790978382,0.75545471689105814,0.75545394052255399,1.5407439555097887e-32
8895,1.1363371054780858e-17,0,5.0984044084917472e-19,2.411232303933927e-18,7.5797150196521693e-18,7.9591593685173186e-21,2.0270405270721546e-20,4.9138127107994876e-19,3.4297245462639053e-19,0.97818730711191837,0.75545394052255399,0.75545317322202044,9.2444637330587321e-33
8910,1.1363371054780858e-17,0,5.0927509498475041e-19,2.4093586707348119e-18,7.5807816919457336e-18,7.9591840483382568e-21,2.0282828357897715e-20,4.9258826282827369e-19,3.4312532188104346e-19,0.97819034028244134,0.75545317322202044,0.75545241492938964,7.7037197775489434e-33
8925,1.1363371054780858e-17,0,5.0871276891606066e-19,2.4074943806441106e-18,7.5818360114493255e-18,7.9592084369229862e-21,2.0295208912760018e-20,4.9379545643630822e-19,3.4327801998536063e-19,0.97819333765979188,0.75545241492938964,0.75545166558505206,1.0785207688568521e-32
8940,1.1363371054780858e-17,0,5.0815344452687329e-19,2.4056393794346694e-18,7.5828780514516112e-18,7.9592325361968411e-21,2.030754707879298e-20,4.950028499101468e-19,3.4343054984256066e-19,0.97819629948059528,0.75545166558505206,0.75545092512985113,7.7037197775489434e-33
8955,1.1363371054780858e-17,0,5.0759710381504357e-19,2.4037936131882471e-18,7.5839078848127024e-18,7.9592563480705335e-21,2.0319842999006765e-20,4.9621044126733941e-19,3.4358291235044426e-19,0.97819922597967968,0.75545092512985113,0.75545019350508014,4.622231866529366e-33
8970,1.1363371054780858e-17,0,5.0704372889169745e-19,2.4019570282938879e-18,7.5849255839666346e-18,7.9592798744402873e-21,2.0332096815938655e-20,4.9741822853682531e-19,3.4373510840142823e-19,0.97820211739009255,0.75545019350508014,0.75544947065247681,4.622231866529366e-33
8985,1.1363371054780858e-17,0,5.0649330198042606e-19,2.4001295714463085e-18,7.58593122092383e-18,7.9593031171879439e-21,2.0344308671654579e-20,4.986262097588688e-19,3.4388713888257998e-19,0.97820497394311368,0.75544947065247681,0.75544875651422161,0
9000,1.1363371054780858e-17,0,5.0594580541648515e-19,2.3983111896442846e-18,7.5869248672735081e-18,7.9593260781811209e-21,2.0356478707750519e-20,4.9983438298499309e-19,3.4403900467565065e-19,0.97820779586827489,0.75544875651422161,0.75544805103293133,4.622231866529366e-33
9015,1.1363371054780858e-17,0,5.0540122164600127e-19,2.396501830189049e-18,7.5879065941861512e-18,7.9593487592733305e-21,2.0368607065354034e-20,5.0104274627791601e-19,3.4419070665710877e-19,0.97821058339337452,0.75544805103293133,0.75544735415165643,3.0814879110195774e-33
9030,1.1363371054780858e-17,0,5.0485953322518866e-19,2.394701440682689e-18,7.5888764724158881e-18,7.9593711623040961e-21,2.0380693885125706e-20,5.0225129771148499e-19,3.4434224569817282e-19,0.97821333674449118,0.75544735415165643,0.75544666581387721,6.1629758220391547e-33
9045,1.1363371054780858e-17,0,5.0432072281956926e-19,2.3929099690265586e-18,7.5898345723029033e-18,7.9593932890990818e-21,2.0392739307260599e-20,5.034600353706153e-19,3.44493622664845e-19,0.97821605614600082,0.75544666581387721,0.75544598596349977,6.1629758220391547e-33
9060,1.1363371054780858e-17,0,5.0378477320320261e-19,2.3911273634196889e-18,7.5907809637758336e-18,7.9594151414702146e-21,2.0404743471489748e-20,5.0466895735122424e-19,3.4464483841794306e-19,0.97821874182059065,0.75544598596349977,0.75544531454485231,6.1629758220391547e-33
9075,1.1363371054780858e-17,0,5.032516672579206e-19,2.3893535723572059e-18,7.5917157163541277e-18,7.9594367212158195e-21,2.0416706517081596e-20,5.0587806176016977e-19,3.4479589381313353e-19,0.97822139398927632,0.75544531454485231,0.75544465150268092,4.622231866529366e-33
9090,1.1363371054780858e-17,0,5.0272138797257154e-19,2.3875885446287566e-18,7.5926388991504135e-18,7.9594580301207191e-21,2.0428628582843437e-20,5.0708734671518634e-19,3.4494678970096343e-19,0.97822401287141403,0.75544465150268092,0.75544399678214647,3.0814879110195774e-33
9105,1.1363371054780858e-17,0,5.0219391844226895e-19,2.3858322293169404e-18,7.5935505808728503e-18,7.9594790699563611e-21,2.0440509807122872e-20,5.082968103448228e-19,3.450975269268924e-19,0.97822659868471618,0.75544399678214647,0.75544335032882093,3.0814879110195774e-33
9120,1.1363371054780858e-17,0,5.0166924186764861e-19,2.384084575795745e-18,7.5944508298274647e-18,7.9594998424809509e-21,2.0452350327809277e-20,5.0950645078838111e-19,3.4524810633132424e-19,0.97822915164526758,0.75544335032882093,0.75544271208868308,4.622231866529366e-33
9135,1.1363371054780858e-17,0,5.0114734155413049e-19,2.3823455337289912e-18,7.5953397139204591e-18,7.9595203494395393e-21,2.0464150282335201e-20,5.1071626619585381e-19,3.4539852874963882e-19,0.97823167196753658,0.75544271208868308,0.7554420820081158,9.2444637330587321e-33
9150,1.1363371054780858e-17,0,5.0062820091118974e-19,2.3806150530687799e-18,7.5962173006605465e-18,7.959540592564166e-21,2.047590980767786e-20,5.1192625472786319e-19,3.4554879501222346e-19,0.97823415986439211,0.7554420820081158,0.755441460033902,1.2325951644078309e-32
9165,1.1363371054780858e-17,0,5.0011180345163152e-19,2.37889308405395e-18,7.5970836571612289e-18,7.9595605735739568e-21,2.048762904036054e-20,5.1313641455559935e-19,3.4569890594450348e-19,0.97823661554711638,0.755441460033902,0.75544084611322093,9.2444637330587321e-33
9180,1.1363371054780858e-17,0,4.9959813279087357e-19,2.3771795772085354e-18,7.5979388501430764e-18,7.9595802941752405e-21,2.0499308116453996e-20,5.1434674386076072e-19,3.4584886236697389e-19,0.97823903922541844,0.75544084611322093,0.75544024019364542,9.2444637330587321e-33
9195,1.1363371054780858e-17,0,4.9908717264623594e-19,2.3754744833402379e-18,7.5987829459360131e-18,7.9595997560616708e-21,2.0510947171577947e-20,5.1555724083549293e-19,3.459986650952292e-19,0.97824143110744988,0.75544024019364542,0.75543964222313753,9.2444637330587321e-33
9210,1.1363371054780858e-17,0,4.9857890683623481e-19,2.3737777535388991e-18,7.5996160104815755e-18,7.9596189609143229e-21,2.0522546340902457e-20,5.1676790368232886e-19,3.4614831493999472e-19,0.9782437913998161,0.75543964222313753,0.75543905215004603,1.0785207688568521e-32
9225,1.1363371054780858e-17,0,4.980733192798847e-19,2.3720893391749789e-18,7.6004381093351508e-18,7.9596379104018057e-21,2.0534105759149355e-20,5.1797873061412943e-19,3.4629781270715591e-19,0.97824612030759062,0.75543905215004603,0.75543846992310237,6.1629758220391547e-33
9240,1.1363371054780858e-17,0,4.9757039399600438e-19,2.3704091918980434e-18,7.6012493076682115e-18,7.9596566061803861e-21,2.0545625560593653e-20,5.1918971985402399e-19,3.4644715919778941e-19,0.97824841803432994,0.75543846992310237,0.75543789549141749,1.0785207688568521e-32
9255,1.1363371054780858e-17,0,4.9707011510253189e-19,2.3687372636352572e-18,7.6020496702705525e-18,7.9596750498940798e-21,2.055710587906496e-20,5.2040086963535141e-19,3.4659635520819223e-19,0.9782506847820851,0.75543789549141749,0.75543732880447867,1.3866695599588098e-32
9270,1.1363371054780858e-17,0,4.9657246681584261e-19,2.3670735065898807e-18,7.6028392615524864e-18,7.9596932431747515e-21,2.0568546847948908e-20,5.2161217820160166e-19,3.4674540152991138e-19,0.97825292075141346,0.75543732880447867,0.75543676981214669,9.2444637330587321e-33
9285,1.1363371054780858e-17,0,4.9607743345007453e-19,2.3654178732397756e-18,7.6036181455470362e-18,7.9597111876422437e-21,2.0579948600188542e-20,5.2282364380635717e-19,3.4689429894977363e-19,0.97825512614139509,0.75543676981214669,0.75543621846465125,9.2444637330587321e-33
9300,1.1363371054780858e-17,0,4.9558499941645911e-19,2.363770316335919e-18,7.6043863859121277e-18,7.959728884904461e-21,2.0591311268285686e-20,5.2403526471323492e-19,3.4704304824991432e-19,0.97825730114964282,0.75543621846465125,0.75543567471258932,1.2325951644078309e-32
9315,1.1363371054780858e-17,0,4.9509514922265928e-19,2.3621307889009163e-18,7.6051440459327726e-18,7.9597463365574863e-21,2.0602634984302404e-20,5.2524703919582941e-19,3.4719165020780695e-19,0.97825944597231662,0.75543567471258932,0.7554351385069209,1.3866695599588098e-32
9330,1.1363371054780858e-17,0,4.9460786747210969e-19,2.3604992442275294e-18,7.605891188523212e-18,7.9597635441856664e-21,2.0613919879862355e-20,5.2645896553765459e-19,3.4734010559629195e-19,0.97826156080413385,0.7554351385069209,0.75543460979896659,1.3866695599588098e-32
9345,1.1363371054780858e-17,0,4.9412313886336548e-19,2.3588756358772036e-18,7.6066278762290716e-18,7.9597805093617366e-21,2.0625166086152183e-20,5.2767104203208752e-19,3.474884151836043e-19,0.97826364583838521,0.75543460979896659,0.75543408854040373,1.2325951644078309e-32
9360,1.1363371054780858e-17,0,4.9364094818945629e-19,2.3572599176786032e-18,7.6073541712295019e-18,7.959797233646892e-21,2.0636373733922896e-20,5.2888326698231072e-19,3.4763657973340314e-19,0.97826570126694268,0.75543408854040373,0.75543357468326433,1.2325951644078309e-32
9375,1.1363371054780858e-17,0,4.9316128033724458e-19,2.3556520437261602e-18,7.6080701353392999e-18,7.9598137185909148e-21,2.0647542953491292e-20,5.3009563870125715e-19,3.4778460000479983e-19,0.97826772728027578,0.75543357468326433,0.75543306817993106,1.5407439555097887e-32
9390,1.1363371054780858e-17,0,4.9268412028679109e-19,2.35405196837862e-18,7.6087758300110183e-18,7.9598299657322543e-21,2.0658673874741261e-20,5.3130815551155362e-19,3.4793247675238537e-19,0.97826972406746138,0.75543306817993106,0.75543256898313471,1.5407439555097887e-32
9405,1.1363371054780858e-17,0,4.9220945311072212e-19,2.352459646257593e-18,7.6094713163370792e-18,7.9598459765981265e-21,2.066976662712525e-20,5.3252081574546516e-19,3.4808021072625902e-19,0.97827169181619555,0.75543256898313471,0.75543207704595106,1.5407439555097887e-32
9420,1.1363371054780858e-17,0,4.9173726397360654e-19,2.350875032246123e-18,7.6101566550518437e-18,7.9598617527046082e-21,2.0680821339665564e-20,5.3373361774483918e-19,3.4822780267205543e-19,0.97827363071280526,0.75543207704595106,0.75543159232179868,2.0029671421627253e-32
9435,1.1363371054780858e-17,0,4.912675381313356e-19,2.3492980814872524e-18,7.6108319065337117e-18,7.9598772955567445e-21,2.0691838140955739e-20,5.3494655986105153e-19,3.4837525333097245e-19,0.97827554094226199,0.75543159232179868,0.75543111476443447,2.311115933264683e-32
9450,1.1363371054780858e-17,0,4.9080026093050793e-19,2.3477287493825931e-18,7.6114971308071741e-18,7.9598926066486254e-21,2.0702817159161944e-20,5.3615964045495095e-19,3.4852256343979823e-19,0.9782774226881904,0.75543111476443447,0.75543064432795237,2.311115933264683e-32
9465,1.1363371054780858e-17,0,4.903354178078201e-19,2.3461669915909174e-18,7.6121523875448653e-18,7.9599076874634935e-21,2.0713758522024317e-20,5.3737285789680482e-19,3.486697337309383e-19,0.97827927613288246,0.75543064432795237,0.75543018096677939,2.4651903288156619e-32
9480,1.1363371054780858e-17,0,4.8987299428946304e-19,2.3446127640267336e-18,7.61279773606962e-18,7.9599225394738278e-21,2.0724662356858293e-20,5.3858621056624517e-19,3.4881676493244306e-19,0.97828110145730707,0.75543018096677939,0.75542972463567326,2.1570415377137042e-32
9495,1.1363371054780858e-17,0,4.8941297599051971e-19,2.3430660228588894e-18,7.6134332353564838e-18,7.9599371641414376e-21,2.0735528790556048e-20,5.3979969685221467e-19,3.4896365776803373e-19,0.97828289884112163,0.75542972463567326,0.75542927528971959,2.0029671421627253e-32
9510,1.1363371054780858e-17,0,4.8895534861437331e-19,2.3415267245091642e-18,7.6140589440347486e-18,7.9599515629175487e-21,2.074635794958771e-20,5.4101331515291332e-19,3.4911041295712943e-19,0.97828466846268314,0.75542927528971959,0.75542883288432927,2.6192647243666408e-32
9525,1.1363371054780858e-17,0,4.8850009795211668e-19,2.3399948256508812e-18,7.6146749203899708e-18,7.9599657372428998e-21,2.0757149960002824e-20,5.4222706387574604e-19,3.4925703121487361e-19,0.97828641049905951,0.75542883288432927,0.75542839737523515,2.4651903288156619e-32
9540,1.1363371054780858e-17,0,4.8804720988196711e-19,2.3384702832075175e-18,7.6152812223659453e-18,7.9599796885478248e-21,2.0767904947431615e-20,5.4344094143726851e-19,3.4940351325215973e-19,0.97828812512603991,0.75542839737523515,0.75542796871849005,2.1570415377137042e-32
9555,1.1363371054780858e-17,0,4.8759667036868616e-19,2.3369530543513221e-18,7.6158779075667037e-18,7.9599934182523434e-21,2.0778623037086381e-20,5.4465494626313457e-19,3.4954985977565823e-19,0.97828981251814617,0.75542796871849005,0.75542754687046343,1.3866695599588098e-32
9570,1.1363371054780858e-17,0,4.8714846546300455e-19,2.3354430965019451e-18,7.6164650332584771e-18,7.9600069277662439e-21,2.0789304353762785e-20,5.4586907678804565e-19,3.4969607148784142e-19,0.97829147284864226,0.75542754687046343,0.75542713178783938,1.5407439555097887e-32
9585,1.1363371054780858e-17,0,4.8670258130105078e-19,2.3339403673250656e-18,7.6170426563716899e-18,7.9600202184891808e-21,2.0799949021841209e-20,5.4708333145569683e-19,3.4984214908700984e-19,0.97829310628954691,0.75542713178783938,0.7554267234276133,1.3866695599588098e-32
9600,1.1363371054780858e-17,0,4.8625900410378592e-19,2.3324448247310328e-18,7.6176108335028843e-18,7.9600332918107413e-21,2.0810557165288069e-20,5.4829770871872697e-19,3.4998809326731814e-19,0.9782947130116415,0.7554267234276133,0.75542632174708957,1.0785207688568521e-32
9615,1.1363371054780858e-17,0,4.8581772017644051e-19,2.330956426873508e-18,7.6181696209166661e-18,7.9600461491105395e-21,2.0821128907657141e-20,5.4951220703866595e-19,3.5013390471879891e-19,0.97829629318448197,0.75542632174708957,0.75542592670387954,1.0785207688568521e-32
9630,1.1363371054780858e-17,0,4.8537871590795908e-19,2.3294751321481173e-18,7.6187190745476492e-18,7.9600587917583089e-21,2.0831664372090875e-20,5.5072682488588407e-19,3.5027958412738948e-19,0.97829784697640942,0.75542592670387954,0.75542553825589764,1.0785207688568521e-32
9645,1.1363371054780858e-17,0,4.8494197777044591e-19,2.3280008991911084e-18,7.6192592500023614e-18,7.9600712211139668e-21,2.0842163681321716e-20,5.5194156073954158e-19,3.5042513217495643e-19,0.97829937455455895,0.75542553825589764,0.75542515636136032,9.2444637330587321e-33
9660,1.1363371054780858e-17,0,4.8450749231861706e-19,2.3265336868780131e-18,7.6197902025611598e-18,7.9600834385277058e-21,2.0852626957673408e-20,5.5315641308753724e-19,3.5057054953932002e-19,0.97830087608487037,0.75542515636136032,0.75542478097878241,7.7037197775489434e-33
9675,1.1363371054780858e-17,0,4.8407524618925788e-19,2.3250734543223204e-18,7.6203119871801303e-18,7.9600954453400726e-21,2.0863054323062299e-20,5.5437138042646008e-19,3.5071583689427951e-19,0.97830235173209801,0.75542478097878241,0.75542441206697553,4.622231866529366e-33
9690,1.1363371054780858e-17,0,4.836452261006816e-19,2.3236201608741477e-18,7.6208246584929687e-18,7.9601072428820486e-21,2.0873445898998681e-20,5.5558646126153704e-19,3.5086099490963742e-19,0.97830380165982045,0.75542441206697553,0.75542404958504483,6.1629758220391547e-33
9705,1.1363371054780858e-17,0,4.8321741885219479e-19,2.3221737661189254e-18,7.6213282708128579e-18,7.9601188324751364e-21,2.0883801806588024e-20,5.5680165410658539e-19,3.5100602425122373e-19,0.97830522603045156,0.75542404958504483,0.75542369349238714,7.7037197775489434e-33
9720,1.1363371054780858e-17,0,4.8279181132356601e-19,2.3207342298760876e-18,7.62182287813435e-18,7.9601302154314207e-21,2.0894122166532335e-20,5.5801695748396212e-19,3.5115092558092054e-19,0.97830662500524768,0.75542369349238714,0.75542334374868814,9.2444637330587321e-33
9735,1.1363371054780858e-17,0,4.8236839047449886e-19,2.3193015121977672e-18,7.6223085341351927e-18,7.9601413930536549e-21,2.0904407099131398e-20,5.592323699245158e-19,3.5129569955668574e-19,0.97830799874431829,0.75542334374868814,0.7554230003139204,1.2325951644078309e-32
9750,1.1363371054780858e-17,0,4.8194714334410882e-19,2.317875573367491e-18,7.62278529217821e-18,7.9601523666353507e-21,2.091465672428413e-20,5.6044788996753659e-19,3.5144034683257699e-19,0.97830934740663689,0.7554230003139204,0.75542266314834072,1.6948183510607676e-32
9765,1.1363371054780858e-17,0,4.8152805705040517e-19,2.3164563738988968e-18,7.6232532053131022e-18,7.9601631374608339e-21,2.0924871161489797e-20,5.6166351616070915e-19,3.5158486805877586e-19,0.97831067115004833,0.75542266314834072,0.75542233221248789,2.0029671421627253e-32
9780,1.1363371054780858e-17,0,4.8111111878977586e-19,2.3150438745344403e-18,7.6237123262782946e-18,7.9601737068053305e-21,2.0935050529849334e-20,5.6287924706006411e-19,3.5172926388161043e-19,0.97831197013127891,0.75542233221248789,0.75542200746718025,1.6948183510607676e-32
9795,1.1363371054780858e-17,0,4.8069631583647645e-19,2.3136380362441181e-18,7.6241627075027356e-18,7.9601840759350386e-21,2.0945194948066612e-20,5.6409508122992895e-19,3.5187353494358008e-19,0.97831324450594548,0.75542200746718025,0.75542168887351369,1.5407439555097887e-32
9810,1.1363371054780858e-17,0,4.8028363554212399e-19,2.3122388202241935e-18,7.6246044011077086e-18,7.9601942461072114e-21,2.0955304534449719e-20,5.6531101724288162e-19,3.5201768188337792e-19,0.97831449442856544,0.75542168887351369,0.75542137639285867,1.3866695599588098e-32
9825,1.1363371054780858e-17,0,4.7987306533519354e-19,2.310846187895929e-18,7.6250374589086238e-18,7.960204218570211e-21,2.0965379406912224e-20,5.6652705367970299e-19,3.5216170533591387e-19,0.97831572005256351,0.75542137639285867,0.7554210699868591,1.2325951644078309e-32
9840,1.1363371054780858e-17,0,4.7946459272051941e-19,2.3094601009043225e-18,7.6254619324167979e-18,7.9602139945635961e-21,2.0975419682974453e-20,5.677431891293293e-19,3.523056059323379e-19,0.9783169215302826,0.7554210699868591,0.75542076961742932,1.2325951644078309e-32
9855,1.1363371054780858e-17,0,4.7905820527880042e-19,2.3080805211168596e-18,7.6258778728412338e-18,7.9602235753181937e-21,2.098542547976474e-20,5.6895942218880569e-19,3.5244938430006318e-19,0.97831809901299227,0.75542076961742932,0.75542047524675193,1.2325951644078309e-32
9870,1.1363371054780858e-17,0,4.7865389066610763e-19,2.3067074106222582e-18,7.6262853310903766e-18,7.9602329620561646e-21,2.0995396914020707e-20,5.7017575146323948e-19,3.5259304106278798e-19,0.97831925265089714,0.75542047524675193,0.75542018683727574,1.2325951644078309e-32
9885,1.1363371054780858e-17,0,4.7825163661339716e-19,2.3053407317292281e-18,7.6266843577738672e-18,7.9602421559910748e-21,2.1005334102090493e-20,5.7139217556575396e-19,3.5273657684051868e-19,0.97832038259314547,0.75542018683727574,0.75541990435171358,1.0785207688568521e-32
9900,1.1363371054780858e-17,0,4.7785143092602649e-19,2.3039804469652331e-18,7.6270750032042897e-18,7.9602511583279695e-21,2.1015237159934028e-20,5.7260869311744233e-19,3.5287999224959232e-19,0.97832148898783833,0.75541990435171358,0.75541962775304039,1.2325951644078309e-32
9915,1.1363371054780858e-17,0,4.7745326148327396e-19,2.302626519075262e-18,7.6274573173989061e-18,7.9602599702634352e-21,2.1025106203124279e-20,5.7382530274732125e-19,3.5302328790269842e-19,0.97832257198203709,0.75541962775304039,0.7554193570044907,9.2444637330587321e-33
9930,1.1363371054780858e-17,0,4.7705711623786239e-19,2.3012789110206088e-18,7.6278313500813572e-18,7.9602685929856742e-21,2.1034941346848498e-20,5.7504200309228721e-19,3.5316646440890169e-19,0.97832363172177295,0.7554193570044907,0.75541909206955671,6.1629758220391547e-33
9945,1.1363371054780858e-17,0,4.766629832154848e-19,2.2999375859776432e-18,7.6281971506834052e-18,7.960277027674567e-21,2.1044742705909455e-20,5.762587927970689e-19,3.5330952237366318e-19,0.97832466835205423,0.75541909206955671,0.75541883291198642,7.7037197775489434e-33
9960,1.1363371054780858e-17,0,4.7627085051433796e-19,2.298602507336613e-18,7.6285547683466272e-18,7.960285275501744e-21,2.1054510394726672e-20,5.7747567051418443e-19,3.5345246239886283e-19,0.97832568201687509,0.75541883291198642,0.75541857949578128,3.0814879110195774e-33
9975,1.1363371054780858e-17,0,4.7588070630465354e-19,2.2972736387004271e-18,7.6289042519240897e-18,7.9602933376306534e-21,2.1064244527337678e-20,5.7869263490389472e-19,3.5359528508282071e-19,0.97832667285922437,0.75541857949578128,0.75541833178519391,4.622231866529366e-33
9990,1.1363371054780858e-17,0,4.7549253882823671e-19,2.2959509438834581e-18,7.6292456499820652e-18,7.9603012152166245e-21,2.1073945217399227e-20,5.799096846341597e-19,3.5373799102031863e-19,0.97832764102109315,0.75541833178519391,0.75541808974472668,1.5407439555097887e-33
10005,1.1363371054780858e-17,0,4.7510633639800752e-19,2.2946343869103549e-18,7.6295790108016806e-18,7.9603089094069277e-21,2.1083612578188528e-20,5.8112681838059515e-19,3.5388058080262201e-19,0.97832858664348177,0.75541808974472668,0.75541785333912959,1.5407439555097887e-33
10020,1.1363371054780858e-17,0,4.7472208739754514e-19,2.2933239320148473e-18,7.6299043823805924e-18,7.96031642134085e-21,2.1093246722604478e-20,5.8234403482642783e-19,3.5402305501750025e-19,0.97832950986640943,0.75541785333912959,0.75541762253339761,1.5407439555097887e-33
10035,1.1363371054780858e-17,0,4.74339780280635e-19,2.292019543638568e-18,7.6302218124346346e-18,7.9603237521497443e-21,2.1102847763168849e-20,5.8356133266245113e-19,3.5416541424924862e-19,0.97833041082892058,0.75541762253339761,0.7554173972927698,3.0814879110195774e-33
10050,1.1363371054780858e-17,0,4.739594035708212e-19,2.2907211864298771e-18,7.6305313483994803e-18,7.9603309029571123e-21,2.1112415812027556e-20,5.8477871058698291e-19,3.5430765907870911e-19,0.97833128966909444,0.7554173972927698,0.75541717758272642,3.0814879110195774e-33
10065,1.1363371054780858e-17,0,4.7358094586096079e-19,2.2894288252426923e-18,7.6308330374322592e-18,7.9603378748786482e-21,2.1121950980951825e-20,5.8599616730582145e-19,3.5444979008329086e-19,0.97833214652405076,0.75541717758272642,0.75541696336898734,4.622231866529366e-33
10080,1.1363371054780858e-17,0,4.7320439581278101e-19,2.2881424251353238e-18,7.6311269264131921e-18,7.9603446690223156e-21,2.1131453381339449e-20,5.8721370153220328e-19,3.545918078369916e-19,0.97833298152995907,0.75541696336898734,0.75541675461751023,6.1629758220391547e-33
10095,1.1363371054780858e-17,0,4.7282974215644058e-19,2.2868619513693181e-18,7.6314130619472169e-18,7.960351286488398e-21,2.1140923124215934e-20,5.8843131198675942e-19,3.5473371291041746e-19,0.97833379482204519,0.75541675461751023,0.7554165512944887,3.0814879110195774e-33
10110,1.1363371054780858e-17,0,4.7245697369009414e-19,2.2855873694083053e-18,7.6316914903655735e-18,7.9603577283695705e-21,2.1150360320235776e-20,5.8964899739747333e-19,3.5487550587080421e-19,0.97833458653459993,0.7554165512944887,0.75541635336635005,3.0814879110195774e-33
10125,1.1363371054780858e-17,0,4.7208607927946034e-19,2.2843186449168522e-18,7.6319622577274313e-18,7.9603639957509456e-21,2.115976507968358e-20,5.9086675649963928e-19,3.5501718728203695e-19,0.97833535680098438,0.75541635336635005,0.75541616079975393,4.622231866529366e-33
10140,1.1363371054780858e-17,0,4.7171704785739076e-19,2.2830557437593278e-18,7.6322254098214542e-18,7.9603700897101442e-21,2.1169137512475331e-20,5.9208458803582033e-19,3.5515875770467062e-19,0.97833610575363905,0.75541616079975393,0.75541597356159018,7.7037197775489434e-33
10155,1.1363371054780858e-17,0,4.7134986842344561e-19,2.2817986319987645e-18,7.6324809921674078e-18,7.9603760113173606e-21,2.1178477728159534e-20,5.933024907558054e-19,3.5530021769595004e-19,0.97833683352409173,0.75541597356159018,0.75541579161897709,7.7037197775489434e-33
10170,1.1363371054780858e-17,0,4.7098453004346982e-19,2.2805472758957281e-18,7.6327290500176956e-18,7.960381761635407e-21,2.1187785835918443e-20,5.9452046341656888e-19,3.5544156780982991e-19,0.97833754024296293,0.75541579161897709,0.75541561493925924,1.0785207688568521e-32
10185,1.1363371054780858e-17,0,4.7062102184917311e-19,2.2793016419072013e-18,7.6329696283589564e-18,7.9603873417197759e-21,2.1197061944569199e-20,5.9573850478222957e-19,3.5558280859699456e-19,0.97833822603997367,0.75541561493925924,0.75541544349000656,1.3866695599588098e-32
10200,1.1363371054780858e-17,0,4.7025933303771262e-19,2.2780616966854636e-18,7.6332027719135962e-18,7.9603927526187043e-21,2.1206306162565053e-20,5.9695661362400807e-19,3.5572394060487749e-19,0.97833889104395289,0.75541544349000656,0.75541527723901181,1.5407439555097887e-32
10215,1.1363371054780858e-17,0,4.6989945287128011e-19,2.2768274070769803e-18,7.6334285251413334e-18,7.9603979953732266e-21,2.1215518597996536e-20,5.9817478872018831e-19,3.5586496437768136e-19,0.97833953538284479,0.75541527723901181,0.7554151161542888,2.4651903288156619e-32
10230,1.1363371054780858e-17,0,4.6954137067668951e-19,2.2755987401212989e-18,7.6336469322407596e-18,7.960403071017224e-21,2.122469935859261e-20,5.9939302885607529e-19,3.5600588045639728e-19,0.9783401591837142,0.7554151161542888,0.7554149602040714,2.7733391199176196e-32
10245,1.1363371054780858e-17,0,4.6918507584496989e-19,2.274375663049951e-18,7.6338580371508323e-18,7.9604079805775016e-21,2.1233848551721879e-20,6.0061133282395618e-19,3.5614668937882358e-19,0.97834076257275626,0.7554149602040714,0.75541480935681093,2.4651903288156619e-32
10260,1.1363371054780858e-17,0,4.6883055783096059e-19,2.2731581432853549e-18,7.6340618835523978e-18,7.9604127250738123e-21,2.1242966284393722e-20,6.0182969942305846e-19,3.562873916795857e-19,0.97834134567529951,0.75541480935681093,0.75541466358117515,3.3896367021215351e-32
10275,1.1363371054780858e-17,0,4.6847780615290768e-19,2.2719461484397336e-18,7.6342585148697358e-18,7.9604173055189483e-21,2.1252052663259472e-20,6.0304812745951133e-19,3.5642798789015536e-19,0.97834190861581694,0.75541466358117515,0.75541452284604582,3.6977854932234928e-32
10290,1.1363371054780858e-17,0,4.6812681039206616e-19,2.2707396463140285e-18,7.6344479742720192e-18,7.9604217229187613e-21,2.1261107794613591e-20,6.0426661574630582e-19,3.5656847853886893e-19,0.97834245151792854,0.75541452284604582,0.75541438712051789,3.6977854932234928e-32
10305,1.1363371054780858e-17,0,4.6777756019230221e-19,2.2695386048968243e-18,7.634630304674822e-18,7.9604259782722431e-21,2.1270131784394794e-20,6.0548516310325545e-19,3.5670886415094667e-19,0.97834297450441121,0.75541438712051789,0.75541425637389725,4.0059342843254506e-32
10320,1.1363371054780858e-17,0,4.6743004525970104e-19,2.2683429923632798e-18,7.6348055487416122e-18,7.9604300725715607e-21,2.1279124738187237e-20,6.0670376835695718e-19,3.5684914524851103e-19,0.97834347769720309,0.75541425637389725,0.75541413057569917,3.6977854932234928e-32
10335,1.1363371054780858e-17,0,4.6708425536217501e-19,2.2671527770740611e-18,7.6349737488852023e-18,7.960434006802119e-21,2.1288086761221651e-20,6.0792243034075187e-19,3.5698932235060581e-19,0.9783439612174113,0.75541413057569917,0.7554140096956472,3.6977854932234928e-32
10350,1.1363371054780858e-17,0,4.6674018032907585e-19,2.2659679275742839e-18,7.6351349472692431e-18,7.960437781942611e-21,2.1297017958376494e-20,6.091411478946863e-19,3.5712939597321452e-19,0.97834442518531806,0.7554140096956472,0.75541389370367051,3.543711097672514e-32
10365,1.1363371054780858e-17,0,4.6639781005080932e-19,2.2647884125924606e-18,7.6352891858096601e-18,7.9604413989650776e-21,2.1305918434179095e-20,6.1035991986547472e-19,3.5726936662927848e-19,0.97834486972038803,0.75541389370367051,0.75541378256990299,3.2355623065705562e-32
10380,1.1363371054780858e-17,0,4.6605713447845267e-19,2.2636142010394488e-18,7.6354365061761092e-18,7.9604448588349499e-21,2.13147882928068e-20,6.1157874510645993e-19,3.5740923482871545e-19,0.97834529494127331,0.75541378256990299,0.7554136762646817,3.0814879110195774e-32
10395,1.1363371054780858e-17,0,4.6571814362337468e-19,2.2624452620074096e-18,7.6355769497934347e-18,7.9604481625110912e-21,2.1323627638088081e-20,6.127976224775753e-19,3.5754900107843712e-19,0.9783457009658193,0.7554136762646817,0.7554135747585452,2.7733391199176196e-32
10410,1.1363371054780858e-17,0,4.6538082755685894e-19,2.2612815647687754e-18,7.6357105578430722e-18,7.9604513109458678e-21,2.1332436573503723e-20,6.1401655084530819e-19,3.5768866588236811e-19,0.97834608791107225,0.7554135747585452,0.75541347802223191,2.6192647243666408e-32
10425,1.1363371054780858e-17,0,4.650451764097284e-19,2.2601230787752143e-18,7.6358373712644931e-18,7.9604543050851897e-21,2.1341215202187891e-20,6.1523552908266056e-19,3.5782822974146307e-19,0.97834645589328562,0.75541347802223191,0.75541338602667862,2.6192647243666408e-32
10440,1.1363371054780858e-17,0,4.6471118037197366e-19,2.2589697736566022e-18,7.635957430756617e-18,7.9604571458685602e-21,2.1349963626929319e-20,6.1645455606911306e-19,3.5796769315372467e-19,0.97834680502792493,0.75541338602667862,0.75541329874301877,3.0814879110195774e-32
10455,1.1363371054780858e-17,0,4.6437882969238425e-19,2.2578216192200074e-18,7.636070776779226e-18,7.9604598342291269e-21,2.1358681950172402e-20,6.1767363069058677e-19,3.5810705661422184e-19,0.97834713542967477,0.75541329874301877,0.75541321614258128,2.9274135154685985e-32
10470,1.1363371054780858e-17,0,4.6404811467818194e-19,2.2566785854486723e-18,7.636177449554347e-18,7.960462371093724e-21,2.1367370274018305e-20,6.1889275183940698e-19,3.5824632061510643e-19,0.97834744721244404,0.75541321614258128,0.75541313819688893,3.0814879110195774e-32
10485,1.1363371054780858e-17,0,4.6371902569465477e-19,2.2555406425010056e-18,7.6362774890676584e-18,7.9604647573829401e-21,2.1376028700226107e-20,6.2011191841426568e-19,3.583854856456314e-19,0.97834774048937367,0.75541313819688893,0.75541306487765658,3.2355623065705562e-32
10500,1.1363371054780858e-17,0,4.6339155316479786e-19,2.2544077607095781e-18,7.6363709350698734e-18,7.9604669940111373e-21,2.1384657330213885e-20,6.2133112932018658e-19,3.5852455219216824e-19,0.97834801537283966,0.75541306487765658,0.75541299615679014,2.9274135154685985e-32
10515,1.1363371054780858e-17,0,4.6306568756895268e-19,2.2532799105801199e-18,7.6364578270781057e-18,7.9604690818865243e-21,2.1393256265059859e-20,6.2255038346848732e-19,3.5866352073822343e-19,0.9783482719744615,0.75541299615679014,0.7554129320063846,2.1570415377137042e-32
10530,1.1363371054780858e-17,0,4.6274141944445053e-19,2.2521570627905328e-18,7.6365382043772352e-18,7.9604710219111838e-21,2.1401825605503489e-20,6.2376967977674337e-19,3.588023917644565e-19,0.97834851040510595,0.7554129320063846,0.75541287239872346,2.6192647243666408e-32
10545,1.1363371054780858e-17,0,4.6241873938525872e-19,2.2510391881898999e-18,7.6366121060212958e-18,7.9604728149811399e-21,2.1410365451946546e-20,6.2498901716875297e-19,3.5894116574869656e-19,0.97834873077489504,0.75541287239872346,0.75541281730627619,2.6192647243666408e-32
10560,1.1363371054780858e-17,0,4.6209763804162888e-19,2.2499262577975023e-18,7.6366795708347977e-18,7.9604744619863872e-21,2.1418875904454267e-20,6.2620839457450093e-19,3.59079843165959e-19,0.97834893319321004,0.75541281730627619,0.75541276670169744,2.9274135154685985e-32
10575,1.1363371054780858e-17,0,4.6177810611974669e-19,2.2488182428018433e-18,7.6367406374140799e-18,7.9604759638109383e-21,2.1427357062756382e-20,6.274278109301233e-19,3.5921842448846326e-19,0.9783491177686966,0.75541276670169744,0.75541272055782582,3.3896367021215351e-32
10590,1.1363371054780858e-17,0,4.6146013438138601e-19,2.2477151145596741e-18,7.6367953441286602e-18,7.9604773213328801e-21,2.1435809026248308e-20,6.286472651778719e-19,3.5935691018564881e-19,0.97834928460927251,0.75541272055782582,0.75541267884768182,3.543711097672514e-32
10605,1.1363371054780858e-17,0,4.6114371364356439e-19,2.246616844595029e-18,7.6368437291225426e-18,7.9604785354244093e-21,2.1444231893992123e-20,6.2986675626607959e-19,3.594953007241918e-19,0.97834943382213135,0.75541267884768182,0.75541264154446719,3.3896367021215351e-32
10620,1.1363371054780858e-17,0,4.6082883477819991e-19,2.2455234045982642e-18,7.6368858303155421e-18,7.9604796069518858e-21,2.145262576471776e-20,6.310862831491251e-19,3.5963359656802187e-19,0.97834956551374952,0.75541264154446719,0.75541260862156268,3.543711097672514e-32
10635,1.1363371054780858e-17,0,4.605154887117712e-19,2.2444347664250992e-18,7.6369216854046189e-18,7.9604805367758663e-21,2.1460990736824007e-20,6.3230584478739878e-19,3.597717981783384e-19,0.97834967978989018,0.75541260862156268,0.75541258005252743,3.0814879110195774e-32
10650,1.1363371054780858e-17,0,4.6020366642498195e-19,2.2433509020956656e-18,7.6369513318651588e-18,7.9604813257511507e-21,2.146932690837963e-20,6.3352544014726673e-19,3.5990990601362656e-19,0.97834977675560897,0.75541258005252743,0.75541255581109779,2.7733391199176196e-32
10665,1.1363371054780858e-17,0,4.5989335895242343e-19,2.2422717837935631e-18,7.6369748069522798e-18,7.9604819747268303e-21,2.1477634377124448e-20,6.3474506820103896e-19,3.6004792052967423e-19,0.97834985651525985,0.75541255581109779,0.75541253587118506,2.7733391199176196e-32
10680,1.1363371054780858e-17,0,4.5958455738224203e-19,2.2411973838649199e-18,7.6369921477021292e-18,7.9604824845463317e-21,2.1485913240470405e-20,6.3596472792693356e-19,3.6018584217958791e-19,0.97834991917250058,0.75541253587118506,0.75541252020687488,2.9274135154685985e-32
10695,1.1363371054780858e-17,0,4.5927725285581001e-19,2.2401276748174524e-18,7.6370033909331645e-18,7.9604828560474553e-21,2.1494163595502653e-20,6.3718441830904252e-19,3.6032367141380786e-19,0.97834996483029779,0.75541252020687488,0.7554125087924255,3.2355623065705562e-32
10710,1.1363371054780858e-17,0,4.5897143656739452e-19,2.2390626293195395e-18,7.6370085732474283e-18,7.9604830900624166e-21,2.1502385538980563e-20,6.3840413833729917e-19,3.6046140868012506e-19,0.97834999359093122,0.7554125087924255,0.75541250160226725,2.7733391199176196e-32
10725,1.1363371054780858e-17,0,4.5866709976383397e-19,2.2380022201992929e-18,7.6370077310318094e-18,7.960483187417897e-21,2.1510579167338865e-20,6.3962388700744438e-19,3.6059905442369666e-19,0.97835000555600071,0.75541250160226725,0.75541249861099979,2.311115933264683e-32
10740,1.1363371054780858e-17,0,4.583642337442124e-19,2.2369464204436401e-18,7.6370009004593028e-18,7.9604831489350617e-21,2.1518744576688672e-20,6.4084366332099267e-19,3.6073660908706163e-19,0.9783500008264282,0.75541249861099979,0.75541249979339298,2.4651903288156619e-32
10755,1.1363371054780858e-17,0,4.5806282985953783e-19,2.2358952031974065e-18,7.6369881174902854e-18,7.9604829754296399e-21,2.1526881862818525e-20,6.4206346628520035e-19,3.6087407311015649e-19,0.9783499795024676,0.75541249979339298,0.75541250512438307,2.311115933264683e-32
10770,1.1363371054780858e-17,0,4.5776287951242314e-19,2.2348485417624077e-18,7.6369694178737362e-18,7.9604826677119306e-21,2.1534991121195487e-20,6.432832949130314e-19,3.610114469303309e-19,0.97834994168370515,0.75541250512438307,0.75541251457907377,2.0029671421627253e-32
10785,1.1363371054780858e-17,0,4.5746437415676897e-19,2.2338064095965406e-18,7.6369448371484847e-18,7.9604822265868672e-21,2.1543072446966145e-20,6.4450314822312494e-19,3.6114873098236291e-19,0.97834988746906781,0.75541251457907377,0.75541252813273307,2.4651903288156619e-32
10800,1.1363371054780858e-17,0,4.5716730529744632e-19,2.2327687803128863e-18,7.6369144106444523e-18,7.9604816528540325e-21,2.1551125934957699e-20,6.4572302523976346e-19,3.6128592569847435e-19,0.97834981695682521,0.75541252813273307,0.75541254576079364,2.4651903288156619e-32
10815,1.1363371054780858e-17,0,4.5687166448998551e-19,2.231735627678811e-18,7.6368781734838633e-18,7.9604809473077176e-21,2.1559151679679006e-20,6.4694292499283976e-19,3.614230315083463e-19,0.97834973024459626,0.75541254576079364,0.75541256743885099,2.4651903288156619e-32
10830,1.1363371054780858e-17,0,4.5657744334026342e-19,2.2307069256150817e-18,7.636836160582472e-18,7.9604801107369671e-21,2.1567149775321593e-20,6.4816284651782473e-19,3.6156004883913384e-19,0.97834962742935516,0.75541256743885099,0.75541259314266118,2.311115933264683e-32
10845,1.1363371054780858e-17,0,4.5628463350419638e-19,2.2296826481949746e-18,7.6367884066507637e-18,7.9604791439255939e-21,2.1575120315760694e-20,6.4938278885573575e-19,3.6169697811548167e-19,0.97834950860743308,0.75541259314266118,0.7554126228481417,2.0029671421627253e-32
10860,1.1363371054780858e-17,0,4.5599322668743023e-19,2.228662769643395e-18,7.6367349461951659e-18,7.9604780476522407e-21,2.1583063394556335e-20,6.506027510531045e-19,3.6183381975953815e-19,0.97834937387452614,0.7554126228481417,0.75541265653136846,1.5407439555097887e-32
10875,1.1363371054780858e-17,0,4.5570321464503837e-19,2.2276472643360043e-18,7.6366758135192398e-18,7.9604768226904034e-21,2.1590979104954335e-20,6.5182273216194656e-19,3.6197057419097134e-19,0.97834922332569729,0.75541265653136846,0.7554126941685757,1.2325951644078309e-32
10890,1.1363371054780858e-17,0,4.5541458918121621e-19,2.2266361067983474e-18,7.6366110427248783e-18,7.9604754698084827e-21,2.1598867539887303e-20,6.5304273123972811e-19,3.6210724182698281e-19,0.97834905705538389,0.7554126941685757,0.75541273573615397,1.0785207688568521e-32
10905,1.1363371054780858e-17,0,4.5512734214898279e-19,2.2256292717049862e-18,7.6365406677134713e-18,7.9604739897698089e-21,2.1606728791975721e-20,6.5426274734933601e-19,3.6224382308232303e-19,0.97834887515739977,0.75541273573615397,0.75541278121065003,1.3866695599588098e-32
10920,1.1363371054780858e-17,0,4.5484146544987956e-19,2.2246267338786411e-18,7.6364647221871088e-18,7.960472383332696e-21,2.161456295352893e-20,6.5548277955904639e-19,3.6238031836930538e-19,0.97834867772494227,0.75541278121065003,0.7554128305687644,1.6948183510607676e-32
10935,1.1363371054780858e-17,0,4.5455695103367449e-19,2.2236284682893306e-18,7.6363832396497256e-18,7.9604706512504427e-21,2.1622370116546173e-20,6.5670282694249378e-19,3.62516728097821e-19,0.97834846485059257,0.7554128305687644,0.75541288378735183,1.5407439555097887e-32
10950,1.1363371054780858e-17,0,4.542737908980673e-19,2.222634450053518e-18,7.6362962534082757e-18,7.9604687942714265e-21,2.1630150372717601e-20,6.5792288857863983e-19,3.6265305267535339e-19,0.97834823662632675,0.75541288378735183,0.75541294084341826,1.5407439555097887e-32
10965,1.1363371054780858e-17,0,4.5399197708839591e-19,2.2216446544332707e-18,7.6362037965738752e-18,7.9604668131390862e-21,2.1637903813425282e-20,6.5914296355174462e-19,3.6278929250699239e-19,0.97834799314351417,0.75541294084341826,0.7554130017141214,1.5407439555097887e-32
10980,1.1363371054780858e-17,0,4.5371150169734537e-19,2.2206590568354107e-18,7.6361059020629686e-18,7.9604647085919845e-21,2.1645630529744208e-20,6.6036305095133345e-19,3.6292544799544832e-19,0.97834773449292467,0.7554130017141214,0.75541306637676886,1.5407439555097887e-32
10995,1.1363371054780858e-17,0,4.5343235686465952e-19,2.2196776328106838e-18,7.6360026025984554e-18,7.9604624813638466e-21,2.1653330612443306e-20,6.6158314987216965e-19,3.6306151954106654e-19,0.97834746076473389,0.75541306637676886,0.75541313480881656,1.5407439555097887e-32
11010,1.1363371054780858e-17,0,4.531545347768523e-19,2.2187003580529216e-18,7.6358939307108378e-18,7.9604601321835766e-21,2.166100415198646e-20,6.6280325941422194e-19,3.6319750754184126e-19,0.9783471720485245,0.75541313480881656,0.75541320698786885,1.0785207688568521e-32
11025,1.1363371054780858e-17,0,4.5287802766692376e-19,2.2177272083982137e-18,7.6357799187393345e-18,7.9604576617753183e-21,2.1668651238533498e-20,6.6402337868263675e-19,3.6333341239343003e-19,0.97834686843329455,0.75541320698786885,0.75541328289167642,9.2444637330587321e-33
11040,1.1363371054780858e-17,0,4.5260282781407507e-19,2.2167581598240843e-18,7.6356605988330134e-18,7.9604550708584696e-21,2.1676271961941182e-20,6.6524350678770722e-19,3.6346923448916682e-19,0.97834655000745863,0.75541328289167642,0.7554133624981354,1.0785207688568521e-32
11055,1.1363371054780858e-17,0,4.5232892754342822e-19,2.215793188448673e-18,7.6355360029519114e-18,7.9604523601477221e-21,2.1683866411764195e-20,6.6646364284484412e-19,3.6360497422007641e-19,0.97834621685885292,0.7554133624981354,0.7554134457852868,1.2325951644078309e-32
11070,1.1363371054780858e-17,0,4.5205631922574578e-19,2.2148322705299221e-18,7.635406162868132e-18,7.9604495303531e-21,2.1691434677256186e-20,6.676837859745465e-19,3.6374063197488794e-19,0.97834586907473997,0.7554134457852868,0.75541353273131495,1.3866695599588098e-32
11085,1.1363371054780858e-17,0,4.5178499527715233e-19,2.2138753824647628e-18,7.6352711101669553e-18,7.9604465821799962e-21,2.1698976847370706e-20,6.6890393530237331e-19,3.6387620814004876e-19,0.97834550674181309,0.75541353273131495,0.75541362331454676,1.5407439555097887e-32
11100,1.1363371054780858e-17,0,4.5151494815885868e-19,2.212922500788313e-18,7.6351308762479314e-18,7.9604435163292024e-21,2.1706493010762191e-20,6.7012408995891267e-19,3.6401170309973723e-19,0.97834512994620026,0.75541362331454676,0.75541371751344988,1.0785207688568521e-32
11115,1.1363371054780858e-17,0,4.5124617037688845e-19,2.2119736021730727e-18,7.6349854923259626e-18,7.9604403334969303e-21,2.1713983255786985e-20,6.7134424907975476e-19,3.6414711723587753e-19,0.97834473877346639,0.75541371751344988,0.75541381530663343,1.8488927466117464e-32
11130,1.1363371054780858e-17,0,4.5097865448180364e-19,2.2110286634281315e-18,7.6348349894324119e-18,7.960437034374861e-21,2.1721447670504291e-20,6.7256441180546258e-19,3.6428245092815202e-19,0.97834433330861981,0.75541381530663343,0.75541391667284508,1.6948183510607676e-32
11145,1.1363371054780858e-17,0,4.5071239306843529e-19,2.2100876614983738e-18,7.6346793984161455e-18,7.9604336196501875e-21,2.1728886342677154e-20,6.7378457728154309e-19,3.644177045540147e-19,0.97834391363611695,0.75541391667284508,0.75541402159097082,1.6948183510607676e-32
11160,1.1363371054780858e-17,0,4.5044737877561349e-19,2.2091505734636899e-18,7.6345187499446305e-18,7.9604300900056127e-21,2.1736299359773437e-20,6.750047446584194e-19,3.6455287848870496e-19,0.97834347983986258,0.75541402159097082,0.75541413004003433,2.0029671421627253e-32
11175,1.1363371054780858e-17,0,4.5018360428590173e-19,2.2082173765381964e-18,7.634353074504988e-18,7.9604264461194161e-21,2.1743686808966776e-20,6.762249130914024e-19,3.646879731052603e-19,0.97834303200321793,0.75541413004003433,0.75541424199919549,2.311115933264683e-32
11190,1.1363371054780858e-17,0,4.4992106232532839e-19,2.2072880480694545e-18,7.6341824024050569e-18,7.960422688665467e-21,2.175104877713759e-20,6.7744508174066309e-19,3.6482298877452936e-19,0.97834257020900195,0.75541424199919549,0.75541435744774954,2.4651903288156619e-32
11205,1.1363371054780858e-17,0,4.4965974566312586e-19,2.2063625655376968e-18,7.6340067637744333e-18,7.9604188183132653e-21,2.1758385350873994e-20,6.7866524977120397e-19,3.6495792586518518e-19,0.97834209453949683,0.75541435744774954,0.75541447636512582,2.4651903288156619e-32
11220,1.1363371054780858e-17,0,4.4939964711146686e-19,2.2054409065550561e-18,7.6338261885655388e-18,7.9604148357279626e-21,2.176569661647279e-20,6.798854163528324e-19,3.6509278474373817e-19,0.97834160507645029,0.75541447636512582,0.75541459873088745,2.4651903288156619e-32
11235,1.1363371054780858e-17,0,4.4914075952520454e-19,2.2045230488648009e-18,7.6336407065546386e-18,7.9604107415704085e-21,2.1772982659940421e-20,6.8110558066013257e-19,3.6522756577454844e-19,0.97834110190108126,0.75541459873088745,0.75541472452472969,2.1570415377137042e-32
11250,1.1363371054780858e-17,0,4.4888307580161375e-19,2.2036089703405724e-18,7.633450347342883e-18,7.9604065364971677e-21,2.1780243566993914e-20,6.823257418724379e-19,3.653622693198393e-19,0.97834058509408206,0.75541472452472969,0.75541485372647954,2.1570415377137042e-32
11265,1.1363371054780858e-17,0,4.4862658888013248e-19,2.2026986489856274e-18,7.6332551403573413e-18,7.9604022211605586e-21,2.1787479423061863e-20,6.8354589917380399e-19,3.6549689573970963e-19,0.97834005473562313,0.75541485372647954,0.75541498631609416,2.0029671421627253e-32
11280,1.1363371054780858e-17,0,4.4837129174210885e-19,2.201792062932088e-18,7.6330551148520174e-18,7.9603977962086853e-21,2.1794690313285345e-20,6.8476605175298236e-19,3.656314453921457e-19,0.97833951090535698,0.75541498631609416,0.7554151222736607,2.311115933264683e-32
11295,1.1363371054780858e-17,0,4.4811717741054542e-19,2.2008891904401895e-18,7.632850299908868e-18,7.9603932622854539e-21,2.1801876322518884e-20,6.8598619880339258e-19,3.6576591863303534e-19,0.97833895368242041,0.7554151222736607,0.75541526157939487,2.4651903288156619e-32
11310,1.1363371054780858e-17,0,4.4786423894984807e-19,2.1999900098975382e-18,7.6326407244388115e-18,7.9603886200306281e-21,2.1809037535331404e-20,6.87206339523096e-19,3.659003158161789e-19,0.97833838314544075,0.75541526157939487,0.75541540421363984,2.311115933264683e-32
11325,1.1363371054780858e-17,0,4.476124694655749e-19,2.1990944998183683e-18,7.6324264171827287e-18,7.9603838700798296e-21,2.1816174036007139e-20,6.884264731147688e-19,3.6603463729330272e-19,0.9783377993725364,0.75541540421363984,0.7554155501568659,2.9274135154685985e-32
11340,1.1363371054780858e-17,0,4.473618621041875e-19,2.1982026388428103e-18,7.6322074067124759e-18,7.9603790130645933e-21,2.1823285908546586e-20,6.8964659878567664e-19,3.6616888341407039e-19,0.97833720244132361,0.7554155501568659,0.75541569938966913,2.6192647243666408e-32
11355,1.1363371054780858e-17,0,4.4711241005280383e-19,2.1973144057361563e-18,7.6319837214318512e-18,7.9603740496123752e-21,2.1830373236667467e-20,6.9086671574764676e-19,3.6630305452609601e-19,0.97833659242891724,0.75541569938966913,0.75541585189277072,2.311115933264683e-32
11370,1.1363371054780858e-17,0,4.468641065389519e-19,2.1964297793881304e-18,7.6317553895776023e-18,7.9603689803466019e-21,2.1837436103805624e-20,6.9208682321704329e-19,3.6643715097495559e-19,0.9783359694119369,0.75541585189277072,0.75541600764701577,2.311115933264683e-32
11385,1.1363371054780858e-17,0,4.4661694483032607e-19,2.1955487388121667e-18,7.6315224392204e-18,7.9603638058866854e-21,2.1844474593115964e-20,6.9330692041474091e-19,3.6657117310419978e-19,0.97833533346650881,0.75541600764701577,0.75541616663337274,2.4651903288156619e-32
11400,1.1363371054780858e-17,0,4.4637091823454386e-19,2.1946712631446935e-18,7.6312848982658152e-18,7.9603585268480493e-21,2.1851488787473369e-20,6.9452700656609853e-19,3.66705121255365e-19,0.97833468466826912,0.75541616663337274,0.75541632883293275,2.0029671421627253e-32
11415,1.1363371054780858e-17,0,4.4612602009890542e-19,2.1937973316444101e-18,7.6310427944552849e-18,7.9603531438421762e-21,2.1858478769473664e-20,6.9574708090093435e-19,3.6683899576798636e-19,0.97833402309236961,0.75541632883293275,0.7554164942269076,2.1570415377137042e-32
11430,1.1363371054780858e-17,0,4.4588224381015386e-19,2.1929269236915814e-18,7.6307961553670827e-18,7.9603476574766038e-21,2.1865444621434472e-20,6.969671426534994e-19,3.6697279697960892e-19,0.978333348813477,0.7554164942269076,0.75541666279663078,2.1570415377137042e-32
11445,1.1363371054780858e-17,0,4.4563958279423767e-19,2.1920600187873302e-18,7.6305450084172683e-18,7.9603420683549952e-21,2.1872386425396204e-20,6.9818719106245354e-19,3.6710652522579951e-19,0.97833266190578205,0.75541666279663078,0.75541683452355446,1.6948183510607676e-32
11460,1.1363371054780858e-17,0,4.4539803051607278e-19,2.1911965965529299e-18,7.6302893808606377e-18,7.9603363770771226e-21,2.1879304263122905e-20,6.9940722537083919e-19,3.6724018084015899e-19,0.97833196244299725,0.75541683452355446,0.75541700938925072,2.0029671421627253e-32
11475,1.1363371054780858e-17,0,4.4515758047930894e-19,2.1903366367291085e-18,7.6300292997916926e-18,7.960330584238923e-21,2.188619821610322e-20,7.0062724482605626e-19,3.6737376415433321e-19,0.97833125049836389,0.75541700938925072,0.75541718737540897,1.8488927466117464e-32
11490,1.1363371054780858e-17,0,4.4491822622609532e-19,2.1894801191753527e-18,7.6297647921455478e-18,7.9603246904325264e-21,2.1893068365551244e-20,7.0184724867983823e-19,3.6750727549802483e-19,0.97833052614465499,0.75541718737540897,0.75541736846383623,1.5407439555097887e-32
11505,1.1363371054780858e-17,0,4.4467996133684935e-19,2.188627023869213e-18,7.6294958846988958e-18,7.9603186962462625e-21,2.1899914792407523e-20,7.0306723618822619e-19,3.6764071519900511e-19,0.97832978945417703,0.75541736846383623,0.75541755263645571,1.5407439555097887e-32
11520,1.1363371054780858e-17,0,4.4444277943002594e-19,2.1877773309056222e-18,7.6292226040709217e-18,7.9603126022647005e-21,2.1906737577339841e-20,7.04287206611544e-19,3.6777408358312513e-19,0.97832904049877389,0.75541755263645571,0.75541773987530658,1.3866695599588098e-32
11535,1.1363371054780858e-17,0,4.4420667416188745e-19,2.1869310204962081e-18,7.6289449767242375e-18,7.9603064090686799e-21,2.191353680074421e-20,7.055071592143762e-19,3.6790738097432684e-19,0.97832827934983113,0.75541773987530658,0.75541793016254222,7.7037197775489434e-33
11550,1.1363371054780858e-17,0,4.439716392262775e-19,2.1860880729686114e-18,7.6286630289657827e-18,7.9603001172353311e-21,2.192031254274573e-20,7.0672709326554029e-19,3.6804060769465537e-19,0.97832750607827879,0.75541793016254222,0.75541812348043025,1.0785207688568521e-32
11565,1.1363371054780858e-17,0,4.4373766835439291e-19,2.1852484687658151e-18,7.6283767869477692e-18,7.9602937273380953e-21,2.1927064883199484e-20,7.0794700803806553e-19,3.6817376406426895e-19,0.97832672075459326,0.75541812348043025,0.75541831981135166,7.7037197775489434e-33
11580,1.1363371054780858e-17,0,4.4350475531456072e-19,2.1844121884454685e-18,7.6280862766685642e-18,7.9602872399467589e-21,2.193379390169145e-20,7.0916690280916628e-19,3.683068504014511e-19,0.97832592344880154,0.75541831981135166,0.75541851913779956,9.2444637330587321e-33
11595,1.1363371054780858e-17,0,4.4327289391201396e-19,2.1835792126792211e-18,7.6277915239736037e-18,7.9602806556274805e-21,2.1940499677539351e-20,7.1038677686022012e-19,3.6843986702262131e-19,0.97832511423048507,0.75541851913779956,0.75541872144237876,1.2325951644078309e-32
11610,1.1363371054780858e-17,0,4.4304207798866955e-19,2.1827495222520598e-18,7.6274925545562939e-18,7.9602739749428138e-21,2.1947182289793585e-20,7.1160662947674228e-19,3.685728142423462e-19,0.97832429316878233,0.75541872144237876,0.75541892670780442,1.0785207688568521e-32
11625,1.1363371054780858e-17,0,4.428123014229085e-19,2.1819230980616427e-18,7.6271893939588922e-18,7.9602671984517223e-21,2.1953841817238086e-20,7.1282645994836428e-19,3.6870569237335024e-19,0.97832346033239026,0.75541892670780442,0.75541913491690238,1.0785207688568521e-32
11640,1.1363371054780858e-17,0,4.4258355812935544e-19,2.1810999211176472e-18,7.6268820675734108e-18,7.9602603267096277e-21,2.1960478338391201e-20,7.1404626756880757e-19,3.6883850172652695e-19,0.97832261578957069,0.75541913491690238,0.7554193460526073,9.2444637330587321e-33
11655,1.1363371054780858e-17,0,4.4235584205866247e-19,2.1802799725411135e-18,7.6265706006424896e-18,7.9602533602684126e-21,2.1967091931506595e-20,7.1526605163586295e-19,3.6897124261094997e-19,0.97832175960815038,0.7554193460526073,0.75541956009796241,4.622231866529366e-33
11670,1.1363371054780858e-17,0,4.421291471972913e-19,2.1794632335637996e-18,7.6262550182602684e-18,7.9602462996764572e-21,2.1973682674574093e-20,7.1648581145136542e-19,3.6910391533388291e-19,0.97832089185552584,0.75541956009796241,0.75541977703611851,1.5407439555097887e-33
11685,1.1363371054780858e-17,0,4.4190346756729868e-19,2.1786496855275304e-18,7.625935345373267e-18,7.9602391454786595e-21,2.1980250645320566e-20,7.1770554632117121e-19,3.6923652020079128e-19,0.97832001259866541,0.75541977703611851,0.75541999685033367,0
11700,1.1363371054780858e-17,0,4.416787972261225e-19,2.1778393098835616e-18,7.6256116067812616e-18,7.9602318982164528e-21,2.1986795921210798e-20,7.1892525555513594e-19,3.6936905751535205e-19,0.97831912190411163,0.75541999685033367,0.75542021952397209,4.622231866529366e-33
11715,1.1363371054780858e-17,0,4.4145513026637115e-19,2.1770320881919358e-18,7.6252838271381246e-18,7.960224558427853e-21,2.1993318579448375e-20,7.2014493846709016e-19,3.6950152757946503e-19,0.97831821983798717,0.75542021952397209,0.75542044504050321,6.1629758220391547e-33
11730,1.1363371054780858e-17,0,4.4123246081560899e-19,2.176228002120852e-18,7.6249520309526965e-18,7.9602171266474592e-21,2.1999818696976509e-20,7.2136459437481835e-19,3.6963393069326282e-19,0.9783173064659948,0.75542044504050321,0.75542067338350127,4.622231866529366e-33
11745,1.1363371054780858e-17,0,4.4101078303614998e-19,2.1754270334460302e-18,7.6246162425896383e-18,7.9602096034064774e-21,2.2006296350478923e-20,7.2258422260003561e-19,3.6976626715512147e-19,0.97831638185341996,0.75542067338350127,0.75542090453664501,3.0814879110195774e-33
11760,1.1363371054780858e-17,0,4.407900911248471e-19,2.1746291640500903e-18,7.6242764862702783e-18,7.960201989232766e-21,2.2012751616380735e-20,7.2380382246836458e-19,3.6989853726167139e-19,0.9783154460651371,0.75542090453664501,0.75542113848371573,7.7037197775489434e-33
11775,1.1363371054780858e-17,0,4.4057037931288612e-19,2.1738343759219229e-18,7.6239327860734372e-18,7.9601942846508308e-21,2.201918457084925e-20,7.2502339330931326e-19,3.7003074130780637e-19,0.97831449916560831,0.75542113848371573,0.75542137520859787,9.2444637330587321e-33
11790,1.1363371054780858e-17,0,4.4035164186557961e-19,2.1730426511560701e-18,7.6235851659362886e-18,7.9601864901818798e-21,2.2025595289794883e-20,7.2624293445625403e-19,3.7016287958669531e-19,0.97831354121889047,0.75542137520859787,0.75542161469527735,4.622231866529366e-33
11805,1.1363371054780858e-17,0,4.4013387308216262e-19,2.1722539719521107e-18,7.6232336496551823e-18,7.9601786063438165e-21,2.2031983848871954e-20,7.2746244524640043e-19,3.7029495238979189e-19,0.97831257228863444,0.75542161469527735,0.75542185692784136,6.1629758220391547e-33
11820,1.1363371054780858e-17,0,4.3991706729558907e-19,2.1714683206140466e-18,7.6228782608864653e-18,7.9601706336512704e-21,2.2038350323479566e-20,7.2868192502078514e-19,3.7042696000684422e-19,0.97831159243808863,0.75542185692784136,0.75542210189047787,4.622231866529366e-33
11835,1.1363371054780858e-17,0,4.3970121887232996e-19,2.170685679549691e-18,7.6225190231473214e-18,7.9601625726156317e-21,2.2044694788762448e-20,7.2990137312423867e-19,3.7055890272590537e-19,0.97831060173010309,0.75542210189047787,0.75542234956747423,4.622231866529366e-33
11850,1.1363371054780858e-17,0,4.3948632221217273e-19,2.1699060312700658e-18,7.6221559598165603e-18,7.9601544237450705e-21,2.20510173196118e-20,7.3112078890536827e-19,3.7069078083334364e-19,0.97830960022713265,0.75542234956747423,0.75542259994321681,1.0785207688568521e-32
11865,1.1363371054780858e-17,0,4.392723717480214e-19,2.1691293583887961e-18,7.6217890941354526e-18,7.9601461875445475e-21,2.2057317990666118e-20,7.3234017171653483e-19,3.7082259461385197e-19,0.97830858799123721,0.75542259994321681,0.7554228530021907,1.0785207688568521e-32
11880,1.1363371054780858e-17,0,4.3905936194569837e-19,2.168355643621511e-18,7.6214184492085415e-18,7.9601378645158429e-21,2.2063596876312031e-20,7.3355952091383237e-19,3.7095434435045843e-19,0.97830756508408601,0.7554228530021907,0.75542310872897844,1.2325951644078309e-32
11895,1.1363371054780858e-17,0,4.3884728730374777e-19,2.167584869785251e-18,7.6210440480044262e-18,7.9601294551575857e-21,2.2069854050685152e-20,7.3477883585706638e-19,3.7108603032453536e-19,0.9783065315669609,0.75542310872897844,0.75542336710825975,1.0785207688568521e-32
11910,1.1363371054780858e-17,0,4.3863614235323961e-19,2.1668170197978716e-18,7.6206659133565759e-18,7.9601209599652592e-21,2.2076089587670918e-20,7.3599811590973366e-19,3.7121765281580975e-19,0.97830548750075741,0.75542336710825975,0.75542362812481068,9.2444637330587321e-33
11925,1.1363371054780858e-17,0,4.384259216575744e-19,2.166052076677459e-18,7.6202840679641244e-18,7.9601123794312333e-21,2.2082303560905382e-20,7.3721736043899925e-19,3.7134921210237272e-19,0.97830443294598801,0.75542362812481068,0.755423891763503,9.2444637330587321e-33
11940,1.1363371054780858e-17,0,4.382166198122913e-19,2.1652900235417362e-18,7.6198985343926473e-18,7.9601037140447965e-21,2.2088496043776072e-20,7.3843656881567782e-19,3.7148070846068931e-19,0.97830336796278672,0.755423891763503,0.75542415800930329,4.622231866529366e-33
11955,1.1363371054780858e-17,0,4.3800823144487372e-19,2.164530843607493e-18,7.6195093350749638e-18,7.9600949642921455e-21,2.2094667109422796e-20,7.3965574041421057e-19,3.7161214216560768e-19,0.97830229261090762,0.75542415800930329,0.75542442684727307,7.7037197775489434e-33
11970,1.1363371054780858e-17,0,4.3780075121456077e-19,2.1637745201899967e-18,7.6191164923118974e-18,7.9600861306564432e-21,2.2100816830738481e-20,7.4087487461264636e-19,3.7174351349036972e-19,0.97830120694973166,0.75542442684727307,0.75542469826256708,7.7037197775489434e-33
11985,1.1363371054780858e-17,0,4.3759417381215563e-19,2.1630210367024228e-18,7.6187200282730587e-18,7.9600772136178166e-21,2.2106945280369982e-20,7.4209397079262049e-19,3.7187482270661923e-19,0.97830011103826686,0.75542469826256708,0.75542497224043326,6.1629758220391547e-33
12000,1.1363371054780858e-17,0,4.3738849395983804e-19,2.1622703766552783e-18,7.618319964997633e-18,7.9600682136533741e-21,2.2113052530718896e-20,7.4331302833933367e-19,3.7200607008441193e-19,0.97829900493515043,0.75542497224043326,0.75542524876621242,6.1629758220391547e-33
12015,1.1363371054780858e-17,0,4.3718370641097637e-19,2.1615225236558383e-18,7.6179163243951195e-18,7.9600591312372451e-21,2.2119138653942383e-20,7.4453204664153174e-19,3.7213725589222531e-19,0.97829788869865308,0.75542524876621242,0.75542552782533678,1.2325951644078309e-32
12030,1.1363371054780858e-17,0,4.3697980594994047e-19,2.1607774614075724e-18,7.6175091282461049e-18,7.9600499668405829e-21,2.2125203721953967e-20,7.4575102509148674e-19,3.722683803969672e-19,0.97829676238667995,0.75542552782533678,0.75542580940333004,9.2444637330587321e-33
12045,1.1363371054780858e-17,0,4.3677678739191884e-19,2.1600351737095925e-18,7.6170983982030384e-18,7.9600407209316094e-21,2.213124780642436e-20,7.4696996308497551e-19,3.7239944386398559e-19,0.97829562605677611,0.75542580940333004,0.75542609348580592,7.7037197775489434e-33
12060,1.1363371054780858e-17,0,4.3657464558273178e-19,2.159295644456088e-18,7.6166841557909544e-18,7.9600313939755933e-21,2.213727097878224e-20,7.4818886002125987e-19,3.7253044655707712e-19,0.97829447976612316,0.75542609348580592,0.75542638005846918,1.0785207688568521e-32
12075,1.1363371054780858e-17,0,4.363733753986504e-19,2.1585588576357656e-18,7.6162664224082348e-18,7.9600219864349113e-21,2.214327331021509e-20,7.4940771530306724e-19,3.7266138873849745e-19,0.97829332357154786,0.75542638005846918,0.75542666910711298,7.7037197775489434e-33
12090,1.1363371054780858e-17,0,4.3617297174621427e-19,2.1578247973313073e-18,7.615845219327366e-18,7.9600124987690527e-21,2.2149254871669998e-20,7.5062652833656996e-19,3.727922706689694e-19,0.97829215752952159,0.75542666910711298,0.7554269606176196,7.7037197775489434e-33
12105,1.1363371054780858e-17,0,4.3597342956205112e-19,2.157093447718812e-18,7.6154205676956598e-18,7.9600029314346282e-21,2.2155215733854395e-20,7.5184529853136642e-19,3.7292309260769195e-19,0.97829098169616235,0.7554269606176196,0.75542725457595938,1.0785207688568521e-32
12120,1.1363371054780858e-17,0,4.3577474381269624e-19,2.1563647930672512e-18,7.6149924885359911e-18,7.9599932848854007e-21,2.2161155967236932e-20,7.5306402530046185e-19,3.7305385481234993e-19,0.97828979612723799,0.75542725457595938,0.75542755096819048,1.3866695599588098e-32
12135,1.1363371054780858e-17,0,4.355769094944152e-19,2.1556388177379297e-18,7.6145610027475364e-18,7.9599835595723144e-21,2.2167075642048218e-20,7.5428270806024767e-19,3.7318455753912243e-19,0.97828860087816982,0.75542755096819048,0.75542784978045752,1.5407439555097887e-32
12150,1.1363371054780858e-17,0,4.3537992163302651e-19,2.1549155061839397e-18,7.6141261311065037e-18,7.9599737559434853e-21,2.2172974828281624e-20,7.555013462304829e-19,3.7331520104269195e-19,0.9782873960040317,0.75542784978045752,0.75542815099899208,1.0785207688568521e-32
12165,1.1363371054780858e-17,0,4.3518377528372419e-19,2.1541948429496288e-18,7.6136878942668554e-18,7.9599638744442499e-21,2.2178853595694091e-20,7.5671993923427515e-19,3.7344578557625323e-19,0.97828618155955582,0.75542815099899208,0.7554284546101111,1.6948183510607676e-32
12180,1.1363371054780858e-17,0,4.3498846553090439e-19,2.1534768126700662e-18,7.6132463127609969e-18,7.9599539155171689e-21,2.2184712013806904e-20,7.579384864980611e-19,3.7357631139152167e-19,0.97828495759913336,0.7554284546101111,0.75542876060021669,1.6948183510607676e-32
12195,1.1363371054780858e-17,0,4.347939874879894e-19,2.1527614000705057e-18,7.6128014070005409e-18,7.959943879602048e-21,2.2190550151906445e-20,7.5915698745158763e-19,3.7370677873874243e-19,0.97828372417681675,0.75542876060021669,0.75542906895579587,1.5407439555097887e-32
12210,1.1363371054780858e-17,0,4.346003362972562e-19,2.1520485899658657e-18,7.6123531972769803e-18,7.959933767135953e-21,2.2196368079045015e-20,7.6037544152789303e-19,3.7383718786669955e-19,0.97828248134632179,0.75542906895579587,0.7554293796634195,2.0029671421627253e-32
12225,1.1363371054780858e-17,0,4.3440750712966388e-19,2.1513383672602012e-18,7.6119017037624024e-18,7.9599235785532426e-21,2.2202165864041598e-20,7.6159384816328852e-19,3.7396753902272315e-19,0.97828122916103144,0.7554293796634195,0.75542969270974214,1.6948183510607676e-32
12240,1.1363371054780858e-17,0,4.342154951846825e-19,2.1506307169461807e-18,7.6114469465102043e-18,7.959913314285572e-21,2.2207943575482643e-20,7.628122067973386e-19,3.7409783245269957e-19,0.9782799676739965,0.75542969270974214,0.75543000808150085,1.5407439555097887e-32
12255,1.1363371054780858e-17,0,4.3402429569012343e-19,2.1499256241045728e-18,7.6109889454557763e-18,7.9599029747619044e-21,2.2213701281722813e-20,7.640305168728439e-19,3.7422806840107903e-19,0.97827869693793701,0.75543000808150085,0.75543032576551572,2.1570415377137042e-32
12270,1.1363371054780858e-17,0,4.3383390390197075e-19,2.1492230739037229e-18,7.6105277204171918e-18,7.9598925604085626e-21,2.2219439050885796e-20,7.6524877783582069e-19,3.7435824711088425e-19,0.97827741700524828,0.75543032576551572,0.7554306457486879,2.7733391199176196e-32
12285,1.1363371054780858e-17,0,4.3364431510421332e-19,2.148523051599046e-18,7.6100632910959052e-18,7.9598820716492028e-21,2.2225156950865015e-20,7.6646698913548507e-19,3.7448836882371933e-19,0.97827612792799801,0.7554306457486879,0.75543096801800047,2.311115933264683e-32
12300,1.1363371054780858e-17,0,4.3345552460867815e-19,2.1478255425325174e-18,7.6095956770774499e-18,7.9598715089048636e-21,2.2230855049324459e-20,7.6768515022423334e-19,3.746184337797771e-19,0.97827482975793223,0.75543096801800047,0.75543129256051689,2.6192647243666408e-32
12315,1.1363371054780858e-17,0,4.3326752775486408e-19,2.1471305321321648e-18,7.6091248978320904e-18,7.9598608725939818e-21,2.2236533413699392e-20,7.6890326055762397e-19,3.7474844221784852e-19,0.97827352254647715,0.75543129256051689,0.75543161936338077,2.6192647243666408e-32
12330,1.1363371054780858e-17,0,4.3308031990977801e-19,2.1464380059115633e-18,7.6086509727155225e-18,7.9598501631323882e-21,2.2242192111197154e-20,7.7012131959435886e-19,3.7487839437533079e-19,0.97827220634473877,0.75543161936338077,0.75543194841381534,2.4651903288156619e-32
12345,1.1363371054780858e-17,0,4.3289389646777018e-19,2.1457479494693365e-18,7.6081739209695461e-18,7.9598393809333513e-21,2.2247831208797901e-20,7.7133932679626682e-19,3.7500829048823468e-19,0.97827088120350814,0.75543194841381534,0.75543227969912297,2.7733391199176196e-32
12360,1.1363371054780858e-17,0,4.3270825285037235e-19,2.1450603484886573e-18,7.607693761722716e-18,7.9598285264075711e-21,2.2253450773255354e-20,7.7255728162828571e-19,3.7513813079119373e-19,0.97826954717326053,0.75543227969912297,0.75543261320668487,3.0814879110195774e-32
12375,1.1363371054780858e-17,0,4.3252338450613537e-19,2.1443751887367548e-18,7.6072105139910222e-18,7.9598175999632184e-21,2.225905087109756e-20,7.7377518355844277e-19,3.7526791551747196e-19,0.97826820430416062,0.75543261320668487,0.75543294892395985,2.9274135154685985e-32
12390,1.1363371054780858e-17,0,4.3233928691046906e-19,2.1436924560644187e-18,7.6067241966785532e-18,7.9598066020059331e-21,2.2264631568627654e-20,7.7499303205783921e-19,3.7539764489897208e-19,0.97826685264606172,0.75543294892395985,0.75543328683848454,2.7733391199176196e-32
12405,1.1363371054780858e-17,0,4.321559555654819e-19,2.1430121364055129e-18,7.6062348285781513e-18,7.9597955329388531e-21,2.2270192931924591e-20,7.7621082660063232e-19,3.7552731916624342e-19,0.97826549224850989,0.75543328683848454,0.75543362693787253,2.6192647243666408e-32
12420,1.1363371054780858e-17,0,4.3197338599982248e-19,2.1423342157764899e-18,7.6057424283720565e-18,7.9597843931626213e-21,2.2275735026843898e-20,7.7742856666401637e-19,3.7565693854848949e-19,0.97826412316074463,0.75543362693787253,0.75543396920981387,2.311115933264683e-32
12435,1.1363371054780858e-17,0,4.3179157376852151e-19,2.1416586802759022e-18,7.6052470146325813e-18,7.9597731830754134e-21,2.2281257919018417e-20,7.7864625172820713e-19,3.7578650327357674e-19,0.97826274543170177,0.75543396920981387,0.75543431364207458,2.4651903288156619e-32
12450,1.1363371054780858e-17,0,4.3161051445283568e-19,2.140985516083928e-18,7.6047486058227209e-18,7.9597619030729446e-21,2.2286761673859055e-20,7.7986388127642446e-19,3.7591601356804207e-19,0.97826135911001522,0.75543431364207458,0.75543466022249617,2.6192647243666408e-32
12465,1.1363371054780858e-17,0,4.3143020366009054e-19,2.1403147094618866e-18,7.6042472202968281e-18,7.959750553548499e-21,2.2292246356555512e-20,7.8108145479487415e-19,3.7604546965710064e-19,0.97825996424401995,0.75543466022249617,0.75543500893899496,2.6192647243666408e-32
12480,1.1363371054780858e-17,0,4.3125063702352657e-19,2.1396462467517704e-18,7.6037428763012341e-18,7.9597391348929184e-21,2.2297712032077034e-20,7.8229897177273197e-19,3.7617487176465364e-19,0.97825856088175056,0.75543500893899496,0.75543535977956233,2.9274135154685985e-32
12495,1.1363371054780858e-17,0,4.3107181020214463e-19,2.1389801143757644e-18,7.6032355919748908e-18,7.9597276474946583e-21,2.2303158765173098e-20,7.8351643170212626e-19,3.7630422011329612e-19,0.97825714907094874,0.75543535977956233,0.75543571273226284,3.0814879110195774e-32
12510,1.1363371054780858e-17,0,4.3089371888055315e-19,2.1383162988357823e-18,7.6027253853499954e-18,7.9597160917397639e-21,2.2308586620374227e-20,7.8473383407812142e-19,3.7643351492432488e-19,0.97825572885905976,0.75543571273226284,0.75543606778523509,3.2355623065705562e-32
12525,1.1363371054780858e-17,0,4.3071635876881594e-19,2.1376547867130006e-18,7.6022122743526277e-18,7.9597044680119137e-21,2.231399566199264e-20,7.8595117839870041e-19,3.7656275641774556e-19,0.9782543002932379,0.75543606778523509,0.7554364249266905,3.543711097672514e-32
12540,1.1363371054780858e-17,0,4.3053972560230072e-19,2.1369955646673844e-18,7.6016962768033589e-18,7.9596927766924295e-21,2.2319385954123041e-20,7.8716846416474885e-19,3.766919448122808e-19,0.97825286342034801,0.7554364249266905,0.755436784144913,3.0814879110195774e-32
12555,1.1363371054780858e-17,0,4.3036381514152899e-19,2.1363386194372373e-18,7.6011774104179065e-18,7.9596810181602833e-21,2.2324757560643287e-20,7.8838569088003886e-19,3.7682108032537754e-19,0.97825141828696616,0.755436784144913,0.75543714542825846,3.543711097672514e-32
12570,1.1363371054780858e-17,0,4.3018862317202689e-19,2.1356839378387358e-18,7.6006556928076995e-18,7.9596691927921104e-21,2.233011054521517e-20,7.8960285805121152e-19,3.7695016317321482e-19,0.97824996493938088,0.75543714542825846,0.75543750876515481,3.6977854932234928e-32
12585,1.1363371054780858e-17,0,4.3001414550417604e-19,2.135031506765477e-18,7.6001311414805259e-18,7.9596573009622511e-21,2.2335444971285076e-20,7.9081996518776116e-19,3.7707919357071097e-19,0.97824850342359915,0.75543750876515481,0.75543787414410024,4.0059342843254506e-32
12600,1.1363371054780858e-17,0,4.2984037797306667e-19,2.1343813131880223e-18,7.5996037738411362e-18,7.9596453430427291e-21,2.2340760902084758e-20,7.920370118020193e-19,3.7720817173153106e-19,0.97824703378534283,0.75543787414410024,0.75543824155366424,4.622231866529366e-32
12615,1.1363371054780858e-17,0,4.296673164383505e-19,2.133733344153446e-18,7.5990736071918416e-18,7.9596333194032958e-21,2.2346058400632021e-20,7.932539974091377e-19,3.7733709786809448e-19,0.97824555607005481,0.75543824155366424,0.75543861098248632,4.622231866529366e-32
12630,1.1363371054780858e-17,0,4.2949495678409524e-19,2.1330875867848879e-18,7.5985406587331226e-18,7.9596212304114261e-21,2.2351337529731444e-20,7.9447092152707402e-19,3.7746597219158213e-19,0.97824407032289795,0.75543861098248632,0.75543898241927554,4.7763062620803449e-32
12645,1.1363371054780858e-17,0,4.2932329491863917e-19,2.1324440282811095e-18,7.5980049455642324e-18,7.9596090764323486e-21,2.2356598351975076e-20,7.9568778367657329e-19,3.7759479491194379e-19,0.97824257658875913,0.75543898241927554,0.75543935585281019,4.9303806576313238e-32
12660,1.1363371054780858e-17,0,4.2915232677444744e-19,2.1318026559160441e-18,7.5974664846837817e-18,7.959596857829059e-21,2.236184092974316e-20,7.9690458338115467e-19,3.7772356623790533e-19,0.97824107491225099,0.75543935585281019,0.7554397312719372,4.7763062620803449e-32
12675,1.1363371054780858e-17,0,4.2898204830796888e-19,2.1311634570383678e-18,7.5969252929903297e-18,7.9595845749623109e-21,2.2367065325204851e-20,7.981213201670939e-19,3.7785228637697609e-19,0.97823956533771028,0.7554397312719372,0.75544010866557243,4.4681574709783872e-32
12690,1.1363371054780858e-17,0,4.288124554994938e-19,2.1305264190710491e-18,7.5963813872829868e-18,7.9595722281906645e-21,2.2372271600318891e-20,7.9933799356340778e-19,3.779809555354558e-19,0.97823804790920443,0.75544010866557243,0.75544048802269892,4.3140830754274083e-32
12705,1.1363371054780858e-17,0,4.2864354435301238e-19,2.129891529510921e-18,7.5958347842619829e-18,7.9595598178704844e-21,2.2377459816834331e-20,8.0055460310183959e-19,3.7810957391844193e-19,0.97823652267053096,0.75544048802269892,0.75544086933236732,4.4681574709783872e-32
12720,1.1363371054780858e-17,0,4.2847531089607407e-19,2.1292587759282452e-18,7.595285500529258e-18,7.9595473443559417e-21,2.2382630036291243e-20,8.0177114831684266e-19,3.7823814172983641e-19,0.97823498966521771,0.75544086933236732,0.75544125258369554,4.4681574709783872e-32
12735,1.1363371054780858e-17,0,4.2830775117964763e-19,2.1286281459662834e-18,7.5947335525890332e-18,7.9595348079990587e-21,2.2387782320021379e-20,8.0298762874556537e-19,3.7836665917235337e-19,0.97823344893652864,0.75544125258369554,0.75544163776586781,4.4681574709783872e-32
12750,1.1363371054780858e-17,0,4.281408612779827e-19,2.1279996273408678e-18,7.5941789568483935e-18,7.9595222091496987e-21,2.2392916729148877e-20,8.0420404392783544e-19,3.7849512644752564e-19,0.97823190052746212,0.75544163776586781,0.7554420248681345,4.622231866529366e-32
12765,1.1363371054780858e-17,0,4.2797463728847167e-19,2.1273732078399759e-18,7.5936217296178518e-18,7.9595095481555883e-21,2.2398033324590989e-20,8.0542039340614535e-19,3.7862354375571147e-19,0.97823034448075408,0.7554420248681345,0.75544241387981148,4.4681574709783872e-32
12780,1.1363371054780858e-17,0,4.2780907533151182e-19,2.1267488753233096e-18,7.59306188711192e-18,7.9594968253623236e-21,2.2403132167058731e-20,8.0663667672563636e-19,3.7875191129610193e-19,0.97822878083887854,0.75544241387981148,0.75544280479028036,4.3140830754274083e-32
12795,1.1363371054780858e-17,0,4.276441715503698e-19,2.1261266177218696e-18,7.5924994454496734e-18,7.9594840411133988e-21,2.2408213317057607e-20,8.0785289343408376e-19,3.788802292667278e-19,0.9782272096440513,0.75544280479028036,0.75544319758898715,3.6977854932234928e-32
12810,1.1363371054780858e-17,0,4.2747992211104538e-19,2.1255064230375413e-18,7.5919344206553222e-18,7.9594711957502149e-21,2.2413276834888244e-20,8.0906904308188219e-19,3.7900849786446619e-19,0.97822563093823067,0.75544319758898715,0.75544359226544233,3.8518598887744717e-32
12825,1.1363371054780858e-17,0,4.2731632320213714e-19,2.1248882793426814e-18,7.5913668286587429e-18,7.9594582896120863e-21,2.2418322780647119e-20,8.1028512522203033e-19,3.7913671728504731e-19,0.97822404476311886,0.75544359226544233,0.75544398880922026,4.1600086798764294e-32
12840,1.1363371054780858e-17,0,4.271533710347081e-19,2.1242721747796983e-18,7.5907966852960502e-18,7.9594453230362554e-21,2.2423351214227239e-20,8.1150113941011706e-19,3.7926488772306153e-19,0.97822245116016326,0.75544398880922026,0.75544438720995921,4.0059342843254506e-32
12855,1.1363371054780858e-17,0,4.2699106184215313e-19,2.1236580975606478e-18,7.5902240063101528e-18,7.9594322963579136e-21,2.2428362195318806e-20,8.1271708520430487e-19,3.7939300937196567e-19,0.97822085017055893,0.75544438720995921,0.75544478745736021,4.1600086798764294e-32
12870,1.1363371054780858e-17,0,4.2682939188006599e-19,2.1230460359668192e-18,7.5896488073512884e-18,7.9594192099102107e-21,2.2433355783409896e-20,8.1393296216531658e-19,3.7952108242408992e-19,0.97821924183525044,0.75544478745736021,0.75544518954118733,4.1600086798764294e-32
12885,1.1363371054780858e-17,0,4.2666835742610833e-19,2.1224359783483344e-18,7.5890711039775783e-18,7.9594060640242683e-21,2.2438332037787131e-20,8.1514876985642139e-19,3.7964910707064458e-19,0.97821762619493291,0.75544518954118733,0.75544559345126672,4.0059342843254506e-32
12900,1.1363371054780858e-17,0,4.2650795477987836e-19,2.1218279131237392e-18,7.5884909116555665e-18,7.9593928590291918e-21,2.2443291017536365e-20,8.1636450784341849e-19,3.7977708350172632e-19,0.97821600329005365,0.75544559345126672,0.75544599917748656,3.6977854932234928e-32
12915,1.1363371054780858e-17,0,4.2634818026278145e-19,2.121221828779604e-18,7.5879082457607621e-18,7.9593795952520851e-21,2.2448232781543342e-20,8.1758017569462407e-19,3.7990501190632522e-19,0.97821437316081394,0.75544599917748656,0.75544640670979657,3.3896367021215351e-32
12930,1.1363371054780858e-17,0,4.2618903021790094e-19,2.1206177138701273e-18,7.5873231215781619e-18,7.9593662730180604e-21,2.2453157388494368e-20,8.1879577298085658e-19,3.8003289247233116e-19,0.97821273584717039,0.75544640670979657,0.7554468160382074,3.2355623065705562e-32
12945,1.1363371054780858e-17,0,4.260305010098689e-19,2.1200155570167366e-18,7.5867355543027953e-18,7.9593528926502527e-21,2.2458064896876991e-20,8.2001129927542286e-19,3.8016072538653958e-19,0.97821109138883644,0.7554468160382074,0.75544722715279089,3.0814879110195774e-32
12960,1.1363371054780858e-17,0,4.2587258902473981e-19,2.1194153469076929e-18,7.5861455590402454e-18,7.9593394544698422e-21,2.2462955364980646e-20,8.2122675415410334e-19,3.802885108346592e-19,0.97820943982528563,0.75544722715279089,0.75544764004367859,3.3896367021215351e-32
12975,1.1363371054780858e-17,0,4.2571529066986268e-19,2.1188170722976999e-18,7.5855531508071792e-18,7.9593259587960504e-21,2.2467828850897315e-20,8.224421371951394e-19,3.8041624900131748e-19,0.97820778119575047,0.75544764004367859,0.75544805470106235,3.543711097672514e-32
12990,1.1363371054780858e-17,0,4.2555860237375501e-19,2.1182207220075191e-18,7.5849583445318678e-18,7.9593124059461668e-21,2.247268541252221e-20,8.2365744797921649e-19,3.8054394007006708e-19,0.97820611553922598,0.75544805470106235,0.75544847111519353,3.3896367021215351e-32
13005,1.1363371054780858e-17,0,4.2540252058597826e-19,2.1176262849235719e-18,7.5843611550547078e-18,7.9592987962355473e-21,2.2477525107554415e-20,8.248726860894539e-19,3.8067158422339251e-19,0.97820444289446984,0.75544847111519353,0.75544888927638254,3.543711097672514e-32
13020,1.1363371054780858e-17,0,4.2524704177701224e-19,2.1170337499975622e-18,7.5837615971287416e-18,7.959285129977637e-21,2.2482347993497531e-20,8.2608785111138832e-19,3.8079918164271644e-19,0.97820276330000455,0.75544888927638254,0.75544930917499886,4.0059342843254506e-32
13035,1.1363371054780858e-17,0,4.2509216243813211e-19,2.1164431062460936e-18,7.5831596854201584e-18,7.9592714074839881e-21,2.2487154127660352e-20,8.2730294263296098e-19,3.809267325084057e-19,0.97820107679412027,0.75544930917499886,0.75544973080146993,3.6977854932234928e-32
13050,1.1363371054780858e-17,0,4.2493787908128451e-19,2.115854342750284e-18,7.582555434508821e-18,7.9592576290642587e-21,2.2491943567157507e-20,8.2851796024450384e-19,3.8105423699977747e-19,0.97819938341487411,0.75544973080146993,0.75545015414628147,3.3896367021215351e-32
13065,1.1363371054780858e-17,0,4.247841882389657e-19,2.1152674486553901e-18,7.5819488588887666e-18,7.9592437950262304e-21,2.249671636891011e-20,8.2973290353872635e-19,3.811816952951058e-19,0.9781976832000927,0.75545015414628147,0.75545057919997682,3.2355623065705562e-32
13080,1.1363371054780858e-17,0,4.2463108646410015e-19,2.1146824131704327e-18,7.5813399729687123e-18,7.9592299056758191e-21,2.2501472589646399e-20,8.3094777211070174e-19,3.8130910757162752e-19,0.97819597618737353,0.75545057919997682,0.75545100595315662,4.0059342843254506e-32
13095,1.1363371054780858e-17,0,4.2447857032991899e-19,2.1140992255678166e-18,7.5807287910725386e-18,7.9592159613170945e-21,2.2506212285902405e-20,8.3216256555785287e-19,3.8143647400554828e-19,0.9781942624140868,0.75545100595315662,0.75545143439647833,3.543711097672514e-32
13110,1.1363371054780858e-17,0,4.2432663642984021e-19,2.1135178751829656e-18,7.5801153274398274e-18,7.9592019622522741e-21,2.2510935514022554e-20,8.3337728347994058e-19,3.8156379477204877e-19,0.97819254191737548,0.75545143439647833,0.75545186452065616,3.8518598887744717e-32
13125,1.1363371054780858e-17,0,4.2417528137734938e-19,2.11293835141395e-18,7.5794995962263162e-18,7.959187908781764e-21,2.2515642330160348e-20,8.3459192547904927e-19,3.8169107004529094e-19,0.97819081473415959,0.75545186452065616,0.75545229631646005,4.0059342843254506e-32
13140,1.1363371054780858e-17,0,4.2402450180588003e-19,2.1123606437211166e-18,7.5788816115044239e-18,7.9591738012041419e-21,2.2520332790278984e-20,8.3580649115957318e-19,3.8181829999842336e-19,0.97818908090113466,0.75545229631646005,0.75545272977471634,4.3140830754274083e-32
13155,1.1363371054780858e-17,0,4.238742943686973e-19,2.1117847416267271e-18,7.5782613872637127e-18,7.9591596398161831e-21,2.2525006950151982e-20,8.3702098012820409e-19,3.8194548480358801e-19,0.97818734045477451,0.75545272977471634,0.75545316488630632,3.8518598887744717e-32
13170,1.1363371054780858e-17,0,4.2372465573877895e-19,2.1112106347145921e-18,7.5776389374114028e-18,7.9591454249128694e-21,2.2529664865363851e-20,8.3823539199391873e-19,3.8207262463192537e-19,0.97818559343133282,0.75545316488630632,0.75545360164216679,3.8518598887744717e-32
13185,1.1363371054780858e-17,0,4.2357558260869973e-19,2.1106383126297122e-18,7.5770142757728363e-18,7.959131156787407e-21,2.2534306591310693e-20,8.3944972636796494e-19,3.8219971965358125e-19,0.97818383986684476,0.75545360164216679,0.75545404003328875,3.543711097672514e-32
13200,1.1363371054780858e-17,0,4.2342707169051485e-19,2.1100677650779149e-18,7.5763874160919685e-18,7.9591168357312237e-21,2.253893218320085e-20,8.4066398286384817e-19,3.8232677003771176e-19,0.97818207979712701,0.75545404003328875,0.75545448005071825,3.0814879110195774e-32
13215,1.1363371054780858e-17,0,4.2327911971564538e-19,2.109498981825504e-18,7.5757583720318348e-18,7.959102462033987e-21,2.2543541696055516e-20,8.4187816109732112e-19,3.8245377595248969e-19,0.9781803132577801,0.75545448005071825,0.75545492168555495,2.6192647243666408e-32
13230,1.1363371054780858e-17,0,4.2313172343476335e-19,2.1089319526989007e-18,7.575127157175047e-18,7.9590880359836203e-21,2.2548135184709376e-20,8.430922606863678e-19,3.8258073756511039e-19,0.97817854028418982,0.75545492168555495,0.7554553649289526,2.4651903288156619e-32
13245,1.1363371054780858e-17,0,4.2298487961767772e-19,2.1083666675842853e-18,7.574493785024249e-18,7.9590735578663184e-21,2.2552712703811242e-20,8.4430628125119366e-19,3.8270765504179689e-19,0.97817676091153005,0.7554553649289526,0.75545580977211746,2.1570415377137042e-32
13260,1.1363371054780858e-17,0,4.228385850532214e-19,2.1078031164272574e-18,7.573858269002587e-18,7.9590590279665395e-21,2.2557274307824624e-20,8.4552022241421138e-19,3.8283452854780631e-19,0.97817497517476071,0.75545580977211746,0.75545625620630985,1.5407439555097887e-32
13275,1.1363371054780858e-17,0,4.2269283654913952e-19,2.1072412892324827e-18,7.5732206224541933e-18,7.9590444465670268e-21,2.2561820051028415e-20,8.467340838000286e-19,3.8296135824743486e-19,0.97817318310863122,0.75545625620630985,0.75545670422284217,1.5407439555097887e-32
13290,1.1363371054780858e-17,0,4.2254763093197605e-19,2.1066811760633445e-18,7.5725808586446269e-18,7.9590298139488291e-21,2.2566349987517482e-20,8.4794786503543584e-19,3.8308814430402443e-19,0.97817138474768284,0.75545670422284217,0.75545715381307932,1.5407439555097887e-32
13305,1.1363371054780858e-17,0,4.2240296504696404e-19,2.1061227670415992e-18,7.5719389907613556e-18,7.9590151303912966e-21,2.2570864171203269e-20,8.491615657493942e-19,3.8321488687996715e-19,0.97816958012624777,0.75545715381307932,0.75545760496843806,1.5407439555097887e-32
13320,1.1363371054780858e-17,0,4.2225883575791432e-19,2.105566052347035e-18,7.5712950319142015e-18,7.9590003961721016e-21,2.2575362655814434e-20,8.5037518557302177e-19,3.8334158613671219e-19,0.97816776927845217,0.75545760496843806,0.75545805768038699,1.2325951644078309e-32
13335,1.1363371054780858e-17,0,4.2211523994710625e-19,2.1050110222171295e-18,7.5706489951358216e-18,7.958985611567242e-21,2.2579845494897441e-20,8.5158872413958334e-19,3.8346824223476979e-19,0.97816595223821656,0.75545805768038699,0.75545851194044589,1.6948183510607676e-32
13350,1.1363371054780858e-17,0,4.2197217451517814e-19,2.1044576669467156e-18,7.5700008933821223e-18,7.9589707768510499e-21,2.2584312741817189e-20,8.5280218108447726e-19,3.8359485533371831e-19,0.97816412903925654,0.75545851194044589,0.75545896774018584,2.1570415377137042e-32
13365,1.1363371054780858e-17,0,4.2182963638101889e-19,2.1039059768876391e-18,7.5693507395327353e-18,7.9589558922962145e-21,2.2588764449757603e-20,8.5401555604522206e-19,3.8372142559220868e-19,0.97816229971508573,0.75545896774018584,0.75545942507122854,1.6948183510607676e-32
13380,1.1363371054780858e-17,0,4.2168762248166028e-19,2.1033559424484283e-18,7.5686985463914727e-18,7.9589409581737924e-21,2.2593200671722255e-20,8.5522884866144723e-19,3.8384795316797048e-19,0.97816046429901726,0.75545942507122854,0.75545988392524566,1.8488927466117464e-32
13395,1.1363371054780858e-17,0,4.2154612977216931e-19,2.1028075540939586e-18,7.5680443266867653e-18,7.9589259747531955e-21,2.2597621460534966e-20,8.5644205857487889e-19,3.8397443821781681e-19,0.97815862282416222,0.75545988392524566,0.75546034429395947,2.0029671421627253e-32
13410,1.1363371054780858e-17,0,4.2140515522554188e-19,2.1022608023451233e-18,7.5673880930720945e-18,7.9589109423022305e-21,2.2602026868840386e-20,8.5765518542932938e-19,3.8410088089765008e-19,0.97815677532343404,0.75546034429395947,0.75546080616914146,2.4651903288156619e-32
13425,1.1363371054780858e-17,0,4.2126469583259689e-19,2.1017156777785032e-18,7.5667298581264392e-18,7.9588958610870909e-21,2.260641694910463e-20,8.5886822887068402e-19,3.8422728136246729e-19,0.97815492182954822,0.75546080616914146,0.75546126954261295,2.6192647243666408e-32
13440,1.1363371054780858e-17,0,4.2112474860187132e-19,2.1011721710260417e-18,7.5660696343547253e-18,7.9588807313723664e-21,2.2610791753615859e-20,8.6008118854689044e-19,3.8435363976636567e-19,0.9781530623750232,0.75546126954261295,0.7554617344062442,2.6192647243666408e-32
13455,1.1363371054780858e-17,0,4.209853105595148e-19,2.1006302727747172e-18,7.5654074341882513e-18,7.9588655534210654e-21,2.2615151334484869e-20,8.6129406410794659e-19,3.8447995626254725e-19,0.97815119699218267,0.7554617344062442,0.75546220075195436,2.4651903288156619e-32
13470,1.1363371054780858e-17,0,4.2084637874918572e-19,2.1000899737662226e-18,7.5647432699851196e-18,7.9588503274946237e-21,2.2619495743645684e-20,8.6250685520588931e-19,3.8460623100332474e-19,0.97814932571315749,0.75546220075195436,0.75546266857171063,2.4651903288156619e-32
13485,1.1363371054780858e-17,0,4.207079502319482e-19,2.0995512647966439e-18,7.564077154030674e-18,7.958835053852896e-21,2.262382503285618e-20,8.6371956149478211e-19,3.847324641401262e-19,0.978147448569884,0.75546266857171063,0.75546313785752894,2.6192647243666408e-32
13500,1.1363371054780858e-17,0,4.2057002208616893e-19,2.0990141367161367e-18,7.5634090985379218e-18,7.9588197327541887e-21,2.2628139253698633e-20,8.6493218263070474e-19,3.8485865582350111e-19,0.97814556559410826,0.75546313785752894,0.75546360860147299,2.9274135154685985e-32
13515,1.1363371054780858e-17,0,4.2043259140741521e-19,2.0984785804286149e-18,7.5627391156479578e-18,7.9588043644552552e-21,2.2632438457580337e-20,8.661447182717404e-19,3.8498480620312455e-19,0.97814367681738545,0.75546360860147299,0.75546408079565364,3.0814879110195774e-32
13530,1.1363371054780858e-17,0,4.2029565530835295e-19,2.0979445868914314e-18,7.5620672174303894e-18,7.9587889492113174e-21,2.2636722695734178e-20,8.6735716807796555e-19,3.8511091542780344e-19,0.9781417822710825,0.75546408079565364,0.75546455443222937,3.0814879110195774e-32
13545,1.1363371054780858e-17,0,4.2015921091864621e-19,2.0974121471150627e-18,7.5613934158837676e-18,7.9587734872760563e-21,2.2640992019219227e-20,8.685695317114386e-19,3.8523698364548052e-19,0.97813988198637714,0.75546455443222937,0.75546502950340577,3.3896367021215351e-32
13560,1.1363371054780858e-17,0,4.200232553848563e-19,2.0968812521628027e-18,7.5607177229359823e-18,7.958757978901647e-21,2.2645246478921307e-20,8.6978180883618667e-19,3.8536301100324014e-19,0.97813797599426178,0.75546502950340577,0.75546550600143458,3.2355623065705562e-32
13575,1.1363371054780858e-17,0,4.198877858703424e-19,2.0963518931504453e-18,7.5600401504447005e-18,7.9587424243387477e-21,2.2649486125553613e-20,8.7099399911819917e-19,3.8548899764731322e-19,0.97813606432554256,0.75546550600143458,0.75546598391861441,3.6977854932234928e-32
13590,1.1363371054780858e-17,0,4.1975279955516203e-19,2.0958240612459834e-18,7.5593607101977583e-18,7.958726823836518e-21,2.2653711009657222e-20,8.7220610222541037e-19,3.8561494372308214e-19,0.97813414701084145,0.75546598391861441,0.75546646324728961,3.0814879110195774e-32
13605,1.1363371054780858e-17,0,4.1961829363597253e-19,2.0952977476692965e-18,7.5586794139135967e-18,7.958711177642628e-21,2.2657921181601745e-20,8.7341811782769237e-19,3.8574084937508573e-19,0.9781322240805973,0.75546646324728961,0.7554669439798507,2.9274135154685985e-32
13620,1.1363371054780858e-17,0,4.1948426532593347e-19,2.09477294369185e-18,7.5579962732416496e-18,7.9586954860032748e-21,2.2662116691585844e-20,8.7463004559684532e-19,3.8586671474702426e-19,0.97813029556506792,0.7554669439798507,0.75546742610873308,3.2355623065705562e-32
13635,1.1363371054780858e-17,0,4.1935071185460847e-19,2.0942496406363897e-18,7.5573112997627435e-18,7.9586797491631629e-21,2.2666297589637855e-20,8.7584188520658203e-19,3.8599253998176481e-19,0.97812836149432769,0.75546742610873308,0.75546790962641808,3.3896367021215351e-32
13650,1.1363371054780858e-17,0,4.1921763046786882e-19,2.0937278298766408e-18,7.5566245049895313e-18,7.9586639673655597e-21,2.2670463925616304e-20,8.7705363633252159e-19,3.8611832522134542e-19,0.97812642189827437,0.75546790962641808,0.75546839452543146,3.0814879110195774e-32
13665,1.1363371054780858e-17,0,4.1908501842779749e-19,2.093207502837013e-18,7.5559359003668609e-18,7.9586481408522597e-21,2.2674615749210532e-20,8.7826529865217453e-19,3.8624407060698007e-19,0.97812447680662473,0.75546839452543146,0.75546888079834384,3.0814879110195774e-32
13680,1.1363371054780858e-17,0,4.1895287301259258e-19,2.0926886509922939e-18,7.5552454972721958e-18,7.9586322698636235e-21,2.2678753109941244e-20,8.7947687184493593e-19,3.863697762790645e-19,0.97812252624891927,0.75546888079834384,0.75546936843777024,2.9274135154685985e-32
13695,1.1363371054780858e-17,0,4.1882119151647278e-19,2.0921712658673637e-18,7.5545533070160019e-18,7.9586163546385703e-21,2.2682876057161043e-20,8.8068835559207265e-19,3.8649544237717958e-19,0.97812057025452137,0.75546936843777024,0.75546985743636963,3.2355623065705562e-32
13710,1.1363371054780858e-17,0,4.1868997124958279e-19,2.0916553390368912e-18,7.553859340842134e-18,7.9586003954145987e-21,2.2686984640055034e-20,8.818997495767124e-19,3.8662106904009741e-19,0.97811860885261981,0.75546985743636963,0.75547034778684508,2.9274135154685985e-32
13725,1.1363371054780858e-17,0,4.1855920953789888e-19,2.0911408621250484e-18,7.5531636099282533e-18,7.9585843924277917e-21,2.269107890764137e-20,8.831110534838345e-19,3.8674665640578494e-19,0.97811664207222937,0.75547034778684508,0.75547083948194271,3.0814879110195774e-32
13740,1.1363371054780858e-17,0,4.1842890372313626e-19,2.0906278268052166e-18,7.5524661253861854e-18,7.9585683459128179e-21,2.2695158908771816e-20,8.8432226700025883e-19,3.8687220461140982e-19,0.97811466994219098,0.75547083948194271,0.7554713325144522,3.3896367021215351e-32
13755,1.1363371054780858e-17,0,4.1829905116265544e-19,2.0901162247996973e-18,7.5517668982623232e-18,7.9585522561029525e-21,2.2699224692132316e-20,8.8553338981463495e-19,3.8699771379334441e-19,0.97811269249117438,0.7554713325144522,0.75547182687720638,3.2355623065705562e-32
13770,1.1363371054780858e-17,0,4.1816964922936997e-19,2.0896060478794267e-18,7.5510659395380158e-18,7.9585361232300759e-21,2.2703276306243512e-20,8.8674442161743241e-19,3.8712318408717023e-19,0.978110709747678,0.75547182687720638,0.7554723225630805,3.2355623065705562e-32
13785,1.1363371054780858e-17,0,4.1804069531165513e-19,2.0890972878636908e-18,7.5503632601299471e-18,7.9585199475246888e-21,2.2707313799461355e-20,8.8795536210093035e-19,3.872486156276835e-19,0.97810872174003038,0.7554723225630805,0.75547281956499246,3.3896367021215351e-32
13800,1.1363371054780858e-17,0,4.1791218681325626e-19,2.0885899366198365e-18,7.5496588708905014e-18,7.9585037292159214e-21,2.2711337219977609e-20,8.8916621095920713e-19,3.8737400854889919e-19,0.9781067284963918,0.75547281956499246,0.75547331787590211,3.6977854932234928e-32
13815,1.1363371054780858e-17,0,4.1778412115319828e-19,2.0880839860629947e-18,7.5489527826081679e-18,7.9584874685315282e-21,2.2715346615820447e-20,8.9037696788813029e-19,3.8749936298405541e-19,0.97810473004475373,0.75547331787590211,0.75547381748881159,4.1600086798764294e-32
13830,1.1363371054780858e-17,0,4.1765649576569501e-19,2.0875794281557942e-18,7.5482450060078899e-18,7.958471165697925e-21,2.2719342034854952e-20,8.915876325853452e-19,3.8762467906561832e-19,0.9781027264129426,0.75547381748881159,0.75547431839676438,3.6977854932234928e-32
13845,1.1363371054780858e-17,0,4.1752930810006049e-19,2.0870762549080898e-18,7.5475355517514676e-18,7.9584548209401657e-21,2.2723323524783721e-20,8.9279820475026793e-19,3.8774995692528687e-19,0.97810071762861772,0.75547431839676438,0.75547482059284554,4.0059342843254506e-32
13860,1.1363371054780858e-17,0,4.1740255562061896e-19,2.0865744583766779e-18,7.5468244304379035e-18,7.9584384344819726e-21,2.2727291133147343e-20,8.9400868408407254e-19,3.8787519669399686e-19,0.97809870371927499,0.75547482059284554,0.75547532407018125,4.0059342843254506e-32
13875,1.1363371054780858e-17,0,4.1727623580661707e-19,2.0860740306650264e-18,7.5461116526037801e-18,7.958422006545726e-21,2.2731244907324993e-20,8.952190702896801e-19,3.8800039850192555e-19,0.97809668471224487,0.75547532407018125,0.75547582882193876,4.1600086798764294e-32
13890,1.1363371054780858e-17,0,4.1715034615213524e-19,2.0855749639229974e-18,7.5453972287236296e-18,7.9584055373525015e-21,2.2735184894534973e-20,8.9642936307175386e-19,3.8812556247849663e-19,0.97809466063469797,0.75547582882193876,0.75547633484132548,4.3140830754274083e-32
13905,1.1363371054780858e-17,0,4.1702488416600021e-19,2.0850772503465724e-18,7.5446811692103002e-18,7.9583890271220492e-21,2.273911114183522e-20,8.9763956213668467e-19,3.8825068875238365e-19,0.97809263151364156,0.75547633484132548,0.75547684212158961,4.0059342843254506e-32
13920,1.1363371054780858e-17,0,4.168998473716986e-19,2.0845808821775873e-18,7.5439634844153173e-18,7.9583724760728133e-21,2.2743023696123881e-20,8.988496671925828e-19,3.8837577745151525e-19,0.97809059737592263,0.75547684212158961,0.75547735065601929,4.0059342843254506e-32
13935,1.1363371054780858e-17,0,4.1677523330728981e-19,2.08408585170346e-18,7.5432441846292357e-18,7.9583558844219423e-21,2.2746922604139817e-20,9.000596779492684e-19,3.8850082870307938e-19,0.97808855824822905,0.75547735065601929,0.75547786043794274,3.543711097672514e-32
13950,1.1363371054780858e-17,0,4.1665103952532042e-19,2.0835921512569217e-18,7.5425232800820192e-18,7.9583392523852939e-21,2.2750807912463154e-20,9.0126959411826163e-19,3.8862584263352757e-19,0.9780865141570898,0.75547786043794274,0.7554783714607276,3.8518598887744717e-32
13965,1.1363371054780858e-17,0,4.1652726359273827e-19,2.083099773215751e-18,7.541800780943365e-18,7.9583225801774452e-21,2.2754679667515855e-20,9.0247941541277282e-19,3.8875081936857925e-19,0.9780844651288767,0.7554783714607276,0.75547888371778082,4.1600086798764294e-32
13980,1.1363371054780858e-17,0,4.1640390309080806e-19,2.0826087100025122e-18,7.5410766973230851e-18,7.9583058680117021e-21,2.2758537915562167e-20,9.0368914154769309e-19,3.8887575903322615e-19,0.9780824111898051,0.75547888371778082,0.75547939720254875,4.0059342843254506e-32
13995,1.1363371054780858e-17,0,4.1628095561502696e-19,2.0821189540842873e-18,7.5403510392714538e-18,7.9582891161000958e-21,2.2762382702709225e-20,9.0489877223958545e-19,3.8900066175173635e-19,0.97808035236593382,0.75547939720254875,0.75547991190851649,4.3140830754274083e-32
14010,1.1363371054780858e-17,0,4.1615841877503997e-19,2.081630497972419e-18,7.5396238167795469e-18,7.9582723246534089e-21,2.2766214074907543e-20,9.0610830720667479e-19,3.8912552764765885e-19,0.97807828868316826,0.75547991190851649,0.75548042782920799,4.3140830754274083e-32
14025,1.1363371054780858e-17,0,4.160362901945571e-19,2.0811433342222482e-18,7.5388950397795947e-18,7.9582554938811629e-21,2.2770032077951542e-20,9.0731774616883748e-19,3.8925035684382723e-19,0.9780762201672587,0.75548042782920799,0.7554809449581853,4.0059342843254506e-32
14040,1.1363371054780858e-17,0,4.159145675112702e-19,2.0806574554328559e-18,7.5381647181453409e-18,7.9582386239916488e-21,2.2773836757480109e-20,9.0852708884759409e-19,3.89375149462365e-19,0.97807414684380445,0.7554809449581853,0.75548146328904886,4.0059342843254506e-32
14055,1.1363371054780858e-17,0,4.1579324837677045e-19,2.0801728542468055e-18,7.537432861692366e-18,7.9582217151919159e-21,2.2777628158977063e-20,9.097363349660989e-19,3.894999056246888e-19,0.97807206873825192,0.75548146328904886,0.75548198281543699,3.8518598887744717e-32
14070,1.1363371054780858e-17,0,4.1567233045646679e-19,2.0796895233498914e-18,7.5366994801784418e-18,7.9582047676877892e-21,2.278140632777172e-20,9.1094548424913038e-19,3.8962462545151241e-19,0.97806998587589722,0.75548198281543699,0.75548250353102575,4.4681574709783872e-32
14085,1.1363371054780858e-17,0,4.1555181142950387e-19,2.0792074554708787e-18,7.5359645833038643e-18,7.9581877816838699e-21,2.2785171309039399e-20,9.1215453642308303e-19,3.897493090628518e-19,0.97806789828188589,0.75548250353102575,0.7554830254295285,4.622231866529366e-32
14100,1.1363371054780858e-17,0,4.1543168898868116e-19,2.0787266433812551e-18,7.535228180711797e-18,7.9581707573835499e-21,2.278892314780196e-20,9.1336349121595755e-19,3.8987395657802856e-19,0.97806580598121518,0.7554830254295285,0.75548354850469623,4.622231866529366e-32
14115,1.1363371054780858e-17,0,4.153119608403727e-19,2.0782470798949782e-18,7.5344902819886071e-18,7.9581536949890187e-21,2.2792661888928274e-20,9.1457234835735146e-19,3.8999856811567422e-19,0.97806370899873418,0.75548354850469623,0.75548407275031648,4.3140830754274083e-32
14130,1.1363371054780858e-17,0,4.1519262470444718e-19,2.0777687578682289e-18,7.5337508966642011e-18,7.9581365947012696e-21,2.2796387577134761e-20,9.1578110757845097e-19,3.9012314379373402e-19,0.97806160735914516,0.75548407275031648,0.75548459816021374,3.8518598887744717e-32
14145,1.1363371054780858e-17,0,4.1507367831418801e-19,2.0772916701991581e-18,7.5330100342123578e-18,7.9581194567200969e-21,2.280010025698592e-20,9.1698976861202155e-19,3.9024768372947129e-19,0.97805950108700301,0.75548459816021374,0.75548512472824925,4.4681574709783872e-32
14160,1.1363371054780858e-17,0,4.1495511941621406e-19,2.0768158098276436e-18,7.5322677040510366e-18,7.9581022812441196e-21,2.2803799972894829e-20,9.1819833119239909e-19,3.9037218803947162e-19,0.97805739020671822,0.75548512472824925,0.75548565244832044,4.4681574709783872e-32
14175,1.1363371054780858e-17,0,4.1483694577040162e-19,2.0763411697350459e-18,7.531523915542739e-18,7.9580850684707816e-21,2.2807486769123653e-20,9.1940679505548098e-19,3.9049665683964604e-19,0.97805527474255682,0.75548565244832044,0.75548618131436074,4.9303806576313238e-32
14190,1.1363371054780858e-17,0,4.1471915514980581e-19,2.0758677429439595e-18,7.5307786779948065e-18,7.9580678185963637e-21,2.2811160689784128e-20,9.2061515993871677e-19,3.9062109024523614e-19,0.97805315471864174,0.75548618131436074,0.75548671132033962,4.622231866529366e-32
14205,1.1363371054780858e-17,0,4.1460174534058329e-19,2.0753955225179791e-18,7.5300320006597718e-18,7.9580505318159717e-21,2.2814821778838102e-20,9.2182342558110019e-19,3.9074548837081697e-19,0.97805103015895178,0.75548671132033962,0.75548724246026211,4.7763062620803449e-32
14220,1.1363371054780858e-17,0,4.1448471414191465e-19,2.0749245015614489e-18,7.5292838927356605e-18,7.9580332083235739e-21,2.2818470080098035e-20,9.2303159172316014e-19,3.9086985133030153e-19,0.97804890108732578,0.75548724246026211,0.75548777472816853,4.9303806576313238e-32
14235,1.1363371054780858e-17,0,4.1436805936592749e-19,2.0744546732192276e-18,7.5285343633663104e-18,7.9580158483119798e-21,2.2822105637227479e-20,9.2423965810695296e-19,3.909941792369444e-19,0.97804676752746011,0.75548777472816853,0.75548830811813494,4.4681574709783872e-32
14250,1.1363371054780858e-17,0,4.1425177883762038e-19,2.0739860306764569e-18,7.5277834216417134e-18,7.9579984519728737e-21,2.2825728493741599e-20,9.2544762447605187e-19,3.9111847220334581e-19,0.97804462950291315,0.75548830811813494,0.75548884262427174,4.4681574709783872e-32
14265,1.1363371054780858e-17,0,4.1413587039478757e-19,2.0735185671583119e-18,7.5270310765983034e-18,7.9579810194967887e-21,2.2829338693007673e-20,9.2665549057553944e-19,3.9124273034145544e-19,0.97804248703710128,0.75548884262427174,0.75548937824072471,4.4681574709783872e-32
14280,1.1363371054780858e-17,0,4.1402033188794201e-19,2.0730522759297755e-18,7.526277337219294e-18,7.9579635510731521e-21,2.283293627824555e-20,9.2786325615199833e-19,3.9136695376257614e-19,0.97804034015330543,0.75548937824072471,0.75548991496167361,4.7763062620803449e-32
14295,1.1363371054780858e-17,0,4.13905161180242e-19,2.0725871502954031e-18,7.5255222124349684e-18,7.9579460468902582e-21,2.2836521292528212e-20,9.2907092095350651e-19,3.9149114257736802e-19,0.9780381888746672,0.75548991496167361,0.7554904527813332,4.7763062620803449e-32
14310,1.1363371054780858e-17,0,4.1379035614741584e-19,2.0721231835990825e-18,7.5247657111230129e-18,7.9579285071353012e-21,2.2840093778782241e-20,9.3027848472962317e-19,3.9161529689585173e-19,0.97803603322419275,0.7554904527813332,0.75549099169395184,4.3140830754274083e-32
14325,1.1363371054780858e-17,0,4.1367591467768804e-19,2.0716603692238143e-18,7.5240078421088243e-18,7.9579109319943607e-21,2.2843653779788276e-20,9.3148594723138316e-19,3.9173941682741268e-19,0.97803387322475155,0.75549099169395184,0.75549153169381211,4.622231866529366e-32
14340,1.1363371054780858e-17,0,4.1356183467170502e-19,2.0711987005914745e-18,7.5232486141657995e-18,7.9578933216524252e-21,2.2847201338181546e-20,9.3269330821129004e-19,3.9186350248080468e-19,0.97803170889907876,0.75549153169381211,0.75549207277523034,4.9303806576313238e-32
14355,1.1363371054780858e-17,0,4.1344811404246294e-19,2.0707381711625892e-18,7.5224880360156491e-18,7.9578756762933849e-21,2.2850736496452356e-20,9.3390056742330644e-19,3.9198755396415337e-19,0.97802954026977462,0.75549207277523034,0.75549261493255637,4.9303806576313238e-32
14370,1.1363371054780858e-17,0,4.1333475071523413e-19,2.070278774436104e-18,7.5217261163287219e-18,7.9578579961000558e-21,2.2854259296946557e-20,9.3510772462284312e-19,3.9211157138496017e-19,0.9780273673593074,0.75549261493255637,0.75549315816017315,5.0844550531823027e-32
14385,1.1363371054780858e-17,0,4.1322174262749488e-19,2.0698205039491625e-18,7.5209628637242723e-18,7.9578402812541658e-21,2.2857769781866044e-20,9.3631477956675585e-19,3.922355548501063e-19,0.97802519019001166,0.75549315816017315,0.75549370245249703,5.5466782398352393e-32
14400,1.1363371054780858e-17,0,4.1310908772885412e-19,2.0693633532768795e-18,7.5201982867707874e-18,7.9578225319363807e-21,2.2861267993269245e-20,9.3752173201333483e-19,3.9235950446585561e-19,0.97802300878409132,0.75549370245249703,0.75549424780397723,5.854827030937197e-32
