model_time,CD95,FADD,DISC,p55free,DISCp55,p30,p43,p18,p18inactive,Bid,tBid,PrNES_mCherry,PrNES,mCherry,PrER_mGFP,PrER,mGFP,CD95L
0,116,93,0,155,0,0,0,0,0,236,0,973,0,0,5178,0,0,16.600000000000001
0.25,116,91.876040356892204,1.1132933193095047,154.98933367619844,0.010656151182114867,1.0170067533745624e-05,2.5486822628028052e-09,3.2391906708768852e-12,1.1145325105580947e-14,235.99999999998664,1.3336272044616716e-11,972.99999999984163,1.5834774310641213e-10,1.5834774310641213e-10,5178,9.2498533704048584e-13,9.2498533704048584e-13,16.600000000000001
0.5,116,90.76721569207379,2.1905836850547371,154.95779937692447,0.042119904463391644,8.0638421569982031e-05,7.9986547165175949e-08,2.0265529854013238e-10,1.3833572076973487e-12,235.99999999916173,8.3817708528896069e-10,972.99999999004785,9.9520652649062302e-09,9.9520652649062302e-09,5177.9999999998854,1.1480913485139691e-10,1.1480913485139691e-10,16.600000000000001
0.75,116,89.673292931670005,3.2327938401712788,154.90608676955631,0.093642900811365171,0.00026973170057387896,5.9564682003382041e-07,2.2617658772456085e-09,2.3198067735419622e-11,235.99999999060142,9.3984939678736148e-09,972.99999988840727,1.1159267772712316e-07,1.1159267772712316e-07,5177.9999999980755,1.9252800882574716e-09,1.9252800882574716e-09,16.600000000000001
1,116,88.594043109520499,4.2408321513145184,154.83487524821228,0.1644886236484846,0.00063365413125096798,2.4613852927987888e-06,1.2451989367727555e-08,1.7071648434444475e-10,235.99999994801416,5.1985729822058461e-08,972.99999938274925,6.1725068008590283e-07,6.1725068008590283e-07,5177.9999999858328,1.4168294178374529e-08,1.4168294178374529e-08,16.600000000000001
1.25,116,87.529241296919309,5.2155921338832725,154.74483338346064,0.25393268491749427,0.001226518596727017,7.3656832373002619e-06,4.6542271910254624e-08,7.9965867557945087e-10,235.99999980477796,1.9522191716487313e-07,972.99999768203952,2.3179603610721085e-06,2.3179603610721085e-06,5177.9999999336351,6.6366170796853599e-08,6.6366170796853599e-08,16.600000000000001
1.5,116,86.478666532583091,6.1579520432271098,154.63661843682755,0.36126307489111087,0.0021003774636337022,1.7971835087185317e-05,1.3616794607463834e-07,2.8147274227640215e-09,235.99999942615827,5.7384163399763578e-07,972.99999318651214,6.8134878421984495e-06,6.8134878421984495e-06,5177.9999997663972,2.3360301912233381e-07,2.3360301912233381e-07,16.600000000000001
1.75,116,85.44210175293513,7.068774528129036,154.51087593650371,0.48578037734216584,0.0033052532054608846,3.808838824688266e-05,3.3642614062143173e-07,8.1343802708076488e-09,235.99999857556347,1.4244364113677511e-06,972.99998308700572,1.6912994043927677e-05,1.6912994043927677e-05,5177.999999324903,6.7509762206487844e-07,6.7509762206487844e-07,16.600000000000001
2,116,84.419333722786348,7.9489063427337587,154.36823931070444,0.62679795164344054,0.004889168853100939,7.2813983391069811e-05,7.3446744595338755e-07,2.0348257313295792e-08,235.9999968756365,3.1243633833689853e-06,972.99996290298486,3.7097015012038956e-05,3.7097015012038956e-05,5177.9999983112348,1.688765421174664e-06,1.688765421174664e-06,16.600000000000001
2.25,116,83.410152966488269,8.799178113189086,154.20932957521291,0.78364208332448126,0.0068981782969376477,0.00012865870125484572,1.4588761256430446e-06,4.5588395965819631e-08,235.99999376491922,6.2350806674835153e-06,972.99992596799734,7.4032002643474563e-05,7.4032002643474563e-05,5177.9999962164775,3.7835233510639289e-06,3.7835233510639289e-06,16.600000000000001
2.5,116,82.414353699626531,9.6204041553740733,154.03475507171754,0.95565210457627225,0.0093763964584229389,0.00021364396473506122,2.6896524286277459e-06,9.3630711977514333e-08,235.99998845076945,1.1549230433949544e-05,972.999862870637,0.00013712936295744965,0.00013712936295744965,5177.9999922292964,7.7707051871902041e-06,7.7707051871902041e-06,16.600000000000001
2.75,116,81.431733761317702,10.413382340203151,153.84511125365086,1.1421804861618581,0.012366029342803335,0.00033738297450934367,4.6686311029971171e-06,1.7923899163962171e-07,235.99997985915141,2.0140848450101504e-05,972.99976085838455,0.00023914161542387105,0.00023914161542387105,5177.9999851243974,1.4875603652994801e-05,1.4875603652994801e-05,16.600000000000001
3,116,80.46209454716714,11.178894003116298,153.64098051633457,1.3425929021611245,0.015907403978944013,0.00051114357650609084,7.7101889030646764e-06,3.237600520172446e-07,235.99996658186697,3.3418132900632472e-05,972.99960321106209,0.00039678893783939129,0.00039678893783939129,5177.9999731301441,2.6869857740478785e-05,2.6869857740478785e-05,16.600000000000001
3.25,116,79.505240942939267,11.917703894498134,153.42293206834944,1.5562682689478851,0.020038998246456077,0.0007478953682881935,1.2212112712951912e-05,5.5697530080344971e-07,235.99994682173914,5.3178260724806665e-05,972.99936858998092,0.00063141001896331258,0.00063141001896331258,5177.9999537748827,4.6225119425113067e-05,4.6225119425113067e-05,16.600000000000001
3.5,116,78.56098125898724,12.630560167899942,153.19152184115967,1.7825987597702306,0.024797470585362271,0.0010623427572335035,1.8666516401426127e-05,9.1921117477760548e-07,235.99991833621021,8.1663789655745151e-05,972.99903036826663,0.00096963173338791668,0.00096963173338791668,5177.9999237117963,7.6288205502741992e-05,7.6288205502741992e-05,16.600000000000001
3.75,116,77.629127165484249,13.318194403075459,152.94729243414096,2.0209897962773975,0.030217689578871561,0.00147094558403989,2.7670710335083882e-05,1.4637084492544861e-06,235.99987837976693,0.00012162023295434294,972.9985559472683,0.0014440527316310413,0.0014440527316310413,5177.9998785222679,0.00012147773389785112,0.00012147773389785112,16.600000000000001
4,116,76.709493628493007,13.981321660979187,152.69077309228194,2.2708600183087109,0.036332763395654312,0.0019919288234582335,3.9937942055414465e-05,2.2592482937974829e-06,235.99982364555996,0.00017635443991053751,972.9979060634156,0.002093936584277035,0.002093936584277035,5177.9998124979338,0.00018750206807445027,0.00018750206807445027,16.600000000000001
4.25,116,75.801898846907108,14.620640568014275,152.42247971395031,2.5316412332322669,0.043174069074319435,0.0026452827720295272,5.6307939993350757e-05,3.3930311631927665e-06,235.99975020654145,0.00024979345841333821,972.99703408936932,0.0029659106306605533,0.0029659106306605533,5177.9997184017557,0.00028159824491432833,0.00028159824491432833,16.600000000000001
4.5,116,74.906164190292671,15.236833426954819,152.14291488624031,2.8027783460922517,0.050771281629706802,0.0034527550305608139,7.7757204035299596e-05,4.9738032047122352e-06,235.9996534564041,0.00034654359572922603,972.99588533284646,0.0041146671535440184,0.0041146671535440184,5177.9995872085565,0.00041279144454866651,0.00041279144454866651,16.600000000000001
4.75,116,74.022114137655024,15.830566352103654,151.85256794553706,3.0837292717944167,0.059152402957770384,0.0044378354891336192,0.00010540899813563025,7.1352235641563727e-06,235.99952805056793,0.00047194943192913909,972.99439633604629,0.0056036639536785121,0.0056036639536785121,5177.9994078255486,0.00059217445282458555,0.00059217445282458555,16.600000000000001
5,116,73.149576217152344,16.402489426381226,151.55191506105862,3.3739648305286676,0.068343790513685859,0.0056257354240924224,0.00014054300989636164,1.0039465099234598e-05,235.99936784742513,0.00063215257471620472,972.99249417819726,0.0075058218026286408,0.0075058218026286408,5177.9991667935074,0.00083320649450787472,0.00083320649450787472,16.600000000000001
5.25,116,72.288380946773273,16.953236878172874,151.24141933925495,3.6729686275963283,0.078370185736032535,0.0070433617214941506,0.00018460465096895853,1.3881040267145895e-05,235.99916585002345,0.00083414997638859656,972.9900957833712,0.0099042166286489527,0.0099042166286489527,5177.9988479692483,0.0011520307537026572,0.0011520307537026572,16.600000000000001
5.5,116,71.438361775994125,17.483427275890143,150.9215309470608,3.9802369187771158,0.089254742188534311,0.0087192871500888277,0.00023921398008125983,1.8890843433085655e-05,235.99891414833672,0.0010858516631359622,972.9871072353634,0.012892764636403238,0.012892764636403238,5177.9984321901466,0.0015678098547166005,0.0015678098547166005,16.600000000000001
5.75,116,70.59935502842653,17.993663738326713,150.59268725211527,4.2952784623374569,0.10101905338987847,0.01068371751942615,0.00030617423753934018,2.5340400478624494e-05,235.99860386224617,0.0013961377536907374,972.98342310112446,0.016576898875431626,0.016576898875431626,5177.9978969214553,0.0021030785459694957,0.0021030785459694957,16.600000000000001
6,116,69.77119984546519,18.484534159010416,150.25531297817312,4.6176143587474447,0.11368318030157615,0.012968456475356086,0.00038747998612648769,3.3546316417416865e-05,235.99822508533131,0.0017749146685360098,972.97892576394543,0.021074236054425415,0.021074236054425415,5177.9972158871869,0.0027841128151751366,0.0027841128151751366,16.600000000000001
6.25,116,68.953738130941787,18.956611442869566,149.90982037404112,4.9467778791386205,0.12726567844359274,0.015606868606417313,0.00048532485865483357,4.3874911664076215e-05,235.99776682954703,0.0022331704528125908,972.97348476734646,0.026515232653373712,0.026515232653373712,5177.9963586853437,0.0036413146587447169,0.0036413146587447169,16.600000000000001
6.5,116,68.146814496789062,19.41045375364401,149.55660939447847,5.2823142834989776,0.14178362460756749,0.018633841460365494,0.00060210891698301487,5.6747037663610536e-05,235.99721697084414,0.002783029155701537,972.96695617038722,0.033043829612650892,0.033043829612650892,5177.9952903882695,0.0047096117332637872,0.0047096117332637872,16.600000000000001
6.75,116,67.350276209717208,19.846604770579173,149.1960678916025,5.6237806295653296,0.15725264313781984,0.022085747000467278,0.0007404456311751453,7.2643062751538749e-05,235.99656219577329,0.00343780422657112,972.95918191492058,0.040818085079324065,0.040818085079324065,5177.9939711288725,0.0060288711301524061,0.0060288711301524061,16.600000000000001
7,116,66.563973138902114,20.26559395304427,148.82857181543636,5.9707455733364929,0.17368693175097735,0.026000402966148119,0.00090316849070513731,9.2108019356786051e-05,235.99578794909621,0.0042120509036732345,972.94998920513228,0.050010794867592953,0.050010794867592953,5177.9923556734675,0.0076443265344035612,0.0076443265344035612,16.600000000000001
7.25,116,65.78775770468377,20.667936811814432,148.45448542233203,6.3227891620938017,0.19109928686594971,0.030417034542042493,0.0010933372622144884,0.0001157569039830014,235.99487838241515,0.0051216175847105128,972.93918989955694,0.060810100443008386,0.060810100443008386,5177.9903929819484,0.0096070180547987716,0.0096070180547987716,16.600000000000001
7.5,116,65.021484828270928,21.054135185849965,148.0741614900887,6.6795026207786874,0.20950112841702942,0.035376236683384729,0.0013142439104821798,0.00014428012175863304,235.99381630381933,0.0061836961805313258,972.9265799156268,0.073420084373176916,0.073420084373176916,5177.9880257559607,0.011974244042020497,0.011974244042020497,16.600000000000001
7.75,116,64.265011882446899,21.424677523495049,147.68794153867344,7.0404881325399957,0.22890252412420797,0.04091993739382576,0.0015694182007980272,0.00017844906778199723,235.99258312853664,0.0074168714632099828,972.91193864670288,0.088061353297094913,0.088061353297094913,5177.9851899757559,0.014810024246783491,0.014810024246783491,16.600000000000001
8,116,63.518198643270011,21.780039167102466,147.29615605553249,7.4053586142272936,0.24931221319619726,0.047091362204018633,0.0018626330021538778,0.00021912183791651023,235.99115883057138,0.0088411694285113057,972.89502839144097,0.10497160855905524,0.10497160855905524,5177.9818144262972,0.018185573705146816,0.018185573705146816,16.600000000000001
8.25,116,62.780907242760541,22.120682640170767,146.89912472455779,7.7737374875700862,0.27073762944323798,0.053935000055354745,0.0021979093114029252,0.00026724906217280955,235.98952189530002,0.01047810469988553,972.87559379527272,0.12440620472728088,0.12440620472728088,5177.9778202132256,0.022179786777501671,0.022179786777501671,16.600000000000001
8.5,116,62.053002122565609,22.447057936155534,146.497156657848,8.145258446747242,0.29318492377846855,0.061496570753136609,0.0025795210189499054,0.00032387985429332191,235.98764927299288,0.012350727007006252,972.85336130372434,0.1466386962757302,0.1466386962757302,5177.9731202691955,0.026879730806741768,0.026879730806741768,16.600000000000001
8.75,116,61.334349988591569,22.759602808187328,146.0905506294707,8.5195652230158991,0.3166589860884374,0.069822994116747319,0.0030119994366114675,0.00039016787164736753,235.98551633322339,0.014483666776506749,972.82803862724938,0.17196137275059423,0.17196137275059423,5177.9676188511012,0.032381148901177492,0.032381148901177492,16.600000000000001
9,116,60.624819766593205,23.058743058995766,145.67959531050096,8.8963113470348301,0.34116346645523493,0.078962360920942914,0.0035001376080804948,0.00046737748003193905,235.98309682012385,0.016903179876084511,972.79931421722813,0.20068578277197072,0.20068578277197072,5177.9612110286153,0.038788971387247184,0.038788971387247184,16.600000000000001
9.25,116,59.924282558707937,23.344892830401488,145.26456950466911,9.2751599094838681,0.3667007957146971,0.088963905691985437,0.0040489944219632484,0.00055689001845356939,235.98036280844431,0.01963719155562637,972.76685675276281,0.23314324723719859,0.23314324723719859,5177.9537821644872,0.046217835515895672,0.046217835515895672,16.600000000000001
9.5,116,59.232611600922588,23.618454891796656,144.84574238401325,9.6557833205487746,0.39327220533716822,0.099877981394790635,0.0046638985466674341,0.00066021015943266796,235.97728466036938,0.022715339630530601,972.7303146379038,0.26968536209628358,0.26968536209628358,5177.9452073869579,0.054792613044002091,0.054792613044002091,16.600000000000001
9.75,116,58.549682221459612,23.879820927089575,144.42337372398299,10.037863068809205,0.42087774661942817,0.11175603602215108,0.0053504522055072522,0.00077897236082166254,235.97383098304689,0.026169016953035504,972.68931550893785,0.31068449106227264,0.31068449106227264,5177.9353510546534,0.064648945348271022,0.064648945348271022,16.600000000000001
10,116,57.875371800069239,24.129371819639825,143.99771413749434,10.421089480037706,0.44951630917850849,0.12465059107469723,0.0061145348093274588,0.00091494740554835666,235.96996858678276,0.030031413217204591,972.64346575139825,0.35653424860206673,0.35653424860206673,5177.9240662142402,0.075933785762445472,0.075933785762445472,16.600000000000001
10.25,116,57.209559728213279,24.367477934758259,143.56900530748288,10.805161476388385,0.47918563874033548,0.13861522189971875,0.006962306462696596,0.0010700490260945887,235.96566244385764,0.034337556142316483,972.59235002647438,0.40764997352587085,0.40764997352587085,5177.911194051142,0.08880594886018614,0.08880594886018614,16.600000000000001
10.5,116,56.552127370126328,24.594499399391577,143.13748021754887,11.189786336425634,0.50988235421842454,0.15370453983801832,0.0079002113582978782,0.0012463406108936112,235.96087564792219,0.039124352077757107,972.53553080654422,0.4644691934560165,0.4644691934560165,5177.8965633335665,0.10343666643513111,0.10343666643513111,16.600000000000001
10.75,116,55.902958024739199,24.810786378642796,142.70336338031905,11.574679456424581,0.54160196407971828,0.16997417611367979,0.0089349810729891215,0.0014460419900860493,235.95556937392899,0.044430626070986946,972.47254791957926,0.52745208042098835,0.52745208042098835,5177.879989850052,0.12001014994921261,0.12001014994921261,16.600000000000001
11,116,55.261936888450251,25.016679348847749,142.26687106322328,11.959564113320473,0.57433888199788385,0.18748076738361519,0.010073637776242842,0.0016715362986071136,235.94970283856523,0.050297161434762046,972.40291810225744,0.59708189774278753,0.59708189774278753,5177.8612758407389,0.13872415926252576,0.13872415926252576,16.600000000000001
11.25,116,54.628951018728372,25.212509366917232,141.82821151136963,12.344171229708065,0.60808644179560778,0.20628194285070506,0.011323497361648402,0.0019253769144687417,235.94323326114935,0.056766738850674403,972.32613456163881,0.67386543836148194,0.67386543836148194,5177.8402094225548,0.15979057744592842,0.15979057744592842,16.600000000000001
11.5,116,54.003889298532371,25.398598335712094,141.38758516726469,12.728239141242032,0.6428369116803152,0.22643631283316817,0.012692172509413313,0.0022102944705234321,235.9361158249601,0.063884175039870386,972.24166654534247,0.75833345465782087,0.75833345465782087,5177.8165640084899,0.18343599151082637,0.18343599151082637,16.600000000000001
11.75,116,53.386642401531724,25.57525926526165,140.94518488716989,13.111513366753202,0.67858150778031989,0.24800345867307899,0.014187575685384927,0.0025292039382589326,235.92830363897403,0.07169636102596208,972.14895892024879,0.85104107975148946,0.85104107975148946,5177.7900977210902,0.20990227891011465,0.20990227891011465,16.600000000000001
12,116,52.777102758112441,25.742796529638085,140.50119615388746,13.493746381405218,0.71531040699043591,0.27104392385379183,0.015817922081119144,0.0028852117820943137,235.91974769998669,0.080252300013279015,972.04743175980616,0.95256824019407127,0.95256824019407127,5177.7605528003451,0.23944719965387956,0.23944719965387956,16.600000000000001
12.25,116,52.175164522152585,25.901506119335963,140.05579728580889,13.874697393184595,0.75301275913873567,0.29561920618809517,0.017591732497025662,0.0032816231828115897,235.91039685510282,0.089603144897150974,971.93647994011769,1.063520059882574,1.063520059882574,5177.727655006106,0.27234499389425232,0.27234499389425232,16.600000000000001
12.5,116,51.580723538547993,26.051675889000645,139.60915964205196,14.25413212306208,0.79167669849202604,0.32179175089723067,0.019517836168359778,0.0037219493284753693,235.90019776458067,0.099802235419302138,971.81547274513787,1.1845272548624295,1.1845272548624295,5177.6911130152012,0.30888698479875387,0.30888698479875387,16.600000000000001
12.75,116,50.993677311492078,26.193585800547339,139.16144782373357,14.631822588751584,0.83128935459807074,0.34962494461091398,0.021605373532891055,0.0042099147731413239,235.88909486503732,0.11090513496265654,971.68375348096833,1.3162465190319992,1.3162465190319992,5177.6506178132568,0.34938218674345267,0.34938218674345267,16.600000000000001
13,116,50.413924973448452,26.327508161234466,138.71281987089205,15.00754689309646,0.8718368625277505,0.37918310969285196,0.023863798933071431,0.0047494648579460589,235.8770303329884,0.12296966701157265,971.54063910056618,1.4593608994340914,1.4593608994340914,5177.6058420817744,0.39415791822570739,0.39415791822570739,16.600000000000001
13.25,116,49.841367254865688,26.453707857082687,138.26342745549638,15.381089016224648,0.91330437247237761,0.41053149935458277,0.026302883253423899,0.0053447731987192769,235.8639440487589,0.13605595124106787,971.38541983804919,1.6145801619510236,1.6145801619510236,5177.5564395800466,0.44356041995303674,0.44356041995303674,16.600000000000001
13.5,116,49.275906454547311,26.572442581127067,137.8134160699727,15.752238612855919,0.95567605880157613,0.44373629266810338,0.028932716469857057,0.0060002492319502082,235.84977356076703,0.15022643923291995,971.21735885507735,1.7826411449228918,1.7826411449228918,5177.5020445228065,0.4979554771918081,0.4979554771918081,16.600000000000001
13.75,116,48.717446410730219,26.683963056863515,137.36292521165407,16.120790813884511,0.99893512852715527,0.47886458999457199,0.031763710116568825,0.0067205458232229998,235.8344540502018,0.16554594979815485,971.03569189816767,1.9643081018325383,1.9643081018325383,5177.4422709531555,0.55772904684383107,0.55772904684383107,16.600000000000001
14,116,48.165892472807293,26.788513256544729,136.91208856277086,16.486546033233008,1.0430638292558023,0.51598440815914492,0.034806599649354043,0.0075105669319545055,235.81791829610967,0.18208170389031869,970.83962696898311,2.1603730310171039,2.1603730310171039,5177.3767121114433,0.62328788855653228,0.62328788855653228,16.600000000000001
14.25,116,47.621151473689061,26.886330614462175,136.46103416614804,16.849309779947514,1.0880434566721839,0.55516467522904123,0.038072446674451567,0.0083754753288855233,235.80009664097832,0.19990335902164511,970.62834400915665,2.3716559908436183,2.3716559908436183,5177.3049398005041,0.69506019949510767,0.69506019949510767,16.600000000000001
14.5,116,47.083131702822222,26.97764623520321,136.00988459659047,17.208892475331012,1.1338543615094099,0.59647522513411921,0.041572641065565727,0.0093207003695427761,235.7809169567636,0.21908304323635677,970.40099459828184,2.5990054017183928,2.5990054017183928,5177.2265037468715,0.77349625312856729,0.77349625312856729,16.600000000000001
14.75,116,46.551742879791028,27.062685096789796,135.55875712788153,17.565109276059587,1.1804759561687888,0.63998679119078083,0.045318902888905895,0.010351945810535926,235.76030461154059,0.23969538845936755,970.15670167007227,2.8432983299278765,2.8432983299278765,5177.1409309593919,0.85906904060831291,0.85906904060831291,16.600000000000001
15,116,46.026896128545474,27.141666248812623,135.10776389551921,17.917779902688718,1.2278867209148865,0.68577099903827476,0.049323284165829775,0.011475197673219044,235.73818243672952,0.2618175632704241,969.89455924463994,3.105440755360279,3.105440755360279,5177.0477250847325,0.95227491526693031,0.95227491526693031,16.600000000000001
15.25,116,45.508503952211456,27.214803005481951,134.65701205511616,18.266728474136499,1.2760642097376533,0.73390035843242096,0.053598170429742284,0.01269673214763593,235.71447069498905,0.28552930501087692,969.61363217965231,3.3863678203480054,3.3863678203480054,5176.9463657605393,1.0536342394610061,1.0536342394610061,16.600000000000001
15.5,116,44.996480208456617,27.28230313367331,134.20660393659807,18.611783348420879,1.3249850559893561,0.7844482534598296,0.058156282007899067,0.01402312352408581,235.68908704897288,0.3109129510270297,969.31295594423,3.6870440557702495,3.6870440557702495,5176.8363079675155,1.1636920324842559,1.1636920324842559,16.600000000000001
15.75,116,44.490740085445054,27.344369035939405,133.75663719413615,18.952776969267514,1.3746249776966364,0.83748893165137173,0.063010675086372245,0.015461252162050776,235.6619465307981,0.33805346920182006,968.99153641221983,4.0084635877804073,4.0084635877804073,5176.7169813794371,1.2830186205628173,1.2830186205628173,16.600000000000001
16,116,43.991200078309689,27.401197928548356,133.30720495196428,19.289545719426595,1.4249587827767189,0.89309749093862112,0.068174742421884191,0.017018312471986034,235.63296151259001,0.36703848740992007,968.64834968267814,4.3516503173221652,4.3516503173221652,5176.5877897135742,1.4122102864260591,1.4122102864260591,16.600000000000001
16.25,116,43.497777966168705,27.45298201455747,132.85839594608652,19.621929780377602,1.4759603741030696,0.95134986479313477,0.073662213727143266,0.018701820912627801,235.60204167804991,0.39795832195000047,968.28234192591572,4.7176580740846363,4.7176580740846363,5176.4481100812209,1.5518899187788973,1.5518899187788973,16.600000000000001
16.5,116,43.010392789668508,27.499908651922386,132.41029466188525,19.949772998637862,1.5276027544653725,1.0123228053058553,0.079487155705523727,0.02051962400022915,235.56909399510343,0.43090600489651609,967.89242925654469,5.1075707434556961,5.1075707434556961,5176.2972923387133,1.7027076612875014,1.7027076612875014,16.600000000000001
16.75,116,42.528964829004543,27.542160516750251,131.96298146787566,20.272922759234863,1.5798580316559536,1.0760938633543644,0.085663971582749257,0.022479906296488331,235.53402269008123,0.46597730991868719,967.47749764200501,5.522502357995382,5.522502357995382,5176.1346584421808,1.8653415578196355,1.8653415578196355,16.600000000000001
17,116,42.053415582473448,27.579915761594272,131.51653274538114,20.591229865726568,1.6326974234553764,1.1427413667503246,0.092207400281543866,0.02459119840511002,235.49672922301136,0.50327077698859224,967.03640283839275,5.9635971616075496,5.9635971616075496,5175.9595018030923,2.0404981969070746,2.0404981969070746,16.600000000000001
17.25,116,41.583667745457355,27.613348168986587,131.07102101459333,20.904548427927331,1.6860912629779448,1.2123443946507704,0.099132514939290151,0.026862384911426625,235.4571122649088,0.5428877350911272,966.56797037033164,6.4320296296686736,6.4320296296686736,5175.7710866510051,2.2289133489942277,2.2289133489942277,16.600000000000001
17.5,116,41.119645189915055,27.642627300061282,130.62651505668904,21.212735756478068,1.7400090040515628,1.2849827494940227,0.10645472097925979,0.029302712308145247,235.41506767645646,0.58493232354347546,966.07099554316255,6.9290044568377755,6.9290044568377755,5175.5686473992591,2.4313526007405297,2.4313526007405297,16.600000000000001
17.75,116,40.661272944311456,27.667918638412516,130.18308003236234,21.515652265065494,1.7944192269783874,1.3607369252321364,0.11418975350678855,0.031921796854951681,235.37048848876384,0.62951151123609639,965.54424350014699,7.4557564998532087,7.4557564998532087,5175.3513880187174,2.6486119812817854,2.6486119812817854,16.600000000000001
18,116,40.208477173986182,27.689383729177127,129.7407775967724,21.813161380280565,1.8492896446864986,1.4396880718696148,0.12235367402259059,0.034729632368428534,235.32326488622755,0.67673511377239437,964.98644932496052,8.0135506750397241,8.0135506750397241,5175.1184814198796,2.8815185801204022,2.8815185801204022,16.600000000000001
18.25,116,39.761185161956256,27.707180313361373,129.29966601097072,22.10512945919001,1.9045871093256701,1.5219179561666702,0.13096286641646143,0.037736597930578535,235.27328419162765,0.726715808372287,964.39631819165663,8.6036818083436124,8.6036818083436124,5174.8690688444467,3.1309311555524713,3.1309311555524713,16.600000000000001
18.5,116,39.319325290135204,27.721462457428739,128.85980024993418,22.391425714850747,1.9602776194504978,1.6075089181347952,0.1400340321456571,0.040953465484248261,235.22043085379315,0.77956914620677975,963.77252556751614,9.227474432484005,9.227474432484005,5174.6022592693444,3.3977407306555296,3.3977407306555296,16.600000000000001
18.75,116,38.882827020958167,27.732380678185628,128.42123210725757,22.671922149871364,2.0163263278282439,1.6965438231565804,0.14958418457173142,0.044391407314624445,235.16458643788334,0.83541356211659734,963.11371746997065,9.8862825300297192,9.8862825300297192,5174.3171288233052,3.682871176694777,3.682871176694777,16.600000000000001
19,116,38.451620879402846,27.740082062954251,127.98401029663404,22.946493498171286,2.0726975500285327,1.7891060094430653,0.15963064234951385,0.04806200337367638,235.10562961868584,0.89437038131408797,962.4185107835965,10.581489216403767,10.581489216403767,5174.0127202200392,3.9872797799607582,3.9872797799607582,16.600000000000001
19.25,116,38.025638435392715,27.744710385077703,127.54818055017631,23.215017175090029,2.1293547738300989,1.8852792306094368,0.17019102184555721,0.051977248448676246,235.0434361769812,0.9565638230187542,961.6854936385198,11.314506361480449,11.314506361480449,5173.6880422079184,4.3119577920822056,4.3119577920822056,16.600000000000001
19.5,116,37.604812286573534,27.746406214733575,127.11378571371024,23.477373235962034,2.1862606696141302,1.9851475931167066,0.18128322847158101,0.056149559125426012,234.97787899940661,1.0221210005933543,960.91322585650801,12.086774143492072,12.086774143492072,5173.342069040742,4.6579309592576115,4.6579309592576115,16.600000000000001
19.75,116,37.189076041449681,27.745307025098501,126.68086583910301,23.73344434331479,2.2433771017916162,2.088795488345387,0.19292544690183189,0.060591780543487815,234.90882808189693,1.0911719181030366,960.10023946650722,12.899760533492968,12.899760533492968,5172.9737399699043,5.0262600300956155,5.0262600300956155,16.600000000000001
20,116,36.778364302871452,27.741547293840185,126.24945827374378,23.983115742790464,2.300665141420009,2.1963075190778762,0.20513613007116965,0.065317192896798063,234.83615053710713,1.1638494628928393,959.24503929539799,13.754960704602137,13.754960704602137,5172.5819587622273,5.4180412377723615,5.4180412377723615,16.600000000000001
20.25,116,36.372612651861388,27.735258599954648,125.81959774725829,24.226275247908809,2.3580850800955413,2.3077684201795958,0.21793398689852328,0.070339517659343681,234.75971060601464,1.2402893939853339,958.3461036371034,14.653896362896759,14.653896362896759,5172.165593245395,5.8344067546045197,5.8344067546045197,16.600000000000001
20.5,116,35.97175763176844,27.726569715964114,125.3913164555542,24.462813233837789,2.4155964452244758,2.4232629732051572,0.23133796866367096,0.075672923514799081,234.6793696739376,1.3206303260623731,957.40188500398733,15.598114996012857,15.598114996012857,5171.7234748829569,6.2765251170425786,6.2765251170425786,16.600000000000001
20.75,116,35.575736732741753,27.715606695427688,124.96464414230076,24.692622640138467,2.4731580168349603,2.542875914857111,0.24536725394216549,0.081332031926631923,234.59498629142468,1.4050137085752989,956.41081096615198,16.589189033848161,16.589189033848161,5171.2543983846808,6.7456016153180585,6.7456016153180585,16.600000000000001
21,116,35.184488376511496,27.702492955801656,124.5396081779317,24.91559898270307,2.5307278460077147,2.6666918389760359,0.26004123203954649,0.087331922342031201,234.5064162001664,1.4935837998335508,955.37128508175738,17.628714918242736,17.628714918242736,5170.7571213529563,7.2428786470430691,7.2428786470430691,16.600000000000001
21.25,116,34.797951901466355,27.687349356648763,124.11623363626164,25.13164037490618,2.5882632750340582,2.7947950919446223,0.27537948486187092,0.093688136991720766,234.4135123642161,1.5864876357838638,954.28168792211204,18.718312077888104,18.718312077888104,5170.2303639686997,7.7696360312999397,7.7696360312999397,16.600000000000001
21.5,116,34.416067548019704,27.670294273144783,123.69454336882337,25.340647557958171,2.645720959470971,2.9272696614063447,0.29140176711980642,0.10041668522141352,234.31612500699342,1.6838749930065502,953.14037819750865,19.859621802491471,19.859621802491471,5169.6728087226229,8.3271912773759436,8.3271912773759436,16.600000000000001
21.75,116,34.038776444251127,27.651443664940096,123.27455807700966,25.5425239406907,2.7030568921473606,3.0641990579707001,0.30812798482243992,0.10753404735921379,234.21410165414912,1.7858983458508455,951.94569398606097,21.054306013939176,21.054306013939176,5169.0831001915685,8.9168998084312676,8.9168998084312676,16.600000000000001
22,116,33.66602059181777,27.630911140289303,122.85629638211999,25.737175648423822,2.7602264293102676,3.2056661901588179,0.32557817197325722,0.11505717801391331,234.10728718290554,1.8927128170944258,950.69595407137922,22.304045928620891,22.304045928620891,5168.4598448693087,9.5401551306912555,9.5401551306912555,16.600000000000001
22.25,116,33.297742852119868,27.608808015533768,122.43977489340509,25.92451158149025,2.8171843189554178,3.3517532319006693,0.34377246540352879,0.12300350884513064,233.99552387783388,2.0044761221660785,949.38945939182975,23.610540608170428,23.610540608170428,5167.8016110483604,10.198388951639128,10.198388951639128,16.600000000000001
22.5,116,32.933886932717471,27.585243369843301,122.02500827419506,26.10444348257009,2.8738847315140581,3.5025414833550568,0.36273107770555968,0.13139095066025361,233.87865149376475,2.1213485062352122,948.02449460542857,24.975505394571631,24.975505394571631,5167.1069287656246,10.893071234374281,10.893071234374281,16.600000000000001
22.75,116,32.574397373981583,27.560324095278734,121.61200930622005,26.276886013818178,2.9302812929840041,3.65811122393748,0.38247426813987195,0.14023789490050759,233.75650732581141,2.2434926741885475,946.59932977565666,26.400670224343667,26.400670224343667,5166.3742898066212,11.625710193378941,11.625710193378941,16.600000000000001
23,116,32.219219535977622,27.5341549421405,121.20078895218835,26.441756842436334,2.9863271205939106,3.8185415588516096,0.40302231157355217,0.14956321435632444,233.62892628709955,2.37107371290042,945.11222217810268,27.887777821897561,27.887777821897561,5165.6021477822578,12.397852217742292,12.397852217742292,16.600000000000001
23.25,116,31.868299585564287,27.506838559598251,120.79135641674695,26.598976736015985,3.0419748611715831,3.9839102576498724,0.42439546524182259,0.15938626317387583,233.49574099432425,2.5042590056757197,943.56141823696589,29.438581763034421,29.438581763034421,5164.7889182731187,13.211081726879797,13.211081726879797,16.600000000000001
23.5,116,31.521584483705993,27.4784755316585,120.3837192058716,26.74846966589211,3.0971767321950985,4.1542935865482749,0.4466139334945004,0.16972687599849287,233.35678186153072,2.6432181384692259,941.94515558647583,31.054844413524549,31.054844413524549,5163.9329790544971,14.067020945501941,14.067020945501941,16.600000000000001
23.75,116,31.179021972982596,27.449164408383758,119.97788318482218,26.890162920014053,3.151884565787463,4.3297661328321055,0.46969783024708717,0.18060536629719987,233.21187720244109,2.7881227975588643,940.26166526985287,32.738334730147521,32.738334730147521,5163.0326703990113,14.967329600988032,14.967329600988032,16.600000000000001
24,116,30.840560565294048,27.419001732520464,119.57385263469843,27.023987223352162,3.2060498555236991,4.5104006233096099,0.49366713938683449,0.19204252372936684,233.06085334148088,2.9391466585190877,938.50917406650456,34.490825933495685,34.490825933495685,5162.0862954678323,15.913704532166937,15.913704532166937,16.600000000000001
24.25,116,30.506149529745088,27.388082061386289,119.17163030773334,27.149876867261153,3.2596238063699969,4.6962677352374529,0.51854167282187558,0.20405961057628913,232.9035347340085,3.096465265991478,936.68590696191768,36.314093038082618,36.314093038082618,5161.0921207901874,16.907879209811888,16.907879209811888,16.600000000000001
24.5,116,30.175738880707062,27.356497984267293,118.77121748135171,27.267769845727088,3.3125573875264185,4.8874359017721183,0.54434102649397353,0.21667835712878158,232.7397440956629,3.2602559043370571,934.79008974734018,38.209910252660158,38.209910252660158,5160.0483768393242,17.951623160675606,17.951623160675606,16.600000000000001
24.75,116,29.849279366041412,27.324340135060691,118.37261401114621,27.377608000250643,3.3648013886227939,5.0839711100244367,0.57108453393307479,0.22992095602294824,232.56930254159806,3.430697458401911,932.81995176903251,40.180048230967756,40.180048230967756,5158.9532587067079,19.046741293291845,19.046741293291845,16.600000000000001
25,116,29.526722455482151,27.291697200487445,117.97581838279022,27.479337171155031,3.4163064789583193,5.2859366939170371,0.59879121773794142,0.24381005544153891,232.3920297353433,3.6079702646566658,930.7737288110801,42.226271188920194,42.226271188920194,5157.8049268808472,20.195073119151818,20.195073119151818,16.600000000000001
25.25,116,29.208020329172907,27.25865592411543,117.58082776292673,27.572907353657037,3.4670232695825303,5.4933931234720763,0.62747973925427236,0.25836875110745405,232.20774404717872,3.7922559528212565,928.64966610080228,44.35033389919802,44.35033389919802,5156.6015081365776,21.398491863420883,21.398491863420883,16.600000000000001
25.5,116,28.893125866331719,27.22530110533177,117.18763804930663,27.658272864006015,3.5169023794192711,5.7063977849112053,0.65716834525711854,0.27362057709985982,232.01626272388296,3.9837372761169663,926.44602149089621,46.553978509103999,46.553978509103999,5155.3410965348003,22.658903465199636,22.658903465199636,16.600000000000001
25.75,116,28.581992634063671,27.191715594831678,116.79624391994822,27.735392506529283,3.5658945035704477,5.9250047610049039,0.68787481357927638,0.28958949536795975,231.81740206720863,4.1825979327913005,924.1610687318589,48.838931268141309,48.838931268141309,5154.0217545391879,23.978245460811408,23.978245460811408,16.600000000000001
26,116,28.274574876288547,27.157980285300585,116.40663888166758,27.804229748543655,3.6139504855489344,6.1492646043182653,0.71961639601148186,0.30629988391016932,231.61097762401025,4.3890223759897085,921.79310091210209,51.206899087898115,51.206899087898115,5152.6415142565975,25.358485743401609,25.358485743401609,16.600000000000001
26.25,116,27.97082750278836,27.124174098139161,116.0188153179099,27.864752898842148,3.661021392500921,6.3792241077293959,0.75240975943042909,0.32377652358729903,231.39680438661429,4.603195613385652,919.34043402285033,53.659565977149889,53.659565977149889,5151.1983788015978,26.80162119840185,26.80162119840185,16.600000000000001
26.5,116,27.670706078375773,27.090373966865837,115.63276453585526,27.916935286689544,3.7070585927472743,6.6149260753215575,0.78627092584030933,0.34204458354615497,231.17469700243797,4.8253029975619732,916.80141061724657,56.198589382753639,56.198589382753639,5149.6903237855095,28.309676214489848,28.309676214489848,16.600000000000001
26.75,116,27.374166812147969,27.056654815553884,115.24847681318487,27.960755448419995,3.752013837744971,6.8564090861331612,0.82121520940968751,0.36112960510740588,230.94446999660931,5.0555300033906256,914.17440365323671,58.825596346763405,58.825596346763405,5148.1152989475804,29.884701052418507,29.884701052418507,16.600000000000001
27,116,27.081166546859258,27.023089534988184,114.86594144411504,27.99619731029339,3.795839345316284,7.103707262542863,0.85725715345437836,0.38105748427814068,230.70593800213172,5.2940619978682042,911.45782038369043,61.542179616309717,61.542179616309717,5146.4712299066196,31.52877009337994,31.52877009337994,16.600000000000001
27.25,116,26.791662748371156,26.989748954515353,114.48514678515077,28.023250375384574,3.838487886700535,7.3568500350283639,0.894410465105418,0.40185445263043496,230.45891600241242,5.5410839975875135,908.65010640136052,64.349893598639682,64.349893598639682,5144.7560200617127,33.243979938287275,33.243979938287275,16.600000000000001
27.5,116,26.505613495189191,26.956701810746466,114.10608030044006,28.041909910028924,3.8799128761298043,7.6158619079055967,0.93268794886417339,0.42354705663153597,230.20321958384505,5.7967804161548955,905.74974978252806,67.250250217472185,67.250250217472185,5142.9675526312549,35.032447368744741,35.032447368744741,16.600000000000001
27.75,116,26.222977468096321,26.924014714293033,113.72872860660515,28.052177125465136,3.9200684616046502,7.880762230540844,0.97210144025338485,0.44616213553092465,229.93866519604182,6.061334803958097,902.75528527249401,70.244714727506263,70.244714727506263,5141.1036928177055,36.896307182294535,36.896307182294535,16.600000000000001
28,116,25.943713939833863,26.891752112094974,113.35307751758077,28.054059362546976,3.9589096199207643,8.1515649656034022,1.0126617369771185,0.4697267973710671,229.66507042581452,6.3349295741854164,899.66529863868038,73.334701361319887,73.334701361319887,5139.1622901434184,38.837709856581959,38.837709856581959,16.600000000000001
28.25,116,25.667782764883114,26.859976249065518,112.97911208886345,28.047570267505574,3.9963922515398465,8.428278467005935,1.0543785313947702,0.49426839369052095,229.38225427625247,6.6177457237474711,896.47843100746354,76.521568992536771,76.521568992536771,5137.1411808965531,40.858819103446216,40.858819103446216,16.600000000000001
28.5,116,25.395144369295501,26.828747126564579,112.60681666172805,28.032729965862632,4.0324732784269388,8.7109052598503336,1.0972603417414217,0.51981449239072053,229.09003745741788,6.9099625425820612,893.19338331205574,79.806616687944484,79.806616687944484,5135.0381907411902,42.961809258810071,42.961809258810071,16.600000000000001
28.75,116,25.125759740584666,26.798122458972173,112.23617490725513,28.009565230634131,4.0671107434068707,8.9994418264021441,1.1413144433399507,0.54639284896187557,228.7882426857735,7.2117573142264622,889.80892079071327,83.191079209286869,83.191079209286869,5132.8511374706268,45.148862529373069,45.148862529373069,16.600000000000001
29,116,24.859590417703725,26.768157630118431,111.86716986991303,27.978109639859646,4.1002639089942443,9.2938784033239372,1.1865468015211005,0.57403137638813728,228.47669498812593,7.5233050118740223,886.32387745034384,86.67612254965627,86.67612254965627,5130.5778338703367,47.422166129662401,47.422166129662401,16.600000000000001
29.25,116,24.596598481040392,26.738905646581081,111.49978401139326,27.938403730350345,4.1318933594746667,9.5941987825534945,1.232962003289626,0.6027581129387104,228.1552220184968,7.8447779815031273,882.73716064756741,90.262839352432707,90.262839352432707,5128.2160907700527,49.78390922994646,49.78390922994646,16.600000000000001
29.5,116,24.336746542507473,26.710417092160156,111.13399925388306,27.890495137475803,4.1619611010119621,9.9003801268445777,1.2805631918961011,0.63260118888859551,227.82365437639766,8.176345623602268,879.04775557421317,93.952244425786972,93.952244425786972,5125.7637201791795,52.236279820819746,52.236279820819746,16.600000000000001
29.75,116,24.079997735665689,26.68274008104817,110.76979702341613,27.834438725598023,4.1904306629824744,10.212392794705622,1.3293520019148068,0.66358879138304105,227.48182593404695,8.5181740659529517,875.254729774819,97.745270225181144,97.745270225181144,5123.2185385832163,54.781461416782591,54.781461416782591,16.600000000000001
30,116,23.826315705894626,26.655920210832029,110.40715829313309,27.770296706551861,4.2172671992138371,10.530200177507629,1.3793284958829866,0.69574912771069308,227.12957416957448,8.8704258304254289,871.35723764142608,101.64276235857415,101.64276235857415,5120.5783703740917,57.421629625907364,57.421629625907364,16.600000000000001
30.25,116,23.57566460065209,26.630000517433885,110.04606362603887,27.698138742170194,4.2424375865621542,10.853758553181658,1.4304911044527928,0.72911038759442692,226.7667405001618,9.2332594998380895,867.35452478126581,105.64547521873433,105.64547521873433,5117.8410513534891,60.158948646509842,60.158948646509842,16.600000000000001
30.5,116,23.328009059735368,26.605021429092005,109.68649321811156,27.618042034051179,4.2659105246791311,11.183016952442292,1.4828365673865791,0.76370070332935236,226.39317062506947,9.6068293749304221,863.24593240948104,109.75406759051918,109.75406759051918,5115.0044324232167,62.995567576782797,62.995567576782797,16.600000000000001
30.75,116,23.083314205645195,26.581020723381869,109.32842694076265,27.530091395583966,4.2876566318596767,11.517917043529273,1.536359878998937,0.79954810926560382,226.00871486542161,9.9912851345782965,859.03090156171845,113.96909843828176,113.96909843828176,5112.0663833156241,65.933616684375963,65.933616684375963,16.600000000000001
31,116,22.841545633982939,26.558033485445751,108.97184438331939,27.434379306571113,4.307648539547233,11.858393034452943,1.5910542364324096,0.83668049967700675,225.61322850809896,10.386771491900941,854.70897722720258,118.29102277279758,118.29102277279758,5109.0247964563014,68.975203543698271,68.975203543698271,16.600000000000001
31.25,116,22.602669403895575,26.536092068235213,108.61672489538334,27.331005949273919,4.3258609845324978,12.204371594062776,1.6469109914643563,0.87512558528321738,225.20657215126309,10.793427848736814,850.27981236233325,122.72018763766688,122.72018763766688,5105.8775909324459,72.122409067553832,72.122409067553832,16.600000000000001
31.5,116,22.366652028626564,26.515226056651638,108.26304762850471,27.220079225203282,4.3422708963429688,12.555771793175523,1.7039196074311407,0.91491084934249511,224.78861204427864,11.211387955721284,845.74317168415791,127.25682831584234,127.25682831584234,5102.6227164780257,75.377283521975031,75.377283521975031,16.600000000000001
31.75,116,22.13346046607197,26.495462233770272,107.91079157811575,27.101714749139497,4.3568574826802333,12.91250506833801,1.7620676198727294,0.95606350185389599,224.35922043186048,11.640779568139406,841.09893535431991,131.90106464568032,131.90106464568032,5099.2581576142456,78.741842385755206,78.741842385755206,16.600000000000001
32,116,21.903062109457348,26.476824551640739,107.55993562463993,26.976035823793914,4.369602309219923,13.274475205888052,1.8213406027866921,0.99861043367159341,223.91827588991282,12.081724110087071,836.34710240693175,136.65289759306853,136.65289759306853,5095.7819377735359,82.218062226464582,82.218062226464582,16.600000000000001
32.25,116,21.67542477806807,26.459334106110646,107.21045857439177,26.843173390203791,4.3804893750062348,13.641578350611239,1.8817221402328279,1.0425781695542593,223.46566365872934,12.534336341270553,831.48779396652571,141.51220603347457,141.51220603347457,5092.1921234981037,85.807876501897013,85.807876501897013,16.600000000000001
32.5,116,21.450516708042635,26.443009116129932,106.86233920017337,26.70326595354323,4.3895051828817291,14.013703039402458,1.9431938036486842,1.0879928203506504,223.00127597188146,12.99872402811843,826.52125623229017,146.47874376771,146.47874376771,5088.4868286933624,89.513171306638398,89.513171306638398,16.600000000000001
32.75,116,21.228306543300185,26.427864908308958,106.51555628092456,26.55645948958632,4.3966388034748869,14.390730255329631,2.0057351352179134,1.1348800354667989,222.52501237388896,13.474987626110927,821.44786316943714,151.55213683056309,151.55213683056309,5084.6642188289761,93.33578117102499,93.33578117102499,16.600000000000001
33,116,21.008763326499629,26.413913907134422,106.17008864132532,26.402907319363777,4.4018819333282044,14.772533513673956,2.0693236382282381,1.1832649540806215,222.03678003393065,13.963219966069213,816.26811892711862,156.73188107288152,156.73188107288152,5080.7225152274686,97.277484772532233,97.277484772532233,16.600000000000001
33.25,116,20.791856490144777,26.401165630661609,105.82591519034774,26.242769965552622,4.4052289462522012,15.158978967388773,2.1339347735303233,1.2331721569284499,221.53649404645574,14.463505953544162,810.98265994716633,162.01734005283376,162.01734005283376,5076.6599992731353,101.3400007268654,101.3400007268654,16.600000000000001
33.5,116,20.577555847780708,26.389626692756764,105.48301495921898,26.076214980942449,4.4066769373371857,15.549925541182875,2.1995419634557396,1.2846256178628785,221.02407772134526,14.975922278654636,805.59225673811136,167.40774326188884,167.40774326188884,5072.4750166120439,105.52498338795732,105.52498338795732,16.600000000000001
33.75,116,20.365831585284756,26.379300812249539,105.1413671387599,25.903416748293861,4.4062257592256984,15.945225094946133,2.266116603490762,1.3376486552837692,220.49946286258282,15.500537137417089,800.0978152970672,172.90218470293286,172.90218470293286,5068.1659813328442,109.83401866715678,109.83401866715678,16.600000000000001
34,116,20.156654252323783,26.37018882767201,104.80095111549893,25.724556264471037,4.4038780513170437,16.344722604216106,2.3336280798877618,1.3922638846092186,219.96259003111155,16.037409968888355,794.50037820631519,178.49962179368498,178.49962179368498,5063.7313800247066,114.2686199752947,114.2686199752947,16.600000000000001
34.25,116,19.949994753892799,26.362288721070701,104.46174650723539,25.539820887344753,4.3996392591501312,16.748256378541601,2.4020437972139028,1.448493170514332,219.41340879385154,16.586591206148359,788.80112529078849,184.19887470921142,184.19887470921142,5059.1697758199061,118.83022418009459,118.83022418009459,16.600000000000001
34.5,116,19.745824342026683,26.35559564737181,104.12373319732244,25.349404068169179,4.3935176466959796,17.15565829573633,2.4713292116642713,1.5063575804119105,218.85187795579319,17.148122044206733,783.00137394659578,189.99862605340431,189.99862605340431,5054.4798122953671,123.52018770463323,123.52018770463323,16.600000000000001
34.75,116,19.544114607652588,26.350101971844506,103.78689136790229,25.15350505719627,4.3855242992659207,17.566754064040701,2.5414478728699201,1.5658773387250171,218.2779657741483,17.722034225851594,777.10257904609841,195.89742095390162,195.89742095390162,5049.6602172674593,128.33978273254155,128.33978273254155,16.600000000000001
35,116,19.344837472582661,26.345797316377517,103.45120153208364,24.952328580177713,4.3756731163104643,17.981363514551621,2.61236147488246,1.6270717819942095,217.69165015336753,18.308349846632371,771.10633238894081,201.89366761105916,201.89366761105916,5044.7098064742322,133.29019352576907,133.29019352576907,16.600000000000001
35.25,116,19.14796518170078,26.342668610483614,103.11664456467673,24.746084505879523,4.3639807977843557,18.399300904151708,2.6840299118190423,1.6899593156887545,217.09291882176242,18.907081178237473,765.01436184724605,207.98563815275381,207.98563815275381,5039.6274870772204,138.37251292278106,138.37251292278106,16.600000000000001
35.5,116,18.953470295297723,26.340700153709356,102.78320173174821,24.534987477036303,4.3504668176753061,18.820375256281292,2.7564113451655015,1.7545573720935055,216.48176948431154,19.518230515688366,758.82852994339419,214.17147005660567,214.17147005660567,5034.4122610209033,143.58773897909779,143.58773897909779,16.600000000000001
35.75,116,18.761325681603367,26.339873682850559,102.45085471870833,24.319256532526243,4.3351533909979816,19.244390712021829,2.8294622757132486,1.8208823700324779,215.85820995620386,20.141790043796039,752.55083211608394,220.44916788391603,220.44916788391603,5029.0632282000652,148.93677179993648,148.93677179993648,16.600000000000001
36,116,18.57150450951012,26.340168447291187,102.11958565691334,24.099114709191571,4.3180654309119291,19.67114690309517,2.9031376234754114,1.888949676412691,215.22225827286539,20.777741727134508,746.18339453715805,226.81660546284181,226.81660546284181,5023.5795894264829,154.42041057351824,154.42041057351824,16.600000000000001
36.25,116,18.383980241490882,26.341561293954943,101.78937714872572,23.874788618843812,4.2992304944105006,20.100439351299844,2.9773908170235557,1.9587735696966899,214.57394277393885,21.426057226061037,739.72847141474131,233.27152858525864,233.27152858525864,5017.9606491805653,160.03935081943516,160.03935081943516,16.600000000000001
36.5,116,18.198726626726664,26.344026755138206,101.46021229103724,23.646508024467995,4.278678723334977,20.532059870332137,3.052173885310137,2.0303672055176376,213.91330216883611,22.086697831163768,733.18844205906328,239.81155794093667,239.81155794093667,5012.205818150238,165.7941818497635,165.7941818497635,16.600000000000001
36.75,116,18.015717694455127,26.347537148127479,101.13207469697777,23.414505387894522,4.2564427714896862,20.965796998033166,3.1274375608421754,2.1037425847628035,213.24038557049872,22.759614429501195,726.56580732992586,246.43419267007405,246.43419267007405,5006.3146154979213,171.68538450207947,171.68538450207947,16.600000000000001
37,116,17.834927747532625,26.352062678216789,100.80494851604401,23.179015415476158,4.2325577265206862,21.401436432253728,3.2031313857620463,2.178910523943502,212.55525250929423,23.444747490705677,719.86318582344529,253.13681417655459,253.13681417655459,5000.2866709010395,177.71332909896125,177.71332909896125,16.600000000000001
37.25,116,17.656331356227049,26.357571548213993,100.47881845243599,22.940274593875131,4.2070610232321224,21.838761478451691,3.2792038237914922,2.2558806282137027,211.85797292105312,24.1420270789468,713.08330965893776,259.91669034106218,259.91669034106218,4994.121726322237,183.87827367776399,183.87827367776399,16.600000000000001
37.5,116,17.479903352258606,26.36403007675224,100.15366978140727,22.698520710569884,4.1799923458082606,22.27755351461099,3.3556023802172543,2.3346612673864713,211.14862710432988,24.851372895670004,706.2290197595745,266.77098024042539,266.77098024042539,4987.8196374693107,190.18036253069087,190.18036253069087,16.600000000000001
37.75,116,17.305618823049336,26.371402817185594,99.829488364133383,22.453992381028918,4.1513935277372163,22.717592450998914,3.4322737218713888,2.4152595542303144,210.42730566160955,25.572694338390342,699.30326099555043,273.69673900444951,273.69673900444951,4981.3803750412098,196.61962495879138,196.61962495879138,16.600000000000001
38,116,17.13345310625537,26.379652686249944,99.506260660273782,22.206928561925064,4.1213084393317381,23.158657206237869,3.5091638057941346,2.4976813264375437,209.69410940476405,26.305890595235859,692.30907676158745,280.69092323841232,280.69092323841232,4974.8040255976921,203.19597440230916,203.19597440230916,16.600000000000001
38.25,116,16.963381784519161,26.388741094308241,99.183973738935649,21.95756806923162,4.0897828718267872,23.600526180114173,3.5862180087529274,2.5819311311389819,208.94914924178121,27.050850758218687,685.24960337061793,287.7503966293819,287.7503966293819,4968.0907921882417,209.90920781176001,209.90920781176001,16.600000000000001
38.5,116,16.795380680470878,26.398628079179385,98.862615287745911,21.706149098383378,4.0568644157306517,24.042977726235687,3.6633812593830131,2.6680122125214929,208.19254603906285,27.807453960937057,678.12806416294802,294.87193583705186,294.87193583705186,4961.2409946812277,216.75900531877406,216.75900531877406,16.600000000000001
38.75,116,16.62942585201856,26.409272446153103,98.542173619638888,21.452908742989962,4.0226023303920941,24.485790628446267,3.7405981752470616,2.7559265032858669,207.42443045176802,28.575569548231865,670.94776319859955,302.05223680140017,302.05223680140017,4954.2550697148554,223.74493028514621,223.74493028514621,16.600000000000001
39,116,16.465493587829815,26.420631906502123,98.222637678351603,21.198082525183477,3.9870474135832548,24.928744566901312,3.8178131977540901,2.8456746182264014,206.64494274210432,29.35505725789556,663.71207891706513,309.28792108293464,309.28792108293464,4947.1335704613612,230.86642953863972,230.86642953863972,16.600000000000001
39.25,116,16.303560403131947,26.432663221596293,97.903997041391378,20.941903930110005,3.9502518626216547,25.371620582540078,3.8949707311100488,2.9372558522269725,205.85423256316477,30.145767436835126,656.42445738734284,316.57554261265699,316.57554261265699,4939.8771659612275,238.12283403877419,238.12283403877419,16.600000000000001
39.5,116,16.143603035726912,26.445322346613548,97.586241921487712,20.684603951561531,3.9122691341659492,25.814201531932042,3.9720152800013424,3.030668180851559,205.05245872675488,30.947541273245001,649.08840546787246,323.91159453212742,323.91159453212742,4932.4866402235484,245.51335977645306,245.51335977645306,16.600000000000001
39.75,116,15.985598442248257,26.458564574457572,97.269363166283597,20.426410650105954,3.873153801807411,26.25627253138078,4.0488915863852162,3.1259082640371756,204.2397889515257,31.760211048474186,641.70748383444129,331.2925161655586,331.2925161655586,4924.9628910425945,253.03710895740747,253.03710895740747,16.600000000000001
40,116,15.8295237947234,26.472344681711377,96.953352255683427,20.167548725459248,3.832961408985343,26.697621389120613,4.1255447667070744,3.2229714540444285,203.41639958233654,32.583600417663334,634.28529975882145,338.71470024117855,338.71470024117855,4917.3069284141538,260.69307158584803,260.69307158584803,16.600000000000001
40.25,116,15.675356477298818,26.486617071715202,96.638201298181045,19.908239102278518,3.7917483236085814,27.138039025098863,4.2019204456768922,3.3218518051562347,202.58247530211372,33.417524697886151,626.82549994064129,346.17450005935854,346.17450005935854,4909.5198728105788,268.48012718942397,268.48012718942397,16.600000000000001
40.5,116,15.523074083282795,26.501335917893673,96.323903024776854,19.64869853739301,3.7495715897222848,27.57731987170822,4.2779648884985439,3.4225420879012129,201.73820881574494,34.261791184254911,619.33176315808328,353.66823684191655,353.66823684191655,4901.6029530377091,276.39704696229336,276.39704696229336,16.600000000000001
40.75,116,15.372654412386055,26.516455304712828,96.010450781562923,19.389139243298146,3.7064887800362811,28.015262259566665,4.3536251298370177,3.5250338056990964,200.88380052204295,35.116199477956897,611.80779293049375,361.1922070695062,361.1922070695062,4893.557503885665,284.4424961143373,284.4424961143373,16.600000000000001
41,116,15.224075468174171,26.531929365885318,95.697838520865218,19.129768530818492,3.6625578495783091,28.451668785543689,4.4288490989950899,3.6293172141993271,200.01945817272897,35.980541827270862,604.25731020069361,368.74268979930639,368.74268979930639,4885.3849635495799,292.61503645042285,292.61503645042285,16.600000000000001
41.25,116,15.077315455809705,26.547712419722206,95.386060790276744,18.870788480095062,3.6178369898421971,28.886346654530808,4.5035857405268533,3.7353813447284794,199.14539651011432,36.854603489885527,596.68404598799214,376.31595401200792,376.31595401200792,4877.0868706854799,300.91312931452245,300.91312931452245,16.600000000000001
41.5,116,14.932352779924242,26.563759101102647,95.075112720959382,18.61239562419939,3.5723844854826909,29.319108009291007,4.5777851310476221,3.8432140290200487,198.26183690136949,37.738163098630359,589.09173414801421,383.90826585198579,383.90826585198579,4868.6648613750922,309.33513862491026,309.33513862491026,16.600000000000001
41.75,116,14.789166042769425,26.580024488485918,94.764990013972707,18.35478066654483,3.5262585737692267,29.749770228430577,4.6513985893666501,3.9528019279161497,197.36900695513248,38.630993044867381,581.484104200724,391.51589579927594,391.51589579927594,4860.120665748198,317.87933425180415,317.87933425180415,16.600000000000001
42,116,14.647734042537405,26.596464226796339,94.45568892554698,18.098128218058463,3.4795173069807528,30.178156205627015,4.7243787816819038,4.064130562105027,196.4671401312942,39.532859868705671,573.86487427132636,399.1351257286737,399.1351257286737,4851.4561044455231,326.54389555447955,326.54389555447955,16.600000000000001
42.25,116,14.508035771847984,26.613034645611162,94.147206251335234,17.84261655577258,3.4322184183535267,30.604094608414723,4.7966798212524484,4.1771843448716313,195.55647534491763,40.443524655082228,566.23774417107904,406.76225582892101,406.76225582892101,4842.6730849270816,335.32691507292162,335.32691507292162,16.600000000000001
42.5,116,14.370050416477071,26.629692870012242,93.839539309063554,17.588417418789106,3.3844191935894741,31.027420101132087,4.8682573591980045,4.2919466182279153,194.63725655936582,41.362743440634048,558.60638867608395,414.39361132391616,414.39361132391616,4833.7735975060014,344.22640249400195,344.22640249400195,16.600000000000001
42.75,116,14.23375735418357,26.646396928185002,93.532685920707863,17.335695814899736,3.3361763450786586,31.447973557653011,4.9390686717876076,4.4083996898732689,193.70973237916914,42.290267620830697,550.97445093675185,422.02554906324821,422.02554906324821,4824.7597113358643,353.24028866413863,353.24028866413863,16.600000000000001
43,116,14.099136153747491,26.66310585023664,93.226644393356594,17.084609865975793,3.2875458934529327,31.865602236587115,5.0090727375754005,4.5265248730522991,192.77415563705952,43.225844362940336,543.34553616993082,429.65446383006918,429.65446383006918,4815.6335701769249,362.36642982307814,362.36642982307814,16.600000000000001
43.25,116,13.966166574138974,26.679779761546076,92.921413499368256,16.835310674532412,3.2385830538239135,32.280159935958601,5.0782303084396458,4.646302527877328,191.83078297983758,44.169217020162293,535.72320555312638,437.27679444687374,437.27679444687374,4806.3973880646099,371.60261193539333,371.60261193539333,16.600000000000001
43.5,116,13.834828563803944,26.696379970636617,92.616992455944228,16.587942210307578,3.1893421268499074,32.691507128401938,5.1465039746150945,4.7677121038814185,190.87987445460701,45.12012554539286,528.11097033243993,444.88902966756018,444.88902966756018,4797.053444903022,380.94655509698043,380.94655509698043,16.600000000000001
43.75,116,13.705102260117709,26.712869046704192,92.313380903789295,16.342641236247299,3.1398763991523468,33.099511057778436,5.2138582182573261,4.8907321847754641,189.92169309568942,46.078306904310416,520.5122863138763,452.48771368612381,452.48771368612381,4787.6040819120117,390.39591808799139,390.39591808799139,16.600000000000001
44,116,13.576967988910022,26.72921089426714,92.010578885507698,16.099537243262752,3.0902380463129133,33.504045827247154,5.2802594640217446,5.0153405336479109,188.95650451355107,47.043495486448791,512.93054849158,460.06945150842017,460.06945150842017,4778.0516970627632,399.94830293724073,399.94830293724073,16.600000000000001
44.25,116,13.450406264119025,26.745370817298202,91.708586823422038,15.858752421303588,3.0404780457692531,33.904992451509912,5.3456761182767814,5.141514139718578,187.98457648882092,48.015423511178909,505.36908609769074,467.63091390230943,467.63091390230943,4768.3987404310892,409.60125956891386,409.60125956891386,16.600000000000001
44.5,116,13.325397787530974,26.761315577164236,91.407405497078486,15.620401650642465,2.9906460955639118,34.302238889098398,5.4100786017597065,5.2692292658571862,187.00617857072388,48.993821429275975,497.83115792047602,475.1688420795241,475.1688420795241,4758.6477095234904,419.35229047651262,419.35229047651262,16.600000000000001
44.75,116,13.201923448589774,26.777013445258145,91.107036020550922,15.384592509613595,2.9407905381862136,34.695680058352259,5.4734393767048113,5.3984614965923559,186.02158168052918,49.978418319470677,490.31994786479936,482.68005213520075,482.68005213520075,4748.8011445979346,429.19885540206803,429.19885540206803,16.600000000000001
45,116,13.079964324290062,26.792434244337791,90.80747981956921,15.151425316942724,2.8909582955405742,35.085217818888843,5.5357329621182956,5.5291857869405305,185.0310577258943,50.968942274105551,482.83856100379825,490.16143899620181,490.16143899620181,4738.8616239776702,439.1383760223336,439.1383760223336,16.600000000000001
45.25,116,12.95950167911918,26.807549387307283,90.508738608552321,14.920993181588734,2.8411948063686721,35.470760945616128,5.5969359465190918,5.661376511355229,184.03487921894344,51.965120781056413,475.39001976828945,497.60998023171067,497.60998023171067,4728.8317593804086,449.16824061959574,449.16824061959574,16.600000000000001
45.5,116,12.840516965047323,26.822331905828996,90.210814367737527,14.693382081037068,2.7915439739761627,35.852225074110443,5.6570269902415662,5.7950075128973975,183.03331890764611,52.966681092353738,467.97726060691031,505.02273939308981,505.02273939308981,4718.7141912930938,459.28580870690922,459.28580870690922,16.600000000000001
45.75,116,12.722991821556374,26.836756472768087,89.913709320384399,14.468670956547614,2.7420481202264595,36.229532628901467,5.7159868215165996,5.9300521524236398,182.02664941642973,53.97335058357011,460.60313094841825,512.3968690515818,512.3968690515818,4708.5115843900676,469.48841560993657,469.48841560993657,16.600000000000001
46,116,12.606908075700014,26.850799420065922,89.617425910074573,14.246931820602253,2.6927479442239379,36.602612739407874,5.7737982280351998,6.0664833576563435,181.0151428947527,54.984857105247123,453.270386401194,519.72961359880594,519.72961359880594,4698.2266229986917,479.77337700131261,479.77337700131261,16.600000000000001
46.25,116,12.49224774216737,26.864438746371874,89.321966778485816,14.028229889324511,2.6436824917997956,36.971401130336453,5.8304460383072092,6.2042736717464066,179.9990706838548,56.000929316145033,445.98168846270335,527.01831153729665,527.01831153729665,4687.8620066819249,490.13799331807917,490.13799331807917,16.600000000000001
46.5,116,12.378993023375774,26.877654122300346,89.027334743217352,13.812623721580007,2.5948891274350965,37.335840005308782,5.8859171007839777,6.3433953016749802,178.97870298871246,57.021297011287388,438.73960236788196,534.26039763211804,534.26039763211804,4677.4204458585245,500.57955414148,500.57955414148,16.600000000000001
46.75,116,12.267126309545436,26.890426887393389,88.733532776221054,13.600165376223474,2.5464035151817876,37.695877911655913,5.9402002549414341,6.4838201657765255,177.95430856797788,58.04569143202194,431.54659537867377,541.45340462132629,541.45340462132629,4666.9046575652765,511.09534243472774,511.09534243472774,16.600000000000001
47,116,12.156630178769225,26.902740041681337,88.44056398264739,13.390900581314765,2.4982596054660404,38.05146959276864,5.993286297222312,6.6255199405810563,176.92615443661865,59.073845563381163,424.40503537331574,548.59496462668437,548.59496462668437,4656.3173613241661,521.68263867583789,521.68263867583789,16.600000000000001
47.25,116,12.047487397085082,26.914578233623185,88.148431579991552,13.184868911543413,2.4504896258581583,38.402575831890168,6.0451679436246817,6.7684661070922214,175.89450557801646,60.105494421983344,417.31718964792634,555.68281035207372,555.68281035207372,4645.6612750917075,532.3387249082964,532.3387249082964,16.600000000000001
47.5,116,11.939680918488598,26.925927740271845,87.857138878183918,12.982103979137118,2.4031240807010028,38.749163281401444,6.0958397850747055,6.9126299955020274,174.85962467786348,61.140375322136279,410.28522417025601,562.7147758297441,562.7147758297441,4634.9391114140608,543.06088858594273,543.06088858594273,16.600000000000001
47.75,116,11.833193884956593,26.93677644520055,87.566689259865143,12.782633630533422,2.3561917531894871,39.091204286119954,6.1452982408072323,7.057982829484966,173.82177186456667,62.178228135433109,403.31120297280188,569.68879702719812,569.68879702719812,4624.1535736398828,553.84642636012063,553.84642636012063,16.600000000000001
48,116,11.728009626407529,26.947113810739921,87.277086161574076,12.586480151194239,2.3097197141813779,39.428676697476938,6.1935415067059942,7.2044957688675799,172.78120446896088,63.218795531038914,396.39708790563697,576.60291209436309,576.60291209436309,4613.3073523315497,564.69264766845333,564.69264766845333,16.600000000000001
48.25,116,11.624111660621837,26.956930846150389,86.988333055602595,12.393660476612281,2.2637333358335399,39.761563680781968,6.2405695001164263,7.3521399510533918,171.73817679849654,64.261823201503248,389.54473865341618,583.45526134658382,583.45526134658382,4602.4031218260343,575.59687817396855,575.59687817396855,16.600000000000001
48.5,116,11.521483693145528,26.966220073116915,86.700433432275958,12.204186408187304,2.2182563083995865,40.089853517150679,6.2863838023958163,7.5008865315908713,170.69293992133015,65.307060078669608,382.75591293112723,590.24408706887277,590.24408706887277,4591.4435368972472,586.55646310275608,586.55646310275608,16.600000000000001
48.75,116,11.420109617093699,26.974975486536437,86.413390783429591,12.018064831943628,2.1733106630947727,40.413539401331477,6.3309875976907781,7.6507067225099643,169.64574147238821,66.354258527611577,376.03226702556606,596.96773297443383,596.96773297443383,4580.4312296698527,597.56877033015087,597.56877033015087,16.600000000000001
49,116,11.319973512948589,26.983192513298196,86.127208586189624,11.835297941618188,2.1289167973115868,40.732619234823446,6.3743856100563887,7.8015718300009622,168.59682546695868,67.403174533041096,369.37535647122155,603.62464352877851,603.62464352877851,4569.3688066086988,608.63119339130435,608.63119339130435,16.600000000000001
49.25,116,11.221059648271282,26.990867967987697,85.841890287781496,11.655883461962915,2.085093504076911,41.047095417701208,6.416584038384288,7.9534532900934014,167.54643213236702,68.453567867632756,362.78663698280894,610.21336301719089,610.21336301719089,4558.2588457249758,619.74115427502761,619.74115427502761,16.600000000000001
49.5,116,11.123352477349789,26.998000006153255,85.557439291149976,11.479814872700821,2.0418580048646611,41.35697463893149,6.4575904896337866,8.1063227027194724,166.49479775419658,69.50520224580319,356.26746559267468,616.73253440732515,616.73253440732515,4547.1038939556574,630.89610604434529,630.89610604434529,16.600000000000001
49.75,116,11.02683664081861,27.004588075737804,85.273858941068539,11.307081634685211,1.9992259847947957,41.662267663963597,6.4974139107341502,8.2601518647539205,165.44215453215145,70.557845467848352,349.81910193126157,623.18089806873843,623.18089806873843,4535.9064646521256,642.09353534787738,642.09353534787738,16.600000000000001
50,116,10.931496965161697,27.010632866729605,84.991152511493752,11.137669410875377,1.9572116310202097,41.962989126213117,6.5360645198400933,8.4149128005576515,164.38873045547308,71.611269544526706,343.44270972959879,629.55729027040115,629.55729027040115,4524.669035325257,653.33096467474525,653.33096467474525,16.600000000000001
50.25,116,10.837318462200965,27.016136259165091,84.709323193277115,10.971560290278122,1.9158276731623098,42.259157315193526,6.5735537363415535,8.5705777917475867,163.33474918596508,72.665250814034721,337.13935843998507,635.86064156001487,635.86064156001487,4513.3940454721524,664.60595452785037,664.60595452785037,16.600000000000001
50.5,116,10.744286328480344,27.021101270336697,84.428374082983979,10.808733005536029,1.8750854257891847,42.550793969857757,6.6098941111515508,8.7271194046817016,162.28042995768047,73.719570042319333,330.91002501943808,642.08997498056181,642.08997498056181,4502.0838946302956,675.91610536970757,675.91610536970757,16.600000000000001
50.75,116,10.652385944570506,27.025532001279853,84.148308172598803,10.649163146072766,1.8349948326112133,42.837924075465679,6.6450992571640777,8.8845105160876621,161.22598749021924,74.774012509780562,324.75559584740176,648.24440415259824,648.24440415259824,4490.7409406150191,687.2590593849834,687.2590593849834,16.600000000000001
51,116,10.56160287438316,27.029433581582129,83.869128339375692,10.492823376258396,1.7955645125135338,43.120575655262805,6.6791837782468315,9.0427243383429516,160.17163190669083,75.828368093308967,318.67686873644448,654.32313126355552,654.32313126355552,4479.367497794794,698.63250220520797,698.63250220520797,16.600000000000001
51.25,116,10.471922864338184,27.032812115084173,83.59083733710753,10.339683639965608,1.7568018062921775,43.398779574319875,6.7121632005526823,9.2017344417623317,159.1175686706799,76.882431329319886,312.6745550643206,660.32544493567934,660.32544493567934,4467.9658356518548,710.03416434814824,710.03416434814824,16.600000000000001
51.5,116,10.383331842463646,27.035674625500103,83.313437788150665,10.189711360267284,1.7187128243165311,43.672569347452459,6.7440539045623256,9.3615147752509493,158.06399853431614,77.936001465683631,306.74928199534526,666.25071800465469,666.25071800465469,4456.5381774979423,721.46182250206016,721.46182250206016,16.600000000000001
51.75,116,10.295815917500917,27.038029000370322,83.036932175625395,10.042871643562734,1.6813024960518277,43.94198094251422,6.7748730556907519,9.5220396865552885,157.01111749132269,78.988882508677065,300.90159479491609,672.09840520508385,672.09840520508385,4445.0866992322981,732.91330076770475,732.91330076770475,16.600000000000001
52,116,10.209361377871099,27.039883937396276,82.761322836913493,9.8991274676964949,1.6445746186522461,44.207052598383903,6.8046385386796953,9.6832839396743751,155.9591167457784,80.04088325422137,295.13195918459485,677.86804081540515,677.86804081540515,4433.613528357424,744.38647164257907,744.38647164257907,16.600000000000001
52.25,116,10.123954690588491,27.041248890942825,82.486611957775196,9.7584398657586071,1.6085319060760443,44.46782464663405,6.8333688928619152,9.8452227308944043,154.90818268981317,81.091817310186599,289.44076375800876,683.55923624199136,683.55923624199136,4422.1207431212115,755.87925687879124,755.87925687879124,16.600000000000001
52.5,116,10.039582500170606,27.042134017095808,82.212801566708421,9.6207681130060987,1.5731760399101296,44.724339329817369,6.8610832462639681,10.007831704294226,153.85849688681239,82.141503113187355,283.82832248558941,689.17167751441059,689.17167751441059,4410.6103717125006,767.38962828750221,767.38962828750221,16.600000000000001
52.75,116,9.9562316274138691,27.042550122310185,81.93989353051883,9.4860698954992113,1.538507717956247,44.976640636820498,6.8878012547048071,10.171086964500613,152.81023606787181,83.189763932127946,278.29487719437765,694.7051228056223,694.7051228056223,4399.0843916943295,778.91560830567323,778.91560830567323,16.600000000000001
53,116,9.8738890681317173,27.042508612219656,81.667889550373644,9.354301475603835,1.5045267031897922,45.224774140855025,6.9135430416330319,10.334965088344887,151.76357213526424,84.236427864735532,272.84060009175664,700.15939990824347,700.15939990824347,4387.5447295352187,790.45527046478514,790.45527046478514,16.600000000000001
53.25,116,9.7925419918777781,27.042021439434087,81.39679115817944,9.2254178586448941,1.4712318740861035,45.468786835957168,6.9383291373166927,10.499443135815921,150.71867217194975,85.281327828050024,267.46559636698072,705.53440363301934,705.53440363301934,4375.9932602082272,802.006739791776,802.006739791776,16.600000000000001
53.5,116,9.7121777405555019,27.041101055683114,81.126599713962747,9.0993729413267825,1.4386212717130107,45.708726990721608,6.9621804236489249,10.664498658627135,149.6756984606773,86.324301539322462,262.16990670787891,710.83009329212121,710.83009329212121,4364.4318069836454,813.56819301635744,813.56819301635744,16.600000000000001
53.75,116,9.6327838269986383,27.039760364020221,80.857316403660562,8.9761196577624673,1.4066921472123435,45.944644004006356,6.9851180795111327,10.830109707847354,148.63480850912924,87.365191490870544,256.95350985620195,716.04649014379822,716.04649014379822,4352.8621413040719,825.13785869593096,825.13785869593096,16.600000000000001
54,116,9.5543479335309929,27.038012670484516,80.588942237266849,8.8556101247558239,1.3754410102128913,46.176588261015802,7.0071635260039278,10.996254840744923,147.59615508108686,88.403844918912895,251.81632522198214,721.18367477801803,721.18367477801803,4341.2859827324,836.7140172676028,836.7140172676028,16.600000000000001
54.25,116,9.4768579104313595,27.035871640556554,80.321478047799431,8.7377957697747863,1.344863673352694,46.404611005884625,7.0283383776057509,11.162913125582913,146.55988623400978,89.440113765989992,246.75821537040986,726.24178462959026,726.24178462959026,4329.7049990541309,848.29500094587206,848.29500094587206,16.600000000000001
54.5,116,9.4003017743770094,27.033351255526252,80.054924490612621,8.6226274571332553,1.3149552972647394,46.628764215698773,7.0486643936649882,11.330064145625839,145.5261453619477,90.47385463805206,241.77898854544065,731.22101145455952,731.22101145455952,4318.1208064489601,859.87919355104191,859.87919355104191,16.600000000000001
54.75,116,9.324667706861808,27.030465768909405,79.789282043085464,8.510055611916675,1.2857104359233003,46.849100476388834,7.0681634303878518,11.497688002298094,144.49507124395049,91.504928756049281,236.87840122811096,736.12159877188924,736.12159877188924,4306.5349697370766,871.46503026292578,871.46503026292578,16.600000000000001
55,116,9.2499440525431726,27.027229667610211,79.524551004919857,8.4000303281546724,1.2571230779068894,47.065672873785083,7.0868573985226071,11.665765316711118,143.46679809616165,92.533201903838133,232.05616054183187,740.94383945816833,740.94383945816833,4294.9490027367183,883.05099726328422,883.05099726328422,16.600000000000001
55.25,116,9.1761193175708478,27.023657632959498,79.260731498756158,8.2925014755360493,1.2291866881283819,47.27853488580525,7.1047682212983778,11.834277230475998,142.44145562878202,93.558544371217749,227.3119266928922,745.68807330710808,745.68807330710808,4283.3643686847226,894.63563131527985,894.63563131527985,16.600000000000001
55.5,116,9.1031821678904556,27.01976450227323,78.997823471144926,8.1874188025541592,1.2018942494297089,47.487740277852474,7.1219177933348012,12.003205405684151,141.41916910779199,94.5808308922078,222.64531542102995,750.35468457897036,750.35468457897036,4271.7824807265752,906.21751927342689,906.21751927342689,16.600000000000001
55.75,116,9.0311214274966947,27.015565234950913,78.735826693950585,8.0847320262083873,1.1752383000963911,47.693343011247649,7.1383279448652077,12.172532023631998,140.40005941795445,95.599940582045292,218.05590028420724,754.94409971579307,754.94409971579307,4260.2047024806297,917.79529751937298,917.79529751937298,16.600000000000001
56,116,8.9599260766709907,27.011074878423784,78.474740766049564,7.9843909201496022,1.1492109718381049,47.895397152917546,7.1540204061552917,12.342239782890111,139.38424313044035,96.615756869559405,213.54321497663847,759.45678502336182,759.45678502336182,4248.6323486606798,929.36765133932397,929.36765133932397,16.600000000000001
56.25,116,8.889585250196145,27.006308535063393,78.214565115348165,7.8863453984921401,1.1238040271507626,48.093956789097589,7.1690167733168693,12.512311896594685,138.37183257416194,97.628167425837816,209.10675563230004,763.89324436770016,763.89324436770016,4237.0666857591259,940.93331424087773,940.93331424087773,16.600000000000001
56.5,116,8.8200882355407639,27.001281333147084,77.955299001069392,7.7905455885086168,1.0990088928955279,48.289075949908046,7.1833384787745063,12.682732088844132,137.36293590666648,98.637064093333251,204.74598296344271,768.25401703655768,768.25401703655768,4225.508932771505,952.49106722849763,952.49106722849763,16.600000000000001
56.75,116,8.7514244710288569,26.996008397768588,77.696941516323989,7.6969419015488914,1.0748166942368467,48.480808535416855,7.1970067620065166,12.853484590467136,136.3576571893594,99.642342810640372,200.46032442728065,772.53967557271983,772.53967557271983,4213.9602619770103,964.03973802299276,964.03973802299276,16.600000000000001
57,116,8.6835835439912561,26.99050482301779,77.43949159094538,7.605485099239524,1.0512182875878833,48.669208246163578,7.2100426419525165,13.02455413411135,135.35609646529963,100.64390353470014,196.24917635680882,776.75082364319155,776.75082364319155,4202.4217997671212,975.57820023288173,975.57820023288173,16.600000000000001
57.25,116,8.616555188903936,26.984785647645783,77.182947994463234,7.516126350927486,1.0282042901964672,48.854328522326362,7.222466893339738,13.195925948746934,134.35834983533206,101.64165016466774,192.11190593614177,780.8880940638586,780.8880940638586,4190.8946274895561,987.1053725104465,987.1053725104465,16.600000000000001
57.5,116,8.5503292855119568,26.978865830810079,76.927309339350188,7.4288172889611701,1.0057651099418987,49.036222484774932,7.2343000234077817,13.367585753564246,133.36450953824223,102.63549046175757,188.04785319680141,784.95214680319907,784.95214680319907,4179.3797823457808,998.62021765422264,998.62021765422264,16.600000000000001
57.75,116,8.4848958569422877,26.972760229275316,76.672574084463164,7.343510059289394,0.98389097387272673,49.214942880620313,7.245562250427442,13.539519751327184,132.37466403229348,103.62533596770632,184.05633296067808,788.94366703932235,788.94366703932235,4167.8782583215798,1010.121741678424,1010.121741678424,16.600000000000001
58,116,8.4202450678163974,26.966483577494721,76.418740538528894,7.2601573654018434,0.96257195388305961,49.390542035404017,7.2562734854026587,13.711714621379754,131.38889807441623,104.61110192558358,180.13663664348039,792.86336335652015,792.86336335652015,4156.3910071147729,1021.60899288523,1021.60899288523,16.600000000000001
58.25,116,8.3563672223495047,26.960050467940555,76.165806863887084,7.1787125097302447,0.94179799241255291,49.563071807567169,7.2664533143264771,13.884157512076698,130.40729280300582,105.592707196994,176.28803406975567,796.71196593024479,796.71196593024479,4144.9189391129503,1033.081060887054,1033.081060887054,16.600000000000001
58.5,116,8.2932527624465031,26.95347533296275,75.913771080354451,7.0991294307311144,0.92155892673007223,49.732583547129586,7.2761209822355628,14.05683603281944,129.42992582096466,106.57007417903515,172.50977522191485,800.49022477808558,800.49022477808558,4133.4629243886538,1044.5370756113496,1044.5370756113496,16.600000000000001
58.75,116,8.230892265807574,26.946772428930835,75.662631069067217,7.0213627350608219,0.90184451087910467,49.89912805932169,7.2852953797401403,14.229738245931248,128.45687127613735,107.54312872386245,168.80109186898724,804.19890813101324,804.19890813101324,4122.0237936794865,1055.9762063205176,1055.9762063205176,16.600000000000001
59,116,8.1692764440217989,26.939955820805725,75.412384576560669,6.9453677269033616,0.88264443744252918,50.062755570826617,7.2939950302757426,14.402852657991303,127.48819994484609,108.5118000551537,165.16119919648449,807.83880080351594,807.83880080351594,4110.6023394137337,1067.3976605862697,1067.3976605862697,16.600000000000001
59.25,116,8.1083961406660396,26.933039368197779,75.163029218893854,6.8711004335900565,0.86394835784584945,50.223515699700307,7.3022380790319783,14.576168210938182,126.5239793146394,109.47602068536038,161.58929736248592,811.41070263751442,811.41070263751442,4099.1993167376195,1078.8006832623848,1078.8006832623848,16.600000000000001
59.5,116,8.048242329419379,26.926036713191422,74.914562485718918,6.7985176276671648,0.84574590080186129,50.3814574289202,7.3100422837653838,14.749674273126692,125.5642736645148,110.43572633548499,158.08457295356035,814.91542704644007,814.91542704644007,4087.8154445219625,1090.1845554780414,1090.1845554780414,16.600000000000001
59.75,116,7.9888061121681133,26.918961268757037,74.666981744556807,6.7275768459376382,0.8280266903818152,50.536629082755418,7.3174250064676034,14.923360629900943,124.60914414762397,111.39085585237584,154.64620043085463,818.35379956914585,818.35379956914585,4076.4514064076861,1101.5485935923175,1101.5485935923175,16.600000000000001
60,116,7.9300787171242186,26.911826208512256,74.420284245049828,6.6582364055634393,0.8107803626840191,50.689078306116095,7.3244032064946332,15.097217474092202,123.6586488723695,112.34135112763029,151.27334350014755,821.72665649985288,821.72665649985288,4065.107851839025,1112.8921481609784,1112.8921481609784,16.600000000000001
60.25,116,7.8720514969626665,26.904644457833257,74.174467123143913,6.590455417566754,0.7939965810443872,50.838852046592955,7.3309934351117096,15.271235396540499,122.71284298122032,113.28715701877948,147.96515639959773,825.03484360040272,825.03484360040272,4053.7853970743577,1124.2146029256464,1124.2146029256464,16.600000000000001
60.5,116,7.8147159269525854,26.897428685667329,73.929527405441263,6.5241937972996054,0.77766505071879222,50.985996539361707,7.3372118309781236,15.445405376200727,121.77177873136102,114.22822126863876,144.7207851681255,828.27921483187492,828.27921483187492,4042.484626228264,1135.5153737717401,1135.5153737717401,16.600000000000001
60.75,116,7.7580636031090489,26.890191297494052,73.685462013473298,6.4594122727821306,0.76177553229874384,51.130557294316048,7.343074116818002,15.619718770312003,120.83550557314423,115.16449442685557,141.53936883997247,831.46063116002802,831.46063116002802,4031.2060922899609,1146.7939077100432,1146.7939077100432,16.600000000000001
61,116,7.7020862403652126,26.88294442932872,73.442267767899537,6.3960723910770456,0.74631785397422445,51.272579085254812,7.3485955971662955,15.794167304628308,119.90407022654526,116.09592977345454,138.42004057139425,834.57995942860623,834.57995942860623,4019.9503181197961,1158.0496818802076,1158.0496818802076,16.600000000000001
61.25,116,7.6467756707420333,26.875699942482555,73.199941392839477,6.3341365217721739,0.73128192316975382,51.412105941833509,7.3537911570750607,15.968743063310257,118.97751675884078,117.02248324115902,135.3619287408076,837.63807125919288,837.63807125919288,4008.717797469038,1169.2822025309661,1169.2822025309661,16.600000000000001
61.5,116,7.5921238415445167,26.868469419243461,72.958479520079948,6.2735678591006963,0.7166577370913586,51.549181143019986,7.358675261712512,16.14343847899573,118.05588665970623,117.94411334029355,132.3641579803043,840.63584201969627,840.63584201969627,3997.5089959674442,1180.4910040325599,1180.4910040325599,16.600000000000001
61.75,116,7.5381228135786014,26.861264159377587,72.717878693211759,6.2143304225060279,0.7024353923471669,51.683847212190642,7.3632619567962889,16.318246322948351,117.13921891459528,118.86078108540451,129.42585015059964,843.5741498494009,843.5741498494009,3986.3243520905344,1191.6756479094699,1191.6756479094699,16.600000000000001
62,116,7.4847647593695195,26.854095177395731,72.478135371862152,6.1563890545629372,0.68860509389077251,51.816145914781053,7.3675648699577945,16.493159694945508,116.227550078791,119.7724499212088,126.54612528453212,846.45387471546837,846.45387471546837,3975.1642781424384,1202.8357218575654,1202.8357218575654,16.600000000000001
62.25,116,7.4320419614111719,26.846973200507261,72.239245935770441,6.0997094182175182,0.67515716307247597,51.946118256791593,7.3715972127114782,16.66817201343672,115.32091434867311,120.67908565132667,123.7241024690164,849.27589753098403,849.27589753098403,3964.029161200609,1213.9708387993951,1213.9708387993951,16.600000000000001
62.5,116,7.3799468104358299,26.839908667239282,72.001206688798987,6.0442579927285145,0.66208204492759559,52.073804484668798,7.3753717830918264,16.843277005784522,114.41934363150926,121.58065636849052,120.95890067899833,852.04109932100209,852.04109932100209,3952.9193640422523,1225.0806359577514,1225.0806359577514,16.600000000000001
62.75,116,7.3284718036893519,26.832911726787003,71.764013863002717,5.9900020673013632,0.64937031477914242,52.199244087443162,7.3789009691472431,17.018468698326611,113.52286761541491,122.47713238458488,118.24963957699545,854.75036042300496,854.75036042300496,3941.8352260787346,1236.1647739212692,1236.1647739212692,16.600000000000001
63,116,7.2776095432397048,26.825992238839767,71.527663622528124,5.9369097345464876,0.63701268414519896,52.322475799228862,7.3821967527916126,17.193741406759948,112.63151383655816,123.36848616344164,115.59544025966798,857.40455974033239,857.40455974033239,3930.7770642498176,1247.2229357501867,1247.2229357501867,16.600000000000001
63.25,116,7.2273527343051773,26.819159773966486,71.292152067453785,5.8849498828009468,0.6250000059976033,52.443537602929808,7.3852707142115968,17.369089726606493,111.74530774507757,124.25469225492222,112.99542596266427,860.00457403733617,860.00457403733617,3919.7451739015346,1258.254826098469,1258.254826098469,16.600000000000001
63.5,116,7.1776941835934078,26.812423614653305,71.057475237643601,5.8340921866362514,0.61332327936172537,52.562466735755329,7.3881340369994311,17.544508523603891,110.86427277059542,125.13572722940437,110.44872272904723,862.55127727095316,862.55127727095316,3908.7398296627143,1269.2601703372895,1269.2601703372895,16.600000000000001
63.75,116,7.1286267976746611,26.805792756628016,70.823629116426105,5.7843070975683455,0.60197365340706399,52.679299694721934,7.3907975134305044,17.719992924446277,109.98843038512561,126.01156961487419,107.95446003364489,865.04553996635559,865.04553996635559,3897.7612862814572,1280.2387137185467,1280.2387137185467,16.600000000000001
64,116,7.0801435813726732,26.799275910694412,70.590609634231953,5.7355658336155511,0.59094243095888332,52.794072243358507,7.3932715502573387,17.895538307578004,109.11780016496448,126.88219983503528,105.51177137067455,867.48822862932593,867.48822862932593,3886.8097794492332,1291.1902205507708,1291.1902205507708,16.600000000000001
64.25,116,7.0322376361699064,26.79288150511525,70.358412672213689,5.6878403674629956,0.58022107142024526,52.906819419831628,7.3955661750854711,18.071140293986204,108.25239985184844,127.74760014815134,103.11979480613701,869.8802051938635,869.8802051938635,3875.8855266176311,1302.1144733823728,1302.1144733823728,16.600000000000001
64.5,116,6.9849021586492412,26.786617688110788,70.12703406567708,5.641103415266457,0.56980119334031876,53.017575544633225,7.3976910426897007,18.246794738393454,107.39224541147868,128.60775458852109,100.77767349275059,872.22232650724982,872.22232650724982,3864.9887277727994,1313.0112722272047,1313.0112722272047,16.600000000000001
64.75,116,6.9381304389508518,26.780492330847544,69.896469607487944,5.5953284242298178,0.55967457644442731,53.126374229527386,7.3996554418411353,18.422497720469529,106.53735109127324,129.46264890872652,98.484556151799964,874.51544384820056,874.51544384820056,3854.1195662014575,1323.8804337985466,1323.8804337985466,16.600000000000001
65,116,6.891915859248039,26.774513030839177,69.666715051424774,5.5504895593285353,0.54983316316960107,53.233248387414676,7.4014683025298496,18.598245536132804,105.6877294770087,130.31227052299104,96.239597521717641,876.76040247828291,876.76040247828291,3843.2782092423904,1334.7217907576135,1334.7217907576135,16.600000000000001
65.25,116,6.8462518922574951,26.768687115358709,69.437766115360475,5.5065616907299235,0.54026905997219798,53.338230241681707,7.4031382030289841,18.774034689226969,104.84339154717752,131.15660845282224,94.041958776926734,878.95804122307379,878.95804122307379,3832.4648090000373,1345.5351909999663,1345.5351909999663,16.600000000000001
65.5,116,6.8011320997644384,26.763021645316279,69.209618484419806,5.4635203800627803,0.53097453812299944,53.441351336733533,7.4046733774422098,18.949861883218905,104.00434672658039,131.99565327341935,91.890807915179082,881.10919208482142,881.10919208482142,3821.6795030499215,1356.3204969500823,1356.3204969500823,16.600000000000001
65.75,116,6.7565501311699379,26.757523419400751,68.982267814057479,5.4213418662971664,0.52194203412785889,53.54264254900432,7.4060817234587217,19.125724013054683,103.17060293860526,132.8293970613945,89.785320115665925,883.2146798843346,883.2146798843346,3810.9224151248709,1367.0775848751332,1367.0775848751332,16.600000000000001
66,116,6.7124997220705378,26.752198978180214,68.755709732982325,5.3800030523105953,0.51316414999375082,53.642134097444938,7.4073708099065891,19.301618157362036,102.34216665550102,133.65783334449875,87.724678072594216,885.27532192740637,885.27532192740637,3800.1936557674235,1377.8063442325799,1377.8063442325799,16.600000000000001
66.25,116,6.6689746928525748,26.74705460863353,68.529939846056365,5.3394814903902397,0.50463365301636365,53.739855555107326,7.4085478847511075,19.477541570678842,101.51904294789259,134.48095705210719,85.708072299089679,887.29192770091095,887.29192770091095,3789.4933229741018,1388.506677025902,1388.506677025902,16.600000000000001
66.5,116,6.6259689473116703,26.74209634878757,68.304953737091807,5.2997553678059113,0.49634347532652928,53.835835860768348,7.4096198831036197,19.653491675904025,100.7012355328301,135.29876446716966,83.734701406768764,889.26529859323182,889.26529859323182,3778.8215028164577,1399.1784971835461,1399.1784971835461,16.600000000000001
66.75,116,6.5834764713007168,26.737329992326522,68.080746971522785,5.2608034928698224,0.48828671330254586,53.930103330200424,7.4105934350698259,19.829466057034825,99.888746820190093,136.11125317980967,81.80377236437856,891.19622763562211,891.19622763562211,3768.1782700344952,1409.8217299655087,1409.8217299655087,16.600000000000001
67,116,6.5414913313937282,26.732761093565237,67.857315099040648,5.2226052801608596,0.48045662655902077,54.022685668321188,7.4114748739585874,20.005462451959932,99.081577958219512,136.91842204178027,79.914500728807994,893.0854992711927,893.0854992711927,3757.5636886199322,1420.4363113800716,1420.4363113800716,16.600000000000001
67.25,116,6.5000076735763663,26.728394972396181,67.634653656116555,5.1851407361469359,0.4728466368154019,54.113609981065146,7.412270244344179,20.18147874551201,98.279728877595986,137.72027112240377,78.066110857024924,894.93388914297577,894.93388914297577,3746.977812374671,1431.0221876253329,1431.0221876253329,16.600000000000001
67.5,116,6.4590197219615,26.724236719241556,67.412758168422997,5.148390445075619,0.4654503266259748,54.202902787095375,7.4129853100279597,20.357512962752313,97.4831983341208,138.51680166587894,76.257836099068371,896.74216390093227,896.74216390093227,3736.4206854468198,1441.5793145531843,1441.5793145531843,16.600000000000001
67.75,116,6.4185217775219501,26.720291200286461,67.191624153207286,5.112335554281823,0.45826143775706929,54.290590030152728,7.4136255622582592,20.533563262343066,96.691983950473045,139.30801604952674,74.48891896618241,898.5110810338183,898.5110810338183,3725.8923428545568,1452.1076571454471,1452.1076571454471,16.600000000000001
68,116,6.3785082168500944,26.716563062590723,66.971247121551443,5.0769577600957225,0.4512738695384324,54.376697090925063,7.4141962276964897,20.709627930193093,95.90608225654735,140.09391774345244,72.758611284643223,900.24138871535752,900.24138871535752,3715.3928109854851,1462.6071890145186,1462.6071890145186,16.600000000000001
68.25,116,6.3389734909398108,26.713056739238532,66.7516225805483,5.0422392938620346,0.44448167706478969,54.46124879889485,7.4147022763363077,20.885705373293934,95.12548872861575,140.87451127138399,71.066174331830112,901.93382566817047,901.93382566817047,3704.9221080773254,1473.0778919226789,1473.0778919226789,16.600000000000001
68.5,116,6.2999121239866236,26.709776454686061,66.532746035421297,5.0081629076098189,0.43787906911830426,54.544269444599216,7.415148429580749,21.061794113670835,94.350197827505795,141.64980217249396,69.410878950554846,903.58912104944568,903.58912104944568,3694.4802446849985,1483.5197553150053,1483.5197553150053,16.600000000000001
68.75,116,6.2613187122139875,26.706726229925291,66.3146129915351,4.9747118604126035,0.43146040613444642,54.625782791313689,7.4155391680008451,21.237892782603534,93.580203035481205,142.41979696451855,67.792005653107339,905.20799434689332,905.20799434689332,3684.0672241247062,1493.9327758752977,1493.9327758752977,16.600000000000001
69,116,6.2231879227198936,26.703909887708338,66.097218956335283,4.9418699047576711,0.42522019801038108,54.705812086803739,7.4158787390851328,21.414000115008012,92.815496892077604,143.18450310792215,66.208844708461598,906.7911552915391,906.7911552915391,3673.6830429020001,1504.316957098004,1504.316957098004,16.600000000000001
69.25,116,6.1855144923432395,26.70133105784959,65.880559441219489,4.9096212728830224,0.41915310174164278,54.784380075182526,7.4161711650025106,21.590114943971024,92.056071028906132,143.94392897109364,64.660696212238236,908.33930378776245,908.33930378776245,3663.327691124322,1514.6723088756821,1514.6723088756821,16.600000000000001
69.5,116,6.1482932265524557,26.698993182436897,65.664629963324899,4.8779506634905063,0.41325391903923842,54.861509008480922,7.4164202501746708,21.766236195489984,91.301916203390363,144.69808379660941,63.146870145676729,909.85312985432404,909.85312985432404,3653.0011528956502,1524.9988471043539,1524.9988471043539,16.600000000000001
69.75,116,6.1115189983545797,26.696899521027763,65.449426047242966,4.8468432286339844,0.40751759386376146,54.937220658119926,7.4166295887540068,21.942362883385567,90.553022331501197,145.44697766849856,61.666686421507464,911.33331357849329,911.33331357849329,3642.7034066952297,1535.2965933047747,1535.2965933047747,16.600000000000001
70,116,6.0751867472264642,26.695053155762981,65.234943226649349,4.8162845609945473,0.40193920993023663,55.011536326085796,7.4168025719199511,22.118494104420353,89.809378519395054,146.19062148060473,60.219474918386631,912.78052508161409,912.78052508161409,3632.4344257380576,1545.5655742619467,1545.5655742619467,16.600000000000001
70.25,116,6.0392914780648725,26.693456996479842,65.021177045870687,4.7862606812509902,0.39651398812731908,55.084476856077004,7.4169423951069664,22.294629033567261,89.070973094157679,146.92902690584208,58.804575503096316,914.19542449690448,914.19542449690448,3622.1941783215871,1555.805821678417,1555.805821678417,16.600000000000001
70.5,116,6.0038282601543829,26.692113785850989,64.808123061395591,4.7567580254588675,0.39123728383294099,55.156062644702835,7.4170520652002594,22.470766919409726,88.33779363371508,147.66220636628469,57.421338040298018,915.57866195970269,915.57866195970269,3611.9826281600408,1566.0173718399635,1566.0173718399635,16.600000000000001
70.75,116,5.9687922261580981,26.691026104348058,64.595776843294757,4.7277634330437133,0.38610458428774086,55.226313652162411,7.4171344074420498,22.646907079769555,87.609826995652909,148.39017300434691,56.069122394888431,916.93087760511219,916.93087760511219,3601.7997346997781,1576.200265300226,1576.200265300226,16.600000000000001
71,116,5.9341785711273278,26.690196375152521,64.384133976576237,4.6992641350198729,0.38111150593357135,55.295249412766729,7.4171920722100504,22.82304889749377,86.887059345156118,149.1129406548437,54.747298424672444,918.25270157532816,918.25270157532816,3591.6454534207464,1586.3545465792577,1586.3545465792577,16.600000000000001
71.25,116,5.8999825515268958,26.689626869125437,64.173190062498577,4.6712477420817553,0.37625379163201184,55.362889045633928,7.4172275418132321,22.99919181634073,86.169476182262585,149.8305238177372,53.455245961139489,919.54475403886113,919.54475403886113,3581.5197361284522,1596.4802638715519,1596.4802638715519,16.600000000000001
71.5,116,5.8661994842821148,26.689319709589608,63.962940719799604,4.6437022333106688,0.37152730796099165,55.429251264856646,7.4172431369917291,23.175335337080586,85.457062368107842,150.54293763189199,52.192354784623639,920.80764521537697,920.80764521537697,3571.4225312284871,1606.5774687715166,1606.5774687715166,16.600000000000001
71.75,116,5.8328247458448059,26.689276877008677,63.753381585858854,4.6166159452253668,0.3669280425259176,55.494354389395255,7.41724102323104,23.351479013763793,84.749802150318345,151.25019784968148,50.958024592268636,922.04197540773202,922.04197540773202,3561.3537839871206,1616.646216012884,1616.646216012884,16.600000000000001
72,116,5.7998537712736784,26.689500213719608,63.544508317823748,4.5899775607014348,0.36245210116405913,55.558216353141248,7.4172232170963124,23.527622450073427,84.04767918778262,151.95232081221721,49.751664955583458,923.24833504441722,923.24833504441722,3551.313436783827,1626.6865632161771,1626.6865632161771,16.600000000000001
72.25,116,5.7672820533347817,26.689991428492799,63.336316593661728,4.5637760984273346,0.35809570522415146,55.620854714520959,7.4171915922962448,23.703765295869815,83.350676574531619,152.64932342546822,48.572695273253331,924.42730472674737,924.42730472674737,3541.301429348543,1636.6985706514604,1636.6985706514604,16.600000000000001
72.5,116,5.7351051416193348,26.690752101007487,63.128802113155714,4.5380009026327777,0.35385518885416256,55.682286665886267,7.4171478855916941,23.879907243879622,82.658776862866873,153.34122313713297,47.420544717512882,925.57945528248774,925.57945528248774,3531.3176989870381,1646.6823010129658,1646.6823010129658,16.600000000000001
72.75,116,5.7033186416773658,26.691783686278058,62.921960598852166,4.5126416329591299,0.34972699627247722,55.742529042812997,7.4170937026001376,24.056048026503326,81.971962085814511,154.02803791418532,46.294652173779426,926.70534782622121,926.70534782622121,3521.3621807963573,1656.6378192036466,1656.6378192036466,16.600000000000001
73,116,5.6719182141685618,26.693087518972494,62.715787796952604,4.4876882546556871,0.3457076790709408,55.80159833313234,7.4170305234195339,24.232187412769136,81.29021377884682,154.70978622115302,45.194466175157032,927.80553382484345,927.80553382484345,3511.4348078685589,1666.5651921314447,1666.5651921314447,16.600000000000001
73.25,116,5.6408995740294685,26.694664817631413,62.510279478153159,4.46313102904496,0.34179389354691503,55.859510685747274,7.4169597080885543,24.408325205419377,80.613513000918019,155.38648699908182,44.119444832165911,928.8805551678347,928.8805551678347,3501.5355114838103,1676.4644885161931,1676.4644885161931,16.600000000000001
73.5,116,5.610258489656359,26.696516688815862,62.305431438437182,4.4389605042113933,0.33798239804186264,55.916281919274553,7.4168825019151008,24.584461238120142,79.94184035484912,156.05815964515071,43.069055757067716,929.93094424293292,929.93094424293292,3491.6642212936445,1686.335778706359,1686.335778706359,16.600000000000001
73.75,116,5.5799907821037866,26.698644131156982,62.101239499819457,4.4151675059520397,0.33427005031222995,55.971927530475,7.4168000406455814,24.760595372795947,79.275176007068197,156.72482399293165,42.04277598401594,930.95722401598482,930.95722401598482,3481.8208654943433,1696.1791345056602,1696.1791345056602,16.600000000000001
74,116,5.5500923242990599,26.701048039293429,61.89769951104104,4.3917431290410809,0.33065380494551966,56.02646270242095,7.4167133554555118,24.93672749709615,78.613499706708467,157.38650029329133,41.040091885590101,931.95990811441061,931.95990811441061,3472.0053709902136,1705.9946290097905,1705.9946290097905,16.600000000000001
74.25,116,5.5205590402710314,26.703729207737307,61.694807348223137,4.3686787286735598,0.32713071079101319,56.079902312527125,7.4166233778191355,25.11285752196628,77.956790804124353,158.04320919587551,40.060499085107331,932.9395009148933,932.9395009148933,3462.2176635485157,1715.7823364514882,1715.7823364514882,16.600000000000001
74.5,116,5.4913869043936536,26.706688334645232,61.492558915477623,4.3459659121597261,0.32369790842587587,56.132260940375545,7.4165309442275733,25.288985379333905,77.305028268820664,158.69497173117915,39.103502365535263,933.89649763446539,933.89649763446539,3452.4576679455995,1725.5423320544041,1725.5423320544041,16.600000000000001
74.75,116,5.4625719406441524,26.709926025481703,61.290950145474554,4.3235965308914039,0.3203526276700186,56.183552875312756,7.4164368007422894,25.465111019909227,76.658190706810075,159.34180929318975,38.168615575742457,934.8313844242582,934.8313844242582,3442.72530810439,1735.2746918956136,1735.2746918956136,16.600000000000001
75,116,5.4341102218751365,26.713442796597185,61.089976999970531,4.3015626725286165,0.31709218513193793,56.233792123867161,7.4163416074122885,25.641234411089712,76.016256377423389,159.98374362257644,37.255361533632055,935.74463846636866,935.74463846636866,3433.020507223946,1744.9794927760577,1744.9794927760577,16.600000000000001
75.25,116,5.4059978691004211,26.717239078718514,60.889635470298984,4.279856653410322,0.31391398178932717,56.28299241698145,7.4162459425534042,25.817355534966758,75.379203209588454,160.62079679041136,36.363271926492516,936.63672807350815,936.63672807350815,3423.3431879013297,1754.6568120986738,1754.6568120986738,16.600000000000001
75.5,116,5.3782310507945592,26.721315220332279,60.689921577822005,4.2584710112219852,0.3108155006236622,56.331167217027556,7.4161503068685972,25.99347438643645,74.747008817591393,161.25299118240844,35.491887209511674,937.50811279048901,937.50811279048901,3413.6932722458541,1764.3067277541493,1764.3067277541493,16.600000000000001
75.75,116,5.3508059822055456,26.725671490977909,60.490831374346612,4.2373984978844978,0.30779430429543631,56.37832972463665,7.4160551274305595,26.1695909714065,74.119650516338751,161.88034948366106,34.640756502131921,938.35924349786876,938.35924349786876,3404.0706819862257,1773.9293180137781,1773.9293180137781,16.600000000000001
76,116,5.3237189246799774,26.730308084466753,60.292360942508779,4.216632072617152,0.30484803284797091,56.424492885388183,7.4159607615499361,26.345705305088231,73.497105336143747,162.5028946638561,33.809437482068162,939.19056251793256,939.19056251793256,3394.4753385712934,1783.5246614287105,1783.5246614287105,16.600000000000001
76.25,116,5.2969661850012262,26.735225121993746,60.094506396122547,4.1961648952585406,0.30197440147003946,56.469669396276473,7.4158675004867423,26.521817410385907,72.879350037038208,163.12064996296158,32.997496278178616,940.00250372182199,940.00250372182199,3384.9071632639088,1793.0928367360946,1793.0928367360946,16.600000000000001
76.5,116,5.2705441147400141,26.74042265515126,59.897263880497036,4.1759903198161492,0.29917119831138372,56.513871711981224,7.4157755730199977,26.697927316374461,72.266361122633754,163.73363887736605,32.204507362267115,940.79549263773356,940.79549263773356,3375.3660772285252,1802.633922771478,1802.633922771478,16.600000000000001
76.75,116,5.2444491096166823,26.745900668879248,59.700629572724914,4.1561018881625778,0.29643628232093983,56.557112051020574,7.4156851489176985,26.874035056853533,71.658114853542926,164.34188514645689,31.430053438695413,941.56994656130519,941.56994656130519,3365.8520016130942,1812.1479983869092,1812.1479983869092,16.600000000000001
77,116,5.2186776088754456,26.751659084314113,59.504599681940618,4.1364933239651895,0.29376758114394502,56.59940240170134,7.4155963422629796,27.050140668986185,71.05458726037601,164.94541273962381,30.67372533347908,942.3262746665215,942.3262746665215,3356.3648576251312,1821.6351423748717,1821.6351423748717,16.600000000000001
77.25,116,5.193226094670214,26.757697761544001,59.309170449550415,4.1171585268144426,0.29116308907262739,56.64075452789875,7.4155092146480825,27.226244192015937,70.455754156333185,165.5442458436666,29.935121882810396,943.06487811719023,943.06487811719023,3346.9045666023867,1831.0954333976163,1831.0954333976163,16.600000000000001
77.5,116,5.1680910914615561,26.764016502292257,59.1143381494363,4.0980915665277893,0.28862086503098777,56.681179974687446,7.4154237782615278,27.40234566605621,69.861591149390463,166.13840885060935,29.213849820338595,943.78615017966206,943.78615017966206,3337.4710500783422,1840.5289499216606,1840.5289499216606,16.600000000000001
77.75,116,5.1432691654246687,26.770615052516703,58.920099088134045,4.0792866776376666,0.28613903060695411,56.72069007381404,7.4153399988560169,27.578445130951529,69.272073654100964,166.72792634589882,28.509523663917111,944.49047633608336,944.49047633608336,3328.0642298427842,1849.9357701572185,1849.9357701572185,16.600000000000001
78,116,5.1187569238682178,26.777493104917806,58.726449604986449,4.0607382540790864,0.28371576813974614,56.759295948995181,7.4152577985896615,27.754542625210135,68.687176903026582,167.31282309697323,27.821765602298676,945.17823439770189,945.17823439770189,3318.6840279976259,1859.3159720023766,1859.3159720023766,16.600000000000001
78.25,116,5.0945510146636943,26.784650301367805,58.53338607227294,4.0424408440521056,0.28134931885230691,56.797008521064129,7.4151770587559342,27.930638185002842,68.106875957806594,167.89312404219322,27.15020538148471,945.84979461851583,945.84979461851583,3309.330367008251,1868.6696329917515,1868.6696329917515,16.600000000000001
78.5,116,5.0706481256848406,26.792086235273683,58.340904895317564,4.0243891450207512,0.27903798101800109,56.83383851300276,7.4150976224196183,28.106731843221564,67.531145719873194,168.46885428012664,26.494480190397326,946.50551980960324,946.50551980960324,3300.003169750692,1877.9968302493105,1877.9968302493105,16.600000000000001
78.75,116,5.047044984257294,26.799800453851415,58.14900251257486,4.0065779989072716,0.2767801081840488,56.869796454800003,7.4150192969316828,28.282823628602387,66.959960940831479,169.04003905916835,25.854234546981019,947.14576545301952,947.14576545301952,3290.7023595546934,1887.2976404453093,1887.2976404453093,16.600000000000001
79,116,5.023738356617975,26.807792460321657,57.957675395695652,3.9890023874419156,0.27457410744382194,56.904892688174662,7.4149418563378848,28.458913564906315,66.393296232518452,169.60670376748141,25.229120184550677,947.7708798154498,947.7708798154498,3281.4278602430468,1896.5721397569557,1896.5721397569557,16.600000000000001
79.25,116,5.0007250473840781,26.816061716043745,57.766920049573017,3.9716574276611172,0.2724184377415324,56.939137371169558,7.4148650436991304,28.635001670155905,65.831126076727998,170.16887392327186,24.61879593769584,948.38120406230473,948.38120406230473,3272.179596167105,1905.8204038328979,1905.8204038328979,16.600000000000001
79.5,116,4.9780018990314092,26.824607642570797,57.576733012369772,3.9545383675600778,0.27031160822837869,56.972540482609375,7.4147885733069616,28.8110879559257,65.27342483463687,170.72657516536299,24.022927628787798,948.97707237121278,948.97707237121278,3262.9574922389343,1915.0425077610685,1915.0425077610685,16.600000000000001
79.75,116,4.9555657913819164,26.83342962362909,57.38711085552837,3.9376405819024716,0.26825217666798618,57.00511182641857,7.4147121327977406,28.98717242668512,64.720166755937441,171.27983324406242,23.441187955098627,949.55881204490197,949.55881204490197,3253.7614739602373,1924.2385260397655,1924.2385260397655,16.600000000000001
80,116,4.9334136411001301,26.84252700703653,57.198050183763769,3.9209595681581799,0.26623874787711094,57.036861035828089,7.4146353851837583,29.163255079189355,64.171325987673114,171.82867401232676,22.873256375967948,950.12674362403277,950.12674362403277,3244.5914674480987,1933.4085325519038,1933.4085325519038,16.600000000000001
80.25,116,4.9115424011983331,26.851899106553354,57.009547635040207,3.9044909425800345,0.26426997220980375,57.067797577458514,7.4145579707940703,29.339335901917636,63.626876582794104,172.37312341720576,22.318819000520588,950.68118099948003,950.68118099948003,3235.4473994578029,1942.5526005422,1942.5526005422,16.600000000000001
80.5,116,4.8899490605502933,26.861545203662534,56.821599880532943,3.8882304364227878,0.26234454408874236,57.097930755275684,7.4144795091233391,29.515414874556761,63.086792508448376,172.91320749155147,21.777568476243268,951.22243152375734,951.22243152375734,3226.3291974029494,1951.6708025970534,1951.6708025970534,16.600000000000001
80.75,116,4.8686306434133293,26.871464549287214,56.634203624575555,3.8721738922901383,0.26046120057723299,57.127269714432124,7.4143996005976645,29.691491967527558,62.551047654008705,173.44895234599116,21.249203878189711,951.75079612181094,951.75079612181094,3217.236789372952,1960.7632106270507,1960.7632106270507,16.600000000000001
81,116,4.8475842089585521,26.881656365451608,56.447355604592929,3.8563172605972147,0.25861871998592267,57.155823445006739,7.4143178282651556,29.8675671415523,62.019615838836302,173.98038416116356,20.733430598577669,952.266569401423,952.266569401423,3208.1701041479391,1969.8298958520634,1969.8298958520634,16.600000000000001
81.25,116,4.82680685080906,26.892119846876177,56.261052591021823,3.8406565961622801,0.25681592052521862,57.183600785627313,7.414233759402407,30.043640347261224,61.492470819806002,174.50752918019384,20.229960237488299,952.7700397625124,952.7700397625124,3199.1290712114528,1978.8709287885506,1978.8709287885506,16.600000000000001
81.5,116,4.8062956965858978,26.902854162511698,56.075291387219082,3.8251880549125552,0.25505165899967469,57.210610426990222,7.4141469470427674,30.219711524835969,60.969586298597868,175.03041370140198,19.738510494542851,953.2614895054578,953.2614895054578,3190.1136207610343,1987.8863792389682,1987.8863792389682,16.600000000000001
81.75,116,4.7860479074616933,26.913858457023249,55.890068829357595,3.8099078907035575,0.25332482953290747,57.236860915278641,7.4140569314383615,30.395780603689204,60.450935928741863,175.54906407125799,19.258805061051977,953.74119493894875,953.74119493894875,3181.123683716547,1996.8763162834562,1996.8763162834562,16.600000000000001
82,116,4.7660606777217049,26.925131852214598,55.705381786311577,3.7948124522471232,0.25163436233475295,57.262360655481864,7.4139632414472585,30.571847502177697,59.936493322446125,176.06350667755373,18.790573513339432,954.20942648666119,954.20942648666119,3172.1591917266715,2005.8408082733315,2005.8408082733315,16.600000000000001
82.25,116,4.7463312343321205,26.936673448396757,55.521227159531605,3.7798981801523261,0.2499792225077023,57.287117914611144,7.4138653958502294,30.747912127347263,59.426232057211735,176.57376794278809,18.333551207213038,954.66644879278761,954.66644879278761,3163.2200771736871,2014.7799228263159,2014.7799228263159,16.600000000000001
82.5,116,4.7268568365154966,26.94848232570725,55.337601882909503,3.7651616040604035,0.24835840888573046,57.311140824831163,7.4137629046048934,30.923974374708564,58.920125682229177,177.07987431777067,17.887479173214683,955.11252082678595,955.11252082678595,3154.3062731764262,2023.6937268235768,2023.6937268235768,16.600000000000001
82.75,116,4.7076347753331831,26.960557545378435,55.154502922633704,3.7505993398800217,0.24677095290860662,57.334437386499793,7.413655270035914,31.100034128042225,58.41814772456901,177.58185227543086,17.452104012928473,955.54789598707214,955.54789598707214,3145.4177135916252,2032.5822864083775,2032.5822864083775,16.600000000000001
83,116,4.6886623732744654,26.972898150953807,54.971927277036464,3.7362080871189383,0.24521591753411232,57.357015471118721,7.4135419879616116,31.276091259230412,57.920271695182592,178.07972830481722,17.027177796605201,955.97282220339548,955.97282220339548,3136.5543330139553,2041.4456669860481,2041.4456669860481,16.600000000000001
83.25,116,4.6699369838523879,26.985503169457463,54.78987197643275,3.7219846263072225,0.24369239618277161,57.378882824200197,7.4134225487624006,31.45214562811492,57.426471094706685,178.57352890529313,16.61245796182433,956.38754203817632,956.38754203817632,3127.7160667746057,2050.2839332253975,2050.2839332253975,16.600000000000001
83.5,116,4.6514559912061824,26.998371612521034,54.608334082950364,3.7079258165123985,0.24219951171070139,57.400047068049723,7.4132964383956104,31.628197082381458,56.936719419068297,179.06328058093155,16.207707213000067,956.79229278700063,956.79229278700063,3118.9028509383625,2059.0971490616407,2059.0971490616407,16.600000000000001
83.75,116,4.6332168097099684,27.011502477462557,54.427310690353636,3.6940285929376424,0.24073641541855495,57.420515704471313,7.4131631393530055,31.804245457466102,56.450990164918558,179.54900983508128,15.812693422307946,957.18730657769277,957.18730657769277,3110.1146222996686,2067.8853777003346,2067.8853777003346,16.600000000000001
84,116,4.6152168835875447,27.02489474831539,54.24679892386149,3.6802899646023497,0.23930228609988896,57.440296117394858,7.4130221315598241,31.980290576481842,55.969256834910261,180.03074316508955,15.427189532308068,957.57281046769265,957.57281046769265,3101.351318377931,2076.6486816220722,2076.6486816220722,16.600000000000001
84.25,116,4.597453686533453,27.038547396824622,54.066795939957437,3.6667070121037963,0.23789632910825334,57.459395575429916,7.4128728932320129,32.156332250168852,55.491492942776198,180.50850705722365,15.050973459055452,957.94902654094528,957.94902654094528,3092.6128774113026,2085.3871225887005,2085.3871225887005,16.600000000000001
84.5,116,4.5799247213399825,27.052459383403502,53.887298926193516,3.6532768854553832,0.23651777545320571,57.477821234347964,7.4127149016858134,32.332370276864374,55.017672018240802,180.98232798175903,14.683827996404878,958.31617200359585,958.31617200359585,3083.8992383495042,2094.100761650499,2094.100761650499,16.600000000000001
84.75,116,4.5626275195299009,27.066629658045269,53.70830510098979,3.6399968019989797,0.23516588093177915,57.495580139494109,7.412547634095902,32.508404442489699,54.547767611786369,181.45223238821347,14.325540721958289,958.6744592780426,958.6744592780426,3075.2103408460503,2102.7896591539525,2102.7896591539525,16.600000000000001
85,116,4.54555964099512,27.081057161188756,53.529811713427989,3.6268640444006448,0.23383992529537878,57.512679228120135,7.4123705681986944,32.684434520557417,54.081753299262381,181.91824670073746,13.975903904479571,959.02409609552114,959.02409609552114,3066.5461252496007,2111.4538747504021,2111.4538747504021,16.600000000000001
85.25,116,4.5287186736404896,27.095740824565567,53.351816043041438,3.6138759586932063,0.23253921142708339,57.529125331673697,7.4121831829750811,32.860460272189762,53.619602686339334,182.3803973136605,13.634714412020754,959.36528558798011,959.36528558798011,3057.9065325946499,2120.0934674053533,2120.0934674053533,16.600000000000001
85.5,116,4.5121022330331648,27.110679572003956,53.174315399600566,3.601029952393866,0.23126306455328022,57.544925178015767,7.411984959283072,33.036481446153701,53.161289412821318,182.83871058717853,13.301773621636293,959.69822637836444,959.69822637836444,3049.2915045916184,2128.7084954083848,2128.7084954083848,16.600000000000001
85.75,116,4.4957079620576144,27.125872320194212,52.997307122892977,3.5883234926942991,0.23001083148363616,57.560085393570283,7.41177538044471,33.212497778914361,52.706787156804509,183.29321284319533,12.976887330290809,960.02311266971003,960.02311266971003,3040.700983616061,2137.2990163839418,2137.2990163839418,16.600000000000001
86,116,4.4795335305766519,27.141317979412388,52.820788582495766,3.5757541047328769,0.22878187987962489,57.574612505398505,7.4115539327809739,33.388508994712517,52.256069638661181,183.74393036133867,12.659865666635099,960.34013433336565,960.34013433336565,3032.1349126964892,2145.865087303514,2145.865087303514,16.600000000000001
86.25,116,4.4635766350952952,27.157015454238238,52.644757177555782,3.563319369867048,0.22757559753564874,57.588512943263815,7.4113201061535792,33.564514805624391,51.8091106249882,184.19088937501166,12.35052300517065,960.64947699483014,960.64947699483014,3023.5932355040613,2154.4067644959414,2154.4067644959414,16.600000000000001
86.5,116,4.4478349984310741,27.172963644225309,52.469210336559492,3.5510169240411535,0.22639139169176428,57.601793041610748,7.4110733944446139,33.740514911652504,51.365883932362273,184.63411606763759,12.048677881033159,960.9513221189676,960.9513221189676,3015.0758963403509,2162.9241036596522,2162.9241036596522,16.600000000000001
86.75,116,4.4323063693898463,27.189161444536499,52.294145517097256,3.538844456224389,0.22522868837054297,57.614459041478774,7.4108132959942861,33.916509000835035,50.926363430940455,185.0736365690594,11.754152905715992,961.24584709428484,961.24584709428484,3006.5828401240969,2171.4171598759062,2171.4171598759062,16.600000000000001
87,116,4.416988522446359,27.205607746551326,52.119560205625092,3.5267997069012083,0.22408693173605929,57.626517092365091,7.4105393140078508,34.092496749364969,50.490523047938908,185.50947695206096,11.466774684109181,961.53322531589163,961.53322531589163,2998.1140123776595,2179.8859876223437,2179.8859876223437,16.600000000000001
87.25,116,4.4018792574273524,27.222301438465813,51.94545191723514,3.5148804665574738,0.22296558346808379,57.637973254081324,7.4102509569683406,34.268477821689913,50.058336771092712,185.94166322890715,11.186373734083928,961.81362626591692,961.81362626591692,2989.6693592154961,2188.3306407845071,2188.3306407845071,16.600000000000001
87.5,116,4.3869763992011688,27.239241405848009,51.771818195414475,3.50308457426484,0.22186412216288756,57.648833498523139,7.4099477389892288,34.444451870645715,49.629778651910939,186.3702213480889,10.912784406278485,962.08721559372225,962.08721559372225,2981.2488273303566,2196.7511726696466,2196.7511726696466,16.600000000000001
87.75,116,4.3722777973726465,27.25642653216013,51.598656611798447,3.4914099163326866,0.2207820427574885,57.659103711377092,7.4096291801265721,34.620418537608003,49.204822808784414,186.79517719121543,10.645844804789318,962.35415519521143,962.35415519521143,2972.8523639785044,2205.1476360214983,2205.1476360214983,16.600000000000001
88,116,4.3577813259809295,27.273855699270641,51.425964765929812,3.4798544249673622,0.21971885596820448,57.668789693812911,7.4092948066904087,34.796377452631589,48.783443430051548,187.21655656994832,10.385396709947523,962.61460329005331,962.61460329005331,2964.4799169662992,2213.5200830337039,2213.5200830337039,16.600000000000001
88.25,116,4.3434848832012731,27.291527787946016,51.253740285018118,3.4684160769667396,0.21867408774700492,57.677897164139011,7.4089441515372192,34.972328234592197,48.365614776973025,187.63438522302684,10.131285502559164,962.8687144974416,962.8687144974416,2956.1314346369959,2221.8685653630073,2221.8685653630073,16.600000000000001
88.5,116,4.3293863910521324,27.309441678309376,51.081980823692859,3.4570928924841646,0.21764727876015894,57.686431759394203,7.4085767543211318,35.148270491347759,47.951311186555678,188.04868881344416,9.8833600888715107,963.11663991112937,963.11663991112937,2947.806865856373,2230.1931341436302,2230.1931341436302,16.600000000000001
88.75,116,4.3154837951074212,27.327596250266016,50.910684063751091,3.4458829338596746,0.21663798388993036,57.694399036877002,7.408192161704398,35.324203819918182,47.540507074232721,188.45949292576714,9.6414728263648311,963.35852717363605,963.35852717363605,2939.5061599973278,2238.4938400026754,2238.4938400026754,16.600000000000001
89,116,4.3017750642105366,27.345990383932577,50.739847713915019,3.4347843044304929,0.21564577174259758,57.701804475683836,7.4077899275877828,35.500127806640563,47.133176936546057,188.86682306345378,9.4054794518774028,963.59452054812346,963.59452054812346,2931.2292669266776,2246.7707330733256,2246.7707330733256,16.600000000000001
89.25,116,4.2882581901933126,27.364622960036051,50.56946950958465,3.4237951474036259,0.21467022417756954,57.708653478189483,7.407369613304204,35.676042027340749,46.729295353693246,189.27070464630657,9.1752390105509143,963.82476098944994,963.82476098944994,2922.9761369910411,2255.0238630089621,2255.0238630089621,16.600000000000001
89.5,116,4.274931187599365,27.38349286028788,50.399547212587926,3.4129136447773671,0.21371093585519396,57.71495137148024,7.4069307877844919,35.851946047515071,46.328836991961687,189.67116300803818,8.9506137858156904,964.04938621418523,964.04938621418523,2914.7467210022787,2263.2532789977245,2263.2532789977245,16.600000000000001
89.75,116,4.2617920934120832,27.402598967730182,50.230078610926867,3.4021380163182644,0.21276751380481909,57.7207034087347,7.4064730276904127,36.027839422525233,45.93177660604011,190.06822339395973,8.7314692303085337,964.26853076969235,964.26853076969235,2906.5409702222523,2271.4590297777504,2271.4590297777504,16.600000000000001
90,116,4.2488389667840449,27.421940167090735,50.061061518534288,3.3914665185117041,0.2118395769947658,57.725914770618793,7.4059959175732741,36.203721697767463,45.538089041340228,190.46191095865959,8.5176738989404264,964.48232610106049,964.48232610106049,2898.3588363497875,2279.6411636502157,2279.6411636502157,16.600000000000001
90.25,116,4.236069888771631,27.441515345103578,49.892493775023731,3.3808974435835566,0.21092675592531537,57.730590566615966,7.4054990499888786,36.379592408862855,45.147749236170945,190.85225076382889,8.3090993825827439,964.69090061741815,964.69090061741815,2890.2002715063363,2287.7997284936669,2287.7997284936669,16.600000000000001
90.5,116,4.223482962073593,27.46132339080901,49.724373245438173,3.3704291185613702,0.21002869223808823,57.734735836317995,7.4049820255907903,36.555451081853889,44.760732223817037,191.23926777618283,8.1056202428562187,964.89437975714463,964.89437975714463,2882.0652282214728,2295.9347717785299,2295.9347717785299,16.600000000000001
90.75,116,4.2110763107732838,27.481363195836455,49.556697819998604,3.3600599043681334,0.20914503833970838,57.738355550682471,7.4044444532072191,36.731297233404156,44.377013134533847,191.622986865466,7.9071139480796591,965.09288605192125,965.09288605192125,2873.9536594184156,2304.0463405815876,2304.0463405815876,16.600000000000001
91,116,4.1988480800826986,27.501633654692196,49.389465413860286,3.3497881949026045,0.20827545702790473,57.741454613294643,7.4038859499355221,36.907130370979338,43.996567197531036,192.00343280246881,7.7134608109659908,965.28653918903478,965.28653918903478,2865.8655184011313,2312.1344815988718,2312.1344815988718,16.600000000000001
91.25,116,4.186796436091381,27.522133665015321,49.222673966863255,3.3396124161838125,0.2074196211394442,57.744037861570092,7.4033061411969676,37.082949993046732,43.619369742822897,192.38063025717696,7.5245439269935135,965.47545607300742,965.47545607300742,2857.8007588403543,2320.1992411596489,2320.1992411596489,16.600000000000001
91.5,116,4.1749195655191915,27.542862127813564,49.05632144328159,3.3295310255350512,0.20657721321387487,57.746110067918359,7.4027046607699996,37.258755589281428,43.24539620298598,192.75460379701389,7.340249113803254,965.65975088619768,965.65975088619768,2849.7593347593706,2328.2406652406326,2328.2406652406326,16.600000000000001
91.75,116,4.1632156754718155,27.563817947692428,48.890405831575528,3.3195425107797973,0.20574792516533641,57.747675940890666,7.402081150822327,37.434546640766634,42.874622114866263,193.12537788513362,7.160464851894667,965.83953514810628,965.83953514810628,2841.7412005204351,2336.2587994795681,2336.2587994795681,16.600000000000001
92,116,4.1516829931985013,27.585000033084174,48.724925144148891,3.3096453894359996,0.20493145795862869,57.748740126322744,7.4014352619518373,37.610322620182203,42.507023121257085,193.49297687874275,6.9850822267496069,966.01491777325134,966.01491777325134,2833.7463108122165,2344.2536891877867,2344.2536891877867,16.600000000000001
92.25,116,4.1403197658541906,27.60640729644954,48.559877417102108,3.2998382079655895,0.20412752130467041,57.749307208426053,7.4007666531943244,37.786082992007543,42.142574972461283,193.85742502753857,6.8139948717074104,966.18600512829357,966.18600512829357,2825.7746206364354,2352.2253793635673,2352.2253793635673,16.600000000000001
92.5,116,4.1291242602652902,27.628038654461101,48.395260709984527,3.2901195410591626,0.20333583337065436,57.749381710843842,7.400074992012085,37.961827212730022,41.78125352776825,194.21874647223163,6.6470989118452257,966.35290108815582,966.35290108815582,2817.8260852943608,2360.1739147056423,2360.1739147056423,16.600000000000001
92.75,116,4.1180947626975328,27.64989302818778,48.231073105551502,3.2804879909186861,0.20255612049299149,57.748968097703056,7.3993599542923025,38.137554731041753,41.423034756904201,194.57696524309566,6.4842929091645427,966.51570709083649,966.51570709083649,2809.9006603742505,2368.0993396257527,2368.0993396257527,16.600000000000001
93,116,4.1072295786266766,27.671969343271112,48.067312709523485,3.2709421865568906,0.20178811689866638,57.748070774646692,7.398621224340781,38.313264988033772,41.067894741427153,194.9321052585727,6.3254778088884303,966.67452219111249,966.67452219111249,2801.9983017391651,2376.0016982608381,2376.0016982608381,16.600000000000001
93.25,116,4.0965270325128342,27.694266530082494,47.903977650343535,3.2614807831339392,0.20103156444123485,57.746694089829546,7.3978584948550488,38.488957417396989,40.715809676035214,195.28419032396465,6.1705568866582103,966.82944311334279,966.82944311334279,2794.1189655144949,2383.8810344855083,2383.8810344855083,16.600000000000001
93.5,116,4.0859854675784399,27.716783523861402,47.741066078933599,3.2521024613313174,0.20028621235169147,57.744842334877191,7.3970714668767439,38.664631445629752,40.366755869789557,195.6332441302103,6.0194356966472089,966.98056430335373,966.98056430335373,2786.262608075242,2391.7373919247611,2391.7373919247611,16.600000000000001
93.75,116,4.0756032455877174,27.739519264861816,47.578576168457111,3.2428059267113225,0.19955181698733035,57.742519745851858,7.3962598497632754,38.840286492229396,40.020709747330507,195.97929025266936,5.8720220209499869,967.12797797905091,967.12797797905091,2778.4291860344956,2399.5708139655071,2399.5708139655071,16.600000000000001
94,116,4.065378746629313,27.762472698485048,47.416506114081791,3.233589909103646,0.19882814159191323,57.739730504190121,7.3954233611465217,39.015921969886293,39.677647850024478,196.32235214997536,5.7282258199138854,967.27177418008705,967.27177418008705,2770.6186562319117,2407.3813437680915,2407.3813437680915,16.600000000000001
94.25,116,4.0553103689021262,27.785642775398632,47.25485413274221,3.2244531620198442,0.19811495606734911,57.736478737612089,7.3945617268778756,39.191537284680919,39.337546837041046,196.66245316295883,5.5879591833916686,967.41204081660931,967.41204081660931,2762.830975722145,2415.1690242778582,2415.1690242778582,16.600000000000001
94.5,116,4.0453965285044964,27.809028451638468,47.093618462901546,3.2153944621005381,0.19741203675874544,57.732768520997787,7.3936746809557166,39.367131836285935,39.000383486353307,196.99961651364657,5.4511362829003938,967.54886371710052,967.54886371710052,2755.0661017631351,2422.9338982368677,2422.9338982368677,16.600000000000001
94.75,116,4.0356356592246643,27.832628688721684,46.932797364320052,3.206412608544758,0.19671916623521674,57.728603877273713,7.3927619654747785,39.542705018151757,38.666134695738592,197.33386530426128,5.3176733249219827,967.68232667507903,967.68232667507903,2747.3239918055538,2430.6760081944494,2430.6760081944494,16.600000000000001
95,116,4.0260262123345418,27.856442453743171,46.772389117822492,3.1975064225715442,0.1960361330836532,57.723988778267127,7.3918233305582079,39.718256217697252,38.334777483704229,197.66522251629564,5.1874885050664874,967.81251149493448,967.81251149493448,2739.604603482077,2438.3953965179262,2438.3953965179262,16.600000000000001
95.25,116,4.0165666563862814,27.880468719462183,46.612392025066576,3.1886747469017407,0.19536273171134658,57.71892714553848,7.3908585342815103,39.893784816500627,38.006288990356758,197.99371100964308,5.0605019631485391,967.93949803685257,967.93949803685257,2731.9078945967885,2446.0921054032146,2446.0921054032146,16.600000000000001
95.5,116,4.0072554770119506,27.904706464374858,46.452804408311081,3.1799164452668602,0.19469876216022031,57.713422851186152,7.3898673425824501,40.069290190493525,37.680646478203741,198.3193535217961,4.9366357391447915,968.06336426085613,968.06336426085613,2724.2338231145213,2453.7661768854814,2453.7661768854814,16.600000000000001
95.75,116,3.998091176724357,27.929154672798134,46.293624610190321,3.1712304019014224,0.19404402991579819,57.707479718660323,7.3888495291928349,40.244771710139588,37.357827332958493,198.64217266704136,4.8158137301574557,968.18418626984351,968.18418626984351,2716.5823471512626,2461.4176528487405,2461.4176528487405,16.600000000000001
96,116,3.9890722747211762,27.953812334936494,46.134850993487369,3.1626155210679072,0.19339834572972389,57.701101523544736,7.3878048755515744,40.420228740618974,37.037809064269673,198.96219093573018,4.6979616482022415,968.30203835179884,968.30203835179884,2708.9534249643248,2469.0465750356784,2469.0465750356784,16.600000000000001
96.25,116,3.9801973066916361,27.978678446941174,45.97648194090872,3.1540707265978063,0.19276152544940625,57.694291994320011,7.3867331707127342,40.595660642011602,36.720569306402787,199.27943069359708,4.5830069788704462,968.41699302113057,968.41699302113057,2701.3470149427194,2476.6529850572838,2476.6529850572838,16.600000000000001
96.5,116,3.9714648246259658,28.003752010958785,45.818515854859413,3.1455949614544889,0.19213338985689607,57.687054813103906,7.3856342112439943,40.771066769481592,36.406085818865613,199.59391418113427,4.4708789408416969,968.52912105915937,968.52912105915937,2693.7630755975883,2484.2369244024148,2484.2369244024148,16.600000000000001
96.75,116,3.9628733966260232,28.029032035190095,45.660951157223664,3.1371871872804782,0.19151376450287058,57.679393616400567,7.3845078011447089,40.946446473447992,36.094336487034418,199.90566351296545,4.3615084462719889,968.63849155372907,968.63849155372907,2686.2015655535315,2491.7984344464717,2491.7984344464717,16.600000000000001
97,116,3.9544216067191029,28.05451753393243,45.503786289144614,3.1288463839769811,0.19090247955367776,57.671311995817845,7.3833537517460073,41.121799099761162,35.785299322709186,200.21470067729066,4.254828061987415,968.74517193801353,968.74517193801353,2678.662443539723,2499.3375564602802,2499.3375564602802,16.600000000000001
97.25,116,3.9461080546741241,28.080207527615848,45.34701971080549,3.1205715492966744,0.19029936964450209,57.662813498768884,7.3821718816074799,41.297123989877242,35.478952464626047,200.52104753537384,4.1507719715045805,968.84922802849644,968.84922802849644,2671.1456683812585,2506.8543316187447,2506.8543316187447,16.600000000000001
97.5,116,3.937931355820214,28.106101042832847,45.190649901212197,3.112361698450651,0.18970427373884571,57.653901629157474,7.3809620164097591,41.472420481031349,35.175274178926443,200.82472582107343,4.0492759378564038,968.95072406214467,968.95072406214467,2663.6511989906826,2514.3488010093206,2514.3488010093206,16.600000000000001
97.75,116,3.9298901408666294,28.132197112375138,45.034675357980269,3.1042158637072403,0.18911703498493496,57.644579848066094,7.3797239888613628,41.647687906400378,34.874242859620516,201.12575714037936,3.9502772671788708,969.04972273282226,969.04972273282226,2656.1789943601834,2521.8210056398198,2521.8210056398198,16.600000000000001
98,116,3.9219830557256103,28.158494775256415,44.879094597121522,3.0961330940172473,0.18853750058350929,57.634851574417254,7.3784576385911178,41.822925595269623,34.575837028987706,201.42416297101215,3.8537147730904184,969.14628522691066,969.14628522691066,2648.7290135536837,2529.2709864463195,2529.2709864463195,16.600000000000001
98.25,116,3.9142087613376368,28.184993076727839,44.723906152831695,3.0881124546546506,0.1879655216624517,57.624720185617456,7.3771628120352384,41.998132873198777,34.280035337933164,201.7199646620667,3.7595287418585435,969.24047125814252,969.24047125814252,2641.3012156990903,2536.6987843009128,2536.6987843009128,16.600000000000001
98.5,116,3.9065659334985026,28.211691068293742,44.569108577280929,3.0801530268604274,0.18740095315292973,57.614189018194431,7.3758393623290024,42.173309062182554,33.986816566320897,202.01318343367896,3.667660898286528,969.33233910171452,969.33233910171452,2633.8955599809037,2544.104440019099,2544.104440019099,16.600000000000001
98.75,116,3.8990532626878651,28.238587807731516,44.414700440407614,3.0722539074827986,0.18684365366415967,57.603261368433699,7.3744871492083348,42.348453480803663,33.696159623295287,202.30384037670458,3.5780543722829123,969.42194562771817,969.42194562771817,2626.5120056333335,2551.4879943666697,2551.4879943666697,16.600000000000001
99,116,3.8916694539006005,28.265682359098424,44.260680329712123,3.0644142086424617,0.18629348536898177,57.591940492989565,7.3731060388980074,42.523565444389128,33.40804354754372,202.59195645245615,3.4906536662055769,969.50934633379541,969.50934633379541,2619.1505119333324,2558.8494880666708,2558.8494880666708,16.600000000000001
99.25,116,3.8844132264800177,28.292973792737438,44.107046850052789,3.0566330574028573,0.18575031389169938,57.580229609488022,7.3716959040025678,42.698644265162322,33.122447507534105,202.87755249246575,3.4054046228973442,969.5945953771037,969.5945953771037,2611.8110381939459,2566.1889618060568,2566.1889618060568,16.600000000000001
99.5,116,3.8772833139545373,28.320461185261031,43.953798623439852,3.0489095954802408,0.18521400821309175,57.568131897091142,7.3702566233719802,42.873689252403963,32.839350801669809,203.16064919833005,3.322254394567747,969.6777456054333,969.6777456054333,2604.4935437573299,2573.5064562426733,2573.5064562426733,16.600000000000001
99.75,116,3.8702784638738188,28.348143619564514,43.800934288837922,3.0412429789081807,0.18468444055588412,57.555650497097638,7.3687880820104326,43.048699712590199,32.558732858504186,203.44126714149567,3.2411514120832416,969.75884858791778,969.75884858791778,2597.1979879889604,2580.8020120110427,2580.8020120110427,16.600000000000001
100,116,3.8633974376477611,28.376020184824554,43.648452501967824,3.0336323777299516,0.18416148628222884,57.542788513515539,7.3672901709692251,43.223674949535493,32.280573236893126,203.71942676310675,3.162045355020235,969.83795464498087,969.83795464498087,2589.9243302717146,2588.0756697282886,2588.0756697282886,16.600000000000001
100.25,116,3.856639010387886,28.404089976489097,43.49635193510899,3.0260769757084973,0.18364502379874081,57.529549013615814,7.3657627872319509,43.39861426453627,32.004851626103218,203.99514837389665,3.0848871224174776,969.91511287758362,969.91511287758362,2582.6725299999907,2595.327470000012,2595.327470000012,16.600000000000001
100.5,116,3.8500019707505913,28.432352096265113,43.344631276903854,3.0185759700428707,0.18313493446451287,57.515935028476953,7.3642058336006935,43.573516956511384,31.731547845893164,204.26845215410671,3.0096288041856387,969.99037119581544,969.99037119581544,2575.4425465740824,2602.5574534259204,2602.5574534259204,16.600000000000001
100.75,116,3.8434851207830425,28.460805652094464,43.193289232162257,3.0111285711067137,0.18263110250918022,57.501949553506634,7.3626192185704875,43.748382322144991,31.460641846540639,204.53935815345923,2.9362236532855834,970.06377634671549,970.06377634671549,2568.2343393945407,2609.7656606054625,2609.7656606054625,16.600000000000001
101,116,3.83708727576871,28.489449758154489,43.042324521672747,3.0037340021518149,0.18213341493425905,57.487595548990754,7.3610028562386614,43.923209656012027,31.192113708922395,204.80788629107747,2.8646260581183491,970.13537394188279,970.13537394188279,2561.0478678573768,2616.9521321426264,2616.9521321426264,16.600000000000001
101.25,116,3.8308072640762942,28.518283534837018,42.891735882012021,2.9963914990486056,0.18164176143152397,57.472875940606592,7.3593566661900294,44.097998250711484,30.925943644512415,205.07405635548747,2.7947915158065353,970.20520848419449,970.20520848419449,2553.8830913490169,2624.1169086509858,2624.1169086509858,16.600000000000001
101.5,116,3.824643927010154,28.547306108728868,42.741522065356897,2.9891003100277129,0.18115603430155364,57.457793619931742,7.3576805733872908,44.272747396995072,30.662111995366143,205.33788800463373,2.7266766060124454,970.27332339398868,970.27332339398868,2546.7399692415438,2631.2600307584594,2631.2600307584594,16.600000000000001
101.75,116,3.8185961186631192,28.576516612582974,42.591681839296605,2.9818596954397711,0.1806761283805195,57.442351444933642,7.3559745080527108,44.44745638389702,30.400599234058916,205.59940076594094,2.660238965476529,970.3397610345246,970.3397610345246,2539.6184608879871,2638.3815391120161,2638.3815391120161,16.600000000000001
102,116,3.8126627057707152,28.605914185291667,42.442213986647751,2.9746689275150735,0.18020194096656397,57.426552240456012,7.3542384055556838,44.622124498859186,30.141385963613267,205.8586140363866,2.5954372630486104,970.40456273695247,970.40456273695247,2532.5185256178866,2645.4814743821166,2645.4814743821166,16.600000000000001
102.25,116,3.806842567565881,28.635497971872926,42.293117305273569,2.9675272901059966,0.17973337173774825,57.41039879871748,7.3524722063196819,44.796751027845794,29.884452917447049,206.11554708255281,2.5322311750027353,970.46776882499842,970.46776882499842,2525.4401227333451,2652.5598772666581,2652.5598772666581,16.600000000000001
102.5,116,3.8011345956367646,28.665267123438397,42.144390607901968,2.9604340784615411,0.17927032268472945,57.393893879778588,7.35067585570917,44.971335255464268,29.629780959251072,206.37021904074879,2.4705813612035255,970.52941863879767,970.52941863879767,2518.3832115049299,2659.6167884950728,2659.6167884950728,16.600000000000001
102.75,116,3.7955376937857923,28.695220797164659,41.996032721946214,2.9533885989999984,0.1788126980421989,57.37704021200738,7.3488493039235463,45.145876465080924,29.377351082859668,206.62264891714022,2.4104494417195848,970.58955055828164,970.58955055828164,2511.3477511678543,2666.6522488321489,2666.6522488321489,16.600000000000001
103,116,3.7900507778912802,28.725358156252547,41.848042489325771,2.9463901691044336,0.17836040423048369,57.359840492521286,7.3469925058791405,45.320373938939163,29.127144412069502,206.87285558793039,2.3517979742152835,970.64820202578596,970.64820202578596,2504.3337009181787,2673.6662990818245,2673.6662990818245,16.600000000000001
103.25,116,3.784672775769208,28.755678369902334,41.700418766291449,2.9394381168950625,0.17791334978622669,57.342297387647193,7.3451054211136118,45.494826958266735,28.879142200490207,207.12085779950965,2.2945904314339698,970.70540956856712,970.70540956856712,2497.3410199094465,2680.6589800905567,2680.6589800905567,16.600000000000001
103.5,116,3.7794026270370384,28.786180613282408,41.553160423251576,2.9325317810154639,0.17747144529909542,57.32441353336602,7.343188013684979,45.669234803383141,28.633325831360228,207.36667416863966,2.2387911793098665,970.76120882069119,970.76120882069119,2490.3696672494139,2687.6303327505893,2687.6303327505893,16.600000000000001
103.75,116,3.7742392829794817,28.816864067492563,41.406266344599203,2.9256705104307383,0.17703460335363844,57.306191535743608,7.3412402520666538,45.843596753806438,28.389676817331534,207.61032318266837,2.1843654556719918,970.81563454432921,970.81563454432921,2483.4196019968781,2694.5803980031246,2694.5803980031246,16.600000000000001
104,116,3.7691817064157935,28.847727919526733,41.25973542854102,2.9188536642290654,0.17660273847265323,57.287633971355781,7.3392621090445935,46.017912088357157,28.148176800237003,207.85182319976289,2.1312793494327424,970.86872065056843,970.86872065056843,2476.4907831586961,2701.5092168413066,2701.5092168413066,16.600000000000001
104.25,116,3.7642288715691978,28.878771362228541,41.113566586927277,2.9120806114361275,0.17617576706712715,57.268743387699033,7.337253561608911,46.192180085261796,27.908807550818302,208.09119244918159,2.0794997804598028,970.9205002195414,970.9205002195414,2469.5831696869282,2708.4168303130746,2708.4168303130746,16.600000000000001
104.5,116,3.7593797639362934,28.909993594262048,40.967758745085455,2.9053507308124997,0.17575360737546306,57.249522303613723,7.3352145908646973,46.366400022248435,27.671550968494806,208.32844903150507,2.0289944793499184,970.97100552065126,970.97100552065126,2462.6967204762263,2715.3032795237768,2715.3032795237768,16.600000000000001
104.75,116,3.754633380159027,28.941393820070424,40.822310841654264,2.8986634106703129,0.17533617941302157,57.229973209687238,7.3331451819318012,46.540571176643631,27.436389081076083,208.56361091892381,1.9797319680400265,971.02026803196122,971.02026803196122,2455.831394361313,2722.1686056386902,2722.1686056386902,16.600000000000001
105,116,3.7499887278979847,28.972971249835538,40.67722182841932,2.8920180486918059,0.17492340492193675,57.210098568652761,7.331045323847925,46.714692825466528,27.203304044464829,208.79669595553506,1.9316815407989145,971.06831845920237,971.06831845920237,2448.9871501146163,2729.0128498853869,2729.0128498853869,16.600000000000001
105.25,116,3.7454448257075152,29.004725099432783,40.532490670150096,2.8854140517591191,0.17451520732567039,57.189900815774934,7.3289150094682896,46.888764245522161,26.972278142331405,209.02772185766847,1.884813245794041,971.11518675420712,971.11518675420712,2442.1639464440268,2735.8360535559764,2735.8360535559764,16.600000000000001
105.5,116,3.7410007029121917,29.03665459038632,40.388116344438643,2.8788508357860936,0.17411151168414554,57.169382359231264,7.3267542353681172,47.062784713491993,26.743293785777492,209.25670621422239,1.8390978670385998,971.16090213296263,971.16090213296263,2435.3617419907982,2742.6382580092049,2742.6382580092049,16.600000000000001
105.75,116,3.7366553994837535,29.068758949833807,40.244097841541155,2.8723278255367237,0.17371224464239679,57.148545580503345,7.3245630017584213,47.236753506018225,26.516333513018772,209.48366648698109,1.7945069063928372,971.20549309360831,971.20549309360831,2428.5804953276524,2749.4195046723503,2749.4195046723503,16.600000000000001
106,116,3.7324079659204448,29.101037410479847,40.100434164219827,2.8658444544656132,0.1733173343889757,57.127392834745145,7.3223413123906784,47.41066989979003,26.291379989018765,209.70862001098112,1.7510125663466636,971.24898743365463,971.24898743365463,2421.8201649569478,2756.1798350430554,2756.1798350430554,16.600000000000001
106.25,116,3.7282574631274694,29.133489210551929,39.957124327586669,2.8594001645569529,0.17292671061334297,57.105926451150332,7.3200891744664975,47.584533171626482,26.068416005119175,209.9315839948807,1.7085877330926564,971.29141226690854,971.29141226690854,2415.0807093089957,2762.9192906910075,2762.9192906910075,16.600000000000001
106.5,116,3.7242029622993882,29.166113593750389,39.814167358948346,2.852994406175196,0.17254030446892399,57.084148733306129,7.3178065985430996,47.758342598558585,25.847424478635542,210.15257552136433,1.667205960251942,971.33279403974927,971.33279403974927,2408.3620867405334,2769.6379132594693,2769.6379132594693,16.600000000000001
106.75,116,3.7202435448029774,29.198909809206388,39.671562297653445,2.8466266379066179,0.17215804853063138,57.062061959553411,7.3154935984490272,47.93209745790714,25.628388452474265,210.37161154752559,1.6268414525658843,971.37315854743531,971.37315854743531,2401.6642555332778,2776.3357444667249,2776.3357444667249,16.600000000000001
107,116,3.7163783020616266,29.231877111437491,39.529308194941123,2.8402963264071652,0.17177987675515635,57.039668383338586,7.3131501911992993,48.105797027358953,25.411291094729823,210.58870890527007,1.5874690500531936,971.41253094994806,971.41253094994806,2394.9871738926026,2783.0128261074001,2783.0128261074001,16.600000000000001
107.25,116,3.7126063354413463,29.265014760300186,39.387404113790929,2.8340029462576024,0.17140572444457536,57.016970233556314,7.310776396909235,48.27944058504162,25.196115698259621,210.80388430174025,1.5490642126601839,971.450935787341,971.450935787341,2388.3307999463514,2789.6692000536518,2789.6692000536518,16.600000000000001
107.5,116,3.7089267561380432,29.298322020942415,39.245849128774324,2.8277459798213229,0.17103552821082868,56.99396971488742,7.308372238710108,48.453027409596281,24.982845680248921,211.01715431975097,1.5116030052543279,971.48839699474684,971.48839699474684,2381.695091743758,2796.3049082562452,2796.3049082562452,16.600000000000001
107.75,116,3.7053386850665491,29.331798163751593,39.104642325907186,2.8215249171113177,0.17066922594469441,56.970669008125874,7.3059377426620182,48.626556780249189,24.771464581747971,211.22853541825191,1.4750620831898928,971.52493791681138,971.52493791681138,2375.0800072545194,2802.9199927454838,2802.9199927454838,16.600000000000001
108,116,3.7018412527497899,29.365442464312594,38.963782802504845,2.8153392556453336,0.17030675677743567,56.947070270514871,7.3034729376786425,48.80002797687915,24.561956067240395,211.43804393275951,1.4394186776597746,971.56058132234136,971.56058132234136,2368.4855043678785,2809.5144956321246,2809.5144956321246,16.600000000000001
108.25,116,3.6984335992099591,29.399254203358691,38.82326966703792,2.8091885003138226,0.16994806104902005,56.923175636068535,7.3009778554465088,48.973440280084482,24.354303924173863,211.64569607582604,1.4046505817461949,971.59534941825495,971.59534941825495,2361.9115408918751,2816.0884591081276,2816.0884591081276,16.600000000000001
108.5,116,3.6951148738608413,29.433232666723125,38.683102038989681,2.8030721632495128,0.16959308027661371,56.898987215889939,7.2984525303465935,49.146792971247947,24.148492062484621,211.85150793751527,1.3707361367492115,971.62926386325205,971.62926386325205,2355.3580745526838,2822.6419254473194,2822.6419254473194,16.600000000000001
108.75,116,3.6918842354015777,29.467377145288722,38.543279048714815,2.7969897637032162,0.16924175712550266,56.874507098481004,7.2958969993756089,49.320085332600136,23.944504514104509,212.05549548589539,1.3376542189492415,971.66234578105195,971.66234578105195,2348.8250629940753,2829.1749370059274,2829.1749370059274,16.600000000000001
109,116,3.6887408517116409,29.501686934937389,38.40379983729958,2.7909408279223009,0.16889403538088812,56.849737350047803,7.2933113020687568,49.493316647280956,23.742325432459268,212.25767456754065,1.3053842266772091,971.69461577332402,971.69461577332402,2342.3124637769747,2835.6875362230285,2835.6875362230285,16.600000000000001
109.25,116,3.6856838997462873,29.536161336505373,38.26466355642377,2.7849248890209903,0.16854985991564955,56.824680014811726,7.290695480429755,49.666486199398399,23.541939091984688,212.45806090801523,1.2739060673137328,971.72609393268749,971.72609393268749,2335.8202343790217,2842.1797656209815,2842.1797656209815,16.600000000000001
109.5,116,3.6827125654338992,29.570799655732579,38.125869368223732,2.7789414868639679,0.16820917666379157,56.799337115305782,7.2880495788565129,49.839593274086489,23.343329887608434,212.65667011239148,1.2432001449533596,971.75679985504792,971.75679985504792,2329.3483321943067,2848.6516678056964,2848.6516678056964,16.600000000000001
109.75,116,3.6798260435742955,29.605601203213457,37.987416445156839,2.7729901679495153,0.16787193259336639,56.773710652669386,7.2853736440698187,50.012637157561358,23.146482334231131,212.85351766576878,1.2132473482571855,971.78675265174411,971.78675265174411,2322.8967145331608,2855.1032854668424,2855.1032854668424,16.600000000000001
110,116,3.6770235377385951,29.640565294344857,37.8493039698673,2.767070485299,0.16753807568271281,56.747802606934862,7.2826677250409722,50.185617137175448,22.951381066184705,213.04861893381519,1.1840290388187165,971.81597096118253,971.81597096118253,2316.4653386221121,2861.5346613778911,2861.5346613778911,16.600000000000001
110.25,116,3.674304260169639,29.675691249278156,37.711531135053363,2.7611819983430208,0.167207554893754,56.721614937315451,7.2799318729244051,50.358532501470286,22.758010836705569,213.24198916329433,1.1555270394710804,971.8444729605302,971.8444729605302,2310.0541616038045,2867.9458383961987,2867.9458383961987,16.600000000000001
110.5,116,3.6716674316835944,29.710978392870917,37.574097143336061,2.7553242728105052,0.16688032014643467,56.695149582488575,7.2771661409912864,50.531382540227426,22.566356517398386,213.43364348260152,1.1277236229018843,971.87227637709941,971.87227637709941,2303.6631405370076,2874.3368594629956,2874.3368594629956,16.600000000000001
110.75,116,3.6691122815729327,29.746426054636661,37.437001207128972,2.7494968806225359,0.16655632229547987,56.668408460872413,7.2743705845629218,50.70416654451796,22.376403097683507,213.62359690231639,1.100601500679061,971.89939849932227,971.89939849932227,2297.2922323967468,2880.7077676032559,2880.7077676032559,16.600000000000001
111,116,3.6666380475104594,29.78203356869497,37.300242548509544,2.7436993997882131,0.16623551310757534,56.641393470898798,7.2715452609457536,50.876883806750392,22.188135684239526,213.81186431576037,1.074143812514182,971.92585618748706,971.92585618748706,2290.9413940745021,2887.0586059255011,2887.0586059255011,16.600000000000001
111.25,116,3.6642439754548026,29.817800273719058,37.16382039909152,2.737931414307305,0.16591784524144046,56.614106491277404,7.2686902293655038,51.049533620717099,22.001539500426006,213.99846049957392,1.0483341159940021,971.9516658840073,971.9516658840073,2284.6105823785392,2893.389417621464,2893.389417621464,16.600000000000001
111.5,116,3.6619293195560774,29.853725512889671,37.027733999898878,2.7321925140637302,0.16560327222311222,56.586549381267432,7.2658055509079773,51.222115281639155,21.816599885733769,214.18340011426616,1.0231563760351694,971.97684362396603,971.97684362396603,2278.2997540341407,2899.7002459658625,2899.7002459658625,16.600000000000001
111.75,116,3.6596933420631985,29.889808633844854,36.891982601240926,2.7264822947285925,0.16529174842545977,56.558723980937913,7.2628912884576131,51.394628086209778,21.633302295207386,214.36669770479253,0.99859495492897676,972.00140504507237,972.00140504507237,2272.0088656840148,2905.9911343159883,2905.9911343159883,16.600000000000001
112,116,3.6575353132321919,29.92604898863026,36.756565462588668,2.7208003576644861,0.16498322904794091,56.530632111425142,7.2599475066376682,51.567071332636381,21.451632298864624,214.54836770113531,0.97463460258746859,972.02536539741379,972.02536539741379,2265.7378738887483,2912.2621261112549,2912.2621261112549,16.600000000000001
112.25,116,3.6554545112354884,29.962445933649811,36.621481852452433,2.7151463098312312,0.1646776700966838,56.502275575186808,7.256974271751929,51.739444320681194,21.271575581112423,214.7284244188875,0.95126044699548296,972.04873955300593,972.04873955300593,2259.4867351273192,2918.513264872684,2918.513264872684,16.600000000000001
112.5,116,3.653450222072578,29.998998829614532,36.486731048260843,2.7095197636970636,0.16437502836690351,56.473656156248943,7.2539716517263519,51.911746351700174,21.093117940145394,214.90688205985452,0.92845798510089261,972.0715420149005,972.0715420149005,2253.2554057977418,2924.7445942022614,2924.7445942022614,16.600000000000001
112.75,116,3.6515217394812969,30.035707041493705,36.35231233624085,2.7039203371476761,0.16407526142384846,56.444775620453491,7.2509397160534288,52.08397672868098,20.916245287354261,215.08375471264566,0.90621307368254733,972.09378692631878,972.09378692631878,2247.0438422176799,2930.9561577823233,2930.9561577823233,16.600000000000001
113,116,3.6496683648499779,30.072569938466909,36.218225011299062,2.6983476533957731,0.16377832758362285,56.415635715703736,7.2478785357382307,52.256134756279849,20.740943646734635,215.25905635326529,0.8845119203542624,972.11548807964721,972.11548807964721,2240.8520006250665,2937.1479993749367,2937.1479993749367,16.600000000000001
113.25,116,3.6478894071309735,30.109586893873935,36.084468376904255,2.692801340896402,0.16348418589651684,56.386238172202198,7.2447881832441734,52.428219740856733,20.56719915427751,215.43280084572243,0.86334107501775426,972.13665892498364,972.13665892498364,2234.6798371788818,2943.3201628211214,2943.3201628211214,16.600000000000001
113.5,116,3.6461841827550323,30.146757285165567,35.951041744971079,2.6872810332628174,0.16319279613023141,56.356584702686369,7.2416687324403819,52.600230990509395,20.394998057360322,215.60500194263963,0.84268742144697006,972.15731257855452,972.15731257855452,2228.5273079599424,2949.4726920400608,2949.4726920400608,16.600000000000001
113.75,116,3.6445520155465356,30.184080493855426,35.817944435745012,2.68178636918236,0.16290411875281322,56.326677002662883,7.2385202585511523,52.772167815106059,20.224326714138229,215.7756732858617,0.82253816901605015,972.17746183098541,972.17746183098541,2222.3943689717239,2955.6056310282788,2955.6056310282788,16.600000000000001
114,116,3.6429922366393939,30.221555905474464,35.685175777688592,2.6763169923294314,0.16261811491395634,56.29651675064278,7.2353428381090703,52.944029526316456,20.055171592942731,215.9448284070572,0.80288084446423635,972.19711915553705,972.19711915553705,2216.2809761411995,2961.7190238588037,2961.7190238588037,16.600000000000001
114.25,116,3.6415041843948104,30.259182909517804,35.552735107368406,2.6708725512942988,0.16233474643335524,56.266105608359751,7.2321365489014697,53.115815437643001,19.887519271642837,216.1124807283571,0.78370328436267001,972.21629671563869,972.21629671563869,2210.1870853198288,2967.8129146801743,2967.8129146801743,16.600000000000001
114.5,116,3.6400872043192889,30.296960899397629,35.42062176934342,2.6654526995027723,0.16205397578455541,56.235445220995771,7.2289014699238843,53.287524864449878,19.721356437028653,216.27864356297127,0.76499362739075738,972.23500637261066,972.23500637261066,2204.112652284512,2973.8873477154912,2973.8873477154912,16.600000000000001
114.75,116,3.6387406489836986,30.334889272395092,35.288835116054543,2.6600570951395093,0.16177576608021951,56.204537217401501,7.2256376813334375,53.459157123991076,19.556669884186881,216.44333011581307,0.7467403068742926,972.25325969312701,972.25325969312701,2198.0576327385943,2979.9423672614089,2979.9423672614089,16.600000000000001
115,116,3.6374638779432784,30.372967429612213,35.157374507715197,2.6546854010732761,0.16150008105800617,56.17338321031324,7.2223452644030974,53.63071153543747,19.39344651587265,216.60655348412732,0.72893204351990992,972.27106795648149,972.27106795648149,2192.021982312915,2985.9780176870881,2985.9780176870881,16.600000000000001
115.25,116,3.6362562576581867,30.411194775926734,35.026239312203096,2.6493372847815144,0.16122688506447105,56.141984796569105,7.2190243014792372,53.802187419902857,19.231673341893192,216.76832665810676,0.71155783812291118,972.28844216187849,972.28844216187849,2186.0056565668192,2991.994343433184,2991.994343433184,16.600000000000001
115.5,116,3.6351171614154936,30.449570719942887,34.895428904953029,2.6440124182798126,0.16095614304304698,56.110343557318778,7.2156748759367684,53.973584100468848,19.071337478466901,216.92866252153306,0.69460696476324757,972.30539303523813,972.30539303523813,2180.0086109893168,2997.9913890106864,2997.9913890106864,16.600000000000001
115.75,116,3.6340459692519707,30.488094673942992,34.764942668850601,2.6387104780523232,0.16068782052185618,56.078461058230872,7.2122970721358177,54.144900902208818,18.912426147583535,217.08757385241643,0.67806896412356876,972.32193103587781,972.32193103587781,2174.0308010002632,3003.96919899974,3003.96919899974,16.600000000000001
116,116,3.6330420678775242,30.526766053841065,34.634779994127257,2.6334311449822336,0.16042188360038634,56.046338849698806,7.2088909753808341,54.316137152210757,18.754926676371586,217.24507332362836,0.66193363684362649,972.33806636315774,972.33806636315774,2168.0721819515179,3009.9278180484853,3009.9278180484853,16.600000000000001
116.25,116,3.6321048505995979,30.565584279135781,34.504940278256235,2.628174104284315,0.16015829893724662,56.013978467043074,7.2054566718800031,54.487292179599407,18.598826496459505,217.40117350354046,0.64619103709755843,972.35380896290383,972.35380896290383,2162.1327091281578,3015.8672908718454,3015.8672908718454,16.600000000000001
116.5,116,3.6312337172483069,30.604548772864618,34.375422925849641,2.6229390454372385,0.15989703373748676,55.981381430712361,7.201994248706491,54.658365315557049,18.444113143339681,217.55588685666024,0.63083146626184261,972.36916853373964,972.36916853373964,2156.212337749701,3021.7876622503018,3021.7876622503018,16.600000000000001
116.75,116,3.6304280741022938,30.643658961559218,34.246227348556623,2.6177256621155109,0.15963805573941095,55.94854924648358,7.1985037937615433,54.829355893343603,18.290774255735606,217.70922574426433,0.61584546666520878,972.3841545333363,972.3841545333363,2150.3110229713348,3027.6889770286684,3027.6889770286684,16.600000000000001
117,116,3.6296873338159967,30.682914275196229,34.117352964962301,2.6125336521307294,0.15938133320573161,55.915483405651329,7.1949853957342258,55.00026324831596,18.138797574945404,217.86120242505453,0.60122381583055218,972.39877618417097,972.39877618417097,2144.4287198852653,3033.5712801147374,3033.5712801147374,16.600000000000001
117.25,116,3.6290109153472332,30.722314147152503,33.988799200487904,2.6073627173671508,0.15912683491158264,55.88218538522154,7.1914391440657992,55.171086717946295,17.988170944203507,218.01182905579645,0.58695752056885087,972.41304247943253,972.41304247943253,2138.5653835220151,3039.4346164779881,3039.4346164779881,16.600000000000001
117.5,116,3.628398243885719,30.761858014159522,33.860565487291872,2.6022125637201872,0.15887453013368702,55.848656648100899,7.1878651289141038,55.341825641839527,17.838882308036563,218.16111769196337,0.57303781128830966,972.42696218871322,972.42696218871322,2132.7209688517532,3045.2790311482499,3045.2790311482499,16.600000000000001
117.75,116,3.6278487507823942,30.801545316258071,33.73265126417197,2.5970829010360741,0.15862438863983547,55.814898643283634,7.1842634411188371,55.512479361749911,17.690919711618363,218.30908028838158,0.55945613644610759,972.44054386355526,972.44054386355526,2126.8954307856548,3051.104569214348,3051.104569214348,16.600000000000001
118,116,3.6273618734794488,30.841375496754324,33.605055976468435,2.5919734430501991,0.15837638067769857,55.780912806038337,7.1806341721692295,55.683047221596354,17.544271300126674,218.45572869987328,0.54620415708651182,972.45379584291493,972.45379584291493,2121.0887241772857,3056.9112758227175,3056.9112758227175,16.600000000000001
118.25,116,3.6269370554412936,30.881348002174118,33.477779075967966,2.5868839073309724,0.15813047696560628,55.746700558088023,7.1769774141699267,55.853528567477767,17.398925318094761,218.6010746819052,0.53327374160155028,972.46672625839983,972.46672625839983,2115.3008038239959,3062.6991961760068,3062.6991961760068,16.600000000000001
118.5,116,3.6265737460862359,30.921462282218386,33.350820020808655,2.5818140152229647,0.15788664868290164,55.712263307789527,7.1732932598088333,56.023922747687394,17.254870108764479,218.74512989123548,0.52065696058543254,972.47934303941599,972.47934303941599,2109.5316244683354,3068.4683755316678,3068.4683755316678,16.600000000000001
118.75,116,3.6262714007188932,30.961717789719199,33.224178275385981,2.57676349179029,0.15764486746024187,55.67760245031139,7.1695818023262801,56.194229112726084,17.112094113439806,218.88790588656016,0.50834608179983376,972.49165391820156,972.49165391820156,2103.7811407994882,3074.218859200515,3074.218859200515,16.600000000000001
119,116,3.6260294804633806,31.002113980595862,33.097853310259723,2.5717320657614984,0.15740510537033639,55.64271936780893,7.1658431354847432,56.364447015315022,16.970585870839784,219.02941412916016,0.49633356527336292,972.50366643472796,972.50366643472796,2098.0493074547217,3079.9506925452815,3079.9506925452815,16.600000000000001
119.25,116,3.6258474521972479,31.042650313811045,32.971844602061687,2.5667194694770989,0.15716733491911683,55.607615429595505,7.1620773535387601,56.534575810408107,16.830334016452181,219.16966598354776,0.48461205851670919,972.51538794148462,972.51538794148462,2092.3360790208294,3085.6639209791733,3085.6639209791733,16.600000000000001
119.5,116,3.6257247884861568,31.08332625132719,32.846151633404361,2.5617254388381805,0.15693152903715296,55.572291992311328,7.1582845512056039,56.704614855203637,16.691327281887354,219.3086727181126,0.47317439185574356,972.5268256081456,972.5268256081456,2086.6414100355846,3091.3585899644186,3091.3585899644186,16.600000000000001
119.75,116,3.6256609675192748,31.124141258063897,32.720773892790696,2.5567497132513495,0.15669766107074165,55.536750400094753,7.1544648236385378,56.874563509154193,16.553554494229807,219.44644550577016,0.46201357389569991,972.53798642610559,972.53798642610559,2080.9652549892694,3097.0347450107338,3097.0347450107338,16.600000000000001
120,116,3.6256554730454056,31.165094801854874,32.595710874524528,2.5517920355794237,0.1564657047737904,55.50099198474652,7.1506182663989897,57.044421133977011,16.417004575392586,219.58299542460736,0.45112278708255971,972.5488772129188,972.5488772129188,2075.3075683261536,3102.6924316738496,3102.6924316738496,16.600000000000001
120.25,116,3.6257077943098288,31.206186353405332,32.470962078621994,2.5468521520917946,0.15623563429976786,55.465018065893283,7.1467449754299786,57.214187093663455,16.281666541471395,219.71833345852855,0.44049538337927235,972.55950461662212,972.55950461662212,2069.6683044459969,3108.3316955540063,3108.3316955540063,16.600000000000001
120.5,116,3.6258174259918374,31.247415386249816,32.34652701072379,2.5419298124152747,0.1560074241937818,55.428829951149297,7.1428450470304155,57.383860754487706,16.147529502099459,219.8524704979005,0.43012488004465915,972.56987511995669,972.56987511995669,2064.0474177055657,3113.9525822944374,3113.9525822944374,16.600000000000001
120.75,116,3.6259838681428898,31.288781376711249,32.222405182008465,2.5370247694815982,0.15578104938405887,55.392428936280226,7.1389185778316051,57.553441485014325,16.014582659805065,219.98541734019489,0.42000495547103694,972.57999504453039,972.57999504453039,2058.4448624201677,3119.555137579835,3119.555137579835,16.600000000000001
121,116,3.6262066261256209,31.330283803858261,32.098596109106275,2.5321367794845866,0.15555648517527726,55.355816305356271,7.1349656647714035,57.722928656106454,15.882815309365732,220.11718469063422,0.41012944521890032,972.58987055478246,972.58987055478246,2052.8605928651723,3125.1394071348304,3125.1394071348304,16.600000000000001
121.25,116,3.6264852105534349,31.371922149463948,31.975099314014095,2.5272656018332631,0.15533370724116471,55.318993330908199,7.1309864050707725,57.892321640932771,15.752216837165543,220.24778316283439,0.40049233809834389,972.59950766190298,972.59950766190298,2047.2945632775454,3130.7054367224578,3130.7054367224578,16.600000000000001
121.5,116,3.6268191372307714,31.413695897964999,31.851914324011076,2.5224109991054635,0.15511269161722208,55.28196127408156,7.1269808962111263,58.061619814973831,15.622776720553594,220.37722327944635,0.39108777234447506,972.6089122276569,972.6089122276569,2041.7467278573963,3136.2532721426069,3136.2532721426069,16.600000000000001
121.75,116,3.6272079270940458,31.455604536420942,31.729040671575216,2.51757273700288,0.15489341469374396,55.244721384788406,7.1229492359121274,58.230822556027903,15.494484527203202,220.50551547279676,0.3819100318947905,972.61808996810657,972.61808996810657,2036.217040769526,3141.782959230477,3141.782959230477,16.600000000000001
122,116,3.6276511061532406,31.497647554473627,31.606477894300649,2.5127505843081783,0.15467585320904365,55.207274901855925,7.1188915221098217,58.399929244216658,15.367329914473176,220.6326700855268,0.37295354274808928,972.62704645725319,972.62704645725319,2030.7054561449631,3147.2945438550396,3147.2945438550396,16.600000000000001
122.25,116,3.6281482054341505,31.539824444307094,31.484225534815796,2.5079443128420169,0.15445998424282428,55.169623053173929,7.1148078529356287,58.568939261990081,15.241302628769713,220.75869737123026,0.36421286942129233,972.63578713058007,972.63578713058007,2025.2119280825127,3152.78807191749,3152.78807191749,16.600000000000001
122.5,116,3.6286987609212855,31.582134700607757,31.362283140702392,2.5031536974190081,0.15424578520966969,55.131767055842296,7.1106983266964141,58.737851994130502,15.11639250490831,220.88360749509167,0.35568271151028491,972.64431728849115,972.64431728849115,2019.7364106503351,3158.2635893496677,3158.2635893496677,16.600000000000001
122.75,116,3.629302313501388,31.624577820524813,31.24065026441518,2.4983785158068348,0.15403323385275489,55.093708116314225,7.1065630418545842,58.906666827756702,14.992589465478813,221.00741053452114,0.34735790031638686,972.65264209968495,972.65264209968495,2014.2788578874934,3163.7211421125094,3163.7211421125094,16.600000000000001
123,116,3.6299584089075889,31.667153303630954,31.119326463202491,2.4936185486853697,0.15382230823769585,55.055447430538415,7.1024020970089374,59.075383152327376,14.869883520211387,221.13011647978857,0.33923339556364118,972.66076660443775,972.66076660443775,2008.8392238055119,3169.1607761944911,3169.1607761944911,16.600000000000001
123.25,116,3.6306665976641774,31.709860651883432,30.998311299027524,2.4888735796065142,0.15361298674649984,55.016986184099395,7.098215590876169,59.244000359644183,14.748264765344317,221.25173523465565,0.33130428219270386,972.66869571780853,972.66869571780853,2003.4174623899321,3174.5825376100711,3174.5825376100711,16.600000000000001
123.5,116,3.6314264350319525,31.752699369585709,30.877604338490471,2.484143394954728,0.15340524807140749,54.978325552356218,7.094003622273096,59.412517843854353,14.627723382994697,221.37227661700527,0.32356576720757796,972.67643423279378,972.67643423279378,1998.0135276018586,3179.9864723981445,3179.9864723981445,16.600000000000001
123.75,116,3.6322374809542586,31.79566896334871,30.757205152751343,2.4794277839084002,0.15319907120949311,54.939466700579146,7.089766290099023,59.580935001452872,14.508249640527843,221.49175035947212,0.31601317666613793,972.6839868233352,972.6839868233352,1992.6273733795306,3185.3726266204721,3185.3726266204721,16.600000000000001
124,116,3.6330993000035643,31.838768942052841,30.637113317453579,2.4747265384018529,0.15299443545699029,54.900410784084769,7.0855036933189348,59.749251231284163,14.389833889930514,221.61016611006943,0.30864195270277456,972.69135804729865,972.69135804729865,1987.2589536398732,3190.74104636013,3190.74104636013,16.600000000000001
124.25,116,3.6340114613286523,31.881998816810217,30.517328412648389,2.4700394530880536,0.15279132040379104,54.861158948369301,7.0812159309472005,59.91746593454355,14.272466567185772,221.7275334328142,0.30144765062964235,972.69855234937165,972.69855234937165,1981.9082222800489,3196.0917777199543,3196.0917777199543,16.600000000000001
124.5,116,3.6349735386023831,31.92535810092722,30.397850022719858,2.4653663253020115,0.15258970592810342,54.821712329240292,7.0769031020317739,60.085578514778241,14.15613819164964,221.84386180835031,0.294425936113484,972.70557406388787,972.70557406388787,1976.5751331790077,3201.4248668209948,3201.4248668209948,16.600000000000001
124.75,116,3.6359851099700222,31.96884630986743,30.278677736310744,2.4607069550221232,0.15238957219112659,54.782072052949303,7.0725653056392384,60.253588377887731,14.040839365430951,221.959160634569,0.28757258240517081,972.71242741759625,972.71242741759625,1971.259640199034,3206.7403598009687,3206.7403598009687,16.600000000000001
125,116,3.6370457579981665,32.012462961214723,30.159811146249041,2.4560611448352798,0.15219089963197463,54.742239236319861,7.0682026408399796,60.421494932124141,13.926560772771857,222.07343922722811,0.28088346765919814,972.71911653234224,972.71911653234224,1965.9616971872902,3212.0383028127121,3212.0383028127121,16.600000000000001
125.25,116,3.6381550696242542,32.056207574636595,30.041249849475218,2.4514286999036177,0.1519936689627624,54.702214986872782,7.0638152066937119,60.58929758809218,13.813293179429978,222.18670682056998,0.2743545723274986,972.72564542767395,972.72564542767395,1960.6812579773557,3217.3187420226468,3217.3187420226468,16.600000000000001
125.5,116,3.6393126361065993,32.100079671847936,29.922993446970196,2.4468094279288723,0.15179786116368754,54.66200040295292,7.0594031022358639,60.756995758748737,13.701027432064025,222.29897256793592,0.267981976599309,972.73201802340202,972.73201802340202,1955.4182763907625,3222.5817236092398,3222.5817236092398,16.600000000000001
125.75,116,3.6405180529749894,32.144078776575036,29.805041543683998,2.4422031391183112,0.15160345747826856,54.621596573853409,7.0549664264643059,60.924588859401979,13.589754457621217,222.41024554237873,0.26176185791220014,972.73823814208924,972.73823814208924,1950.1727062385251,3227.8272937614774,3227.8272937614774,16.600000000000001
126,116,3.6417709199818371,32.188204414519916,29.687393748465116,2.4376096461523105,0.15141043940867241,54.581004579937279,7.050505278326396,61.092076307710514,13.479465262727166,222.52053473727278,0.2556904885206156,972.74430951148076,972.74430951148076,1944.9445013226577,3233.055498677345,3233.055498677345,16.600000000000001
126.25,116,3.6430708410538606,32.232456113324908,29.570049673990471,2.4330287641552872,0.15121878871109967,54.540225492754857,7.0460197567061229,61.259457523682435,13.370150933078719,222.62984906692122,0.24976423311269655,972.75023576688864,972.75023576688864,1939.733615437666,3238.2663845623365,3238.2663845623365,16.600000000000001
126.5,116,3.6444174242443137,32.276833402537555,29.453008936696243,2.4284603106587461,0.15102848739142302,54.499260375167978,7.0415099604127702,61.426731929673117,13.261802632837405,222.73819736716254,0.24397954652483203,972.75602045347648,972.75602045347648,1934.5400023720927,3243.4599976279096,3243.4599976279096,16.600000000000001
126.75,116,3.6458102816857378,32.321335813575772,29.336271156709209,2.4239041055713999,0.15083951770081297,54.458110281466283,7.0369759881691651,61.593898950383405,13.15441160402664,222.84558839597329,0.23833297148489696,972.7616670285164,972.7616670285164,1929.3636159100083,3248.6363840899944,3248.6363840899944,16.600000000000001
127,116,3.6472490295432372,32.365962879693335,29.219835957778795,2.4193599711486748,0.15065186213148385,54.416776257483285,7.0324179386004948,61.76095801285755,13.047969165931196,222.95203083406875,0.23282113641758898,972.76717886358381,972.76717886358381,1924.2044098325057,3253.7955901674968,3253.7955901674968,16.600000000000001
127.25,116,3.6487332879682732,32.410714135945618,29.103702967209813,2.4148277319624865,0.15046550341253656,54.375259340711096,7.0278359102235672,61.927908546480779,12.942466714499137,223.0575332855008,0.22744075330567132,972.77255924669566,972.77255924669566,1919.0623379191873,3258.9376620808152,3258.9376620808152,16.600000000000001
127.5,116,3.6502626810529271,32.455589119155896,28.987871815795817,2.4103072148678293,0.15028042450570497,54.333560560417645,7.0232300014370264,62.094749982976253,12.837895721747508,223.16210427825246,0.22218861558371095,972.77781138441765,972.77781138441765,1913.9373539496507,3264.0626460503518,3264.0626460503518,16.600000000000001
127.75,116,3.6518368367847307,32.500587367881558,28.87234213775313,2.4057982489754695,0.15009660860147531,54.291680937756766,7.0186003105111139,62.261481756402318,12.734247735168861,223.26575226483106,0.21706159611629736,972.78293840388505,972.78293840388505,1908.829411704957,3269.1705882950455,3269.1705882950455,16.600000000000001
128,116,3.6534553870019879,32.54570842238067,28.757113570655459,2.4013006656242029,0.14991403911524495,54.249621485877896,7.0139469355779633,62.428103303149513,12.631514377140709,223.36848562285923,0.21205664522213033,972.78794335477926,972.78794335477926,1903.738464969093,3274.2615350309097,3274.2615350309097,16.600000000000001
128.25,116,3.6551179673495588,32.590951824578966,28.642185755369216,2.3968142983512069,0.14973269968344541,54.207383210036831,7.0092699746226126,62.594614061936973,12.52968734433842,223.47031265566153,0.20717078873452691,972.79282921126674,972.79282921126674,1898.6644675304265,3279.3355324695763,3279.3355324695763,16.600000000000001
128.5,116,3.6568242172351524,32.636317118037077,28.527558335989397,2.3923389828638673,0.14955257415979833,54.164967107704115,7.0045695254742464,62.761013473808859,12.428758407150506,223.57124159284945,0.20240112611656921,972.79759887388479,972.79759887388479,1893.6073731831539,3284.3926268168489,3284.3926268168489,16.600000000000001
128.75,116,3.6585737797860935,32.681803847917955,28.413230959776133,2.3878745570124855,0.14937364661171718,54.122374168671755,6.99984568579755,62.927300982130639,12.328719409096955,223.67128059090297,0.19774482861829948,972.80225517138308,972.80225517138308,1888.5671357287292,3289.432864271273,3289.432864271273,16.600000000000001
129,116,3.6603663018065706,32.727411560954494,28.299203277091735,2.3834208607638878,0.14919590131685626,54.079605375158195,6.9950985530841736,63.093476032585428,12.229562266250714,223.77043773374919,0.1931991374745079,972.80680086252676,972.80680086252676,1883.5437089772738,3294.4562910227287,3294.4562910227287,16.600000000000001
129.25,116,3.6622014337353588,32.773139805417841,28.185474941338562,2.3789777361732694,0.14901932275942564,54.036661701914113,6.9903282246456619,63.259538073169239,12.131278966660442,223.86872103333948,0.18876136217416206,972.81123863782716,972.81123863782716,1878.5370467490186,3299.4629532509839,3299.4629532509839,16.600000000000001
129.5,116,3.6640788296040072,32.818988131085575,28.072045608897319,2.374545027358363,0.14884389562685862,53.993544116325197,6.9855347976057196,63.425486554186811,12.033861569777455,223.96613843022246,0.18442887875088959,972.8155711212504,972.8155711212504,1873.5471028756988,3304.4528971243039,3304.4528971243039,16.600000000000001
129.75,116,3.665998146995487,32.864956089210388,27.958914939066002,2.3701225804735642,0.14866960480649224,53.950253578514079,6.9807183688930232,63.591320928247121,11.937302205885207,224.06269779411471,0.18019912812206504,972.81980087187924,972.81980087187924,1868.5738312019489,3309.4261687980534,3309.4261687980534,16.600000000000001
130,116,3.6679590470032983,32.911043232488865,27.846082593999427,2.3657102436845139,0.14849643538229024,53.906791041441039,6.9758790352343931,63.757040650258617,11.841593075531708,224.15840692446821,0.17606961446932728,972.82393038553198,972.82393038553198,1863.6171855866864,3314.3828144133163,3314.3828144133163,16.600000000000001
130.25,116,3.6699611941909929,32.95724911503131,27.733548238649373,2.3613078671446579,0.14832437263111659,53.863157451001932,6.9710168931489251,63.922645177424272,11.746726448965637,224.25327355103428,0.17203790364316232,972.82796209635808,972.82796209635808,1858.6771199044838,3319.3228800955194,3319.3228800955194,16.600000000000001
130.5,116,3.6720042565522006,33.003573292330699,27.621311540705253,2.3569153029694907,0.14815340201999652,53.819353746127632,6.9661320389412564,64.088133969236651,11.652694665574041,224.3473053344259,0.16810162163715567,972.83189837836414,972.83189837836414,1853.7535880469318,3324.2464119530709,3324.2464119530709,16.600000000000001
130.75,116,3.6740879054710769,33.050015321232401,27.509372170535404,2.3525324052123486,0.14798350920306136,53.775380858881121,6.9612245686955943,64.253506487472748,11.559490133323571,224.44050986667634,0.16425845308889528,972.83574154691235,972.83574154691235,1848.8465439239908,3329.1534560760119,3329.1534560760119,16.600000000000001
131,116,3.676211815683172,33.096574759904364,27.397729801128897,2.3481590298411352,0.14781468001838505,53.731239714552949,6.9562945782702528,64.418762196188652,11.467105328204962,224.53289467179493,0.16050613981345424,972.83949386018776,972.83949386018776,1843.9559414653304,3334.0440585346723,3334.0440585346723,16.600000000000001
131.25,116,3.6783756652367421,33.143251167807421,27.286384108037993,2.3437950347151708,0.14764690048497964,53.686931231755693,6.9513421632923444,64.583900561714088,11.375532793680366,224.62446720631954,0.15684247937728776,972.84315752062389,972.84315752062389,1839.0817346216584,3338.9182653783446,3338.9182653783446,16.600000000000001
131.5,116,3.6805791354544786,33.190044105665599,27.175334769321019,2.3394402795603151,0.14748015680013291,53.642456322519472,6.9463674191523523,64.748921052646978,11.284765140134203,224.71523485986572,0.15326532370130588,972.8467346763,972.8467346763,1834.2238773660322,3343.7761226339712,3343.7761226339712,16.600000000000001
131.75,116,3.6828219108956679,33.236953135436686,27.06458146548588,2.3350946259443623,0.14731443533681754,53.597815892386471,6.9413704409989521,64.913823139847793,11.194795044327073,224.80520495567282,0.14977257769876884,972.85022742230251,972.85022742230251,1829.3823236951573,3348.6176763048456,3348.6176763048456,16.600000000000001
132,116,3.6851036793187664,33.283977820283916,26.954123879434185,2.3307579372589053,0.14714972264033432,53.553010840498075,6.9363513237352041,65.078606296433577,11.105615248851427,224.89438475114849,0.14636219796722832,972.85363780203397,972.85363780203397,1824.5570276306942,3353.4429723693088,3353.4429723693088,16.600000000000001
132.25,116,3.687424131644387,33.331117724547113,26.843961696405785,2.3264300786952927,0.14698600542585427,53.508042059687355,6.9313101620138502,65.243269997772131,11.017218561591665,224.98278143840824,0.14303219149384985,972.85696780850742,972.85696780850742,1819.7479432205312,3358.2520567794722,3358.2520567794722,16.600000000000001
132.5,116,3.6897829619186928,33.37837241371421,26.734094603923914,2.3221109172226182,0.14682327057578806,53.462910436568698,6.926247050233175,65.407813721476089,10.929597855186989,225.07040214481293,0.13978061439901882,972.86021938560225,972.86021938560225,1814.9550245400537,3363.0449754599495,3363.0449754599495,16.600000000000001
132.75,116,3.6921798672771939,33.425741454393211,26.62452229174086,2.3178003215664993,0.14666150513715584,53.417616851625944,6.9211620825331304,65.572236947396703,10.842746066497391,225.15725393350252,0.13660557071056501,972.86339442929068,972.86339442929068,1810.1782256934007,3367.8217743066025,3367.8217743066025,16.600000000000001
133,116,3.6946145479089241,33.4732244142849,26.515244451784138,2.3134981621923685,0.14650069631849888,53.372162179295323,6.9160553527920818,65.736539157617884,10.756656196073259,225.24334380392665,0.13350521115739578,972.86649478884385,972.86649478884385,1805.417500814697,3372.5824991853065,3372.5824991853065,16.600000000000001
133.25,116,3.6970867070210485,33.52082086215465,26.406260778103217,2.3092043112804368,0.14634083148790317,53.32654728805597,6.9109269546229664,65.900719836449795,10.671321307627183,225.32867869237273,0.13047773201709464,972.86952226798405,972.86952226798405,1800.6728040692949,3377.3271959307081,3377.3271959307081,16.600000000000001
133.5,116,3.6995960508038404,33.568530367805273,26.297570966816728,2.3049186427058475,0.14618189817047936,53.280773040514575,6.9057769813701126,66.064778470422553,10.586734527509455,225.41326547249045,0.12752137397965363,972.87247862602158,972.87247862602158,1795.9440896549904,3382.0559103450132,3382.0559103450132,16.600000000000001
133.75,116,3.7021422883960464,33.616352502049999,26.189174716060219,2.3006410320194881,0.14602388404585323,53.234840293488624,6.9006055261063022,66.228714548279797,10.502889044186745,225.49711095581318,0.12463442103914324,972.87536557896203,972.87536557896203,1791.2313118032266,3386.768688196777,3386.768688196777,16.600000000000001
134,116,3.7047251318506289,33.664286836685754,26.081071725934393,2.2963713564285406,0.14586677694577746,53.188749898089306,6.8954126816299812,66.392527560972283,10.419778107723904,225.580221892276,0.12181519941518994,972.87818480058593,972.87818480058593,1786.5344247802873,3391.4655752197159,3391.4655752197159,16.600000000000001
134.25,116,3.7073442961008767,33.712332944466617,25.973261698453864,2.2921094947753047,0.1457105648518133,53.142502699805405,6.8901985404627757,66.55621700165112,10.337395029269453,225.66260497073046,0.11906207649392044,972.8809379235073,972.8809379235073,1781.8533828884797,3396.1466171115235,3396.1466171115235,16.600000000000001
134.5,116,3.7099994989268921,33.760490399077597,25.865744337496395,2.2878553275177449,0.14555523589303473,53.096099538584745,6.8849631948471455,66.719782365661231,10.255733180543913,225.74426681945599,0.11637345980082893,972.88362654020045,972.88362654020045,1777.1881404672995,3400.8118595327037,3400.8118595327037,16.600000000000001
134.75,116,3.7126904609224778,33.808758775108693,25.758519348752657,2.2836087367132301,0.14540077834373316,53.049541248911879,6.8797067367440663,66.883223150534718,10.174785993330646,225.82521400666926,0.11374779601056947,972.88625220399069,972.88625220399069,1772.538651894587,3405.4613481054166,3405.4613481054166,16.600000000000001
135,116,3.7154169054623489,33.857137648029138,25.65158643967645,2.2793696059987392,0.14524718062121217,53.002828659888578,6.8744292578311157,67.046538855984181,10.094546958970819,225.90545304102906,0.11118356996757563,972.88881643003367,972.88881643003367,1767.9048715876677,3410.0951284123357,3410.0951284123357,16.600000000000001
135.25,116,3.7181785586697211,33.905626594161973,25.544945319435453,2.2751378205725543,0.14509443128360267,52.955962595312165,6.8691308495006842,67.209728983895829,10.015009627861302,225.98499037213858,0.10867930373596492,972.89132069626532,972.89132069626532,1763.286754004484,3414.7132459955196,3414.7132459955196,16.600000000000001
135.5,116,3.7209751493842571,33.954225190658732,25.438595698862379,2.2709132671762084,0.14494251902780844,52.908943873753003,6.8638116028581653,67.372793038322726,9.936167608955861,226.06383239104406,0.10623355567189141,972.89376644432934,972.89376644432934,1758.6842536447082,3419.3157463552948,3419.3157463552948,16.600000000000001
135.75,116,3.7238064091303724,34.002933015473928,25.332537290406613,2.2666958340767032,0.1447914326879344,52.861773308631072,6.8584716087193378,67.535730525478627,9.8580145692699848,226.14198543072993,0.10384491951150492,972.89615508048985,972.89615508048985,1754.0973250508223,3423.9026749491809,3423.9026749491809,16.600000000000001
136,116,3.7266720720858695,34.051749647340905,25.226769808086427,2.2624854110489241,0.14464116123269752,52.814451708291621,6.8531109576102525,67.698540953730372,9.7805442333879427,226.21945576661196,0.10151202350069391,972.89848797650063,972.89848797650063,1749.5259228092341,3428.4740771907691,3428.4740771907691,16.600000000000001
136.25,116,3.7295718750509299,34.100674665747206,25.121292967441583,2.2582818893583152,0.14449169376360041,52.766979876079965,6.8477297397656764,67.861223833591154,9.7037503829737375,226.29624961702618,0.099233529534404688,972.90076647046692,972.90076647046692,1744.9700015513463,3433.0299984486569,3433.0299984486569,16.600000000000001
136.5,116,3.7325055574174475,34.14970765091023,25.016106485486411,2.2540851617437832,0.14434301951308645,52.719358610415469,6.8423280451278341,68.023778677713707,9.6276268562852216,226.3723731437147,0.097008132318955928,972.90299186768232,972.90299186768232,1740.4295159546166,3437.5704840453868,3437.5704840453868,16.600000000000001
136.75,116,3.7354728611387009,34.198848183753164,24.911210080663341,2.2498951224008272,0.14419512784269292,52.671588704864632,6.8369059633453739,68.186205000883433,9.552167547691397,226.44783245230852,0.094834558556435522,972.90516544144475,972.90516544144475,1735.9044207436075,3442.0955792563955,3442.0955792563955,16.600000000000001
137,116,3.7384735306993142,34.248095845882169,24.806603472796944,2.2457116669671788,0.14404800824032879,52.623670948211021,6.831463583773961,68.348502320010851,9.4773664071932977,226.52263359280661,0.092711566142222826,972.90728843385898,972.90728843385898,1731.3946706910363,3446.6053293089667,3446.6053293089667,16.600000000000001
137.25,116,3.7415073130855987,34.297450219562648,24.70228638304841,2.24153469250605,0.14390165031865837,52.575606124527049,6.8260009954752849,68.510670154124838,9.4032174399476887,226.59678256005222,0.090637943391461043,972.90936205660978,972.90936205660978,1726.9002206187954,3451.099779381208,3451.099779381208,16.600000000000001
137.5,116,3.7445739577562365,34.34691088769538,24.598258533870382,2.2373640974887783,0.1437560438138622,52.527395013245751,6.8205182872156245,68.672708024365903,9.3297147057938474,226.67028529420605,0.08861250828804447,972.91138749171319,972.91138749171319,1722.421025398955,3455.5789746010478,3455.5789746010478,16.600000000000001
137.75,116,3.7476732166132365,34.39647743379399,24.494519648962356,2.2331997817802227,0.14361117858342343,52.479038389229139,6.8150155474661958,68.834615453978969,9.2568523187839578,226.74314768121596,0.08663410774457822,972.91336589225659,972.91336589225659,1717.9570399547681,3460.0429600452348,3460.0429600452348,16.600000000000001
138,116,3.7508048439732349,34.446149441962312,24.391069453226486,2.2290416466235667,0.14346704460428472,52.430537022836603,6.8094928644030741,68.99639196830627,9.1846244467165938,226.81537555328333,0.084701616883959621,972.91529838311737,972.91529838311737,1713.5082192616578,3464.4917807383449,3464.4917807383449,16.600000000000001
138.25,116,3.7539685965391065,34.495926496871697,24.287907672723787,2.2248895946242198,0.14332363197134107,52.38189167999365,6.80395032590675,69.158037094780553,9.1130253106735566,226.88697468932634,0.082813938337170739,972.9171860616641,972.9171860616641,1709.0745183481852,3468.9254816518178,3468.9254816518178,16.600000000000001
138.5,116,3.757164233371916,34.545808183737527,24.185034034630728,2.2207435297309988,0.14318093089675535,52.333103122262813,6.7983880195605213,69.319550362918477,9.0420491845602839,226.95795081543963,0.080970001553805751,972.9190299984474,972.9190299984474,1704.655892296988,3473.3441077030152,3473.3441077030152,16.600000000000001
138.75,116,3.7603915158631125,34.595794088298895,24.082448267196469,2.2166033572264383,0.1430389317068963,52.28417210690467,6.7928060326529032,69.480931304312918,8.9716903946484159,227.02830960535147,0.079168762144993091,972.92083123785631,972.92083123785631,1700.2522962457572,3477.7477037542462,3477.7477037542462,16.600000000000001
139,116,3.7636502077070837,34.645883796796213,23.980150099700325,2.212468983710421,0.14289762484116644,52.235099386945123,6.78720445217715,69.64217945262611,8.9019433191223563,227.09805668087753,0.077409201231559463,972.92259079876965,972.92259079876965,1695.8636853881601,3482.1363146118429,3482.1363146118429,16.600000000000001
139.25,116,3.7669400748739963,34.696076895949595,23.878139262409729,2.2083403170852294,0.14275700085052939,52.185885711240665,6.7815833648314099,69.803294343582735,8.8328023876289343,227.16719761237098,0.075690324810793824,972.92430967519044,972.92430967519044,1691.4900149747609,3486.5099850252423,3486.5099850252423,16.600000000000001
139.5,116,3.7702608855829332,34.746372972937436,23.77641548653861,2.2042172665410713,0.14261705039599668,52.136531824542573,6.7759428570191016,69.964275514962949,8.7642620808302105,227.23573791916968,0.074011163139535083,972.92598883686162,972.92598883686162,1687.131240313927,3490.8687596860764,3490.8687596860764,16.600000000000001
139.75,116,3.7736124102753048,34.796771615376159,23.674978504206191,2.2000997425454822,0.14247776424640113,52.087038467556667,6.770283014850353,70.125122506595204,8.6963169299597158,227.30368307004017,0.072370770126556461,972.9276292298747,972.9276292298747,1682.7873167727287,3495.2126832272747,3495.2126832272747,16.600000000000001
140,116,3.776994421588586,34.84727241129881,23.573828048396216,2.1959876568273549,0.14233913327733125,52.037406377007933,6.764603924142059,70.285834860349397,8.628961516381553,227.37103848361835,0.070768222749655829,972.92923177725152,972.92923177725152,1678.4581997778184,3499.5418002221845,3499.5418002221845,16.600000000000001
140.25,116,3.7804066943303423,34.897874949134248,23.472963852916543,2.191880922362115,0.14220114846990389,51.987636285703402,6.7589056704182839,70.446412120130049,8.5621904711526842,227.4378095288472,0.069202620485980249,972.9307973795153,972.9307973795153,1674.1438448162999,3503.8561551837033,3503.8561551837033,16.600000000000001
140.5,116,3.7838490054525193,34.948578817687,23.372385652359192,2.187779453359445,0.14206380090909068,51.937728922591958,6.7531883389113609,70.606853831869245,8.4959984745885819,227.5040015254113,0.067673084752851664,972.93232691524838,972.93232691524838,1669.8442074365846,3508.1557925634188,3508.1557925634188,16.600000000000001
140.75,116,3.7873211340260253,34.999383606117107,23.272093182060779,2.1836831652502178,0.14192708178227392,51.887685012824385,6.7474520145628194,70.767159543519824,8.430380255831956,227.56961974416794,0.06617875836446703,972.93382124163679,972.93382124163679,1665.5592432492376,3512.4407567507656,3512.4407567507656,16.600000000000001
141,116,3.7908228612155841,35.050288903920325,23.172086178063374,2.1795919746729191,0.14179098237778254,51.837505277813399,6.7416967820245528,70.927328805048262,8.3653305924248116,227.63466940757507,0.064718805000076957,972.93528119500127,972.93528119500127,1661.2889079278127,3516.7110920721902,3516.7110920721902,16.600000000000001
141.25,116,3.7943539702548525,35.10129430090857,23.072364377075722,2.1755057994595246,0.14165549408340347,51.78719043529366,6.7359227256602567,71.087361168427734,8.3008443098838072,227.6991556901161,0.063292408683201795,972.93670759131805,972.93670759131805,1657.033157209677,3520.9668427903257,3520.9668427903257,16.600000000000001
141.5,116,3.7979142464218572,35.152399387190378,22.972927516434908,2.1714245586251004,0.14152060838510472,51.736741199377576,6.7301299295461883,71.247256187631422,8.2369162812779795,227.7630837187219,0.06189877328493687,972.9381012267163,972.9381012267163,1652.7919468968114,3525.2080531031916,3525.2080531031916,16.600000000000001
141.75,116,3.801503477014661,35.203603753151782,22.873775334068377,2.167348172354512,0.14138631686560085,51.686158280613455,6.7243184774726945,71.407013418625667,8.1735414268102815,227.82645857318963,0.060537122030390862,972.93946287797087,972.93946287797087,1648.5652328566105,3529.4347671433925,3529.4347671433925,16.600000000000001
142,116,3.8051214513273073,35.254906989437458,22.774907568456385,2.1632765619900622,0.14125261120297142,51.635442386042214,6.7184884529456728,71.566632419363003,8.1107147134020767,227.88928528659781,0.059206697019879774,972.94079330298143,972.94079330298143,1644.3529710226678,3533.6470289773351,3533.6470289773351,16.600000000000001
142.25,116,3.8087679606260312,35.306308686931949,22.676323958594789,2.159209650019287,0.14111948316935419,51.58459421925339,6.7126399391880014,71.726112749775481,8.0484311542807383,227.95156884571915,0.057906758762119669,972.94209324123926,972.94209324123926,1640.1551173955477,3537.844882604456,3537.844882604456,16.600000000000001
142.5,116,3.8124427981257663,35.357808436740022,22.578024243958168,2.1551473600619446,0.14098692463069526,51.533614480441578,6.706773019138967,71.885453971768953,7.9866858085706234,228.01331419142926,0.056636585714206676,972.94336341428709,972.94336341428709,1635.9716280435118,3542.0283719564914,3542.0283719564914,16.600000000000001
142.75,116,3.8161457589668508,35.409405830169256,22.480008164463484,2.1510896168588594,0.14085492754469114,51.482503866460355,6.7008877754574199,72.044655649215485,7.9254737808866729,228.07452621911321,0.055395473841998749,972.94460452615931,972.94460452615931,1631.8024591032938,3546.1975408967096,3546.1975408967096,16.600000000000001
143,116,3.8198766401920103,35.461100458712018,22.382275460434045,2.1470363462601938,0.1407234839595215,51.43126307087627,6.6949842905234638,72.203717347946807,7.8647902209312734,228.13520977906862,0.054182736188050258,972.9458172638133,972.9458172638133,1627.6475667808324,3550.3524332191705,3550.3524332191705,16.600000000000001
143.25,116,3.8236352407236098,35.512891914027286,22.284825872563808,2.1429874752135358,0.14059258601294872,51.37989278402263,6.6890626464395107,72.362638635747871,7.8046303230942762,228.19536967690561,0.052997702448910423,972.94700229755244,972.94700229755244,1623.5069073519892,3554.4930926480142,3554.4930926480142,16.600000000000001
143.5,116,3.8274213613411527,35.56477978792288,22.187659141882115,2.138942931752291,0.14046222593125582,51.328393693052433,6.6831229250317739,72.521419082350434,7.7449893260560225,228.25501067394384,0.051839718564113804,972.94816028143725,972.94816028143725,1619.3804371632536,3558.61956283675,3558.61956283675,16.600000000000001
143.75,116,3.8312348046589824,35.616763672338841,22.090775009718794,2.1349026449858739,0.14033239602735376,51.27676648198895,6.6771652078533199,72.680058259426005,7.6858625123935376,228.31413748760633,0.050708146313163678,972.94929185368812,972.94929185368812,1615.2681126324605,3562.7318873675422,3562.7318873675422,16.600000000000001
144,116,3.8350753751042359,35.668843159331118,21.994173217669665,2.1308665450901105,0.14020308869887915,51.22501183177566,6.6711895761872322,72.838555740578755,7.6272452081897475,228.37275479181011,0.049602362922554342,972.95039763707871,972.95039763707871,1611.1698902494938,3566.8301097505091,3566.8301097505091,16.600000000000001
144.25,116,3.8389428788951419,35.721017841052678,21.897853507562299,2.126834563293047,0.14007429642877967,51.173130420330359,6.6651961110454359,72.996911101340388,7.5691327826453954,228.43086721735446,0.048521760689545841,972.95147823931165,972.95147823931165,1607.0857265769239,3570.9142734230786,3570.9142734230786,16.600000000000001
144.5,116,3.8428371240194532,35.773287309737675,21.801815621422204,2.1228066318657817,0.13994601178339097,51.121122922593706,6.6591848931720579,73.155123919163159,7.5115206476942937,228.48847935230555,0.047465746608585123,972.95253425339263,972.95253425339263,1603.0155782506927,3574.9844217493101,3574.9844217493101,16.600000000000001
144.75,116,3.8467579202131419,35.825651157685066,21.706059301439424,2.1187826841121304,0.13981822741121802,51.068990010578446,6.6531560030456296,73.313193773413445,7.4544042576214853,228.54559574237837,0.046433742009097258,972.95356625799207,972.95356625799207,1598.9594019807678,3579.0405980192349,3579.0405980192349,16.600000000000001
145,116,3.8507050789393369,35.878108977242285,21.610584289935453,2.1147626543580254,0.13969093604189192,51.016732353418455,6.6471095208810418,73.471120245365441,7.3977791086844169,228.60222089131545,0.045425182202043557,972.95457481779908,972.95457481779908,1594.9171545517847,3583.082845448218,3583.082845448218,16.600000000000001
145.25,116,3.8546784133675396,35.930660360787485,21.515390329330355,2.110746477937175,0.13956413048662003,50.964350617421182,6.6410455266289974,73.628902918195962,7.3416407387373548,228.65835926126249,0.044439516131603483,972.95556048386959,972.95556048386959,1590.8887928236454,3587.1112071763573,3587.1112071763573,16.600000000000001
145.5,116,3.8586777383529718,35.98330490071536,21.420477162110554,2.1067340911848724,0.13943780363559199,50.91184546611121,6.6349640999808184,73.786541376977254,7.2859847268582048,228.71401527314168,0.043476206043343693,972.95652379395779,972.95652379395779,1586.874273732172,3591.1257262678309,3591.1257262678309,16.600000000000001
145.75,116,3.8627028704162067,36.036042189421337,21.325844530796765,2.1027254314274106,0.13931194845712641,50.859217560277919,6.6288653203703038,73.944035208670769,7.2308066929785637,228.76919330702131,0.042534727156477645,972.95746527284462,972.95746527284462,1582.8735542897114,3595.1264457102916,3595.1264457102916,16.600000000000001
146,116,3.8667536277230248,36.088871819285842,21.231492177912333,2.0987204369713242,0.13918655799694696,50.806467558022867,6.6227492669754326,74.101384002121392,7.1761022975167572,228.82389770248312,0.041614567344135302,972.958385432657,972.958385432657,1578.8865915857282,3599.113408414275,3599.113408414275,16.600000000000001
146.25,116,3.8708298300644914,36.141793382658925,21.137419845951882,2.0947190470932786,0.13906162537727026,50.75359611480603,6.6166160187204524,74.258587348051378,7.1218672410137263,228.87813275898614,0.040715226822271848,972.95928477317887,972.95928477317887,1574.9133427873901,3603.0866572126129,3603.0866572126129,16.600000000000001
146.5,116,3.874931298837228,36.19480647184578,21.043627277350389,2.0907212020321397,0.13893714379541808,50.700603883489443,6.6104656542787117,74.415644839054195,7.0680972637719295,228.93190273622795,0.039836217844033892,972.96016378215711,972.96016378215711,1570.9537651401477,3607.0462348598553,3607.0462348598553,16.600000000000001
146.75,116,3.879057857023922,36.247910679091909,20.950114214452515,2.0867268429797172,0.13881310652280016,50.647491514381656,6.6042982520750053,74.5725560695886,7.0147881454970502,228.98521185450284,0.038977064403410325,972.96102293559761,972.96102293559761,1567.007815968301,3610.992184031702,3610.992184031702,16.600000000000001
147,116,3.8832093291740724,36.301105596567936,20.856880399482332,2.0827359120687485,0.13868950690462023,50.594259655284631,6.5981138902869416,74.729320635973039,6.9619357049424728,229.03806429505741,0.03813730194966055,972.9618626980515,972.9618626980515,1563.0754526755463,3614.9245473244569,3614.9245473244569,16.600000000000001
147.25,116,3.8873855413849165,36.354390816355462,20.763925574513344,2.0787483523648307,0.13856633835867441,50.540908951536125,6.5919126468476534,74.885938136379664,6.9095357995567666,229.09046420044311,0.03731647710462143,972.96268352289644,972.96268352289644,1559.1566327455232,3618.8433672544802,3618.8433672544802,16.600000000000001
147.5,116,3.8915863212825812,36.407765930432873,20.671249481438931,2.0747641078572787,0.13844359437446141,50.487440046052811,6.5856945994480967,75.042408170828722,6.8575843251339732,229.1424156748659,0.036514147388507452,972.96348585261251,972.96348585261251,1555.2513137423459,3622.7486862576575,3622.7486862576575,16.600000000000001
147.75,116,3.895811498003428,36.461230530661489,20.578851861943022,2.0707831234499681,0.13832126851221885,50.433853579372894,6.579459825539594,75.19873034118261,6.8060772154667619,229.19392278453313,0.03572988095208076,972.96427011904905,972.96427011904905,1551.3594533111304,3626.6405466888727,3626.6405466888727,16.600000000000001
148,116,3.9000609021755852,36.514784208772362,20.486732457471231,2.0668053449515424,0.13819935440154837,50.380150189698959,6.5732084023373867,75.354904251139629,6.755010442002594,229.24498955799729,0.034963256312925878,972.96503674368819,972.96503674368819,1547.4810091785241,3630.5189908214793,3630.5189908214793,16.600000000000001
148.25,116,3.9043343659007457,36.568426556352144,20.39489100920218,2.0628307190676107,0.13807784574105805,50.326330512938448,6.5669404068218524,75.510929506229161,6.7043800135022202,229.29561998649768,0.034213862104650439,972.96578613789632,972.96578613789632,1543.6159391531903,3634.3840608468126,3634.3840608468126,16.600000000000001
148.5,116,3.9086317227361254,36.622157164829957,20.303327258019277,2.0588591933918194,0.13795673629732177,50.272395182744773,6.5606559157413731,75.666805713805743,6.654181975701265,229.34581802429864,0.033481296828205574,972.96651870317282,972.96651870317282,1539.7642011263069,3638.2357988736962,3638.2357988736962,16.600000000000001
148.75,116,3.9129528076766187,36.675975625464453,20.212040944482737,2.0548907163971748,0.1378360199039006,50.218344830557854,6.5543550056151059,75.822532483043531,6.6044124109745646,229.39558758902533,0.032765168609873531,972.96723483139124,972.96723483139124,1535.9257530720547,3642.0742469279485,3642.0742469279485,16.600000000000001
149,116,3.9172974571371588,36.729881529330967,20.121031808801998,2.0509252374275642,0.13771569046041049,50.164180085643892,6.5480377527356897,75.97810942493075,6.5550674380032437,229.44493256199664,0.032065094965634824,972.96793490503535,972.96793490503535,1532.100553048092,3645.8994469519107,3645.8994469519107,16.600000000000001
149.25,116,3.9216655089353245,36.78387446730752,20.030299590808323,2.0469627066880713,0.13759574193290874,50.10990157513617,6.541704233169348,76.133536152265492,6.506143211444618,229.49385678855526,0.031380702569226031,972.96861929743181,972.96861929743181,1528.2885591959878,3649.7114408040152,3649.7114408040152,16.600000000000001
149.5,116,3.9260568022740778,36.837954030062591,19.93984402992783,2.0430030752369199,0.13747616835275903,50.05550992407364,6.5353545227590937,76.28881227965006,6.4576359216047186,229.54236407839517,0.030711627028604378,972.96928837297241,972.96928837297241,1524.4897297416812,3653.5102702583213,3653.5102702583213,16.600000000000001
149.75,116,3.930471177724673,36.892119808043802,19.849664865154935,2.0390462949779717,0.13735696381503074,50.001005755438513,6.5289886971289031,76.443937423484954,6.4095417941134727,229.59045820588642,0.030057512668886743,972.9699424873321,972.9699424873321,1520.7040229959518,3657.2959770040511,3657.2959770040511,16.600000000000001
150,116,3.9349084772098162,36.946371391465071,19.759761835025952,2.0350923186518917,0.13723812247834918,49.946389690194863,6.5226068316850245,76.598911201964228,6.3618570896026885,229.63814291039719,0.029418012318367968,972.97058198768264,972.97058198768264,1516.931397354834,3661.0686026451685,3661.0686026451685,16.600000000000001
150.25,116,3.9393685439869874,37.000708370294539,19.670134677593065,2.0311410998278623,0.13711963856428097,49.891662347326324,6.5162090016182557,76.753733235070527,6.3145781033866824,229.68542189661321,0.028792787100772602,972.97120721290025,972.97120721290025,1513.1718113000413,3664.8281886999612,3664.8281886999612,16.600000000000001
150.5,116,3.9438512226319302,37.055130334243309,19.58078313039865,2.0271925928962116,0.13700150635621333,49.83682434387233,6.5097952819072109,76.908403144569704,6.2677011651456054,229.7322988348543,0.028181506232098263,972.97181849376898,972.97181849376898,1509.4252233993896,3668.5747766006129,3668.5747766006129,16.600000000000001
150.75,116,3.9483563590222639,37.109636872755793,19.491706930449983,2.0232467530632117,0.13688372019691092,49.781876294961819,6.5033657473241089,77.062920554004279,6.2212226386115015,229.77877736138839,0.027583846820970235,972.97241615318012,972.97241615318012,1505.6915923072427,3672.3084076927598,3672.3084076927598,16.600000000000001
151,116,3.9528838003214539,37.164227574995806,19.402905814194028,2.0193035363396565,0.13676627449015208,49.72681881385293,6.4969204724329002,77.217285088690659,6.1751389212567123,229.8248610787432,0.026999493678739793,972.97300050632225,972.97300050632225,1501.9708767648558,3676.0291232351465,3676.0291232351465,16.600000000000001
151.25,116,3.9574333949628291,37.218902029836343,19.314379517492714,2.0153628995344319,0.13664916369922814,49.671652511967167,6.4904595315933395,77.371496375713448,6.1294464439851231,229.87055355601478,0.026428139130737736,972.97357186087027,972.97357186087027,1498.2630356007814,3679.7369643992211,3679.7369643992211,16.600000000000001
151.5,116,3.962004992633795,37.273659825848931,19.226127775598499,2.0114248002473185,0.13653238234601184,49.616377998923944,6.4839829989640041,77.52555404392055,6.0841416708259475,229.91585832917394,0.025869482832932087,972.97413051716808,972.97413051716808,1494.5680277312536,3683.4319722687487,3683.4319722687487,16.600000000000001
151.75,116,3.9665984442602316,37.328500551293004,19.138150323130208,2.0074891968616835,0.1364159250101579,49.560995882574929,6.4774909485050989,77.679457723918233,6.0392210986301036,229.96077890136982,0.025323231593278588,972.97467676840779,972.97467676840779,1490.8858121605622,3687.1141878394405,3687.1141878394405,16.600000000000001
152,116,3.9712136019911144,37.383423794103919,19.050446894049117,2.0035560485341426,0.13629978632978271,49.505506769041034,6.4709834539785804,77.833207048067649,5.9946812567692858,230.00531874323062,0.024789099195630722,972.97521090080545,972.97521090080545,1487.216347981383,3690.7836520186197,3690.7836520186197,16.600000000000001
152.25,116,3.9758503191832335,37.43842914188361,18.96301722163545,1.9996253151890369,0.13618396099991664,49.449911262744195,6.4644605889523756,77.986801650479336,5.950518706837383,230.04948129316256,0.024266806230905401,972.97573319377011,972.97573319377011,1483.5595943751525,3694.4404056248509,3694.4404056248509,16.600000000000001
152.5,116,3.9805084503860875,37.49351618189101,18.875861038465192,1.995696957512167,0.13606844377135163,49.394209966439384,6.4579224268038944,78.140241167008327,5.9067300423544511,230.09326995764548,0.023756079932008223,972.97624392006901,972.97624392006901,1479.915510612421,3698.0844893875824,3698.0844893875824,16.600000000000001
152.75,116,3.9851878513269869,37.548684501031616,18.788978076387107,1.9917709369426171,0.13595322945043453,49.338403481248342,6.4513690407218478,78.293525235249973,5.8633118884733113,230.13668811152661,0.023256654011711196,972.97674334598923,972.97674334598923,1476.2840560531806,3701.7159439468228,3701.7159439468228,16.600000000000001
153,116,3.9898883788963073,37.603933685847771,18.702368066500103,1.9878472156654823,0.13583831289847639,49.282492406691958,6.4448005037087839,78.446653494535511,5.8202609016885916,230.17973909831133,0.022768268505113563,972.97723173149586,972.97723173149586,1472.6651901471928,3705.3348098528099,3705.3348098528099,16.600000000000001
153.25,116,3.9946098911329004,37.659263322509176,18.616030739130888,1.9839257566054509,0.13572368903101126,49.226477340721452,6.4382168885838187,78.599625585927697,5.7775737695482823,230.22242623045165,0.022290669615367742,972.97770933038566,972.97770933038566,1469.0588724343065,3708.9411275656967,3708.9411275656967,16.600000000000001
153.5,116,3.9993522472096648,37.714672996803912,18.529965823811938,1.9800065234212745,0.13560935281689851,49.17035887974825,6.4316182679855913,78.752441152216349,5.7352472103677901,230.26475278963213,0.021823609562550739,972.97817639043853,972.97817639043853,1465.4650625447728,3712.5349374552302,3712.5349374552302,16.600000000000001
153.75,116,4.0041153074193074,37.77016229412861,18.444173049259728,1.9760894804964226,0.13549529927827561,49.114137618677383,6.4250047143741051,78.905099837914406,5.6932779729463157,230.30672202705361,0.021366846439572991,972.97863315356153,972.97863315356153,1461.8837201995414,3716.1162798004616,3716.1162798004616,16.600000000000001
154,116,4.0088989331602383,37.825730799479757,18.358652143353261,1.9721745929332,0.13538152348980467,49.057814150936998,6.4183763000334872,79.057601289253554,5.6516628362857775,230.34833716371415,0.020920144068875234,972.97907985593224,972.97907985593224,1458.3148052105555,3719.6851947894475,3719.6851947894475,16.600000000000001
154.25,116,4.0137029869226337,37.881378097444802,18.273402833112925,1.9682618265461307,0.13526802057811207,49.001389068508317,6.4117330970745039,79.209945154180318,5.6103986093121234,230.3896013906878,0.020483271863389434,972.9795167281377,972.9795167281377,1454.7582774810392,3723.2417225189638,3723.2417225189638,16.600000000000001
154.5,116,4.0185273322746493,37.937103772193637,18.188424844679606,1.9643511478553572,0.13515478572120496,48.944862961955145,6.4050751774371451,79.362131082351851,5.5694821305990523,230.43051786940089,0.020056004690940033,972.97994399531012,972.97994399531012,1451.2140970057749,3726.7859029942279,3726.7859029942279,16.600000000000001
154.75,116,4.0233718338487376,37.992907407471208,18.103717903294136,1.9604425240799406,0.13504181414701866,48.88823642045309,6.3984026128951603,79.514158725130955,5.5289102680942488,230.47108973190569,0.01963812274050012,972.98036187726052,972.98036187726052,1447.6822238714017,3730.3177761286011,3730.3177761286011,16.600000000000001
155,116,4.0282363573282165,38.048788586588522,18.019281733276987,1.95653592313158,0.13492910113351833,48.831510031818155,6.3917154750571443,79.666027735582915,5.4886799188477617,230.51132008115218,0.019229411394474882,972.98077058860656,972.98077058860656,1444.1626182566588,3733.8373817433444,3733.8373817433444,16.600000000000001
155.25,116,4.033120769433939,38.104746892414695,17.935116058008237,1.9526313136082787,0.13481664200815041,48.774684382534936,6.3850138353690733,79.81773776847163,5.4487880087428211,230.55121199125711,0.018829661103078661,972.98117033889798,972.98117033889798,1440.6552404326401,3737.3447595673629,3737.3447595673629,16.600000000000001
155.5,116,4.0380249379111053,38.16078190736939,17.851220599907862,1.948728664788042,0.134704432147008,48.717760057784446,6.3782977651174928,79.969288480255457,5.4092314922290425,230.59076850777089,0.018438667261375462,972.98156133273972,972.98156133273972,1437.1600507630528,3740.8399492369504,3740.8399492369504,16.600000000000001
155.75,116,4.042948731516228,38.216893213415425,17.767595080416307,1.9448279466226979,0.13459246697415272,48.660737641471485,6.3715673354323634,80.120679529083304,5.3700073520579243,230.629992647942,0.018056230089694831,972.98194376991148,972.98194376991148,1433.6770097044603,3744.3229902955427,3744.3229902955427,16.600000000000001
156,116,4.0478920200042925,38.273080392050367,17.684239219975264,1.9409291297309297,0.13448074196188806,48.603617716252515,6.3648226172879507,80.271910574791761,5.3311125990206687,230.66888740097929,0.017682154516329218,972.98231784548489,972.98231784548489,1430.2060778064968,3747.7939221935067,3747.7939221935067,16.600000000000001
156.25,116,4.0528546741160518,38.329343024298382,17.601152738008732,1.9370321853913393,0.13436925263106722,48.546400863563143,6.3580636815036513,80.422981278902355,5.2925442716882944,230.70745572831163,0.01731625006312024,972.98268374993802,972.98268374993802,1426.7472157120692,3751.2527842879335,3751.2527842879335,16.600000000000001
156.5,116,4.0578365655653581,38.385680690705264,17.518335352904561,1.9331370855380203,0.13425799454869533,48.48908766364265,6.351290598750408,80.573891304615969,5.2542994361539623,230.74570056384599,0.016958330735885447,972.98304166926528,972.98304166926528,1423.3003841576301,3754.6996158423731,3754.6996158423731,16.600000000000001
156.75,116,4.0628375670267545,38.442092971330531,17.435786781996043,1.9292438027536638,0.13414696332832848,48.431678695560713,6.3445034395513673,80.724640316810195,5.2163751857776077,230.78362481422235,0.016608214915574057,972.98339178508559,972.98339178508559,1419.8655439733639,3758.1344560266393,3758.1344560266393,16.600000000000001
157,116,4.0678575521231721,38.498579445740575,17.353506741543871,1.9253523102633994,0.13403615462972682,48.374174537243121,6.3377022742840756,80.875227982036108,5.1787686409328133,230.82123135906716,0.016265725252699995,972.98373427474849,972.98373427474849,1416.4426560833892,3761.5573439166142,3761.5573439166142,16.600000000000001
157.25,116,4.0728963954137631,38.555139693002168,17.271494946718374,1.9214625819289604,0.13392556415831081,48.316575765496793,6.3308871731830783,81.025653968514774,5.1414769487558969,230.85852305124405,0.015930688564289173,972.98406931143688,972.98406931143688,1413.0316815059582,3764.968318494045,3764.968318494045,16.600000000000001
157.5,116,4.0779539723817777,38.611773291678354,17.189751111582112,1.917574592245415,0.13381518766271233,48.258882956031734,6.3240582063462636,81.175917946132046,5.104497282897289,230.89550271710266,0.015602935732255943,972.98439706426882,972.98439706426882,1409.6325813536964,3768.3674186463068,3768.3674186463068,16.600000000000001
157.75,116,4.0830301594227647,38.668479819820035,17.108274949072563,1.9136883163327778,0.13370502093629957,48.20109668348811,6.3172154437333807,81.326019586437155,5.0678268432749469,230.93217315672501,0.015282301606612911,972.98471769839443,972.98471769839443,1406.2453168337395,3771.7546831662639,3771.7546831662639,16.600000000000001
158,116,4.0881248338328087,38.725258854960309,17.027066170985176,1.9098037299306165,0.13359505981646635,48.143217521459789,6.3103589551689607,81.475958562639292,5.0314628558300267,230.96853714416991,0.014968624909801925,972.98503137509135,972.98503137509135,1402.8698492479148,3775.1301507520884,3775.1301507520884,16.600000000000001
158.25,116,4.0932378737968813,38.78210997410909,16.946124487956713,1.9059208093929147,0.13348530018378391,48.085246042517319,6.3034888103455069,81.625734549604061,4.9954025722847257,231.00459742771523,0.014661748143328367,972.9853382518578,972.9853382518578,1399.5061399929255,3778.4938600070777,3778.4938600070777,16.600000000000001
158.5,116,4.0983691583773494,38.839032753747631,16.865449609448838,1.9020395316826579,0.13337573796141924,48.027182818230941,6.296605078826162,81.775347223850275,4.9596432699022479,231.0403567300977,0.014361517496886467,972.98563848250421,972.98563848250421,1396.1541505605167,3781.8458494394868,3781.8458494394868,16.600000000000001
158.75,116,4.103518567502646,38.896026769822257,16.785041243731943,1.8981598743648112,0.13326636911544595,47.969028419194828,6.2897078300456943,81.924796263547577,4.9241822512489541,231.07581774875098,0.014067782759041804,972.98593221724207,972.98593221724207,1392.8138425376178,3785.1861574623854,3785.1861574623854,16.600000000000001
159,116,4.1086859819560422,38.953091597739032,16.704899097869252,1.8942818156005277,0.13315718965452894,47.910783415049856,6.2827971333126529,82.074081348513474,4.8890168439585837,231.11098315604133,0.013780397230598464,972.98621960277046,972.98621960277046,1389.4851776064934,3788.5148223935098,3788.5148223935098,16.600000000000001
159.25,116,4.1138712833645013,39.010226812359853,16.625022877701284,1.8904053341437215,0.13304819562837233,47.852448374503538,6.2758730578138655,82.22320216020951,4.8541444004985088,231.14585559950143,0.013499217641076646,972.98650078236005,972.98650078236005,1386.1681175449135,3791.8318824550897,3791.8318824550897,16.600000000000001
159.5,116,4.1190743541877328,39.067431987997018,16.545412287830487,1.8865304093345978,0.13293938312782289,47.794023865352813,6.2689356726158065,82.372158381738757,4.8195622979381634,231.18043770206177,0.01322410406600277,972.98677589593501,972.98677589593501,1382.8626242262822,3795.137375773721,3795.137375773721,16.600000000000001
159.75,116,4.1242950777073339,39.12470669840846,16.466067031606133,1.8826570210941898,0.13283074828446303,47.735510454505544,6.2619850466669282,82.520949697843037,4.7852679377194969,231.21473206228043,0.012954919846650634,972.98704508015453,972.98704508015453,1379.5686596197727,3798.4313403802303,3798.4313403802303,16.600000000000001
160,116,4.1295333380160777,39.182050516793247,16.386986811109541,1.8787851499191563,0.13272228727020069,47.676908708001307,6.2550212487999506,82.66957579490014,4.751258745429487,231.24874125457046,0.012691531511614326,972.98730846848946,972.98730846848946,1376.2861857904534,3801.71381420955,3801.71381420955,16.600000000000001
160.25,116,4.1347890200073074,39.239463015787258,16.308171327139455,1.8749147768777545,0.13261399629678675,47.618219191030882,6.2480443477340524,82.818036360921354,4.7175321705746969,231.28246782942526,0.012433808699555142,972.98756619130154,972.98756619130154,1373.0151648994067,3804.9848351005962,3804.9848351005962,16.600000000000001
160.5,116,4.1400620093644616,39.296943767458856,16.2296202791978,1.8710458836030943,0.13250587161556127,47.559442467958014,6.2410544120771698,82.966331085548646,4.6840856863578226,231.31591431364214,0.01218162408569618,972.98781837591548,972.98781837591548,1369.7555592038484,3808.2444407961548,3808.2444407961548,16.600000000000001
160.75,116,4.145352192550722,39.354492343304855,16.151333365475629,1.8671784522882944,0.13239790951707361,47.500579102339046,6.2340515103281557,83.114459660052091,4.650916789456252,231.34908321054371,0.011934853308910648,972.98806514669229,972.98806514669229,1366.5073310572361,3811.4926689427671,3811.4926689427671,16.600000000000001
161,116,4.1506594567987802,39.41210831424663,16.073310282839341,1.8633124656815012,0.1322901063307356,47.441629656942339,6.2270357108788943,83.262421777327475,4.6180229998026165,231.38197700019734,0.011693374900735173,972.98830662510045,972.98830662510045,1363.2704429093712,3814.7295570906317,3814.7295570906317,16.600000000000001
161.25,116,4.1559836901007214,39.4697912506264,15.995550726817136,1.8594479070808332,0.13218245842449761,47.382594693767537,6.2200070820164015,83.410217131893887,4.585401860367317,231.41459813963263,0.011457070216223169,972.9885429297849,972.9885429297849,1360.0448573064969,3817.9551426935063,3817.9551426935063,16.600000000000001
161.5,116,4.1613247811979726,39.527540722204684,15.918054391585821,1.8555847603295224,0.13207496220359125,47.323474774064223,6.2129656919270051,83.557845419890114,4.5530509369430545,231.44694906305691,0.011225823365853304,972.98877417663516,972.98877417663516,1356.8305368914168,3821.1694631085861,3821.1694631085861,16.600000000000001
161.75,116,4.1666826195714393,39.585356298156768,15.840820969957786,1.8517230098109425,0.13196761411037872,47.264270458350467,6.2059116086980302,83.705306339072678,4.5209678179312434,231.47903218206872,0.010999521149876391,972.98900047885115,972.98900047885115,1353.6274444035776,3824.3725555964256,3824.3725555964256,16.600000000000001
162,116,4.1720570954317555,39.643237547068914,15.763850153368198,1.8478626404436387,0.13186041062453965,47.204982306431148,6.1988449003187158,83.852599588814059,4.489150114130311,231.51084988586965,0.010778052994528893,972.98922194700663,972.98922194700663,1350.4355426791331,3827.5644573208697,3827.5644573208697,16.600000000000001
162.25,116,4.1774480997096122,39.701184036935942,15.687141631862541,1.8440036376765747,0.13175334826223273,47.145610877415635,6.1917656346834242,83.999724870099897,4.4575954585259847,231.54240454147399,0.010561310889129325,972.98943868911192,972.98943868911192,1347.2547946510374,3830.7452053489656,3830.7452053489656,16.600000000000001
162.5,116,4.1828555240462046,39.759195335158537,15.610695094084365,1.8401459874843846,0.131646423575599,47.086156729735265,6.1846738795940803,84.146681885526604,4.4263015060834512,231.57369849391651,0.010349189324976714,972.98965081067604,972.98965081067604,1344.0851633491191,3833.9148366508839,3833.9148366508839,16.600000000000001
162.75,116,4.188279260783812,39.817271008540281,15.53451022726326,1.8362896763622889,0.13153963315274261,47.026620421160857,6.1775697027615744,84.29347033929956,4.3952659335413884,231.6047340664586,0.010141585235574959,972.98985841476542,972.98985841476542,1340.9266119001404,3837.0733880998623,3837.0733880998623,16.600000000000001
163,116,4.1937192029565571,39.875410623283479,15.458586717203007,1.8324346913200877,0.1314329736189232,46.96700250882094,6.1704531718045592,84.44008993723277,4.3644864392078695,231.63551356079211,0.0099383979378748107,972.99006160206307,972.99006160206307,1337.7791035278181,3840.2208964721844,3840.2208964721844,16.600000000000001
163.25,116,4.1991752442810863,39.933613744989181,15.38292424827022,1.8285810198791104,0.13132644163407439,46.907303549216536,6.1633243542561162,84.586540386744232,4.3339607427581175,231.66603925724186,0.0097395290763249223,972.99026047092468,972.99026047092468,1334.642601552936,3843.3573984470668,3843.3573984470668,16.600000000000001
163.5,116,4.2046472791475056,39.991879938654314,15.307522503383025,1.824728650066932,0.13122003389318296,46.847524098238047,6.1561833175642731,84.732821396854817,4.3036865850340904,231.69631341496589,0.0095448825672608071,972.99045511743373,972.99045511743373,1331.5170693933801,3846.4829306066226,3846.4829306066226,16.600000000000001
163.75,116,4.2101352026103935,40.050208768669471,15.232381164000047,1.8208775704125229,0.13111374712616858,46.787664711181428,6.1490301290935907,84.87893267818653,4.2736617278458944,231.72633827215407,0.0093543645448562317,972.99064563545619,972.99064563545619,1328.4024705641784,3849.5975294358245,3849.5975294358245,16.600000000000001
164,116,4.215638910379913,40.108599798816982,15.157499910109644,1.8170277699415327,0.13100757809765476,46.727725942763904,6.1418648561269675,85.024873942960582,4.2438839537749962,231.75611604622497,0.0091678833084313013,972.99083211669245,972.99083211669245,1325.2987686775405,3852.7012313224618,3852.7012313224618,16.600000000000001
164.25,116,4.2211582988129566,40.167052592270977,15.082878420219453,1.8131792381734617,0.13090152360511922,46.66770834713747,6.1346875658707694,85.170644904994006,4.2143510659792733,231.78564893402068,0.0089853492704999541,972.99101465073045,972.99101465073045,1322.2059274429341,3855.7940725570684,3855.7940725570684,16.600000000000001
164.5,116,4.2266932649045099,40.225566711594901,15.008516371346071,1.8093319651160684,0.13079558047952261,46.607612477904986,6.1274983254548463,85.316245279698805,4.1850608879997804,231.81493911200016,0.0088066749069202078,972.99119332509395,972.99119332509395,1319.1239106670928,3858.8760893329099,3858.8760893329099,16.600000000000001
164.75,116,4.2322437062790987,40.28414171873959,14.934413439004993,1.8054859412603141,0.13068974558550364,46.547438888135481,6.1202972019334148,85.461674784080586,4.1560112635692734,231.84398873643067,0.0086317747081296574,972.99136822529283,972.99136822529283,1316.0526822540312,3861.9473177459713,3861.9473177459713,16.600000000000001
165,116,4.2378095211822906,40.342777175042777,14.860569297200842,1.8016411575765234,0.13058401582054652,46.487188130377852,6.113084262288063,85.606933136736473,4.1272000564225371,231.87279994357743,0.0084605651312375935,972.99153943486976,972.99153943486976,1312.9922062050832,3865.0077937949195,3865.0077937949195,16.600000000000001
165.25,116,4.2433906084723141,40.401472641228139,14.786983618417814,1.7977976055100995,0.13047838811458182,46.426860756674849,6.105859573429826,85.752020057853116,4.0986251501084041,231.90137484989154,0.0082929645534443111,972.99170703544758,972.99170703544758,1309.9424466189203,3868.0575533810825,3868.0575533810825,16.600000000000001
165.5,116,4.2489868676117952,40.460227677404291,14.713656073610368,1.7939552769766507,0.13037285942994056,46.366457318577311,6.0986232022005868,85.896935269205429,4.0702844478035258,231.92971555219643,0.0081288932264082115,972.99187110677451,972.99187110677451,1306.9033676915626,3871.0966323084403,3871.0966323084403,16.600000000000001
165.75,116,4.2545981986596058,40.519041843063377,14.640586332194077,1.7901141643565057,0.13026742676167213,46.305978367158829,6.091375215373759,86.041678494155448,4.0421758721278458,231.9578241278721,0.0079682732315287282,972.99203172676948,972.99203172676948,1303.8749337163756,3874.1250662836269,3874.1250662836269,16.600000000000001
166,116,4.2602245022627425,40.577914697081873,14.567774062036895,1.7862742604923565,0.13016208713611407,46.245424453026907,6.084115679658316,86.186249457649708,4.0142973649617284,231.98570263503822,0.0078110284372568594,972.99218897156368,972.99218897156368,1300.8571090841003,3877.1428909159022,3877.1428909159022,16.600000000000001
166.25,116,4.2658656796483561,40.636845797719808,14.495218929450505,1.7824355586842238,0.13005683761098935,46.184796126336614,6.0768446616998792,86.330647886218074,3.9866468872648002,232.01335311273516,0.0076570844566449265,972.99234291554421,972.99234291554421,1297.8498582828477,3880.1501417171553,3880.1501417171553,16.600000000000001
166.5,116,4.271521632615876,40.695834702620601,14.422920599181957,1.7785980526851006,0.12995167527513832,46.12409393680327,6.0695622280824848,86.474873507972333,3.9592224188964424,232.04077758110353,0.0075063686061313511,972.99249363139484,972.99249363139484,1294.8531458980951,3883.1468541019076,3883.1468541019076,16.600000000000001
166.75,116,4.2771922635292139,40.754880968811023,14.350878734405534,1.7747617366966986,0.12984659724824202,46.063318433714819,6.0622684453303508,86.61892605260465,3.9320219584379417,232.06797804156199,0.0073588098653239184,972.9926411901356,972.9926411901356,1291.8669366126808,3886.1330633873222,3886.1330633873222,16.600000000000001
167,116,4.2828774753090855,40.813984152701096,14.279092996714825,1.770926605365986,0.12974160068071175,46.002470165943109,6.0549633799090214,86.762805251386638,3.9050435230162628,232.0949564769837,0.0072143388373271814,972.99278566116368,972.99278566116368,1288.8911952067831,3889.1088047932199,3889.1088047932199,16.600000000000001
167.25,116,4.2885771714254011,40.873143810084642,14.207563046115085,1.7670926537803775,0.12963668275331339,45.941549681956261,6.0476470982274995,86.906510837167758,3.8782851481294593,232.12171485187048,0.0070728877108118147,972.9929271122902,972.9929271122902,1285.9258865579125,3892.0741134420905,3892.0741134420905,16.600000000000001
167.5,116,4.294291255889755,40.932359496139554,14.136288541015789,1.7632598774635173,0.12953184067692119,45.880557529830241,6.0403196666399115,87.050042544373909,3.8517448874736853,232.14825511252624,0.00693439022269479,972.99306560977834,972.99306560977834,1282.9709756408943,3895.0290243591085,3895.0290243591085,16.600000000000001
167.75,116,4.3000196332480174,40.991630765428454,14.065269138223405,1.7594282723713297,0.12942707169233658,45.819494257259855,6.0329811514469327,87.193400109006433,3.8254208127718043,232.17457918722812,0.0067987816215968602,972.99320121837934,972.99320121837934,1280.0264275278398,3897.9735724721631,3897.9735724721631,16.600000000000001
168,116,4.3057622085730127,41.05095717189927,13.99450449293443,1.7555978348879449,0.12932237307009431,45.758360411569669,6.0256316188972718,87.336583268640879,3.7993110136035741,232.20068898639636,0.0066659986322801243,972.99333400136868,972.99333400136868,1277.0922073881204,3900.9077926118825,3900.9077926118825,16.600000000000001
168.25,116,4.3115188874572468,41.1103382688868,13.923994258728658,1.7517685618217973,0.12921774210969586,45.69715653972446,6.0182711351904725,87.479591762425201,3.7734135972374343,232.22658640276251,0.0065359794207525091,972.99346402058018,972.99346402058018,1274.1682804883508,3903.831719511652,3903.831719511652,16.600000000000001
168.5,116,4.3172895760057415,41.169773609114316,13.853738087562679,1.7479404504017637,0.12911317613883277,45.635883188339349,6.0108997664797252,87.622425331077935,3.7477266884638403,232.2522733115361,0.0064086635602147559,972.99359133644077,972.99359133644077,1271.2546121923715,3906.7453878076317,3906.7453878076317,16.600000000000001
168.75,116,4.3230741808290292,41.22926274469355,13.783735629763527,1.7441134982729358,0.12900867251425166,45.574540903690227,6.0035175788708353,87.765083716888498,3.7222484294300751,232.27775157056985,0.0062839919984040062,972.99371600800259,972.99371600800259,1268.3511679611777,3909.6488320388257,3909.6488320388257,16.600000000000001
169,116,4.3288726090361527,41.288805227126765,13.713986534022649,1.7402877034928412,0.12890422862092887,45.513130231723309,5.9961246384251012,87.907566663715457,3.6969769794766631,232.30302302052328,0.0061619070251618556,972.99383809297581,972.99383809297581,1265.4579133528946,3912.5420866471081,3912.5420866471081,16.600000000000001
169.25,116,4.3346847682277732,41.348400607308349,13.644490447390041,1.7364630645275885,0.12879984187170226,45.451651718064589,5.9887210111611306,88.049873916985234,3.6719105149752722,232.32808948502466,0.0060423522409540397,972.99395764776,972.99395764776,1262.5748140227379,3915.4251859772658,3915.4251859772658,16.600000000000001
169.5,116,4.3405105664893711,41.408048435526474,13.575247015268648,1.7326395802479324,0.12869550970706309,45.390105908029163,5.9813067630562671,88.192005223691211,3.6470472291681304,232.35295277083182,0.0059252725261235949,972.99407472747487,972.99407472747487,1259.7018357229622,3918.298164277041,3918.298164277041,16.600000000000001
169.75,116,4.3463499123846026,41.467748261463292,13.506255881408849,1.7288172499243406,0.12859122959642252,45.32849334663134,5.9738819600447073,88.333960332394625,3.6223853320088937,232.37761466799105,0.0058106140105688006,972.99418938599035,972.99418938599035,1256.8389443027718,3921.1610556972309,3921.1610556972309,16.600000000000001
170,116,4.3522027149485956,41.527499634198577,13.437516687903392,1.7249960732241969,0.12848699903633296,45.266814578592303,5.9664466680224093,88.475738993221668,3.5979230500050554,232.40207694999489,0.0056983240448154346,972.99430167595608,972.99430167595608,1253.9861057083056,3924.0138942916974,3924.0138942916974,16.600000000000001
170.25,116,4.3580688836814074,41.587302102211659,13.369029075182388,1.7211760502078279,0.12838281555044392,45.205070148348661,5.9590009528481129,88.617340957862865,3.5736586260617811,232.42634137393816,0.0055883511714245214,972.99441164882955,972.99441164882955,1251.1432859825745,3926.8567140174287,3926.8567140174287,16.600000000000001
170.5,116,4.3639483285415759,41.647155213383357,13.300792682008588,1.7173571813244699,0.12827867668957224,45.143260600061026,5.951544880344076,88.758765979572559,3.5495903193271987,232.45040968067272,0.0054806450970739072,972.9945193549039,972.9945193549039,1248.3104512653922,3929.689548734611,3929.689548734611,16.600000000000001
170.75,116,4.3698409599397348,41.707058514998288,13.232807145472831,1.7135394674083897,0.12817458003158005,45.081386477622011,5.9440785162972389,88.900013813168243,3.5257164050391325,232.47428359496081,0.0053751566653660538,972.9946248433356,972.9946248433356,1245.487567793308,3932.5124322066949,3932.5124322066949,16.600000000000001
171,116,4.3757466887322751,41.767011553748276,13.165072100989786,1.7097229096759392,0.12807052318036402,45.019448324663145,5.9366019264622745,89.041084215028789,3.5020351743732823,232.49796482562667,0.0052718378300956222,972.99472816217087,972.99472816217087,1242.6746018995589,3935.3253981004441,3935.3253981004441,16.600000000000001
171.25,116,4.3816654262151138,41.827013875735247,13.097587182293863,1.7059075097219887,0.12796650376548363,44.957446684562164,5.9291151765632417,89.181976943093559,3.4785449342927977,232.52145506570713,0.0051706416292998745,972.99482935837159,972.99482935837159,1239.8715200140018,3938.1284799860014,3938.1284799860014,16.600000000000001
171.5,116,4.387597084117596,41.887065026472875,13.030352021435284,1.7020932695151452,0.12786251944302449,44.895382100451357,5.92161833229257,89.322691756862923,3.4552440073992452,232.5447559926007,0.0050715221602096227,972.99492847784074,972.99492847784074,1237.0782886630132,3940.92171133699,3940.92171133699,16.600000000000001
171.75,116,4.3935415745964104,41.9471645508902,12.963366248776465,1.6982801913946688,0.12775856789481285,44.833255115223899,5.9141114593135695,89.463228417396877,3.4321307317849854,232.56786926821496,0.0049744345544489362,972.99502556544644,972.99502556544644,1234.2948744694258,3943.7051255305773,3943.7051255305773,16.600000000000001
172,116,4.3994988102295896,42.007311993334831,12.896629492988549,1.6944682780669003,0.12765464682814381,44.771066271540526,5.9065946232618147,89.603586687314348,3.4092034608869226,232.59079653911303,0.0048793349539489666,972.99512066504701,972.99512066504701,1231.5212441524498,3946.4787558475532,3946.4787558475532,16.600000000000001
172.25,116,4.4054687040106053,42.06750689757618,12.83014138104819,1.6906575326015334,0.12755075397560842,44.708816111836072,5.8990678897463162,89.743766330792582,3.3864605633416258,232.61353943665833,0.0047861804873995453,972.99521381951354,972.99521381951354,1228.7573645275907,3949.2426354724125,3949.2426354724125,16.600000000000001
172.5,116,4.4114511693425493,42.12774880680827,12.76390153823448,1.686847958427006,0.12744688709542878,44.646505178326748,5.8915313243496961,89.883767113566961,3.3639004228417999,232.63609957715815,0.0046949292470524718,972.99530507075394,972.99530507075394,1226.0032025065502,3951.9967974934525,3951.9967974934525,16.600000000000001
172.75,116,4.4174461200323476,42.188037263654095,12.697909588126189,1.6830395593281322,0.12734304397054319,44.584134013014882,5.8839849926307695,90.023588802929794,3.3415214379941016,232.65847856200585,0.0046055402666055865,972.99539445973437,972.99539445973437,1223.2587250971558,3954.7412749028472,3954.7412749028472,16.600000000000001
173,116,4.4234534702850787,42.248371810169147,12.632165152599143,1.6792323394422535,0.12723922240853114,44.521703157694986,5.8764289601254776,90.163231167729904,3.3193220221782789,232.68067797782169,0.0045179734992726742,972.99548202650169,972.99548202650169,1220.5238994032643,3957.4761005967389,3957.4761005967389,16.600000000000001
173.25,116,4.4294731346983642,42.308751987845213,12.56666785182383,1.6754263032555601,0.12713542024145519,44.459213153959411,5.8688632923479735,90.302693978372076,3.2973006034076437,232.70269939659232,0.0044321897964174264,972.99556781020453,972.99556781020453,1217.798692624669,3960.2013073753337,3960.2013073753337,16.600000000000001
173.5,116,4.4355050282568271,42.369177337614367,12.501417304263214,1.6716214555995206,0.12703163532564848,44.396664543203634,5.8612880547917845,90.441977006816515,3.2754556241908412,232.72454437580913,0.0043481508867265969,972.99565184911421,972.99565184911421,1215.0830720570036,3962.9169279429998,3962.9169279429998,16.600000000000001
173.75,116,4.441549066326643,42.429647399852819,12.436413126670729,1.6678178016477032,0.12692786554173577,44.334057866631099,5.8537033129302642,90.581080026578789,3.2537855413949046,232.74621445860507,0.0042658193556990671,972.99573418064529,972.99573418064529,1212.3770050916337,3965.6229949083699,3965.6229949083699,16.600000000000001
174,116,4.4476051646501462,42.490161714385202,12.371654934088509,1.6640153469121692,0.12682410879439363,44.271393665258088,5.8461091322178218,90.720002812729334,3.2322888261096168,232.76771117389032,0.0041851586258449475,972.99581484137514,972.99581484137514,1209.6804592155572,3968.319540784446,3968.319540784446,16.600000000000001
174.25,116,4.4536732393404899,42.550719820489086,12.30714233984583,1.6602140972397439,0.1267203630120399,44.208672479918647,5.8385055780913468,90.858745141892712,3.2109639635131395,232.78903603648681,0.0041061329374297521,972.9958938670635,972.9958938670635,1206.9934020113062,3971.0065979886967,3971.0065979886967,16.600000000000001
174.5,116,4.4597532068764147,42.61132125689933,12.242874955557712,1.6564140588087062,0.12661662614677846,44.145894851268771,5.8308927159708599,90.997306792247485,3.1898094527388978,232.81019054726104,0.0040287073294860568,972.99597129267136,972.99597129267136,1204.3158011568341,3973.6841988431688,3973.6841988431688,16.600000000000001
174.75,116,4.465844984097064,42.671965561812669,12.178852391123764,1.652615238125354,0.12651289617427197,44.083061319790637,5.823270611260364,91.135687543525933,3.1688238067437173,232.83117619325623,0.0039528476213526835,972.99604715237956,972.99604715237956,1201.6476244254043,3976.3523755745987,3976.3523755745987,16.600000000000001
175,116,4.4719484881968601,42.732652272892672,12.115074254727215,1.6488176420206493,0.12640917109337152,44.020172425796453,5.8156393293492714,91.273887177013378,3.1480055521772079,232.85199444782273,0.0038785203946061818,972.99612147960636,972.99612147960636,1198.9888396854851,3979.0111603145183,3979.0111603145183,16.600000000000001
175.25,116,4.4780636367204183,42.793380927275543,12.051540152834189,1.6450212776470357,0.12630544892512799,43.957228709431881,5.8079989356153234,91.411905475546774,3.1273532292523929,232.87264677074756,0.0038056929752977985,972.99619430702569,972.99619430702569,1196.3394149006588,3981.6605850993446,3981.6605850993446,16.600000000000001
175.5,116,4.4841903475576315,42.854151061573951,11.988249690193085,1.6412261524748186,0.12620172771369439,43.894230710679913,5.8003494954228758,91.549742223515949,3.1068653916175073,232.89313460838244,0.0037343334170017559,972.99626566658389,972.99626566658389,1193.6993181294736,3984.3006818705298,3984.3006818705298,16.600000000000001
175.75,116,4.4903285389387406,42.91496221188261,11.925202469834217,1.6374322742889291,0.1260980055257582,43.831178969363968,5.792691074124745,91.687397206862713,3.0865406062290366,232.91345939377092,0.0036644104839757253,972.996335589517,972.996335589517,1191.0685175253354,3986.931482474668,3986.931482474668,16.600000000000001
176,116,4.496478129429482,42.975813913783725,11.862398093069649,1.6336396511856426,0.12599428045023323,43.768074025150923,5.7850237370634057,91.824870213080473,3.0663774532259525,232.93362254677399,0.0035958936347800516,972.99640410636619,972.99640410636619,1188.4469813363924,3989.5530186636111,3989.5530186636111,16.600000000000001
176.25,116,4.5026390379263157,43.036705702352464,11.799836159493227,1.6298482915692976,0.12589055059802004,43.70491641755391,5.7773475495720099,91.962161031213867,3.0463745258051262,232.95362547419481,0.0035287530062961931,972.9964712469947,972.9964712469947,1185.8346779054116,3992.1653220945914,3992.1653220945914,16.600000000000001
176.5,116,4.5088111836517681,43.097637112161244,11.737516266980721,1.6260582041482932,0.12578681410297929,43.641706685935731,5.7696625769725269,92.099269451860081,3.0265304300978908,232.97346956990205,0.0034629593979470588,972.99653704060302,972.99653704060302,1183.2315756696239,3994.7684243303793,3994.7684243303793,16.600000000000001
176.75,116,4.5149944861497513,43.158607677286263,11.675438011690289,1.6222693979323008,0.12568306912092861,43.578445369510767,5.7619688845785211,92.236195267167531,3.0068437850478169,232.99315621495211,0.0033984842565842875,972.99660151574437,972.99660151574437,1180.6376431606179,3997.362356839385,3997.362356839385,16.600000000000001
177,116,4.5211888652809504,43.219616931313816,11.613600988063093,1.6184818822292233,0.12557931382908177,43.51513300734694,5.7542665376968554,92.372938270835135,2.9873132222896253,233.01268677771029,0.0033352996616752327,972.99666470033935,972.99666470033935,1178.0528490042236,3999.9471509957798,3999.9471509957798,16.600000000000001
177.25,116,4.527394241218337,43.280664407345697,11.552004788824069,1.61469566664171,0.12547554642624595,43.451770138368019,5.7465556016276134,92.509498258112671,2.9679373860292304,233.03206261397071,0.0032733783107350358,972.9967266216903,972.9967266216903,1175.4771619203689,4002.5228380796343,4002.5228380796343,16.600000000000001
177.5,116,4.5336105344427073,43.341749638005297,11.490649004982931,1.6109107610638955,0.12537176513267245,43.388357301355434,5.7388361416648053,92.645875025800592,2.948714932924926,233.05128506707501,0.0032126935051603081,972.99678730649578,972.99678730649578,1172.9105507229469,4005.0894492770562,4005.0894492770562,16.600000000000001
177.75,116,4.5398376657382933,43.402872155443688,11.429533225835314,1.6071271756781589,0.12526796818990879,43.324895034949968,5.7311082230970527,92.782068372249938,2.9296445319696889,233.07035546803024,0.0031532191363964237,972.99684678086464,972.99684678086464,1170.35298431968,4007.647015680323,4007.647015680323,16.600000000000001
178,116,4.5460755561884261,43.464031491346098,11.368657038964157,1.6033449209523516,0.12516415386044011,43.26138387765269,5.7233719112086607,92.918078097362027,2.9107248643745902,233.08927513562534,0.0030949296721227855,972.99690507032892,972.99690507032892,1167.8044317119864,4010.1955682880166,4010.1955682880166,16.600000000000001
178.25,116,4.5523241271712678,43.525227176938209,11.308020030241247,1.59956400763631,0.12506032042768223,43.197824367826541,5.7156272712799812,93.053904002588567,2.8919546234533255,233.10804537654658,0.0030378001432645016,972.99696219985788,972.99696219985788,1165.2648619948359,4012.7351380051668,4012.7351380051668,16.600000000000001
178.5,116,4.5585833003556138,43.586458742992477,11.24762178382894,1.59578444675854,0.12495646619590599,43.134217043697475,5.7078743685879099,93.189545890931569,2.8733325145078283,233.12666748549211,0.002981806131212936,972.99701819386985,972.99701819386985,1162.7342443566106,4015.2657556433924,4015.2657556433924,16.600000000000001
178.75,116,4.5648529976967405,43.647725719834888,11.187461882182097,1.592006249623203,0.12485258949002867,43.070562443355151,5.7001132684065947,93.325003566943266,2.8548572547149638,233.14514274528494,0.0029269237551550766,972.99707307624578,972.99707307624578,1160.2125480789593,4017.7874519210436,4017.7874519210436,16.600000000000001
179,116,4.5711331414323215,43.709027637351646,11.127539906050171,1.5882294278069919,0.12474868865547285,43.006861104753575,5.6923440360080049,93.460276836726123,2.8365275730143003,233.16347242698561,0.0028731296597953714,972.99712687034128,972.99712687034128,1157.699742536654,4020.3002574633488,4020.3002574633488,16.600000000000001
179.25,116,4.577423654078391,43.770364024996034,11.067855434479505,1.5844539931560169,0.12464476205802119,42.943113565711549,5.6845667366624832,93.595365507932755,2.8183422099969424,233.18165779000299,0.0028204010033667085,972.9971795989976,972.9971795989976,1155.1957971974427,4022.8042028025598,4022.8042028025598,16.600000000000001
179.5,116,4.5837244584253574,43.831734411795708,11.008408044815791,1.5806799577825112,0.12454080808335286,42.879320363913081,5.6767814356401649,93.730269389765439,2.8002999177954209,233.19970008220449,0.0027687154457303399,972.99723128455537,972.99723128455537,1152.7006816219132,4025.2993183780895,4025.2993183780895,16.600000000000001
179.75,116,4.5900354775341023,43.893138326359605,10.949197312706742,1.5769073340618702,0.12443682513708702,42.815482036907348,5.6689881982109807,93.864988292976321,2.7823994599746231,233.2176005400253,0.0027180511370683978,972.99728194886393,972.99728194886393,1150.2143654633339,4027.785634536669,4027.785634536669,16.600000000000001
180,116,4.5963566347321319,43.95457529688499,10.890222812104888,1.5731361346296369,0.12433281164472271,42.751599122108523,5.6611870896449137,93.999522029867649,2.7646396114237533,233.2353603885762,0.002668386706786569,972.99733161329425,972.99733161329425,1147.7368184675017,4030.2631815325012,4030.2631815325012,16.600000000000001
180.25,116,4.6026878536097655,44.016044851164942,10.831484115270593,1.5693663723783791,0.12422876605136716,42.687672156795557,5.6533781752128336,94.133870414291607,2.7470191582493269,233.2529808417506,0.0026197012525547916,972.99738029874845,972.99738029874845,1145.2680104725919,4032.7319895274113,4032.7319895274113,16.600000000000001
180.5,116,4.6090290580164019,44.077546516595753,10.772980792775247,1.565598060454638,0.12412468682155348,42.623701678111658,5.6455615201870604,94.268033261650174,2.7295368976691772,233.27046310233075,0.0025719743296666775,972.9974280256713,972.9974280256713,1142.8079114090044,4035.1920885909985,4035.1920885909985,16.600000000000001
180.75,116,4.6153801720568151,44.139079820184534,10.714712413504625,1.5618312122558868,0.12402057243906853,42.559688223063695,5.6377371898418831,94.402010388895178,2.7121916379074658,233.28780836209245,0.0025251859406483241,972.99747481406041,972.99747481406041,1140.3564912992088,4037.643508700794,4037.643508700794,16.600000000000001
181,116,4.6217411200875747,44.200644288556092,10.656678544662366,1.5580658414274182,0.12391642140747802,42.495632328521438,5.6299052494522686,94.535801614529362,2.6949821980906661,233.30501780190926,0.0024793165248935562,972.99752068347618,972.99752068347618,1137.9137202575664,4040.0862797424365,4040.0862797424365,16.600000000000001
181.25,116,4.6281118267134369,44.262239447961107,10.598878751773727,1.5543019618593774,0.12381223224955459,42.431534531216521,5.6220657642953702,94.669406758605774,2.6779074081445762,233.32209259185535,0.0024343469488889652,972.99756565305211,972.99756565305211,1135.4795684901828,4042.5204315098204,4042.5204315098204,16.600000000000001
181.5,116,4.634492216783813,44.323864824284257,10.541312598689458,1.5505395876837826,0.12370800350691563,42.367395367741231,5.614218799651483,94.802825642727456,2.6609661086923029,233.33903389130762,0.0023902584966095548,972.99760974150445,972.99760974150445,1133.0540062947555,4044.9459937052475,4044.9459937052475,16.600000000000001
181.75,116,4.6408822153893103,44.385519943051861,10.48397964758985,1.546778733271498,0.12360373374013497,42.3032153745472,5.6063644208037644,94.936058090047879,2.6441571509531991,233.35584284904672,0.0023470328599967498,972.99765296714111,972.99765296714111,1130.637004060404,4047.3629959395989,4047.3629959395989,16.600000000000001
182,116,4.647281747858325,44.447204329439884,10.426879458988935,1.543019413229243,0.12349942152865598,42.238995087943891,5.5985026930384398,95.069103925271165,2.6274793966427681,233.37252060335715,0.0023046521297272423,972.99769534787129,972.99769534787129,1128.2285322675041,4049.7714677324989,4049.7714677324989,16.600000000000001
182.25,116,4.6536907397536789,44.508917508282053,10.3700115917389,1.5392616423966172,0.12339506547069833,42.174735044096956,5.5906336816450137,95.201962974652133,2.6109317178735192,233.38906828212637,0.0022630987861977578,972.99773690121492,972.99773690121492,1125.8285614875217,4052.171438512481,4052.171438512481,16.600000000000001
182.5,116,4.6601091168692612,44.570659004078905,10.313375603034652,1.5355054358434439,0.12329066418235579,42.110435779026034,5.5827574519184742,95.334635065995357,2.5945129970567775,233.40548700294315,0.0022223556905643128,972.99777764431053,972.99777764431053,1123.4370623828706,4054.5629376171323,4054.5629376171323,16.600000000000001
182.75,116,4.6665368052268015,44.632428341005642,10.256971048418537,1.5317508088666476,0.12318621629797095,42.046097828602939,5.5748740691582972,95.467120028655941,2.5782221268054131,233.42177787319451,0.0021824060762385871,972.99781759392488,972.99781759392488,1121.0540057067283,4056.9459942932749,4056.9459942932749,16.600000000000001
183,116,4.6729737310726787,44.694225042920209,10.200797481785205,1.5279977769872313,0.12308172047028998,41.981721728549594,5.5669835986679814,95.599417693540019,2.5620580098375014,233.43794199016241,0.0021432335405448086,972.99785676646059,972.99785676646059,1118.6793623028593,4059.3206376971439,4059.3206376971439,16.600000000000001
183.25,116,4.6794198208747506,44.75604863337216,10.144854455386687,1.5242463559474726,0.12297717537005609,41.917308014435555,5.5590861057559593,95.731527893104598,2.5460195588809018,233.453980441119,0.0021048220364665187,972.99789517796466,972.99789517796466,1116.3131031054534,4061.6868968945491,4061.6868968945491,16.600000000000001
183.5,116,4.6858750013192383,44.817898635611371,10.089141519837604,1.5204965617080497,0.12287257968584464,41.852857221675507,5.5511816557358928,95.863450461357431,2.5301056965787492,233.46989430342117,0.0020671558646358657,972.99793284413647,972.99793284413647,1113.9551991389553,4064.0448008610479,4064.0448008610479,16.600000000000001
183.75,116,4.6923391993076731,44.879774572596737,10.033658224120547,1.5167484104451725,0.12276793212390348,41.788369885526521,5.5432703139269357,95.995185233857256,2.5143153553958406,233.48568464460408,0.0020302196655097213,972.99796978033555,972.99796978033555,1111.6056215178924,4066.3943784821099,4066.3943784821099,16.600000000000001
184,116,4.6988123419539178,44.941675967004464,9.9784041155915908,1.5130019185473238,0.12266323140859116,41.723846541085706,5.5353521456525421,96.126732047714569,2.4986474775258918,233.50135252247404,0.0019939984115883796,972.99800600158949,972.99800600158949,1109.264341446687,4068.7356585533153,4068.7356585533153,16.600000000000001
184.25,116,4.7052943565811862,45.003602341237347,9.9233787399860116,1.50925710261264,0.12255847628188066,41.659287723286951,5.5274272162415041,96.258090741591332,2.483101014799721,233.51689898520019,0.0019584774000349662,972.99804152260106,972.99804152260106,1106.9313302194896,4071.0686697805131,4071.0686697805131,16.600000000000001
184.5,116,4.7117851707191196,45.065553217434044,9.8685816414241554,1.5055139794462036,0.12245366550301127,41.59469396689763,5.5194955910286163,96.389261155700723,2.4676749285942892,233.53232507140564,0.0019236422454359024,972.99807635775562,972.99807635775562,1104.6065592200116,4073.3934407799907,4073.3934407799907,16.600000000000001
184.75,116,4.7182847121009415,45.127528117477972,9.8140123624174329,1.5017725660570582,0.12234879784856505,41.530065806515474,5.5115573353542979,96.520243131807504,2.4523681897426046,233.54763181025731,0.0018894788726335854,972.99811052112852,972.99811052112852,1102.289999921341,4075.7100000786613,4075.7100000786613,16.600000000000001
185,116,4.7247929086606337,45.189526563006474,9.7596704438744979,1.4980328796553617,0.12224387211236168,41.465403776565168,5.5036125145646428,96.651036513228291,2.4371797784444871,233.56282022155543,0.0018559735097708758,972.99814402649133,972.99814402649133,1099.9816238857654,4078.0183761142371,4078.0183761142371,16.600000000000001
185.25,116,4.7313096885301791,45.251548075420096,9.7055554251075637,1.4942949376495442,0.12213888710535568,41.400708411294836,5.4956611940114373,96.781641144831596,2.4221086841781849,233.57789131582174,0.0018231126814972031,972.99817688731969,972.99817688731969,1097.6814027645912,4080.3185972354117,4080.3185972354117,16.600000000000001
185.5,116,4.7378349800368245,45.313592175892083,9.6516668438388837,1.4905587576438146,0.12203384165537856,41.33598024477191,5.487703439052436,96.912056873037912,2.4071539056128231,233.59284609438711,0.001790883202204972,972.99820911679899,972.99820911679899,1095.3893082979662,4082.6106917020361,4082.6106917020361,16.600000000000001
185.75,116,4.7443687117004183,45.375658385377726,9.5980042362073856,1.4868243574351612,0.12192873460713018,41.271219810879572,5.479739315051174,97.042283545819899,2.3923144505217055,233.60768554947822,0.0017592721696209998,972.99824072783156,972.99824072783156,1093.1053123146974,4084.8946876853056,4084.8946876853056,16.600000000000001
186,116,4.7509108122307806,45.437746224623837,9.5445671367754361,1.4830917550104397,0.12182356482213855,41.206427643312807,5.4717688873768155,97.172321012702696,2.3775893356964457,233.62241066430349,0.0017282669585214519,972.99827173304266,972.99827173304266,1090.8293867320656,4087.1706132679374,4087.1706132679374,16.600000000000001
186.25,116,4.7574612105251175,45.499855214178396,9.4913550785357756,1.4793609685437124,0.12171833117860933,41.141604275574174,5.4637922214041765,97.302169124763878,2.3629775868619043,233.63702241313803,0.0016978552145023485,972.99830214478675,972.99830214478675,1088.5615035556439,4089.4384964443589,4089.4384964443589,16.600000000000001
186.5,116,4.7640198356654873,45.56198487440021,9.4383675929185991,1.4756320163934933,0.12161303257132808,41.076750240969488,5.4558093825136309,97.431827734633785,2.3484782385919445,233.65152176140796,0.0016680248479357309,972.99833197515318,972.99833197515318,1086.301634879113,4091.6983651208898,4091.6983651208898,16.600000000000001
186.75,116,4.7705866169163,45.62413472546875,9.3856042097987711,1.4719049171000065,0.12150766791156059,41.011866072603397,5.4478204360910087,97.561296696495589,2.3340903342259933,233.66590966577391,0.0016387640280658715,972.99836123597311,972.99836123597311,1084.0497528840749,4093.9502471159276,4093.9502471159276,16.600000000000001
187,116,4.7771614837218532,45.686304287394258,9.3330644575032071,1.4681796893823025,0.12140223612666205,40.946952303374935,5.4398254475283458,97.69057586608487,2.3198129257863966,233.68018707421351,0.0016100611771446738,972.99838993882406,972.99838993882406,1081.8058298398796,4096.1941701601227,4096.1941701601227,16.600000000000001
187.25,116,4.783744365703928,45.748493080027558,9.280747862818389,1.4644563521356209,0.12129673616013056,40.882009465972786,5.4318244822232931,97.819665100690116,2.3056450738965686,233.69435492610333,0.0015819049648529346,972.99841809503641,972.99841809503641,1079.5698381034306,4098.4301618965719,4098.4301618965719,16.600000000000001
187.5,116,4.7903351926594411,45.810700623069941,9.2286539509980177,1.4607349244287355,0.12119116697160136,40.817038092870298,5.423817605578666,97.948564259153017,2.2915858476999222,233.70841415229998,0.0015542843028338478,972.99844571569827,972.99844571569827,1077.3417501189936,4100.6582498810094,4100.6582498810094,16.600000000000001
187.75,116,4.7969338945581113,45.872926436083404,9.1767822457708004,1.4570154255011953,0.12108552753662254,40.752038716320683,5.4158048830026582,98.077273201868366,2.2776343247795738,233.72236567522032,0.0015271883392823106,972.99847281166194,972.99847281166194,1075.1215384180136,4102.8784615819895,4102.8784615819895,16.600000000000001
188,116,4.8035404015401779,45.935170038500836,9.1251322693484127,1.4532978747606267,0.12097981684651833,40.687011868351853,5.407786379908754,98.205791790784176,2.2637895910788184,233.7362104089211,0.0015006064536913881,972.99849939354749,972.99849939354749,1072.9091756189262,4105.0908243810763,4105.0908243810763,16.600000000000001
188.25,116,4.8101546439141618,45.997430949636332,9.0737035424335648,1.4495822917800423,0.12087403390825724,40.621958080761218,5.3997621617156204,98.334119889401634,2.2500507408223607,233.74994925917753,0.0014745282517200692,972.99852547174942,972.99852547174942,1070.7046344269686,4107.2953655730344,4107.2953655730344,16.600000000000001
188.5,116,4.8167765521547077,46.059708688694869,9.0224955842281904,1.4458686962951099,0.12076817774488131,40.556877885110445,5.3917322938454371,98.46225736277627,2.2364168764382755,233.76358312356163,0.0014489435600870896,972.99855105644099,972.99855105644099,1068.5078876339726,4109.4921123660297,4109.4921123660297,16.600000000000001
188.75,116,4.8234060569004003,46.122002774783084,8.9715079124418331,1.4421571082015086,0.12066224739508598,40.491771812719932,5.3836968417245465,98.590204077517441,2.2228871084807564,233.77711289151912,0.0014238424217231373,972.99857615757946,972.99857615757946,1066.3189081181827,4111.6810918818201,4111.6810918818201,16.600000000000001
189,116,4.8300430889516486,46.184312726919963,8.9207400433001247,1.4384475475522847,0.12055624191289951,40.42664039466321,5.375655870783822,98.717959901787992,2.2094605555535987,233.7905394444463,0.0013992150910210291,972.99860078491008,972.99860078491008,1064.1376688440716,4113.8623311559313,4113.8623311559313,16.600000000000001
189.25,116,4.8366875792686166,46.246638064047161,8.8701914915534061,1.4347400345551773,0.12045016036779259,40.361484161761261,5.367609446457827,98.845524705304868,2.1961363442343917,233.80386365576553,0.0013750520291266823,972.99862494797208,972.99862494797208,1061.9641428621412,4116.0358571378611,4116.0358571378611,16.600000000000001
189.5,116,4.8433394589691989,46.30897830503951,8.8198617704854829,1.4310345895699688,0.12034400184461444,40.296303644576717,5.3595576341844398,98.972898359339112,2.1829136089994501,233.81708639100046,0.0013513438993690429,972.99864865610175,972.99864865610175,1059.7983033087282,4118.2016966912752,4118.2016966912752,16.600000000000001
189.75,116,4.849998659327019,46.371332968715684,8.7697503919225017,1.4273312331058454,0.12023776544352795,40.231099373407936,5.3515004994044677,99.100080736716066,2.1697914921494585,233.83020850785044,0.001328081562795166,972.99867191843839,972.99867191843839,1057.6401234058083,4120.3598765941942,4120.3598765941942,16.600000000000001
190,116,4.8566651117694564,46.433701573849518,8.7198568662419973,1.4236299858189703,0.12013145027936846,40.165871878282694,5.3434381075627693,99.227071711814546,2.1567691437358278,233.84323085626409,0.0013052560737341937,972.99869474392733,972.99869474392733,1055.4895764608191,4122.5104235391827,4122.5104235391827,16.600000000000001
190.25,116,4.8633387478757326,46.496083639180448,8.6701807023820177,1.419930868509766,0.12002505548187539,40.100621688952188,5.3353705241070468,99.353871160567437,2.1438457214877644,233.85615427851215,0.0012828586755745165,972.99871714132553,972.99871714132553,1053.3466358664555,4124.6533641335473,4124.6533641335473,16.600000000000001
190.5,116,4.8700194993750641,46.558478683424063,8.6207214078503895,1.4162339021202328,0.11991858019583911,40.035349334884806,5.3272978144868519,99.480478960462221,2.1310203907400278,233.8689796092599,0.0012608807966287936,972.99873911920452,972.99873911920452,1051.2112751004649,4126.7887248995385,4126.7887248995385,16.600000000000001
190.75,116,4.8767072981448019,46.620886225283293,8.5714784887341224,1.4125391077314398,0.11981202358079719,39.970055345259681,5.319220044153762,99.606894990540525,2.1182923243613869,233.88170767563852,0.0012393140460377802,972.99876068595506,972.99876068595506,1049.0834677254584,4128.9165322745439,4128.9165322745439,16.600000000000001
191,116,4.8834020762086308,46.683305783459367,8.5224514497089316,1.408846506560959,0.119705384810916,39.904740248960138,5.3111372785610591,99.73311913139834,2.1056607026837599,233.89433929731615,0.0012181502097928639,972.99878184979138,972.99878184979138,1046.963187388714,4131.036812611289,4131.036812611289,16.600000000000001
191.25,116,4.8901037657348034,46.745736876662939,8.4736397940488892,1.4051561199603129,0.11959866307487328,39.839404574567091,5.3030495831633813,99.859151265185787,2.0931247134320325,233.90687528656787,0.0011973812468497973,972.99880261875421,972.99880261875421,1044.8504078219812,4133.1495921780224,4133.1495921780224,16.600000000000001
191.5,116,4.8968122990344325,46.808179023624717,8.4250430236361691,1.4014679694121648,0.11949185757611573,39.774048850352585,5.2949570234154306,99.984991275607868,2.0806835516545248,233.9193164483454,0.0011769992852665031,972.99882300071579,972.99882300071579,1042.7451028412713,4135.2548971587321,4135.2548971587321,16.600000000000001
191.75,116,4.903527608559787,46.870631743106919,8.3766606389709466,1.397782076527915,0.11938496753255429,39.708673604272839,5.2868596647720691,100.11063904792401,2.0683364196541643,233.93166358034577,0.0011569966185262686,972.9988430033826,972.9988430033826,1040.6472463466675,4137.3527536533356,4137.3527536533356,16.600000000000001
192,116,4.910249626902627,46.933094553914628,8.3284921391814191,1.3940984630452702,0.1192779921763048,39.643279363961184,5.2787575726882823,100.23609446894788,2.0560825269203051,233.94391747307964,0.0011373657019386561,972.99886263429914,972.99886263429914,1038.5568123221292,4139.4431876778735,4139.4431876778735,16.600000000000001
192.25,116,4.9169782867925944,46.995566974906893,8.2805370220339132,1.3904171508256167,0.11917093075372841,39.577866656721177,5.2706508126183893,100.36135742704751,2.0439210900611924,233.95607890993873,0.0011180991490720843,972.99888190085198,972.99888190085198,1036.4737748352893,4141.5262251647146,4141.5262251647146,16.600000000000001
192.5,116,4.9237135210956264,47.058048525008076,8.2327947839431417,1.3867381618514845,0.11906378252534935,39.512436009519469,5.2625394500155345,100.48642781214535,2.0318513327370766,233.96814866726282,0.0010991897282899448,972.99890081027274,972.99890081027274,1034.3981080372555,4143.6018919627477,4143.6018919627477,16.600000000000001
192.75,116,4.930455262812413,47.120538723219184,8.1852649199825382,1.3830615182240225,0.11895654676577475,39.446987948978631,5.2544235503311718,100.6113055157182,2.0198724855939707,233.98012751440595,0.0010806303593658432,972.99891936964161,972.99891936964161,1032.3297861624087,4145.6702138375949,4145.6702138375949,16.600000000000001
193,116,4.9372034450768743,47.183037088629298,8.1379469238947451,1.3793872421606992,0.11884922276355235,39.381523001369594,5.2463031790145704,100.73599043079719,2.0079837861980248,233.99201621380192,0.0010624141101203055,972.99893758589099,972.99893758589099,1030.2687835282031,4147.7312164718005,4147.7312164718005,16.600000000000001
193.25,116,4.9439580011546882,47.245543140427095,8.0908402881021857,1.3757153559926925,0.11874180982112614,39.316041692604422,5.2381784015122266,100.86048245196768,1.9961844789705547,234.00381552102937,0.0010445341932165885,972.99895546580785,972.99895546580785,1028.2150745349647,4149.7849254650391,4149.7849254650391,16.600000000000001
193.5,116,4.9507188644418418,47.308056397912189,8.0439445037177677,1.3720458821623085,0.11863430725478827,39.250544548228888,5.230049283267256,100.98478147536933,1.9844738151236918,234.01552618487625,0.0010269839630254272,972.99897301603801,972.99897301603801,1026.1686336656901,4151.8313663343133,4151.8313663343133,16.600000000000001
193.75,116,4.9574859684632298,47.370576380506812,7.9972590605556615,1.3683788432205881,0.11852671439458157,39.185032093414797,5.2219158897188063,101.1088873986959,1.9728510525966365,234.02714894740328,0.0010097569125166587,972.99899024308866,972.99899024308866,1024.1294354858442,4153.870564514159,4153.870564514159,16.600000000000001
194,116,4.9642592468712641,47.433102607767331,7.9507834471422321,1.3647142618248511,0.11841903058422623,39.119504852952346,5.213778286301431,101.23280012119525,1.9613154559925274,234.0386845440074,0.0009928466702407066,972.99900715333092,972.99900715333092,1022.0974546431569,4155.9025453568465,4155.9025453568465,16.600000000000001
194.25,116,4.9710386334445413,47.495634599395899,7.9045171507270426,1.3610521607362491,0.11831125518104557,39.053963351242281,5.2056365384444563,101.35651954366925,1.9498662965159168,234.05013370348399,0.00097624699737861042,972.9990237530036,972.9990237530036,1020.072665867422,4157.9273341325816,4157.9273341325816,16.600000000000001
194.5,116,4.9778240620865004,47.55817187525242,7.8584596572939969,1.3573925628172074,0.11820338755564637,38.988408112288241,5.1974907115721338,101.4800455684731,1.9385028519108407,234.0614971480891,0.00095995178480503683,972.99904004821622,972.99904004821622,1018.0550439703031,4159.9449560297007,4159.9449560297007,16.600000000000001
194.75,116,4.9846154668241658,47.620713955366099,7.8126104515725467,1.3537354910290689,0.1180954270919843,38.922839659688691,5.189340871102516,101.60337809951551,1.9272244063994868,234.07277559360043,0.00094395505030270407,972.99905604495075,972.99905604495075,1016.0445638451247,4161.955436154879,4161.955436154879,16.600000000000001
195,116,4.9914127818069014,47.683260359947113,7.7669690170490222,1.3500809684297304,0.11798737318739061,38.857258516628882,5.1811870824464519,101.72651704225885,1.9160302506214588,234.08396974937844,0.00092825093583289125,972.99907174906525,972.99907174906525,1014.0412004666647,4163.9587995333386,4163.9587995333386,16.600000000000001
195.25,116,4.9982159413051876,47.745810609398475,7.7215348359780593,1.3464290181711871,0.11787922525239233,38.791665205872782,5.1730294110072368,101.84946230371868,1.9049196815736111,234.09508031842631,0.00091283370482364795,972.99908716629625,972.99908716629625,1012.0449288909547,4165.9550711090487,4165.9550711090487,16.600000000000001
195.5,116,5.0050248797094365,47.808364224327946,7.6763073893941316,1.3427796634971303,0.11777098271061942,38.726060249754887,5.1648679221799716,101.97221379246361,1.893892002550466,234.10610799744944,0.0008976977395395452,972.99910230226146,972.99910230226146,1010.0557242550767,4167.9442757449269,4167.9442757449269,16.600000000000001
195.75,116,5.0118395315288353,47.87092072555992,7.6312861571231787,1.3391329277405553,0.11766264499870981,38.660444170171992,5.15670268135091,102.09477141861498,1.8829465230852012,234.11705347691472,0.00088283753851211427,972.99911716246254,972.99911716246254,1008.0735617769599,4169.926438223044,4169.926438223044,16.600000000000001
196,116,5.0186598313902255,47.93347963414729,7.58647061779432,1.3354888343213607,0.11755421156626393,38.594817488574868,5.1485337538966531,102.21713509384688,1.8720825588911973,234.12791744110874,0.00086824771401212422,972.99913175228698,972.99913175228698,1006.0984167551746,4171.9015832448295,4171.9015832448295,16.600000000000001
196.25,116,5.0254857140370328,47.996040471383047,7.5418602488516822,1.3318474067438479,0.11744568187606901,38.529180725960011,5.1403612051825789,102.33930473138614,1.8612994318041156,234.13870056819582,0.00085392298948772018,972.99914607701157,972.99914607701157,1004.1302645687198,4173.8697354312835,4173.8697354312835,16.600000000000001
196.5,116,5.0323171143281735,48.058602758812761,7.4974545265663011,1.3282086685945096,0.11733705540362625,38.463534402860944,5.1321851005632144,102.46128024601174,1.8505964697246109,234.14940353027529,0.00083985819729594474,972.99916014180383,972.99916014180383,1002.1690806768291,4175.8309193231744,4175.8309193231744,16.600000000000001
196.75,116,5.0391539672370298,48.121166018246406,7.4532529260481359,1.3245726435396332,0.11722833163716083,38.397879039339784,5.1240055053812403,102.58306155405438,1.8399730065615429,234.16002699343838,0.00082604827632538653,972.99917395172474,972.99917395172474,1000.2148406187649,4177.7851593812393,4177.7851593812393,16.600000000000001
197,116,5.0459962078504494,48.18372977177043,7.4092549212581558,1.3209393553229321,0.11711951007759208,38.332215154978599,5.1158224849665954,102.70464857339644,1.8294283821757338,234.17057161782418,0.00081248826968656463,972.99918751173141,972.99918751173141,998.26752001361069,4179.7324799863936,4179.7324799863936,16.600000000000001
197.25,116,5.0528437713677743,48.246293541759776,7.3654599850205322,1.3173088277631981,0.11701059023846758,38.266543268870791,5.1076361046356711,102.82604122347166,1.8189619423242671,234.18103805767564,0.0007991733224679082,972.9992008266787,972.9992008266787,996.32709456006637,4181.6729054399375,4181.6729054399375,16.600000000000001
197.5,116,5.0596965930998907,48.30885685088996,7.3218675890349019,1.3136810847519635,0.11690157164589975,38.200863899612294,5.0994464296904845,102.94723942526478,1.8085730386053276,234.19142696139457,0.00078609867954306434,972.99921390132147,972.99921390132147,994.39354003624203,4183.6064599637612,4183.6064599637612,16.600000000000001
197.75,116,5.0665546084683077,48.371419222149342,7.2784772038887384,1.3100561502512682,0.11679245383838571,38.135177565292715,5.0912535254181481,103.06824310131108,1.7982610284035514,234.20173897159637,0.00077325968339457811,972.99922674031757,972.99922674031757,992.4668322994562,4185.5331677005488,4185.5331677005488,16.600000000000001
198,116,5.0734177530042608,48.433980178851328,7.2352882990698033,1.3064340482914343,0.11668323636663668,38.069484783486352,5.0830574570902893,103.18905217569582,1.7880252748359078,234.211974725164,0.00076065177198879667,972.99923934822903,972.99923934822903,990.54694728603261,4187.4530527139714,4187.4530527139714,16.600000000000001
198.25,116,5.0802859623478707,48.496539244646307,7.1923003429786521,1.3028148029685394,0.11657391879377667,38.00378607124351,5.0748582899615222,103.30966657405432,1.7778651466981319,234.22213485330178,0.00074827047680262168,972.99925172952419,972.99925172952419,988.63386101108654,4189.3661389889176,4189.3661389889176,16.600000000000001
198.5,116,5.0871591722472989,48.559095943533947,7.1495128029412527,1.2991984384422326,0.11646450069514731,37.938081945081386,5.066656089268907,103.43008622357139,1.7677800184116343,234.23221998158829,0.0007361114207854654,972.99926388858023,972.99926388858023,986.7275495683225,4191.272450431682,4191.272450431682,16.600000000000001
198.75,116,5.0940373185579455,48.621649799875364,7.1069251452216813,1.2955849789334617,0.11635498165822734,37.87237292097501,5.0584509202311185,103.55031105298083,1.757769269970932,234.24223073002898,0.00072417031639935116,972.99927582968462,972.99927582968462,984.82798912982923,4193.1720108701757,4193.1720108701757,16.600000000000001
199,116,5.1009203372416652,48.684200338405468,7.0645368350348896,1.291974448722214,0.11624536128255418,37.806659514348112,5.0502428480475796,103.67034099256497,1.747832286891583,234.25216771310835,0.00071244296370443828,972.99928755703741,972.99928755703741,982.93515594587279,4195.0648440541318,4195.0648440541318,16.600000000000001
199.25,116,5.1078081643660136,48.746747084245129,7.0223473365595499,1.2883668721452581,0.11613563917964713,37.740942240063966,5.0420319378975975,103.79017597415429,1.7379684601586203,234.26203153984133,0.00070092524848652002,972.99929907475257,972.99929907475257,981.04902634469124,4196.9509736553127,4196.9509736553127,16.600000000000001
199.5,116,5.114700736103531,48.809289562913399,6.9803561129509939,1.2847622735937059,0.11602581497302117,37.675221612416358,5.0338182549393169,103.90981593112691,1.7281771861754525,234.27182281382449,0.00068961314035700981,972.99931038686077,972.99931038686077,979.16957673228819,4198.8304232677165,4198.8304232677165,16.600000000000001
199.75,116,5.1215979887310281,48.871827300339859,6.9385626263541988,1.2811606775109114,0.11591588829804683,37.609498145120163,5.0256018643089417,104.02926079840806,1.7184578667133006,234.28154213328665,0.00067850269101275113,972.99932149731012,972.99932149731012,977.29678359222646,4200.7032164077782,4200.7032164077782,16.600000000000001
200,116,5.1284998586289223,48.934359822876978,6.8969663379168633,1.277562108390303,0.11580585880184716,37.543772351301953,5.0173828311198791,104.14851051246947,1.7088099088611111,234.29119009113882,0.00066759003250761078,972.9993324099687,972.9993324099687,975.43062348542253,4202.5693765145825,4202.5693765145825,16.600000000000001
200.25,116,5.1354062822805808,48.996886657312338,6.8555667078025548,1.2739665907730933,0.11569572614325425,37.478044743490749,5.0091612204617748,104.2675650113289,1.6992327249759303,234.30076727502401,0.00065687137551812198,972.99934312862558,972.99934312862558,973.57107304994145,4204.4289269500632,4204.4289269500632,16.600000000000001
200.5,116,5.1423171962717005,49.059407330881008,6.8143631952039243,1.2703741492460618,0.11558548999273725,37.412315833608503,5.0009370973995715,104.38642423454951,1.689725732633762,234.3102742673662,0.0006463430076696921,972.99935365699343,972.99935365699343,971.7181090007889,4206.2818909992156,4206.2818909992156,16.600000000000001
200.75,116,5.1492325372897083,49.12192137127785,6.7733552583559948,1.266784808439346,0.11547515003233093,37.346586132960773,4.9927105269725818,104.5050881232393,1.6802883545808986,234.31971164541903,0.00063600129190068686,972.99936399870921,972.99936399870921,969.8717081297068,4208.1282918702982,4208.1282918702982,16.600000000000001
201,116,5.1561522421231887,49.184428306669908,6.732542354549504,1.2631985930242668,0.11536470595557724,37.280856152227067,4.9844815741934676,104.62355662005044,1.670920018685712,234.32907998131424,0.00062584266485320454,972.99937415733643,972.99937415733643,968.03184730496525,4209.9681526950399,4209.9681526950399,16.600000000000001
201.25,116,5.1630762476613343,49.246927665708604,6.6919239401443473,1.2596155277112808,0.11525415746751917,37.215126401451279,4.9762503040469799,104.74182966917893,1.6616201578908836,234.33837984210905,0.0006158636352584792,972.99938413636596,972.99938413636596,966.19850347115414,4211.8014965288503,4211.8014965288503,16.600000000000001
201.5,116,5.1700044908934197,49.309418977542251,6.6514994705830341,1.2560356372476196,0.11514350428455131,37.149397390032163,4.9680167814893563,104.8599072163636,1.6523882101661576,234.34761178983379,0.00060606078247390149,972.99939393921863,972.99939393921863,964.3716536489801,4213.6283463510244,4213.6283463510244,16.600000000000001
201.75,116,5.1769369089082948,49.371901771828391,6.6112684004042466,1.2524589464151754,0.1150327461343775,37.083669626713771,4.9597810714472237,104.97778920888553,1.6432236184615019,234.35677638153845,0.00059643075496902437,972.99940356924628,972.99940356924628,962.55127493506018,4215.4487250649445,4215.4487250649445,16.600000000000001
202,116,5.1838734388939161,49.434375578746078,6.5712301832564499,1.2488854800283669,0.11492188275595608,37.017943619575689,4.9515432388165275,105.09547559556732,1.6341258306607231,234.36587416933924,0.00058697026885648376,972.9994130297323,972.9994130297323,960.73734450171526,4217.2626554982899,4217.2626554982899,16.600000000000001
202.25,116,5.1908140181368791,49.496839929008338,6.5313842719115565,1.2453152629319975,0.11481091389943988,36.952219876023356,4.9433033484615025,105.21296632677247,1.6250942995355262,234.37490570046444,0.00057767610646120048,972.99942232389469,972.99942232389469,958.92983959676246,4219.070160403242,4219.070160403242,16.600000000000001
202.5,116,5.1977585840220009,49.559294353874456,6.4917301182786558,1.241748319999129,0.11469983932611848,36.886498902778307,4.9350614652136073,105.3302613544045,1.6161284827000206,234.38387151729995,0.00056854511492185854,972.99943145488635,972.99943145488635,957.12873754331031,4220.8712624566951,4220.8712624566951,16.600000000000001
202.75,116,5.204707074031889,49.621738385162494,6.4522671734178081,1.2381846761289408,0.11458865880825082,36.820781205868428,4.9268176538708364,105.44736063190604,1.6072278425656445,234.39277215743431,0.00055957420479730896,972.99944042579648,972.99944042579648,955.33401573955587,4222.6659842604486,4222.6659842604486,16.600000000000001
203,116,5.2116594257465563,49.684171555261742,6.4129948875538911,1.2346243562446118,0.11447737212894318,36.755067290618157,4.9185719791968667,105.56426411425785,1.5983918462965305,234.40160815370342,0.00055076034871435445,972.99944923965256,972.99944923965256,953.54565165858219,4224.4543483414218,4224.4543483414218,16.600000000000001
203.25,116,5.2186155768430726,49.746593397144828,6.3739127100904787,1.2310673852912597,0.11436597908228763,36.689357661638574,4.9103245059192977,105.68097175797843,1.5896199657653263,234.41038003423461,0.00054210058010839481,972.99945789942115,972.99945789942115,951.76362284814297,4226.2363771518612,4226.2363771518612,16.600000000000001
203.5,116,5.2255754650952104,49.80900344438021,6.3350200896237956,1.2275137882338365,0.11425447947319399,36.623652822817569,4.9020752987289455,105.79748352112298,1.5809116775094036,234.41908832249055,0.00053359199191967068,972.99946640800931,972.99946640800931,949.98790693046192,4228.012093069543,4228.012093069543,16.600000000000001
203.75,116,5.2325390283731208,49.87140123114456,6.2963164739567228,1.2239635900550492,0.11414287311731502,36.557953277309977,4.8938244222787946,105.91379936328246,1.5722664626875025,234.42773353731243,0.00052523173534085844,972.99947476826594,972.99947476826594,948.21848160202751,4229.7815183979774,4229.7815183979774,16.600000000000001
204,116,5.2395062046430372,49.933786292235126,6.2578013101128453,1.2204168157532933,0.11403115984097077,36.492259527527587,4.8855719411829517,106.02991924558268,1.5636838070367847,234.43631619296315,0.0005170170185929625,972.99948298298261,972.99948298298261,946.45532463338725,4231.5446753666174,4231.5446753666174,16.600000000000001
204.25,116,5.2464769319669919,49.996158163082107,6.2194740443505552,1.2168734903405947,0.11391933948108024,36.426572075129251,4.8773179200155727,106.14584313068326,1.5551632008303022,234.44483679916962,0.00050894510572712368,972.99949105489554,972.99949105489554,944.69841386894382,4233.3015861310605,4233.3015861310605,16.600000000000001
204.5,116,5.2534511485025694,50.058516379760697,6.1813341221771996,1.2133336388404792,0.11380741188531819,36.360891421010962,4.8690624233090718,106.26157098277729,1.5467041388348433,234.45329586116509,0.00050101331541230578,972.99949898668592,972.99949898668592,942.94772722674111,4235.0522727732632,4235.0522727732632,16.600000000000001
204.75,116,5.2604287925026609,50.120860479003696,6.1433809883632691,1.2097972862860011,0.11369537691186297,36.295218065295799,4.860805515553607,106.37710276758979,1.5383061202692323,234.46169387973072,0.00049321901982311356,972.99950678098151,972.99950678098151,941.20324269826619,4236.7967573017386,4236.7967573017386,16.600000000000001
205,116,5.2674098023152371,50.183189998213841,6.1056140869566349,1.2062644577177282,0.11358323442928858,36.229552507323923,4.8525472611960963,106.49243845237665,1.5299686487630157,234.47003135123691,0.00048555964352709743,972.99951444035776,972.99951444035776,939.46493834824594,4238.535061651758,4238.535061651758,16.600000000000001
205.25,116,5.2743941163831636,50.245504475476039,6.0680328612968335,1.2027351781816975,0.11347098431656934,36.16389524564255,4.8442877246388916,106.60757800592378,1.5216912323155272,234.47830876768441,0.00047803266237684395,972.99952196733886,972.99952196733886,937.73279231443973,4240.2672076855642,4240.2672076855642,16.600000000000001
205.5,116,5.2813816732440095,50.30780344956969,6.0306367540293842,1.1992094727274036,0.11335862646302451,36.098246777995897,4.8360269702386223,106.72252139854599,1.5134733832553513,234.48652661674458,0.00047063560243761998,972.99952936439888,972.99952936439888,936.006782807435,4241.9932171925693,4241.9932171925693,16.600000000000001
205.75,116,5.2883724115299016,50.370086459980904,5.9934252071201524,1.1956873664057963,0.11324616076826487,36.032607601315149,4.827765062305029,106.83726860208593,1.5053146182001773,234.49468538179974,0.00046336603893889301,972.99953663396229,972.99953663396229,934.28688811044219,4243.7131118895622,4243.7131118895622,16.600000000000001
206,116,5.2953662699673769,50.432353046914876,5.9563976618697465,1.1921688842673206,0.11313358714209884,35.966978211708351,4.8195020650999032,106.95181958991293,1.4972144580170315,234.50278554198289,0.00045622159524175506,972.99954377840606,972.99954377840606,932.57308657909141,4245.4269134209144,4245.4269134209144,16.600000000000001
206.25,116,5.3023631873772485,50.49460275130825,5.9195535589279826,1.1886540513600756,0.11302090550431286,35.901359104450144,4.8112380428363712,107.06617433692145,1.4891724277828762,234.51082757221707,0.00044919994180669378,972.99955080005941,972.99955080005941,930.86535664123335,4247.1346433587714,4247.1346433587714,16.600000000000001
206.5,116,5.3093631026745234,50.556835114841135,5.8828923383083218,1.1851428927276566,0.11290811578484654,35.835750773971867,4.8029730596770683,107.18033281953059,1.4811880567456313,234.51881194325429,0.00044229879525316989,972.99955770120596,972.99955770120596,929.16367679672817,4248.8363232032771,4248.8363232032771,16.600000000000001
206.75,116,5.3163659548683153,50.619049679949363,5.8464134394023901,1.1816354334072623,0.11279521792366207,35.770153713851428,4.7947071797331651,107.29429501568244,1.4732608782855361,234.5267391217144,0.00043551591738691511,972.99956448408398,972.99956448408398,927.46802561724326,4250.5319743827622,4250.5319743827622,16.600000000000001
207,116,5.3233716830617732,50.681245989836732,5.8101163009945216,1.1781316984277692,0.112682211870665,35.704568416803085,4.7864404670632368,107.40806090484107,1.4653904298768836,234.53460957012305,0.00042884911425758844,972.99957115088705,972.99957115088705,925.77838174605108,4252.2216182539541,4252.2216182539541,16.600000000000001
207.25,116,5.3303802264520366,50.743423588487161,5.7740003612763262,1.1746317128078096,0.11256909758563943,35.638995374667381,4.7781729856720885,107.5216304679911,1.4575762530501248,234.54242374694979,0.00042229623523985517,972.99957770376602,972.99957770376602,924.09472389782513,4253.9052761021803,4253.9052761021803,16.600000000000001
207.5,116,5.3373915243302044,50.805582020676873,5.7380650578612968,1.1711355015538587,0.1124558750381825,35.573435078400912,4.7699047995095789,107.63500368763651,1.4498178933543351,234.55018210664556,0.000415855172134864,972.9995841448291,972.9995841448291,922.41703085843744,4255.5829691415674,4255.5829691415674,16.600000000000001
207.75,116,5.3444055160813253,50.867720831986439,5.7023098277994331,1.1676430896582359,0.11234254420768154,35.507888018066339,4.7616359724693629,107.74818054779929,1.442114900320024,234.55788509967991,0.00040952385827245611,972.999590476143,972.999590476143,920.74528148475486,4257.2547185152507,4257.2547185152507,16.600000000000001
208,116,5.3514221411843996,50.929839568812945,5.6667341075919166,1.1641545020971873,0.11222910508326113,35.442354682822234,4.7533665683876833,107.86116103401805,1.4344668274223153,234.5655331725776,0.00040330026764605483,972.99959669973362,972.99959669973362,919.07945470443701,4258.9205452955684,4258.9205452955684,16.600000000000001
208.25,116,5.358441339212404,50.991937778382059,5.6313373332057672,1.1606697638291472,0.11211555766365511,35.376835560912752,4.7450966510422763,107.97394513334675,1.426873232044499,234.57312676795544,0.00039718241409958984,972.99960281758706,972.99960281758706,917.4195295157341,4260.5804704842712,4260.5804704842712,16.600000000000001
208.5,116,5.3654630498323206,51.054015008760125,5.5961189400885694,1.1571888997927877,0.11200190195717753,35.311331139657604,4.7368262841511211,108.08653283435308,1.4193336754419033,234.580666324558,0.00039116835048907782,972.99960883165079,972.99960883165079,915.76548498728425,4262.2345150127203,4262.2345150127203,16.600000000000001
208.75,116,5.372487212805205,51.116070808866141,5.561078363183193,1.1537119349051492,0.11188813798166161,35.245841905441871,4.7285555313712182,108.19892412711725,1.4118477227061201,234.5881522772938,0.00038525616787651347,972.99961474383338,972.99961474383338,914.11730025791223,4263.8826997420929,4263.8826997420929,16.600000000000001
209,116,5.3795137679862481,51.178104728483724,5.5262150369425518,1.1502388940597832,0.1117742657643986,35.180368343705872,4.7202844562973851,108.31111900323037,1.4044149427295753,234.59558505727034,0.00037944399474153874,972.99962055600645,972.99962055600645,912.4749545364275,4265.525045463578,4265.525045463578,16.600000000000001
209.25,116,5.3865426553248659,51.240116318273181,5.4915283953443659,1.1467698021249098,0.11166028534207982,35.114910938934983,4.712013122461018,108.42311745579299,1.3970349081704327,234.60296509182947,0.00037372999620895978,972.99962627000502,972.99962627000502,910.83842710142244,4267.1615728985826,4267.1615728985826,16.600000000000001
209.5,116,5.3935738148648067,51.302105129783264,5.4570178719059754,1.1433046839416974,0.11154619676079537,35.049470174649464,4.703741593328548,108.53491947941387,1.3897071954178088,234.61029280458209,0.00036811237326608241,972.99963188762797,972.99963188762797,909.20769730106792,4268.7923026989374,4268.7923026989374,16.600000000000001
209.75,116,5.4006071867442662,51.364070715463185,5.422682899699125,1.1398435643223266,0.11143200007591841,34.984046533394334,4.6954699323005151,108.64652507020814,1.382431384557375,234.61756861544254,0.00036258936205201778,972.99963741063914,972.99963741063914,907.58274455291553,4270.4172554470897,4270.4172554470897,16.600000000000001
210,116,5.4076427111960195,51.426012628674492,5.3885229113647934,1.1363864680481761,0.11131769535204397,34.918640496729296,4.6871982027103378,108.75793422579569,1.3752070593372652,234.62479294066264,0.00035715923313716394,972.99964284076816,972.99964284076816,905.96354834369765,4272.0364516563077,4272.0364516563077,16.600000000000001
210.25,116,5.4146803285475729,51.487930423702828,5.3545373391280338,1.1329334198680518,0.11120328266294764,34.853252545218623,4.6789264678229783,108.8691469452997,1.3680338071342963,234.63196619286563,0.00035182029080932869,972.99964817971045,972.99964817971045,904.35008822912505,4273.6499117708809,4273.6499117708809,16.600000000000001
210.5,116,5.4217199792213275,51.549823655769792,5.3207256148128224,1.1294844444964001,0.11108876209153064,34.787883158420975,4.6706547908336811,108.98016322934494,1.3609112189205221,234.63908878107941,0.00034657087238237769,972.9996534291289,972.9996534291289,902.74234383368753,4275.2576561663182,4275.2576561663182,16.600000000000001
210.75,116,5.4287616037347544,51.611691881044635,5.2870871698569211,1.1260395666115346,0.11097413372976558,34.722532814879337,4.6623832348666969,109.09098308005611,1.353838889230103,234.64616111076981,0.00034140934752018151,972.99965859065367,972.99965859065367,901.14029485045342,4276.8597051495517,4276.8597051495517,16.600000000000001
211,116,5.4358051427005929,51.673534656655995,5.2536214353267532,1.1225988108538729,0.11085939767864345,34.65720199211092,4.6541118629740117,109.20160650105615,1.3468164161264959,234.65318358387341,0.00033633411757559535,972.99966366588365,972.99966366588365,899.54392104086969,4278.4560789591351,4278.4560789591351,16.600000000000001
211.25,116,5.4428505368270477,51.735351540703654,5.220327841932292,1.1191622018242158,0.11074455404805793,34.591891166597037,4.6458407381342584,109.3120334974645,1.3398434011699292,234.66015659882999,0.00033134361491739061,972.99966865638635,972.99966865638635,897.95320223456508,4280.0467977654398,4280.0467977654398,16.600000000000001
211.5,116,5.4498977269180093,51.797142092270242,5.1872058200419717,1.1157297640820367,0.1106296029567001,34.52660081377303,4.6375699232516068,109.42226407589501,1.3329194493851946,234.66708055061474,0.00032643630227554925,972.99967356369893,972.99967356369893,896.36811832915248,4281.6318816708535,4281.6318816708535,16.600000000000001
211.75,116,5.4569466538732989,51.858905871432611,5.1542547996975401,1.1123015221436798,0.11051454453215052,34.461331408018275,4.6292994811540069,109.53229824445469,1.3260441692298257,234.67395583077013,0.00032161067218425531,972.99967838932889,972.99967838932889,894.78864929002498,4283.2113507099803,4283.2113507099803,16.600000000000001
212,116,5.4639972586889085,51.920642439273543,5.1214742106289792,1.108877500480681,0.11039937891075267,34.396083422646129,4.6210294745921319,109.64213601274169,1.3192171725624953,234.68078282743744,0.0003168652463456927,972.99968313475483,972.99968313475483,893.2147751501592,4284.7852248498457,4284.7852248498457,16.600000000000001
212.25,116,5.4710494824572686,51.982351357893208,5.0888634822694137,1.1054577235180705,0.11028410623755133,34.330857329893917,4.6127599662381158,109.75177739184329,1.3124380746117341,234.6875619253882,0.00031219857503478023,972.99968780142615,972.99968780142615,891.64647600991839,4286.3535239900866,4286.3535239900866,16.600000000000001
212.5,116,5.4781032663675138,52.044032190420658,5.0564220437700111,1.1020422156326868,0.11016872666623208,34.265653600912927,4.6044910186842811,109.86122239433422,1.3057064939449561,234.69429350605498,0.0003076092365175798,972.99969239076461,972.99969239076461,890.08373203685369,4287.9162679631518,4287.9162679631518,16.600000000000001
212.75,116,5.4851585517057719,52.10568450102528,5.0241493240148953,1.0986310011515001,0.11005324035906042,34.200472705758408,4.5962226944418578,109.97047103427464,1.2990220524377731,234.70097794756217,0.00030309583648244762,972.99969690416469,972.99969690416469,888.52652346550735,4289.4734765344983,4289.4734765344983,16.600000000000001
213,116,5.4922152798554693,52.167307854928112,4.9920447516360547,1.0952241043499404,0.10993764748683184,34.135315113379662,4.5879550559396858,110.07952332720819,1.2923843752436037,234.70761562475633,0.00029865700748036352,972.9997013429936,972.9997013429936,886.97483059721515,4291.0251694027902,4291.0251694027902,16.600000000000001
213.25,116,5.4992733922976411,52.228901818413128,4.9601077550282637,1.0918215494501187,0.10982194822892828,34.070181291610197,4.5796881655225921,110.18837929016026,1.2857930907635304,234.71420690923637,0.00029429140834665132,972.99970570859284,972.99970570859284,885.42863379990638,4292.5713662000999,4292.5713662000999,16.600000000000001
213.5,116,5.5063328306112522,52.290465958838602,4.928337762363963,1.0884233606193308,0.10970614277312614,34.005071707157704,4.5714220854504921,110.29703894163573,1.2792478306165331,234.72075216938339,0.00028999772370629417,972.99971000227742,972.99971000227742,883.88791350791132,4294.1120864920949,4294.1120864920949,16.600000000000001
213.75,116,5.5133935364735338,52.351999844648354,4.8967342016081679,1.0850295619684103,0.10959023131555536,33.939986825594161,4.5631568778970477,110.40550230161701,1.2727482296099577,234.72725177038996,0.00028577466344736462,972.9997142253377,972.9997142253377,882.35265022176361,4295.6473497782426,4295.6473497782426,16.600000000000001
214,116,5.5204554516603279,52.413503045382875,4.8652965005333568,1.081640177550085,0.10947421406066642,33.874927111346061,4.5548926049483045,110.51376939156188,1.2662939257102572,234.73370607428967,0.00028162096220358277,972.999718379039,972.999718379039,880.82282450800506,4297.1771754920001,4297.1771754920001,16.600000000000001
214.25,116,5.5275185180464534,52.47497513169052,4.8340240867343613,1.0782552313573657,0.10935809122117701,33.809893027684502,4.5466293286013855,110.62184023440156,1.2598845600140236,234.74011543998591,0.00027753537885411668,972.99972246462232,972.99972246462232,879.29841699898896,4298.7015830010168,4298.7015830010168,16.600000000000001
214.5,116,5.534582677606072,52.536415675338496,4.8029163876432426,1.0748747473219502,0.10924186301801904,33.74488503671548,4.5383671107631836,110.72971485453847,1.2535197767192943,234.74648022328063,0.00027351669603430188,972.99972648330515,972.99972648330515,877.77940839268547,4300.2205916073199,4300.2205916073199,16.600000000000001
214.75,116,5.5416478724130718,52.597824249223947,4.7719728305441622,1.0714987493126344,0.10912552968028642,33.679903599370078,4.530106013249048,110.83739327784414,1.2471992230971334,234.75280077690277,0.00026956371965709369,972.99973043628154,972.99973043628154,876.26577945248596,4301.7342205475197,4301.7342205475197,16.600000000000001
215,116,5.5487140446414536,52.659200427384988,4.7411928425882435,1.0681272611338235,0.10900909144513544,33.614949175394614,4.5218460977815704,110.94487553165695,1.2409225494634519,234.75907745053649,0.00026567527842199807,972.99973432472268,972.99973432472268,874.75751100700995,4303.2424889929953,4303.2424889929953,16.600000000000001
215.25,116,5.5557811365657388,52.720543785011564,4.7105758508084383,1.064760306523983,0.10889254855772439,33.550022223340996,4.513587425989293,111.05216164477991,1.2346894091511231,234.76531059084883,0.0002618502233528585,972.99973814977784,972.99973814977784,873.25458394991108,4304.7454160500947,4304.7454160500947,16.600000000000001
215.5,116,5.5628490905613823,52.781853898456291,4.6801212821343157,1.0613979091539689,0.10877590127123256,33.485123200557133,4.5053300594052352,111.15925164747844,1.2284994584824112,234.77150054151753,0.00025808742738341398,972.99974191257365,972.99974191257365,871.75697923968073,4306.2430207603256,4306.2430207603256,16.600000000000001
215.75,116,5.5699178491051988,52.84313034524525,4.6498285634069019,1.0580400926255615,0.10865914984676735,33.420252563177229,4.4970740594656684,111.26614557147822,1.2223523567415948,234.77764764325832,0.00025438578489890318,972.99974561421618,972.99974561421618,870.26467789945639,4307.7353221005487,4307.7353221005487,16.600000000000001
216,116,5.5769873547757927,52.904372704088757,4.6196971213934823,1.0546868804699503,0.10854229455330859,33.3554107661122,4.4888194875088043,111.37284344996259,1.2162477661478714,234.78375223385206,0.00025074421130507637,972.99974925578977,972.99974925578977,868.77766101682778,4309.2223389831779,4309.2223389831779,16.600000000000001
216.25,116,5.584057550254002,52.965580554892057,4.5897263828023833,1.0513382961462303,0.10842533566765318,33.29059826304006,4.4805664047734801,111.47934531757053,1.2101853518285233,234.78981464817139,0.00024716164260655453,972.99975283835852,972.99975283835852,867.2959097436443,4310.7040902563613,4310.7040902563613,16.600000000000001
216.5,116,5.5911283783233552,53.02675347876594,4.559915774297739,1.0479943630399127,0.10830827347435948,33.225815506396437,4.4723148723978534,111.58565121039403,1.2041647817923367,234.7958352182076,0.00024363703499431644,972.99975636296608,972.99975636296608,865.81940529582278,4312.180594704183,4312.180594704183,16.600000000000001
216.75,116,5.5981997818705294,53.087891058037314,4.5302647225142429,1.0446551044614287,0.10819110826569339,33.161062947365053,4.4640649514180941,111.69176116597585,1.1981857269032685,234.80181427309668,0.0002401693644380618,972.99975983063666,972.99975983063666,864.34812895315463,4313.6518710468517,4313.6518710468517,16.600000000000001
217,116,5.6052717038858226,53.148992876259697,4.5007726540718931,1.0413205436445663,0.1080738403415831,33.096341035868335,4.4558167027671427,111.79767522330683,1.1922478608543334,234.80775213914561,0.00023675762626628987,972.99976324237491,972.99976324237491,862.88206205911717,4315.1179379408895,4315.1179379408895,16.600000000000001
217.25,116,5.6123440874636366,53.210058518223704,4.471438995590665,1.0379907037451466,0.10795647000955001,33.031650220557971,4.4475701872733104,111.9033934228237,1.1863508601418209,234.81364913985811,0.00023340083481185651,972.99976659916638,972.99976659916638,861.42118602067853,4316.5788139793276,4316.5788139793276,16.600000000000001
217.5,116,5.6194168758029672,53.271087569967364,4.4422631737052045,1.0346656078395537,0.10783899758465659,32.966990948805474,4.4393254656589978,112.00891580640645,1.1804944040397025,234.81950559596024,0.00023009802302529142,972.99976990197808,972.99976990197808,859.9654823081089,4318.0345176918972,4318.0345176918972,16.600000000000001
217.75,116,5.6264900122078974,53.332079618786494,4.4132446150794884,1.0313452789232871,0.10772142338945238,32.902363666692878,4.4310825985393931,112.11424241737585,1.1746781745742849,234.82532182542565,0.00022684824210003856,972.99977315175909,972.99977315175909,858.51493245478912,4319.4850675452171,4319.4850675452171,16.600000000000001
218,116,5.6335634400881123,53.393034253244927,4.3843827464214478,1.0280297399095428,0.10760374775391865,32.837768819003507,4.4228416464211708,112.21937330049076,1.1689018564991078,234.83109814350081,0.00022365056110896231,972.99977634944003,972.99977634944003,857.06951805702079,4320.9304819429854,4320.9304819429854,16.600000000000001
218.25,116,5.6406371029594062,53.453951063184697,4.3556769944975819,1.024719013627807,0.10748597101541292,32.773206849212691,4.4146026697011873,112.32430850194567,1.1631651372700837,234.83683486272983,0.00022050406664866261,972.99977949593449,972.99977949593449,855.62922077383655,4322.3707792261694,4322.3707792261694,16.600000000000001
218.5,116,5.6477109444442117,53.514829639736163,4.3271267861475264,1.0214131228224614,0.1073680935186134,32.708678199478562,4.4063657286651816,112.42904806936801,1.1574677070208721,234.84253229297906,0.00021740786249143325,972.99978259213867,972.99978259213867,854.19402232681125,4323.8059776731952,4323.8059776731952,16.600000000000001
218.75,116,5.6547849082721289,53.575669575328028,4.2987315482986252,1.0181120901514233,0.10725011561550886,32.644183310632918,4.3981308834862585,112.53359205181562,1.1518092585384558,234.84819074146148,0.00021436106922739076,972.99978563893183,972.99978563893183,852.76390449986991,4325.2360955001368,4325.2360955001368,16.600000000000001
219,116,5.661858938280468,53.636470463697343,4.2704907079804304,1.014815938184771,0.10713203766532962,32.579722622172106,4.3898981942236555,112.63794049977406,1.1461894872389895,234.85381051276093,0.00021136282393645497,972.99978863717729,972.99978863717729,851.33884913909958,4326.6611508609076,4326.6611508609076,16.600000000000001
219.25,116,5.6689329784147908,53.697231899899428,4.242403692339181,1.011524689403368,0.10701386003445529,32.515296572247962,4.3816677208216195,112.74209346515376,1.1406080911438989,234.85939190885603,0.00020841227987637229,972.99979158772135,972.99979158772135,849.91883815256449,4328.0811618474427,4328.0811618474427,16.600000000000001
219.5,116,5.6760069727294615,53.757953480317745,4.2144699286522691,1.0082383661975354,0.1068955830963879,32.450905597658881,4.3734395231079866,112.84605100128728,1.1350647708561563,234.86493522914378,0.00020550860615296942,972.99979449139505,972.99979449139505,848.50385351011539,4329.4961464898915,4329.4961464898915,16.600000000000001
219.75,116,5.6830808653882166,53.818634802673607,4.1866888443426546,1.0049569908657208,0.10677720723170121,32.386550133840764,4.3652136607928602,112.94981316292665,1.1295592295368018,234.87044077046315,0.0002026509874065186,972.99979734901376,972.99979734901376,847.09387724320266,4330.9061227568036,4330.9061227568036,16.600000000000001
220,116,5.690154600664723,53.879275466035935,4.1590598669932515,1.0016805856131836,0.10665873282799034,32.322230614858171,4.3569901934672997,113.05338000624045,1.1240911728816847,234.87590882711825,0.00019983862350478912,972.99980016137761,972.99980016137761,845.68889144468869,4332.3111085553182,4332.3111085553182,16.600000000000001
220.25,116,5.6972281229431623,53.939875070830865,4.1315824243612793,0.99840917255069161,0.10654016027982237,32.257947473395468,4.3487691806020061,113.15675158881109,1.118660309098428,234.88133969090151,0.00019707072924267011,972.99980292927194,972.99980292927194,844.28887826866151,4333.711121731345,4333.711121731345,16.600000000000001
220.5,116,5.704301376718802,54.000433218851327,4.104255944392575,0.99514277369324156,0.10642148998866352,32.193701140747976,4.3405506815460937,113.25992796963179,1.1132663488836021,234.88673365111632,0.00019434653404354035,972.99980565346709,972.99980565346709,842.8938199302487,4335.1061800697571,4335.1061800697571,16.600000000000001
220.75,116,5.7113743065985787,54.060949513266635,4.0770798552358931,0.99188141095882343,0.10630272236274095,32.129492046813233,4.3323347555261185,113.36290920910353,1.1079090054000929,234.89209099459981,0.0001916652816538555,972.99980833471943,972.99980833471943,841.50369870543545,4336.4963012945709,4336.4963012945709,16.600000000000001
221,116,5.7184468573017035,54.121423558631768,4.050053585257106,0.98862510616709631,0.1061838578171254,32.065320620082318,4.324121461644264,113.46569536903243,1.102587994254759,234.89741200574517,0.00018902622988762431,972.99981097377122,972.99981097377122,840.11849693087311,4337.881503069133,4337.881503069133,16.600000000000001
221.25,116,5.7255189736602574,54.181854960896722,4.0231765630534113,0.98537388103815993,0.10606489677363606,32.001187287631232,4.3159108588772206,113.56828651262667,1.0973030334762424,234.90269696652368,0.00018642865034161185,972.99981357135073,972.99981357135073,838.73819700369609,4339.2618029963096,4339.2618029963096,16.600000000000001
221.5,116,5.7325906006197975,54.2422433274158,3.9964482174674885,0.98212775719132461,0.10594583966077678,31.937092475112312,4.3077030060749246,113.67068270449352,1.0920538434929987,234.90794615650691,0.00018387182812271198,972.99981612817305,972.99981612817305,837.36278138133707,4340.6372186186691,4340.6372186186691,16.600000000000001
221.75,116,5.7396616832399641,54.302588266956803,3.9698679776016093,0.97888675614389054,0.10582668691368063,31.873036606745664,4.2994979619592879,113.7728840106362,1.086840147111539,234.91315985288836,0.00018135506158272212,972.99981864493964,972.99981864493964,835.99223258134327,4342.0077674186632,4342.0077674186632,16.600000000000001
222,116,5.7467321666950983,54.362889389710162,3.9434352728317079,0.9756508993099422,0.10570743897405381,31.809020105310747,4.2912957851229221,113.87489049845097,1.0816616694948766,234.91833833050504,0.00017887766205873195,972.99982112233909,972.99982112233909,834.62653318119283,4343.3734668188126,4343.3734668188126,16.600000000000001
222.25,116,5.7538019962748672,54.423146307297962,3.9171495328214028,0.9724202079991533,0.1055880962901203,31.745043392137912,4.2830965340278651,113.9767022367239,1.0765181381411801,234.9234818618587,0.00017643895361883243,972.99982356104761,972.99982356104761,833.26566581811039,4344.7343341818951,4344.7343341818951,16.600000000000001
222.5,116,5.760871117384891,54.48335863278276,3.8910101875359917,0.9691947034155175,0.10546865931665618,31.681106887100182,4.2749002670040284,114.07831929562798,1.0714092828625952,234.92859071713733,0.00017403827280010074,972.99982596172833,972.99982596172833,831.90961318888276,4346.0903868111227,4346.0903868111227,16.600000000000001
222.75,116,5.7679394755473758,54.543525980676648,3.8650166672563731,0.96597440665623879,0.10534912851487641,31.617211008604869,4.2667070422481128,114.17974174671987,1.0663348357643174,234.93366516423558,0.00017167496837332738,972.99982832503281,972.99982832503281,830.55835804967705,4347.4416419503286,4347.4416419503286,16.600000000000001
223,116,5.7750070164017453,54.603647966949971,3.8391684025929251,0.96275933871061448,0.10522950435234109,31.553356173585343,4.2585169178224751,114.28096966293666,1.0612945312238609,234.93870546877605,0.00016934840111006443,972.99983065160018,972.99983065160018,829.2118832158601,4348.7881167841451,4348.7881167841451,16.600000000000001
223.25,116,5.7820736857052815,54.663724209040062,3.8134648244993499,0.95954952045885622,0.10510978730293948,31.489542797492867,4.2503299516537441,114.38200311859258,1.0562881058704909,234.94371189412939,0.00016705794354337632,972.99983294205776,972.99983294205776,827.8701715618156,4350.1298284381901,4350.1298284381901,16.600000000000001
223.5,116,5.7891394293337788,54.7237543258599,3.7879053642864573,0.95634497267095731,0.10498997784683971,31.425771294288538,4.2421462015315479,114.482842189376,1.0513152985648671,234.94868470143504,0.00016480297973855493,972.99983519702153,972.99983519702153,826.53320602076212,4351.4667939792434,4351.4667939792434,16.600000000000001
223.75,116,5.7962041932821862,54.783737937806606,3.762489453635907,0.95314571600557185,0.10487007647043914,31.362042076435205,4.2339657251072493,114.58348695234596,1.0463758503788763,234.95362414962102,0.00016258290506865469,972.99983741709616,972.99983741709616,825.20096958457293,4352.7990304154328,4352.7990304154328,16.600000000000001
224,116,5.8032679236652625,54.843674666769971,3.7372165246138884,0.9499517710089086,0.10475008366631501,31.298355554889554,4.2257885798926802,114.68393748592899,1.0414695045756588,234.95853049542424,0.00016039712599476559,972.99983960287523,972.99983960287523,823.87344530359428,4354.1265546964105,4354.1265546964105,16.600000000000001
224.25,116,5.8103305667182417,54.903564136140837,3.7120860096847625,0.94676315811366862,0.10462999993315522,31.234712139094107,4.2176148232589261,114.78419386991571,1.0365960065898092,234.96340399341011,0.00015824505984642732,972.99984175494126,972.99984175494126,822.55061628646672,4355.4493837135396,4355.4493837135396,16.600000000000001
224.5,116,5.8173920687974796,54.96340597081948,3.6870973417246553,0.94357989763803884,0.10450982577566308,31.17111223696935,4.2094445124351791,114.88425618545745,1.0317551040077564,234.96824489599214,0.00015612613460087919,972.99984387386644,972.99984387386644,821.23246569994524,4356.767534300061,4356.767534300061,16.600000000000001
224.75,116,5.824452376381136,55.023199797223725,3.6622499540349578,0.9404020097844944,0.10438956170459048,31.107556254906061,4.2012777045072909,114.98412451506294,1.0269465465483885,234.97305345345151,0.00015403978869461452,972.9998459602125,972.9998459602125,819.91897676871849,4358.081023231287,4358.081023231287,16.600000000000001
225,116,5.8315114360698361,55.082945243297132,3.6375432803558065,0.93722951463880055,0.10426920823665541,31.04404459775758,4.1931144564166027,115.0837989425949,1.0221700860438063,234.9778299139561,0.00015198547081406378,972.99984801453036,972.99984801453036,818.61013277523068,4359.3898672247751,4359.3898672247751,16.600000000000001
225.25,116,5.8385691945873432,55.142641938517066,3.6129767548795035,0.93406243216898144,0.10414876589448711,30.980577668832133,4.1849548249587167,115.18327955326652,1.0174254764202708,234.98257452357964,0.00014996263969647891,972.99985003736151,972.99985003736151,817.30591705950292,4360.694082940503,4360.694082940503,16.600000000000001
225.5,116,5.8456255987812353,55.202289513902649,3.5885498122638699,0.93090078222430039,0.10402823520657423,30.917155869885253,4.1767988667822591,115.28256643363808,1.0127124736793309,234.98728752632059,0.00014797076393561137,972.99985202923722,972.99985202923722,816.00631301895464,4361.9936869810508,4361.9936869810508,16.600000000000001
225.75,116,5.8526805956235846,55.261887602022682,3.5642618876455474,0.92774458453425268,0.10390761670721275,30.853779601112283,4.1686466383876546,115.38165967161338,1.0080308358791326,234.99196916412077,0.00014600932179144882,972.9998539906793,972.9998539906793,814.71130410822718,4363.2886958917788,4363.2886958917788,16.600000000000001
226,116,5.8597341322116341,55.32143583700342,3.5401124166532441,0.92459385870756949,0.10378691093645452,30.790449261140928,4.1604981961259027,115.48055935643623,1.0033803231158993,234.99661967688402,0.00014407780100340943,972.99985592220025,972.99985592220025,813.42087383900503,4364.5791261610002,4364.5791261610002,16.600000000000001
226.25,116,5.8667861557684899,55.38093385453633,3.5161008354209287,0.92144862423115803,0.10366611844006425,30.727165247023965,4.1523535961974414,115.57926557868679,0.9987606975055543,235.00123930249435,0.00014217569859477716,972.99985782430258,972.99985782430258,812.13500577984166,4365.8649942201646,4365.8649942201646,16.600000000000001
226.5,116,5.8738366136437978,55.440381291885679,3.492226580600938,0.91830890046921387,0.10354523976945856,30.663927954231855,4.1442128946508525,115.67777843027801,0.99417172316558733,235.00582827683434,0.00014030252070678883,972.99985969748059,972.99985969748059,810.85368355598098,4367.1463164440247,4367.1463164440247,16.600000000000001
226.75,116,5.8808854533144412,55.499777787896107,3.4684890893770364,0.91517470666227951,0.10342427548165259,30.600737776645524,4.1360761473816545,115.77609800445219,0.98961316619706174,235.01038683380287,0.00013845778242528955,972.99986154221881,972.99986154221881,809.57689084918138,4368.4231091508236,4368.4231091508236,16.600000000000001
227,116,5.8879326223852271,55.559122983000073,3.4448877994774172,0.91204606192627791,0.10330322613921078,30.537595106549215,4.127943410131115,115.87422439577709,0.98508479466677434,235.01491520533315,0.00013664100760511368,972.99986335899359,972.99986335899359,808.30461139754095,4369.6953886024648,4369.6953886024648,16.600000000000001
227.25,116,5.8949780685895803,55.618416519225235,3.4214221491876415,0.90892298525158621,0.10318209231019486,30.474500334623411,4.1198147384850694,115.97215770014243,0.98058637858959508,235.01941362141031,0.00013485172870197166,972.99986514827253,972.99986514827253,807.03682899532168,4370.9631710046833,4370.9631710046833,16.600000000000001
227.5,116,5.9020217397902401,55.677658040201713,3.3980915773635076,0.90580549550212175,0.10306087456811154,30.411453849937818,4.1116901878727248,116.06989801475605,0.97611768991097236,235.02388231008894,0.0001330894866078724,972.99986691051458,972.99986691051458,805.77352749277566,4372.22647250723,4372.22647250723,16.600000000000001
227.75,116,5.9090635839799548,55.736847191169304,3.3748955234438593,0.9026936114144416,0.10293957349186025,30.348456039944445,4.103569813565489,116.16744543814023,0.9716785024896043,235.02832149751032,0.00013135383049002746,972.99986864617074,972.99986864617074,804.51469079597064,4373.4853092040348,4373.4853092040348,16.600000000000001
228,116,5.9161035492821812,55.795983618984586,3.3518334274633279,0.89958735159685688,0.10281818966568063,30.285507290470708,4.0954536706757905,116.26480007012798,0.96726859208027272,235.03273140791964,0.00012964431763318453,972.9998703556837,972.9998703556837,803.26030286661558,4374.7396971333901,4374.7396971333901,16.600000000000001
228.25,116,5.9231415839517876,55.855066972127865,3.3289047300650165,0.89648673452854277,0.10269672367911584,30.222607985712692,4.0873418141558551,116.36196201185912,0.96288773631681868,235.03711226368313,0.00012796051327849454,972.99987203948797,972.99987203948797,802.01034772188802,4375.9896522781173,4375.9896522781173,16.600000000000001
228.5,116,5.9301776363757588,55.914096900710156,3.3061088725131365,0.89339177855861329,0.10257517612702187,30.15975850822846,4.0792342987963268,116.45893136577678,0.95853571469521881,235.04146428530473,0.00012630199044614884,972.99987369801079,972.99987369801079,800.76480943425781,4377.235190565747,4377.235190565747,16.600000000000001
228.75,116,5.9372116550738863,55.973073056479983,3.2834452967055032,0.89030250190538185,0.10245354760941593,30.096959238931341,4.071131179225465,116.55570823562321,0.95421230855702832,235.04578769144291,0.00012466832982963556,972.99987533167143,972.99987533167143,799.52367213131924,4378.476327868686,4378.476327868686,16.600000000000001
229,116,5.9442435886994858,56.031995092830165,3.2609134451860222,0.88721892265549218,0.10233183873145768,30.034210557083405,4.0630325099078757,116.65229272643609,0.94991730107281014,235.05008269892713,0.00012305911963664799,972.99987694088156,972.99987694088156,798.28691999561693,4379.7130800043888,4379.7130800043888,16.600000000000001
229.25,116,5.9512733860400893,56.090862664804447,3.2385127611570992,0.88414105876309035,0.10221005010340672,29.97151284028898,4.0549383451433405,116.74868494454442,0.94565047722574913,235.05434952277417,0.00012147395544319856,972.99987852604579,972.99987852604579,797.05453726447399,4380.9454627355317,4380.9454627355317,16.600000000000001
229.5,116,5.9583009960181572,56.149675429104022,3.2162426884919726,0.88106892804901504,0.10208818234057346,29.908866464488234,4.0468487390656618,116.84488499756488,0.94141162379543064,235.05858837620451,0.00011991244005359935,972.99988008756122,972.99988008756122,795.826508229821,4382.1734917701842,4382.1734917701842,16.600000000000001
229.75,116,5.9653263676917883,56.208433044094079,3.1941026717469807,0.87800254820000256,0.10196623606327036,29.846271803950874,4.038763745641524,116.94089299439769,0.93720052934177056,235.06279947065818,0.00011837418336334887,972.99988162581792,972.99988162581792,794.60281723802507,4383.3971827619807,4383.3971827619807,16.600000000000001
230,116,5.9723494502554155,56.267135169810061,3.1720921561737514,0.87494193676790433,0.10184421189676328,29.783729231269866,4.0306834186693621,117.03670904522269,0.93301698418909751,235.06698301581085,0.00011685880222487903,972.99988314119889,972.99988314119889,793.38344868971956,4384.616551310286,4384.616551310286,16.600000000000001
230.25,116,5.9793701930405261,56.325781467964049,3.1502105877313262,0.87188711116891782,0.10172211047122345,29.721239117355292,4.0226078117782285,117.13233326149535,0.92886078041038356,235.07113921958955,0.00011536592031611911,972.9998846340809,972.9998846340809,792.16838703963333,4385.8316129603727,4385.8316129603727,16.600000000000001
230.5,116,5.9863885455163555,56.384371601950967,3.1284574130982192,0.86883808868288426,0.10159993242163586,29.658801831428171,4.0145369784268068,117.22776575594261,0.92473171181158409,235.07526828818834,0.00011389516800047301,972.99988610483319,972.99988610483319,790.95761679642351,4387.0423832035822,4387.0423832035822,16.600000000000001
230.75,116,5.9934044572905965,56.442905236854649,3.1068320796844007,0.86579488645255964,0.10147767838774066,29.596417741014466,4.0064709719023286,117.32300664255884,0.92062957391615463,235.07937042608376,0.00011244618219801587,972.99988755381901,972.99988755381901,789.75112252250631,4388.2488774774993,4388.2488774774993,16.600000000000001
231,116,6.0004178781101176,56.501382039453816,3.0853340356431662,0.86275752148279028,0.10135534901406265,29.534087211939223,3.9984098453192267,117.41805603660185,0.91655416394979283,235.08344583605012,0.00011101860628217605,972.99988898139486,972.99988898139486,788.54888883388571,4389.4511111661195,4389.4511111661195,16.600000000000001
231.25,116,6.0074287578616588,56.559801678227998,3.0639627298829804,0.85972601063985099,0.10123294494981992,29.471810608320684,3.9903536516181641,117.51291405458882,0.91250528082521454,235.08749471917471,0.00010961208994756713,972.99989038791125,972.99989038791125,787.35090039998613,4390.6490996000193,4390.6490996000193,16.600000000000001
231.5,116,6.0144370465725432,56.618163823363354,3.0427176120792283,0.85670037065074733,0.10111046684887263,29.409588292564493,3.9823024435649552,117.60758081429202,0.90848272512710859,235.09151727487281,0.00010822628909080451,972.99989177371208,972.99989177371208,786.15714194348584,4391.8428580565196,4391.8428580565196,16.600000000000001
231.75,116,6.0214426944113839,56.676468146758417,3.0215981326858916,0.85368061810253104,0.10098791536967229,29.347420625358005,3.9742562737494853,117.70205643473474,0.90448629909723388,235.09551370090267,0.0001068608656938623,972.99989313913545,972.99989313913545,784.96759824014805,4393.0324017598577,4393.0324017598577,16.600000000000001
232,116,6.0284456516887861,56.734714322029696,3.0006037429471477,0.850666769441629,0.10086529117521048,29.285307965664689,3.9662151945846422,117.79634103618702,0.90051580661965513,235.09948419338025,0.00010551548770984969,972.99989448451356,972.99989448451356,783.78225411865537,4394.2177458813503,4394.2177458813503,16.600000000000001
232.25,116,6.0354458688580559,56.792902024517254,2.979733894908891,0.84765884097318589,0.10074259493296793,29.223250670718549,3.9581792583052562,117.89043474016148,0.89657105320611841,235.10342894679383,0.00010418982895117038,972.99989581017223,972.99989581017223,782.60109446044282,4395.3989055395623,4395.3989055395623,16.600000000000001
232.5,116,6.0424432965159012,56.851030931290097,2.9589880414301799,0.8446568488604167,0.10061982731486518,29.161249096018729,3.9501485169670412,117.9843376694091,0.89265184598156022,235.10734815401838,0.00010288356897927567,972.99989711643229,972.99989711643229,781.42410419953092,4396.5758958004744,4396.5758958004744,16.600000000000001
232.75,116,6.0494378854031403,56.909100721151518,2.9383656361946233,0.84166080912388364,0.10049698899727036,29.099303595324198,3.9421230224453896,118.07804994791498,0.88875799366968211,235.11124200633026,0.00010159639297791721,972.99989840360831,972.99989840360831,780.25126832236094,4397.7487316776442,4397.7487316776442,16.600000000000001
233,116,6.0564295864054039,56.967111074644365,2.9178661337216463,0.83867073764096722,0.10037408066089165,29.037414520648383,3.9341028264344882,118.17157170089396,0.88488930657880316,235.11511069342114,0.0001003279916666838,972.99989967200963,972.99989967200963,779.08257186762899,4398.9174281323767,4398.9174281323767,16.600000000000001
233.25,116,6.0634183505538273,57.025061674056232,2.8974889893776994,0.83568665014527554,0.10025110299071861,28.975582222253955,3.9260879804463094,118.26490305478636,0.88104559658778459,235.11895440341215,9.9078061200620339e-05,972.99990092194003,972.99990092194003,777.91799992612187,4400.0820000738831,4400.0820000738831,16.600000000000001
233.5,116,6.0704041290257615,57.082952203424483,2.8772336593873895,0.83270856222602108,0.10012805667599113,28.913807048647747,3.9180785358095371,118.35804413725364,0.87722667713205282,235.12277332286789,9.7846303062812094e-05,972.99990215369814,972.99990215369814,776.75753764055298,4401.2424623594525,4401.2424623594525,16.600000000000001
233.75,116,6.0773868731454641,57.140782348541251,2.8570996008445309,0.82973648932743993,0.1000049424101508,28.852089346575699,3.9100745436685451,118.45099507717397,0.87343236318977413,235.12656763681017,9.6632423964918002e-05,972.9999033675773,972.9999033675773,775.60117020539747,4402.398829794608,4402.398829794608,16.600000000000001
234,116,6.084366534384797,57.198551796958277,2.8370862717231131,0.82677044674822286,0.099881760890792481,28.790429461017922,3.9020760549823894,118.5437560046379,0.86966247126815943,235.13033752873176,9.5436135749731686e-05,972.99990456386558,972.99990456386558,774.4488828667296,4403.5511171332764,4403.5511171332764,16.600000000000001
234.25,116,6.0913430643639268,57.256260237991683,2.8171931308881848,0.82381044964096117,0.099758512819616021,28.728827735183824,3.8940831205238005,118.63632705094395,0.86591681938989662,235.13408318061005,9.4257155295738009e-05,972.99990574284595,972.99990574284595,773.30066092205902,4404.6993390779471,4404.6993390779471,16.600000000000001
234.5,116,6.0983164148520128,57.313907362726681,2.7974196381066592,0.8208565130116029,0.099635198902378375,28.667284510507336,3.8860957908781937,118.72870834859415,0.86219522707971064,235.13780477292022,9.3095204423635275e-05,972.99990690479683,972.99990690479683,772.15648972016868,4405.8435102798367,4405.8435102798367,16.600000000000001
234.75,116,6.1052865377679044,57.371492864022137,2.7777652540580395,0.8179086517189379,0.09951181984883975,28.605800126642194,3.8781141164426787,118.82090003128965,0.85849751535103414,235.1415024846489,9.1950009801712406e-05,972.99990804999152,972.99990804999152,771.01635466095183,4406.9836453390526,4406.9836453390526,16.600000000000001
235,116,6.1122533851808214,57.429016436515106,2.7582294403450667,0.81496688047413379,0.099388376372693155,28.544374921457266,3.8701381474250947,118.91290223392609,0.8548235066927633,235.14517649330719,9.0821302844014057e-05,972.99990917869832,972.99990917869832,769.88024119525153,4408.1197588047535,4408.1197588047535,16.600000000000001
235.25,116,6.1192169093110511,57.486477776625136,2.7388116595042584,0.81203121384014831,0.099264869191553293,28.483009231032121,3.8621679338430215,119.00471509258925,0.85117302505627757,235.14882697494366,8.9708819641800479e-05,972.99991029118155,972.99991029118155,768.74813482469756,4409.2518651753071,4409.2518651753071,16.600000000000001
235.5,116,6.1261770625306315,57.543876582558667,2.7195113750163853,0.80910166623126623,0.099141299026897084,28.421703389652553,3.8542035255228262,119.09633874455041,0.84754589584246542,235.15245410415747,8.8612300871003429e-05,972.99991138770042,972.99991138770042,767.62002110154708,4410.3799788984588,4410.3799788984588,16.600000000000001
235.75,116,6.1331337973640299,57.601212554313122,2.7003280513168613,0.80617825191263126,0.099017666604012636,28.360457729806217,3.8462449720987069,119.18777332826191,0.84394194588889149,235.15605805411104,8.7531491705987775e-05,972.99991246850959,972.99991246850959,766.49588562852307,4411.5041143714816,4411.5041143714816,16.600000000000001
236,116,6.1400870664888307,57.658485393681119,2.6812611538060462,0.80326098499978282,0.098893972651951143,28.299272582178332,3.8382923230117494,119.27901898335247,0.84036100345709042,235.15963899654284,8.6466141736393098e-05,972.99991353385951,972.99991353385951,765.37571405865469,4412.6242859413505,4412.6242859413505,16.600000000000001
236.25,116,6.1470368227364061,57.71569480425439,2.6623101488594627,0.80034987945820757,0.098770217903478758,28.238148275647529,3.8303456275089904,119.37007585062267,0.83680289821997722,235.16319710177996,8.5416004885660138e-05,972.99991458399643,972.99991458399643,764.25949209511714,4413.7405079048876,4413.7405079048876,16.600000000000001
236.5,116,6.1539830190925988,57.772840491427772,2.6434745038379299,0.79744494910290309,0.098646403095028548,28.177085137281708,3.8224049346424906,119.46094407204029,0.83326746124937745,235.16673253875058,8.4380839331215737e-05,972.99991561916192,972.99991561916192,763.14720549107346,4414.8527945089318,4414.8527945089318,16.600000000000001
236.75,116,6.1609256086983883,57.829922162402966,2.6247536870976083,0.79454620759795458,0.098522528966652714,28.116083492334052,3.814470293268414,119.55162379073566,0.82975452500367208,235.17024547499628,8.3360407426291992e-05,972.99991663959383,972.99991663959383,762.03884004951431,4415.9611599504906,4415.9611599504906,16.600000000000001
237,116,6.1678645448505671,57.886939526192293,2.6061471679999673,0.79165366845612228,0.098398596261961763,28.055143664239072,3.8065417520462121,119.642115150997,0.82626392331552379,235.17373607668443,8.2354475616591119e-05,972.99991764552556,972.99991764552556,760.93438162310179,4417.0656183769024,4417.0656183769024,16.600000000000001
237.25,116,6.1747997810023971,57.943892293622312,2.5876544169216573,0.7887673450384437,0.098274605728073061,27.994265974608783,3.7986193594377484,119.73241829826563,0.82279549137974195,235.17720450862021,8.1362814363372877e-05,972.99991863718685,972.99991863718685,759.83381611401148,4418.1661838859936,4418.1661838859936,16.600000000000001
237.5,116,6.1817312707642875,58.000780177337361,2.569274905264288,0.78588725055385245,0.09815055811558672,27.933450743228928,3.7907031637062363,119.82253337913144,0.81934906574133315,235.18065093425861,8.0385198082186786e-05,972.99991961480305,972.99991961480305,758.73712947377248,4419.2628705262323,4419.2628705262323,16.600000000000001
237.75,116,6.1886589679044448,58.057602891802951,2.5510081054641347,0.78301339805880488,0.098026454178524597,27.87269828805529,3.7827932129154518,119.91246054132813,0.81592448428356623,235.18407551571639,7.9421405063981269e-05,972.99992057859606,972.99992057859606,757.64430770311174,4420.3556922968928,4420.3556922968928,16.600000000000001
238,116,6.1955828263495389,58.114360153309143,2.5328534910017484,0.7801458004569205,0.097902294674281479,27.812008925210133,3.7748895549288703,120.00219993372839,0.81252158621617887,235.18747841378377,7.8471217404003289e-05,972.99992152878383,972.99992152878383,756.55533685179751,4421.4446631482078,4421.4446631482078,16.600000000000001
238.25,116,6.2025028001853491,58.171051679973779,2.5148105364114794,0.77728447049863592,0.097778080363576339,27.751382968978678,3.7669922374088078,120.09175170633917,0.80914021206369602,235.19085978793626,7.7534420932178782e-05,972.9999224655802,972.9999224655802,755.47020301848283,4422.5297969815219,4422.5297969815219,16.600000000000001
238.5,116,6.2094188436574198,58.22767719174562,2.4968787172909126,0.77442942078087051,0.097653812010403476,27.690820731805701,3.7591013078155786,120.18111601029688,0.80578020365385616,235.19421979634609,7.6610805144895701e-05,972.99992338919606,972.99992338919606,754.38889235055024,4423.6111076494544,4423.6111076494544,16.600000000000001
238.75,116,6.2163309111717071,58.284236410407409,2.4790575103102173,0.7715806637467062,0.097529490381983636,27.630322524292204,3.7512168134066566,120.27029299786257,0.80244140410614517,235.19755859589381,7.5700163138168702e-05,972.99992429983797,972.99992429983797,753.31139104395595,4424.6886089560494,4424.6886089560494,16.600000000000001
239,116,6.2232389572952229,58.340729059578841,2.4613463932214006,0.76873821168507661,0.097405116248717186,27.569888655192152,3.7433388012358435,120.35928282241716,0.79912365782043504,235.2008763421795,7.4802291541787707e-05,972.99992519770967,972.99992519770967,752.2376853430751,4425.7623146569294,4425.7623146569294,16.600000000000001
239.25,116,6.2301429367566783,58.397154864719298,2.4437448448674788,0.76590207673042077,0.097280690384194263,27.509519431409423,3.7354673181521734,120.44808563845665,0.79582681046567583,235.20417318953426,7.391699044499047e-05,972.99992608301079,972.99992608301079,751.16776154054503,4426.8322384594594,4426.8322384594594,16.600000000000001
239.5,116,6.2370428044471184,58.453513553130719,2.4262523451915556,0.76307227086244689,0.097156213565090396,27.449215157994637,3.7276024107993688,120.53670160158725,0.79255070896879731,235.20744929103114,7.3044063343146308e-05,972.99992695593801,972.99992695593801,750.10160597711274,4427.8983940228918,4427.8983940228918,16.600000000000001
239.75,116,6.2439385154205489,58.50980485396029,2.408868375245814,0.76024880590586907,0.097031686571109554,27.388976138142194,3.7197441256150863,120.62513086852027,0.78929520150367161,235.21070479849624,7.2183317077564762e-05,972.99992781668425,972.99992781668425,749.03920504148232,4428.9607949585225,4428.9607949585225,16.600000000000001
240,116,6.2508300248945696,58.566028498202968,2.3915924172004126,0.75743169353012929,0.096907110184956138,27.328802673187383,3.7118925088300299,120.71337359706743,0.7860601374801508,235.21393986251979,7.1334561771583765e-05,972.99992866543948,972.99992866543948,747.98054517016089,4430.0194548298432,4430.0194548298432,16.600000000000001
