model_time,CD95,FADD,DISC,p55free,DISCp55,p30,p43,p18,p18inactive,Bid,tBid,PrNES_mCherry,PrNES,mCherry,PrER_mGFP,PrER,mGFP,CD95L
0,116,93,0,155,0,0,0,0,0,236,0,973,0,0,5178,0,0,16.600000000000001
0.25,116,91.876040356892148,1.1132933193093724,154.98933367619833,0.010656151182167437,1.0170067532591179e-05,2.5487599397418017e-09,3.2330554792304369e-12,1.1029130506706618e-14,235.99999999998673,1.3309658359653663e-11,972.99999999984209,1.5803174648190264e-10,1.5803174648190264e-10,5177.9999999999991,9.1534198440752929e-13,9.1534198440752929e-13,16.600000000000001
0.5,116,90.767215692073719,2.1905836850543063,154.95779937692407,0.042119904463601025,8.0638421570867864e-05,7.9986765526763908e-08,2.0264350527101638e-10,1.3821318733687469e-12,235.9999999991619,8.3812697410961384e-10,972.99999999004865,9.9514702716340133e-09,9.9514702716340133e-09,5177.9999999998872,1.1470744052878263e-10,1.1470744052878263e-10,16.600000000000001
0.75,116,89.673292931669906,3.2327938401712579,154.90608676955631,0.093642900811359994,0.00026973170057246294,5.9564684389091386e-07,2.2617680652484707e-09,2.3196537259223937e-11,235.99999999060151,9.3984999796628495e-09,972.99999988840739,1.1159274910789613e-07,1.1159274910789613e-07,5177.9999999980773,1.925153069258361e-09,1.925153069258361e-09,16.600000000000001
1,116,88.594043109520413,4.240832151314808,154.83487524821257,0.16448862364834987,0.00063365413124622102,2.4613851437768011e-06,1.2452012455686525e-08,1.7071230954495293e-10,235.99999994801425,5.198580639011507e-08,972.99999938274846,6.1725158921454862e-07,6.1725158921454862e-07,5177.9999999858337,1.4167947698727176e-08,1.4167947698727176e-08,16.600000000000001
1.25,116,87.529241296919238,5.2155921338834084,154.74483338346076,0.25393268491742954,0.0012265185967241831,7.3656831665970648e-06,4.6542281793111605e-08,7.9965703460304071e-10,235.9999998047781,1.9522195114634557e-07,972.99999768203941,2.3179607645523718e-06,2.3179607645523718e-06,5177.999999933636,6.6366034607098376e-08,6.6366034607098376e-08,16.600000000000001
1.5,116,86.47866653258302,6.1579520432270884,154.63661843682752,0.36126307489111109,0.0021003774636330591,1.7971835100367382e-05,1.3616794410224679e-07,2.8147275037274172e-09,235.99999942615841,5.738416295104384e-07,972.99999318651248,6.8134877889247129e-06,6.8134877889247129e-06,5177.999999766399,2.3360302584174337e-07,2.3360302584174337e-07,16.600000000000001
1.75,116,85.442101752935045,7.0687745281290013,154.51087593650362,0.48578037734217194,0.0033052532054612446,3.8088388265141214e-05,3.364261354166147e-07,8.134381060136503e-09,235.99999857556364,1.4244363983316693e-06,972.9999830870064,1.6912993889157186e-05,1.6912993889157186e-05,5177.9999993249039,6.7509768757376104e-07,6.7509768757376104e-07,16.600000000000001
2,116,84.419333722786263,7.9489063427337037,154.36823931070433,0.62679795164345331,0.0048891688531025957,7.2813983419730654e-05,7.344674367115955e-07,2.0348258888265807e-08,235.9999968756367,3.1243633591065714e-06,972.99996290298554,3.7097014723997602e-05,3.7097014723997602e-05,5177.9999983112357,1.6887655518864171e-06,1.6887655518864171e-06,16.600000000000001
2.25,116,83.410152966488198,8.7991781131889439,154.20932957521271,0.78364208332451613,0.0068981782969441425,0.00012865870133809288,1.4588761016850853e-06,4.5588400155205751e-08,235.99999376491945,6.2350806011084084e-06,972.99992596799848,7.4032001855591729e-05,7.4032001855591729e-05,5177.9999962164784,3.7835236987548161e-06,3.7835236987548161e-06,16.600000000000001
2.5,116,82.414353699626446,9.6204041553739845,154.03475507171734,0.95565210457628236,0.0093763964584259313,0.00021364396480195096,2.6896524176210957e-06,9.3630712690389213e-08,235.99998845076965,1.1549230401763256e-05,972.99986287063768,0.00013712936257558546,0.00013712936257558546,5177.9999922292973,7.7707052463552369e-06,7.7707052463552369e-06,16.600000000000001
2.75,116,81.431733761317631,10.413382340203098,153.84511125365066,1.1421804861618519,0.012366029342803751,0.00033738297455860705,4.6686311008971005e-06,1.7923899023638794e-07,235.99997985915161,2.0140848443043544e-05,972.999760858385,0.00023914161534038705,0.00023914161534038705,5177.9999851243983,1.4875603536537738e-05,1.4875603536537738e-05,16.600000000000001
3,116,80.462094547167084,11.178894003116243,153.64098051633439,1.3425929021611147,0.015907403978943795,0.00051114357656160763,7.7101889029377062e-06,3.2376005003009826e-07,235.99996658186714,3.3418132899134898e-05,972.99960321106255,0.00039678893782211887,0.00039678893782211887,5177.999973130145,2.6869857575562585e-05,2.6869857575562585e-05,16.600000000000001
3.25,116,79.505240942939196,11.917703894498073,153.42293206834927,1.5562682689478715,0.020038998246455129,0.00074789536835398842,1.2212112714919949e-05,5.5697529815822691e-07,235.99994682173929,5.3178260729091635e-05,972.99936858998137,0.00063141001901503564,0.00063141001901503564,5177.9999537748836,4.6225119205584265e-05,4.6225119205584265e-05,16.600000000000001
3.5,116,78.560981258987184,12.630560167899878,153.19152184115953,1.7825987597702151,0.024797470585360758,0.0010623427573038435,1.8666516404931417e-05,9.1921117174011706e-07,235.99991833621036,8.1663789665247655e-05,972.99903036826697,0.00096963173350188086,0.00096963173350188086,5177.9999237117972,7.6288205250661436e-05,7.6288205250661436e-05,16.600000000000001
3.75,116,77.629127165484192,13.318194403075395,152.94729243414082,2.0209897962773811,0.030217689578868979,0.0014709455841127774,2.7670710341183502e-05,1.4637084456186848e-06,235.99987837976707,0.00012162023297191431,972.99855594726853,0.0014440527318414804,0.0014440527318414804,5177.9998785222679,0.00012147773359612581,0.00012147773359612581,16.600000000000001
4,116,76.70949362849295,13.98132166097912,152.69077309228174,2.2708600183086989,0.036332763395644868,0.0019919288235393622,3.9937942077787736e-05,2.2592482860324133e-06,235.99982364556004,0.00017635443996927104,972.99790606341537,0.002093936584980899,0.002093936584980899,5177.9998124979347,0.00018750206743010811,0.00018750206743010811,16.600000000000001
4.25,116,75.801898846907079,14.620640568014224,152.42247971395014,2.5316412332322602,0.04317406907430768,0.0026452827720905023,5.6307940020232703e-05,3.3930311552559073e-06,235.99975020654153,0.00024979345848962344,972.99703408936875,0.0029659106315751606,0.0029659106315751606,5177.9997184017575,0.00028159824425579445,0.00028159824425579445,16.600000000000001
4.5,116,74.906164190292643,15.236833426954801,152.14291488624019,2.8027783460922491,0.050771281629698871,0.0034527550305808907,7.7757204051731384e-05,4.9738032006485785e-06,235.99965345640422,0.00034654359578664478,972.99588533284611,0.0041146671542332822,0.0041146671542332822,5177.9995872085574,0.00041279144421160416,0.00041279144421160416,16.600000000000001
4.75,116,74.022114137654995,15.830566352103661,151.852567945537,3.0837292717944149,0.05915240295776699,0.0044378354891181108,0.00010540899814000293,7.1352235642623585e-06,235.99952805056805,0.0004719494319628407,972.99439633604629,0.0056036639540842804,0.0056036639540842804,5177.9994078255495,0.00059217445283359376,0.00059217445283359376,16.600000000000001
5,116,73.149576217152301,16.402489426381251,151.55191506105859,3.3739648305286676,0.06834379051368443,0.0056257354240562014,0.0001405430098956056,1.0039465101046125e-05,235.9993678474253,0.00063215257473881337,972.99249417819749,0.0075058218029023602,0.0075058218029023602,5177.9991667935064,0.0008332064946584782,0.0008332064946584782,16.600000000000001
5.25,116,72.288380946773231,16.953236878172909,151.24141933925495,3.6729686275963287,0.078370185736031925,0.0070433617214457692,0.00018460465096607331,1.3881040269627546e-05,235.99916585002362,0.00083414997640582974,972.99009578337154,0.0099042166288590885,0.0099042166288590885,5177.9988479692474,0.0011520307539089317,0.0011520307539089317,16.600000000000001
5.5,116,71.438361775994082,17.483427275890183,150.92153094706083,3.9802369187771163,0.089254742188534172,0.0087192871500316634,0.00023921398007717762,1.8890843435923578e-05,235.99891414833692,0.0010858516631495772,972.98710723536385,0.012892764636570896,0.012892764636570896,5177.9984321901466,0.0015678098549525136,0.0015678098549525136,16.600000000000001
5.75,116,70.599355028426501,17.993663738326756,150.5926872521153,4.2952784623374569,0.10101905338987881,0.010683717519362453,0.00030617423753411666,2.5340400481750428e-05,235.99860386224634,0.0013961377537004046,972.9834231011248,0.016576898875552883,0.016576898875552883,5177.9978969214544,0.0021030785462293898,0.0021030785462293898,16.600000000000001
6,116,69.771199845465176,18.484534159010465,150.25531297817315,4.6176143587474439,0.11368318030157699,0.012968456475287483,0.00038747998612001484,3.3546316420844442e-05,235.99822508533151,0.0017749146685413959,972.97892576394599,0.021074236054496289,0.021074236054496289,5177.9972158871851,0.0027841128154601556,0.0027841128154601556,16.600000000000001
6.25,116,68.953738130941773,18.956611442869615,149.90982037404115,4.9467778791386161,0.12726567844359415,0.015606868606345647,0.0004853248586471179,4.3874911667715855e-05,235.99776682954726,0.0022331704528131056,972.97348476734703,0.026515232653387153,0.026515232653387153,5177.996358685341,0.0036413146590474378,0.0036413146590474378,16.600000000000001
6.5,116,68.146814496789034,19.410453753644056,149.55660939447853,5.2823142834989723,0.14178362460756946,0.018633841460292452,0.00060210891697405958,5.6747037667412243e-05,235.99721697084436,0.0027830291556969287,972.9669561703879,0.03304382961260386,0.03304382961260386,5177.9952903882668,0.0047096117335800733,0.0047096117335800733,16.600000000000001
6.75,116,67.35027620971718,19.846604770579219,149.19606789160255,5.6237806295653252,0.15725264313782186,0.022085747000394507,0.00074044563116607844,7.2643062755150173e-05,235.99656219577355,0.0034378042265636763,972.95918191492126,0.040818085079243387,0.040818085079243387,5177.9939711288698,0.0060288711304529166,0.0060288711304529166,16.600000000000001
7,116,66.563973138902085,20.265593953044323,148.82857181543642,5.9707455733364867,0.17368693175098016,0.026000402966072707,0.00090316849069467173,9.2108019360628856e-05,235.99578794909644,0.0042120509036604617,972.94998920513308,0.050010794867449762,0.050010794867449762,5177.9923556734648,0.0076443265347234659,0.0076443265347234659,16.600000000000001
7.25,116,65.787757704683756,20.667936811814503,148.45448542233214,6.3227891620937964,0.19109928686595209,0.030417034541953689,0.0010933372622052042,0.00011575690398655368,235.99487838241544,0.0051216175846992423,972.93918989955785,0.060810100442885213,0.060810100442885213,5177.9903929819438,0.0096070180550948247,0.0096070180550948247,16.600000000000001
7.5,116,65.021484828270914,21.054135185850061,148.07416149008881,6.6795026207786856,0.20950112841703036,0.03537623668326545,0.0013142439104765022,0.00014428012176160684,235.99381630381959,0.0061836961805288426,972.92657991562749,0.073420084373162206,0.073420084373162206,5177.9880257559562,0.011974244042268866,0.011974244042268866,16.600000000000001
7.75,116,64.265011882446885,21.424677523495173,147.68794153867356,7.0404881325400002,0.22890252412420731,0.040919937393673098,0.0015694182007960412,0.00017844906778447962,235.99258312853689,0.0074168714632163952,972.91193864670356,0.088061353297190545,0.088061353297190545,5177.9851899757523,0.014810024246991484,0.014810024246991484,16.600000000000001
8,116,63.518198643269997,21.780039167102618,147.29615605553263,7.4053586142273016,0.24931221319619509,0.047091362203833011,0.0018626330021551064,0.00021912183791867476,235.99115883057158,0.0088411694285251575,972.89502839144143,0.10497160855924402,0.10497160855924402,5177.9818144262936,0.018185573705328889,0.018185573705328889,16.600000000000001
8.25,116,62.780907242760534,22.120682640170951,146.89912472455796,7.7737374875700942,0.27073762944323448,0.05393500005513726,0.0021979093114068058,0.00026724906217482269,235.98952189530021,0.010478104699904865,972.87559379527318,0.12440620472753966,0.12440620472753966,5177.977820213222,0.022179786777671694,0.022179786777671694,16.600000000000001
8.5,116,62.053002122565594,22.447057936155741,146.49715665784817,8.1452584467472509,0.29318492377846389,0.061496570752888308,0.002579521018955964,0.00032387985429531803,235.98764927299308,0.012350727007029405,972.85336130372468,0.14663869627603929,0.14663869627603929,5177.9731202691928,0.026879730806910956,0.026879730806910956,16.600000000000001
8.75,116,61.334349988591569,22.759602808187559,146.0905506294709,8.5195652230159151,0.3166589860884319,0.069822994116472761,0.0030119994366190313,0.00039016787164943077,235.98551633322359,0.014483666776531023,972.82803862724973,0.17196137275092094,0.17196137275092094,5177.9676188510985,0.032381148901352748,0.032381148901352748,16.600000000000001
9,116,60.624819766593205,23.058743058996001,145.67959531050113,8.8963113470348532,0.34116346645522855,0.07896236092065502,0.0035001376080887642,0.00046737748003401362,235.98309682012402,0.01690317987610606,972.79931421722847,0.20068578277226978,0.20068578277226978,5177.9612110286125,0.038788971387423793,0.038788971387423793,16.600000000000001
9.25,116,59.924282558707951,23.344892830401673,145.26456950466925,9.2751599094839321,0.36670079571468805,0.088963905691711254,0.0040489944219726827,0.00055689001845526996,235.98036280844445,0.019637191555642992,972.76685675276326,0.23314324723745752,0.23314324723745752,5177.9537821644844,0.046217835516042784,0.046217835516042784,16.600000000000001
9.5,116,59.23261160092261,23.618454891796755,144.84574238401328,9.6557833205488937,0.3932722053371559,0.099877981394545109,0.0046638985466782596,0.00066021015943379781,235.97728466036958,0.022715339630542175,972.73031463790403,0.26968536209650745,0.26968536209650745,5177.9452073869561,0.054792613044103919,0.054792613044103919,16.600000000000001
9.75,116,58.549682221459634,23.879820927089582,144.42337372398293,10.037863068809385,0.42087774661941185,0.1117560360219414,0.005350452205520005,0.00077897236082216041,235.97383098304707,0.026169016953043536,972.68931550893819,0.31068449106248663,0.31068449106248663,5177.9353510546525,0.064648945348323245,0.064648945348323245,16.600000000000001
10,116,57.87537180006926,24.129371819639736,143.99771413749414,10.421089480037947,0.44951630917848789,0.12465059107452393,0.0061145348093426671,0.00091494740554827481,235.9699685867829,0.030031413217211676,972.64346575139837,0.35653424860230681,0.35653424860230681,5177.9240662142383,0.075933785762453132,0.075933785762453132,16.600000000000001
10.25,116,57.2095597282133,24.367477934758089,143.5690053074826,10.805161476388673,0.47918563874031112,0.13861522189957454,0.0069623064627141358,0.0010700490260941626,235.96566244385778,0.034337556142324324,972.59235002647449,0.40764997352615523,0.40764997352615523,5177.9111940511402,0.088805948860168751,0.088805948860168751,16.600000000000001
10.5,116,56.552127370126371,24.594499399390294,143.13748021754745,11.189786336426506,0.50988235421832806,0.15370453983845428,0.0079002113583574157,0.0012463406108846851,235.96087564792228,0.039124352077819301,972.53553080654285,0.46446919345769955,0.46446919345769955,5177.8965633335656,0.10343666643448272,0.10343666643448272,16.600000000000001
10.75,116,55.902958024739434,24.810786378643485,142.70336338031984,11.574679456421759,0.54160196407952921,0.16997417611574411,0.0089349810729812511,0.0014460419900915154,235.95556937392936,0.044430626070742045,972.47254791957766,0.52745208042297276,0.52745208042297276,5177.8799898500492,0.1200101499500662,0.1200101499500662,16.600000000000001
11,116,55.261936888450862,25.016679348854058,142.26687106323024,11.959564113309229,0.57433888199758421,0.18748076738822814,0.010073637776045323,0.0016715362986510684,235.94970283856625,0.050297161433838743,972.40291810225665,0.59708189774390463,0.59708189774390463,5177.8612758407317,0.13872415926711434,0.13872415926711434,16.600000000000001
11.25,116,54.628951018729403,25.212509366929527,141.82821151138307,12.344171229687603,0.60808644179512528,0.20628194285830018,0.011323497361272064,0.0019253769145487901,235.94323326115102,0.056766738849110182,972.3261345616371,0.67386543836341861,0.67386543836341861,5177.8402094225448,0.15979057745416098,0.15979057745416098,16.600000000000001
11.5,116,54.003889298533871,25.398598335730007,141.3875851672843,12.728239141212395,0.64283691167956025,0.22643631284413168,0.012692172508902838,0.0022102944706338455,235.93611582496229,0.063884175037815114,972.24166654533735,0.75833345466328861,0.75833345466328861,5177.8165640084762,0.18343599152232304,0.18343599152232304,16.600000000000001
11.75,116,53.386642401533706,25.575259265284583,140.94518488719504,13.111513366714638,0.67858150777919124,0.2480034586878446,0.014187575684800538,0.0025292039383958079,235.92830363897647,0.071696361023624297,972.14895892023674,0.85104107976397403,0.85104107976397403,5177.7900977210738,0.20990227892466376,0.20990227892466376,16.600000000000001
12,116,52.777102758114935,25.74279652966543,140.50119615391753,13.493746381357921,0.71531040698881754,0.27104392387285914,0.015817922080530931,0.0028852117822566262,235.91974769998919,0.0802523000109088,972.04743175978285,0.9525682402177833,0.9525682402177833,5177.7605528003269,0.23944719967153816,0.23944719967153816,16.600000000000001
12.25,116,52.175164522155647,25.901506119367429,140.05579728584351,13.874697393128026,0.75301275913645749,0.29561920621239823,0.017591732496517676,0.0032816231830052086,235.91039685510512,0.089603144895024744,971.93647994007733,1.0635200599232912,1.0635200599232912,5177.7276550060824,0.27234499391577555,0.27234499391577555,16.600000000000001
12.5,116,51.580723538555375,26.051675889064061,139.60915964212208,14.254132122932498,0.79167669848530808,0.32179175096272439,0.019517836168266259,0.0037219493290269008,235.90019776458416,0.099802235415956855,971.81547274500042,1.1845272550002439,1.1845272550002439,5177.6911130151384,0.30888698486022242,0.30888698486022242,16.600000000000001
12.75,116,50.993677311502552,26.193585800631055,139.16144782382611,14.631822588571826,0.83128935458757647,0.34962494470694883,0.021605373533493684,0.0042099147739545154,235.88909486503928,0.11090513496082081,971.68375348073016,1.3162465192704704,1.3162465192704704,5177.650617813164,0.34938218683438499,0.34938218683438499,16.600000000000001
13,116,50.413924973464603,26.327508161348256,138.71281987101773,15.007546892829607,0.87183686250939496,0.37918310984809495,0.023863798935788334,0.0047494648592900247,235.87703033298556,0.12296966701452568,971.54063910010882,1.4593608998918464,1.4593608998918464,5177.6058420816225,0.39415791837654779,0.39415791837654779,16.600000000000001
13.25,116,49.841367254884815,26.453707857207103,138.26342745563329,15.381089015915972,0.91330437244863594,0.41053149954343887,0.026302883258159642,0.0053447732004153195,235.86394404874875,0.13605595125136707,971.3854198374114,1.6145801625893059,1.6145801625893059,5177.5564395798547,0.44356042014269448,0.44356042014269448,16.600000000000001
13.5,116,49.275906454570688,26.572442581266547,137.81341607012541,15.752238612486698,0.95567605877010742,0.44373629290591204,0.028932716477522994,0.0060002492342253666,235.84977356074663,0.15022643925348195,971.21735885418116,1.7826411458194715,1.7826411458194715,5177.5020445225537,0.49795547744369928,0.49795547744369928,16.600000000000001
13.75,116,48.717446410758455,26.683963057013884,137.36292521181707,16.120790813449833,0.99893512848532584,0.47886459029245831,0.03176371012880394,0.0067205458263763741,235.83445405016516,0.1655459498349518,971.03569189690688,1.9643081030938598,1.9643081030938598,5177.4422709528108,0.55772904718748229,0.55772904718748229,16.600000000000001
14,116,48.165892472838252,26.788513256699073,136.91208856293648,16.486546032762067,1.0430638292068375,0.51598440849372118,0.034806599664936648,0.007510566935845322,235.81791829605723,0.18208170394289777,970.83962696743072,2.1603730325698582,2.1603730325698582,5177.3767121110259,0.62328788897313614,0.62328788897313614,16.600000000000001
14.25,116,47.621151473725234,26.886330614622285,136.46103416631672,16.849309779408603,1.088043456609892,0.55516467563393668,0.038072446696585271,0.008375475334139312,235.80009664090088,0.19990335909921889,970.62834400710108,2.3716559928996079,2.3716559928996079,5177.3049397999503,0.69506020004886626,0.69506020004886626,16.600000000000001
14.5,116,47.083131702861415,26.977646235363238,136.00988459675557,17.208892474753057,1.1338543614371703,0.59647522558508137,0.041572641092913934,0.0093207003760842708,235.78091695666151,0.21908304333858061,970.40099459579778,2.5990054042030173,2.5990054042030173,5177.2265037461939,0.77349625380593345,0.77349625380593345,16.600000000000001
14.75,116,46.551742879833576,27.062685096949775,135.55875712804237,17.56510927543723,1.1804759560852269,0.63998679169415562,0.045318902922204932,0.010351945818645,235.76030461141005,0.23969538859004255,970.1567016670956,2.8432983329051389,2.8432983329051389,5177.1409309585642,0.85906904143501095,0.85906904143501095,16.600000000000001
15,116,46.026896128592803,27.141666248969745,135.10776389567019,17.917779902005215,1.2278867208143545,0.68577099961785004,0.049323284208547757,0.011475197683696195,235.73818243655896,0.26181756344116858,969.89455924095284,3.1054407590479216,3.1054407590479216,5177.0477250836793,0.95227491632074568,0.95227491632074568,16.600000000000001
15.25,116,45.508503952260988,27.214803005636444,134.65701205525903,18.266728473421612,1.2760642096266586,0.73390035905426132,0.053598170478211762,0.012696732160068603,235.71447069478546,0.28552930521467201,969.61363217544761,3.3863678245531466,3.3863678245531466,5176.946365759306,1.0536342406940971,1.0536342406940971,16.600000000000001
15.5,116,44.996480208510377,27.282303133822818,134.20660393672685,18.611783347649592,1.3249850558603236,0.78444825415685382,0.058156282066674801,0.014023123539536693,235.68908704872146,0.31091295127863877,969.31295593922312,3.687044060777608,3.687044060777608,5176.8363079660003,1.1636920340002563,1.1636920340002563,16.600000000000001
15.75,116,44.490740085501976,27.344369036083673,133.7566371942502,18.95277696845146,1.3746249775512733,0.83748893241158306,0.063010675154607856,0.015461252180692357,235.66194653049803,0.33805346950209342,968.99153640643772,4.0084635935630484,4.0084635935630484,5176.7169813776281,1.2830186223725044,1.2830186223725044,16.600000000000001
16,116,43.991200078369118,27.401197928688443,133.30720495206515,19.289545718571649,1.4249587826167589,0.89309749175399988,0.06817474249842044,0.017018312493864735,235.63296151224196,0.3670384877581766,968.64834967615832,4.3516503238424926,4.3516503238424926,5176.5877897114715,1.412210288529381,1.412210288529381,16.600000000000001
16.25,116,43.497777966232562,27.452982014689368,132.85839594616414,19.621929779460046,1.4759603739187646,0.95134986569922542,0.073662213818255343,0.018701820939397935,235.60204167763263,0.39795832236749556,968.2823419182788,4.7176580817219405,4.7176580817219405,5176.4481100786652,1.5518899213338604,1.5518899213338604,16.600000000000001
16.5,116,43.010392789733679,27.499908652051705,132.41029466195099,19.949772997692065,1.5276027542685684,1.0123228062539589,0.07948715580359153,0.020519624030683914,235.56909399463584,0.43090600536427481,967.89242924818893,5.1075707518118252,5.1075707518118252,5176.2972923358302,1.7027076641687018,1.7027076641687018,16.600000000000001
16.75,116,42.528964829072628,27.542160516873494,131.96298146791975,20.272922758240338,1.5798580314372899,1.0760938643762235,0.085663971693882623,0.02247990633236915,235.5340226895423,0.46597731045783636,967.47749763256331,5.5225023674374176,5.5225023674374176,5176.1346584388075,1.8653415611919615,1.8653415611919615,16.600000000000001
17,116,42.053415582538442,27.579915761723125,131.51653274542937,20.591229864752229,1.6326974232407852,1.1427413677453966,0.092207400388929661,0.024591198443110879,235.49672922244847,0.50327077755165217,967.03640282878951,5.9635971712112275,5.9635971712112275,5175.9595017995589,2.0404982004407519,2.0404982004407519,16.600000000000001
17.25,116,41.583667745518198,27.613348169122329,131.07102101464827,20.904548426986398,1.6860912627708475,1.2123443956021982,0.099132515040964028,0.026862384951150276,235.45711226432834,0.54288773567175941,966.5679703606969,6.4320296393038623,6.4320296393038623,5175.7710866473508,2.2289133526497138,2.2289133526497138,16.600000000000001
17.5,116,41.119645189972822,27.642627300202015,130.62651505674717,21.212735755560981,1.7400090038482703,1.2849827504158915,0.10645472107773159,0.029302712349797245,235.41506767585435,0.58493232414577434,966.07099553339629,6.9290044666044821,6.9290044666044821,5175.5686473954565,2.4313526045433251,2.4313526045433251,16.600000000000001
17.75,116,40.661272944366829,27.667918638557119,130.18308003242191,21.515652264165094,1.7944192267769579,1.3607369261339715,0.1141897536032172,0.031921796898686003,235.37048848813706,0.62951151186306364,965.54424349018336,7.4557565098174337,7.4557565098174337,5175.3513880147511,2.6486119852484165,2.6486119852484165,16.600000000000001
18,116,40.208477174040112,27.689383729325172,129.74077759682976,21.813161379384628,1.8492896444818891,1.4396880727681751,0.12235367412005518,0.03472963241536265,235.32326488556421,0.67673511443589318,964.98644931460149,8.0135506853993324,8.0135506853993324,5175.118481415645,2.8815185843549762,2.8815185843549762,16.600000000000001
18.25,116,39.761185162009404,27.707180313511444,129.29966601102518,22.105129458292009,1.9045871091173667,1.5219179570697603,0.13096286651513617,0.037736597980406655,235.2732841909295,0.72671580907057176,964.39631818090004,8.6036818191007374,8.6036818191007374,5174.8690688399711,3.1309311600297471,3.1309311600297471,16.600000000000001
18.5,116,39.319325290187741,27.721462457581538,128.85980024998383,22.391425713948372,1.9602776192355609,1.6075089190467573,0.14003403224746747,0.04095346553786703,235.2204308530533,0.7795691469467827,963.77252555626103,9.2274744437397676,9.2274744437397676,5174.6022592645422,3.3977407354581826,3.3977407354581826,16.600000000000001
18.75,116,38.882827021010222,27.732380678340181,128.42123210730384,22.67192214896378,2.0163263276087875,1.6965438240769961,0.14958418467512238,0.044391407371330079,235.16458643710732,0.83541356289276147,963.1137174582916,9.8862825417091553,9.8862825417091553,5174.317128818243,3.6828711817579363,3.6828711817579363,16.600000000000001
19,116,38.451620879454339,27.740082063111931,127.984010296676,22.94649349725962,2.0726975498025215,1.7891060103715553,0.15963064245577577,0.048062003434388045,235.10562961786707,0.89437038213302,962.41851077141553,10.581489228585385,10.581489228585385,5174.0127202146341,3.9872797853670852,3.9872797853670852,16.600000000000001
19.25,116,38.025638435443739,27.744710385237461,127.54818055021505,23.215017174173564,2.1293547735994269,1.885279231545776,0.17019102195332539,0.051977248512736204,235.04343617612511,0.95656382387496441,961.68549362590795,11.314506374092824,11.314506374092824,5173.6880422022296,4.3119577977713854,4.3119577977713854,16.600000000000001
19.5,116,37.604812286624046,27.746406214896304,127.1137857137453,23.477373235041881,2.1862606693776456,1.9851475940600916,0.18128322858151621,0.056149559193437157,234.97787899850931,1.0221210014907451,960.91322584342288,12.08677415657788,12.08677415657788,5173.3420690347175,4.6579309652835255,4.6579309652835255,16.600000000000001
19.75,116,37.189076041499703,27.745307025263845,126.68086583913475,23.733444342391262,2.2433771015499659,2.088795489295185,0.1929254470134063,0.060591780615296506,234.90882808096001,1.091171919040054,960.10023945297326,12.89976054702748,12.89976054702748,5172.9737399635569,5.0262600364436825,5.0262600364436825,16.600000000000001
20,116,36.778364302920991,27.74154729400831,126.24945827377221,23.98311574186414,2.3006651411730221,2.1963075200335016,0.20513613018440904,0.065317192972579485,234.83615053612974,1.1638494638703452,959.24503928140962,13.754960718591226,13.754960718591226,5172.5819587555425,5.4180412444578296,5.4180412444578296,16.600000000000001
20.25,116,36.372612651910174,27.735258600130525,125.81959774728226,24.226275246992664,2.3580850798379731,2.3077684211286171,0.21793398701588634,0.07033951774246873,234.75971060497807,1.2402893950220149,958.34610362249509,14.65389637750571,14.65389637750571,5172.1655932380736,5.8344067619279212,5.8344067619279212,16.600000000000001
20.5,116,35.971757631816544,27.726569716147075,125.39131645557376,24.462813232931168,2.4155964449569414,2.4232629741482326,0.23133796878465457,0.075672923605114642,234.67936967284368,1.320630327156413,957.40188498877922,15.598115011221612,15.598115011221612,5171.7234748750125,6.276525124989214,6.276525124989214,16.600000000000001
20.75,116,35.575736732789316,27.715606695614905,124.96464414231691,24.692622639243154,2.473158016560947,2.542875915791631,0.24536725406405718,0.081332032023151812,234.594986290283,1.4050137097170698,956.410810950479,16.589189049521803,16.589189049521803,5171.2543983762052,6.7456016237961922,6.7456016237961922,16.600000000000001
21,116,35.184488376558477,27.702492955994273,124.53960817794429,24.915598981825458,2.5307278457261404,2.6666918398956145,0.26004123216248298,0.087331922445885724,234.50641619897232,1.4935838010277875,955.37128506559543,17.628714934405465,17.628714934405465,5170.7571213438487,7.2428786561521958,7.2428786561521958,16.600000000000001
21.25,116,34.797951901512839,27.687349356844432,124.11623363627106,25.131640374043315,2.5882632747473591,2.7947950928520107,0.27537948498448661,0.09368813710163125,234.41351236297746,1.5864876370226724,954.28168790554582,18.718312094455129,18.718312094455129,5170.2303639590764,7.769636040925195,7.769636040925195,16.600000000000001
21.5,116,34.416067548065548,27.670294273345842,123.69454336882967,25.340647557128481,2.6457209591774293,2.9272696622826611,0.2914017672418045,0.10041668533981567,234.3161250057008,1.6838749942992937,953.1403781805227,19.859621819478132,19.859621819478132,5169.6728087122701,8.3271912877312548,8.3271912877312548,16.600000000000001
21.75,116,34.038776444296566,27.651443665142075,123.27455807701304,25.542523939876098,2.7030568918508942,3.0641990588343355,0.30812798494263888,0.1075340474828434,234.21410165281901,1.7858983471811134,951.94569396876057,21.054306031240365,21.054306031240365,5169.0831001807737,8.9168998192275257,8.9168998192275257,16.600000000000001
22,116,33.666020591862605,27.630911140493662,122.85629638212109,25.737175647657988,2.7602264290107983,3.2056661909749149,0.32557817208907597,0.11505717814599076,234.10728718152947,1.8927128184706388,950.69595405384644,22.304045946154481,22.304045946154481,5168.4598448577935,9.5401551422073112,9.5401551422073112,16.600000000000001
22.25,116,33.297742852164347,27.608808015737438,122.43977489340342,25.924511580742173,2.8171843186547352,3.3517532327012796,0.34377246551630103,0.12300350898192816,233.99552387642566,2.0044761235744506,949.38945937406254,23.610540625938256,23.610540625938256,5167.8016110364506,10.198388963549784,10.198388963549784,16.600000000000001
22.5,116,32.933886932761354,27.585243370045742,122.02500827419183,26.104443481887053,2.8738847312147038,3.5025414840911209,0.36273107780997116,0.13139095080516391,233.87865149231996,2.1213485076801493,948.02449458763647,24.975505412364342,24.975505412364342,5167.1069287530327,10.893071246968267,10.893071246968267,16.600000000000001
22.75,116,32.574397374025111,27.560324095479075,121.61200930621436,26.276886013157661,2.9302812926851205,3.6581112246530081,0.38247426824000713,0.14023789504968961,233.75650732433991,2.2434926756602014,946.59932975772142,26.400670242279464,26.400670242279464,5166.3742897936736,11.625710206327037,11.625710206327037,16.600000000000001
23,116,32.21921953602056,27.534154942334837,121.20078895218195,26.441756841856581,2.9863271203019495,3.8185415594860355,0.40302231166078256,0.14956321451254123,233.62892628560525,2.3710737143948655,945.11222216040107,27.887777839599845,27.887777839599845,5165.6021477687282,12.397852231271139,12.397852231271139,16.600000000000001
23.25,116,31.868299585606859,27.506838559788818,120.79135641673854,26.598976735467073,3.0419748608822563,3.9839102582549617,0.4243954653230726,0.15938626333394329,233.49574099280974,2.5042590071903379,943.56141821924405,29.438581780756817,29.438581780756817,5164.7889182592753,13.211081740724198,13.211081740724198,16.600000000000001
23.5,116,31.521584483747983,27.478475531838011,120.38371920586323,26.748469665436687,3.097176731918442,4.1542935870588487,0.44661393355850865,0.16972687616411611,233.35678186000882,2.6432181399912538,941.94515556924773,31.054844430753086,31.054844430753086,5163.9329790402107,14.067020959789353,14.067020959789353,16.600000000000001
23.75,116,31.17902197302417,27.449164408556712,119.97788318481254,26.89016291960359,3.1518845655170824,4.3297661332984188,0.46969783030213341,0.18060536646607139,233.21187720090879,2.7881227990912953,940.26166525279962,32.738334747201144,32.738334747201144,5163.0326703844657,14.967329615534199,14.967329615534199,16.600000000000001
24,116,30.840560565335021,27.419001732677827,119.5738526346896,27.023987223043108,3.206049855271214,4.5104006236727958,0.49366713942123785,0.19204252390188301,233.06085333995713,2.939146660042951,938.50917405018481,34.490825949816028,34.490825949816028,5162.0862954530176,15.913704546982576,15.913704546982576,16.600000000000001
24.25,116,30.506149529785525,27.388082061530561,119.17163030772483,27.14987686703158,3.2596238061321969,4.6962677355201059,0.51854167283982644,0.20405961075129728,232.90353473249263,3.0964652675074138,936.68590694619104,36.314093053809778,36.314093053809778,5161.0921207751935,16.907879224806397,16.907879224806397,16.600000000000001
24.5,116,30.175738880746149,27.356497984360331,118.77121748135214,27.267769845820894,3.3125573873523582,4.8874359017202371,0.54434102644504712,0.21667835730915702,232.73974409422908,3.2602559057709852,934.79008973453244,38.209910265468324,38.209910265468324,5160.0483768240074,17.951623175993106,17.951623175993106,16.600000000000001
24.75,116,29.849279366078548,27.324340135075118,118.37261401116201,27.377608000838769,3.3648013885479342,5.0839711094595996,0.57108453378216351,0.22992095620934891,232.56930254030735,3.4306974596927367,932.81995176086934,40.180048239131374,40.180048239131374,5158.9532586910809,19.046741308919199,19.046741308919199,16.600000000000001
25,116,29.526722455518385,27.291697200472864,117.97581838281093,27.47933717188452,3.41630647891906,5.285936693205139,0.59879121755651377,0.24381005562365807,232.39202973412984,3.6079702658702462,930.77372880465521,42.226271195345568,42.226271195345568,5157.8049268656487,20.195073134350817,20.195073134350817,16.600000000000001
25.25,116,29.208020329207063,27.258655924005918,117.5808277629657,27.572907354858696,3.4670232696609293,5.4933931222673635,0.62747973896509557,0.25836875128204545,232.20774404619047,3.7922559538095646,928.64966609987334,44.350333900127438,44.350333900127438,5156.6015081222658,21.398491877734195,21.398491877734195,16.600000000000001
25.5,116,28.893125866364411,27.225301105167723,117.18763804935695,27.658272865472505,3.5169023795663503,5.7063977834289865,0.65716834490966525,0.27362057726537337,232.01626272304821,3.983737276951854,926.4460214933315,46.55397850666926,46.55397850666926,5155.341096521387,22.658903478612391,22.658903478612391,16.600000000000001
25.75,116,28.581992634094391,27.191715594584629,116.79624392001561,27.735392508365095,3.5658945038212289,5.9250047591346293,0.68787481314384891,0.28958949551940949,231.81740206659867,4.1825979334014116,924.16106873917852,48.838931260822285,48.838931260822285,5154.021754527188,23.978245472811029,23.978245472811029,16.600000000000001
26,116,28.274574876316368,27.157980284919532,116.40663888176259,27.804229750975281,3.6139504859668219,6.1492646018219741,0.71961639543108002,0.30629988404207925,231.61097762374771,4.3890223762523455,921.79310092715752,51.206899072843271,51.206899072843271,5152.6415142466249,25.358485753374218,25.358485753374218,16.600000000000001
26.25,116,27.970827502814547,27.12417409771226,116.01881531801824,27.864752901458942,3.6610213929802167,6.3792241050340088,0.75240975880909844,0.32377652369931254,231.39680438654352,4.6031956134565544,919.34043404118643,53.659565958814426,53.659565958814426,5151.198378793415,26.801621206584805,26.801621206584805,16.600000000000001
26.5,116,27.670706078398496,27.090373966285874,115.63276453599774,27.916935289900675,3.7070585934192177,6.6149260719957157,0.78627092506349627,0.34204458362298151,231.17469700282109,4.8253029971789703,916.80141064457791,56.198589355422897,56.198589355422897,5149.6903237807501,28.309676219250409,28.309676219250409,16.600000000000001
26.75,116,27.374166812168067,27.056654814883959,115.24847681335189,27.960755451983619,3.7520138385350474,6.856409082429284,0.82121520854715491,0.36112960515283915,230.94446999732233,5.0555300026777541,914.17440368650455,58.82559631349617,58.82559631349617,5148.1152989457187,29.88470105428225,29.88470105428225,16.600000000000001
27,116,27.081166546876208,27.02308953420734,114.86594144431211,27.99619731424789,3.7958393462514701,7.1037072584170691,0.8572571524881536,0.38105748428312713,230.70593800324824,5.2940619967518634,911.4578204240604,61.542179575940402,61.542179575940402,5146.471229908504,31.528770091496444,31.528770091496444,16.600000000000001
27.25,116,26.791662748383509,26.989748953545291,114.48514678539399,28.023250379992909,3.8384878878774118,7.3568500302008513,0.89441046395505663,0.40185445257960389,230.45891600413734,5.5410839958627562,908.65010645298958,64.349893547011149,64.349893547011149,5144.7560200689095,33.243979931090387,33.243979931090387,16.600000000000001
27.5,116,26.505613495198865,26.956701809720265,114.106080300708,28.041909914834058,3.879912877390296,7.61586190285648,0.93268794767118413,0.42354705653979896,230.20321958589423,5.7967804141058519,905.74974983896402,67.250250161036718,67.250250161036718,5142.9675526420524,35.032447357948541,35.032447357948541,16.600000000000001
27.75,116,26.222977468100744,26.924014713074101,113.72872860692584,28.052177130864106,3.9200684631169671,7.8807622248440481,0.97210143888097389,0.44616213536788268,229.93866519878065,6.0613348012194113,902.75528534080206,70.244714659198721,70.244714659198721,5141.1036928351732,36.896307164826609,36.896307164826609,16.600000000000001
28,116,25.943713939834133,26.891752110758997,113.35307751794227,28.054059368320399,3.9589096215954283,8.1515649594910045,1.0126617355034302,0.46972679714729931,229.66507042907688,6.3349295709231805,899.665298715321,73.334701284679696,73.334701284679696,5139.1622901663841,38.837709833617176,38.837709833617176,16.600000000000001
28.25,116,25.667782764878748,26.859976247607278,112.97911208927056,28.047570273619346,3.9963922533870457,8.4282784605075438,1.0543785298194015,0.49426839339593803,229.38225428009335,6.6177457199067131,896.47843109292626,76.521568907074411,76.521568907074411,5137.1411809259216,40.858819074078397,40.858819074078397,16.600000000000001
28.5,116,25.395144369284374,26.828747124884774,112.6068166622033,28.032729972563164,4.0324732805711712,8.710905252696481,1.0972603399681331,0.51981449199757557,229.09003746212633,6.9099625378737386,893.19338341154719,79.806616588453522,79.806616588453522,5135.0381907797055,42.961809220296118,42.961809220296118,16.600000000000001
28.75,116,25.125759740569663,26.798122457237373,112.2361749077682,28.00956523749835,4.0671107456470619,8.9994418190475223,1.1413144415347247,0.54639284850398051,228.78824269093579,7.2117573090643043,889.80892089619363,83.19107910380707,83.19107910380707,5132.8511375147746,45.148862485226509,45.148862485226509,16.600000000000001
29,116,24.859590417681488,26.768157628187055,111.86716987049842,27.978109647160508,4.1002639115103525,9.293878395460565,1.186546799550759,0.57403137581921315,228.47669499418026,7.523305005819835,886.32387756919093,86.676122430809755,86.676122430809755,5130.5778339246617,47.422166075339618,47.422166075339618,16.600000000000001
29.25,116,24.596598481012297,26.738905644526199,111.49978401203732,27.93840373794233,4.1318933621780545,9.5941987743410859,1.2329620012252709,0.60275811227576404,228.1552220252552,7.8447779747449227,882.73716077634413,90.262839223656584,90.262839223656584,5128.2160908327969,49.78390916720403,49.78390916720403,16.600000000000001
29.5,116,24.336746542473385,26.710417090004718,111.13399925458666,27.890495145254537,4.1619611038802686,9.9003801183870568,1.2805631897641805,0.63260118812710397,227.8236543838494,8.176345616150682,879.04775571210791,93.95224428789264,93.95224428789264,5125.763720250683,52.236279749317902,52.236279749317902,16.600000000000001
29.75,116,24.079997735622761,26.68274007869017,110.76979702420809,27.834438733701369,4.1904306661494797,10.212392785836187,1.3293519996228573,0.66358879048182506,227.48182594254433,8.5181740574557718,875.25472992729067,97.745270072709943,97.745270072709943,5123.2185386674728,54.781461332528764,54.781461332528764,16.600000000000001
30,116,23.826315705846813,26.655920208440506,110.40715829397412,27.77029671472496,4.2172672024664735,10.530200168521212,1.3793284935886025,0.69574912672443967,227.12957417860682,8.8704258213932636,871.3572378000664,101.64276219993405,101.64276219993405,5120.578370465666,57.421629534334677,57.421629534334677,16.600000000000001
30.25,116,23.575664600595502,26.630000514898537,110.04606362696703,27.698138750448848,4.2424375900525932,10.853758544004483,1.4304911020617048,0.72911038646515469,226.76674051017432,9.2332594898257714,867.35452495219351,105.64547504780711,105.64547504780711,5117.8410514579491,60.158948542051732,60.158948542051732,16.600000000000001
30.5,116,23.328009059671565,26.605021426468426,109.68649321911226,27.618042042398361,4.2659105283353398,11.183016943126274,1.4828365649484729,0.76370070207909491,226.39317063587589,9.6068293641242164,863.24593258991877,109.75406741008177,109.75406741008177,5115.0044325383924,62.99556746160949,62.99556746160949,16.600000000000001
30.75,116,23.083314205574656,26.581020720716747,109.32842694183091,27.530091403870347,4.2876566356290242,11.517917034209187,1.5363598765606239,0.79954810789971487,226.00871487693087,9.9912851230692379,859.03090174961562,113.96909825038499,113.96909825038499,5112.0663834409052,65.933616559096819,65.933616559096819,16.600000000000001
31,116,22.841545633902285,26.558033482669632,108.97184438448762,27.434379314708529,4.3076485435346301,11.858393025184883,1.5910542339400786,0.83668049814406709,225.6132285206657,10.38677147933441,854.70897742673094,118.29102257326963,118.29102257326963,5109.0247965965718,68.975203403430257,68.975203403430257,16.600000000000001
31.25,116,22.602669403809657,26.536092065468775,108.61672489660612,27.331005957330021,4.325860988566812,12.204371584824695,1.646910989016676,0.87512558365550086,225.20657216435862,10.793427835641474,850.27981256677231,122.72018743322823,122.72018743322823,5105.8775910807717,72.122408919230253,72.122408919230253,16.600000000000001
31.5,116,22.366652028531472,26.515226053858377,108.26304762981815,27.220079232887318,4.3422709005001199,12.555771784222671,1.7039196050120891,0.91491084755945873,224.78861205825905,11.211387941741087,845.74317189645569,127.25682810354486,127.25682810354486,5102.622716640064,75.37728335993819,75.37728335993819,16.600000000000001
31.75,116,22.133460465969254,26.495462230974322,107.91079157950617,27.101714756531166,4.3568574869206609,12.912505059604545,1.762067617498253,0.95606349993902529,224.35922044657377,11.640779553426349,841.09893557290798,131.90106442709245,131.90106442709245,5099.2581577877854,78.741842212216923,78.741842212216923,16.600000000000001
32,116,21.903062109348323,26.476824548895426,107.55993562609503,26.976035830828266,4.3696023134763919,13.274475197451549,1.8213406005045063,0.99861043164407481,223.91827590519043,12.081724094809697,836.34710262910482,136.65289737089572,136.65289737089572,5095.7819379566963,82.218062043305906,82.218062043305906,16.600000000000001
32.25,116,21.675424777949281,26.459334103421181,107.21045857594238,26.84317339647167,4.3804893793070345,13.641578342850785,1.8817221380673661,1.0425781673605659,223.46566367483649,12.534336325163606,831.48779419326479,141.51220580673578,141.51220580673578,5092.1921236958115,85.80787630419151,85.80787630419151,16.600000000000001
32.5,116,21.45051670791927,26.4430091135116,106.86233920177402,26.703265959543721,4.3895051871613306,14.013703031864035,1.9431938015860541,1.0879928180706626,223.00127598838921,12.998724011610902,826.52125646098671,146.47874353901378,146.47874353901378,5088.4868288982589,89.513171101744476,89.513171101744476,16.600000000000001
32.75,116,21.228306543169044,26.427864905831271,106.51555628260233,26.556459494694895,4.3966388076929963,14.390730248611753,2.0057351333472004,1.1348800330506503,222.52501239096091,13.474987609039193,821.44786339828329,151.55213660171722,151.55213660171722,5084.664219045495,93.335780954508294,93.335780954508294,16.600000000000001
33,116,21.008763326362068,26.413913904787186,106.17008864306896,26.402907323740653,4.4018819374824067,14.772533507627642,2.0693236365307888,1.1832649515493787,222.03678005147034,13.963219948529764,816.26811915588792,156.73188084411257,156.73188084411257,5080.7225154537382,97.277484546265299,97.277484546265299,16.600000000000001
33.25,116,20.791856490002882,26.401165628469975,105.82591519213868,26.242769969312917,4.4052289502966593,15.158978961917517,2.1339347720192503,1.2331721543148089,221.53649406426217,14.463505935737942,810.98266017387425,162.01733982612626,162.01733982612626,5076.6599995061179,101.34000049388519,101.34000049388519,16.600000000000001
33.5,116,20.577555847631668,26.389626690835907,105.48301496107979,26.076214983328377,4.4066769411809092,15.549925537023087,2.1995419622644747,1.2846256151231876,221.02407773949159,14.975922260508492,805.59225695883526,167.40774304116533,167.40774304116533,5072.4750168554929,105.5249831445101,105.5249831445101,16.600000000000001
33.75,116,20.36583158513324,26.37930081047001,105.1413671406526,25.903416750241853,4.4062257629565824,15.945225091198271,2.2661166024593382,1.3376486524911757,220.4994628808588,15.50053711914131,800.09781551517597,172.9021844848246,172.9021844848246,5068.165981580436,109.8340184195666,109.8340184195666,16.600000000000001
34,116,20.156654252168003,26.37018882621042,104.80095111743576,25.724556265123095,4.403878054771174,16.344722601727263,2.3336280792059005,1.3922638817366326,219.96259004942718,16.037409950572947,794.50037841490337,178.49962158509729,178.49962158509729,5063.7313802784947,114.26861972150898,114.26861972150898,16.600000000000001
34.25,116,19.949994753733826,26.362288719894742,104.46174650920771,25.53982088687955,4.3996392623502256,16.748256377141608,2.4020437968417747,1.4484931675789581,219.41340881215746,16.586591187842661,788.80112549048886,184.19887450951185,184.19887450951185,5059.1697760784655,118.83022392153775,118.83022392153775,16.600000000000001
34.5,116,19.745824341866879,26.355595646435273,104.12373319931061,25.349404066960208,4.3935176496666326,17.155658295070968,2.4713292115400245,1.5063575774513918,218.85187797395301,17.148122026047112,783.00137413809227,189.99862586190835,189.99862586190835,5054.4798125554216,123.52018744458164,123.52018744458164,16.600000000000001
34.75,116,19.544114607490666,26.350101971383783,103.78689136991268,25.153505054235126,4.385524301777008,17.566754065113368,2.5414478732404588,1.5658773357211717,218.27796579194882,17.722034208051294,777.10257921970094,195.89742078029968,195.89742078029968,5049.6602175300541,128.33978246994863,128.33978246994863,16.600000000000001
35,116,19.344837472421663,26.345797316112659,103.45120153409543,24.952328576687378,4.3756731186195585,17.981363516158698,2.612361475444998,1.6270717789937565,217.69165017092638,18.308349829073716,771.10633255476398,201.89366744523664,201.89366744523664,5044.7098067359802,133.29019326402346,133.29019326402346,16.600000000000001
35.25,116,19.147965181540858,26.342668610664216,103.11664456668322,24.746084500981208,4.3639807996338424,18.399300907179828,2.6840299128243545,1.689959312697376,217.09291883872442,18.907081161275688,765.01436199437865,207.98563800562198,207.98563800562198,5039.6274873368893,138.37251266311321,138.37251266311321,16.600000000000001
35.5,116,18.953470295139628,26.340700154303736,102.78320173374331,24.534987470843838,4.3504668190901761,18.820375260622576,2.7564113465765692,1.7545573691233611,216.48176950065292,19.518230499347158,758.82853007248048,214.17146992752006,214.17146992752006,5034.4122612775636,143.58773872243881,143.58773872243881,16.600000000000001
35.75,116,18.761325681448952,26.339873683710376,102.45085472067852,24.319256525677094,4.3351533921120255,19.244390717051512,2.8294622773675884,1.8208823671130934,215.8582099719597,20.141790028040379,752.55083223212421,220.44916776787647,220.44916776787647,5029.0632284515159,148.93677154848763,148.93677154848763,16.600000000000001
36,116,18.571504509360221,26.340168448746439,102.11958565884427,24.099114700621456,4.3180654313786597,19.671146909893181,2.9031376257003414,1.8889496735619251,215.22225828751053,20.777741712489572,746.18339462548704,226.81660537451367,226.81660537451367,5023.5795896700802,154.42041032992364,154.42041032992364,16.600000000000001
36.25,116,18.383980241346077,26.341561295618281,101.78937715061964,23.874788609808022,4.2992304946206117,20.100439358606966,2.9773908194242136,1.9587735669203958,214.57394278794604,21.426057212054079,739.72847149102415,233.27152850897644,233.27152850897644,5017.9606494171267,160.03935058287652,160.03935058287652,16.600000000000001
36.5,116,18.198726626589,26.3440267572715,101.46021229287054,23.646508014281128,4.2786787230001915,20.532059878858142,3.0521738881364335,2.0303672028534119,213.91330218165973,22.086697818340362,733.18844211084524,239.81155788915538,239.81155788915538,5012.2058183754452,165.79418162455815,165.79418162455815,16.600000000000001
36.75,116,18.015717694325197,26.347537150715119,101.13207469874484,23.41450537659642,4.2564427706196115,20.965797007743614,3.1274375640742789,2.1037425822210674,213.24038558210319,22.759614417896902,726.56580735720172,246.43419264279879,246.43419264279879,5006.3146157109504,171.68538428905305,171.68538428905305,16.600000000000001
37,116,17.834927747410763,26.35206268102116,100.80494851774601,23.179015403801298,4.2325577253548721,21.401436442411864,3.203131389157917,2.1789105215278615,212.55525251996883,23.444747480031292,719.86318583568539,253.13681416431524,253.13681416431524,5000.2866711024235,177.71332889757983,177.71332889757983,16.600000000000001
37.25,116,17.656331356116453,26.357571551582797,100.47881845403744,22.940274581009476,4.2070610213833124,21.838761489907924,3.2792038276789888,2.255880625982698,211.85797293002037,24.142027069979761,713.0833096393751,259.91669036062541,259.91669036062541,4994.1217265053428,183.87827349466036,183.87827349466036,16.600000000000001
37.5,116,17.47990335215702,26.36403008028616,100.15366978293477,22.698520697454963,4.1799923437061226,22.277553526395693,3.3556023842102585,2.3346612652980347,211.14862711234611,24.851372887654019,706.22901972600789,266.77098027399262,266.77098027399262,4987.8196376395717,190.18036236043108,190.18036236043108,16.600000000000001
37.75,116,17.305618822960092,26.371402821080519,99.829488365553161,22.45399236737002,4.1513935251486194,22.71759246344071,3.4322737261429914,2.4152595523443341,210.42730566808066,25.572694331919447,699.30326093744156,273.69673906255906,273.69673906255906,4981.3803751923206,196.61962480768219,196.61962480768219,16.600000000000001
38,116,17.133453106179147,26.37965269051892,99.506260661578736,22.206928547697657,4.1213084362360899,23.158657219368145,3.5091638103529732,2.4976813247662437,209.69410940960594,26.305890590394181,692.30907667773806,280.69092332226251,280.69092332226251,4974.8040257285193,203.19597427148398,203.19597427148398,16.600000000000001
38.25,116,16.963381784454,26.388741098672568,99.183973740147152,21.95756805503575,4.0897828685272959,23.600526193310348,3.5862180133323971,2.5819311296468959,208.94914924555505,27.050850754445058,685.24960327362521,287.75039672637536,287.75039672637536,4968.0907923031655,209.90920769683859,209.90920769683859,16.600000000000001
38.5,116,16.79538068042195,26.398628083920091,98.862615288812606,21.706149083888789,4.0568644118895802,24.042977739879557,3.6633812642279096,2.6680122113013929,208.19254604086981,27.807453959130282,678.12806403755121,294.8719359624493,294.8719359624493,4961.2409947704518,216.75900522955237,216.75900522955237,16.600000000000001
38.75,116,16.629425851981104,26.409272450954582,98.542173620606889,21.452908728593851,4.022602326376914,24.485790642093512,3.7405981800754184,2.7559265022532409,207.42443045250533,28.575569547494798,670.94776306085316,302.05223693914763,302.05223693914763,4954.2550697875931,223.74493021241003,223.74493021241003,16.600000000000001
39,116,16.465493587807511,26.42063191145337,98.222637679186334,21.198082510999619,3.9870474092671695,24.928744580472294,3.8178132026273759,2.8456746174470382,206.6449427412681,29.355057258732014,663.71207876062647,309.28792123937427,309.28792123937427,4947.1335705110032,230.86642948899978,230.86642948899978,16.600000000000001
39.25,116,16.303560403125658,26.432663226716542,97.903997042083745,20.941903916153233,3.9502518579758914,25.371620596028642,3.8949707360413397,2.9372558517169849,205.85423256063416,30.145767439365944,656.42445721069805,316.57554278930274,316.57554278930274,4939.8771659861686,238.1228340138351,238.1228340138351,16.600000000000001
39.5,116,16.143603035732333,26.445322351680062,97.586241922078031,20.684603938013051,3.9122691294586267,25.814201545115893,3.9720152847992547,3.0306681805349687,205.05245872325813,30.947541276741969,649.08840528302744,323.91159471697341,323.91159471697341,4932.4866402318376,245.51335976816597,245.51335976816597,16.600000000000001
39.75,116,15.985598442271483,26.458564579597738,97.269363166715721,20.426410637255483,3.8731537968495671,26.256272544025691,4.0488915911301548,3.125908264023209,204.23978894624469,31.760211053755423,641.70748363182747,331.29251636817327,331.29251636817327,4924.9628910232659,253.03710897673736,253.03710897673736,16.600000000000001
40,116,15.829523794758293,26.472344686777365,96.953352256011769,20.16754871307165,3.8329614039856308,26.697621401407023,4.1255447712988769,3.2229714542248686,203.41639957610127,32.583600423898815,634.28529954873511,338.71470045126563,338.71470045126563,4917.3069283780824,260.69307162192149,260.69307162192149,16.600000000000001
40.25,116,15.675356477348288,26.486617076678339,96.638201298380167,19.908239090770731,3.791748318568247,27.13803903663436,4.2019204500624925,3.3218518055838313,202.58247529463367,33.417524705366439,626.82549972216532,346.17450027783548,346.17450027783548,4909.5198727527404,268.480127247263,268.480127247263,16.600000000000001
40.5,116,15.523074083347952,26.501335922755057,96.323903024836,19.648698526906557,3.7495715846289381,27.577319882361454,4.2779648926700684,3.4225420885968192,201.73820880688555,34.26179119311454,619.33176293037263,353.66823706962822,353.66823706962822,4901.6029529560237,276.3970470439798,276.3970470439798,16.600000000000001
40.75,116,15.372654412460912,26.516455309390075,96.010450781533976,19.389139233441639,3.7064887750302669,28.015262269677066,4.3536251337596319,3.525033806557258,200.88380051253472,35.11619948746538,611.80779270115761,361.19220729884341,361.19220729884341,4893.5575037904791,284.44249620952604,284.44249620952604,16.600000000000001
41,116,15.224075468264536,26.531929370319528,95.69783852069871,19.129768522436326,3.6625578446646871,28.451668794314884,4.4288491025603509,3.6293172153248645,200.01945816199884,35.980541838001287,604.25730996808386,368.74269003191705,368.74269003191705,4885.3849634309527,292.61503656905182,292.61503656905182,16.600000000000001
41.25,116,15.077315455909361,26.547712423952291,95.386060790023961,18.870788472438555,3.6178369850390721,28.886346662660685,4.503585743826009,3.7353813460115544,199.14539649876997,36.854603501230145,596.68404575495356,376.31595424504735,376.31595424504735,4877.0868705536941,300.9131294463113,300.9131294463113,16.600000000000001
41.5,116,14.93235278003476,26.56375910502236,95.075112720608288,18.612395617792764,3.5723844808838034,29.31910801626627,4.5777851339582822,3.8432140304904228,198.26183688934898,37.738163110651129,589.09173391790091,383.9082660821,383.9082660821,4868.664861227594,309.33513877241074,309.33513877241074,16.600000000000001
41.75,116,14.789166042891846,26.580024492049695,94.764990013514492,18.354780661689954,3.5262585694110684,29.749770233957399,4.6513985918331135,3.9528019295938024,197.36900694235786,38.630993057642236,581.48410397477585,391.51589602522523,391.51589602522523,4860.1206655831193,317.87933441688483,317.87933441688483,16.600000000000001
42,116,14.647734042665618,26.596464230104672,94.455688925030927,18.098128213865404,3.4795173028174187,30.178156210546849,4.7243787838576177,4.0641305638816236,196.4671401182859,39.532859881714216,573.86487404982756,399.13512595017335,399.13512595017335,4851.4561042727191,326.5438957272861,326.5438957272861,16.600000000000001
42.25,116,14.508035771986135,26.613034648444032,94.147206250730122,17.842616553376356,3.4322184145716426,30.604094611621793,4.7966798228761576,4.1771843468237551,195.55647533147047,40.443524668529662,566.23774396040801,406.76225603959301,406.76225603959301,4842.6730847399931,335.32691526001156,335.32691526001156,16.600000000000001
42.5,116,14.370050416620249,26.629692872554948,93.839539308406543,17.588417417210373,3.3844191900446989,31.027420103569689,4.8682573605005555,4.2919466202679546,194.63725654576658,41.362743454233517,558.60638847212931,414.39361152787166,414.39361152787166,4833.7735973120944,344.22640268790974,344.22640268790974,16.600000000000001
42.75,116,14.23375735433182,26.646396930315461,93.532685920000887,17.335695814553567,3.3361763418959387,31.447973558903168,4.9390686726419322,4.4083996920043331,193.70973236553948,42.290267634460619,550.97445074481925,422.02554925518172,422.02554925518172,4824.7597111352607,353.24028886474395,353.24028886474395,16.600000000000001
43,116,14.099136153901501,26.663105851852784,93.226644392595716,17.084609867298596,3.2875458907306148,31.865602236216461,5.0090727378699915,4.5265248752884455,192.77415562342665,43.225844376573455,543.34553599398623,429.6544640060149,429.6544640060149,4815.6335699685696,362.36643003143513,362.36643003143513,16.600000000000001
43.25,116,13.966166574293846,26.679779762916482,92.921413498588805,16.835310676328305,3.2385830513320726,32.280159935129255,5.0782303084909071,4.6463025301304803,191.83078296638607,44.169217033614011,535.7232053855729,437.27679461442813,437.27679461442813,4806.3973878556317,371.60261214437298,371.60261214437298,16.600000000000001
43.5,116,13.834828563961631,26.69637997144352,92.616992455136824,16.587942213739073,3.1893421248971219,32.691507125958616,5.1465039740779339,4.7677121061902463,190.87987444149309,45.120125558506992,528.11097018559531,444.88902981440566,444.88902981440566,4797.0534446910551,380.9465553089496,380.9465553089496,16.600000000000001
43.75,116,13.705102260275313,26.712869047210084,92.313380902972384,16.342641240363406,3.13987639749595,33.099511054655203,5.2138582174258943,4.8907321870869866,189.92169308288587,46.07830691711419,520.51228617883237,452.4877138211686,452.4877138211686,4787.6040817007624,390.39591829924206,390.39591829924206,16.600000000000001
44,116,13.576967989066567,26.729210894379836,92.01057888469191,16.0995372482842,3.0902380450573679,33.504045823211989,5.2802594628074413,5.0153405359469216,188.95650450126124,47.043495498738828,512.93054837329714,460.06945162670388,460.06945162670388,4778.051696854066,399.94830314593918,399.94830314593918,16.600000000000001
44.25,116,13.450406264274466,26.745370816880065,91.708586822611153,15.858752427678418,3.0404780450569033,33.9049924461101,5.3456761165365787,5.1415141420066792,187.98457647720136,48.015423522798713,505.36908600232346,467.63091399767757,467.63091399767757,4768.398740225347,409.60125977465822,409.60125977465822,16.600000000000001
44.5,116,13.325397787682855,26.761315576571548,91.407405496285193,15.620401657212252,2.9906460950515328,34.30223888348177,5.4100785998813716,5.269229268087714,187.00617855958603,48.99382144041401,497.83115783470936,475.16884216529166,475.16884216529166,4758.6477093233216,419.35229067668394,419.35229067668394,16.600000000000001
44.75,116,13.201923448737713,26.77701344416505,91.10703601978679,15.38459251729239,2.9407905382136117,34.695680051591197,5.4734393743524281,5.3984614987634334,186.02158167030774,49.978418329692346,490.31994780334639,482.68005219665463,482.68005219665463,4748.8011444051363,429.19885559486886,429.19885559486886,16.600000000000001
45,116,13.079964324433348,26.792434243004536,90.807479818834196,15.151425325018147,2.8909582958466218,35.085217811697298,5.5357329595666185,5.5291857890369416,185.03105771632684,50.968942283673208,482.83856095600271,490.16143904399831,490.16143904399831,4738.8616237922352,439.13837620776945,439.13837620776945,16.600000000000001
45.25,116,12.959501679256467,26.807549385693019,90.508738607859627,14.920993190089986,2.8411948070089714,35.470760937951511,5.5969359437351258,5.6613765133546083,184.03487921022148,51.965120789778574,475.39001973727909,497.60998026272193,497.60998026272193,4728.831759204706,449.16824079529857,449.16824079529857,16.600000000000001
45.5,116,12.840516965177754,26.822331903796741,90.210814367098507,14.693382090305192,2.7915439751007076,35.852225065619557,5.6570269870887344,5.7950075147871418,183.03331890002795,52.966681099972128,467.97726059959541,505.02273940040567,505.02273940040567,4718.7141911290464,459.28580887095819,459.28580887095819,16.600000000000001
45.75,116,12.722991821680253,26.836756470660163,89.913709319788438,14.468670965743312,2.7420481214798089,36.229532620436409,5.7159868183471794,5.93005215420468,182.02664940943896,53.973350590561125,460.60313094960628,512.3968690503948,512.3968690503948,4708.5115842356226,469.48841576438224,469.48841576438224,16.600000000000001
46,116,12.606908075815145,26.850799417628327,89.617425909547734,14.246931830234628,2.6927479458899377,36.602612730431908,5.7737982246009283,6.0664833592946872,181.01514288895407,54.98485711104599,453.27038642419751,519.72961357580368,519.72961357580368,4698.2266228586295,479.77337714137565,479.77337714137565,16.600000000000001
46.25,116,12.492247742274767,26.864438743797354,89.321966778015195,14.028229899018243,2.6436824936703793,36.971401121239211,5.8304460347999099,6.2042736732568864,179.99907067888321,56.000929321116857,445.98168849820996,527.01831150179112,527.01831150179112,4687.8620065536234,490.1379934463817,490.1379934463817,16.600000000000001
46.5,116,12.378993023474402,26.87765411960223,89.027334742812357,13.812623731236323,2.5948891295072145,37.335839996179786,5.8859170972241142,6.3433953030400403,178.97870298466651,57.021297015333538,438.73960241639776,534.26039758360332,534.26039758360332,4677.4204457436672,500.57955425633799,500.57955425633799,16.600000000000001
46.75,116,12.267126309633676,26.890426884459558,88.733532775899448,13.600165386014124,2.5464035175875903,37.695877902305,5.9402002512236507,6.4838201669700162,177.95430856518493,58.045691434815126,431.54659544676497,541.45340455323617,541.45340455323617,4666.9046574671265,511.09534253287831,511.09534253287831,16.600000000000001
47,116,12.156630178849776,26.902740038771292,88.440563982380056,13.390900590836468,2.4982596079122024,38.051469583630208,5.9932862935953262,6.6255199416455799,176.92615443444043,59.073845565559644,424.40503544712095,548.59496455288024,548.59496455288024,4656.317361236951,521.68263876305457,521.68263876305457,16.600000000000001
47.25,116,12.047487397154695,26.914578230585121,88.148431579811458,13.184868920912974,2.4504896285337581,38.402575822813404,6.045167939953644,6.7684661079746098,175.89450557702267,60.105494422977394,417.3171897373179,555.68281026268335,555.68281026268335,4645.6612750216973,532.33872497830885,532.33872497830885,16.600000000000001
47.5,116,11.939680918549309,26.925927737215101,87.857138878071524,12.982103988269715,2.4031240834740828,38.749163272491742,6.0958397814574621,6.9126299962353102,174.85962467768579,61.140375322314256,410.28522426857546,562.71477573142579,562.71477573142579,4634.9391113573147,543.06088864269111,543.06088864269111,16.600000000000001
47.75,116,11.833193885008074,26.936776442164071,87.566689259823249,12.782633639313174,2.3561917560238097,39.091204277490824,6.1452982372855676,7.057982830063219,173.82177186519954,62.178228134800527,403.31120307873977,569.68879692126143,569.68879692126143,4624.1535735968255,553.84642640318032,553.84642640318032,16.600000000000001
48,116,11.728009626447633,26.947113807661239,87.277086161623885,12.58648015959443,2.3097197171631816,39.428676689133468,6.1935415032297056,7.2044957692551792,172.78120447073954,63.218795529260518,396.3970880240841,576.6029119759171,576.6029119759171,4613.3073523062121,564.69264769379436,564.69264769379436,16.600000000000001
48.25,116,11.624111660654796,26.956930843167523,86.9883330557048,12.393660484658616,2.2637333387797418,39.761563672739264,6.240569496797284,7.3521399513201295,171.73817680076687,64.261823199233206,389.54473877432144,583.45526122567969,583.45526122567969,4602.4031218106111,575.59687818939551,575.59687818939551,16.600000000000001
48.5,116,11.521483693167806,26.966220070181329,86.700433432463399,12.20418641569448,2.2182563113956664,40.089853509560669,6.2863837992080205,7.5008865316776046,170.69293992457199,65.307060075428069,382.75591306008135,590.24408693991973,590.24408693991973,4591.4435368980849,586.55646310192139,586.55646310192139,16.600000000000001
48.75,116,11.420109617107707,26.974975483681728,86.41339078368145,12.018064839029345,2.1733106660831654,40.413539394098002,6.3309875946509662,7.6507067224569107,169.64574147629267,66.354258523707387,376.03226715884625,596.96773284115488,596.96773284115488,4580.4312296827702,597.56877031723616,597.56877031723616,16.600000000000001
49,116,11.319973512954766,26.983192510559835,86.127208586502121,11.835297948228007,2.128916800252151,40.732619228005184,6.3743856071973823,7.8015718298150043,168.59682547144251,67.403174528557528,369.3753566068869,603.62464339311418,603.62464339311418,4569.3688066328696,608.63119336713692,608.63119336713692,16.600000000000001
49.25,116,11.221059648267284,26.990867965359993,85.841890288175875,11.655883467900827,2.0850935069991521,41.047095411472682,6.4165840357161894,7.9534532897351022,167.54643213771999,68.453567862280039,362.78663712338869,610.21336287661245,610.21336287661245,4558.2588457645134,619.7411542354929,619.7411542354929,16.600000000000001
49.5,116,11.123352477340232,26.998000003656944,85.557439291586704,11.479814878287014,2.0418580077027193,41.356974633013039,6.4575904871442118,8.1063227022661533,166.49479775987706,69.505202240122969,356.26746573292633,616.73253426707481,616.73253426707481,4547.1038940027447,630.89610599726109,630.89610599726109,16.600000000000001
49.75,116,11.026836640800475,27.00458807340064,85.273858941573721,11.307081639594363,1.9992259875501543,41.662267658654308,6.4974139084727485,8.2601518641545404,165.44215453848176,70.557845461518298,349.81910207280293,623.18089792719832,623.18089792719832,4535.9064647118148,642.09353528819133,642.09353528819133,16.600000000000001
50,116,10.931496965136919,27.01063286453806,84.991152512051897,11.137669415279253,1.9572116336886272,41.962989121357083,6.5360645177782652,8.4149127998447071,164.38873046226516,71.611269537734884,343.44270987125469,629.55729012874633,629.55729012874633,4524.6690353944759,653.33096460552883,653.33096460552883,16.600000000000001
50.25,116,10.837318462164964,27.016136257196447,84.709323193926494,10.9715602936135,1.915827675709364,42.259157311315676,6.5735537345914006,8.5705777908434122,163.33474919365244,72.665250806347615,337.1393585825993,635.86064141740178,635.86064141740178,4513.3940455583106,664.60595444169451,664.60595444169451,16.600000000000001
50.5,116,10.744286328423474,27.021101268729886,84.428374083805267,10.808733006701651,1.875085428166541,42.550793967978393,6.6098941099249027,8.7271194034230799,162.28042996719071,73.719570032809315,330.9100251658673,642.08997483413384,642.08997483413384,4502.0838947490338,675.9161052509719,675.9161052509719,16.600000000000001
50.75,116,10.652385944503566,27.025531999907194,84.148308173504901,10.649163146264661,1.8349948348474698,42.837924074477051,6.6450992562491491,8.8845105146566006,161.2259875005042,74.774012499495811,324.75559599353289,648.24440400646813,648.24440400646813,4490.7409407491577,687.25905925084805,687.25905925084805,16.600000000000001
51,116,10.56160287430952,27.02943358049119,83.869128340338435,10.492823375685607,1.7955645145284518,43.120575654985181,6.6791837776665552,9.0427243367955938,160.17163191730887,75.828368082691142,318.67686887709704,654.32313112290387,654.32313112290387,4479.3674979385751,698.63250206143016,698.63250206143016,16.600000000000001
51.25,116,10.471922864251836,27.032812114463898,83.590837338175191,10.339683637735304,1.7568018079504839,43.398779575598418,6.7121632005441008,9.2017344399963328,159.11756868207158,76.882431317928408,312.67455519660166,660.32544480339925,660.32544480339925,4467.965835814457,710.03416418554866,710.03416418554866,16.600000000000001
51.5,116,10.383331842372677,27.035674625129175,83.313437789261016,10.189711357483095,1.7187128257692812,43.672569349245713,6.7440539048369414,9.3615147734037798,158.06399854588656,77.936001454113438,306.7492821218745,666.25071787812635,666.25071787812635,4456.5381776673385,721.46182233266688,721.46182233266688,16.600000000000001
51.75,116,10.295815917404639,27.038029000313369,83.036932176782912,10.042871639982437,1.6813024972391668,43.94198094506033,6.7748730563197839,9.5220396846152173,157.0111175030824,78.988882496917583,300.90159491319974,672.09840508680111,672.09840508680111,4445.086699409313,732.91330059069344,732.91330059069344,16.600000000000001
52,116,10.209361377764058,27.039883937860392,82.761322838159643,9.8991274623680923,1.6445746194134305,44.207052602593969,6.804638539916362,9.6832839375483299,155.9591167580912,80.040883241908816,295.13195929001228,677.86804070998858,677.86804070998858,4433.613528550035,744.38647144997071,744.38647144997071,16.600000000000001
52.25,116,10.123954690480012,27.041248891613122,82.48661195904053,9.7584398600352813,1.6085319066474475,44.467824651224085,6.8333688943120636,9.8452227287404348,154.90818270209959,81.091817297900391,289.44076385641898,683.55923614358187,683.55923614358187,4422.120743316168,755.87925668383821,755.87925668383821,16.600000000000001
52.5,116,10.039582500060691,27.042134018054593,82.212801567991136,9.6207681066439985,1.5731760402068897,44.724339335033783,6.86108324801262,10.007831702111412,153.85849689898902,82.141503101010969,283.82832257290079,689.17167742709989,689.17167742709989,4410.6103719093899,767.38962809061661,767.38962809061661,16.600000000000001
52.75,116,9.9562316272989122,27.042550123761909,81.93989353184422,9.486069887726357,1.5385077178019095,44.97664064341086,6.8878012569894516,10.171086962227047,152.81023608008127,83.189763919918718,278.29487726422741,694.70512273577344,694.70512273577344,4399.084391897909,778.91560810209808,778.91560810209808,16.600000000000001
53,116,9.8738890680188014,27.042508613818132,81.667889551692141,9.354301467716386,1.5045267028750335,45.224774147571608,6.9135430440428944,10.334965086101787,151.763572147199,84.236427852801029,272.84060015391179,700.15939984608883,700.15939984608883,4387.544729736208,790.45527026379864,790.45527026379864,16.600000000000001
53.25,116,9.7925419917657059,27.042021441309441,81.396791159497425,9.2254178502843089,1.471231873487701,45.468786843152799,6.9383291399946874,10.499443133582915,150.71867218355251,85.281327816447487,267.46559641628915,705.53440358371154,705.53440358371154,4375.9932604076566,802.00673959234996,802.00673959234996,16.600000000000001
53.5,116,9.7121777404417493,27.041101058021937,81.126599715296194,9.0993729318747327,1.4386212706620065,45.708726998999524,6.9621804268065199,10.664498656360861,149.6756984719739,86.324301528026098,262.16990673770425,710.83009326229637,710.83009326229637,4364.4318071844109,813.56819281559547,813.56819281559547,16.600000000000001
53.75,116,9.6327838268893426,27.039760366437381,80.857316404968941,8.97611964839572,1.4066921460487583,45.94464401222875,6.9851180827052675,10.830109705652392,148.63480852002408,87.365191479975906,256.95350987894989,716.04649012105074,716.04649012105074,4352.8621414990066,825.13785850099941,825.13785850099941,16.600000000000001
54,116,9.5543479334252428,27.03801267311923,80.588942238553059,8.8556101150390401,1.3754410088004563,46.176588269615991,7.0071635293860801,10.996254838605203,147.59615509149936,88.403844908500631,251.81632523143347,721.18367476856724,721.18367476856724,4341.2859829219215,836.71401707808423,836.71401707808423,16.600000000000001
54.25,116,9.4768579103277197,27.035871643556558,80.321478049070734,8.7377957592436459,1.3448636715515756,46.404611015320455,7.0283383813398181,11.162913123473599,146.5598862438961,89.440113756103869,246.75821536057413,726.24178463942656,726.24178463942656,4329.7049992394859,848.29500076052102,848.29500076052102,16.600000000000001
54.5,116,9.4003017742795763,27.033351258537664,80.054924491845512,8.6226274468417383,1.3149552954031247,46.628764224937854,7.0486643973541714,11.330064143617429,145.52614537136512,90.473854628634868,241.7789885296944,731.22101147030628,731.22101147030628,4318.1208066262479,859.8791933737582,859.8791933737582,16.600000000000001
54.75,116,9.324667706769608,27.030465772097703,79.789282044282288,8.5100556014508904,1.2857104338380383,46.849100485843714,7.0681634342109252,11.497688000373973,144.49507125274948,91.504928747250517,236.87840119909814,736.12159880090258,736.12159880090258,4306.5349699064182,871.46503009358764,871.46503009358764,16.600000000000001
55,116,9.2499440524554171,27.027229671088573,79.524551006083016,8.4000303172054203,1.2571230754873826,47.065672883763156,7.0868574026030666,11.665765314857779,143.46679810425729,92.533201895742692,232.05616049460048,740.94383950540021,740.94383950540021,4294.9490028984201,883.05099710158663,883.05099710158663,16.600000000000001
55.25,116,9.1761193174902136,27.023657636395651,79.26073149987343,8.2925014649335758,1.2291866856940605,47.278534895486452,7.1047682252731423,11.834277228739179,142.44145563638895,93.55854436361102,227.31192664115196,745.68807335884867,745.68807335884867,4283.3643688372722,894.6356311627336,894.6356311627336,16.600000000000001
55.5,116,9.1031821678164455,27.019764505828917,78.997823472214037,8.1874187919103925,1.2018942468159906,47.487740287628206,7.1219177973758363,12.003205404055377,141.4191691147098,94.580830885290183,222.64531535693573,750.35468464306496,750.35468464306496,4271.7824808691848,906.21751913082232,906.21751913082232,16.600000000000001
55.75,116,9.031121427429035,27.015565238699132,78.73582669497064,8.0847320153337296,1.1752382972292355,47.69334302130882,7.1383279490507734,12.172532022106633,140.40005942409769,95.599940575902266,218.05590020421889,754.94409979578177,754.94409979578177,4260.204702613014,917.79529738699273,917.79529738699273,16.600000000000001
56,116,8.9599260766109339,27.011074882084763,78.47474076701927,7.9843909096808048,1.1492109689968293,47.895397162626629,7.154020410186722,12.342239781489582,139.38424313610648,96.615756863893509,213.54321489354157,759.45678510645905,759.45678510645905,4248.6323487834161,929.36765121659141,929.36765121659141,16.600000000000001
56.25,116,8.8895852501436927,27.006308538789678,78.214565116261184,7.8863453881134484,1.1238040241752592,48.093956798777882,7.169016777352641,12.51231189531944,138.37183257909643,97.628167420903551,209.10675553813704,763.89324446186367,763.89324446186367,4237.0666858705263,940.93331412948112,940.93331412948112,16.600000000000001
56.5,116,8.8200882354958257,27.001281336978984,77.955299001924217,7.7905455781236057,1.0990088897439207,48.289075959657623,7.1833384828578062,12.682732087692678,137.36293591080661,98.637064089193345,204.74598285614161,768.25401714385907,768.25401714385907,4225.5089328712365,952.4910671287704,952.4910671287704,16.600000000000001
56.75,116,8.7514244709914166,26.99600840148463,77.696941517127797,7.6969418915916625,1.0748166911398362,48.480808544792417,7.1970067659089585,12.853484589439178,136.35765719305343,99.642342806946544,200.46032431810738,772.5396756818933,772.5396756818933,4213.960262067314,964.03973793269324,964.03973793269324,16.600000000000001
57,116,8.6835835439617579,26.990504826751856,77.439491591688395,7.6054850894784387,1.0512182844002222,48.669208255407689,7.2100426458102138,13.02455413321487,135.3560964682602,100.64390353173977,196.2491762382449,776.75082376175578,776.75082376175578,4202.421799845627,975.57820015438108,975.57820015438108,16.600000000000001
57.25,116,8.6165551888822769,26.984785651412235,77.182947995144929,7.5161263413216304,1.0282042869033401,48.854328531480476,7.2224668971690233,13.195925947980449,134.35834983753628,101.64165016246369,192.11190580744562,780.88809419255517,780.88809419255517,4190.8946275561757,987.10537244383227,987.10537244383227,16.600000000000001
57.5,116,8.5503292854974653,26.978865834440935,76.927309339981932,7.4288172797781957,1.0057651067251412,49.036222493558228,7.234300027040411,13.367585752915927,133.36450954004144,102.63549045995852,188.04785306729414,784.95214693270668,784.95214693270668,4179.37978240347,998.62021759653692,998.62021759653692,16.600000000000001
57.75,116,8.4848958569358714,26.972760232879491,76.672574085032025,7.3435100503783053,0.98389097060843622,49.214942889197857,7.2455622539698208,13.539519750813396,132.37466403338425,103.62533596661571,184.05633282355447,788.9436671764463,788.9436671764463,4167.8782583673337,1010.1217416326734,1010.1217416326734,16.600000000000001
58,116,8.4202450678177918,26.966483581067937,76.418740539036463,7.2601573567533402,0.9625719505776148,49.390542043783277,7.2562734888530942,13.711714620996053,131.38889807482397,104.61110192517599,180.13663649917297,792.86336350082775,792.86336350082775,4156.3910071489981,1021.6089928510086,1021.6089928510086,16.600000000000001
58.25,116,8.3563672223575001,26.960050471367754,76.16580686434726,7.1787125014889392,0.94179798919766966,49.563071815588103,7.2664533175758361,13.88415751180203,130.40729280305132,105.59270719694865,176.28803392552811,796.71196607447268,796.71196607447268,4144.9189391389918,1033.0810608610152,1033.0810608610152,16.600000000000001
58.5,116,8.293252762462302,26.953475336324924,75.913771080752696,7.0991294228309307,0.92155892350797908,49.732583554873827,7.276120985358947,14.056836032675459,129.42992582034864,106.57007417965134,172.50977507206622,800.49022492793461,800.49022492793461,4133.4629244032176,1044.5370755967897,1044.5370755967897,16.600000000000001
58.75,116,8.2308922658305868,26.946772432215919,75.662631069408249,7.0213627274887012,0.90184450766760038,49.899128066797161,7.2852953827303253,14.229738245907804,128.4568712749367,107.54312872506328,168.80109171474393,804.19890828525683,804.19890828525683,4122.0237936836538,1055.9762063163532,1055.9762063163532,16.600000000000001
59,116,8.1692764440506878,26.939955823943553,75.412384576857917,6.9453677197051809,0.88264443432771589,50.06275557797283,7.2939950330710257,14.402852658065166,127.48819994332594,108.51180005667403,165.16119904294638,807.83880095705433,807.83880095705433,4110.6023394106087,1067.3976605893981,1067.3976605893981,16.600000000000001
59.25,116,8.1083961407021974,26.933039371243311,75.163029219132255,6.8711004267606715,0.86394835475543441,50.22351570653835,7.3022380816788148,14.576168211134304,126.5239793125224,109.47602068747757,161.58929720509366,811.41070279490702,811.41070279490702,4099.1993167238506,1078.800683276156,1078.800683276156,16.600000000000001
59.5,116,8.0482423294619423,26.926036716127655,74.914562485905776,6.7985176211891796,0.84574589776157194,50.381457435459616,7.3100422862534788,14.749674273430195,125.56427366191866,110.43572633808132,158.08457279412562,814.91542720587518,814.91542720587518,4087.8154444991874,1090.1845555008197,1090.1845555008197,16.600000000000001
59.75,116,7.9888061122157819,26.918961271548888,74.666981744704003,6.7275768397983553,0.82802668744076047,50.536629088996179,7.3174250087712824,14.923360630289251,124.60914414475045,111.39085585524954,154.64620027265076,818.35379972735007,818.35379972735007,4076.45140637856,1101.5485936214473,1101.5485936214473,16.600000000000001
60,116,7.9300787171784517,26.911826211192203,74.420284245142696,6.6582363998060936,0.81078035979283947,50.689078312030375,7.3244032086362401,15.097217474591591,123.65864886897083,112.34135113102916,151.27334333971959,821.72665666028115,821.72665666028115,4065.1078518003205,1112.8921481996865,1112.8921481996865,16.600000000000001
60.25,116,7.8720514970222482,26.904644460391328,74.174467123192599,6.590455412140666,0.7939965782250743,50.838852052220645,7.3309934370910996,15.271235397129738,122.71284297744576,113.28715702255423,147.96515623882388,825.03484376117694,825.03484376117694,4053.7853970282958,1124.2146029717114,1124.2146029717114,16.600000000000001
60.5,116,7.8147159270164552,26.897428688086823,73.929527405454863,6.5241937921765256,0.777665047998784,50.985996544721374,7.3372118327867817,15.445405376861503,121.77177872735179,114.2282212726482,144.72078500905204,828.27921499094873,828.27921499094873,4042.4846261768466,1135.5153738231606,1135.5153738231606,16.600000000000001
60.75,116,7.7580636031786465,26.890191299789688,73.685462013438098,6.4594122680363064,0.76177552964759498,51.130557299347714,7.3430741184598034,15.619718771070293,120.83550556868636,115.16449443131363,141.53936868011397,831.46063131988683,831.46063131988683,4031.2060922302162,1146.7939077697911,1146.7939077697911,16.600000000000001
61,116,7.7020862404390877,26.882944431498437,73.442267767827573,6.3960723866307028,0.74631785140808971,51.27257909002364,7.3485955986510865,15.794167305458727,119.90407022180467,116.09592977819531,138.42004041250124,834.57995958749973,834.57995958749973,4019.9503180542961,1158.049681945711,1158.049681945711,16.600000000000001
61.25,116,7.6467756708194363,26.875699944520331,73.199941392736903,6.3341365175976518,0.73128192070193276,51.412105946360604,7.3537911584027951,15.968743064199941,118.97751675390566,117.02248324609432,135.36192858402853,837.63807141597226,837.63807141597226,4008.7177973991102,1169.2822026008976,1169.2822026008976,16.600000000000001
61.5,116,7.5921238416267807,26.868469421151431,72.958479519934556,6.2735678552865792,0.71665773470574967,51.549181147229412,7.3586752628746464,16.143438479968871,118.05588665439832,117.94411334560166,132.36415782394843,840.63584217605239,840.63584217605239,3997.5089958904705,1180.491004109537,1180.491004109537,16.600000000000001
61.75,116,7.538122813664077,26.861264161163508,72.717878693036909,6.2143304189478128,0.70243539005158728,51.683847216172964,7.3632619578146397,16.318246323975913,117.13921890908703,118.86078109091294,129.42584999613507,843.57415000386584,843.57415000386584,3986.3243520093338,1191.6756479906735,1191.6756479906735,16.600000000000001
62,116,7.4847647594577484,26.854095179058685,72.478135371661352,6.1563890512435577,0.68860509169036743,51.816145918549594,7.3675648708351549,16.493159696019781,116.22755007312797,119.772449926872,126.54612513252115,846.45387486747973,846.45387486747973,3975.1642780577563,1202.835721942251,1202.835721942251,16.600000000000001
62.25,116,7.4320419615033746,26.846973202039948,72.239245935533077,6.0997094152340621,0.6751571609623287,51.946118260260235,7.3715972134301335,16.668172014579984,115.32091434270973,120.67908565729026,123.72410231841769,849.27589768158316,849.27589768158316,3964.0291611101757,1213.9708388898321,1213.9708388898321,16.600000000000001
62.5,116,7.3799468105302442,26.839908668659625,72.001206688538971,6.0442579899535209,0.66208204290605699,52.073804487950497,7.3753717836851616,16.843277006965586,114.41934362541545,121.58065637458454,120.95890053088139,852.04109946911944,852.04109946911944,3952.9193639489804,1225.0806360510273,1225.0806360510273,16.600000000000001
62.75,116,7.3284718037854724,26.832911728097265,71.764013862723942,5.990002064709766,0.64937031284852076,52.199244090558928,7.3789009696217391,17.018468699536911,113.52286760923728,122.4771323907627,118.24963943181457,854.75036056818624,854.75036056818624,3941.8352259834246,1236.1647740165834,1236.1647740165834,16.600000000000001
63,116,7.2776095433382464,26.825992240031553,71.527663622224509,5.9369097322063062,0.63701268230692043,52.322475802116912,7.3821967531323924,17.193741408012752,112.63151383021618,123.36848616978379,115.59544011704435,857.40455988295639,857.40455988295639,3930.7770641511684,1247.2229358488396,1247.2229358488396,16.600000000000001
63.25,116,7.2273527344047723,26.819159775062449,71.292152067135859,5.884949880605383,0.6250000042412639,52.443537605686075,7.3852707144536582,17.369089727877551,111.74530773868753,124.25469226131244,112.99542582298317,860.00457417701773,860.00457417701773,3919.7451738016953,1258.2548261983129,1258.2548261983129,16.600000000000001
63.5,116,7.1776941836944639,26.812423615646889,71.057475237307983,5.8340921846321585,0.61332327769000394,52.562466738336425,7.3881340371322644,17.544508524900955,110.86427276411231,125.13572723588767,110.44872259220533,862.55127740779551,862.55127740779551,3908.7398295609478,1269.2601704390604,1269.2601704390604,16.600000000000001
63.75,116,7.128626797777792,26.805792757510201,70.823629116067721,5.7843070958176819,0.60197365182316653,52.679299697071102,7.3907975134393213,17.719992925780804,109.98843037848427,126.01156962151572,107.95445989942694,865.04554010057382,865.04554010057382,3897.7612861766788,1280.2387138233294,1280.2387138233294,16.600000000000001
64,116,7.0801435814761762,26.799275911495798,70.590609633863778,5.7355658319745988,0.59094242944729369,52.794072245606081,7.3932715501883957,17.895538308919658,109.11780015830766,126.88219984169233,105.51177123940369,867.48822876059717,867.48822876059717,3886.8097793440893,1291.1902206559187,1291.1902206559187,16.600000000000001
64.25,116,7.0322376362742292,26.792881505824042,70.35841267183217,5.6878403659828782,0.58022106998873457,52.906819421930066,7.3955661749224317,18.071140295343504,108.25239984513688,127.74760015486309,103.11979467792645,869.8802053220744,869.8802053220744,3875.8855265113848,1302.1144734886234,1302.1144734886234,16.600000000000001
64.5,116,6.9849021587546618,26.786617688720824,70.127034065279929,5.6411034139796614,0.56980119199243018,53.017575546552372,7.3976910424235891,18.246794739771811,107.39224540468423,128.60775459531575,100.77767336760787,872.22232663239299,872.22232663239299,3864.9887276649542,1313.0112723350539,1313.0112723350539,16.600000000000001
64.75,116,6.9381304390560627,26.780492331390203,69.89646960708491,5.5953284230166558,0.55967457516006192,53.126374231376971,7.3996554415157965,18.42249772184541,106.5373510844928,129.46264891550717,98.484556029565013,874.51544397043585,874.51544397043585,3854.1195660939525,1323.8804339060555,1323.8804339060555,16.600000000000001
65,116,6.8919158593537224,26.77451303129666,69.666715051010712,5.5504895582638492,0.54983316196064158,53.23324838912508,7.4014683021204846,18.598245537519038,105.68772947018768,130.31227052981231,96.239597402570013,876.76040259743093,876.76040259743093,3843.2782091341614,1334.7217908658463,1334.7217908658463,16.600000000000001
65.25,116,6.8462518923636679,26.768687115731151,69.43776611493513,5.5065616898225214,0.54026905883826648,53.338230243244347,7.4031382025353478,18.774034690624188,104.84339154030913,131.15660845969086,94.04195866085567,878.9580413391451,878.9580413391451,3832.4648088910017,1345.5351911090063,1345.5351911090063,16.600000000000001
65.5,116,6.8011320998699905,26.763021645633223,69.209618483991321,5.4635203792101938,0.53097453704392406,53.441351338242619,7.4046733769046007,18.949861884607142,104.00434671974034,131.99565328025963,91.890807801897054,881.10919219810376,881.10919219810376,3821.6795029416671,1356.3204970583411,1356.3204970583411,16.600000000000001
65.75,116,6.7565501312755289,26.757523419641863,68.982267813621021,5.4213418655770695,0.52194203311845622,53.542642550387029,7.4060817228497369,19.125724014446483,103.17060293174642,132.82939706825354,89.785320005524412,883.21467999447634,883.21467999447634,3810.9224150164177,1367.0775849835904,1367.0775849835904,16.600000000000001
66,116,6.7124997221759353,26.752198978353167,68.755709732539515,5.3800030517024791,0.51316414904821595,53.642134098720156,7.4073708092360864,19.301618158753367,102.34216664863493,133.65783335136504,87.724677965457531,885.27532203454325,885.27532203454325,3800.1936556590554,1377.8063443409524,1377.8063443409524,16.600000000000001
66.25,116,6.6689746929570966,26.747054608758535,68.529939845612077,5.3394814898252525,0.50463365212013478,53.739855556338931,7.408547884046019,19.477541572057401,101.51904294106309,134.48095705893687,85.708072194655472,887.29192780534527,887.29192780534527,3789.4933228667583,1388.5066771332499,1388.5066771332499,16.600000000000001
66.5,116,6.6259689474158945,26.742096348844395,68.304953736641991,5.2997553673519464,0.4963434744951894,53.835835861892527,7.4096198823373305,19.653491677280826,100.70123552600175,135.29876447399823,83.734701305471006,889.26529869452986,889.26529869452986,3778.8215027093265,1399.1784972906808,1399.1784972906808,16.600000000000001
66.75,116,6.5834764714042242,26.737329992330434,68.080746971070397,5.2608034924859819,0.48828671252417821,53.93010333125514,7.4105934342618216,19.829466058402318,99.888746813383804,136.11125318661618,81.803772265897862,891.19622773410299,891.19622773410299,3768.1782699281052,1409.8217300719023,1409.8217300719023,16.600000000000001
67,116,6.5414913314961618,26.73276109352803,67.857315098588188,5.2226052798158982,0.48045662582476667,54.022685669335104,7.4114748731240505,20.005462453311814,99.08157795145469,136.9184220485453,79.914500632945561,893.08549936705526,893.08549936705526,3757.5636885147464,1420.4363114852608,1420.4363114852608,16.600000000000001
67.25,116,6.5000076736781729,26.728394972300503,67.63465365566104,5.1851407358981998,0.47284663613916861,54.113609981983906,7.4122702434605312,20.181478746856961,98.279728870848089,137.72027112915191,78.066110764224192,894.93388923577663,894.93388923577663,3746.9778122700905,1431.0221877299168,1431.0221877299168,16.600000000000001
67.5,116,6.4590197220621866,26.724236719107271,67.412758167967795,5.1483904448679576,0.46545032599176261,54.202902787970778,7.4129853091202884,20.357512964081234,97.483198327413248,138.51680167258672,76.257836008836279,896.74216399116449,896.74216399116449,3736.4206853434503,1441.5793146565572,1441.5793146565572,16.600000000000001
67.75,116,6.4185217776214083,26.720291200116659,67.191624152753235,5.1123355541072781,0.45826143716271328,54.290590030991893,7.4136255613304716,20.533563263654234,96.691983943812204,139.3080160561878,74.488918878486885,898.51108112151383,898.51108112151383,3725.8923427525315,1452.1076572474756,1452.1076572474756,16.600000000000001
68,116,6.3785082169486484,26.716563062371101,66.971247121096454,5.0769577599975539,0.4512738689958819,54.376697091686772,7.4141962267302928,20.709627931492872,95.906082249918967,140.093917750081,72.758611199902901,900.24138880009787,900.24138880009787,3715.3928108844007,1462.6071891156064,1462.6071891156064,16.600000000000001
68.25,116,6.3389734910369642,26.713056738991895,66.751622580095699,5.0422392937814822,0.44448167655499649,54.46124879963461,7.4147022753599732,20.885705374573046,95.125488722039364,140.87451127796061,71.066174249398074,901.93382575060275,901.93382575060275,3704.9221079777535,1473.0778920222538,1473.0778920222538,16.600000000000001
68.5,116,6.2999121240824065,26.709776454409567,66.532746034971026,5.0081629075559384,0.43787906864404513,54.544269445307997,7.4151484285906459,21.061794114930159,94.350197820982146,141.64980217901783,69.410878870567274,903.58912112943347,903.58912112943347,3694.4802445869136,1483.5197554130937,1483.5197554130937,16.600000000000001
68.75,116,6.261318712308598,26.706726229607863,66.31461299108598,4.9747118604163303,0.43146040570547395,54.625782791961683,7.4155391669831392,21.237892783847194,93.580203029004636,142.41979697099532,67.792005575949759,905.20799442405098,905.20799442405098,3684.0672240278859,1493.9327759721209,1493.9327759721209,16.600000000000001
69,116,6.2231879228129436,26.703909887370038,66.097218955889772,4.9418699047701136,0.42522019760940671,54.705812087437444,7.4158787380644453,21.414000116228607,92.815496885659201,143.18450311434077,66.208844633503958,906.79115536649692,906.79115536649692,3673.6830428068506,1504.3169571931562,1504.3169571931562,16.600000000000001
69.25,116,6.1855144924341445,26.701331057516761,65.88055944078144,4.9096212728343991,0.4191531013467083,54.784380075867929,7.4161711640117316,21.590114945157577,92.056071022569299,143.94392897743066,64.660696138738501,908.33930386126235,908.33930386126235,3663.3276910315253,1514.672308968482,1514.672308968482,16.600000000000001
69.5,116,6.1482932266407992,26.698993182126394,65.66462996289728,4.877950663333988,0.41325391863687488,54.861509009261901,7.4164202492349345,21.766236196634814,91.301916197156942,144.69808380284303,63.146870073226275,909.85312992677461,909.85312992677461,3653.0011528057412,1524.9988471942659,1524.9988471942659,16.600000000000001
69.75,116,6.1115189984407481,26.69689952072833,65.449426046823518,4.8468432284094751,0.40751759346248612,54.937220658958914,7.4166295878495392,21.942362884495871,90.553022325352785,145.4469776746472,61.66668635031013,911.33331364969069,911.33331364969069,3642.7034066077154,1535.2965933922919,1535.2965933922919,16.600000000000001
70,116,6.075186747310922,26.695053155461352,65.23494322623533,4.8162845607484606,0.40193920954006152,55.011536326939151,7.416802571032008,22.11849410550478,89.809378513310577,146.19062148668939,60.219474848671865,912.78052515132902,912.78052515132902,3632.4344256523532,1545.5655743476539,1545.5655743476539,16.600000000000001
70.25,116,6.0392914781473506,26.693456996189571,65.021177045464412,4.786260680947267,0.39651398773720314,55.084476856978561,7.4169423942515795,22.294629034620773,89.070973088155057,146.92902691184491,58.804575434487617,914.19542456551335,914.19542456551335,3622.1941782380718,1555.8058217619352,1555.8058217619352,16.600000000000001
70.5,116,6.003828260235033,26.692113785569031,64.808123060996294,4.7567580251121653,0.39123728344497394,55.156062645638741,7.4170520643724291,22.470766920435185,88.33779362778759,147.66220637221238,57.421337972818442,915.57866202718242,915.57866202718242,3611.9826280785201,1566.0173719214872,1566.0173719214872,16.600000000000001
70.75,116,5.9687922262373823,26.691026104058825,64.595776842899369,4.727763432706876,0.38610458391392921,55.22631365308294,7.4171344066210896,22.646907080775591,87.609826989774447,148.39017301022554,56.069122328867792,916.93087767113309,916.93087767113309,3601.7997346196271,1576.2002653803797,1576.2002653803797,16.600000000000001
71,116,5.9341785712048765,26.690196374871093,64.3841339761873,4.6992641346503046,0.38111150556175516,55.295249413711922,7.417192071414922,22.823048898473587,86.887059339345043,149.11294066065494,54.747298359729704,918.25270164027108,918.25270164027108,3591.645453342428,1586.3545466575788,1586.3545466575788,16.600000000000001
71.25,116,5.899982551602645,26.689626868854845,64.173190062116589,4.6712477416709861,0.3762537912597011,55.362889046611777,7.4172275410475752,22.999191817293166,86.169476176522195,149.83052382347779,53.455245897189009,919.54475410281191,919.54475410281191,3581.5197360520419,1596.4802639479653,1596.4802639479653,16.600000000000001
71.5,116,5.8661994843566214,26.689319709309181,63.962940719420907,4.6437022329193898,0.37152730760460839,55.429251265810144,7.4172431362287403,23.175335338015998,85.457062362411222,150.54293763758878,52.192354722147634,920.80764527785323,920.80764527785323,3571.4225311532737,1606.5774688467334,1606.5774688467334,16.600000000000001
71.75,116,5.8328247459179785,26.689276876721639,63.753381585484021,4.6166159448426809,0.36692804218292902,55.494354390334728,7.4172410224749434,23.351479014680493,84.749802144669658,151.2501978553303,50.958024531193999,922.04197546880675,922.04197546880675,3561.3537839132109,1616.6462160867966,1616.6462160867966,16.600000000000001
72,116,5.7998537713454628,26.689500213428314,63.544508317453158,4.58997756032071,0.36245210083252527,55.558216354072933,7.4172232163499388,23.527622450970519,84.047679182184325,151.95232081781563,49.751664895844371,923.24833510415647,923.24833510415647,3551.3134367112789,1626.6865632887282,1626.6865632887282,16.600000000000001
72.25,116,5.7672820534053653,26.689991428192688,63.33631659329437,4.5637760980668833,0.35809570490739695,55.620854715427619,7.4171915915527586,23.703765296750763,83.350676568975302,152.64932343102467,48.572695214910333,924.42730478509054,924.42730478509054,3541.3014292771159,1636.6985707228912,1636.6985707228912,16.600000000000001
72.5,116,5.7351051416887344,26.690752100699953,63.128802112791654,4.5380009022927172,0.35385518855080245,55.682286666767737,7.4171478848520556,23.879907244744818,82.658776857351839,153.34122314264812,47.420544660492979,925.57945533950794,925.57945533950794,3531.3176989167018,1646.6823010833052,1646.6823010833052,16.600000000000001
72.75,116,5.7033186417455459,26.691783685965515,62.921960598491715,4.5126416326342831,0.34972699598042428,55.742529043674182,7.4170937018670173,24.056048027352176,81.971962080342223,154.02803791965775,46.29465211800197,926.70534788199882,926.70534788199882,3521.3621807271461,1656.6378192728605,1656.6378192728605,16.600000000000001
73,116,5.6719182142354923,26.693087518654135,62.715787796595755,4.4876882543425332,0.34570767879106501,55.80159833397672,7.4170305226926976,24.232187413601018,81.290213773418117,154.70978622658185,45.194466120671734,927.805533879329,927.805533879329,3511.4348078004991,1666.5651921995079,1666.5651921995079,16.600000000000001
73.25,116,5.6408995740950472,26.694664817310031,62.510279477800431,4.4631310287316426,0.3417938932770479,55.859510686586184,7.4169597073721434,24.408325206232352,80.613512995536453,155.38648700446353,44.119444778918485,928.88055522108232,928.88055522108232,3501.5355114170129,1676.4644885829937,1676.4644885829937,16.600000000000001
73.5,116,5.6102584897204988,26.696516688494651,62.305431438089066,4.4389605038876301,0.33798239777939537,55.916281920117775,7.4168825012132773,24.584461238912652,79.941840349517634,156.05815965048237,43.069055704974481,929.93094429502628,929.93094429502628,3491.664221228199,1686.3357787718076,1686.3357787718076,16.600000000000001
73.75,116,5.5799907821666341,26.698644130832747,62.101239499475298,4.4151675056306532,0.33427005005952026,55.971927531310399,7.4168000399532854,24.760595373570645,79.275176001782157,156.72482399821786,42.042775933115173,930.95722406688571,930.95722406688571,3481.8208654300834,1696.1791345699235,1696.1791345699235,16.600000000000001
74,116,5.5500923243607208,26.701048038964753,61.897699510700384,4.3917431287311839,0.33065380470337535,56.026462703239915,7.4167133547698203,24.936727497855113,78.613499701463894,157.38650029853611,41.040091835863457,931.95990816413735,931.95990816413735,3472.0053709270037,1705.9946290730031,1705.9946290730031,16.600000000000001
74.25,116,5.5205590403315217,26.703729207405836,61.694807347886048,4.3686787283745661,0.32713071055778853,56.079902313330237,7.4166233771413674,25.112857522709799,77.956790798920224,158.04320920107975,40.060499036469572,932.93950096353115,932.93950096353115,3462.217663486329,1715.7823365136774,1715.7823365136774,16.600000000000001
74.5,116,5.4913869044529742,26.706688334310741,61.492558915144087,4.3459659118716072,0.32369790820180533,56.132260941162819,7.4165309435574702,25.288985380062009,77.305028263657277,158.69497173634272,39.103502317998398,933.8964976820024,933.8964976820024,3452.4576678844337,1725.5423321155729,1725.5423321155729,16.600000000000001
74.75,116,5.4625719407022704,26.709926025144686,61.290950145144734,4.3235965306108559,0.32035262745479987,56.183552876087347,7.4164368000807981,25.465111020621276,76.658190701688611,159.34180929831138,38.16861552931033,934.83138447069052,934.83138447069052,3442.7253080442792,1735.2746919557267,1735.2746919557267,16.600000000000001
75,116,5.4341102219319941,26.713442796260445,61.089976999644747,4.3015626722483038,0.31709218492313029,56.233792124636082,7.4163416067629058,25.641234411784648,76.016256372345012,159.983743627655,37.255361488216671,935.74463851178416,935.74463851178416,3433.0205071649425,1744.9794928350639,1744.9794928350639,16.600000000000001
75.25,116,5.4059978691560469,26.71723907838167,60.889635469977129,4.2798566531309623,0.31391398158717504,56.282992417744097,7.416245941915343,25.817355535645103,75.379203204552653,160.62079679544732,36.363271882085613,936.63672811791514,936.63672811791514,3423.3431878433989,1754.656812156607,1754.656812156607,16.600000000000001
75.5,116,5.3782310508490347,26.72131521999345,60.689921577503739,4.2584710109484831,0.31081550042959927,56.331167217779388,7.4161503062389311,25.993474387099674,74.747008812596491,161.25299118740347,35.491887166131448,937.50811283386929,937.50811283386929,3413.6932721889079,1764.306727811098,1764.306727811098,16.600000000000001
75.75,116,5.3508059822588452,26.725671490639876,60.490831374032105,4.2373984976102896,0.3077943041068551,56.378329725384084,7.4160551268123935,26.169590972054081,74.119650511384521,161.88034948861539,34.640756459658967,938.35924354034194,938.35924354034194,3404.0706819302745,1773.9293180697318,1773.9293180697318,16.600000000000001
76,116,5.3237189247321099,26.730308084130499,60.292360942198052,4.2166320723410919,0.30484803266387706,56.42449288613237,7.4159607609441229,26.345705305720291,73.497105331229605,162.50289466877035,33.809437440449607,939.19056255955127,939.19056255955127,3394.4753385163208,1783.5246614836856,1783.5246614836856,16.600000000000001
76.25,116,5.2969661850522707,26.735225121655752,60.094506395815252,4.1961648949916448,0.30197440129352843,56.469669397006761,7.4158674998886065,26.521817411004029,72.87935003216306,163.12064996783684,32.997496237531898,940.0025037624689,940.0025037624689,3384.9071632098407,1793.0928367901654,1793.0928367901654,16.600000000000001
76.5,116,5.2705441147899892,26.740422654812587,59.897263880193137,4.1759903195595065,0.29917119814130899,56.513871712696563,7.4157755724303476,26.697927316978951,72.266361117795952,163.73363888220396,32.204507322532997,940.79549267746779,940.79549267746779,3375.3660771753289,1802.6339228246775,1802.6339228246775,16.600000000000001
76.75,116,5.2444491096655899,26.745900668541374,59.70062957242444,4.1561018879148293,0.29643628215582207,56.557112051722349,7.4156851483379516,26.874035057444434,71.658114848741292,164.34188515125865,31.430053399801455,941.56994660019939,941.56994660019939,3365.8520015607505,1812.1479984392556,1812.1479984392556,16.600000000000001
77,116,5.2186776089233042,26.751659083975568,59.504599681643505,4.136493323725726,0.29376758098518946,56.599402402390169,7.415596341691451,27.050140669563774,71.054587255612049,164.94541274438788,30.673725295475275,942.32627470452553,942.32627470452553,3356.3648575736383,1821.6351424263685,1821.6351424263685,16.600000000000001
77.25,116,5.1932260947170166,26.757697761205154,59.309170449256726,4.1171585265788035,0.29116308891991943,56.640754528579059,7.415509214085299,27.226244192580005,70.455754151607763,165.54424584839214,29.935121845674136,943.06487815432661,943.06487815432661,3346.9045665517519,1831.095433448254,1831.095433448254,16.600000000000001
77.5,116,5.1680910915072822,26.764016501955151,59.114338149146135,4.0980915662898587,0.28862086488238903,56.681179975365275,7.4154237777098881,27.402345666606269,69.861591144703254,166.13840885529666,29.213849783978244,943.78615021602252,943.78615021602252,3337.4710500285732,1840.5289499714324,1840.5289499714324,16.600000000000001
77.75,116,5.1432691654693423,26.770615052180904,58.920099087847348,4.0792866773993985,0.28613903046279787,56.720690074487514,7.4153399983147006,27.578445131488056,69.27207364945167,166.72792635054824,28.509523628336957,944.49047637166382,944.49047637166382,3328.0642297938557,1849.9357702061504,1849.9357702061504,16.600000000000001
78,116,5.1187569239119002,26.77749310458135,58.726449604703006,4.0607382538483119,0.2837157680017186,56.759295949656682,7.4152577980558014,27.754542625734306,68.687176898414393,167.31282310158554,27.821765567558462,945.1782344324422,945.1782344324422,3318.684027949485,1859.3159720505214,1859.3159720505214,16.600000000000001
78.25,116,5.0945510147063997,26.784650301032055,58.533386071992709,4.0424408438285653,0.28134931871894558,56.797008521713991,7.415177058230725,27.930638185514894,68.106875953229491,167.89312404677045,27.150205347506578,945.8497946524941,945.8497946524941,3309.3303669608613,1868.6696330391453,1868.6696330391453,16.600000000000001
78.5,116,5.0706481257265823,26.792086234939276,58.340904895040502,4.0243891448042639,0.27903798088861381,56.833838513641219,7.4150976219035396,28.106731843721686,67.531145715330339,168.46885428466962,26.494480157141687,946.50551984285903,946.50551984285903,3300.0031697040322,1877.996830295974,1877.996830295974,16.600000000000001
78.75,116,5.0470449842980774,26.799800453516976,58.149002512300996,4.0065779986979191,0.27678010806004394,56.869796455426936,7.4150192964232238,28.282823629090704,66.959960936324919,169.04003906367501,25.854234514510935,947.14576548548985,947.14576548548985,3290.7023595087794,1887.2976404912272,1887.2976404912272,16.600000000000001
79,116,5.0237383566578062,26.807792459988111,57.957675395424978,3.9890023872375644,0.27457410732424159,56.904892688792231,7.4149418558379914,28.458913565382812,66.393296228047419,169.60670377195251,25.229120152814026,947.77087984718673,947.77087984718673,3281.4278601978654,1896.5721398021412,1896.5721398021412,16.600000000000001
79.25,116,5.0007250474229616,26.816061715712106,57.766920049305504,3.9716574274595433,0.27241843762530482,56.939137371780035,7.414865043208823,28.635001670620611,65.831126072291454,170.16887392770846,24.61879590663283,948.38120409336784,948.38120409336784,3272.1795961226358,1905.8204038773708,1905.8204038773708,16.600000000000001
79.5,116,4.9780018990693655,26.824607642239961,57.576733012105407,3.9545383673627024,0.27031160811657734,56.972540483211347,7.4147885728247855,28.811087956379005,65.273424830235868,170.72657516976406,24.02292759843921,948.9770724015616,948.9770724015616,3262.957492195173,1915.0425078048336,1915.0425078048336,16.600000000000001
79.75,116,4.9555657914189641,26.833429623298851,57.38711085526711,3.9376405817091413,0.26825217656073358,57.005111827012264,7.4147121323232614,28.987172427127316,64.720166751571853,171.27983324842808,23.441187925456543,949.55881207454411,949.55881207454411,3253.7614739171668,1924.2385260828403,1924.2385260828403,16.600000000000001
80,116,4.9334136411362817,26.84252700670768,57.198050183505558,3.9209595679673472,0.26623874777352907,57.036861036415118,7.4146353847176671,29.163255079620612,64.17132598334176,171.82867401665817,22.873256346977485,950.12674365302314,950.12674365302314,3244.5914674056921,1933.4085325943147,1933.4085325943147,16.600000000000001
80.25,116,4.9115424012336009,26.851899106225826,57.009547634785022,3.9044909423925427,0.26426997210992786,57.067797578038061,7.41455797033613,29.339335902338142,63.626876578496997,172.37312342150292,22.318818972180836,950.68118102781989,950.68118102781989,3235.4473994160521,1942.5526005839547,1942.5526005839547,16.600000000000001
80.5,116,4.8899490605846889,26.861545203335847,56.821599880280814,3.8882304362411646,0.26234454399305895,57.097930755845205,7.4144795086728346,29.515414874966748,63.086792504186,172.91320749581394,21.777568448581459,951.22243155141916,951.22243155141916,3226.3291973618548,1951.6708026381523,1951.6708026381523,16.600000000000001
80.75,116,4.8686306434468678,26.87146454896212,56.634203624326396,3.8721738921147786,0.26046120048488441,57.127269714991307,7.4143996001552042,29.691491967927252,62.551047649779576,173.44895235022037,21.249203851158221,951.75079614884248,951.75079614884248,3217.2367893324849,1960.7632106675223,1960.7632106675223,16.600000000000001
81,116,4.8475842089912469,26.881656365128563,56.447355604346711,3.856317260427661,0.25861871989636148,57.15582344555613,7.4143178278310771,29.867567141941894,62.019615834639502,173.98038416536042,20.733430572140691,952.26656942786008,952.26656942786008,3208.1701041080778,1969.8298958919293,1969.8298958919293,16.600000000000001
81.25,116,4.8268068508409145,26.892119846554262,56.261052590778597,3.8406565959971113,0.25681592043942991,57.183600786168242,7.4142337589756835,30.043640347640768,61.492470815643493,174.50752918435646,20.229960211685963,952.77003978831476,952.77003978831476,3199.1290711722145,1978.870928827793,1978.870928827793,16.600000000000001
81.5,116,4.8062956966169263,26.902854162191119,56.075291386978783,3.8251880547499768,0.25505165891736903,57.210610427524571,7.4141469466234984,30.219711525205636,60.969586294469202,175.03041370553075,19.738510469345282,953.26148953065547,953.26148953065547,3190.1136207224013,1987.8863792776062,1987.8863792776062,16.600000000000001
81.75,116,4.7860479074919136,26.913858456704546,55.890068829120132,3.80990789054214,0.25332482945340068,57.236860915807959,7.4140569310269617,30.395780604049236,60.450935924645698,175.54906407535424,19.258805036408187,953.74119496359265,953.74119496359265,3181.1236836784865,1996.876316321521,1996.876316321521,16.600000000000001
82,116,4.766060677751125,26.92513185189739,55.705381786076991,3.7948124520885336,0.25163436225847607,57.262360656004432,7.4139632410431613,30.571847502528236,59.936493318383249,176.06350668161667,18.79057348927493,954.20942651072608,954.20942651072608,3172.1591916891912,2005.8408083108166,2005.8408083108166,16.600000000000001
82.25,116,4.7463312343607509,26.936673448081034,55.52122715929989,3.7798981799979732,0.24997922243462264,57.287117915125577,7.4138653954532572,30.747912127688508,59.426232053181984,176.57376794681795,18.333551183725938,954.66644881627496,954.66644881627496,3163.2200771367779,2014.7799228632293,2014.7799228632293,16.600000000000001
82.5,116,4.7268568365433623,26.948482325393634,55.337601882680538,3.7651616039106202,0.24835840881506102,57.311140825337283,7.4137629042154627,30.923974375040867,58.92012567823064,177.0798743217693,17.887479150252325,955.11252084974865,955.11252084974865,3154.3062731400491,2023.6937268599586,2023.6937268599586,16.600000000000001
82.75,116,4.7076347753602876,26.960557545066873,55.154502922407488,3.7505993397345891,0.24677095284040443,57.334437386997806,7.4136552696538986,31.100034128365643,58.418147720602057,177.58185227939788,17.452103990492212,955.5478960095088,955.5478960095088,3145.4177135557816,2032.5822864442259,2032.5822864442259,16.600000000000001
83,116,4.6886623733008213,26.972898150644443,54.97192727681297,3.7362080869773955,0.2452159174681606,57.357015471609131,7.4135419875870481,31.276091259545115,57.920271691246761,178.07972830875318,17.027177774675653,955.97282222532533,955.97282222532533,3136.5543329786296,2041.4456670213781,2041.4456670213781,16.600000000000001
83.25,116,4.6699369838780482,26.985503169151865,54.789871976211586,3.7219846261699256,0.24369239611701085,57.378882824683096,7.4134225483965057,31.45214562842169,57.426471090796468,178.57352890920347,16.6124579402615,956.38754205973953,956.38754205973953,3127.716066739692,2050.2839332603157,2050.2839332603157,16.600000000000001
83.5,116,4.6514559912311864,26.998371612220033,54.60833408273129,3.7079258163793312,0.24219951164398193,57.400047068525417,7.4132964380389357,31.628197082680863,56.936719415180441,179.06328058481952,16.207707191719503,956.79229280828145,956.79229280828145,3118.9028509037912,2059.0971490962161,2059.0971490962161,16.600000000000001
83.75,116,4.6332168097342903,27.011502477164271,54.427310690136949,3.6940285928077516,0.24073641535312629,57.420515704940506,7.4131631390036938,31.804245457757787,56.450990161058392,179.54900983894154,15.812693401437112,957.18730659856385,957.18730659856385,3110.1146222655234,2067.8853777344843,2067.8853777344843,16.600000000000001
84,116,4.6152168836111676,27.024894748019271,54.246798923647354,3.6802899644740039,0.23930228603648485,57.44029611785902,7.4130221312173523,31.980290576765604,55.96925683108033,180.0307431689196,15.427189511891399,957.57281048810967,957.57281048810967,3101.3513183442469,2076.6486816557604,2076.6486816557604,16.600000000000001
84.25,116,4.597453686556384,27.038547396532277,54.066795939745688,3.6667070119752787,0.23789632904507307,57.45939557589093,7.4128728928979495,32.156332250444891,55.491492938973771,180.50850706102617,15.050973438993445,957.94902656100749,957.94902656100749,3092.612877378026,2085.3871226219817,2085.3871226219817,16.600000000000001
84.5,116,4.5799247213622278,27.052459383115522,53.887298925984105,3.6532768853260422,0.2365177753895753,57.477821234806584,7.4127149013606655,32.332370277132846,55.017672014464978,180.98232798553494,14.683827976658694,958.31617202334246,958.31617202334246,3083.8992383166124,2094.1007616833954,2094.1007616833954,16.600000000000001
84.75,116,4.5626275195514756,27.066629657758956,53.708305100782908,3.6399968018712348,0.23516588087061033,57.49558013994767,7.4125476337766631,32.508404442750731,54.547767608041482,181.45223239195846,14.325540702671871,958.67445929732924,958.67445929732924,3075.2103408136063,2102.7896591864014,2102.7896591864014,16.600000000000001
85,116,4.5455596410158874,27.081057160905143,53.529811713224397,3.6268640442715885,0.23383992523658084,57.51267922857074,7.412370567887316,32.684434520809184,54.081753295555821,181.9182467044441,13.975903885754098,959.02409611424696,959.02409611424696,3066.5461252177665,2111.4538747822412,2111.4538747822412,16.600000000000001
85.25,116,4.528718673660264,27.095740824287201,53.35181604284206,3.6138759585580744,0.23253921136926195,57.529125332125147,7.4121831826754132,32.860460272429854,53.619602682678938,182.38039731732101,13.634714393924867,959.36528560607621,959.36528560607621,3057.9065325636097,2120.093467436398,2120.093467436398,16.600000000000001
85.5,116,4.5121022330519525,27.110679571730973,53.174315399405437,3.6010299522529832,0.23126306449631487,57.544925178467729,7.4119849589951485,33.036481446382211,53.161289409207242,182.83871059079269,13.301773604163611,959.69822639583742,959.69822639583742,3049.2915045613731,2128.7084954386341,2128.7084954386341,16.600000000000001
85.75,116,4.4957079620757217,27.125872319923062,52.997307122700654,3.5883234925558689,0.23001083142922998,57.560085394016063,7.4117753801626725,33.212497779135326,52.706787153224411,183.2932128467755,12.976887313304244,960.02311268669678,960.02311268669678,3040.7009835863091,2137.2990164136986,2137.2990164136986,16.600000000000001
86,116,4.4795335305938497,27.141317979145466,52.820788582307486,3.575754104591196,0.22878187982691064,57.574612505842524,7.4115539325088289,33.388508994922873,52.256069635126295,183.74393036487362,12.659865650262924,960.34013434973815,960.34013434973815,3032.134912667485,2145.8650873325228,2145.8650873325228,16.600000000000001
86.25,116,4.4635766351113304,27.157015453978147,52.644757177372838,3.5633193697159551,0.22757559748366304,57.588512943710846,7.4113201058956717,33.564514805820835,51.809110621510548,184.19088937848937,12.350522989550017,960.64947701045105,960.64947701045105,3023.5932354760789,2154.4067645239284,2154.4067645239284,16.600000000000001
86.5,116,4.4478349984461216,27.172963643970743,52.46921033638106,3.551016923885332,0.22639139164073985,57.601793042057004,7.4110733941983042,33.740514911837366,51.365883928933982,184.63411607106593,12.048677866051676,960.95132213394936,960.95132213394936,3015.0758963132043,2162.9241036868034,2162.9241036868034,16.600000000000001
86.75,116,4.4323063694042757,27.189161444284309,52.294145516921503,3.5388444560734515,0.22522868832129009,57.614459041916611,7.4108132957536839,33.91650900101326,50.92636342754453,185.07363657245537,11.754152891147665,961.24584710885335,961.24584710885335,3006.5828400973905,2171.4171599026172,2171.4171599026172,16.600000000000001
87,116,4.4169885224598975,27.205607746304342,52.119560205453411,3.5267997067481986,0.224086931687489,57.626517092800015,7.410539313777651,34.092496749533041,50.490523044588166,185.50947695541174,11.466774670096541,961.53322532990444,961.53322532990444,2998.1140123516784,2179.8859876483289,2179.8859876483289,16.600000000000001
87.25,116,4.4018792574398224,27.222301438225966,51.945451917068432,3.5148804663977287,0.22296558341939346,57.637973254517043,7.4102509567516828,34.268477821845529,50.058336767795517,185.94166323220441,11.186373720715233,961.8136262792857,961.8136262792857,2989.6693591904268,2188.3306408095809,2188.3306408095809,16.600000000000001
87.5,116,4.3869763992128874,27.239241405612379,51.771818195251207,3.5030845741063215,0.22186412211504025,57.648833498953316,7.409947738780903,34.444451870793024,49.629778648653115,186.3702213513468,10.912784393376789,962.08721560662423,962.08721560662423,2981.2488273058739,2196.7511726941339,2196.7511726941339,16.600000000000001
87.75,116,4.3722777973837639,27.25642653192752,51.5986566116379,3.4914099161788874,0.22078204271074978,57.659103711799027,7.4096291799242868,34.620418537748968,49.204822805559189,186.7951771944407,10.645844792261105,962.35415520773984,962.35415520773984,2972.8523639544514,2205.1476360455563,2205.1476360455563,16.600000000000001
88,116,4.3577813259911951,27.273855699043814,51.425964765773195,3.4798544248113732,0.21971885592133103,57.668789694232231,7.4092948064986768,34.796377452763018,48.783443426870122,187.21655657312979,10.385396697907401,962.61460330209354,962.61460330209354,2964.4799169429239,2213.5200830570839,2213.5200830570839,16.600000000000001
88.25,116,4.3434848832105883,27.291527787726089,51.25374028486592,3.4684160768055352,0.21867408769950664,57.677897164558225,7.4089441513578302,34.972328234712798,48.36561477384015,187.63438522615974,10.131285491053385,962.86871450894751,962.86871450894751,2956.1314346144009,2221.8685653856069,2221.8685653856069,16.600000000000001
88.5,116,4.3293863910608863,27.309441678092298,51.08198082354329,3.457092892327398,0.21764727871376771,57.686431759805593,7.4085767541472292,35.148270491462533,47.95131118345482,188.04868881654508,9.8833600777133999,963.1166399222875,963.1166399222875,2947.8068658341799,2230.1931341658278,2230.1931341658278,16.600000000000001
88.75,116,4.3154837951156013,27.32759625005216,50.910684063604194,3.4458829337065757,0.21663798384431923,57.694399037281286,7.4081921615363786,35.324203820027058,47.54050707116442,188.45949292883552,9.6414728155428868,963.35852718445801,963.35852718445801,2939.5061599755409,2238.4938400244669,2238.4938400244669,16.600000000000001
89,116,4.3017750642179307,27.345990383724477,50.739847713771773,3.4347843042751021,0.21564577169648702,57.701804476085947,7.4077899274296222,35.500127806740885,47.133176933519522,188.86682306648038,9.405479441473183,963.59452055852773,963.59452055852773,2931.2292669054946,2246.7707330945132,2246.7707330945132,16.600000000000001
89.25,116,4.2882581901999215,27.364622959833788,50.569469509445078,3.423795147245563,0.21467022413087827,57.708653478589788,7.4073696131559448,35.676042027432558,46.729295350708682,189.27070464929125,9.175239000559575,963.82476099944131,963.82476099944131,2922.9761369704624,2255.0238630295453,2255.0238630295453,16.600000000000001
89.5,116,4.2749311876055556,27.383492860087333,50.399547212450365,3.4129136446257387,0.21371093580992223,57.714951371871393,7.406930787639447,35.851946047602951,46.328836989003968,189.67116301099594,8.9506137760873337,964.04938622391353,964.04938622391353,2914.7467209819665,2263.2532790180412,2263.2532790180412,16.600000000000001
89.75,116,4.261792093417724,27.40259896753302,50.2300786107919,3.4021380161693253,0.21276751376003541,57.720703409119842,7.4064730275511206,36.027839422607585,45.931776603114777,190.06822339688512,8.7314692208839304,964.26853077911699,964.26853077911699,2906.5409702023221,2271.4590297976856,2271.4590297976856,16.600000000000001
90,116,4.2488389667889619,27.421940166899127,50.061061518402703,3.3914665183605845,0.21183957694928671,57.725914771001989,7.4059959174430672,36.203721697842191,45.538089038454508,190.46191096154539,8.5176738898764377,964.4823261101244,964.4823261101244,2898.3588363303925,2279.6411636696148,2279.6411636696148,16.600000000000001
90.25,116,4.2360698887759245,27.44151534491639,49.892493774895094,3.380897443432338,0.21092675587972975,57.730590566995566,7.405499049865929,36.379592408931153,45.147749233321079,190.85225076667882,8.3090993738430754,964.69090062615783,964.69090062615783,2890.2002714873934,2287.7997285126144,2287.7997285126144,16.600000000000001
90.5,116,4.2234829620775187,27.461323390623299,49.724373245311391,3.3704291184160615,0.21002869219389264,57.734735836689175,7.404982025470404,36.555451081918896,44.760732220992836,191.23926777900704,8.1056202343446486,964.89437976565625,964.89437976565625,2882.0652282027568,2295.9347717972505,2295.9347717972505,16.600000000000001
90.75,116,4.2110763107766118,27.481363195655131,49.556697819874643,3.3600599042224828,0.20914503829523864,57.738355551050475,7.4044444530938067,36.731297233463167,44.377013131744498,191.62298686825537,7.9071139398601975,965.0928860601407,965.0928860601407,2873.9536594001152,2304.0463405998926,2304.0463405998926,16.600000000000001
91,116,4.1988480800852539,27.501633654517438,49.389465413739885,3.3497881947518469,0.20827545698194838,57.74145461366345,7.4038859498324001,36.907130371030277,43.996567194783708,192.00343280521619,7.7134608030912419,965.28653919690964,965.28653919690964,2865.8655183833966,2312.1344816166111,2312.1344816166111,16.600000000000001
91.25,116,4.1867964360933794,27.522133664844581,49.222673966745553,3.3396124160332095,0.20741962109341222,57.744037861935361,7.4033061411001384,37.082949993092129,43.619369740109526,192.38063025989038,7.5245439193981269,965.47545608060284,965.47545608060284,2857.8007588230107,2320.199241176997,2320.199241176997,16.600000000000001
91.5,116,4.1749195655208799,27.542862127643915,49.056321443165537,3.3295310253908972,0.20657721316932762,57.74611006827493,7.4027046606748135,37.258755589324309,43.245396200296852,192.75460379970306,7.3402491064027195,965.65975089359824,965.65975089359824,2849.7593347422076,2328.2406652578002,2328.2406652578002,16.600000000000001
91.75,116,4.1632156754730154,27.563817947526207,48.890405831461862,3.3195425106374197,0.20574792512086948,57.747675941242434,7.4020811507322337,37.434546640804996,42.874622112208435,193.12537788779144,7.1604648447285211,965.83953515527242,965.83953515527242,2841.7412005035912,2336.2587994964165,2336.2587994964165,16.600000000000001
92,116,4.1516829931991008,27.585000032922864,48.724925144038053,3.3096453892923114,0.20493145791334694,57.748740126672331,7.4014352618690102,37.610322620214767,42.507023118635082,193.49297688136483,6.9850822198421136,966.01491778015884,966.01491778015884,2833.7463107957783,2344.2536892042294,2344.2536892042294,16.600000000000001
92.25,116,4.1403197658544055,27.606407296290477,48.559877416993267,3.299838207825549,0.20412752126012329,57.749307208769395,7.4007666531147285,37.786082992036761,42.142574969866956,193.85742503013296,6.8139948650046573,966.18600513499632,966.18600513499632,2825.7746206202405,2352.2253793797672,2352.2253793797672,16.600000000000001
92.5,116,4.1291242602652121,27.628038654303204,48.395260709877299,3.2901195409246622,0.20333583332742267,57.749381711179446,7.4000749919340638,37.96182721275693,41.781253525198096,194.2187464748018,6.6470989053192149,966.35290109468167,966.35290109468167,2817.8260852783364,2360.1739147216713,2360.1739147216713,16.600000000000001
92.75,116,4.1180947626969786,27.649893028033503,48.23107310544659,3.280487990784863,0.20255612044955468,57.748968098035057,7.3993599542194461,38.137554731064306,41.42303475436514,194.57696524563474,6.4842929028484626,966.51570709715247,966.51570709715247,2809.9006603585303,2368.0993396414774,2368.0993396414774,16.600000000000001
93,116,4.1072295786255602,27.671969343121635,48.067312709421209,3.2709421864212396,0.20178811685426343,57.748070774977251,7.3986212242748168,38.313264988051031,41.067894738922448,194.93210526107745,6.3254778027951026,966.67452219720587,966.67452219720587,2801.998301723811,2376.0016982761967,2376.0016982761967,16.600000000000001
93.25,116,4.0965270325114123,27.694266529934595,47.903977650242943,3.2614807830023107,0.20103156439780709,57.746694090153831,7.3978584947911825,38.488957417411754,40.715809673555377,195.2841903264445,6.1705568807348099,966.82944311926622,966.82944311926622,2794.1189654993254,2383.8810345006823,2383.8810345006823,16.600000000000001
93.5,116,4.0859854675767497,27.71678352371466,47.741066078834521,3.2521024612041556,0.2002862123094464,57.744842335194946,7.3970714668143076,38.664631445642456,40.366755867333261,195.63324413266665,6.0194356908788667,966.98056430912209,966.98056430912209,2786.2626080602258,2391.7373919397819,2391.7373919397819,16.600000000000001
93.75,116,4.0756032455856062,27.739519264718272,47.578576168360108,3.2428059265845528,0.19955181694494772,57.742519746166572,7.3962598497052028,38.840286492238441,40.020709744903385,195.97929025509652,5.8720220153542204,967.1279779846468,967.1279779846468,2778.4291860197336,2399.5708139802741,2399.5708139802741,16.600000000000001
94,116,4.0653787466267381,27.762472698345352,47.416506113987026,3.2335899089759299,0.19882814154895559,57.73973050450298,7.3954233610937123,39.015921969891224,39.677647847628236,196.32235215237168,5.7282258144934035,967.27177418550764,967.27177418550764,2770.6186562174316,2407.3813437825756,2407.3813437825756,16.600000000000001
94.25,116,4.0553103688993284,27.785642775259703,47.254854132648802,3.2244531618969803,0.19811495602574297,57.736478737918205,7.3945617268258186,39.191537284684287,39.337546834666831,196.66245316533303,5.5879591781108955,967.41204082189006,967.41204082189006,2762.8309757077905,2415.1690242922173,2415.1690242922173,16.600000000000001
94.5,116,4.0453965285014526,27.809028451500712,47.09361846280958,3.2153944619819441,0.19741203671817487,57.732768521297672,7.3936746809049216,39.367131836287534,39.000383484002015,196.9996165159979,5.4511362777543892,967.54886372224667,967.54886372224667,2755.066101748916,2422.9338982510917,2422.9338982510917,16.600000000000001
94.75,116,4.035635659221243,27.832628688586919,46.932797364229977,3.2064126084272,0.1967191661944632,57.72860387757013,7.3927619654277947,39.542705018150265,38.666134693415039,197.33386530658484,5.3176733199187289,967.68232668008227,967.68232668008227,2747.3239917915498,2430.6760082084579,2430.6760082084579,16.600000000000001
95,116,4.0260262123307289,27.856442453611617,46.772389117734342,3.1975064224543472,0.19603613304254738,57.723988778560717,7.3918233305153453,39.718256217692534,38.334777481408892,197.66522251859101,5.1874885002048634,967.81251149979607,967.81251149979607,2739.6046034682963,2438.3953965317114,2438.3953965317114,16.600000000000001
95.25,116,4.0165666563822997,27.880468719330977,46.612392024979592,3.1886747467894643,0.19536273167173959,57.718927145825482,7.3908585342387134,39.893784816494843,38.0062889880816,197.99371101191829,5.0605019584072197,967.93949804159388,967.93949804159388,2731.9078945831002,2446.0921054169075,2446.0921054169075,16.600000000000001
95.5,116,4.0072554770077362,27.904706464244889,46.452804408225461,3.1799164451575761,0.19469876212147785,57.71342285146828,7.3898673425409678,40.069290190486058,37.680646475950986,198.31935352404889,4.9366357345216665,968.06336426547932,968.06336426547932,2724.2338231009594,2453.7661768990483,2453.7661768990483,16.600000000000001
95.75,116,3.9980911767197962,27.929154672670954,46.293624610106434,3.1712304017921191,0.19404402987685343,57.707479718940228,7.3888495291548439,40.244771710129342,37.357827330732242,198.64217266926764,4.8158137256540448,968.18418627434698,968.18418627434698,2716.5823471378899,2461.4176528621178,2461.4176528621178,16.600000000000001
96,116,3.9890722747162894,27.9538123348119,46.134850993405152,3.1626155209588172,0.19339834569069125,57.70110152382226,7.3878048755167649,40.420228740606134,37.037809062069229,198.96219093793064,4.6979616438150469,968.30203835618602,968.30203835618602,2708.9534249511303,2469.0465750488775,2469.0465750488775,16.600000000000001
96.25,116,3.9801973066866192,27.978678446816652,45.976481940827547,3.1540707264934276,0.19276152541194669,57.69429199459131,7.3867331706775348,40.595660641998059,36.720569304221165,199.2794306957787,4.5830069745889839,968.41699302541201,968.41699302541201,2701.3470149295963,2476.6529850704114,2476.6529850704114,16.600000000000001
96.5,116,3.9714648246207367,28.00375201083547,45.818515854779513,3.1455949613529053,0.19213338982019579,57.687054813370658,7.3856342112099425,40.771066769466621,36.406085816705719,199.59391418329417,4.4708789366610464,968.52912106334009,968.52912106334009,2693.7630755845753,2484.2369244154324,2484.2369244154324,16.600000000000001
96.75,116,3.9628733966204899,28.029032035069271,45.66095115714532,3.1371871871795123,0.19151376446602342,57.679393616664662,7.3845078011135392,40.946446473430768,36.094336484899522,199.90566351510037,4.3615084421875476,968.63849155781361,968.63849155781361,2686.2015655406717,2491.7984344593356,2491.7984344593356,16.600000000000001
97,116,3.9544216067133129,28.054517533813534,45.503786289067691,3.1288463838774332,0.19090247951704112,57.671311996078643,7.3833537517169514,41.121799099742077,35.785299320597574,200.21470067940234,4.2548280579976767,968.74517194200348,968.74517194200348,2678.662443526995,2499.3375564730127,2499.3375564730127,16.600000000000001
97.25,116,3.9461080546682266,28.08020752749697,45.347019710729526,3.1205715492015034,0.19029936960936167,57.662813499023898,7.3821718815779285,41.29712398985761,35.478952462532355,200.52104753746752,4.1507719676096029,968.84922803239147,968.84922803239147,2671.145668368591,2506.8543316314167,2506.8543316314167,16.600000000000001
97.5,116,3.937931355814118,28.106101042715228,45.190649901137441,3.1123616983576596,0.18970427370431592,57.653901629408644,7.380962016381365,41.47242048101041,35.175274176853868,200.82472582314603,4.0492759340477118,968.9507240659533,968.9507240659533,2663.6511989781143,2514.3488010218935,2514.3488010218935,16.600000000000001
97.75,116,3.9298901408602602,28.132197112259803,45.034675357906941,3.1042158636145993,0.18911703495027093,57.644579848315026,7.3797239888355097,41.647687906377477,34.874242857571673,201.1257571424282,3.9502772634490269,969.0497227365521,969.0497227365521,2656.178994347747,2521.8210056522607,2521.8210056522607,16.600000000000001
98,116,3.9219830557190418,28.158494775142458,44.879094597049402,3.0961330939263161,0.18853750054932106,57.634851574662825,7.3784576385665872,41.82292559524538,34.57583702695996,201.42416297303993,3.8537147694422513,969.14628523055876,969.14628523055876,2648.7290135413491,2529.2709864586586,2529.2709864586586,16.600000000000001
98.25,116,3.914208761330868,28.184993076615303,44.723906152760776,3.0881124545652532,0.18796552162868352,57.62472018585985,7.3771628120120516,41.998132873173212,34.280035335926556,201.71996466407333,3.7595287382868774,969.24047126171422,969.24047126171422,2641.3012156868526,2536.6987843131546,2536.6987843131546,16.600000000000001
98.5,116,3.9065659334912124,28.211691068186784,44.569108577212077,3.0801530267656494,0.18740095311662511,57.614189018439696,7.3758393623126626,42.17330906215313,33.986816564346967,202.01318343565293,3.6676608947586042,969.33233910524257,969.33233910524257,2633.8955599688902,2544.1044400311175,2544.1044400311175,16.600000000000001
98.75,116,3.8990532626797654,28.238587807633802,44.414700440341598,3.0722539073766613,0.18684365362270988,57.603261368687029,7.3744871492036621,42.348453480768178,33.696159621364409,202.30384037863547,3.5780543687683677,969.4219456312328,969.4219456312328,2626.5120056216524,2551.4879943783553,2551.4879943783553,16.600000000000001
99,116,3.8916694538916836,28.265682359010029,44.260680329648956,3.0644142085251169,0.18629348532233897,57.591940493250796,7.3731060389049627,42.523565444347653,33.408043545656625,202.59195645434326,3.4906536626995766,969.50934633730162,969.50934633730162,2619.150511921981,2558.8494880780268,2558.8494880780268,16.600000000000001
99.25,116,3.8844132264708708,28.292973792650709,44.107046849990894,3.0566330572874025,0.18575031384529431,57.5802296097457,7.3716959040107843,42.698644265119775,33.122447505670593,202.87755249432934,3.4054046194526282,969.59459538054853,969.59459538054853,2611.8110381826841,2566.1889618173236,2566.1889618173236,16.600000000000001
99.5,116,3.8772833139452914,28.32046118517416,43.953798623378823,3.0489095953702159,0.18521400816818209,57.568131897342127,7.3702566233788041,42.873689252361693,32.839350799825937,203.16064920017396,3.3222543911830256,969.6777456088181,969.6777456088181,2604.4935437460863,2573.5064562539214,2573.5064562539214,16.600000000000001
99.75,116,3.8702784638642687,28.348143619479956,43.800934288778237,3.0412429788001147,0.18468444051068345,57.555650497344949,7.3687880820188498,43.048699712547005,32.558732856687762,203.44126714331216,3.241151408718252,969.75884859128291,969.75884859128291,2597.1979879777864,2580.8020120222209,2580.8020120222209,16.600000000000001
100,116,3.8633974376377522,28.376020184744178,43.648452501909837,3.0336323776212151,0.18416148623537981,57.542788513761444,7.3672901709814909,43.223674949490473,32.280573235110111,203.71942676488982,3.1620453516439282,969.83795464835725,969.83795464835725,2589.9243302606496,2588.0756697393581,2588.0756697393581,16.600000000000001
100.25,116,3.8566390103775112,28.404089976411708,43.496351935052473,3.0260769756010624,0.18364502375110506,57.529549013858585,7.3657627872464655,43.398614264490156,32.004851624350465,203.99514837564945,3.0848871190439779,969.91511288095717,969.91511288095717,2582.6725299890036,2595.3274700110042,2595.3274700110042,16.600000000000001
100.5,116,3.8500019707402506,28.432352096185774,43.344631276847856,3.0185759699443349,0.18313493441966813,57.515935028709947,7.3642058336111269,43.573516956466918,31.731547844156406,204.26845215584351,3.0096288008831165,969.99037119911804,969.99037119911804,2575.4425465630529,2602.5574534369548,2602.5574534369548,16.600000000000001
100.75,116,3.8434851207725877,28.460805652015004,43.193289232107091,3.011128571013999,0.18263110246576483,57.501949553732615,7.3626192185791464,43.748382322101229,31.460641844825115,204.5393581551748,2.9362236500204952,970.06377634998069,970.06377634998069,2568.2343393835067,2609.765660616501,2609.765660616501,16.600000000000001
101,116,3.8370872757579035,28.48944975807785,43.042324521618937,3.0037340020599221,0.18213341489007975,57.487595549214213,7.3610028562493284,43.923209655967369,31.192113707236409,204.8078862927635,2.86462605484021,970.13537394516095,970.13537394516095,2561.0478678464015,2616.9521321536063,2616.9521321536063,16.600000000000001
101.25,116,3.8308072640650108,28.518283534764816,42.891735881959846,2.9963914989544924,0.18164176138536228,57.472875940830292,7.359356666204846,44.097998250665007,30.925943642860208,205.07405635713971,2.7947915124884819,970.20520848751266,970.20520848751266,2553.8830913381375,2624.1169086618697,2624.1169086618697,16.600000000000001
101.5,116,3.8246439269986263,28.547306108658375,42.741522065305837,2.9891003099350701,0.1811560342553952,57.457793620152501,7.3576805734029476,44.272747396948091,30.662111993739117,205.33788800626078,2.7266766027052474,970.27332339729594,970.27332339729594,2546.7399692307085,2631.2600307692987,2631.2600307692987,16.600000000000001
101.75,116,3.8185961186516302,28.576516612510854,42.591681839246029,2.9818596953532164,0.18067612833679031,57.44235144514748,7.3559745080651107,44.447456383851218,30.400599232446723,205.59940076755322,2.6602389622375382,970.33976103776365,970.33976103776365,2539.6184608771277,2638.38153912288,2638.38153912288,16.600000000000001
102,116,3.8126627057590698,28.60591418522031,42.442213986598048,2.9746689274302338,0.18020194092342562,57.426552240666936,7.354238405567914,44.622124498813292,30.141385962022547,205.85861403797739,2.5954372598246858,970.40456274017663,970.40456274017663,2532.5185256070463,2645.4814743929614,2645.4814743929614,16.600000000000001
102.25,116,3.8068425675538964,28.635497971804547,42.293117305225074,2.967527290019019,0.1797333716935049,57.410398798929002,7.3524722063345438,44.796751027798699,29.884452915884115,206.1155470841158,2.5322311717428616,970.46776882825839,970.46776882825839,2525.4401227225617,2652.559877277446,2652.559877277446,16.600000000000001
102.5,116,3.8011345956244149,28.665267123373322,42.144390607854717,2.9604340783719789,0.17927032263912174,57.393893879991133,7.350675855727034,44.971335255415866,29.629780957716886,206.37021904228305,2.4705813578980762,970.52941864210322,970.52941864210322,2518.3832114942056,2659.6167885058021,2659.6167885058021,16.600000000000001
102.75,116,3.7955376937734076,28.695220797098962,41.996032721899589,2.9533885989147191,0.17881269799819208,57.377040212214695,7.3488493039394234,45.145876465033233,29.37735108134282,206.62264891865712,2.4104494384571336,970.58955056154412,970.58955056154412,2511.3477511571205,2666.6522488428873,2666.6522488428873,16.600000000000001
103,116,3.7900507778789274,28.725358156185319,41.848042489279585,2.946390169025527,0.17836040418874533,57.359840492721446,7.3469925058917003,45.320373938892835,29.127144410567986,206.87285558943194,2.3517979710048591,970.64820202899648,970.64820202899648,2504.3337009074071,2673.6662990926006,2673.6662990926006,16.600000000000001
103.25,116,3.7846727757567269,28.755678369835298,41.700418766245953,2.9394381168203108,0.17791334974542553,57.342297387842216,7.3451054211247495,45.494826958221189,28.879142199010026,207.12085780098991,2.294590428217584,970.70540957178378,970.70540957178378,2497.3410198986467,2680.6589801013611,2680.6589801013611,16.600000000000001
103.5,116,3.779402627024302,28.786180613216963,41.553160423206975,2.9325317809428508,0.17747144525813308,57.324413533557731,7.3431880136963104,45.669234803337851,28.633325829906045,207.36667417009389,2.2387911760422292,970.76120882395901,970.76120882395901,2490.3696672385968,2687.630332761411,2687.630332761411,16.600000000000001
103.75,116,3.7742392829665343,28.816864067428348,41.406266344555412,2.92567051036032,0.17703460331277526,57.306191535931994,7.3412402520779034,45.843596753761432,28.389676815901392,207.61032318409855,2.1843654523703684,970.81563454763091,970.81563454763091,2483.4196019860478,2694.5803980139599,2694.5803980139599,16.600000000000001
104,116,3.769181706402907,28.847727919461022,41.259735428497663,2.9188536641637284,0.17660273843396462,57.287633971538355,7.3392621090529424,46.017912088313196,28.148176798820199,207.85182320117974,2.1312793461975166,970.86872065380385,970.86872065380385,2476.4907831478463,2701.5092168521614,2701.5092168521614,16.600000000000001
104.25,116,3.7642288715562757,28.878771362162492,41.113566586884474,2.9120806113733284,0.17617576702968232,57.268743387878203,7.3372535616159009,46.192180085218268,27.908807549417858,208.0911924505821,2.0794997772573045,970.92050022274395,970.92050022274395,2469.5831696760752,2708.4168303239326,2708.4168303239326,16.600000000000001
104.5,116,3.7593797639231727,28.909993594197498,40.967758745043454,2.90535073074878,0.1757536073378077,57.249522303792716,7.3352145908725994,46.366400022204488,27.671550967116239,208.3284490328837,2.028994476120809,970.97100552388054,970.97100552388054,2462.6967204653884,2715.3032795346189,2715.3032795346189,16.600000000000001
104.75,116,3.7546333801456222,28.941393820008336,40.822310841613174,2.8986634106037954,0.17533617937438087,57.229973209867843,7.3331451819418074,46.540571176598853,27.436389079722282,208.56361092027765,1.9797319647514349,971.02026803524973,971.02026803524973,2455.8313943504977,2722.16860564951,2722.16860564951,16.600000000000001
105,116,3.7499887278844453,28.972971249774318,40.677221828378912,2.8920180486251716,0.17492340488355601,57.210098568832485,7.3310453238581346,46.714692825421587,27.203304043130483,208.79669595686946,1.9316815375058043,971.06831846249543,971.06831846249543,2448.9871501038124,2729.0128498961953,2729.0128498961953,16.600000000000001
105.25,116,3.7454448256940536,29.004725099370095,40.532490670110072,2.8854140516964804,0.17451520728936418,57.189900815949983,7.3289150094758595,46.888764245478079,26.97227814100912,209.02772185899082,1.8848132425711044,971.11518675743014,971.11518675743014,2442.1639464332115,2735.8360535667962,2735.8360535667962,16.600000000000001
105.5,116,3.7410007028986874,29.036654590323341,40.388116344399116,2.878850835725713,0.17411151164896141,57.169382359403279,7.3267542353742821,47.062784713448494,26.743293784471735,209.2567062155282,1.8390978638299529,971.16090213617144,971.16090213617144,2435.3617419799662,2742.6382580200416,2742.6382580200416,16.600000000000001
105.75,116,3.7366553994700848,29.068758949771723,40.244097841502253,2.872327825476904,0.1737122446073692,57.148545580673897,7.3245630017644423,47.236753505974974,26.516333511733993,209.48366648826592,1.7945069031432976,971.20549309685805,971.20549309685805,2428.5804953167999,2749.4195046832078,2749.4195046832078,16.600000000000001
106,116,3.7324079659065847,29.101037410418979,40.100434164181571,2.865844454406,0.1733173343538332,57.127392834914581,7.3223413123969161,47.410669899746935,26.291379987755906,209.70862001224401,1.7510125630433184,971.24898743695803,971.24898743695803,2421.8201649460739,2756.1798350539339,2756.1798350539339,16.600000000000001
106.25,116,3.7282574631136201,29.133489210490414,39.957124327548847,2.8594001645004625,0.17292671057956044,57.105926451315923,7.3200891744710344,47.584533171584013,26.06841600387046,209.93158399612946,1.7085877298268992,971.29141227017431,971.29141227017431,2415.0807092981095,2762.9192907018983,2762.9192907018983,16.600000000000001
106.5,116,3.7242029622855926,29.166113593687868,39.8141673589109,2.8529944061224781,0.1725403044367684,57.084148733467266,7.3178065985455802,47.75834259851684,25.847424477399187,210.15257552260073,1.6672059570408171,971.33279404296047,971.33279404296047,2408.3620867296372,2769.6379132703705,2769.6379132703705,16.600000000000001
106.75,116,3.7202435447891129,29.198909809144045,39.671562297616489,2.8466266378559246,0.17215804849912586,57.06206195971177,7.3154935984507219,47.932097457865808,25.628388451254622,210.37161154874531,1.6268414493511116,971.37315855065015,971.37315855065015,2401.6642555223652,2776.3357444776425,2776.3357444776425,16.600000000000001
107,116,3.716378302047596,29.231877111376267,39.529308194904729,2.8402963263569578,0.17177987672351888,57.039668383495645,7.3131501912012409,48.105797027317749,25.411291093530323,210.58870890646961,1.5874690467882939,971.41253095321304,971.41253095321304,2394.9871738816701,2783.0128261183377,2783.0128261183377,16.600000000000001
107.25,116,3.7126063354271781,29.265014760239858,39.387404113755089,2.8340029462078795,0.17140572441297897,57.01697023371208,7.31077639691126,48.279440585000557,25.196115697079033,210.80388430292089,1.5490642093593077,971.45093579064189,971.45093579064189,2388.3307999354024,2789.6692000646053,2789.6692000646053,16.600000000000001
107.5,116,3.7089267561239443,29.29832202088113,39.245849128738854,2.8277459797742921,0.17103552818077886,56.993969715039825,7.3083722387103993,48.453027409555695,24.98284567907946,211.01715432092047,1.5116030020185112,971.4883969979827,971.4883969979827,2381.6950917328122,2796.3049082671951,2796.3049082671951,16.600000000000001
107.75,116,3.7053386850524666,29.331798163689825,39.104642325872121,2.8215249170657355,0.17066922591579359,56.970669008276154,7.3059377426611087,48.626556780208929,24.771464580591442,211.2285354194085,1.4750620799917478,971.52493792000939,971.52493792000939,2375.0800072435736,2802.9199927564341,2802.9199927564341,16.600000000000001
108,116,3.7018412527356159,29.365442464251288,38.963782802470242,2.8153392555993233,0.17030675674889326,56.947070270664852,7.3034729376775207,48.800027976839004,24.561956066100652,211.43804393389928,1.4394186744433699,971.56058132555779,971.56058132555779,2368.4855043569232,2809.5144956430845,2809.5144956430845,16.600000000000001
108.25,116,3.6984335991956314,29.399254203298398,38.823269667003821,2.8091885002663717,0.16994806102036314,56.923175636219213,7.3009778554457574,48.973440280044322,24.354303923053109,211.64569607694682,1.4046505784788477,971.59534942152231,971.59534942152231,2361.9115408809048,2816.0884591191029,2816.0884591191029,16.600000000000001
108.5,116,3.6951148738464523,29.433232666663109,38.683102038956022,2.8030721632021871,0.16959308024844422,56.898987216039778,7.2984525303454717,49.14679297120793,24.148492061379351,211.85150793862059,1.3707361334779831,971.62926386652316,971.62926386652316,2355.3580745417071,2822.6419254583006,2822.6419254583006,16.600000000000001
108.75,116,3.6918842353872781,29.467377145227733,38.543279048681498,2.7969897636587033,0.16924175709884276,56.874507098627419,7.2958969993728164,49.320085332560559,23.94450451300909,212.05549548699085,1.3376542157494686,971.66234578425167,971.66234578425167,2348.8250629831055,2829.1749370169023,2829.1749370169023,16.600000000000001
109,116,3.6887408516973448,29.501686934876101,38.403799837266632,2.7909408278798518,0.1688940353551501,56.849737350191532,7.2933113020648745,49.493316647241805,23.742325431376848,212.25767456862309,1.3053842234991391,971.69461577650202,971.69461577650202,2342.3124637659948,2835.6875362340129,2835.6875362340129,16.600000000000001
109.25,116,3.6856838997319055,29.536161336444497,38.264663556391213,2.7849248889797282,0.16854985989021204,56.824680014953628,7.2906954804254251,49.666486199359632,23.541939090918532,212.45806090908138,1.2739060641064182,971.72609393589471,971.72609393589471,2335.8202343680168,2842.1797656319909,2842.1797656319909,16.600000000000001
109.5,116,3.6827125654194059,29.57079965567236,38.125869368191573,2.7789414868235398,0.16820917663844176,56.799337115446228,7.2880495788519921,49.839593274048063,23.34332988655936,212.65667011344055,1.2432001417027161,971.75679985829845,971.75679985829845,2329.3483321832741,2848.6516678167336,2848.6516678167336,16.600000000000001
109.75,116,3.679826043559828,29.605601203152919,37.987416445125049,2.7729901679110407,0.16787193256893615,56.773710652807253,7.2853736440643528,50.012637157523208,23.146482333193724,212.85351766680617,1.213247345042739,971.78675265495838,971.78675265495838,2322.8967145221291,2855.1032854778787,2855.1032854778787,16.600000000000001
110,116,3.677023537724192,29.64056529428375,37.849303969835852,2.7670704852624692,0.16753807565940118,56.747802607070163,7.2826677250344423,50.18561713713752,22.951381065157342,213.04861893484258,1.184029035662657,971.81597096433848,971.81597096433848,2316.4653386110926,2861.5346613889151,2861.5346613889151,16.600000000000001
110.25,116,3.6743042601552096,29.67569124921717,37.711531135022291,2.7611819983071006,0.16720755487096076,56.72161493744953,7.2799318729174667,50.358532501432492,22.758010835691458,213.24198916430845,1.155527036321784,971.84447296367944,971.84447296367944,2310.0541615927823,2867.9458384072254,2867.9458384072254,16.600000000000001
110.5,116,3.6716674316690678,29.710978392810588,37.574097143305359,2.755324272774117,0.16688032012369131,56.695149582622506,7.2771661409844395,50.531382540189732,22.566356516400059,213.43364348359987,1.1277236197177511,971.87227638028332,971.87227638028332,2303.6631405259709,2874.3368594740368,2874.3368594740368,16.600000000000001
110.75,116,3.6691122815583248,29.746426054576887,37.437001207098646,2.7494968805857574,0.16655632227286912,56.66840846100613,7.2743705845560944,50.704166544480337,22.376403096700251,213.62359690329967,1.1006014974692651,971.89939850253177,971.89939850253177,2297.2922323856992,2880.7077676143085,2880.7077676143085,16.600000000000001
111,116,3.6666380474959177,29.782033568634702,37.300242548479559,2.7436993997528583,0.16623551308599632,56.641393471030497,7.2715452609380318,50.876883806712904,22.188135683265799,213.8118643167341,1.0741438093632809,971.92585619063777,971.92585619063777,2290.9413940634704,2887.0586059365373,2887.0586059365373,16.600000000000001
111.25,116,3.6642439754402591,29.817800273658712,37.163820399061869,2.7379314142725955,0.16591784522051492,56.614106491407888,7.2686902293571736,51.049533620679803,22.001539499464354,213.99846050053557,1.0483341128586647,971.95166588714233,971.95166588714233,2284.6105823675048,2893.3894176325025,2893.3894176325025,16.600000000000001
111.5,116,3.6619293195414087,29.85372551283,37.027733999869547,2.7321925140283363,0.16560327220215895,56.586549381398065,7.2658055508995822,51.22211528160215,21.816599884788779,214.1834001152111,1.0231563728394868,971.97684362716154,971.97684362716154,2278.2997540230754,2899.7002459769324,2899.7002459769324,16.600000000000001
111.75,116,3.6596933420483109,29.88980863378643,36.8919826012119,2.7264822946916007,0.16529174840396016,56.558723981069669,7.2628912884495351,51.394628086173178,21.633302294282647,214.36669770571723,0.99859495161363399,972.00140504838737,972.00140504838737,2272.0088656728926,2905.9911343271151,2905.9911343271151,16.600000000000001
112,116,3.6575353132170867,29.926048988573026,36.756565462559919,2.7208003576261808,0.1649832290259283,56.53063211155775,7.2599475066298087,51.567071332600264,21.451632297960096,214.5483677020398,0.97463459915290618,972.02536540084816,972.02536540084816,2265.737873877566,2912.2621261224413,2912.2621261224413,16.600000000000001
112.25,116,3.6554545112203676,29.962445933592473,36.621481852423969,2.7151463097941746,0.16467767007529385,56.502275575317654,7.2569742717432781,51.739444320645468,21.271575580220574,214.72842441977929,0.9512604435655696,972.04873955643552,972.04873955643552,2259.4867351161206,2918.5132648838871,2918.5132648838871,16.600000000000001
112.5,116,3.6534502220576419,29.998998829555742,36.486731048232635,2.7095197636639332,0.1643750283473058,56.473656156375341,7.2539716517158013,51.911746351664824,21.093117939258743,214.90688206074114,0.92845798179634864,972.0715420182047,972.0715420182047,2253.2554057865677,2924.74459421344,2924.74459421344,16.600000000000001
112.75,116,3.6515217394666362,30.035707041432708,36.352312336212833,2.7039203371200289,0.16407526140666381,56.444775620573928,7.2509397160402305,52.083976728646149,20.916245286469383,215.08375471353048,0.90621307055303524,972.09378692944802,972.09378692944802,2247.0438422065404,2930.9561577934674,2930.9561577934674,16.600000000000001
113,116,3.6496683648356854,30.072569938402964,36.218225011271201,2.6983476533750306,0.16377832756946489,56.415635715816833,7.2478785357216768,52.256134756245636,20.740943645847967,215.25905635415191,0.88451191745013935,972.115488082551,972.115488082551,2240.8520006139747,2937.147999386033,2937.147999386033,16.600000000000001
113.25,116,3.6478894071170962,30.109586893806714,36.084468376876522,2.6928013408830433,0.16348418588565247,56.386238172307472,7.2447881832240171,52.428219740823138,20.567199153387001,215.43280084661288,0.86334107236473834,972.13665892763629,972.13665892763629,2234.6798371678483,2943.3201628321594,2943.3201628321594,16.600000000000001
113.5,116,3.6461841827414916,30.146757285095873,35.951041744943531,2.6872810332550476,0.16319279612199236,56.356584702785568,7.2416687324175451,52.600230990476156,20.394998056468442,215.60500194353142,0.84268741900162691,972.15731258099947,972.15731258099947,2228.5273079489643,2949.4726920510434,2949.4726920510434,16.600000000000001
113.75,116,3.644552015533121,30.184080493785213,35.817944435717791,2.6817863691760113,0.16290411874556499,56.326677002760057,7.2385202585277684,52.772167815072642,20.224326713252111,215.77567328674778,0.82253816666340196,972.1774618333377,972.1774618333377,2222.3943689607886,2955.6056310392191,2955.6056310392191,16.600000000000001
114,116,3.642992236626128,30.221555905403743,35.68517577766174,2.6763169923236192,0.16261811490770259,56.296516750738789,7.2353428380853986,52.944029526282598,20.055171592060745,215.94482840793916,0.80288084221789435,972.19711915778316,972.19711915778316,2216.2809761303251,2961.7190238696826,2961.7190238696826,16.600000000000001
114.25,116,3.6415041843817577,30.259182909446253,35.552735107341903,2.6708725512886171,0.16233474642836668,56.266105608454986,7.2321365488774889,53.115815437608482,19.887519270761764,216.11248072923811,0.78370328225876873,972.21629671774224,972.21629671774224,2210.1870853090422,2967.8129146909655,2967.8129146909655,16.600000000000001
114.5,116,3.6400872043065018,30.296960899325025,35.420621769317279,2.665452699496849,0.16205397578102454,56.235445221090579,7.2289014698996397,53.287524864414465,19.721356436145737,216.27864356385413,0.7649936254591011,972.23500637454197,972.23500637454197,2204.1126522738355,2973.8873477261723,2973.8873477261723,16.600000000000001
114.75,116,3.6387406489711656,30.3348892723217,35.2888351160288,2.660057095132804,0.16177576607792521,56.204537217496387,7.2256376813093341,53.45915712395459,19.556669883302018,216.44333011669787,0.74674030510862344,972.25325969489234,972.25325969489234,2198.0576327280342,2979.9423672719736,2979.9423672719736,16.600000000000001
115,116,3.6374638779308421,30.372967429539404,35.157374507689916,2.6546854010646501,0.16150008105577193,56.173383210409312,7.2223452643803903,53.630711535399804,19.393446514991719,216.60655348500816,0.72893204183084992,972.27106795817008,972.27106795817008,2192.0219823024454,2985.9780176975619,2985.9780176975619,16.600000000000001
115.25,116,3.6362562576457909,30.411194775855062,35.026239312178312,2.6493372847708083,0.16122688506181967,56.141984796666499,7.219024301458453,53.802187419863948,19.231673341018173,216.76832665898172,0.71155783647853121,972.28844216352252,972.28844216352252,2186.0056565564309,2991.9943434435768,2991.9943434435768,16.600000000000001
115.5,116,3.6351171614032074,30.449570719871883,34.895428904928714,2.6440124182679807,0.16095614304036918,56.110343557416542,7.215674875917534,53.973584100428702,19.071337477594913,216.92866252240498,0.69460696320236159,972.3053930367987,972.3053930367987,2180.0086109790245,2997.9913890209832,2997.9913890209832,16.600000000000001
115.75,116,3.634045969239867,30.488094673872094,34.76494266882672,2.6387104780405712,0.160687820519616,56.078461058327832,7.2122970721176127,54.144900902167493,18.91242614671167,217.08757385328823,0.67806896268695804,972.32193103731413,972.32193103731413,2174.0308009900782,3003.9691990099295,3003.9691990099295,16.600000000000001
116,116,3.6330420678656408,30.52676605376994,34.634779994103788,2.6334311449714614,0.16042188359885212,56.046338849794083,7.2088909753632793,54.31613715216838,18.754926675498446,217.24507332450145,0.66193363555071227,972.33806636445036,972.33806636445036,2168.0721819414425,3009.9278180585652,3009.9278180585652,16.600000000000001
116.25,116,3.6321048505878721,30.565584279064847,34.504940278233178,2.6281741042742164,0.16015829893605876,56.013978467136987,7.2054566718633257,54.487292179556079,18.598826495587645,217.40117350441227,0.64619103590939053,972.35380896409174,972.35380896409174,2162.1327091181743,3015.8672908818335,3015.8672908818335,16.600000000000001
116.5,116,3.6312337172366016,30.604548772794843,34.375422925827031,2.6229390454265635,0.15989703373581368,55.981381430806159,7.2019942486913662,54.658365315512903,18.444113142474659,217.55588685752519,0.63083146509492027,972.36916853490618,972.36916853490618,2156.2123377397766,3021.7876622602312,3021.7876622602312,16.600000000000001
116.75,116,3.6304280740906254,30.643658961490274,34.246227348534418,2.6177256621051335,0.15963805573751336,55.948549246576434,7.1985037937474461,54.829355893298889,18.290774254877139,217.70922574512275,0.61584546552636854,972.38415453447476,972.38415453447476,2150.3110229614599,3027.6889770385478,3027.6889770385478,16.600000000000001
117,116,3.6296873338043927,30.682914275127718,34.117352964940459,2.6125336521215079,0.15938133320393888,55.915483405742421,7.1949853957205754,55.000263248270926,18.138797574092813,217.86120242590707,0.60122381473261144,972.3987761852685,972.3987761852685,2144.428719875435,3033.5712801245727,3033.5712801245727,16.600000000000001
117.25,116,3.6290109153357117,30.722314147084138,33.988799200466389,2.607362717359492,0.15912683491012869,55.882185385310514,7.1914391440522074,55.171086717901105,17.988170943356248,218.01182905664365,0.58695751952104325,972.41304248048016,972.41304248048016,2138.5653835122262,3039.4346164877816,3039.4346164877816,16.600000000000001
117.5,116,3.6283982438742766,30.761858014091345,33.860565487270691,2.6022125637135667,0.15887453013253516,55.848656648188253,7.1878651289006568,55.341825641794131,17.838882307194663,218.16111769280522,0.57303781028781275,972.42696218971332,972.42696218971332,2132.7209688420062,3045.2790311580015,3045.2790311580015,16.600000000000001
117.75,116,3.6278487507709838,30.801545316190712,33.732651264151187,2.5970829010285055,0.15862438863846687,55.814898643371308,7.1842634411064328,55.512479361703939,17.690919710782989,218.30908028921692,0.55945613546697148,972.44054386453422,972.44054386453422,2126.8954307759577,3051.10456922405,3051.10456922405,16.600000000000001
118,116,3.6273618734680482,30.841375496688116,33.605055976448099,2.5919734430401888,0.15837638067583659,55.780912806127787,7.1806341721584301,55.683047221549501,17.544271299298089,218.4557287007018,0.5462041561181018,972.45379584388309,972.45379584388309,2121.0887241676478,3056.9112758323599,3056.9112758323599,16.600000000000001
118.25,116,3.6269370554299005,30.881348002109178,33.477779075948085,2.5868839073175058,0.15813047696316146,55.746700558180237,7.1769774141610272,55.853528567429834,17.398925317272578,218.6010746827273,0.5332737406449124,972.46672625935616,972.46672625935616,2115.3008038144276,3062.6991961855801,3062.6991961855801,16.600000000000001
118.5,116,3.6265737460748495,30.921462282154788,33.350820020789229,2.5818140152053299,0.15788664867981436,55.712263307885209,7.1732932598020449,56.023922747638224,17.254870107948289,218.74512989205158,0.52065695964240899,972.4793430403588,972.4793430403588,2109.5316244588444,3068.4683755411629,3068.4683755411629,16.600000000000001
118.75,116,3.6262714007075183,30.961717789656884,33.224178275367017,2.5767634917686122,0.15764486745655351,55.677602450410419,7.1695818023215327,56.194229112675721,17.112094112629386,218.88790588737049,0.50834608087283351,972.49165391912834,972.49165391912834,2103.7811407900749,3074.2188592099328,3074.2188592099328,16.600000000000001
119,116,3.626029480452031,31.002113980534514,33.09785331024117,2.5717320657375082,0.15740510536629099,55.642719367909635,7.1658431354813903,56.364447015263849,16.970585870035361,219.02941412996449,0.49633356436444048,972.50366643563666,972.50366643563666,2098.049307445368,3079.9506925546393,3079.9506925546393,16.600000000000001
119.25,116,3.6258474521859454,31.042650313750187,32.971844602043447,2.5667194694535045,0.15716733491508905,55.607615429695258,7.1620773535358122,56.534575810356735,16.830334015654124,219.16966598434573,0.48461205762964255,972.51538794237149,972.51538794237149,2092.3360790115089,3085.6639209884988,3085.6639209884988,16.600000000000001
119.5,116,3.6257247884749235,31.083326251266506,32.84615163338642,2.5617254388165605,0.15693152903339069,55.572291992408609,7.1582845512025282,56.704614855152343,16.691327281095194,219.30867271890466,0.47317439100113323,972.52682560899996,972.52682560899996,2086.6414100262882,3091.3585899737191,3091.3585899737191,16.600000000000001
119.75,116,3.6256609675081339,31.124141258003071,32.720773892773003,2.5567497132332546,0.15669766106749333,55.536750400188033,7.154464823634811,56.874563509103247,16.553554493443016,219.44644550655684,0.46201357308485813,972.53798642691629,972.53798642691629,2080.9652549799903,3097.0347450200175,3097.0347450200175,16.600000000000001
120,116,3.625655473034374,31.165094801793693,32.595710874507063,2.5517920355658674,0.15646570477122357,55.500991984834833,7.1506182663942628,57.044421133926605,16.41700457461074,219.58299542538913,0.45112278632335856,972.54887721367777,972.54887721367777,2075.3075683168868,3102.692431683121,3102.692431683121,16.600000000000001
120.25,116,3.6257077942989011,31.206186353343874,32.470962078604742,2.5468521520823852,0.15623563429781864,55.465018065977006,7.146744975424367,57.214187093613518,16.281666540694516,219.71833345930531,0.44049538266795629,972.55950461733323,972.55950461733323,2069.6683044367437,3108.3316955632636,3108.3316955632636,16.600000000000001
120.5,116,3.6258174259809701,31.247415386188624,32.346527010706829,2.5419298124074081,0.15600742419200253,55.428829951230981,7.142845047024772,57.383860754437855,16.147529501328453,219.85247049867141,0.43012487935658983,972.56987512064461,972.56987512064461,2064.0474176963362,3113.9525823036715,3113.9525823036715,16.600000000000001
120.75,116,3.6259838681320713,31.288781376650512,32.222405181991817,2.537024769474018,0.15578104938229645,55.392428936361085,7.1389185778262823,57.553441484964353,16.014582659039977,219.98541734095986,0.42000495480006511,972.57999504520114,972.57999504520114,2058.4448624109696,3119.5551375890382,3119.5551375890382,16.600000000000001
121,116,3.6262066261148496,31.330283803798039,32.098596109089954,2.5321367794764642,0.15555648517349058,55.355816305437138,7.1349656647665798,57.722928656056219,15.882815308606261,220.11718469139359,0.41012944456639955,972.5898705554348,972.5898705554348,2052.8605928560128,3125.139407143995,3125.139407143995,16.600000000000001
121.25,116,3.6264852105427092,31.371922149404309,31.975099313998115,2.5272656018237334,0.15533370723931336,55.318993330989926,7.1309864050666283,57.892321640882138,15.752216836411423,220.24778316358842,0.40049233746553503,972.59950766253564,972.59950766253564,2047.2945632684314,3130.7054367315768,3130.7054367315768,16.600000000000001
121.5,116,3.6268191372200898,31.413695897905953,31.851914323995437,2.5224109990939709,0.15511269161529323,55.281961274164686,7.1269808962077494,58.061619814922715,15.622776719804714,220.37722328019512,0.3910877717318047,972.60891222826945,972.60891222826945,2041.7467278483311,3136.2532721516768,3136.2532721516768,16.600000000000001
121.75,116,3.6272079270834054,31.455604536362436,31.7290406715599,2.5175727369896785,0.15489341469176521,55.244721384872705,7.1229492359093936,58.230822555976403,15.494484526459901,220.50551547353993,0.38191003129837486,972.61808996870286,972.61808996870286,2036.2170407605033,3141.7829592395051,3141.7829592395051,16.600000000000001
122,116,3.6276511061426397,31.497647554415586,31.606477894285636,2.5127505842937379,0.15467585320706773,55.207274901940956,7.1188915221075524,58.399929244164895,15.367329913735775,220.63267008626406,0.37295354216549115,972.62704645783572,972.62704645783572,2030.7054561359746,3147.2945438640331,3147.2945438640331,16.600000000000001
122.25,116,3.6281482054235963,31.539824444249454,31.484225534801084,2.5079443128262309,0.15445998424090279,55.169623053259805,7.1148078529338035,58.568939261938027,15.241302628037904,220.75869737196194,0.36421286885847398,972.63578713114282,972.63578713114282,2025.211928073561,3152.7880719264467,3152.7880719264467,16.600000000000001
122.5,116,3.6286987609107864,31.582134700550441,31.362283140687971,2.5031536974020372,0.15424578520786919,55.131767055928854,7.110698326694969,58.737851994078156,15.116392504181709,220.88360749581815,0.35568271097453535,972.64431728902662,972.64431728902662,2019.7364106414229,3158.2635893585848,3158.2635893585848,16.600000000000001
122.75,116,3.629302313490951,31.62457782046776,31.240650264401044,2.4983785157891449,0.15403323385112158,55.093708116401011,7.1065630418534296,58.906666827704093,14.992589464757113,221.00741053524274,0.34735789981272858,972.65264210018847,972.65264210018847,2014.278857878621,3163.7211421213869,3163.7211421213869,16.600000000000001
123,116,3.6299584088972146,31.667153303574182,31.119326463188628,2.4936185486677211,0.15382230823619689,55.055447430624675,7.1024020970080084,59.075383152274618,14.869883519494628,221.13011648050522,0.33923339508876182,972.6607666049124,972.6607666049124,2008.8392237966746,3169.1607762033332,3169.1607762033332,16.600000000000001
123.25,116,3.6306665976538519,31.709860651827093,30.998311299013931,2.4888735795899022,0.15361298674498686,55.016986184184155,7.0982155908754514,59.244000359591418,14.748264764633067,221.25173523536677,0.33130428173127308,972.66869571826999,972.66869571826999,2003.4174623811193,3174.5825376188886,3174.5825376188886,16.600000000000001
123.5,116,3.6314264350216825,31.752699369529786,30.877604338477138,2.4841433949403338,0.15340524806987668,54.978325552438307,7.0940036222724565,59.41251784380173,14.627723382288782,221.37227661771107,0.3235657667598027,972.67643423324148,972.67643423324148,1998.0135275930666,3179.9864724069412,3179.9864724069412,16.600000000000001
123.75,116,3.632237480944053,31.795668963293156,30.757205152738265,2.4794277838973251,0.15319907120797902,54.939466700657469,7.0897662900983134,59.580935001400483,14.508249639826886,221.49175036017294,0.31601317623636677,972.68398682376483,972.68398682376483,1992.6273733707569,3185.3726266292506,3185.3726266292506,16.600000000000001
124,116,3.6330992999934311,31.838768941997603,30.637113317440743,2.4747265383947181,0.15299443545552266,54.900410784158709,7.0855036933180608,59.749251231232087,14.38983388923419,221.61016611076568,0.30864195229460561,972.69135804770656,972.69135804770656,1987.2589536311175,3190.7410463688902,3190.7410463688902,16.600000000000001
124.25,116,3.6340114613185892,31.881998816755303,30.517328412635795,2.470039453084421,0.15279132040237414,54.861158948439304,7.0812159309461959,59.917465934491752,14.272466566494021,221.72753343350581,0.30144765024293185,972.69855234975819,972.69855234975819,1981.9082222713125,3196.091777728695,3196.091777728695,16.600000000000001
124.5,116,3.6349735385923734,31.925358100872689,30.397850022707516,2.4653663252996081,0.15258970592669321,54.821712329308625,7.0769031020308901,60.085578514726514,14.156138190962974,221.84386180903687,0.2944259357400269,972.7055740642611,972.7055740642611,1976.575133170295,3201.4248668297128,3201.4248668297128,16.600000000000001
124.75,116,3.6359851099600515,31.968846309813333,30.278677736298665,2.4607069550185301,0.15238957218969787,54.782072053018375,7.0725653056387436,60.253588377835825,14.04083936474971,221.95916063525013,0.28757258203975811,972.71242741796129,972.71242741796129,1971.2596401903518,3206.7403598096562,3206.7403598096562,16.600000000000001
125,116,3.6370457579882332,32.012462961161056,30.159811146237242,2.4560611448289493,0.15219089963055363,54.7422392363912,7.0682026408400276,60.421494932071866,13.926560772095858,222.07343922790398,0.2808834673048865,972.71911653269615,972.71911653269615,1965.9616971786465,3212.0383028213614,3212.0383028213614,16.600000000000001
125.25,116,3.6381550696143576,32.056207574583325,30.041249849463711,2.4514286998931998,0.1519936689613825,54.702214986947716,7.0638152066944251,60.589297588039408,13.813293178759011,222.18670682124085,0.27435457198780178,972.72564542801331,972.72564542801331,1960.6812579687576,3217.3187420312506,3217.3187420312506,16.600000000000001
125.5,116,3.6393126360967409,32.100079671795037,29.922993446958976,2.4468094279138235,0.15179786116238136,54.662000403032003,7.0594031022372636,60.756995758695396,13.701027431397945,222.2989725686019,0.26798197627651277,972.73201802372455,972.73201802372455,1955.4182763822128,3222.581723617795,3222.581723617795,16.600000000000001
125.75,116,3.6405180529651728,32.14407877652247,29.805041543673056,2.4422031390998091,0.15160345747705287,54.621596573935484,7.054966426466196,60.924588859348248,13.589754456960062,222.41024554303979,0.26176185760409398,972.73823814239699,972.73823814239699,1950.172706230016,3227.8272937699912,3227.8272937699912,16.600000000000001
126,116,3.6417709199720671,32.188204414467634,29.687393748454401,2.437609646133402,0.15141043940754403,54.581004580019339,7.0505052783283562,61.092076307656804,13.479465262071182,222.52053473792867,0.25569048822016616,972.7443095117809,972.7443095117809,1944.9445013141715,3233.055498685836,3233.055498685836,16.600000000000001
126.25,116,3.6430708410441466,32.232456113272853,29.570049673979977,2.4330287641374704,0.15121878871008645,54.540225492835425,7.0460197567079597,61.259457523628924,13.370150932427665,222.6298490675722,0.24976423282296425,972.7502357671782,972.7502357671782,1939.7336154291977,3238.2663845708103,3238.2663845708103,16.600000000000001
126.5,116,3.6444174242346659,32.276833402485686,29.453008936685961,2.4284603106434437,0.15102848739054667,54.49926037524564,7.041509960414329,61.426731929619926,13.261802632190934,222.73819736780891,0.24397954625071835,972.75602045375035,972.75602045375035,1934.5400023636391,3243.4599976363693,3243.4599976363693,16.600000000000001
126.75,116,3.6458102816761633,32.32133581352408,29.336271156699127,2.4239041055597759,0.15083951770006931,54.458110281539895,7.0369759881703624,61.593898950330619,13.154411603384457,222.84558839661537,0.23833297123038674,972.76166702877072,972.76166702877072,1929.3636159015675,3248.6363840984404,3248.6363840984404,16.600000000000001
127,116,3.6472490295337354,32.365962879641884,29.219835957768918,2.4193599711409242,0.15065186213081092,54.416776257552627,7.0324179386014221,61.760958012805141,13.047969165293248,222.95203083470659,0.23282113618232808,972.7671788638188,972.7671788638188,1924.204409824079,3253.7955901759292,3253.7955901759292,16.600000000000001
127.25,116,3.6487332879588226,32.410714135894601,29.103702967200157,2.4148277319568661,0.15046550341177592,54.375259340777916,7.0278359102246242,61.927908546428505,12.942466713865883,223.05753328613397,0.22744075308008321,972.77255924692099,972.77255924692099,1919.0623379107801,3258.9376620892281,3258.9376620892281,16.600000000000001
127.5,116,3.6502626810435146,32.455589119105461,28.987871815786399,2.4103072148631144,0.15028042450473827,54.333560560483157,7.0232300014385318,62.094749982923915,12.837895721119123,223.16210427888075,0.22218861536349224,972.77781138463763,972.77781138463763,1913.9373539412688,3264.0626460587391,3264.0626460587391,16.600000000000001
127.75,116,3.651836836775356,32.50058736783177,28.872342137743953,2.4057982489712222,0.15009660860025173,54.291680937821383,7.0186003105132411,62.261481756349795,12.734247734545148,223.26575226545472,0.21706159590391327,972.78293840409719,972.78293840409719,1908.829411696606,3269.1705883034019,3269.1705883034019,16.600000000000001
128,116,3.65345538699265,32.545708422331558,28.757113570646542,2.4013006656198046,0.14991403911375165,54.249621485942221,7.0139469355808322,62.428103303096691,12.631514376521475,223.36848562347839,0.21205664502022153,972.78794335498083,972.78794335498083,1903.7384649607775,3274.2615350392302,3274.2615350392302,16.600000000000001
128.25,116,3.6551179673402601,32.590951824530457,28.642185755360554,2.3968142983460119,0.14973269968173533,54.207383210101519,7.0092699746262053,62.594614061883817,12.529687343723557,223.47031265627629,0.20717078854438245,972.79282921145659,972.79282921145659,1898.6644675221487,3279.335532477859,3279.335532477859,16.600000000000001
128.5,116,3.6568242172258945,32.636317117989002,28.527558335980977,2.3923389828574839,0.14955257415802775,54.164967107769584,7.0045695254782698,62.761013473755504,12.428758406540148,223.57124159345969,0.20240112593549081,972.79759887406556,972.79759887406556,1893.6073731749079,3284.3926268250998,3284.3926268250998,16.600000000000001
128.75,116,3.6585737797768809,32.681803847870015,28.413230959767905,2.3878745570047752,0.14937364661012986,54.122374168738183,6.9998456858014881,62.927300982077369,12.328719408491404,223.67128059150843,0.1977448284410887,972.80225517155998,972.80225517155998,1888.5671357205035,3289.4328642795044,3289.4328642795044,16.600000000000001
129,116,3.6603663017974113,32.727411560906496,28.299203277083695,2.3834208607542,0.14919590131563432,54.079605375226244,6.9950985530877725,63.093476032532294,12.229562265649818,223.77043773435003,0.19319913730390242,972.80680086269717,972.80680086269717,1883.5437089690672,3294.4562910309405,3294.4562910309405,16.600000000000001
129.25,116,3.6622014337262612,32.773139805369595,28.185474941330707,2.3789777361611426,0.14901932275872481,54.036661701984258,6.9903282246487075,63.25953807311631,12.131278966063997,223.86872103393583,0.18876136201386037,972.81123863798712,972.81123863798712,1878.5370467408302,3299.462953259178,3299.462953259178,16.600000000000001
129.5,116,3.6640788295949762,32.818988131037031,28.072045608889638,2.3745450273438009,0.14884389562674752,53.99354411639743,6.9855347976081044,63.425486554134132,12.033861569185277,223.96613843081457,0.18442887860374321,972.81557112139728,972.81557112139728,1873.5471028675281,3304.4528971324798,3304.4528971324798,16.600000000000001
129.75,116,3.6659981469865208,32.864956089161652,27.958914939058502,2.3701225804573567,0.14866960480685365,53.950253578587606,6.9807183688948768,63.591320928194655,11.937302205297245,224.06269779470261,0.18019912798752374,972.8198008720135,972.8198008720135,1868.5738311937964,3309.4261688062115,3309.4261688062115,16.600000000000001
130,116,3.6679590469943797,32.911043232440377,27.846082593992115,2.3657102436685511,0.14849643538271301,53.906791041513969,6.9758790352362219,63.757040650206278,11.841593074948197,224.15840692505165,0.17606961434012969,972.8239303856609,972.8239303856609,1863.6171855785526,3314.3828144214554,3314.3828144214554,16.600000000000001
130.25,116,3.6699611941821138,32.957249114983391,27.73354823864226,2.3613078671306797,0.14832437263129469,53.86315745107251,6.9710168931511109,63.92264517737199,11.746726448386521,224.25327355161332,0.17203790351784948,972.82796209648313,972.82796209648313,1858.6771198963704,3319.3228801036375,3319.3228801036375,16.600000000000001
130.5,116,3.6720042565433615,33.003573292283569,27.621311540698354,2.3569153029589871,0.14815340201971491,53.819353746194345,6.9661320389440711,64.088133969184369,11.652694664999069,224.34730533500075,0.16810162151828301,972.83189837848261,972.83189837848261,1853.7535880388416,3324.2464119611659,3324.2464119611659,16.600000000000001
130.75,116,3.6740879054622764,33.050015321186251,27.509372170528728,2.3525324052064303,0.14798350920214862,53.775380858942874,6.9612245686992713,64.253506487420395,11.559490132752513,224.44050986724733,0.16425845297902553,972.83574154702194,972.83574154702194,1848.846543915927,3329.1534560840805,3329.1534560840805,16.600000000000001
131,116,3.6762118156744106,33.096574759859237,27.397729801122452,2.3481590298398674,0.14781468001680548,53.731239714609664,6.9562945782748651,64.4187621961362,11.467105327637716,224.53289467236212,0.16050613971356967,972.83949386028746,972.83949386028746,1843.9559414572943,3334.0440585427136,3334.0440585427136,16.600000000000001
131.25,116,3.678375665228018,33.143251167763069,27.286384108031754,2.3437950347165999,0.14764690048296616,53.686931231809332,6.9513421632976264,64.583900561661565,11.375532793117149,224.62446720688268,0.15684247928408809,972.84315752071689,972.84315752071689,1839.081734613648,3338.9182653863595,3338.9182653863595,16.600000000000001
131.5,116,3.6805791354457926,33.190044105621588,27.175334769314961,2.3394402795612921,0.14748015679807966,53.642456322573224,6.9463674191578448,64.748921052594454,11.284765139575363,224.71523486042449,0.15326532360995085,972.84673467639095,972.84673467639095,1834.2238773580434,3343.7761226419648,3343.7761226419648,16.600000000000001
131.75,116,3.6828219108870242,33.236953135392817,27.064581465480007,2.335094625943285,0.147314435334924,53.597815892441929,6.9413704410044703,64.913823139795227,11.194795043772526,224.80520495622733,0.14977257761125937,972.85022742238971,972.85022742238971,1829.3823236871922,3348.6176763128155,3348.6176763128155,16.600000000000001
132,116,3.6851036793101697,33.283977820239961,26.954123879428487,2.3307579372542153,0.14714972263881584,53.553010840556816,6.9363513237405297,65.078606296380983,11.105615248301055,224.89438475169877,0.14636219788606583,972.8536378021148,972.8536378021148,1824.5570276227534,3353.4429723772546,3353.4429723772546,16.600000000000001
132.25,116,3.687424131635844,33.331117724502874,26.843961696400257,2.3264300786860157,0.14698600542488011,53.508042059750352,6.9313101620187823,65.243269997719565,11.017218561045366,224.98278143895448,0.14303219142087539,972.85696780857995,972.85696780857995,1819.7479432126142,3358.2520567873935,3358.2520567873935,16.600000000000001
132.5,116,3.6897829619102045,33.37837241366968,26.734094603918543,2.3221109172092564,0.14682327057537464,53.462910436635461,6.9262470502376079,65.407813721423622,10.92959785464474,225.0704021453551,0.13978061433347488,972.86021938566751,972.86021938566751,1814.9550245321582,3363.0449754678493,3363.0449754678493,16.600000000000001
132.75,116,3.6921798672687567,33.425741454348618,26.624522291735641,2.3178003215518026,0.14666150513706314,53.417616851693737,6.9211620825371529,65.572236947344464,10.842746065959316,225.15725393404051,0.13660557064736173,972.86339442935355,972.86339442935355,1810.1782256855192,3367.8217743144887,3367.8217743144887,16.600000000000001
133,116,3.6946145479005406,33.473224414240299,26.515244451779065,2.3134981621778303,0.14650069631864573,53.372162179362661,6.9160553527956745,65.736539157565986,10.756656195539254,225.24334380446058,0.13350521109672372,972.86649478890422,972.86649478890422,1805.4175008068266,3372.5824991931809,3372.5824991931809,16.600000000000001
133.25,116,3.6970867070127227,33.520820862110106,26.406260778098289,2.3092043112671639,0.14634083148823829,53.326547288121752,6.9109269546261212,65.900719836398295,10.671321307097037,225.3286786929028,0.13047773196141704,972.86952226803953,972.86952226803953,1800.6728040614348,3377.3271959385734,3377.3271959385734,16.600000000000001
133.5,116,3.699596050795575,33.568530367760879,26.297570966811946,2.3049186426949193,0.14618189817089944,53.280773040577699,6.9057769813729282,66.064778470371465,10.586734526982966,225.41326547301691,0.12752137393117649,972.87247862606978,972.87247862606978,1795.9440896471401,3382.0559103528676,3382.0559103528676,16.600000000000001
133.75,116,3.7021422883878379,33.616352502005924,26.189174716055597,2.3006410320114798,0.14602388404621167,53.234840293548523,6.9006055261090085,66.228714548229036,10.502889043663828,225.49711095633603,0.12463442099844327,972.87536557900251,972.87536557900251,1791.2313117953893,3386.7686882046187,3386.7686882046187,16.600000000000001
134,116,3.7047251318424621,33.664286836642177,26.081071725929942,2.2963713564227621,0.14586677694590394,53.188749898146668,6.8954126816329646,66.392527560921621,10.419778107204744,225.58022189279512,0.12181519937876682,972.87818480062219,972.87818480062219,1786.5344247724688,3391.4655752275394,3391.4655752275394,16.600000000000001
134.25,116,3.7073442960927352,33.712332944423771,25.973261698449591,2.2921094947707825,0.14571056485151992,53.142502699861161,6.8901985404664963,66.556217001600302,10.337395028754246,225.6626049712456,0.11906207645826741,972.88093792354277,972.88093792354277,1781.8533828806871,3396.146617119321,3396.146617119321,16.600000000000001
134.5,116,3.7099994989187706,33.760490399035689,25.86574433749232,2.2878553275145319,0.14555523589213479,53.096099538638839,6.8849631948519896,66.71978236561003,10.255733180032538,225.74426681996732,0.11637345976758208,972.88362654023342,972.88362654023342,1777.1881404595392,3400.8118595404685,3400.8118595404685,16.600000000000001
134.75,116,3.7126904609143709,33.808758775067858,25.758519348748798,2.2836087367111344,0.14540077834211171,53.049541248964495,6.8797067367503066,66.883223150483005,10.174785992822972,225.8252140071769,0.1137477959815818,972.88625220401934,972.88625220401934,1772.5386518868647,3405.4613481131428,3405.4613481131428,16.600000000000001
135,116,3.7154169054542585,33.85713764798934,25.651586439672808,2.2793696059972999,0.14524718061890354,53.002828659940171,6.8744292578387522,67.046538855931928,10.094546958466758,225.90545304153309,0.11118356994411291,972.88881643005686,972.88881643005686,1767.9048715799852,3410.0951284200223,3410.0951284200223,16.600000000000001
135.25,116,3.7181785586616565,33.905626594122879,25.544945319432003,2.2751378205710431,0.14509443128089791,52.955962595363488,6.8691308495092098,67.209728983843206,10.015009627360888,225.98499037263898,0.10867930371713561,972.89132069628386,972.89132069628386,1763.2867539968345,3414.713246003173,3414.713246003173,16.600000000000001
135.5,116,3.720975149376236,33.954225190619688,25.438595698859068,2.27091326717369,0.14494251902530034,52.908943873805057,6.8638116028664573,67.372793038270288,9.936167608459284,226.06383239154059,0.10623355565378428,972.89376644434731,972.89376644434731,1758.6842536370741,3419.3157463629336,3419.3157463629336,16.600000000000001
135.75,116,3.7238064091224121,34.002933015434429,25.332537290403408,2.2666958340721379,0.14479143268606021,52.861773308684924,6.8584716087266484,67.535730525426672,9.8580145687772074,226.14198543122265,0.10384491949473562,972.89615508050633,972.89615508050633,1754.0973250431946,3423.9026749568129,3423.9026749568129,16.600000000000001
136,116,3.7266720720779851,34.051749647300539,25.226769808083304,2.2624854110413812,0.14464116123183554,52.81445170834823,6.8531109576159528,67.698540953679156,9.7805442328988406,226.21945576710098,0.10151202348722151,972.89848797651382,972.89848797651382,1749.5259228016055,3428.474077198402,3428.474077198402,16.600000000000001
136.25,116,3.7295718750431326,34.100674665705696,25.121292967438528,2.2582818893473244,0.14449169376399157,52.766979876139821,6.8477297397693553,67.861223833540834,9.7037503824881899,226.29624961751165,0.099233529525964911,972.90076647047511,972.90076647047511,1744.9700015437124,3433.0299984562948,3433.0299984562948,16.600000000000001
136.5,116,3.7325055574097354,34.14970765086769,25.016106485483423,2.2540851617298183,0.1443430195146409,52.719358610478089,6.8423280451296149,68.023778677664268,9.6276268558031681,226.3723731441967,0.097008132315821713,972.90299186768516,972.90299186768516,1740.4295159469787,3437.5704840530288,3437.5704840530288,16.600000000000001
136.75,116,3.735472861131047,34.198848183710325,24.911210080660464,2.2498951223859667,0.14419512784471938,52.671588704927906,6.8369059633463571,68.186205000834448,9.5521675472129299,226.44783245278691,0.094834558555408399,972.90516544144577,972.90516544144577,1735.9044207359771,3442.0955792640311,3442.0955792640311,16.600000000000001
137,116,3.7384735306916923,34.248095845839849,24.806603472794219,2.2457116669536958,0.14404800824209837,52.623670948272625,6.8314635837753137,68.348502319961909,9.477366406718426,226.52263359328143,0.092711566141373783,972.90728843385978,972.90728843385978,1731.3946706834249,3446.6053293165828,3446.6053293165828,16.600000000000001
137.25,116,3.7415073130779972,34.297450219521323,24.702286383045859,2.2415346924955188,0.14390165031972987,52.575606124585391,6.8260009954777168,68.51067015407564,9.4032174394762578,226.59678256052356,0.090637943392257114,972.90936205660887,972.90936205660887,1726.9002206112118,3451.0997793887964,3451.0997793887964,16.600000000000001
137.5,116,3.7445739577486434,34.346910887655497,24.598258533868037,2.2373640974825721,0.14375604381382723,52.527395013299426,6.8205182872198051,68.672708024316179,9.329714705325701,226.67028529467413,0.088612508292040759,972.91138749170909,972.91138749170909,1722.4210253914073,3455.5789746086007,3455.5789746086007,16.600000000000001
137.75,116,3.7476732166056461,34.39647743375577,24.494519648960235,2.2331997817788776,0.14361117858207922,52.479038389277598,6.8150155474724778,68.834615453928592,9.2568523183190088,226.74314768168085,0.086634107752643158,972.91336589224841,972.91336589224841,1717.9570399472614,3460.0429600527468,3460.0429600527468,16.600000000000001
138,116,3.7508048439656529,34.446149441925478,24.391069453224567,2.2290416466258165,0.14346704460189427,52.430537022881126,6.8094928644110775,68.996391968255381,9.1846244462549063,226.81537555374496,0.084701616895008505,972.91529838310612,972.91529838310612,1713.5082192541879,3464.4917807458205,3464.4917807458205,16.600000000000001
138.25,116,3.7539685965315508,34.495926496835381,24.28790767272201,2.2248895946268537,0.14332363196867937,52.381891680037505,6.80395032591528,69.158037094729522,9.1130253102153631,226.88697468978449,0.082813938348073338,972.91718606165307,972.91718606165307,1709.0745183407385,3468.9254816592697,3468.9254816592697,16.600000000000001
138.5,116,3.7571642333643949,34.545808183701382,24.18503403462908,2.2207435297324749,0.1431809308941496,52.333103122307563,6.7983880195691189,69.319550362867474,9.0420491841055632,226.95795081589429,0.080970001565321179,972.9190299984358,972.9190299984358,1704.6558922895608,3473.3441077104476,3473.3441077104476,16.600000000000001
138.75,116,3.7603915158556371,34.595794088262572,24.082448267194934,2.2166033572253352,0.14303893170466694,52.284172106951758,6.7928060326611153,69.480931304262057,8.9716903941970934,227.02830960580278,0.079168762158526779,972.92083123784255,972.92083123784255,1700.2522962383459,3477.7477037616623,3477.7477037616623,16.600000000000001
139,116,3.7636502076996647,34.645883796759385,23.980150099698893,2.2124689837056253,0.14289762483961194,52.235099386995678,6.7872044521845236,69.642179452575519,8.901943318674375,227.09805668132549,0.077409201248260742,972.92259079875282,972.92259079875282,1695.8636853807614,3482.1363146192471,3482.1363146192471,16.600000000000001
139.25,116,3.7669400748666395,34.696076895912107,23.878139262408382,2.2083403170766509,0.14275700084978604,52.185885711294787,6.7815833648376742,69.803294343532571,8.83280238718425,227.16719761281561,0.075690324830713612,972.92430967517043,972.92430967517043,1691.4900149673706,3486.5099850326383,3486.5099850326383,16.600000000000001
139.5,116,3.7702608855756332,34.746372972899529,23.776415486537338,2.2042172665306063,0.14261705039583444,52.136531824598364,6.7759428570244431,69.964275514913268,8.7642620803888693,227.23573791961098,0.07401116316013949,972.92598883684093,972.92598883684093,1687.1312403065426,3490.8687596934656,3490.8687596934656,16.600000000000001
139.75,116,3.7736124102680608,34.796771615337938,23.674978504205004,2.2000997425345536,0.14247776424670461,52.087038467612714,6.7702830148548028,70.125122506546077,8.6963169295216858,227.30368307047817,0.072370770146996319,972.92762922985412,972.92762922985412,1682.7873167653479,3495.2126832346603,3495.2126832346603,16.600000000000001
140,116,3.7769944215814042,34.847272411260235,23.573828048395111,2.1959876568166079,0.14233913327812925,52.037406377063597,6.7646039241454829,70.285834860300923,8.6289615159467132,227.37103848405314,0.070768222771125683,972.92923177723003,972.92923177723003,1678.458199770439,3499.5418002295696,3499.5418002295696,16.600000000000001
140.25,116,3.7804066943232248,34.897874949095389,23.472963852915523,2.1918809223523206,0.14220114847113069,51.987636285757915,6.7589056704207247,70.446412120082243,8.5621904707209051,227.43780952927895,0.069202620509741089,972.93079737949131,972.93079737949131,1674.1438448089211,3503.8561551910875,3503.8561551910875,16.600000000000001
140.5,116,3.7838490054454614,34.948578817648048,23.372385652358261,2.1877794533512391,0.14206380091056209,51.937728922644659,6.7531883389131222,70.606853831822008,8.4959984741597836,227.50400152584004,0.067673084779552042,972.93232691522167,972.93232691522167,1669.84420742921,3508.1557925707984,3508.1557925707984,16.600000000000001
140.75,116,3.78732113401901,34.999383606078439,23.272093182059965,2.1836831652436657,0.14192708178366789,51.887685012875195,6.7474520145645451,70.767159543472815,8.4303802554061935,227.56961974459367,0.066178758392973783,972.93382124160814,972.93382124160814,1665.5592432418759,3512.4407567581325,3512.4407567581325,16.600000000000001
141,116,3.7908228612085848,35.050288903882411,23.172086178062699,2.1795919746676025,0.14179098237866961,51.837505277862704,6.7416967820271667,70.927328805001025,8.3653305920022394,227.63466940799759,0.064718805027954449,972.93528119497307,972.93528119497307,1661.2889079204776,3516.7110920795317,3516.7110920795317,16.600000000000001
141.25,116,3.7943539702478533,35.101294300871871,23.072364377075221,2.1755057994558538,0.14165549408338249,51.787190435341017,6.7359227256645422,71.087361168379857,8.3008443094643596,227.69915569053549,0.063292408711184481,972.93670759128997,972.93670759128997,1657.033157202379,3520.9668427976299,3520.9668427976299,16.600000000000001
141.5,116,3.7979142464148445,35.152399387155242,22.972927516434602,2.1714245586233316,0.14152060838385033,51.736741199422703,6.7301299295527981,71.247256187582579,8.2369162808615766,227.76308371913825,0.061898773314133744,972.93810122668685,972.93810122668685,1652.7919468895602,3525.2080531104493,3525.2080531104493,16.600000000000001
141.75,116,3.8015034770076306,35.203603753118351,22.873775334068281,2.1673481723545387,0.14138631686300207,51.68615828065645,6.7243184774818818,71.407013418575701,8.1735414263968558,227.82645857360299,0.060537122061679181,972.93946287793938,972.93946287793938,1648.5652328494102,3529.4347671505989,3529.4347671505989,16.600000000000001
142,116,3.8051214513202707,35.254906989405384,22.77490756845647,2.163276561991204,0.1412526111993371,51.635442386083781,6.7184884529568887,71.566632419312185,8.1107147129916193,227.88928528700822,0.059206697053120538,972.9407933029479,972.9407933029479,1644.3529710155119,3533.647028984497,3533.647028984497,16.600000000000001
142.25,116,3.808767960619023,35.306308686900174,22.676323958594988,2.1592096500201081,0.14111948316562956,51.584594219295035,6.7126399391994553,71.726112749724635,8.0484311538733433,227.95156884612646,0.057906758795198653,972.94209324120595,972.94209324120595,1640.1551173884116,3537.8448826115978,3537.8448826115978,16.600000000000001
142.5,116,3.8124427981188176,35.357808436707685,22.578024243958424,2.1551473600610889,0.14098692462765322,51.533614480484729,6.7067730191492352,71.885453971718718,7.9866858081662899,228.01331419183353,0.056636585746856406,972.94336341425424,972.94336341425424,1635.9716280363771,3542.0283719636318,3542.0283719636318,16.600000000000001
142.75,116,3.8161457589599861,35.409405830135675,22.480008164463758,2.1510896168551588,0.14085492754293533,51.482503866506221,6.7008877754654188,72.044655649166359,7.9254737804853264,228.0745262195145,0.055395473875212306,972.94460452612589,972.94460452612589,1631.8024590961472,3546.1975409038619,3546.1975409038619,16.600000000000001
143,116,3.8198766401852504,35.461100458676675,22.382275460434304,2.147036346252821,0.14072348395952564,51.431263070925702,6.6949842905283328,72.203717347899172,7.8647902205328375,228.13520977946698,0.054182736222788734,972.94581726377828,972.94581726377828,1627.6475667736636,3550.3524332263455,3550.3524332263455,16.600000000000001
143.25,116,3.8236352407169596,35.512891913990089,22.284825872564063,2.1429874752025437,0.14059258601478797,51.379892784075587,6.6890626464410907,72.362638635701799,7.8046303226987028,228.19536967730113,0.052997702485542315,972.9470022975155,972.9470022975155,1623.5069073447953,3554.4930926552138,3554.4930926552138,16.600000000000001
143.5,116,3.8274213613345824,35.564779787884625,22.187659141882389,2.1389429317393502,0.14046222593421279,51.328393693107202,6.6831229250313084,72.5214190823054,7.7449893256633251,228.25501067433652,0.051839718601541518,972.94816028139951,972.94816028139951,1619.3804371560493,3558.61956284396,3558.61956284396,16.600000000000001
143.75,116,3.8312348046524454,35.616763672300834,22.090775009719156,2.1349026449736139,0.14033239603024844,51.276766482042831,6.6771652078528767,72.680058259381141,7.6858625120037489,228.31413748799611,0.050708146349777349,972.94929185365118,972.94929185365118,1615.2681126252708,3562.7318873747386,3562.7318873747386,16.600000000000001
144,116,3.8350753750977127,35.668843159293971,21.994173217670163,2.1308665450799764,0.14020308870115292,51.22501183182716,6.6711895761877829,72.838555740533636,7.6272452078027815,228.37275479219707,0.049602362959079868,972.95039763704199,972.95039763704199,1611.1698902423295,3566.8301097576791,3566.8301097576791,16.600000000000001
144.25,116,3.8389428788886129,35.721017841017016,21.89785350756296,2.1268345632864158,0.14007429642986421,51.173130420378072,6.6651961110479823,72.996911101294572,7.5691327822611623,228.43086721773869,0.048521760726821704,972.95147823927425,972.95147823927425,1607.085726569798,3570.9142734302113,3570.9142734302113,16.600000000000001
144.5,116,3.8428371240129042,35.773287309703932,21.80181562142306,2.1228066318634626,0.13994601178289393,51.121122922636793,6.6591848931773132,73.155123919116349,7.5115206473127216,228.48847935268711,0.047465746647217283,972.95253425335386,972.95253425335386,1603.0155782436136,3574.9844217563955,3574.9844217563955,16.600000000000001
144.75,116,3.8467579202065743,35.825651157653134,21.706059301440472,2.11878268411356,0.13981822740923619,51.068990010617476,6.6531560030534722,73.313193773365654,7.4544042572425795,228.54559574275726,0.046433742048858861,972.95356625795228,972.95356625795228,1598.9594019737349,3579.040598026274,3579.040598026274,16.600000000000001
145,116,3.8507050789327764,35.878108977211213,21.610584289936625,2.1147626543605478,0.13969093603929239,51.016732353456142,6.6471095208900284,73.471120245317238,7.3977791083083,228.60222089169153,0.04542518224125227,972.95457481775986,972.95457481775986,1594.9171545447809,3583.0828454552284,3583.0828454552284,16.600000000000001
145.25,116,3.8546784133609995,35.930660360756811,21.51539032933163,2.1107464779393013,0.13956413048381819,50.964350617459047,6.6410455266384751,73.628902918147588,7.3416407383640383,228.65835926163578,0.044439516170267708,972.95556048383082,972.95556048383082,1590.8887928166644,3587.111207183345,3587.111207183345,16.600000000000001
145.5,116,3.8586777383464614,35.983304900684765,21.420477162111919,2.1067340911854977,0.13943780363288433,50.911845466150375,6.634964099990337,73.786541376928866,7.2859847264876478,228.71401527351219,0.043476206082192735,972.95652379391902,972.95652379391902,1586.8742737252096,3591.1257262747999,3591.1257262747999,16.600000000000001
145.75,116,3.8627028704097395,36.036042189390457,21.3258445307982,2.1027254314255246,0.13931194845484782,50.859217560319415,6.6288653203793135,73.94403520862258,7.2308066926107193,228.76919330738912,0.042534727196227681,972.95746527280494,972.95746527280494,1582.8735542827617,3595.1264457172474,3595.1264457172474,16.600000000000001
146,116,3.8667536277166121,36.088871819254379,21.231492177913818,2.0987204369665058,0.13918655799535695,50.806467558067126,6.6227492669834467,74.10138400207363,7.176102297151588,228.82389770284826,0.041614567385024927,972.95838543261607,972.95838543261607,1578.8865915787853,3599.113408421224,3599.113408421224,16.600000000000001
146.25,116,3.8708298300581352,36.141793382626894,21.137419845953413,2.0947190470864641,0.13906162537635952,50.753596114852137,6.6166160187273286,74.25858734800417,7.1218672406512358,228.8781327593486,0.040715226863300071,972.95928477313782,972.95928477313782,1574.9133427804495,3603.08665721956,3603.08665721956,16.600000000000001
146.5,116,3.8749312988309299,36.194806471813195,21.043627277351959,2.0907212020246102,0.13893714379513009,50.700603883536118,6.6104656542843552,74.415644839007697,7.0680972634121124,228.93190273658772,0.039836217884199776,972.96016378211687,972.96016378211687,1570.9537651332057,3607.0462348668038,3607.0462348668038,16.600000000000001
146.75,116,3.8790578570176932,36.247910679058577,20.950114214454107,2.0867268429717276,0.1388131065233251,50.647491514428658,6.6042982520789755,74.572556069543069,7.0147881451398284,228.98521185485998,0.038977064443321385,972.96102293555782,972.96102293555782,1567.0078159613511,3610.9921840386578,3610.9921840386578,16.600000000000001
147,116,3.8832093291679208,36.301105596533759,20.856880399483934,2.0827359120607194,0.13868950690603588,50.594259655331541,6.5981138902890173,74.729320635928616,6.9619357045877646,229.03806429541206,0.038137301990001739,972.96186269801115,972.96186269801115,1563.0754526685851,3614.9245473314245,3614.9245473314245,16.600000000000001
147.25,116,3.8873855413788396,36.354390816320567,20.763925574514975,2.0787483523572554,0.13856633836086332,50.540908951582452,6.591912646848014,74.885938136336307,6.9095357992045123,229.09046420079531,0.037316477145848154,972.96268352285529,972.96268352285529,1559.1566327385517,3618.8433672614574,3618.8433672614574,16.600000000000001
147.5,116,3.8915863212765593,36.407765930397716,20.671249481440608,2.0747641078505352,0.1384435943770117,50.487440046098151,6.5856945994475629,75.04240817078599,6.857584324784181,229.14241567521566,0.036514147430307682,972.9634858525709,972.9634858525709,1555.2513137353751,3622.7486862646342,3622.7486862646342,16.600000000000001
147.75,116,3.8958114979974221,36.461230530626914,20.578851861944802,2.0707831234441847,0.13832126851438839,50.433853579417068,6.579459825539721,75.198730341139694,6.8060772151195241,229.1939227848803,0.035729880993108705,972.96427011900812,972.96427011900812,1551.3594533041819,3626.6405466958277,3626.6405466958277,16.600000000000001
148,116,3.9000609021695669,36.514784208739044,20.486732457473146,2.0668053449472614,0.13819935440272069,50.380150189741379,6.5732084023394108,75.354904251095945,6.7550104416578947,229.24498955834193,0.034963256353358646,972.96503674364772,972.96503674364772,1547.4810091716138,3630.5189908283955,3630.5189908283955,16.600000000000001
148.25,116,3.9043343658946932,36.568426556320681,20.394891009204269,2.0628307190653472,0.13807784574069668,50.326330512978558,6.5669404068268502,75.510929506184141,6.704380013160014,229.2956199868398,0.034213862145078877,972.96578613785607,972.96578613785607,1543.6159391463325,3634.3840608536771,3634.3840608536771,16.600000000000001
148.5,116,3.908631722730024,36.622157164800711,20.303327258021564,2.0588591933917733,0.13795673629510843,50.272395182782354,6.56065591575,75.666805713759061,6.6541819753615092,229.34581802463831,0.033481296869147623,972.96651870313201,972.96651870313201,1539.7642011195112,3638.2357988804984,3638.2357988804984,16.600000000000001
148.75,116,3.9129528076704756,36.675975625437225,20.212040944485214,2.0548907163989503,0.13783601990001321,50.218344830593303,6.554355005627043,75.822532482995328,6.6044124106372424,229.39558758936258,0.032765168651413767,972.96723483134963,972.96723483134963,1535.9257530653172,3642.0742469346919,3642.0742469346919,16.600000000000001
149,116,3.9172974571310175,36.729881529304578,20.121031808804592,2.0509252374297722,0.13771569045591181,50.164180085678687,6.548037752748864,75.978109424882021,6.5550674376683737,229.44493256233145,0.032065095006883745,972.96793490499419,972.96793490499419,1532.1005530413861,3645.8994469586228,3645.8994469586228,16.600000000000001
149.25,116,3.9216655089292329,36.783874467280704,20.030299590810944,2.0469627066891833,0.13759574192893065,50.109901575171925,6.5417042331815658,76.133536152217303,6.506143211112204,229.4938567888876,0.031380702609669145,972.96861929739146,972.96861929739146,1528.2885591892846,3649.7114408107245,3649.7114408107245,16.600000000000001
149.5,116,3.9260568022680671,36.837954030034538,19.939844029930441,2.0430030752358079,0.13747616835002283,50.055509924111533,6.5353545227689889,76.28881227960305,6.4576359212747141,229.54236407872509,0.030711627068731737,972.9692883729324,972.9692883729324,1524.4897297349644,3653.5102702650447,3653.5102702650447,16.600000000000001
149.75,116,3.9304711777187711,36.89211980801381,19.849664865157507,2.0390462949736885,0.13735696381418122,50.001005755479525,6.5289886971352473,76.443937423439706,6.4095417937858272,229.59045820621401,0.030057512709198764,972.96994248729186,972.96994248729186,1520.7040229892057,3657.2959770108041,3657.2959770108041,16.600000000000001
150,116,3.9349084772040364,36.946371391432805,19.759761835028456,2.0350923186441379,0.13723812247966646,49.946389690239322,6.5226068316872636,76.598911201921013,6.3618570892773585,229.63814291072245,0.029418012359167717,972.97058198764194,972.97058198764194,1516.9313973480514,3661.0686026519584,3661.0686026519584,16.600000000000001
150.25,116,3.939368543981308,37.000708370260597,19.670134677595527,2.0311410998176704,0.13711963856724357,49.891662347373156,6.51620900161734,76.753733235028918,6.3145781030636616,229.68542189693616,0.028792787141743471,972.97120721285933,972.97120721285933,1513.1718112932335,3664.828188706776,3664.828188706776,16.600000000000001
150.5,116,3.9438512226262921,37.05513033420921,19.580783130401155,2.0271925928860286,0.13700150635943148,49.836824343919012,6.5097952819057223,76.908403144528506,6.2677011648249232,229.7322988351749,0.028181506272257618,972.97181849372873,972.97181849372873,1509.4252233925879,3668.5747766074219,3668.5747766074219,16.600000000000001
150.75,116,3.9483563590166426,37.10963687272222,19.491706930452565,2.0232467530543117,0.13688372019976625,49.781876295007031,6.5033657473231754,77.062920553962996,6.2212226382931153,229.77877736170672,0.027583846860550484,972.97241615314044,972.97241615314044,1505.6915923004603,3672.3084076995492,3672.3084076995492,16.600000000000001
151,116,3.9528838003158278,37.164227574963398,19.402905814196732,2.0193035363332026,0.13676627449206932,49.726818813895477,6.4969204724335814,77.217285088648794,6.1751389209405723,229.82486107905925,0.026999493718180147,972.97300050628292,972.97300050628292,1501.970876758106,3676.0291232419045,3676.0291232419045,16.600000000000001
151.25,116,3.9574333949571789,37.218902029805641,19.314379517495567,2.0153628995312727,0.13664916369972563,49.671652512006155,6.4904595315965432,77.371496375670588,6.1294464436711795,229.87055355632864,0.026428139170426589,972.97357186083059,972.97357186083059,1498.2630355940748,3679.7369644059354,3679.7369644059354,16.600000000000001
151.5,116,3.9620049926281151,37.27365982582004,19.226127775601505,2.0114248002473905,0.13653238234498746,49.616377998959436,6.4839829989699682,77.525554043876554,6.0841416705141889,229.91585832948564,0.025869482872900154,972.97413051712817,972.97413051712817,1494.5680277245938,3683.4319722754167,3683.4319722754167,16.600000000000001
151.75,116,3.9665984442545432,37.328500551265201,19.138150323133324,2.0074891968632058,0.13641592500827476,49.560995882608744,6.4774909485126839,77.679457723873597,6.0392210983205796,229.96077890167925,0.025323231632760176,972.97467676836834,972.97467676836834,1490.8858121539358,3687.1141878460744,3687.1141878460744,16.600000000000001
152,116,3.9712136019854323,37.383423794076698,19.050446894052321,2.0035560485357302,0.13629978632749168,49.505506769074621,6.4709834539870457,77.833207048022629,5.9946812564620178,230.0053187435378,0.024789099234361126,972.97521090076657,972.97521090076657,1487.216347974783,3690.7836520252272,3690.7836520252272,16.600000000000001
152.25,116,3.9758503191775625,37.438429141856815,18.963017221638729,1.999625315189973,0.13618396099736915,49.449911262778251,6.4644605889615203,77.986801650434003,5.9505187065323435,230.04948129346747,0.024266806269265882,972.9757331937318,972.9757331937318,1483.5595943685767,3694.4404056314338,3694.4404056314338,16.600000000000001
152.5,116,3.9805084503804364,37.493516181864379,18.875861038468539,1.9956969575117061,0.13606844376878813,49.394209966474669,6.4579224268133268,78.140241166962824,5.9067300420516116,230.09326995794822,0.023756079970393876,972.97624392003058,972.97624392003058,1479.9155106058654,3698.0844893941448,3698.0844893941448,16.600000000000001
152.75,116,3.9851878513213683,37.548684501004843,18.788978076390499,1.9917709369402805,0.1359532294481314,49.338403481285347,6.4513690407310458,78.293525235204541,5.8633118881726425,230.13668811182717,0.023256654050328607,972.97674334595069,972.97674334595069,1476.2840560466393,3701.7159439533707,3701.7159439533707,16.600000000000001
153,116,3.9898883788907313,37.6039336858206,18.702368066503531,1.9878472156615292,0.13583831289664466,49.282492406730455,6.4448005037172251,78.446653494490462,5.820260901390081,230.17973909860973,0.022768268543629667,972.97723173145732,972.97723173145732,1472.6651901406583,3705.3348098593524,3705.3348098593524,16.600000000000001
153.25,116,3.9946098911273786,37.659263322481458,18.616030739134331,1.9839257566007775,0.13572368902979196,49.226477340760553,6.4382168885910156,78.599625585883373,5.7775737692519167,230.22242623074791,0.022290669653083125,972.97770933034781,972.97770933034781,1469.05887242777,3708.94112757224,3708.94112757224,16.600000000000001
153.5,116,3.9993522472042149,37.714672996775242,18.529965823815374,1.9800065234159008,0.13560935281663664,49.170358879787969,6.431618267990781,78.752441152173191,5.7352472100735206,230.26475278992629,0.021823609599721967,972.97817639040125,972.97817639040125,1465.4650625382242,3712.5349374617863,3712.5349374617863,16.600000000000001
153.75,116,4.0041153074139446,37.770162294098711,18.444173049263132,1.9760894804904563,0.13549529927923348,49.114137618717628,6.4250047143766924,78.905099837872712,5.693277972654089,230.30672202734573,0.021366846476555651,972.97863315352436,972.97863315352436,1461.8837201929719,3716.1162798070386,3716.1162798070386,16.600000000000001
154,116,4.0088989331549669,37.825730799448564,18.35865214335664,1.9721745929269108,0.13538152349201921,49.057814150977499,6.4183763000333469,79.057601289213437,5.6516628359955519,230.34833716400425,0.020920144105943277,972.97907985589507,972.97907985589507,1458.3148052039633,3719.6851947960467,3719.6851947960467,16.600000000000001
154.25,116,4.013702986917437,37.881378097412728,18.2734028331163,1.9682618265399261,0.13526802058121987,49.001389068548669,6.4117330970723696,79.209945154141366,5.6103986090238918,230.38960139097594,0.020483271900501972,972.97951672810052,972.97951672810052,1454.7582774744335,3723.2417225255772,3723.2417225255772,16.600000000000001
154.5,116,4.0185273322694783,37.937103772161727,18.188424844683027,1.9643511478496984,0.13515478572427153,48.944862961994801,6.4050751774349965,79.362131082313056,5.5694821303128608,230.43051786968695,0.020056004727470451,972.97994399527352,972.97994399527352,1451.2140969991813,3726.785903000829,3726.785903000829,16.600000000000001
154.75,116,4.0233718338435542,37.992907407440356,18.103717903297657,1.9604425240754302,0.13504181414923239,48.888236420491396,6.3984026128946887,79.514158725091448,5.5289102678101072,230.47108973218971,0.019638122776369313,972.9803618772246,972.9803618772246,1447.6822238648422,3730.3177761351685,3730.3177761351685,16.600000000000001
155,116,4.0282363573229905,38.048788586559475,18.01928173328065,1.9565359231288195,0.13492910113421777,48.831510031854471,6.391715475059712,79.666027735541988,5.4886799185656487,230.51132008143415,0.01922941142997894,972.98077058857098,972.98077058857098,1444.1626182501507,3733.8373817498605,3733.8373817498605,16.600000000000001
155.25,116,4.0331207694286473,38.104746892387993,17.935116058012078,1.9526313136076376,0.13481664200684057,48.774684382568857,6.3850138353757115,79.817737768428714,5.4487880084627189,230.55121199153709,0.018829661138497076,972.98117033886251,972.98117033886251,1440.6552404261972,3737.3447595738139,3737.3447595738139,16.600000000000001
155.5,116,4.038024937905746,38.160781907345083,17.851220599911876,1.9487286647893929,0.13470443214365932,48.717760057816093,6.3782977651282939,79.969288480210523,5.4092314919509308,230.59076850804888,0.018438667296835711,972.98156133270425,972.98156133270425,1437.1600507566761,3740.8399492433346,3740.8399492433346,16.600000000000001
155.75,116,4.0429487315108403,38.216893213392524,17.767595080420438,1.9448279466250247,0.13459246696963592,48.660737641501932,6.3715673354455751,80.120679529037233,5.3700073517817932,230.62999264821801,0.018056230124893415,972.98194376987612,972.98194376987612,1433.6770096981281,3744.3229903018823,3744.3229903018823,16.600000000000001
156,116,4.0478920199989368,38.273080392027339,17.684239219979421,1.9409291297326827,0.13448074195760085,48.603617716283416,6.3648226173007441,80.271910574745974,5.3311125987465111,230.6688874012533,0.017682154550810108,972.98231784545021,972.98231784545021,1430.206077800173,3747.7939221998377,3747.7939221998377,16.600000000000001
156.25,116,4.0528546741107618,38.329343024274415,17.601152738012885,1.9370321853915748,0.1343692526277272,48.546400863595487,6.3580636815146052,80.422981278857563,5.2925442714160784,230.70745572858371,0.017316250097103952,972.98268374990391,972.98268374990391,1426.7472157057373,3751.2527842942736,3751.2527842942736,16.600000000000001
156.5,116,4.0578365655601667,38.385680690679585,17.518335352908661,1.9331370855358694,0.13425799454700368,48.489087663677346,6.3512905987581219,80.57389130457284,5.2542994358836479,230.74570056411613,0.016958330769636102,972.9830416692314,972.9830416692314,1423.3003841512721,3754.6996158487386,3754.6996158487386,16.600000000000001
156.75,116,4.0628375670216821,38.442092971302657,17.435786782000061,1.9292438027486674,0.13414696332872222,48.431678695598251,6.3445034395549538,80.724640316769182,5.2163751855091638,230.78362481449065,0.016608214949294108,972.98339178505171,972.98339178505171,1419.8655439669687,3758.1344560330422,3758.1344560330422,16.600000000000001
157,116,4.0678575521182081,38.498579445710739,17.353506741547822,1.9253523102560373,0.13403615463197788,48.374174537283004,6.3377022742839513,80.875227981997057,5.1787686406662248,230.82123135933358,0.01626572528633102,972.98373427471461,972.98373427471461,1416.4426560769614,3761.5573439230498,3761.5573439230498,16.600000000000001
157.25,116,4.0728963954088515,38.555139692971771,17.271494946722324,1.9214625819211082,0.13392556416116644,48.316575765537074,6.3308871731816714,81.02565396847649,5.1414769484911789,230.85852305150863,0.015930688597330236,972.98406931140369,972.98406931140369,1413.0316814995274,3764.9683185004833,3764.9683185004833,16.600000000000001
157.5,116,4.0779539723768901,38.611773291648127,17.189751111586105,1.9175745922382179,0.13381518766549796,48.258882956071233,6.3240582063448656,81.175917946093918,5.1044972826344281,230.89550271736536,0.015602935764708429,972.98439706423619,972.98439706423619,1409.6325813472779,3768.3674186527328,3768.3674186527328,16.600000000000001
157.75,116,4.0830301594178824,38.668479819790527,17.108274949076627,1.9136883163271114,0.13370502093852929,48.201096683525918,6.3172154437329153,81.326019586398743,5.0678268430139104,230.9321731569859,0.015282301638708751,972.98471769836215,972.98471769836215,1406.2453168273437,3771.7546831726672,3771.7546831726672,16.600000000000001
158,116,4.0881248338279104,38.725258854932036,17.02706617098934,1.9098037299272221,0.1335950598176705,48.143217521495124,6.3103589551703436,81.475958562600155,5.0314628555707879,230.96853714442901,0.014968624941760418,972.98503137505918,972.98503137505918,1402.8698492415526,3775.1301507584581,3775.1301507584581,16.600000000000001
158.25,116,4.0932378737919564,38.78210997408231,16.946124487960983,1.9059208093919895,0.13348530018372465,48.085246042549983,6.3034888103492399,81.625734549563916,4.9954025720272703,231.00459742797256,0.014661748175224469,972.98533825182574,972.98533825182574,1399.5061399866036,3778.4938600134069,3778.4938600134069,16.600000000000001
158.5,116,4.0983691583724076,38.839032753721973,16.865449609453208,1.9020395316832357,0.13337573796042806,48.02718281826192,6.296605078831699,81.775347223809348,4.9596432696465911,231.04035673035321,0.014361517528426678,972.9856384824725,972.9856384824725,1396.1541505542293,3781.8458494457823,3781.8458494457823,16.600000000000001
158.75,116,4.1035185674977024,38.896026769797253,16.785041243736377,1.8981598743656301,0.13326636911397599,47.96902841922541,6.2897078300522686,81.924796263506181,4.924182250995111,231.0758177490047,0.014067782789948413,972.98593221721092,972.98593221721092,1392.8138425313566,3785.1861574686545,3785.1861574686545,16.600000000000001
159,116,4.1086859819510941,38.953091597714653,16.704899097873749,1.8942818156011583,0.13315718965258805,47.910783415080466,6.2827971333203401,82.074081348471537,4.8890168437065382,231.11098315629326,0.013780397261061582,972.98621960273988,972.98621960273988,1389.4851776002602,3788.5148223997512,3788.5148223997512,16.600000000000001
159.25,116,4.113871283359555,39.010226812336001,16.625022877705842,1.8904053341436666,0.13304819562606596,47.852448374534681,6.2758730578225315,82.223202160167048,4.8541444002482477,231.14585559975157,0.013499217671303361,972.98650078232959,972.98650078232959,1386.1681175387073,3791.8318824613038,3791.8318824613038,16.600000000000001
159.5,116,4.1190743541827937,39.06743198797345,16.545412287835092,1.8865304093334669,0.13293938312535244,47.794023865384901,6.268935672625072,82.37215838169594,4.819562297689667,231.18043770231014,0.01322410409612787,972.98677589590466,972.98677589590466,1382.862624220099,3795.137375779912,3795.137375779912,16.600000000000001
159.75,116,4.1242950777024197,39.124706698384877,16.466067031610777,1.8826570210919626,0.13283074828211022,47.735510454538598,6.2619850466761466,82.520949697800248,4.785267937472744,231.21473206252708,0.012954919876589572,972.98704508012429,972.98704508012429,1379.5686596136036,3798.4313403864076,3798.4313403864076,16.600000000000001
160,116,4.129533338011206,39.182050516769259,16.386986811114184,1.8787851499163402,0.1327222872683016,47.676908708034858,6.2550212488082311,82.66957579485792,4.7512587451844555,231.24874125481534,0.012691531540990194,972.9873084684599,972.9873084684599,1376.2861857842856,3801.7138142157251,3801.7138142157251,16.600000000000001
160.25,116,4.1347890200025015,39.239463015762396,16.308171327144077,1.8749147768743375,0.13261399629576004,47.618219191064966,6.2480443477404357,82.818036360880242,4.7175321703313555,231.28246782966846,0.012433808728428372,972.98756619127244,972.98756619127244,1373.0151648932281,3804.9848351067831,3804.9848351067831,16.600000000000001
160.5,116,4.1400620093597409,39.296943767432694,16.229620279202383,1.8710458835990227,0.1325058716157847,47.559442467992717,6.2410544120808025,82.966331085509125,4.6840856861161333,231.31591431388367,0.012181624114243691,972.9878183758866,972.9878183758866,1369.7555591976475,3808.2444408023639,3808.2444408023639,16.600000000000001
160.75,116,4.1453521925460981,39.35449234327718,16.151333365480166,1.8671784522836414,0.13239790951873495,47.500579102374303,6.2340515103285954,83.114459660014404,4.6509167892161853,231.34908321078365,0.011934853337285087,972.98806514666364,972.98806514666364,1366.5073310510068,3811.4926689490044,3811.4926689490044,16.600000000000001
161,116,4.1506594567942434,39.412108314217683,16.073310282843831,1.8633124656765272,0.1322901063336262,47.441629656977881,6.2270357108765699,83.262421777291408,4.6180229995641602,231.38197700043565,0.011693374928974813,972.98830662507191,972.98830662507191,1363.2704429031187,3814.7295570968927,3814.7295570968927,16.600000000000001
161.25,116,4.1559836900962264,39.469791250597147,15.995550726821632,1.8594479070760128,0.13218245842774237,47.382594693802837,6.2200070820132245,83.410217131858388,4.5854018601304913,231.41459813986933,0.011457070244074953,972.98854292975682,972.98854292975682,1360.0448573002452,3817.9551426997659,3817.9551426997659,16.600000000000001
161.5,116,4.1613247811934722,39.52754072217617,15.918054391590379,1.8555847603254199,0.13207496220624676,47.323474774098649,6.2129656919250289,83.557845419854118,4.5530509367078791,231.44694906329195,0.011225823393170475,972.98877417660776,972.98877417660776,1356.8305368851923,3821.1694631148189,3821.1694631148189,16.600000000000001
161.75,116,4.1666826195668998,39.58535629812971,15.840820969962445,1.8517230098080886,0.13196761411179955,47.264270458383457,6.2059116086986332,83.705306339035417,4.5209678176977137,231.47903218230209,0.010999521176800083,972.9890004788241,972.9890004788241,1353.6274443973971,3824.3725556026143,3824.3725556026143,16.600000000000001
162,116,4.1720570954271512,39.643237547043931,15.763850153372989,1.8478626404424381,0.13186041062417325,47.204982306462256,6.1988449003230857,83.852599588774893,4.4891501138984164,231.51084988610143,0.010778053021212472,972.9892219469798,972.9892219469798,1350.4355426730117,3827.5644573269997,3827.5644573269997,16.600000000000001
162.25,116,4.177448099704935,39.701184036913254,15.687141631867474,1.8440036376770892,0.13175334825988377,47.145610877444796,6.1917656346920005,83.9997248700586,4.4575954582957147,231.54240454170412,0.010561310915670074,972.9894386890852,972.9894386890852,1347.2547946449804,3830.745205355031,3830.745205355031,16.600000000000001
162.5,116,4.1828555240414786,39.759195335137527,15.610695094089406,1.8401459874860222,0.13164642357182313,47.086156729763097,6.1846738796057039,84.146681885483773,4.4263015058547879,231.57369849414505,0.010349189351289216,972.98965081064955,972.98965081064955,1344.0851633431125,3833.9148366568988,3833.9148366568988,16.600000000000001
162.75,116,4.1882792607791011,39.817271008519455,15.53451022726833,1.8362896763637753,0.13153963314889386,47.026620421188731,6.1775697027733889,84.293470339256714,4.3952659333143123,231.6047340666855,0.010141585261379225,972.98985841473962,972.98985841473962,1340.9266118941491,3837.0733881058623,3837.0733881058623,16.600000000000001
163,116,4.1937192029518924,39.875410623262084,15.458586717208075,1.8324346913206804,0.1314329736156602,46.967002508849632,6.170453171815204,84.440089937190592,4.3644864389823583,231.63551356101746,0.0099383979632425967,972.9900616020376,972.9900616020376,1337.7791035218254,3840.2208964781858,3840.2208964781858,16.600000000000001
163.25,116,4.199175244276498,39.933613744966557,15.382924248275247,1.8285810198781394,0.13132644163200446,46.907303549246748,6.1633243542643283,84.586540386703362,4.333960742534142,231.66603925746568,0.0097395291013951304,972.99026047089944,972.99026047089944,1334.6426015469272,3843.3573984530844,3843.3573984530844,16.600000000000001
163.5,116,4.2046472791430167,39.991879938629957,15.307522503387984,1.8247286500639492,0.13122003389276632,46.84752409827027,6.1561833175690834,84.732821396815794,4.3036865848116275,231.69631341518817,0.0095448825921516343,972.99045511740871,972.99045511740871,1331.5170693873429,3846.4829306126685,3846.4829306126685,16.600000000000001
163.75,116,4.2101352026060033,40.050208768643365,15.232381164004941,1.8208775704076565,0.13111374712740931,46.78766471121552,6.1490301290949585,84.878932678149354,4.273661727624928,231.72633827237487,0.0093543645695793407,972.99064563543129,972.99064563543129,1328.4024705581119,3849.5975294418995,3849.5975294418995,16.600000000000001
164,116,4.2156389103755822,40.108599798790081,15.15749991011452,1.8170277699359556,0.13100757809968355,46.727725942798649,6.1418648561266407,85.024873942924387,4.2438839535555317,231.7561160464443,0.0091678833327648902,972.99083211666823,972.99083211666823,1325.2987686714657,3852.7012313285454,3852.7012313285454,16.600000000000001
164.25,116,4.2211582988086542,40.167052592244019,15.082878420224342,1.8131792381681451,0.13090152360727078,46.667708347171853,6.1346875658700721,85.170644904958152,4.2143510657613046,231.78564893423854,0.0089853492943769864,972.99101465070657,972.99101465070657,1322.2059274368664,3855.7940725631452,3855.7940725631452,16.600000000000001
164.5,116,4.2266932649002227,40.225566711568234,15.008516371350991,1.8093319651115818,0.13079558048147799,46.607612477938424,6.1274983254543942,85.316245279662965,4.1850608877832878,231.81493911221656,0.0088066749304564797,972.99119332507041,972.99119332507041,1319.1239106610387,3858.8760893389726,3858.8760893389726,16.600000000000001
164.75,116,4.2322437062748106,40.28414171871362,14.934413439009962,1.8054859412571982,0.13068974558690749,46.547438888167413,6.1202972019339192,85.461674784044433,4.1560112633542419,231.8439887366456,0.0086317747314422349,972.99136822526941,972.99136822526941,1316.0526822479994,3861.9473177520122,3861.9473177520122,16.600000000000001
165,116,4.2378095211779883,40.342777175017773,14.860569297205879,1.8016411575750519,0.13058401582113316,46.487188130408001,6.1130842622900872,85.606933136699681,4.1272000562089577,231.87279994379085,0.0084605651543861755,972.99153943484657,972.99153943484657,1312.9922061990803,3865.0077938009317,3865.0077938009317,16.600000000000001
165.25,116,4.2433906084679975,40.401472641204073,14.786983618422914,1.7977976055098845,0.13047838811440204,46.426860756703597,6.1058595734333512,85.752020057815685,4.0986251498962742,231.90137485010354,0.0082929645763394119,972.99170703542461,972.99170703542461,1309.9424466129462,3868.0575533870651,3868.0575533870651,16.600000000000001
165.5,116,4.2489868676074742,40.460227677380793,14.713656073615505,1.7939552769767468,0.13037285942931726,46.366457318605619,6.0986232022050917,85.896935269167557,4.0702844475928508,231.92971555240698,0.0081288932488575837,972.99187110675211,972.99187110675211,1306.9033676856127,3871.0966323143989,3871.0966323143989,16.600000000000001
165.75,116,4.254598198655275,40.51904184304054,14.640586332199264,1.7901141643566567,0.13026742676052538,46.305978367186952,6.0913752153794976,86.041678494116937,4.0421758719186212,231.95782412808123,0.0079682732536104101,972.99203172674731,972.99203172674731,1303.8749337104534,3874.1250662895582,3874.1250662895582,16.600000000000001
166,116,4.2602245022583984,40.577914697059725,14.567774062042133,1.7862742604922723,0.13016208713442073,46.245424453055129,6.084115679665417,86.186249457610458,4.0142973647539471,231.9857026352459,0.0078110284590746665,972.99218897154185,972.99218897154185,1300.8571090782079,3877.1428909218034,3877.1428909218034,16.600000000000001
166.25,116,4.2658656796440031,40.636845797698257,14.495218929455797,1.7824355586836189,0.13005683760884451,46.184796126365228,6.0768446617081855,86.33064788617817,3.986646887058451,232.01335311294136,0.0076570844782795251,972.99234291552273,972.99234291552273,1297.8498582769837,3880.1501417230274,3880.1501417230274,16.600000000000001
166.5,116,4.2715216326115266,40.69583470259937,14.422920599187282,1.7785980526838507,0.12995167527278464,46.124093936832416,6.0695622280914439,86.47487350793206,3.9592224186915077,232.0407775813083,0.0075063686275795649,972.99249363137335,972.99249363137335,1294.8531458922528,3883.1468541077584,3883.1468541077584,16.600000000000001
166.75,116,4.277192263524892,40.754880968789635,14.350878734410861,1.7747617366950124,0.1298465972460971,46.063318433744314,6.0622684453389013,86.618926052564632,3.9320219582343969,232.0679780417654,0.0073588098864103019,972.99264119011457,972.99264119011457,1291.8669366068459,3886.1330633931652,3886.1330633931652,16.600000000000001
167,116,4.282877475304816,40.813984152679069,14.279092996720133,1.7709266053638597,0.12974160067921608,46.002470165972987,6.0549633799161056,86.76280525134753,3.9050435228140827,232.09495647718575,0.0072143388580317757,972.99278566114288,972.99278566114288,1288.8911952009421,3889.1088047990693,3889.1088047990693,16.600000000000001
167.25,116,4.2885771714212044,40.873143810061514,14.207563046120359,1.7670926537777076,0.12963668275287182,45.94154968198665,6.0476470982321739,86.906510837130071,3.8782851479286182,232.12171485207119,0.0070728877312197782,972.99292711226963,972.99292711226963,1285.925886552054,3892.0741134479572,3892.0741134479572,16.600000000000001
167.5,116,4.2942912558856481,40.932359496115026,14.136288541021006,1.7632598774602892,0.12953184067780912,45.880557529861179,6.0403196666415244,87.050042544338041,3.8517448872741595,232.14825511272565,0.0069343902428929179,972.99306560975799,972.99306560975799,1282.9709756350092,3895.029024365002,3895.029024365002,16.600000000000001
167.75,116,4.3000196332440002,40.991630765402569,14.065269138228569,1.7594282723676749,0.12942707169451426,45.819494257291197,6.0329811514455498,87.193400108972341,3.8254208125735789,232.17457918742625,0.0067987816416266358,972.99320121835933,972.99320121835933,1280.0264275219288,3897.9735724780821,3897.9735724780821,16.600000000000001
168,116,4.3057622085690497,41.05095717187271,13.994504492939569,1.755597834884205,0.12932237307294212,45.758360411601046,6.0256316188942955,87.336583268607782,3.799311013406657,232.20068898659318,0.0066659986520576772,972.9933340013489,972.9933340013489,1277.0922073822007,3900.9077926178106,3900.9077926178106,16.600000000000001
168.25,116,4.3115188874532864,41.110338268860637,13.923994258733829,1.751768561818452,0.12921774211224674,45.697156539755326,6.0182711351881082,87.479591762391863,3.773413597041845,232.22658640295796,0.0065359794401483994,972.99346402056085,972.99346402056085,1274.1682804824497,3903.8317195175609,3903.8317195175609,16.600000000000001
168.5,116,4.3172895760017553,41.169773609089169,13.853738087567907,1.7479404503992104,0.12911317614052861,45.635883188369284,6.0108997664792181,87.622425331043672,3.747726688269577,232.25227331173025,0.0064086635792957522,972.99359133642167,972.99359133642167,1271.2546121865041,3906.7453878135066,3906.7453878135066,16.600000000000001
168.75,116,4.3230741808249906,41.22926274467001,13.783735629768842,1.7441134982715178,0.12900867251457326,45.574540903718862,6.0035175788733497,87.765083716852686,3.7222484292371365,232.27775157076269,0.0062839920172514316,972.99371600798361,972.99371600798361,1268.3511679553581,3909.6488320446524,3909.6488320446524,16.600000000000001
169,116,4.3288726090320484,41.288805227105136,13.713986534028065,1.7402877034926996,0.12890422861958889,45.513130231750473,5.9961246384312963,87.907566663677699,3.6969769792850431,232.30302302071476,0.0061619070438366091,972.99383809295705,972.99383809295705,1265.4579133471311,3912.5420866528793,3912.5420866528793,16.600000000000001
169.25,116,4.3346847682236147,41.34840060728834,13.644490447395548,1.7364630645284427,0.12879984186895979,45.451651718090595,5.9887210111704521,88.049873916945828,3.6719105147849591,232.32808948521486,0.0060423522594410424,972.99395764774135,972.99395764774135,1262.5748140170238,3915.4251859829869,3915.4251859829869,16.600000000000001
169.5,116,4.3405105664852091,41.408048435506906,13.575247015274186,1.7326395802489012,0.12869550970399043,45.390105908054942,5.9813067630663523,88.192005223651464,3.6470472289790985,232.35295277102071,0.0059252725442820054,972.99407472745668,972.99407472745668,1259.7018357172694,3918.2981642827413,3918.2981642827413,16.600000000000001
169.75,116,4.3463499123804707,41.467748261443468,13.506255881414384,1.7288172499248344,0.12859122959364025,45.328493346657531,5.9738819600542064,88.333960332355232,3.6223853318211243,232.37761466817867,0.0058106140284076915,972.99418938597262,972.99418938597262,1256.838944297084,3921.1610557029267,3921.1610557029267,16.600000000000001
170,116,4.3522027149445179,41.527499634177993,13.437516687908897,1.7249960732237455,0.12848699903430805,45.266814578619382,5.9664466680303141,88.475738993183185,3.5979230498185295,232.40207695018125,0.0056983240624067719,972.99430167593857,972.99430167593857,1253.986105702611,3924.0138942973999,3924.0138942973999,16.600000000000001
170.25,116,4.3580688836774053,41.587302102189859,13.369029075187848,1.7211760502060667,0.12838281554958192,45.205070148377033,5.9590009528535335,88.617340957825775,3.5736586258764809,232.42634137412333,0.0055883511888345826,972.99441164881205,972.99441164881205,1251.1432859768622,3926.8567140231485,3926.8567140231485,16.600000000000001
170.5,116,4.3639483285376537,41.647155213360207,13.300792682013993,1.7173571813213648,0.12827867669000051,45.14326060009072,5.9515448803467086,88.758765979537046,3.54959031914311,232.45040968085667,0.0054806451143227892,972.99451935488662,972.99451935488662,1248.3104512596585,3929.6895487403522,3929.6895487403522,16.600000000000001
170.75,116,4.3698409599358721,41.707058514974307,13.232807145478207,1.7135394674045652,0.12817458003282134,45.081386477652387,5.9440785162980703,88.900013813133782,3.5257164048562535,232.47428359514356,0.0053751566823690596,972.99462484331855,972.99462484331855,1245.4875677875646,3932.5124322124461,3932.5124322124461,16.600000000000001
171,116,4.3757466887284409,41.767011553724153,13.165072100995161,1.7097229096721975,0.12807052318179168,45.019448324693371,5.9366019264626049,89.041084214994711,3.502035174191608,232.4979648258082,0.0052718378467781872,972.99472816215427,972.99472816215427,1242.67460189382,3935.3253981061907,3935.3253981061907,16.600000000000001
171.25,116,4.3816654262112991,41.827013875711181,13.097587182299243,1.7059075097186858,0.12796650376691471,44.957446684591858,5.9291151765634211,89.181976943059709,3.4785449341123171,232.52145506588749,0.0051706416457194251,972.99482935835522,972.99482935835522,1239.8715200082715,3938.1284799917394,3938.1284799917394,16.600000000000001
171.5,116,4.387597084113791,41.887065026449136,13.030352021440684,1.7020932695126432,0.12786251944422619,44.895382100480163,5.9216183322930709,89.322691756829059,3.4552440072199482,232.54475599277987,0.0050715221764276791,972.9949284778246,972.9949284778246,1237.0782886572968,3940.9217113427139,3940.9217113427139,16.600000000000001
171.75,116,4.3935415745926036,41.947164550867008,12.963366248781899,1.6982801913931933,0.12775856789557208,44.833255115251575,5.9141114593148556,89.463228417362743,3.4321307316068657,232.56786926839294,0.0049744345705046676,972.99502556543052,972.99502556543052,1234.2948744637283,3943.7051255362826,3943.7051255362826,16.600000000000001
172,116,4.3994988102257775,42.007311993312264,12.896629492994016,1.6944682780663234,0.12765464682839264,44.771066271567193,5.9065946232640973,89.603586687279801,3.4092034607099757,232.59079653928981,0.0048793349698209526,972.99512066503121,972.99512066503121,1231.5212441467743,3946.4787558532362,3946.4787558532362,16.600000000000001
172.25,116,4.4054687040067897,42.067506897554061,12.83014138105368,1.6906575326012514,0.12755075397550561,44.70881611186234,5.8990678897493902,89.743766330757666,3.38646056316585,232.61353943683392,0.0047861805029853453,972.99521381949808,972.99521381949808,1228.7573645219354,3949.242635478075,3949.242635478075,16.600000000000001
172.5,116,4.4114511693387248,42.127748806786705,12.763901538239999,1.6868479584268112,0.12744688709489088,44.646505178352811,5.8915313243538341,89.883767113531476,3.3639004226671938,232.63609957733257,0.0046949292623737482,972.9953050707386,972.9953050707386,1226.0032025009195,3951.9967974990914,3951.9967974990914,16.600000000000001
172.75,116,4.4174461200285071,42.188037263633177,12.697909588131742,1.6830395593278682,0.12734304396948193,44.584134013040909,5.8839849926362389,90.023588802893585,3.3415214378206604,232.65847856217911,0.0046055402817157861,972.99539445971925,972.99539445971925,1223.2587250915531,3954.7412749084579,3954.7412749084579,16.600000000000001
173,116,4.4234534702812232,42.248371810148861,12.632165152604733,1.6792323394417532,0.12723922240695848,44.521703157721149,5.8764289601322988,90.163231167692928,3.3193220220059989,232.68067797799378,0.0045179735142144807,972.99548202648668,972.99548202648668,1220.5238993976898,3957.4761006023209,3957.4761006023209,16.600000000000001
173.25,116,4.4294731346944998,42.308751987825389,12.566667851829447,1.6754263032547128,0.12713542023952792,44.459213153985807,5.8688632923557815,90.30269397833456,3.2973006032365113,232.70269939676328,0.004432189811202066,972.99556781018975,972.99556781018975,1217.7986926191188,3960.2013073808921,3960.2013073808921,16.600000000000001
173.5,116,4.4355050282529769,42.369177337594607,12.501417304268838,1.6716214555983888,0.12703163532373002,44.396664543230237,5.8612880547996413,90.441977006778984,3.2754556240208341,232.72454437597895,0.0043481509012850729,972.99565184909966,972.99565184909966,1215.0830720514657,3962.9169279485454,3962.9169279485454,16.600000000000001
173.75,116,4.4415490663228319,42.42964739983266,12.436413126676335,1.6678178016463137,0.12692786554023772,44.334057866657901,5.8537033129371263,90.581080026541912,3.2537855412260006,232.74621445877381,0.0042658193699931105,972.99573418063096,972.99573418063096,1212.3770050860946,3965.622994913916,3965.622994913916,16.600000000000001
174,116,4.4476051646463919,42.490161714364262,12.371654934094085,1.6640153469104264,0.12682410879365424,44.27139366528521,5.8461091322228649,90.720002812693579,3.2322888259417977,232.76771117405798,0.0041851586399178952,972.99581484136115,972.99581484136115,1209.6804592100075,3968.3195407900039,3968.3195407900039,16.600000000000001
174.25,116,4.4536732393368084,42.55071982046708,12.30714233985136,1.6602140972376065,0.12672036301231748,44.208672479946145,5.8385055780939359,90.858745141858464,3.2109639633463902,232.78903603665341,0.0041061329513241178,972.99589386704963,972.99589386704963,1206.9934020057376,3971.0065979942738,3971.0065979942738,16.600000000000001
174.5,116,4.4597532068728096,42.611321256876195,12.242874955563193,1.6564140588062255,0.12661662614812663,44.145894851296596,5.8308927159708466,90.997306792214843,3.1898094525732055,232.81019054742657,0.0040287073432309787,972.99597129265783,972.99597129265783,1204.3158011512446,3973.6841988487668,3973.6841988487668,16.600000000000001
174.75,116,4.4658449840935148,42.671965561788795,12.178852391129212,1.6526152381227246,0.12651289617633291,44.083061319818576,5.8232706112585939,91.135687543494384,3.1688238065790819,232.8311761934207,0.0039528476349272399,972.99604715236615,972.99604715236615,1201.6476244198036,3976.3523755802075,3976.3523755802075,16.600000000000001
175,116,4.4719484881933225,42.732652272868947,12.115074254732669,1.6488176420182048,0.12640917109535474,44.020172425824121,5.8156393293476372,91.27388717698183,3.1480055520136396,232.85199444798613,0.0038785204079353568,972.99612147959306,972.99612147959306,1198.9888396798963,3979.0111603201149,3979.0111603201149,16.600000000000001
175.25,116,4.4780636367168691,42.79338092725245,12.051540152839673,1.6450212776450381,0.12630544892659643,43.957228709458995,5.8079989356148545,91.411905475514672,3.1273532290898935,232.87264677090988,0.0038056929884044991,972.99619430701262,972.99619430701262,1196.3394148950945,3981.6605851049171,3981.6605851049171,16.600000000000001
175.5,116,4.4841903475540477,42.85415106155191,11.988249690198618,1.6412261524734977,0.12620172771426172,43.894230710706232,5.8003494954244825,91.549742223482724,3.1068653914560773,232.8931346085437,0.0037343334299232596,972.99626566657116,972.99626566657116,1193.6993181239445,3984.3006818760668,3984.3006818760668,16.600000000000001
175.75,116,4.490328538935108,42.914962211861919,11.92520246983981,1.6374322742884149,0.12609800552515504,43.831178969389342,5.7926910741290696,91.687397206828038,3.0865406060686742,232.91345939393111,0.0036644104967476442,972.99633558950427,972.99633558950427,1191.0685175198494,3986.9314824801622,3986.9314824801622,16.600000000000001
176,116,4.496478129425804,42.97581391376432,11.862398093075301,1.6336396511858342,0.12599428044852368,43.768074025175459,5.7850237370703184,91.824870213044377,3.0663774530666488,232.93362254693312,0.0035958936474091725,972.99640410635368,972.99640410635368,1188.4469813309477,3989.5530186690639,3989.5530186690639,16.600000000000001
176.25,116,4.5026390379226271,43.036705702333599,11.7998361594989,1.6298482915697001,0.12589055059587378,43.70491641757814,5.7773475495799635,91.962161031177232,3.0463745256468595,232.95362547435292,0.0035287530187245644,972.99647124698231,972.99647124698231,1185.8346778999903,3992.1653221000215,3992.1653221000215,16.600000000000001
176.5,116,4.5088111836480911,43.097637112142479,11.737516266986399,1.6260582041485589,0.12578681410079307,43.641706685960017,5.7696625769806227,92.099269451823432,3.0265304299406481,232.97346957005914,0.0034629594101822387,972.99653704059085,972.99653704059085,1183.2315756642151,3994.7684243357967,3994.7684243357967,16.600000000000001
176.75,116,4.5149944861460884,43.158607677267511,11.675438011695972,1.622269397932272,0.12568306911878144,43.578445369535288,5.7619688845866026,92.23619526713091,3.0068437848915925,232.99315621510817,0.0033984842687019021,972.99660151573232,972.99660151573232,1180.6376431552203,3997.3623568447906,3997.3623568447906,16.600000000000001
177,116,4.5211888652773098,43.219616931294958,11.61360098806877,1.6184818822287401,0.12557931382708823,43.515133007371851,5.7542665377046749,92.372938270798699,2.9873132221344108,233.01268677786535,0.0033352996737576628,972.99666470032719,972.99666470032719,1178.0528489988344,3999.9471510011772,3999.9471510011772,16.600000000000001
177.25,116,4.5273942412147257,43.280664407326597,11.552004788829743,1.6146956666406687,0.12547554642452993,43.451770138393421,5.7465556016348813,92.50949825807659,2.9679373858750178,233.03206261412473,0.0032733783228397349,972.99672662167825,972.99672662167825,1175.4771619149844,4002.5228380850267,4002.5228380850267,16.600000000000001
177.5,116,4.5336105344391306,43.341749637985849,11.49064900498859,1.610910761062327,0.12537176513132872,43.388357301381312,5.7388361416712641,92.645875025765008,2.9487149327717033,233.05128506722806,0.0032126935172716682,972.99678730648372,972.99678730648372,1172.9105507175643,4005.0894492824473,4005.0894492824473,16.600000000000001
177.75,116,4.539837665734753,43.402872155423871,11.429533225840961,1.6071271756763299,0.12526796818894809,43.324895034976052,5.7311082231025861,92.782068372214951,2.9296445318174409,233.07035546818233,0.0031532191483597473,972.99684678085259,972.99684678085259,1170.3529843142974,4007.6470156857145,4007.6470156857145,16.600000000000001
178,116,4.5460755561849249,43.464031491325841,11.368657038969783,1.6033449209504422,0.12516415385993032,43.26138387767881,5.7233719112130323,92.918078097327836,2.9107248642233028,233.08927513577646,0.0030949296838740223,972.99690507031721,972.99690507031721,1167.8044317065999,4010.1955682934117,4010.1955682934117,16.600000000000001
178.25,116,4.5523241271678145,43.525227176917376,11.308020030246842,1.5995640076343969,0.12506032042773599,43.197824367852625,5.7156272712828793,93.053904002555342,2.8919546233029885,233.10804537669679,0.0030378001548459553,972.99696219984617,972.99696219984617,1165.2648619894419,4012.7351380105697,4012.7351380105697,16.600000000000001
178.5,116,4.5585833003522129,43.586458742970997,11.247621783834505,1.5957844467567133,0.1249564661965865,43.134217043723439,5.7078743685891462,93.189545890899453,2.8733325143584305,233.12666748564135,0.0029818061426716965,972.99701819385825,972.99701819385825,1162.7342443512061,4015.2657556488057,4015.2657556488057,16.600000000000001
178.75,116,4.5648529976933929,43.647725719812797,11.187461882187634,1.5920062496215468,0.12485258949130788,43.070562443380901,5.7001132684062217,93.325003566912216,2.854857254566499,233.14514274543328,0.0029269237665265754,972.99707307623441,972.99707307623441,1160.2125480735444,4017.7874519264669,4017.7874519264669,16.600000000000001
179,116,4.5711331414290139,43.709027637329129,11.127539906055688,1.5882294278055515,0.12474868865717684,43.006861104779077,5.6923440360064648,93.460276836695868,2.8365275728667663,233.16347242713303,0.0028731296710739415,972.99712687032991,972.99712687032991,1157.6997425312345,4020.3002574687771,4020.3002574687771,16.600000000000001
179.25,116,4.5774236540750994,43.770364024973532,11.067855434485013,1.5844539931547457,0.12464476205975795,42.943113565736809,5.684566736660809,93.595365507902684,2.8183422098503406,233.18165779014944,0.0028204010144696604,972.99717959898646,972.99717959898646,1155.1957971920317,4022.8042028079799,4022.8042028079799,16.600000000000001
179.5,116,4.5837244584220604,43.831734411773624,11.008408044821314,1.5806799577814059,0.12454080808475589,42.879320363938099,5.6767814356393131,93.730269389734943,2.8002999176497552,233.19970008235003,0.0027687154566413382,972.99723128454434,972.99723128454434,1152.7006816165219,4025.2993183834897,4025.2993183834897,16.600000000000001
179.75,116,4.5900354775307814,43.893138326338267,10.949197312712293,1.5769073340609725,0.12443682513786859,42.81548203693206,5.6689881982116912,93.864988292944943,2.7823994598298962,233.21760054016991,0.0027180511478430936,972.99728194885313,972.99728194885313,1150.2143654579716,4027.7856345420405,4027.7856345420405,16.600000000000001
180,116,4.5963566347287728,43.954575296864675,10.890222812110476,1.5731361346289652,0.1243328116446349,42.751599122132895,5.6611870896478269,93.99952202983502,2.7646396112799678,233.23536038871981,0.0026683867174835587,972.99733161328345,972.99733161328345,1147.7368184621762,4030.2631815378359,4030.2631815378359,16.600000000000001
180.25,116,4.6026878536063629,44.016044851145772,10.831484115276233,1.5693663723779157,0.12422876605028704,42.687672156819609,5.6533781752182763,94.133870414257501,2.7470191581064825,233.2529808418933,0.0026197012632149927,972.99738029873777,972.99738029873777,1145.268010467307,4032.731989532705,4032.731989532705,16.600000000000001
180.5,116,4.6090290580129611,44.077546516577577,10.772980792780928,1.5655980604543109,0.12412468681962455,42.623701678135468,5.6455615201946783,94.268033261614818,2.7295368975272623,233.27046310247252,0.0025719743402837468,972.99742802566072,972.99742802566072,1142.807911403756,4035.1920885962554,4035.1920885962554,16.600000000000001
180.75,116,4.6153801720533698,44.139079820166735,10.714712413510314,1.5618312122555535,0.12402057243685724,42.559688223087427,5.6377371898502391,94.402010388859424,2.7121916377664546,233.28780836223333,0.002525185951122041,972.99747481404984,972.99747481404984,1140.3564912939798,4037.6435087060322,4037.6435087060322,16.600000000000001
181,116,4.6217411200841534,44.200644288538129,10.656678544668043,1.5580658414269346,0.12391642140546415,42.495632328545263,5.6299052494601503,94.535801614493977,2.6949821979505377,233.30501780204924,0.0024793165351873077,972.99752068346584,972.99752068346584,1137.9137202523418,4040.0862797476698,4040.0862797476698,16.600000000000001
181.25,116,4.6281118267100583,44.262239447942619,10.598878751779377,1.5543019618586165,0.12381223224805897,42.431534531240594,5.6220657643019747,94.669406758571213,2.6779074080053187,233.32209259199448,0.0024343469590407565,972.99756565304199,972.99756565304199,1135.479568484953,4042.5204315150586,4042.5204315150586,16.600000000000001
181.5,116,4.6344922167804947,44.323864824264895,10.54131259869507,1.5505395876826358,0.12370800350625101,42.367395367765667,5.6142187996560251,94.802825642694174,2.6609661085539043,233.33903389144587,0.0023902585066583361,972.99760974149444,972.99760974149444,1133.0540062895116,4044.9459937105003,4044.9459937105003,16.600000000000001
181.75,116,4.6408822153860649,44.385519943031419,10.48397964759541,1.5467787332699199,0.1236037337404871,42.303215374572048,5.606364420805769,94.936058090016203,2.6441571508156501,233.35584284918411,0.0023470328699734012,972.9976529671311,972.9976529671311,1130.6370040551399,4047.3629959448722,4047.3629959448722,16.600000000000001
182,116,4.647281747855148,44.447204329418462,10.426879458994449,1.5430194132273085,0.12349942152994103,42.23899508796908,5.5985026930380997,95.069103925240952,2.6274793965060623,233.37252060349371,0.0023046521396295613,972.99769534786151,972.99769534786151,1128.2285322622217,4049.7714677377903,4049.7714677377903,16.600000000000001
182.25,116,4.6536907397505374,44.50891750826024,10.370011591744388,1.5392616423945888,0.12339506547237505,42.174735044122201,5.5906336816436601,95.201962974622617,2.6109317177376572,233.38906828226212,0.0022630987959565392,972.99773690120503,972.99773690120503,1125.8285614822373,4052.1714385177747,4052.1714385177747,16.600000000000001
182.5,116,4.6601091168661313,44.570659004057177,10.313375603040136,1.5355054358415523,0.123290664184005,42.11043577905108,5.5827574519171304,95.334635065965927,2.5945129969217602,233.40548700307804,0.0022223557001560912,972.99777764430098,972.99777764430098,1123.4370623775956,4054.562937622416,4054.562937622416,16.600000000000001
182.75,116,4.6665368052236706,44.632428340984241,10.256971048424028,1.5317508088650547,0.1231862162993695,42.046097828627616,5.5748740691575005,95.467120028626255,2.5782221266712404,233.42177787332852,0.0021824060856937403,972.99781759391533,972.99781759391533,1121.0540057014691,4056.9459942985427,4056.9459942985427,16.600000000000001
183,116,4.6729737310695345,44.694225042899383,10.200797481790714,1.5279977769860831,0.12308172047120619,41.981721728573739,5.5669835986682958,95.599417693509778,2.5620580097041743,233.4379419902956,0.0021432335498995985,972.99785676645115,972.99785676645115,1118.6793622976222,4059.3206377023894,4059.3206377023894,16.600000000000001
183.25,116,4.6794198208715834,44.756048633352108,10.14485445539222,1.5242463559468533,0.12297717537031841,41.917308014459088,5.5590861057578138,95.731527893073533,2.5460195587484198,233.45398044125133,0.0021048220457498064,972.99789517795534,972.99789517795534,1116.3131031002438,4061.6868968997678,4061.6868968997678,16.600000000000001
183.5,116,4.6858750013160462,44.81789863559208,10.089141519843162,1.5204965617079069,0.12287257968544853,41.852857221698464,5.5511816557393256,95.863450461325527,2.530105696447106,233.46989430355265,0.002067155873846818,972.99793284412726,972.99793284412726,1113.9551991337735,4064.0448008662383,4064.0448008662383,16.600000000000001
183.75,116,4.6923391993044721,44.879774572577894,10.033658224126112,1.5167484104452218,0.12276793212315347,41.788369885549209,5.5432703139312522,95.99518523382487,2.5143153552650199,233.48568464473476,0.0020302196745875332,972.99796978032646,972.99796978032646,1111.6056215127307,4066.3943784872813,4066.3943784872813,16.600000000000001
184,116,4.6988123419507177,44.941675966985855,9.9784041155971579,1.5130019185473351,0.12266323140768073,41.723846541108372,5.5353521456573214,96.126732047681969,2.4986474773958847,233.50135252260387,0.0019939984205125019,972.99800600158062,972.99800600158062,1109.2643414415404,4068.7356585584712,4068.7356585584712,16.600000000000001
184.25,116,4.705294356577987,45.003602341218908,9.9233787399915787,1.5092571026124861,0.12255847628085154,41.659287723309717,5.5274272162466884,96.258090741558519,2.4831010146705244,233.51689898532922,0.0019584774088379129,972.99804152259219,972.99804152259219,1106.9313302143582,4071.0686697856536,4071.0686697856536,16.600000000000001
184.5,116,4.7117851707159275,45.065553217415712,9.8685816414297189,1.5055139794457582,0.12245366550193679,41.594693966920623,5.5194955910340582,96.389261155667739,2.4676749284658999,233.53232507153385,0.0019236422541537032,972.99807635774687,972.99807635774687,1104.6065592148934,4073.3934407851179,4073.3934407851179,16.600000000000001
184.75,116,4.71828471209776,45.12752811745964,9.8140123624229876,1.5017725660562353,0.1223487978475369,41.530065806538786,5.5115573353597807,96.520243131774507,2.4523681896150178,233.54763181038473,0.0018894788812930179,972.99811052111977,972.99811052111977,1102.2899999162339,4075.7100000837781,4075.7100000837781,16.600000000000001
185,116,4.7247929086574691,45.18952656298805,9.7596704438800419,1.4980328796541744,0.12224387211146567,41.465403776588794,5.5036125145699195,96.65103651319545,2.4371797783176934,233.56282022168207,0.0018559735183692858,972.99814402648269,972.99814402648269,1099.9816238806659,4078.0183761193457,4078.0183761193457,16.600000000000001
185.25,116,4.7313096885270358,45.251548075401523,9.70555542511309,1.4942949376481873,0.12213888710463468,41.400708411318575,5.4956611940162947,96.781641144799053,2.4221086840521679,233.5778913159476,0.0018231126899735865,972.99817688731105,972.99817688731105,1097.6814027594967,4080.3185972405158,4080.3185972405158,16.600000000000001
185.5,116,4.7378349800337087,45.313592175873261,9.651666843844394,1.490558757642428,0.12203384165492523,41.335980244795635,5.4877034390565509,96.912056873005909,2.4071539054875704,233.5928460945122,0.0017908832105352141,972.99820911679046,972.99820911679046,1095.3893082928726,4082.6106917071397,4082.6106917071397,16.600000000000001
185.75,116,4.7443687116973408,45.375658385358506,9.5980042362128692,1.486824357433798,0.12192873460707684,41.27121981090324,5.4797393150541556,97.042283545788706,2.3923144503972096,233.60768554960254,0.0017592721778297161,972.99824072782314,972.99824072782314,1093.1053123095994,4084.8946876904124,4084.8946876904124,16.600000000000001
186,116,4.7509108122277466,45.437746224604112,9.5445671367808895,1.4830917550091651,0.12182356482258055,41.206427643336362,5.4717688873783734,97.172321012672484,2.3775893355727002,233.62241066442706,0.0017282669666354011,972.99827173303436,972.99827173303436,1090.8293867269597,4087.1706132730528,4087.1706132730528,16.600000000000001
186.25,116,4.7574612105221306,45.499855214158138,9.4913550785412006,1.4793609685425846,0.12171833117956027,41.141604275597551,5.4637922214042511,97.302169124734704,2.3629775867389036,233.63702241326087,0.0016978552225417267,972.99830214477845,972.99830214477845,1088.5615035505293,4089.438496449483,4089.438496449483,16.600000000000001
186.5,116,4.7640198356625367,45.561984874379576,9.4383675929239974,1.4756320163925378,0.12161303257265933,41.076750240992645,5.455809382512574,97.43182773460542,2.3484782384696863,233.65152176153006,0.0016680248558988446,972.99833197514511,972.99833197514511,1086.3016348739934,4091.6983651260189,4091.6983651260189,16.600000000000001
186.75,116,4.7705866169133646,45.624134725448101,9.385604209804157,1.4719049170991774,0.12150766791294171,41.011866072626383,5.4478204360897609,97.561296696467437,2.3340903341044759,233.6659096658953,0.0016387640359096024,972.99836123596515,972.99836123596515,1084.0497528789622,4093.9502471210499,4093.9502471210499,16.600000000000001
187,116,4.7771614837189125,45.686304287373929,9.3330644575085948,1.4681796893815866,0.12140223612778731,40.946952303397744,5.4398254475277703,97.690575866056363,2.3198129256656217,233.68018707433416,0.0016100611848564898,972.9983899388161,972.9983899388161,1081.8058298347839,4096.1941701652286,4096.1941701652286,16.600000000000001
187.25,116,4.783744365700966,45.748493080007819,9.2807478628237909,1.464456352135046,0.12129673616076736,40.882009465995367,5.4318244822240276,97.819665100660842,2.3056450737765393,233.69435492622324,0.0015819049724575772,972.99841809502857,972.99841809502857,1079.5698380983595,4098.4301619016524,4098.4301619016524,16.600000000000001
187.5,116,4.790335192656447,45.810700623051012,9.2286539510034391,1.4607349244283125,0.12119116697154679,40.817038092892645,5.4238176055812755,97.94856425912262,2.2915858475806417,233.7084141524191,0.0015542843103574101,972.99844571569065,972.99844571569065,1077.3417501139538,4100.658249886058,4100.658249886058,16.600000000000001
187.75,116,4.7969338945550781,45.872926436065399,9.1767822457762485,1.4570154255009085,0.12108552753578045,40.752038716342803,5.4158048830074179,98.07727320183669,2.2776343246610429,233.72236567533872,0.0015271883467431941,972.99847281165421,972.99847281165421,1075.1215384130085,4102.8784615870036,4102.8784615870036,16.600000000000001
188,116,4.8035404015371119,45.935170038483626,9.1251322693538786,1.4532978747604224,0.12097981684500142,40.687011868373801,5.4077863799153709,98.205791790751377,2.2637895909610282,233.7362104090387,0.0015006064610869024,972.99849939353999,972.99849939353999,1072.9091756139521,4105.0908243860604,4105.0908243860604,16.600000000000001
188.25,116,4.8101546439110914,45.997430949619421,9.0737035424390289,1.4495822917798238,0.12087403390650633,40.621958080783116,5.3997621617228981,98.334119889368466,2.2500507407052881,233.74994925929448,0.001474528259009292,972.99852547174203,972.99852547174203,1070.7046344220121,4107.2953655780002,4107.2953655780002,16.600000000000001
188.5,116,4.8167765521516541,46.059708688677844,9.0224955842336403,1.4458686962947775,0.12076817774327292,40.556877885132415,5.3917322938523604,98.462257362743372,2.236416876321905,233.76358312367785,0.0014489435672549132,972.99855105643383,972.99855105643383,1068.5078876290213,4109.492112370991,4109.492112370991,16.600000000000001
188.75,116,4.8234060568973804,46.12200277476569,8.9715079124472581,1.4421571082009774,0.12066224739384954,40.491771812742073,5.3836968417305062,98.590204077485183,2.2228871083650801,233.77711289163469,0.0014238424287888963,972.9985761575723,972.9985761575723,1066.3189081132293,4111.6810918867823,4111.6810918867823,16.600000000000001
189,116,4.830043088948675,46.184312726901965,8.9207400433055124,1.438447547551488,0.12055624191225278,40.426640394685585,5.3756558707882327,98.717959901756771,2.2094605554386098,233.79053944456115,0.0013992150980045265,972.99860078490303,972.99860078490303,1064.1376688391097,4113.8623311609035,4113.8623311609035,16.600000000000001
189.25,116,4.8366875792656989,46.246638064028396,8.8701914915587547,1.4347400345540933,0.12045016036786968,40.361484161783906,5.3676094464603175,98.845524705274912,2.1961363441200841,233.80386365587967,0.0013750520360417953,972.99862494796514,972.99862494796514,1061.9641428571663,4116.035857142846,4116.035857142846,16.600000000000001
189.5,116,4.8433394589663328,46.308978305020041,8.8198617704907925,1.4310345895686511,0.12034400184536788,40.296303644599575,5.3595576341851174,98.972898359310335,2.1829136088858188,233.81708639111392,0.001351343906215579,972.99864865609482,972.99864865609482,1059.798303303741,4118.201696696271,4118.201696696271,16.600000000000001
189.75,116,4.8499986593241839,46.371332968695924,8.7697503919277864,1.4273312331044736,0.12023776544458413,40.231099373430808,5.3515004994043007,99.100080736687886,2.1697914920364982,233.83020850796325,0.0013280815695413458,972.99867191843146,972.99867191843146,1057.6401234008201,4120.3598765991919,4120.3598765991919,16.600000000000001
190,116,4.8566651117666311,46.433701573829786,8.7198568662472713,1.4236299858177042,0.12013145028043141,40.16587187830541,5.3434381075625197,99.227071711786508,2.1567691436235386,233.84323085637621,0.001305256080368792,972.99869474392074,972.99869474392074,1055.4895764558389,4122.510423544174,4122.510423544174,16.600000000000001
190.25,116,4.8633387478729109,46.496083639160908,8.6701807023872863,1.4199308685087069,0.12002505548280316,40.100621688974641,5.3353705241070717,99.353871160539342,2.1438457213761462,233.85615427862362,0.0012828586821141648,972.99871714131893,972.99871714131893,1053.3466358614869,4124.6533641385249,4124.6533641385249,16.600000000000001
190.5,116,4.8700194993722361,46.558478683404878,8.6207214078556582,1.4162339021194701,0.11991858019647816,40.035349334906904,5.3272978144875482,99.480478960433786,2.1310203906290819,233.86897960937065,0.0012608808030904952,972.99873911919804,972.99873911919804,1051.2112750955123,4126.7887249045007,4126.7887249045007,16.600000000000001
190.75,116,4.8767072981419597,46.620886225264599,8.5714784887393964,1.4125391077310245,0.1198120235810267,39.970055345281359,5.319220044155454,99.606894990511591,2.1182923242511134,233.88170767574863,0.0012393140524356566,972.99876068594858,972.99876068594858,1049.0834677205255,4128.9165322794879,4128.9165322794879,16.600000000000001
191,116,4.8834020762057735,46.683305783441185,8.522451449714211,1.4088465065608542,0.11970538481071709,39.90474024898144,5.3111372785638267,99.733119131368795,2.1056607025741547,233.89433929742557,0.0012181502161274049,972.9987818497849,972.9987818497849,1046.9631873838021,4131.0368126162111,4131.0368126162111,16.600000000000001
191.25,116,4.8901037657319399,46.745736876645068,8.4736397940541668,1.4051561199603291,0.11959866307442368,39.839404574588208,5.3030495831668185,99.859151265155916,2.0931247133230815,233.90687528667669,0.0011973812530931764,972.99880261874796,972.99880261874796,1044.8504078170856,4133.1495921829273,4133.1495921829273,16.600000000000001
191.5,116,4.896812299031569,46.808179023607032,8.4250430236414395,1.4014679694121475,0.11949185757553593,39.774048850373681,5.2949570234192782,99.984991275577769,2.0806835515462199,233.91931644845351,0.0011769992914080871,972.99882300070965,972.99882300070965,1042.7451028363894,4135.2548971636234,4135.2548971636234,16.600000000000001
191.75,116,4.9035276085569235,46.870631743089398,8.3766606389762099,1.3977820765277849,0.11938496753186724,39.708673604293992,5.2868596647763031,100.11063904789368,2.068336419546505,233.93166358045323,0.0011569966245795233,972.99884300337646,972.99884300337646,1040.6472463417995,4137.3527536582142,4137.3527536582142,16.600000000000001
192,116,4.9102496268997662,46.93309455389722,8.3284921391866717,1.3940984630449467,0.11927799217555311,39.643279363982487,5.2787575726928244,100.23609446891737,2.0560825268132898,233.94391747318647,0.0011373657079192709,972.99886263429312,972.99886263429312,1038.5568123172739,4139.4431876827393,4139.4431876827393,16.600000000000001
192.25,116,4.9169782867897398,46.995566974889535,8.2805370220391552,1.390417150825044,0.11917093075297171,39.577866656742678,5.2706508126230913,100.3613574270169,2.0439210899548188,233.95607891004494,0.0011180991549925253,972.99888190084607,972.99888190084607,1036.4737748304456,4141.5262251695676,4141.5262251695676,16.600000000000001
192.5,116,4.9237135210927825,47.058048524990689,8.2327947839483695,1.3867381618506731,0.11906378252465337,39.512436009541169,5.262539450020193,100.4864278121148,2.0318513326313377,233.96814866736841,0.001099189734150488,972.99890081026683,972.99890081026683,1034.3981080324204,4143.6018919675926,4143.6018919675926,16.600000000000001
192.75,116,4.9304552628095859,47.120538723201705,8.1852649199877465,1.3830615182231014,0.11895654676518938,39.446987949000395,5.2544235503355541,100.61130551568786,2.0198724854888517,233.98012751451088,0.0010806303651419743,972.99891936963581,972.99891936963581,1032.3297861575793,4145.6702138424344,4145.6702138424344,16.600000000000001
193,116,4.9372034450740667,47.18303708861167,8.1379469238999356,1.3793872421597666,0.11884922276314343,39.381523001391329,5.2463031790184189,100.73599043076726,2.0079837860935155,233.99201621390623,0.0010624141158015561,972.99893758588519,972.99893758588519,1030.268783523376,4147.7312164766372,4147.7312164766372,16.600000000000001
193.25,116,4.9439580011519082,47.245543140409204,8.0908402881073531,1.3757153559917861,0.11874180982098211,39.316041692626094,5.2381784015152553,100.86048245193838,1.9961844788666503,234.00381552113308,0.0010445341988150473,972.99895546580228,972.99895546580228,1028.2150745301367,4149.7849254698758,4149.7849254698758,16.600000000000001
193.5,116,4.9507188644390956,47.308056397893971,8.0439445037229085,1.3720458821614736,0.11863430725497731,39.250544548250453,5.2300492832692367,100.98478147534078,1.9844738150203889,234.01552618497934,0.0010269839685547793,972.99897301603255,972.99897301603255,1026.1686336608579,4151.8313663391546,4151.8313663391546,16.600000000000001
193.75,116,4.9574859684605181,47.370576380488245,7.997259060560773,1.368378843219864,0.11852671439511867,39.185032093436234,5.2219158897196722,101.10888739866817,1.9728510524939318,234.02714894750582,0.0010097569179875769,972.99899024308297,972.99899024308297,1024.129435481007,4153.8705645190057,4153.8705645190057,16.600000000000001
194,116,4.9642592468685809,47.433102607748488,7.9507834471473187,1.3647142618242514,0.11841903058503447,39.119504852973613,5.2137782863014115,101.23280012116821,1.9613154558904182,234.03868454410934,0.00099284667565356578,972.99900715332535,972.99900715332535,1022.0974546383173,4155.902545361695,4155.902545361695,16.600000000000001
194.25,116,4.9710386334418697,47.495634599377027,7.9045171507321168,1.3610521607357342,0.11831125518190984,39.053963351263434,5.2056365384442245,101.35651954364243,1.9498662964143993,234.05013370358537,0.00097624700271281106,972.99902375299837,972.99902375299837,1020.0726658625883,4157.9273341374246,4157.9273341374246,16.600000000000001
194.5,116,4.9778240620838305,47.558171875233718,7.8584596572990622,1.3573925628167738,0.11820338755638846,38.988408112309259,5.1974907115722315,101.48004556844614,1.9385028518099146,234.06149714818986,0.0009599517900606751,972.99904004821099,972.99904004821099,1018.0550439654816,4159.9449560345311,4159.9449560345311,16.600000000000001
194.75,116,4.9846154668214897,47.620713955347689,7.8126104515776076,1.3537354910287585,0.11809542709249592,38.922839659709538,5.1893408711032514,101.6033780994882,1.9272244062991579,234.07277559370061,0.00094395505550590706,972.99905604494563,972.99905604494563,1016.0445638403188,4161.9554361596938,4161.9554361596938,16.600000000000001
195,116,4.9914127818042138,47.683260359929101,7.7669690170540795,1.3500809684295785,0.11798737318756614,38.857258516649516,5.1811870824481279,101.726517042231,1.9160302505217333,234.08396974947803,0.00092825094101203016,972.99907174906002,972.99907174906002,1014.0412004618777,4163.9587995381353,4163.9587995381353,16.600000000000001
195.25,116,4.9982159413024823,47.745810609380953,7.7215348359831149,1.3464290181712109,0.11787922525215383,38.791665205893167,5.1730294110100816,101.84946230369013,1.9049196814744938,234.09508031852525,0.00091283371000257761,972.99908716629113,972.99908716629113,1012.0449288861892,4165.9550711138236,4165.9550711138236,16.600000000000001
195.5,116,5.0050248797067125,47.808364224310942,7.6763073893991862,1.342779663497315,0.11777098270995212,38.726060249775053,5.1648679221840386,101.97221379243432,1.8938920024519559,234.10610799754781,0.0008976977447263762,972.99910230225646,972.99910230225646,1010.0557242503332,4167.9442757496799,4167.9442757496799,16.600000000000001
195.75,116,5.0118395315260988,47.870920725543307,7.6312861571282289,1.3391329277408308,0.11766264499772099,38.660444170192015,5.1567026813559078,102.09477141858515,1.8829465229872848,234.11705347701249,0.00088283754368342568,972.99911716245754,972.99911716245754,1008.0735617722354,4169.926438227777,4169.926438227777,16.600000000000001
196,116,5.0186598313874935,47.933479634130777,7.5864706177993613,1.3354888343215916,0.11755421156520925,38.594817488594899,5.1485337539018792,102.21713509381692,1.8720825587938479,234.12791744120597,0.00086824771910784504,972.9991317522821,972.9991317522821,1006.0984167504614,4171.9015832495506,4171.9015832495506,16.600000000000001
196.25,116,5.0254857140343114,47.996040471366527,7.5418602488567084,1.3318474067439512,0.11744568187506509,38.529180725980133,5.1403612051877223,102.33930473135628,1.8612994317073259,234.13870056829248,0.00085392299450576204,972.99914607700657,972.99914607700657,1004.1302645640143,4173.8697354359983,4173.8697354359983,16.600000000000001
196.5,116,5.0323171143254672,48.058602758796113,7.4974545265713077,1.3282086685944137,0.11733705540276326,38.463534402881223,5.1321851005680363,102.46128024598211,1.8505964696283812,234.14940353037142,0.00083985820225057227,972.99916014179894,972.99916014179894,1002.1690806721288,4175.8309193278837,4175.8309193278837,16.600000000000001
196.75,116,5.0391539672343457,48.121166018229538,7.4532529260531168,1.3245726435392737,0.11722833163652824,38.397879039360298,5.1240055053855018,102.58306155402514,1.8399730064658741,234.1600269935339,0.00082604828123148462,972.99917395171997,972.99917395171997,1000.2148406140669,4177.785159385945,4177.785159385945,16.600000000000001
197,116,5.045996207847792,48.183729771753264,7.40925492126311,1.3209393553222726,0.11711951007725539,38.332215154999389,5.1158224849701126,102.70464857336772,1.8294283820806243,234.17057161791914,0.00081248827455560372,972.99918751172663,972.99918751172663,998.26752000891292,4179.7324799911003,4179.7324799911003,16.600000000000001
197.25,116,5.0528437713651444,48.246293541742311,7.3654599850254581,1.3173088277622647,0.11701059023843241,38.266543268891823,5.1076361046384111,102.82604122344348,1.8189619422297132,234.18103805777008,0.00079917332730173717,972.99920082667393,972.99920082667393,996.32709455536838,4181.672905444645,4181.672905444645,16.600000000000001
197.5,116,5.0596965930972813,48.308856850872303,7.3218675890398046,1.3136810847508766,0.11690157164606864,38.200863899633454,5.0994464296926738,102.947239425237,1.8085730385113175,234.19142696148847,0.00078609868432199354,972.99921390131681,972.99921390131681,994.39354003154631,4183.6064599684669,4183.6064599684669,16.600000000000001
197.75,116,5.0665546084657107,48.371419222131649,7.2784772038936261,1.3100561502501957,0.11679245383861804,38.135177565313818,5.0912535254201163,103.06824310128349,1.7982610283100722,234.20173897168971,0.00077325968809490429,972.99922674031302,972.99922674031302,992.46683229476605,4185.5331677052473,4185.5331677052473,16.600000000000001
198,116,5.0734177530016744,48.433980178833622,7.235288299074675,1.3064340482904575,0.11668323636690478,38.06948478350732,5.0830574570920755,103.18905217566844,1.7880252747429608,234.21197472525682,0.0007606517766258835,972.99923934822459,972.99923934822459,990.54694728134814,4187.4530527186644,4187.4530527186644,16.600000000000001
198.25,116,5.0802859623452949,48.496539244628643,7.192300342983506,1.302814802967746,0.11657391879404737,38.003786071264251,5.0748582899631787,103.30966657402713,1.7778651466057196,234.22213485339404,0.00074827048139505217,972.99925172951976,972.99925172951976,988.63386100640787,4189.3661389936051,4189.3661389936051,16.600000000000001
198.5,116,5.0871591722447338,48.55909594351634,7.1495128029460888,1.2991984384416935,0.11646450069538034,37.938081945101835,5.066656089270519,103.43008622354434,1.7677800183197598,234.23221998168,0.00073611142535171025,972.9992638885758,972.9992638885758,986.72754956365065,4191.2724504363614,4191.2724504363614,16.600000000000001
198.75,116,5.0940373185553858,48.62164979985787,7.1069251452264997,1.2955849789332128,0.11635498165838642,37.872372920995126,5.0584509202327821,103.55031105295386,1.7577692698795959,234.24223073012016,0.00072417032095076455,972.9992758296803,972.9992758296803,984.82798912516489,4193.1720108748477,4193.1720108748477,16.600000000000001
199,116,5.1009203372391099,48.684200338388102,7.064536835039692,1.2919744487222211,0.11624536128262093,37.806659514367929,5.0502428480493791,103.67034099253802,1.7478322868007798,234.25216771319899,0.00071244296823511609,972.99928755703297,972.99928755703297,982.93515594121709,4195.0648440587947,4195.0648440587947,16.600000000000001
199.25,116,5.1078081643634627,48.74674708422787,7.0223473365643407,1.2883668721453778,0.11613563917963773,37.740942240083633,5.0420319378995773,103.79017597412729,1.7379684600683329,234.26203153993143,0.00070092525296026225,972.99929907474825,972.99929907474825,981.04902634004554,4196.9509736599666,4196.9509736599666,16.600000000000001
199.5,116,5.1147007361009784,48.809289562896275,6.9803561129557741,1.2847622735938333,0.11602581497291871,37.675221612435976,5.0338182549415995,103.90981593109977,1.7281771860856741,234.2718228139141,0.00068961314476082426,972.99931038685634,972.99931038685634,979.16957672765398,4198.8304232723594,4198.8304232723594,16.600000000000001
199.75,116,5.1215979887284728,48.871827300322927,6.9385626263589684,1.2811606775109952,0.11591588829781471,37.609498145139774,5.02560186431168,104.02926079838063,1.7184578666240347,234.28154213337572,0.00067850269535888201,972.9993214973058,972.9993214973058,977.29678358760555,4200.7032164124075,4200.7032164124075,16.600000000000001
200,116,5.1284998586263608,48.934359822860245,6.8969663379216204,1.2775621083902864,0.11580585880146035,37.543772351321635,5.0173828311231912,104.14851051244169,1.7088099087723621,234.29119009122741,0.00066759003680965463,972.99933240996438,972.99933240996438,975.43062348081662,4202.5693765191972,4202.5693765191972,16.600000000000001
200.25,116,5.135406282278014,48.996886657295811,6.8555667078072977,1.2739665907729274,0.11569572614270766,37.478044743510523,5.0091612204657059,104.2675650113007,1.6992327248877008,234.30076727511207,0.00065687137978779112,972.99934312862138,972.99934312862138,973.57107304535089,4204.4289269546625,4204.4289269546625,16.600000000000001
200.5,116,5.1423171962691292,49.059407330864651,6.814363195208653,1.2703741492457228,0.11558548999205862,37.412315833628419,5.0009370974040461,104.38642423452097,1.68972573254605,234.31027426745374,0.00064634301191145507,972.99935365698923,972.99935365698923,971.718108996213,4206.2818910038004,4206.2818910038004,16.600000000000001
200.75,116,5.1492325372871397,49.1219213712616,6.7733552583607084,1.2667848084388615,0.1154751500315952,37.346586132980782,4.9927105269773344,104.50508812321058,1.6802883544936922,234.31971164550609,0.00063600129610357858,972.99936399870489,972.99936399870489,969.87170812514239,4208.1282918748711,4208.1282918748711,16.600000000000001
201,116,5.1561522421206298,49.184428306653629,6.7325423545542034,1.2631985930237222,0.11536470595489411,37.280856152247111,4.9844815741980799,104.62355662002186,1.6709200185989899,234.32907998140078,0.00062584266899054215,972.999374157332,972.999374157332,968.03184730040743,4209.9681526996055,4209.9681526996055,16.600000000000001
201.25,116,5.1630762476587924,49.246927665692205,6.6919239401490263,1.2596155277106924,0.1152541574669731,37.215126401471316,4.9762503040511605,104.7418296691507,1.6616201578046412,234.33837984219517,0.00061586363933411128,972.99938413636175,972.99938413636175,966.19850346659916,4211.8014965334141,4211.8014965334141,16.600000000000001
201.5,116,5.1700044908908991,49.309418977525645,6.6514994705876873,1.2560356372469978,0.11514350428422043,37.149397390052208,4.9680167814928433,104.8599072163359,1.6523882100803955,234.3476117899194,0.00060606078649925945,972.99939393921454,972.99939393921454,964.3716536444249,4213.6283463555883,4213.6283463555883,16.600000000000001
201.75,116,5.1769369089058035,49.371901771811501,6.6112684004088704,1.2524589464145399,0.11503274613432334,37.083669626733808,4.9597810714498012,104.97778920885852,1.6432236183762214,234.35677638162358,0.00059643075895587548,972.99940356924208,972.99940356924208,962.55127493050213,4215.4487250695111,4215.4487250695111,16.600000000000001
202,116,5.183873438891454,49.43437557872889,6.5712301832610436,1.248885480027744,0.11492188275619908,37.017943619595698,4.9515432388181138,105.09547559554106,1.6341258305759243,234.36587416942385,0.00058697027281345404,972.9994130297282,972.9994130297282,960.73734449715312,4217.2626555028592,4217.2626555028592,16.600000000000001
202.25,116,5.1908140181344447,49.496839928990887,6.5313842719161199,1.245315262931413,0.1148109138999413,36.952219876043301,4.9433033484622086,105.21296632674688,1.6250942994512061,234.37490570054857,0.00057767611038906166,972.99942232389071,972.99942232389071,958.9298395921976,4219.0701604078158,4219.0701604078158,16.600000000000001
202.5,116,5.1977585840195824,49.559294353856892,6.491730118283197,1.2417483199985986,0.11469983932674301,36.886498902798166,4.9350614652138711,105.33026135437927,1.616128482616169,234.3838715173836,0.00056854511880537271,972.99943145488226,972.99943145488226,957.12873753874771,4220.8712624612654,4220.8712624612654,16.600000000000001
202.75,116,5.2047070740294741,49.621738385145008,6.4522671734223378,1.2381846761284814,0.11458865880882789,36.820781205888181,4.9268176538712112,105.44736063188083,1.6072278424822521,234.39277215751753,0.00055957420862006899,972.9994404257925,972.9994404257925,955.33401573500214,4222.6659842650106,4222.6659842650106,16.600000000000001
203,116,5.2116594257441387,49.684171555244433,6.4129948875584084,1.2346243562442558,0.11447737212938704,36.755067290637761,4.9185719791976155,105.56426411423243,1.5983918462136009,234.40160815378616,0.00055076035248572005,972.99944923964858,972.99944923964858,953.54565165404006,4224.4543483459729,4224.4543483459729,16.600000000000001
203.25,116,5.218615576840647,49.746593397127789,6.3739127100949871,1.2310673852910332,0.11436597908251289,36.689357661658008,4.9103245059206913,105.68097175795262,1.5896199656828636,234.41038003431692,0.00054210058383914522,972.99945789941728,972.99945789941728,951.76362284361551,4226.2363771563978,4226.2363771563978,16.600000000000001
203.5,116,5.2255754650927697,49.809003444363512,6.3350200896282933,1.2275137882337537,0.11425447947313075,36.623652822836817,4.9020752987312095,105.79748352109665,1.5809116774274123,234.41908832257238,0.00053359199562040614,972.99946640800556,972.99946640800556,949.98790692595162,4228.0120930740613,4228.0120930740613,16.600000000000001
203.75,116,5.2325390283706659,49.871401231128239,6.2963164739612081,1.2239635900551025,0.11414287311693631,36.557953277329041,4.8938244222820249,105.91379936325554,1.572266462605983,234.42773353739381,0.0005252317390179352,972.99947476826208,972.99947476826208,948.2184815975354,4229.7815184024776,4229.7815184024776,16.600000000000001
204,116,5.2395062046405707,49.933786292219125,6.2578013101173209,1.2204168157534405,0.11403115984032938,36.492259527546516,4.8855719411870027,106.02991924555525,1.5636838069557306,234.43631619304406,0.00051701702224249163,972.99948298297886,972.99948298297886,946.45532462891185,4231.5446753711012,4231.5446753711012,16.600000000000001
204.25,116,5.2464769319645237,49.996158163066234,6.2194740443550192,1.2168734903407468,0.11391933948034805,36.42657207514813,4.8773179200199293,106.14584313065568,1.5551632007496943,234.44483679925011,0.00050894510932780366,972.99949105489179,972.99949105489179,944.69841386447945,4233.3015861355334,4233.3015861355334,16.600000000000001
204.5,116,5.2534511485001092,50.058516379744837,6.1813341221816493,1.2133336388405669,0.11380741188460744,36.360891421029876,4.8690624233134061,106.26157098274976,1.5467041387546729,234.45329586124512,0.00050101331895806192,972.99949898668217,972.99949898668217,942.94772722228424,4235.0522727777297,4235.0522727777297,16.600000000000001
204.75,116,5.2604287925002113,50.120860478987773,6.1433809883676984,1.2097972862859687,0.11369537691123946,36.295218065314806,4.8608055155577352,106.37710276756242,1.5383061201895007,234.4616938798103,0.00049321902332126184,972.99950678097775,972.99950678097775,941.20324269381479,4236.7967573061997,4236.7967573061997,16.600000000000001
205,116,5.2674098023128044,50.183189998197768,6.1056140869610402,1.2062644577175246,0.11358323442882066,36.229552507343072,4.852547261199823,106.49243845234959,1.5299686486837245,234.47003135131607,0.0004855596469857132,972.99951444035412,972.99951444035412,939.46493834379783,4238.5350616562155,4238.5350616562155,16.600000000000001
205.25,116,5.2743941163807504,50.245504475459768,6.0680328613012104,1.2027351781812892,0.11347098431631179,36.16389524566187,4.8442877246420544,106.60757800589712,1.5216912322366771,234.47830876776311,0.0004780326658029452,972.99952196733534,972.99952196733534,937.73279230999299,4240.2672076900217,4240.2672076900217,16.600000000000001
205.5,116,5.2813816732416186,50.307803449553184,6.0306367540337336,1.199209472726793,0.11335862646299422,36.098246778015394,4.8360269702411589,106.72252139851977,1.5134733831769416,234.48652661682283,0.0004706356058341262,972.99952936439524,972.99952936439524,936.00678280298894,4241.9932171970249,4241.9932171970249,16.600000000000001
205.75,116,5.2883724115275283,50.370086459964234,5.9934252071244751,1.1956873664050494,0.11324616076841071,36.03260760133476,4.8277650623070585,106.83726860206011,1.5053146181221984,234.49468538187759,0.00046336604229936409,972.99953663395877,972.99953663395877,934.28688810599795,4243.713111894016,4243.713111894016,16.600000000000001
206,116,5.2953662699650144,50.432353046898172,5.9563976618740551,1.1921688842665694,0.11313358714230171,35.966978211727934,4.8195020651017302,106.95181958988726,1.4972144579394686,234.50278554206031,0.00045622159855066903,972.99954377840254,972.99954377840254,932.57308657465228,4245.4269134253618,4245.4269134253618,16.600000000000001
206.25,116,5.302363187374894,50.494602751291545,5.9195535589322743,1.1886540513593835,0.1130209055045414,35.90135910446962,4.8112380428380499,107.06617433689598,1.4891724277057277,234.51082757229406,0.0004491999450674438,972.999550800056,972.999550800056,930.86535663679967,4247.1346433632143,4247.1346433632143,16.600000000000001
206.5,116,5.3093631026721777,50.556835114824452,5.8828923383125948,1.1851428927270813,0.1129081157850772,35.835750773991194,4.8029730596786377,107.18033281950527,1.4811880566688995,234.51881194333089,0.00044229879847347249,972.99955770120255,972.99955770120255,929.16367679229995,4248.8363232077136,4248.8363232077136,16.600000000000001
206.75,116,5.3163659548659759,50.619049679932729,5.8464134394066436,1.1816354334068571,0.1127952179238681,35.770153713870549,4.7947071797346759,107.29429501565726,1.4732608782092247,234.52673912179054,0.00043551592057533578,972.99956448408045,972.99956448408045,927.46802561282118,4250.5319743871933,4250.5319743871933,16.600000000000001
207,116,5.3233716830594382,50.681245989820184,5.8101163009987538,1.1781316984275672,0.11268221187081942,35.704568416821978,4.7864404670647609,107.40806090481598,1.4653904298009937,234.53460957019877,0.00042884911741976914,972.99957115088364,972.99957115088364,925.7783817416356,4252.2216182583788,4252.2216182583788,16.600000000000001
207.25,116,5.3303802264497051,50.743423588470712,5.7740003612805397,1.174631712807801,0.11256909758572499,35.63899537468604,4.7781729856736987,107.52163046796605,1.457576252974653,234.54242374702511,0.00042229623837538579,972.99957770376272,972.99957770376272,924.09472389341704,4253.9052761065968,4253.9052761065968,16.600000000000001
207.5,116,5.3373915243278747,50.805582020660509,5.7380650578654935,1.1711355015539602,0.11245587503820566,35.573435078419429,4.7699047995113268,107.63500368761143,1.4498178932792696,234.55018210672048,0.0004158551752324205,972.9995841448258,972.9995841448258,922.41703085403765,4255.5829691459758,4255.5829691459758,16.600000000000001
207.75,116,5.3444055160789965,50.867720831970175,5.7023098278036191,1.1676430896583505,0.11234254420764757,35.507888018084813,4.7616359724713133,107.74818054777413,1.4421149002453555,234.5578850997544,0.00040952386132193913,972.9995904761397,972.9995904761397,920.74528148036461,4257.2547185196499,4257.2547185196499,16.600000000000001
208,116,5.3514221411820699,50.929839568796794,5.6667341075960884,1.1641545020972839,0.11222910508314279,35.442354682840687,4.7533665683899624,107.8611610339927,1.4344668273480476,234.56553317265173,0.00040330027065369807,972.99959669973043,972.99959669973043,919.07945470005779,4258.9205452999568,4258.9205452999568,16.600000000000001
208.25,116,5.3584413392100698,50.991937778366065,5.6313373332099239,1.1606697638291901,0.11211555766343269,35.37683556093122,4.7450966510449888,107.9739451333211,1.4268732319706352,234.57312676802911,0.00039718241707130679,972.99960281758388,972.99960281758388,917.41952951136705,4260.5804704886477,4260.5804704886477,16.600000000000001
208.5,116,5.365463049829982,51.054015008744287,5.5961189400927092,1.1571888997927429,0.11200190195684294,35.31133113967612,4.7368262841543203,108.08653283432712,1.4193336753684456,234.58066632463132,0.00039116835343026954,972.99960883164761,972.99960883164761,915.76548498293016,4262.234515017084,4262.234515017084,16.600000000000001
208.75,116,5.3724872128028629,51.116070808850431,5.5610783631873142,1.1537119349049954,0.11188813798122571,35.245841905460466,4.7285555313748828,108.19892412709098,1.4118477226330686,234.5881522773667,0.00038525617079035549,972.99961474383019,972.99961474383019,914.11730025357076,4263.8826997464439,4263.8826997464439,16.600000000000001
209,116,5.3795137679839042,51.178104728468114,5.5262150369466552,1.1502388940595265,0.11177426576390059,35.180368343724524,4.7202844563013651,108.31111900320388,1.4044149426569239,234.59558505734284,0.00037944399762625014,972.99962055600338,972.99962055600338,912.47495453209706,4265.5250454679172,4265.5250454679172,16.600000000000001
209.25,116,5.3865426553225273,51.240116318257584,5.4915283953484533,1.1467698021246,0.11166028534159343,35.114910938953663,4.7120131224649944,108.42311745576656,1.3970349080981652,234.60296509190161,0.00037372999905387023,972.99962627000195,972.99962627000195,910.83842709709916,4267.1615729029154,4267.1615729029154,16.600000000000001
209.5,116,5.3935738148624779,51.302105129767618,5.4570178719100433,1.1433046839413363,0.1115461967603768,35.049470174668166,4.7037415933323112,108.53491947938763,1.3897071953459235,234.61029280465385,0.00036811237607433463,972.99963188762501,972.99963188762501,909.20769729674942,4268.7923027032648,4268.7923027032648,16.600000000000001
209.75,116,5.4006071867419516,51.36407071544744,5.4226828997031662,1.1398435643218896,0.11143200007561341,34.984046533413078,4.695469932303916,108.64652507018219,1.3824313844858802,234.6175686155139,0.00036258936483622766,972.99963741063618,972.99963741063618,907.58274454859998,4270.4172554514153,4270.4172554514153,16.600000000000001
210,116,5.4076427111937235,51.426012628658583,5.3885229113688009,1.1363864680476436,0.11131769535189621,34.918640496748125,4.6871982027132324,108.75793422577017,1.3752070592661716,234.62479294073358,0.00035715923591139455,972.99964284076509,972.99964284076509,905.96354833938335,4272.0364516606314,4272.0364516606314,16.600000000000001
210.25,116,5.4146803285452973,51.48793042368672,5.3545373391320021,1.132933419867415,0.1112032826629898,34.853252545237538,4.6789264678252547,108.86914694527466,1.3680338070636149,234.63196619293618,0.0003518202935870585,972.99964817970738,972.99964817970738,904.35008822481075,4273.6499117752037,4273.6499117752037,16.600000000000001
210.5,116,5.4217199792190733,51.549823655753478,5.3207256148167463,1.1294844444956658,0.11108876209177336,34.787883158439975,4.670654790835294,108.9801632293204,1.3609112188502568,234.63908878114952,0.00034657087517132493,972.99965342912594,972.99965342912594,902.74234382937254,4275.2576561706419,4275.2576561706419,16.600000000000001
210.75,116,5.4287616037325206,51.611691881028143,5.2870871698608051,1.1260395666107337,0.11097413373018164,34.722532814898393,4.6623832348677228,109.09098308003202,1.3538388891602475,234.64616111083953,0.00034140935031652745,972.99965859065071,972.99965859065071,901.14029484613854,4276.8597051538763,4276.8597051538763,16.600000000000001
211,116,5.4358051426983716,51.673534656639426,5.253621435330607,1.1225988108530693,0.11085939767914668,34.657201992129949,4.6541118629747125,109.20160650103236,1.3468164160570248,234.65318358394273,0.00033633412035630693,972.99966366588069,972.99966366588069,899.54392103655778,4278.456078963457,4278.456078963457,16.600000000000001
211.25,116,5.4428505368248308,51.735351540687141,5.2203278419361334,1.1191622018234884,0.11074455404854046,34.591891166615959,4.6458407381349653,109.31203349744077,1.3398434011008153,234.66015659889899,0.00033134361765623123,972.99966865638339,972.99966865638339,897.95320223025988,4280.0467977697544,4280.0467977697544,16.600000000000001
211.5,116,5.4498977269157942,51.797142092253821,5.187205820045798,1.1157297640814323,0.11062960295711727,34.526600813791795,4.6375699232524505,109.42226407587125,1.3329194493164433,234.66708055068335,0.00032643630497843036,972.99967356369609,972.99967356369609,896.36811832485523,4281.6318816751591,4281.6318816751591,16.600000000000001
211.75,116,5.4569466538710811,51.858905871416347,5.1542547997013477,1.1123015221432433,0.11051454453245635,34.461331408036834,4.6292994811551225,109.53229824443085,1.3260441691614437,234.67395583083837,0.00032161067485838993,972.99967838932616,972.99967838932616,894.78864928573682,4283.2113507142776,4283.2113507142776,16.600000000000001
212,116,5.4639972586866863,51.92064243925747,5.1214742106327646,1.1088775004804503,0.1103993789109048,34.396083422664454,4.6210294745936498,109.64213601271763,1.319217172494489,234.68078282750531,0.00031686524899848974,972.9996831347521,972.9996831347521,893.21477514588162,4284.785224854133,4284.785224854133,16.600000000000001
212.25,116,5.4710494824550393,51.982351357877349,5.0888634822731742,1.1054577235180658,0.11028410623752057,34.330857329911986,4.6127599662401328,109.75177739181898,1.3124380745441089,234.6875619254557,0.00031219857767235946,972.99968780142342,972.99968780142342,891.64647600565206,4286.3535239943621,4286.3535239943621,16.600000000000001
212.5,116,5.4781032663652756,52.044032190405026,5.0564220437737459,1.1020422156328959,0.11016872666601557,34.265653600930747,4.6044910186868186,109.86122239430962,1.3057064938777121,234.69429350612208,0.00030760923914225009,972.99969239076188,972.99969239076188,890.08373203259907,4287.9162679674155,4287.9162679674155,16.600000000000001
212.75,116,5.4851585517035311,52.105684501009833,5.0241493240186053,1.098631001151861,0.11005324035869871,34.200472705776036,4.596222694444819,109.97047103424981,1.2990220523709,234.7009779476289,0.00030309583908831833,972.99969690416196,972.99969690416196,888.52652346126354,4289.4734765387511,4289.4734765387511,16.600000000000001
213,116,5.4922152798532284,52.16730785491275,4.9920447516397513,1.0952241043503299,0.10993764748641875,34.135315113397233,4.5879550559428237,110.0795233271833,1.2923843751770765,234.70761562482272,0.00029865701004977451,972.9997013429911,972.9997013429911,886.97483059298008,4291.0251694070339,4291.0251694070339,16.600000000000001
213.25,116,5.4992733922954038,52.228901818397809,4.9601077550319435,1.0918215494504648,0.1098219482285087,34.070181291627776,4.5796881655258002,110.18837929013536,1.2857930906973463,234.71420690930245,0.00029429141088025031,972.99970570859023,972.99970570859023,885.42863379567893,4292.5713662043354,4292.5713662043354,16.600000000000001
213.5,116,5.5063328306090202,52.290465958823283,4.9283377623676214,1.0884233606195799,0.10970614277272916,34.005071707175347,4.5714220854537109,110.29703894161086,1.2792478305507005,234.7207521694491,0.00028999772621275422,972.99971000227492,972.99971000227492,883.88791350369081,4294.1120864963241,4294.1120864963241,16.600000000000001
213.75,116,5.513393536471308,52.351999844632999,4.8967342016117961,1.0850295619685093,0.10959023131521202,33.939986825611925,4.5631568779002061,110.40550230159219,1.2727482295444856,234.7272517704553,0.00028577466593654596,972.9997142253352,972.9997142253352,882.35265021754935,4295.6473497824654,4295.6473497824654,16.600000000000001
214,116,5.5204554516581119,52.413503045367456,4.8652965005369513,1.081640177549992,0.10947421406040571,33.874927111363995,4.5548926049513314,110.51376939153718,1.2662939256451542,234.73370607435461,0.00028162096468422237,972.99971837903638,972.99971837903638,880.82282450379637,4297.1771754962183,4297.1771754962183,16.600000000000001
214.25,116,5.5275185180442481,52.474975131675002,4.8340240867379185,1.0782552313570619,0.10935809122101871,33.809893027702628,4.5466293286042188,110.62184023437699,1.2598845599492925,234.74011544005049,0.00027753538133109249,972.99972246461971,972.99972246461971,879.29841699478516,4298.7015830052296,4298.7015830052296,16.600000000000001
214.5,116,5.5345826776038782,52.536415675322878,4.802916387646766,1.0748747473214575,0.10924186301796357,33.744885036733784,4.5383671107657957,110.72971485451409,1.2535197766549284,234.74648022334486,0.00027351669850488578,972.99972648330254,972.99972648330254,877.77940838848599,4300.220591611529,4300.220591611529,16.600000000000001
214.75,116,5.5416478724108869,52.597824249208287,4.7719728305476599,1.0714987493120378,0.10912552968030184,33.679903599388446,4.5301060132514728,110.83739327781993,1.2471992230331086,234.75280077696669,0.00026956372210547118,972.99973043627904,972.99973043627904,876.26577944829125,4301.7342205517234,4301.7342205517234,16.600000000000001
215,116,5.5487140446392775,52.659200427369314,4.7411928425917269,1.0681272611332158,0.10900909144518842,33.61494917541296,4.5218460977838415,110.94487553163292,1.2409225493997476,234.75907745060005,0.00026567528083466167,972.99973432472018,972.99973432472018,874.75751100282002,4303.2424889971944,4303.2424889971944,16.600000000000001
215.25,116,5.5557811365635708,52.720543784995883,4.7105758508119031,1.0647603065233997,0.10889254855781527,33.550022223359292,4.5135874259913713,111.05216164475607,1.234689409087744,234.76531059091207,0.00026185022573521795,972.99973814977523,972.99973814977523,873.25458394572513,4304.7454160542893,4304.7454160542893,16.600000000000001
215.5,116,5.5628490905592232,52.781853898440595,4.6801212821377565,1.0613979091534502,0.10877590127135751,33.485123200575337,4.5053300594070951,111.15925164745485,1.2284994584193636,234.77150054158042,0.00025808742974174907,972.99974191257115,972.99974191257115,871.75697923549853,4306.2430207645166,4306.2430207645166,16.600000000000001
215.75,116,5.5699178491030477,52.84313034522954,4.6498285634103151,1.058040092625147,0.10865914984691798,33.420252563195305,4.4970740594673044,111.26614557145486,1.222352356678885,234.77764764332093,0.00025438578723956643,972.99974561421379,972.99974561421379,870.26467789527749,4307.7353221047379,4307.7353221047379,16.600000000000001
216,116,5.5769873547736504,52.904372704073054,4.6196971213968618,1.054686880469671,0.10854229455347224,33.355410766130113,4.488819487510237,111.3728434499395,1.2162477660855042,234.7837522339143,0.00025074421363317003,972.99974925578738,972.99974925578738,868.77766101265229,4309.2223389873625,4309.2223389873625,16.600000000000001
216.25,116,5.5840575502518668,52.965580554876375,4.5897263828057318,1.0513382961460964,0.1084253356678142,33.290598263057802,4.480566404774768,111.47934531754763,1.2101853517664984,234.78981464823332,0.00024716164492323333,972.99975283835613,972.99975283835613,867.2959097394729,4310.7040902605413,4310.7040902605413,16.600000000000001
216.5,116,5.5911283783212244,53.026753478750294,4.5599157743010625,1.0479943630398962,0.10830827347450149,33.225815506414037,4.472314872399096,111.58565121037125,1.2041647817306427,234.79583521826916,0.00024363703729316828,972.99975636296369,972.99975636296369,865.81940529165638,4312.1805947083585,4312.1805947083585,16.600000000000001
216.75,116,5.5981997818683995,53.087891058021739,4.5302647225175541,1.0446551044614607,0.10819110826580038,33.161062947382561,4.4640649514194335,111.69176116595305,1.1981857268418825,234.80181427315793,0.00024016936670477392,972.99975983063428,972.99975983063428,864.34812894899574,4313.651871051019,4313.651871051019,16.600000000000001
217,116,5.6052717038836928,53.148992876244215,4.5007726540751891,1.0413205436446293,0.10807384034163167,33.096341035885786,4.4558167027686979,111.79767522328393,1.1922478607932552,234.80775213920654,0.00023675762850172325,972.99976324237252,972.99976324237252,862.88206205496681,4315.1179379450487,4315.1179379450487,16.600000000000001
217.25,116,5.612344087461504,53.210058518208335,4.4714389955939415,1.0379907037452321,0.10795647000951641,33.031650220575358,4.4475701872751934,111.9033934228006,1.1863508600810586,234.81364913991874,0.00023340083702152119,972.99976659916388,972.99976659916388,861.42118601653817,4316.5788139834776,4316.5788139834776,16.600000000000001
217.5,116,5.6194168758008294,53.27108756995213,4.4422631737084597,1.0346656078396492,0.10783899758452135,32.966990948822819,4.4393254656613061,112.00891580638309,1.1804944039792642,234.81950559602052,0.00023009802521484403,972.9997699019757,972.9997699019757,859.96548230397946,4318.0345176960363,4318.0345176960363,16.600000000000001
217.75,116,5.6264900122057533,53.332079618771417,4.4132446150827178,1.0313452789233766,0.10772142338920518,32.902363666710201,4.4310825985421891,112.11424241735214,1.174678174514177,234.82532182548562,0.00022684824427447595,972.9997731517567,972.9997731517567,858.51493245067138,4319.4850675493444,4319.4850675493444,16.600000000000001
218,116,5.6335634400859629,53.393034253229985,4.3843827464246496,1.0280297399096108,0.10760374775356446,32.837768819020823,4.4228416464244491,112.21937330046676,1.1689018564393328,234.83109814356044,0.00022365056327110919,972.99977634943764,972.99977634943764,857.06951805291453,4320.9304819471008,4320.9304819471008,16.600000000000001
218.25,116,5.6406371029572533,53.453951063169868,4.3556769945007581,1.0247190136278406,0.10748597101497974,32.773206849230014,4.4146026697048413,112.32430850192141,1.1631651372106349,234.83683486278915,0.00022050406879683127,972.99977949593222,972.99977949593222,855.62922076974087,4322.3707792302748,4322.3707792302748,16.600000000000001
218.5,116,5.6477109444420606,53.514829639721377,4.3271267861506857,1.0214131228224561,0.10736809351816173,32.708678199495893,4.4063657286689537,112.42904806934369,1.1574677069617267,234.84253229303806,0.00021740786461576917,972.99978259213628,972.99978259213628,854.19402232272319,4323.8059776772925,4323.8059776772925,16.600000000000001
218.75,116,5.6547849082699848,53.575669575313228,4.2987315483017694,1.0181120901513703,0.10725011561509752,32.64418331065027,4.3981308834899053,112.53359205179144,1.1518092584795989,234.8481907415202,0.00021436107132208083,972.99978563892955,972.99978563892955,852.76390449578662,4325.2360955042286,4325.2360955042286,16.600000000000001
219,116,5.6618589382783346,53.636470463682485,4.270490707983555,1.0148159381846489,0.10713203766499713,32.579722622189486,4.3898981942270332,112.63794049975012,1.1461894871804257,234.85381051281936,0.00021136282600601398,972.99978863717479,972.99978863717479,851.3388491350197,4326.6611508649958,4326.6611508649958,16.600000000000001
219.25,116,5.6689329784126707,53.697231899884471,4.2424036923422817,1.0115246894031589,0.1070138600342399,32.515296572265413,4.3816677208245851,112.74209346513017,1.1406080910856338,234.85939190891418,0.00020841228192604888,972.99979158771896,972.99979158771896,849.91883814848632,4328.081161851529,4328.081161851529,16.600000000000001
219.5,116,5.6760069727273583,53.757953480302646,4.2144699286553386,1.0082383661972276,0.10689558309632112,32.450905597676396,4.3734395231104157,112.84605100126413,1.135064770798196,234.86493522920159,0.00020550860818811887,972.99979449139278,972.99979449139278,848.50385350603744,4329.4961464939779,4329.4961464939779,16.600000000000001
219.75,116,5.6830808653861311,53.818634802658345,4.1866888443456913,1.0049569908653144,0.10677720723179895,32.386550133858357,4.3652136607946872,112.94981316290398,1.1295592294791506,234.87044077052064,0.00020265098943089409,972.99979734901149,972.99979734901149,847.09387723912414,4330.9061227608909,4330.9061227608909,16.600000000000001
220,116,5.6901546006626553,53.879275466020523,4.1590598669962562,1.0016805856126956,0.10665873282824109,32.322230614875835,4.3569901934685547,113.05338000621826,1.1240911728243406,234.87590882717544,0.00019983862551865533,972.99980016137533,972.99980016137533,845.68889144061006,4332.3111085594055,4332.3111085594055,16.600000000000001
220.25,116,5.697228122941107,53.939875070815368,4.1315824243642574,0.99840917255016215,0.10654016028017155,32.257947473413147,4.3487691806028748,113.15675158878923,1.1186603090413789,234.88133969095841,0.0001970707312401866,972.99980292926966,972.99980292926966,844.28887826458458,4333.7111217354304,4333.7111217354304,16.600000000000001
220.5,116,5.7043013767167503,54.000433218835852,4.1042559443955406,0.99514277369273241,0.10642148998901781,32.193701140765597,4.3405506815469082,113.25992796961005,1.1132663488268282,234.88673365117296,0.00019434653601376687,972.99980565346493,972.99980565346493,842.893819926177,4335.106180073838,4335.106180073838,16.600000000000001
220.75,116,5.7113743065965297,54.060949513251245,4.0770798552388428,0.99188141095837512,0.10630272236305777,32.129492046830748,4.3323347555270137,113.36290920908181,1.1079090053435954,234.89209099465617,0.00019166528359820413,972.99980833471727,972.99980833471727,841.50369870137047,4336.4963012986445,4336.4963012986445,16.600000000000001
221,116,5.7184468572996519,54.121423558616492,4.0500535852600397,0.98862510616674759,0.10618385781736664,32.065320620099698,4.324121461645368,113.46569536901062,1.1025879941985441,234.89741200580124,0.00018902623180957191,972.99981097376906,972.99981097376906,840.11849692681596,4337.8815030731994,4337.8815030731994,16.600000000000001
221.25,116,5.7255189736582031,54.181854960881594,4.0231765630563254,0.98537388103794621,0.10606489677376454,32.001187287648449,4.315910858878655,113.5682865126047,1.0973030334203171,234.90269696657947,0.00018642865224486726,972.99981357134857,972.99981357134857,838.73819699964793,4339.2618030003678,4339.2618030003678,16.600000000000001
221.5,116,5.7325906006177352,54.24224332740085,3.9964482174703804,0.98212775719126966,0.10594583966076367,31.93709247512934,4.3077030060767916,113.6706827044713,1.0920538434373683,234.90794615656242,0.00018387183001058113,972.99981612817089,972.99981612817089,837.36278137729903,4340.6372186227163,4340.6372186227163,16.600000000000001
221.75,116,5.7396616832378937,54.302588266942045,3.9698679776044763,0.97888675614399689,0.10582668691351567,31.873036606762501,4.2994979619616318,113.77288401061372,1.0868401470562052,234.91315985294358,0.00018135506345707986,972.99981864493748,972.99981864493748,835.99223257731569,4342.0077674226995,4342.0077674226995,16.600000000000001
222,116,5.7467321666930227,54.362889389695582,3.9434352728345532,0.9756508993101769,0.10570743897375927,31.80902010532742,4.2912957851256879,113.87489049842823,1.0816616694398333,234.91833833055995,0.00017887766391804335,972.99982112233693,972.99982112233693,834.62653317717525,4343.3734668228408,4343.3734668228408,16.600000000000001
222.25,116,5.7538019962727907,54.423146307283453,3.9171495328242334,0.97242020799943185,0.10558809628976777,31.745043392154511,4.2830965340308422,113.97670223670104,1.0765181380864071,234.92348186191336,0.0001764389554558433,972.99982356104545,972.99982356104545,833.265665814101,4344.7343341859141,4344.7343341859141,16.600000000000001
222.5,116,5.7608711173828171,54.483358632768308,3.8910101875388108,0.96919470341577418,0.10546865931629668,31.681106887116769,4.2749002670070739,114.07831929560511,1.0714092828080828,234.9285907171917,0.00017403827461223443,972.99982596172617,972.99982596172617,831.90961318488007,4346.0903868151354,4346.0903868151354,16.600000000000001
222.75,116,5.7679394755453064,54.543525980662203,3.8650166672591757,0.96597440665643663,0.1053491285145314,31.617211008621481,4.2667070422511779,114.17974174669703,1.0663348357100704,234.93366516428969,0.00017167497016385967,972.99982832503065,972.99982832503065,830.55835804568073,4347.441641954335,4347.441641954335,16.600000000000001
223,116,5.7750070163996794,54.603647966935505,3.8391684025957091,0.96275933871071551,0.1052295043520351,31.553356173602019,4.2585169178255011,114.28096966291385,1.0612945311698856,234.93870546882985,0.0001693484028827694,972.99983065159802,972.99983065159802,829.21188321186958,4348.788116788146,4348.788116788146,16.600000000000001
223.25,116,5.7820736857032244,54.663724209025567,3.8134648245021099,0.95954952045882713,0.10510978730269632,31.489542797509646,4.2503299516566653,114.38200311856988,1.0562881058167914,234.94371189418294,0.00016705794530132484,972.9998329420556,972.9998329420556,827.87017155782996,4350.1298284421846,4350.1298284421846,16.600000000000001
223.5,116,5.7891394293317306,54.723754325845334,3.7879053642891916,0.95634497267077834,0.10498997784667735,31.425771294305434,4.2421462015343057,114.48284218935343,1.0513152985114451,234.9486847014883,0.00016480298148356247,972.99983519701948,972.99983519701948,826.53320601678104,4351.4667939832343,4351.4667939832343,16.600000000000001
223.75,116,5.796204193280146,54.783737937791976,3.7624894536386164,0.95314571600524889,0.10487007647036198,31.362042076452227,4.2339657251098108,114.58348695232357,1.0463758503257272,234.95362414967403,0.0001625829068000778,972.99983741709411,972.99983741709411,825.20096958059571,4352.7990304194191,4352.7990304194191,16.600000000000001
224,116,5.8032679236632321,54.843674666755298,3.7372165246165796,0.94995177100848971,0.10475008366630378,31.298355554906639,4.2257885798950596,114.68393748590677,1.041469504522768,234.95853049547696,0.00016039712770774483,972.99983960287318,972.99983960287318,823.87344529962127,4354.1265547003941,4354.1265547003941,16.600000000000001
224.25,116,5.8103305667162166,54.903564136126164,3.7120860096874444,0.94676315811323108,0.10462999993317423,31.234712139111174,4.2176148232611723,114.78419386989363,1.0365960065371589,234.96340399346261,0.00015824506153405221,972.99984175493944,972.99984175493944,822.55061628249803,4355.4493837175169,4355.4493837175169,16.600000000000001
224.5,116,5.8173920687954617,54.9634059708048,3.6870973417273243,0.94357989763760741,0.10450982577571093,31.171112236986374,4.2094445124372584,114.88425618543555,1.0317551039553507,234.96824489604441,0.00015612613626590403,972.99984387386462,972.99984387386462,821.2324656959803,4356.7675343040346,4356.7675343040346,16.600000000000001
224.75,116,5.8244523763791269,55.023199797209038,3.6622499540376099,0.94040200978409416,0.10438956170466587,31.107556254923029,4.201277704509172,114.98412451504127,1.0269465464962366,234.97305345350352,0.00015403979034119057,972.99984596021068,972.99984596021068,819.91897676475696,4358.0810232352578,4358.0810232352578,16.600000000000001
225,116,5.8315114360678333,55.082945243282452,3.6375432803584382,0.93722951463845672,0.10426920823675366,31.044044597774462,4.1931144564182707,115.08379894257345,1.0221700859919129,234.97782991400786,0.00015198547244500905,972.99984801452854,972.99984801452854,818.61013277127211,4359.3898672287432,4359.3898672287432,16.600000000000001
225.25,116,5.8385691945853475,55.142641938502386,3.6129767548821121,0.93406243216871587,0.1041487658946003,30.980577668848905,4.1849548249601796,115.18327955324531,1.0174254763686394,234.98257452363111,0.00014996264131414958,972.99985003735969,972.99985003735969,817.30591705554718,4360.6940829444675,4360.6940829444675,16.600000000000001
225.5,116,5.8456255987792458,55.20228951388799,3.5885498122664545,0.93090078222412442,0.10402823520669166,30.917155869901904,4.1767988667835558,115.28256643361711,1.0127124736279622,234.9872875263718,0.00014797076554105466,972.9998520292354,972.9998520292354,816.00631301500232,4361.9936869850126,4361.9936869850126,16.600000000000001
225.75,116,5.8526805956215986,55.261887602008052,3.564261887648112,0.92774458453415753,0.10390761670732199,30.853779601128824,4.1686466383888643,115.38165967159256,1.0080308358280201,234.99196916417173,0.00014600932338312394,972.99985399067748,972.99985399067748,814.71130410427895,4363.288695895737,4363.288695895737,16.600000000000001
226,116,5.8597341322096517,55.321435836988847,3.5401124166557953,0.92459385870751676,0.10378691093654262,30.790449261157395,4.1604981961271541,115.48055935641544,1.0033803230650264,234.99661967693473,0.00014407780257591563,972.99985592219832,972.99985592219832,813.42087383506271,4364.5791261649529,4364.5791261649529,16.600000000000001
226.25,116,5.8667861557665066,55.380933854521835,3.5161008354234653,0.92144862423114871,0.10366611844011067,30.727165247040361,4.1523535961988403,115.57926557866591,0.99876069745492613,235.00123930254483,0.00014217570015014061,972.99985782430088,972.99985782430088,812.13500577590639,4365.8649942241091,4365.8649942241091,16.600000000000001
226.5,116,5.8738366136418136,55.440381291871283,3.4922265806034511,0.91830890046927405,0.10354523976943811,30.663927954248155,4.144212894652493,115.67777843025704,0.99417172311522384,235.00582827688453,0.00014030252225243878,972.99985969747866,972.99985969747866,810.85368355205355,4367.146316447961,4367.146316447961,16.600000000000001
226.75,116,5.8808854533124526,55.499777787881833,3.4684890893795162,0.91517470666243383,0.10342427548154057,30.600737776661703,4.1360761473836254,115.77609800443102,0.98961316614698558,235.01038683385275,0.00013845778396965995,972.99986154221699,972.99986154221699,809.5768908452626,4368.4231091547526,4368.4231091547526,16.600000000000001
227,116,5.8879326223832322,55.559122982985933,3.4448877994798548,0.91204606192654647,0.10330322613898611,30.537595106565259,4.1279434101334971,115.8742243957557,0.98508479461700893,235.01491520538275,0.0001366410091567073,972.99986335899189,972.99986335899189,808.30461139363138,4369.6953886063839,4369.6953886063839,16.600000000000001
227.25,116,5.8949780685875783,55.618416519211237,3.4214221491900281,0.90892298525197979,0.10318209230984442,30.474500334639316,4.1198147384879134,115.97215770012076,0.98058637854015951,235.01941362145959,0.00013485173026789324,972.99986514827071,972.99986514827071,807.03682899142177,4370.9631710085932,4370.9631710085932,16.600000000000001
227.5,116,5.902021739788232,55.677658040187865,3.3980915773658387,0.90580549550263534,0.10306087456763595,30.411453849953595,4.1116901878760377,116.06989801473411,0.97611768986187564,235.02388231013788,0.00013308948819164824,972.99986691051276,972.99986691051276,805.77352748888563,4372.2264725111299,4372.2264725111299,16.600000000000001
227.75,116,5.9090635839779404,55.736847191155583,3.3748955234461389,0.90269361141504734,0.10293957349128113,30.348456039960109,4.1035698135691998,116.16744543811808,0.9716785024408362,235.02832149755889,0.00013135383208852578,972.99986864616892,972.99986864616892,804.5146907920896,4373.4853092079256,4373.4853092079256,16.600000000000001
228,116,5.916103549280165,55.795983618970922,3.3518334274655728,0.89958735159749459,0.10281818966504951,30.285507290486322,4.0954536706797224,116.26480007010569,0.9672685920317925,235.03273140796796,0.00012964431923282813,972.99987035568165,972.99987035568165,803.26030286274238,4374.7396971372718,4374.7396971372718,16.600000000000001
228.25,116,5.9231415839497776,55.855066972114223,3.3289047300672472,0.89648673452912608,0.10269672367850805,30.222607985728324,4.0873418141597497,116.36196201183689,0.96288773626856616,235.03711226373119,0.00012796051485971339,972.99987203948615,972.99987203948615,802.01034771801983,4375.9896522819945,4375.9896522819945,16.600000000000001
228.5,116,5.9301776363737551,55.914096900696478,3.306108872515352,0.89339177855909979,0.10257517612647184,30.159758508244153,4.0792342988000696,116.45893136575471,0.958535714647196,235.04146428535256,0.00012630199200972395,972.99987369800897,972.99987369800897,800.76480943039371,4377.2351905696205,4377.2351905696205,16.600000000000001
228.75,116,5.9372116550718941,55.973073056466241,3.283445296707697,0.8903025019057349,0.10245354760895321,30.096959238947139,4.07113117922896,116.55570823560137,0.95421230850924932,235.04578769149049,0.00012466833138013794,972.99987533166961,972.99987533166961,799.52367212745833,4378.4763278725568,4378.4763278725568,16.600000000000001
229,116,5.9442435886975051,56.031995092816324,3.260913445188188,0.88721892265567726,0.10233183873111124,30.034210557099343,4.0630325099110296,116.6522927264145,0.94991730102529004,235.05008269897448,0.00012305912117903912,972.99987694087974,972.99987694087974,798.28691999175805,4379.7130800082568,4379.7130800082568,16.600000000000001
229.25,116,5.9512733860381211,56.090862664790464,3.2385127611592304,0.88414105876307925,0.10221005010320126,29.971512840305088,4.0549383451460672,116.74868494452318,0.94565047717850204,235.05434952282124,0.00012147395698195633,972.99987852604397,972.99987852604397,797.05453726061614,4380.9454627393989,4380.9454627393989,16.600000000000001
229.5,116,5.9583009960162059,56.149675429089903,3.2162426884940665,0.88106892804879222,0.10208818234052461,29.908866464504531,4.0468487390679027,116.84488499754403,0.9414116237484651,235.05858837625129,0.00011991244159133368,972.9998800875594,972.9998800875594,795.82650822596372,4382.1734917740505,4382.1734917740505,16.600000000000001
229.75,116,5.9653263676898503,56.208433044079804,3.1941026717490382,0.87800254819957335,0.10196623606337804,29.846271803967355,4.0387637456432692,116.94089299437724,0.93720052929508657,235.06279947070468,0.00011837418489998171,972.9998816258161,972.9998816258161,794.60281723416824,4383.3971827658461,4383.3971827658461,16.600000000000001
230,116,5.9723494502534917,56.267135169795672,3.172092156175776,0.87494193676730525,0.10184421189700314,29.78372923128649,4.0306834186706766,117.0367090452026,0.93301698414268364,235.06698301585706,0.00011685880375786461,972.99988314119707,972.99988314119707,793.38344868586341,4384.6165513141505,4384.6165513141505,16.600000000000001
230.25,116,5.9793701930386121,56.325781467949611,3.1502105877333291,0.87188711116822848,0.10172211047153699,29.721239117371972,4.0226078117792801,117.13233326147549,0.92886078036420616,235.07113921963554,0.00011536592183655074,972.99988463407908,972.99988463407908,792.16838703577969,4385.8316129642353,4385.8316129642353,16.600000000000001
230.5,116,5.9863885455144459,56.384371601936543,3.1284574131002123,0.86883808868218881,0.10159993242196186,29.658801831444823,4.014536978427774,117.22776575592289,0.92473171176561564,235.07526828823413,0.00011389516950110553,972.99988610483149,972.99988610483149,790.9576167925743,4387.0423832074403,4387.0423832074403,16.600000000000001
230.75,116,5.9934044572886904,56.442905236840268,3.1068320796863786,0.86579488645189673,0.10147767838805502,29.59641774103105,4.0064709719032754,117.3230066425392,0.92062957387040867,235.07937042612934,0.00011244618368327108,972.9998875538173,972.9998875538173,789.75112251866187,4388.2488774813519,4388.2488774813519,16.600000000000001
231,116,6.0004178781082116,56.501382039439505,3.0853340356451242,0.86275752148220108,0.10135534901433896,29.534087211955704,3.9984098453202259,117.41805603658226,0.91655416390428601,235.08344583609545,0.00011101860775710135,972.99988898139316,972.99988898139316,788.54888883004651,4389.4511111699676,4389.4511111699676,16.600000000000001
231.25,116,6.0074287578597509,56.55980167821378,3.0639627298849148,0.85972601063937582,0.10123294495003146,29.471810608337019,3.9903536516192943,117.51291405456922,0.91250528077996373,235.08749471921979,0.00010961209141706591,972.99989038790955,972.99989038790955,787.35090039615307,4390.6490996038629,4390.6490996038629,16.600000000000001
231.5,116,6.0144370465706327,56.618163823349263,3.0427176120811334,0.85670037065042026,0.10111046684899555,29.409588292580644,3.9823024435662884,117.60758081427237,0.90848272508212924,235.09151727491763,0.00010822629055951428,972.99989177371049,972.99989177371049,786.15714193965914,4391.8428580603559,4391.8428580603559,16.600000000000001
231.75,116,6.021442694409469,56.676468146744469,3.0215981326877643,0.8536806181023735,0.10098791536968993,29.34742062537396,3.9742562737510796,117.70205643471499,0.90448629905253641,235.09551370094721,0.00010686086716526343,972.99989313913375,972.99989313913375,784.9675982363284,4393.0324017636867,4393.0324017636867,16.600000000000001
232,116,6.0284456516868659,56.734714322015897,3.0006037429489876,0.85066676944163999,0.10086529117511946,29.285307965680438,3.9662151945865243,117.79634103616715,0.90051580657523844,235.0994841934245,0.00010551548918425764,972.99989448451186,972.99989448451186,783.782254114843,4394.2177458851729,4394.2177458851729,16.600000000000001
232.25,116,6.0354458688561312,56.792902024503583,2.9797338949107046,0.84765884097333066,0.10074259493278538,29.223250670734132,3.9581792583074007,117.8904347401415,0.89657105316196162,235.10342894683777,0.00010418983042355359,972.99989581017064,972.99989581017064,782.60109445663738,4395.3989055433785,4395.3989055433785,16.600000000000001
232.5,116,6.0424432965139756,56.851030931276512,2.9589880414319802,0.84465684886061598,0.1006198273146359,29.161249096034222,3.9501485169693491,117.98433766938905,0.89265184593761471,235.10734815406212,0.00010288357043713271,972.99989711643059,972.99989711643059,781.4241041957323,4396.5758958042834,4396.5758958042834,16.600000000000001
232.75,116,6.0494378854012165,56.909100721137989,2.9383656361964152,0.84166080912409313,0.10049698899701673,29.099303595339642,3.9421230224478245,118.07804994789487,0.88875799362593433,235.11124200637383,0.00010159639441789547,972.99989840360649,972.99989840360649,780.2512683185688,4397.7487316814468,4397.7487316814468,16.600000000000001
233,116,6.0564295864034792,56.967111074630886,2.9178661337234284,0.83867073764116662,0.10037408066062165,29.037414520663802,3.9341028264370532,118.1715717008738,0.88488930653526454,235.11511069346449,0.00010032799309182197,972.99989967200804,972.99989967200804,779.08257186384344,4398.917428136172,4398.917428136172,16.600000000000001
233.25,116,6.0634183505519053,57.025061674042796,2.8974889893794673,0.8356866501454403,0.10025110299044294,28.97558222226937,3.9260879804489965,118.26490305476614,0.88104559654446857,235.11895440345529,9.9078062614534165e-05,972.99990092193843,972.99990092193843,777.9179999223428,4400.082000077673,4400.082000077673,16.600000000000001
233.5,116,6.0704041290238422,57.082952203411075,2.8772336593891392,0.83270856222612599,0.10012805667572254,28.913807048663184,3.9180785358123265,118.35804413723336,0.87722667708897339,235.12277332291077,9.7846304469243679e-05,972.99990215369655,972.99990215369655,776.75753763678006,4401.242462363236,4401.242462363236,16.600000000000001
233.75,116,6.0773868731435483,57.140782348527864,2.8570996008462597,0.82973648932746202,0.10000494240990265,28.852089346591178,3.9100745436714073,118.45099507715365,0.87343236314694339,235.1265676368528,9.6632425367082167e-05,972.99990336757571,972.99990336757571,775.60117020163057,4402.3988297983851,4402.3988297983851,16.600000000000001
234,116,6.0843665343828857,57.198551796944891,2.8370862717248193,0.82677044674814681,0.099881760890576765,28.790429461033458,3.9020760549852835,118.54375600461756,0.86966247122558304,235.13033752877419,9.5436137149429196e-05,972.99990456386399,972.99990456386399,774.44888286296828,4403.5511171370472,4403.5511171370472,16.600000000000001
234.25,116,6.0913430643620208,57.256260237978282,2.8171931308898688,0.82381044964078454,0.099758512819440523,28.728827735199424,3.8940831205266773,118.63632705092365,0.86591681934756892,235.13408318065217,9.4257156692107398e-05,972.99990574284448,972.99990574284448,773.3006609183027,4404.6993390817133,4404.6993390817133,16.600000000000001
234.5,116,6.098316414850113,57.313907362713273,2.7974196381083263,0.82085651301134566,0.099635198902242789,28.667284510522979,3.8860957908809977,118.72870834857397,0.86219522703760676,235.13780477296214,9.3095205811459538e-05,972.99990690479524,972.99990690479524,772.15648971641679,4405.8435102835992,4405.8435102835992,16.600000000000001
234.75,116,6.1052865377660108,57.371492864008729,2.7777652540596991,0.81790865171863847,0.099511819848736957,28.60580012665784,3.8781141164453512,118.82090003126959,0.858497515309115,235.14150248469065,9.1950011172394565e-05,972.99990804998993,972.99990804998993,771.01635465720381,4406.9836453428115,4406.9836453428115,16.600000000000001
235,116,6.1122533851789349,57.429016436501676,2.7582294403467174,0.81496688047379429,0.099388376372632328,28.544374921472912,3.8701381474275656,118.91290223390622,0.85482350665103202,235.14517649334874,9.0821304198430649e-05,972.99990917869684,972.99990917869684,769.88024119150623,4408.1197588085097,4408.1197588085097,16.600000000000001
235.25,116,6.1192169093091744,57.486477776611693,2.7388116595058976,0.81203121383976773,0.099264869191544994,28.483009231047774,3.8621679338452224,119.00471509256965,0.85117302501474601,235.14882697498501,8.9708820982729813e-05,972.99991029118007,972.99991029118007,768.74813482095442,4409.2518651790615,4409.2518651790615,16.600000000000001
235.5,116,6.1261770625287637,57.543876582545188,2.7195113750180111,0.80910166623084667,0.099141299026949375,28.421703389668206,3.8542035255246962,119.09633874453114,0.84754589580114703,235.15245410419863,8.8612302201534045e-05,972.99991138769894,972.99991138769894,767.62002109780508,4410.3799789022105,4410.3799789022105,16.600000000000001
235.75,116,6.1331337973621727,57.601212554299615,2.700328051318472,0.80617825191217818,0.099017666604129709,28.360457729821857,3.8462449721002043,119.18777332824303,0.84394194584779958,235.15605805415197,8.7531493029149149e-05,972.99991246850811,972.99991246850811,766.49588562478175,4411.5041143752342,4411.5041143752342,16.600000000000001
236,116,6.1400870664869842,57.658485393667583,2.6812611538076401,0.80326098499930509,0.098893972652131568,28.299272582193954,3.8382923230128623,119.27901898333396,0.84036100341623476,235.15963899658354,8.6466143054573242e-05,972.99991353385803,972.99991353385803,765.37571405491371,4412.6242859451022,4412.6242859451022,16.600000000000001
236.25,116,6.1470368227345684,57.715694804240833,2.6623101488610406,0.80034987945771763,0.098770217903713514,28.238148275663121,3.830345627509752,119.37007585060449,0.83680289817936049,235.1631971018204,8.5416006199753042e-05,972.99991458399495,972.99991458399495,764.25949209137707,4413.7405079086375,4413.7405079086375,16.600000000000001
236.5,116,6.1539830190907692,57.772840491414215,2.6434745038394922,0.79744494910241559,0.098646403095298485,28.177085137297258,3.8224049346429951,119.46094407202239,0.8332674612089892,235.1667325387908,8.4380840639627992e-05,972.99991561916056,972.99991561916056,763.14720548733499,4414.8527945126798,4414.8527945126798,16.600000000000001
236.75,116,6.160925608696564,57.829922162389437,2.6247536870991603,0.79454620759748651,0.098522528966925746,28.116083492349539,3.8144702932688395,119.5516237907179,0.82975452496348145,235.1702454750363,8.3360408723557374e-05,972.99991663959236,972.99991663959236,762.03884004577958,4415.961159954235,4415.961159954235,16.600000000000001
237,116,6.1678645448487428,57.886939526178836,2.6061471680015127,0.79165366845569329,0.098398596262202848,28.055143664254484,3.8065417520467499,119.64211515097919,0.82626392327550435,235.17373607672425,8.2354476898065761e-05,972.99991764552419,972.99991764552419,760.93438161937308,4417.0656183806423,4417.0656183806423,16.600000000000001
237.25,116,6.1747997810005719,57.943892293608954,2.5876544169231961,0.78876734503807644,0.098274605728257525,27.994265974624092,3.7986193594385118,119.73241829824771,0.82279549133990337,235.17720450865988,8.1362815631427521e-05,972.99991863718549,972.99991863718549,759.83381611028972,4418.1661838897253,4418.1661838897253,16.600000000000001
237.5,116,6.1817312707624579,58.000780177324131,2.5692749052658206,0.78588725055356945,0.098150558115689679,27.933450743244109,3.7907031637073421,119.82253337911331,0.81934906570168764,235.18065093429809,8.0385199339604987e-05,972.99991961480168,972.99991961480168,758.73712947005879,4419.2628705299558,4419.2628705299558,16.600000000000001
237.75,116,6.1886589679026107,58.057602891789877,2.551008105465661,0.78301339805862535,0.098026454178523473,27.872698288070321,3.7827932129170083,119.9124605413097,0.81592448424412656,235.18407551575567,7.9421406313624236e-05,972.99992057859481,972.99992057859481,757.64430769940725,4420.3556923006081,4420.3556923006081,16.600000000000001
238,116,6.195582826347696,58.114360153296239,2.5328534910032694,0.78014580045685766,0.097902294674159521,27.812008925224998,3.7748895549309607,120.0021999337096,0.81252158617695669,235.18747841382282,7.8471218648373619e-05,972.99992152878247,972.99992152878247,756.55533684810314,4421.4446631519122,4421.4446631519122,16.600000000000001
238.25,116,6.2025028001834963,58.17105167996106,2.5148105364129942,0.7772844704986922,0.097778080363327344,27.751382968993372,3.7669922374114702,120.09175170632,0.80914021202469877,235.19085978797506,7.7534422173041012e-05,972.99992246557895,972.99992246557895,755.47020301479881,4422.5297969852163,4422.5297969852163,16.600000000000001
238.5,116,6.2094188436555608,58.227677191733079,2.4968787172924216,0.77442942078103316,0.097653812010037644,27.690820731820239,3.7591013078187765,120.18111601027734,0.80578020361508296,235.19421979638469,7.6610806382413656e-05,972.99992338919481,972.99992338919481,754.38889234687622,4423.6111076531388,4423.6111076531388,16.600000000000001
238.75,116,6.2163309111698437,58.284236410395017,2.4790575103117196,0.7715806637469409,0.09752949038153462,27.630322524306617,3.7512168134102475,120.27029299784279,0.80244140406758058,235.19755859593221,7.5700164369717094e-05,972.99992429983672,972.99992429983672,753.31139104029057,4424.6886089597256,4424.6886089597256,16.600000000000001
239,116,6.2232389572933613,58.340729059566506,2.4613463932228958,0.76873821168532208,0.097405116248248644,27.569888655206515,3.7433388012395463,120.35928282239732,0.79912365778204308,235.20087634221773,7.4802292760840289e-05,972.99992519770842,972.99992519770842,752.23768533941575,4425.7623146605993,4425.7623146605993,16.600000000000001
239.25,116,6.2301429367548229,58.397154864706962,2.4437448448689669,0.76590207673063271,0.097280690383748869,27.509519431423783,3.7354673181558073,120.44808563843691,0.79582681042744663,235.20417318957234,7.3916991649772661e-05,972.99992608300943,972.99992608300943,751.16776153688954,4426.8322384631256,4426.8322384631256,16.600000000000001
239.5,116,6.237042804445271,58.45351355311837,2.4262523451930371,0.76307227086259355,0.097156213564696003,27.449215158009022,3.7276024108028243,120.53670160156769,0.79255070893074009,235.20744929106905,7.3044064535286512e-05,972.99992695593664,972.99992695593664,750.10160597346021,4427.8983940265543,4427.8983940265543,16.600000000000001
239.75,116,6.2439385154187121,58.509804853947891,2.408868375247291,0.76024880590591748,0.097031686570795084,27.388976138156632,3.7197441256182473,120.62513086850097,0.78929520146579701,235.21070479853395,7.2183318258890836e-05,972.99992781668288,972.99992781668288,749.03920503783161,4428.9607949621841,4428.9607949621841,16.600000000000001
240,116,6.250830024892748,58.566028498190505,2.3915924172018852,0.75743169353005024,0.096907110184748346,27.328802673201903,3.7118925088327854,120.71337359704847,0.78606013744247005,235.21393986255731,7.1334562944122041e-05,972.99992866543835,972.99992866543835,747.98054516651098,4430.0194548335048,4430.0194548335048,16.600000000000001
