model_time,CD95,FADD,DISC,p55free,DISCp55,p30,p43,p18,p18inactive,Bid,tBid,PrNES_mCherry,PrNES,mCherry,PrER_mGFP,PrER,mGFP,CD95L
0,116,93,0,155,0,0,0,0,0,236,0,973,0,0,5178,0,0,16.600000000000001
0.25,116,91.876040356892148,1.113293319309324,154.9893336761983,0.010656151182181453,1.0170067536505879e-05,2.5487877076378416e-09,3.2311486407884889e-12,1.0989637253314957e-14,235.99999999998676,1.3301554267173516e-11,972.99999999984209,1.579355228333553e-10,1.579355228333553e-10,5178,9.1206431597226603e-13,9.1206431597226603e-13,16.600000000000001
0.5,116,90.767215692073719,2.1905836850542015,154.95779937692404,0.042119904463649174,8.0638421573973128e-05,7.9986814499081819e-08,2.0264077195775727e-10,1.3819466306759533e-12,235.99999999916199,8.38115664594824e-10,972.99999999004854,9.9513359885198569e-09,9.9513359885198569e-09,5177.9999999998854,1.1469206665920009e-10,1.1469206665920009e-10,16.600000000000001
0.75,116,89.673292931669934,3.2327938401711545,154.9060867695562,0.09364290081141334,0.00026973170057446107,5.9564688724557116e-07,2.261766421266504e-09,2.3196168147727303e-11,235.99999999060157,9.3984929338253583e-09,972.99999988840716,1.1159266544940639e-07,1.1159266544940639e-07,5177.9999999980746,1.9251224355425323e-09,1.9251224355425323e-09,16.600000000000001
1,116,88.594043109520413,4.2408321513146818,154.83487524821248,0.16448862364841813,0.0006336541312474492,2.4613851942517811e-06,1.2452010107474491e-08,1.7071203200897047e-10,235.99999994801419,5.198579779607271e-08,972.99999938274857,6.1725148717353248e-07,6.1725148717353248e-07,5177.9999999858328,1.416792466514927e-08,1.416792466514927e-08,16.600000000000001
1.25,116,87.529241296919253,5.2155921338832689,154.74483338346073,0.2539326849175072,0.0012265185967245528,7.365683217930409e-06,4.654227957850383e-08,7.9965672257880626e-10,235.9999998047781,1.9522194373887023e-07,972.99999768203952,2.3179606766001116e-06,2.3179606766001116e-06,5177.9999999336351,6.6366008711232816e-08,6.6366008711232816e-08,16.600000000000001
1.5,116,86.478666532583034,6.1579520432269375,154.6366184368274,0.36126307489119958,0.002100377463632903,1.7971835154062078e-05,1.3616794104707698e-07,2.8147273833101735e-09,235.99999942615838,5.7384162067712471e-07,972.99999318651248,6.8134876840455685e-06,6.8134876840455685e-06,5177.999999766399,2.3360301584794415e-07,2.3360301584794415e-07,16.600000000000001
1.75,116,85.442101752935073,7.0687745281288423,154.51087593650354,0.48578037734226709,0.0033052532054601048,3.8088388320011907e-05,3.3642613332316785e-07,8.1343806672647069e-09,235.99999857556367,1.4244363927557378e-06,972.99998308700629,1.6912993822957089e-05,1.6912993822957089e-05,5177.9999993249039,6.7509765496811564e-07,6.7509765496811564e-07,16.600000000000001
2,116,84.41933372278632,7.9489063427335385,154.36823931070424,0.62679795164355523,0.00488916885310054,7.2813983475685055e-05,7.3446743539284101e-07,2.0348258297176531e-08,235.9999968756367,3.1243633564205029e-06,972.99996290298532,3.7097014692115465e-05,3.7097014692115465e-05,5177.9999983112357,1.6887655028301044e-06,1.6887655028301044e-06,16.600000000000001
2.25,116,83.410152966488283,8.7991781131887663,154.20932957521262,0.78364208332462526,0.0068981782969413331,0.00012865870139529352,1.4588761006745053e-06,4.5588399494991479e-08,235.99999376491945,6.2350806001538294e-06,972.99992596799814,7.4032001844277334e-05,7.4032001844277334e-05,5177.9999962164784,3.783523643961649e-06,3.783523643961649e-06,16.600000000000001
2.5,116,82.414353699626545,9.6204041553737998,154.03475507171729,0.95565210457639815,0.0093763964584223976,0.00021364396486001983,2.6896524169190913e-06,9.3630711970125122e-08,235.99998845076965,1.1549230402598519e-05,972.99986287063723,0.00013712936258553375,0.00013712936258553375,5177.9999922292955,7.7707051865784227e-06,7.7707051865784227e-06,16.600000000000001
2.75,116,81.43173376131773,10.413382340202906,153.8451112536506,1.1421804861619738,0.012366029342799362,0.00033738297462055424,4.6686311009879752e-06,1.7923898928619877e-07,235.99997985915161,2.0140848446670485e-05,972.99976085838421,0.00023914161538356844,0.00023914161538356844,5177.9999851243983,1.4875603457679403e-05,1.4875603457679403e-05,16.600000000000001
3,116,80.462094547167155,11.178894003116049,153.64098051633437,1.3425929021612433,0.015907403978938753,0.00051114357662218352,7.7101889032626365e-06,3.2376004910025498e-07,235.99996658186711,3.3418132904744384e-05,972.99960321106175,0.00039678893788886474,0.00039678893788886474,5177.9999731301432,2.6869857498393269e-05,2.6869857498393269e-05,16.600000000000001
3.25,116,79.505240942939281,11.917703894497878,153.42293206834918,1.5562682689480078,0.020038998246449613,0.00074789536840930767,1.2212112715012716e-05,5.5697529743735116e-07,235.99994682173926,5.3178260735783575e-05,972.99936858998046,0.00063141001909460708,0.00063141001909460708,5177.9999537748818,4.6225119145758213e-05,4.6225119145758213e-05,16.600000000000001
3.5,116,78.560981258987283,12.630560167899681,153.19152184115944,1.7825987597703576,0.024797470585354722,0.0010623427573568968,1.8666516405082867e-05,9.1921117108778268e-07,235.99991833621033,8.1663789673320787e-05,972.99903036826561,0.00096963173359785801,0.00096963173359785801,5177.9999237117954,7.6288205196524511e-05,7.6288205196524511e-05,16.600000000000001
3.75,116,77.629127165484277,13.318194403075191,152.94729243414076,2.0209897962775285,0.030217689578862422,0.0014709455841647573,2.7670710341514912e-05,1.4637084449862142e-06,235.99987837976707,0.00012162023298159354,972.99855594726716,0.0014440527319565506,0.0014440527319565506,5177.999878522267,0.00012147773354363839,0.00012147773354363839,16.600000000000001
4,116,76.709493628493036,13.98132166097891,152.69077309228163,2.2708600183088516,0.036332763395637832,0.0019919288235902542,3.9937942078290589e-05,2.2592482854222976e-06,235.9998236455601,0.00017635443998051211,972.99790606341401,0.0020939365851145421,0.0020939365851145421,5177.999812497932,0.00018750206737947739,0.00018750206737947739,16.600000000000001
4.25,116,75.80189884690715,14.620640568014011,152.42247971395011,2.531641233232417,0.043174069074300173,0.0026452827721405387,5.6307940020899223e-05,3.3930311546679254e-06,235.99975020654159,0.0002497934585023859,972.99703408936705,0.0029659106317268913,0.0029659106317268913,5177.9997184017566,0.00028159824420700215,0.00028159824420700215,16.600000000000001
4.5,116,74.906164190292742,15.236833426954586,152.14291488624022,2.8027783460924089,0.050771281629690954,0.0034527550306301794,7.7757204052553332e-05,4.9738032000853702e-06,235.9996534564043,0.00034654359580090605,972.99588533284452,0.0041146671544028245,0.0041146671544028245,5177.9995872085547,0.00041279144416486946,0.00041279144416486946,16.600000000000001
4.75,116,74.022114137655109,15.830566352103439,151.85256794553706,3.0837292717945797,0.059152402957758664,0.0044378354891666189,0.00010540899814096553,7.1352235637302668e-06,235.99952805056813,0.00047194943197857253,972.9943963360447,0.0056036639542713018,0.0056036639542713018,5177.9994078255449,0.00059217445278944352,0.00059217445278944352,16.600000000000001
5,116,73.149576217152401,16.402489426381027,151.55191506105871,3.3739648305288354,0.068343790513675742,0.0056257354241040555,0.00014054300989670561,1.0039465100545832e-05,235.9993678474253,0.00063215257475600275,972.9924941781959,0.0075058218031066985,0.0075058218031066985,5177.999166793501,0.00083320649461696963,0.00083320649461696963,16.600000000000001
5.25,116,72.288380946773344,16.953236878172685,151.24141933925512,3.6729686275965006,0.078370185736022988,0.0070433617214918859,0.00018460465096717261,1.3881040269216845e-05,235.99916585002364,0.00083414997642425879,972.99009578336972,0.0099042166290782257,0.0099042166290782257,5177.998847969242,0.0011520307538748704,0.0011520307538748704,16.600000000000001
5.5,116,71.438361775994181,17.483427275889959,150.921530947061,3.9802369187772908,0.089254742188525013,0.0087192871500766204,0.00023921398007829402,1.8890843435585622e-05,235.99891414833695,0.0010858516631691939,972.98710723536192,0.012892764636804183,0.012892764636804183,5177.9984321901402,0.0015678098549244991,0.0015678098549244991,16.600000000000001
5.75,116,70.599355028426558,17.993663738326529,150.59268725211547,4.2952784623376346,0.10101905338986944,0.010683717519406237,0.00030617423753521094,2.5340400481497778e-05,235.9986038622464,0.0013961377537211311,972.98342310112309,0.016576898875799412,0.016576898875799412,5177.997896921449,0.0021030785462084678,0.0021030785462084678,16.600000000000001
6,116,69.771199845465233,18.484534159010227,150.25531297817338,4.617614358747625,0.11368318030156749,0.012968456475330511,0.00038747998612109508,3.354631642066561e-05,235.99822508533154,0.0017749146685631773,972.97892576394429,0.021074236054755391,0.021074236054755391,5177.9972158871815,0.0027841128154453745,0.0027841128154453745,16.600000000000001
6.25,116,68.953738130941858,18.956611442869367,149.90982037404135,4.9467778791388017,0.12726567844358455,0.015606868606388082,0.00048532485864817256,4.3874911667612781e-05,235.99776682954734,0.0022331704528359172,972.97348476734533,0.026515232653658523,0.026515232653658523,5177.9963586853391,0.0036413146590389602,0.0036413146590389602,16.600000000000001
6.5,116,68.146814496789119,19.410453753643807,149.55660939447878,5.2823142834991579,0.14178362460755981,0.018633841460334543,0.00060210891697509055,5.6747037667380226e-05,235.99721697084453,0.0027830291557207464,972.9669561703862,0.033043829612887217,0.033043829612887217,5177.9952903882659,0.0047096117335775093,0.0047096117335775093,16.600000000000001
6.75,116,67.350276209717251,19.846604770578967,149.19606789160281,5.6237806295655144,0.15725264313781215,0.022085747000436425,0.00074044563116709239,7.2643062755185084e-05,235.99656219577369,0.0034378042265885049,972.95918191491955,0.040818085079538748,0.040818085079538748,5177.9939711288698,0.0060288711304559263,0.0060288711304559263,16.600000000000001
7,116,66.563973138902128,20.265593953044071,148.82857181543667,5.970745573336675,0.17368693175097036,0.026000402966114604,0.00090316849069568329,9.2108019360725256e-05,235.99578794909652,0.0042120509036863334,972.94998920513137,0.050010794867757509,0.050010794867757509,5177.9923556734657,0.0076443265347316018,0.0076443265347316018,16.600000000000001
7.25,116,65.787757704683827,20.667936811814251,148.45448542233237,6.3227891620939873,0.19109928686594224,0.030417034541995642,0.0010933372622062339,0.00011575690398670543,235.99487838241549,0.0051216175847262043,972.9391898995558,0.060810100443205888,0.060810100443205888,5177.9903929819457,0.0096070180551075662,0.0096070180551075662,16.600000000000001
7.5,116,65.021484828270999,21.054135185849809,148.07416149008915,6.679502620778873,0.2095011284170209,0.035376236683310622,0.00131424391047653,0.00014428012176206418,235.99381630381961,0.0061836961805544028,972.92657991562544,0.073420084373466435,0.073420084373466435,5177.9880257559571,0.011974244042307132,0.011974244042307132,16.600000000000001
7.75,116,64.26501188244697,21.424677523494911,147.68794153867393,7.0404881325401867,0.22890252412419815,0.040919937393721566,0.0015694182007953677,0.00017844906778513432,235.99258312853701,0.0074168714632411974,972.91193864670151,0.088061353297485934,0.088061353297485934,5177.9851899757523,0.014810024247046272,0.014810024247046272,16.600000000000001
8,116,63.518198643270068,21.780039167102359,147.29615605553298,7.4053586142274881,0.24931221319618635,0.047091362203885323,0.0018626330021537362,0.00021912183791951694,235.99115883057175,0.0088411694285491886,972.8950283914395,0.10497160855953037,0.10497160855953037,5177.9818144262936,0.018185573705399378,0.018185573705399378,16.600000000000001
8.25,116,62.780907242760591,22.120682640170685,146.89912472455833,7.7737374875702816,0.2707376294432261,0.053935000055193583,0.0021979093114048755,0.00026724906217580059,235.98952189530036,0.010478104699928461,972.87559379527124,0.124406204727821,0.124406204727821,5177.9778202132229,0.022179786777753601,0.022179786777753601,16.600000000000001
8.5,116,62.053002122565651,22.447057936155474,146.49715665784851,8.1452584467474392,0.29318492377845579,0.06149657075294894,0.0025795210189535601,0.00032387985429639828,235.98764927299322,0.012350727007052791,972.85336130372264,0.14663869627631831,0.14663869627631831,5177.9731202691928,0.026879730807001519,0.026879730807001519,16.600000000000001
8.75,116,61.334349988591619,22.759602808187285,146.09055062947127,8.5195652230160999,0.3166589860884243,0.069822994116538181,0.0030119994366161716,0.00039016787165060642,235.9855163332237,0.01448366677655428,972.82803862724734,0.17196137275119841,0.17196137275119841,5177.9676188510966,0.032381148901451412,0.032381148901451412,16.600000000000001
9,116,60.624819766593248,23.058743058995724,145.67959531050147,8.8963113470350397,0.34116346645522139,0.078962360920725505,0.0035001376080855298,0.00046737748003525877,235.98309682012416,0.016903179876129441,972.79931421722608,0.20068578277254887,0.20068578277254887,5177.9612110286107,0.038788971387528431,0.038788971387528431,16.600000000000001
9.25,116,59.924282558708001,23.344892830401395,145.26456950466954,9.2751599094841168,0.36670079571468128,0.088963905691787096,0.0040489944219691317,0.00055689001845656754,235.98036280844457,0.019637191555666674,972.76685675276087,0.23314324723774038,0.23314324723774038,5177.9537821644826,0.046217835516151981,0.046217835516151981,16.600000000000001
9.5,116,59.232611600922645,23.618454891796485,144.84574238401353,9.6557833205490766,0.39327220533714946,0.099877981394626433,0.0046638985466744692,0.00066021015943513257,235.97728466036963,0.02271533963056644,972.73031463790187,0.26968536209679739,0.26968536209679739,5177.9452073869543,0.054792613044216398,0.054792613044216398,16.600000000000001
9.75,116,58.549682221459683,23.879820927089305,144.42337372398313,10.037863068809564,0.42087774661940563,0.11175603602202809,0.005350452205516068,0.00077897236082351219,235.97383098304712,0.026169016953068704,972.68931550893592,0.31068449106278723,0.31068449106278723,5177.9353510546507,0.06464894534843732,0.06464894534843732,16.600000000000001
10,116,57.875371800069303,24.129371819639459,143.9977141374944,10.421089480038125,0.4495163091784819,0.12465059107461537,0.0061145348093387198,0.00091494740554962106,235.96996858678298,0.030031413217238245,972.64346575139621,0.356534248602624,0.356534248602624,5177.9240662142365,0.075933785762566958,0.075933785762566958,16.600000000000001
10.25,116,57.209559728213343,24.367477934757819,143.56900530748291,10.805161476388848,0.47918563874030534,0.13861522189967038,0.0069623064627102682,0.0010700490260954908,235.96566244385784,0.034337556142352649,972.59235002647245,0.40764997352649329,0.40764997352649329,5177.9111940511393,0.088805948860281314,0.088805948860281314,16.600000000000001
10.5,116,56.552127370126399,24.59449939939001,143.13748021754782,11.189786336426678,0.50988235421832262,0.15370453983855434,0.0079002113583536843,0.0012463406108859901,235.96087564792228,0.039124352077849658,972.53553080654081,0.46446919345806142,0.46446919345806142,5177.8965633335647,0.10343666643459359,0.10343666643459359,16.600000000000001
10.75,116,55.902958024739483,24.810786378643197,142.70336338032018,11.574679456421935,0.54160196407952332,0.1699741761158485,0.0089349810729776949,0.0014460419900927976,235.95556937392939,0.044430626070774644,972.47254791957562,0.52745208042336122,0.52745208042336122,5177.8799898500483,0.12001014995017539,0.12001014995017539,16.600000000000001
11,116,55.261936888450911,25.016679348853767,142.2668710632305,11.9595641133094,0.57433888199757832,0.18748076738833686,0.010073637776041991,0.0016715362986523292,235.94970283856631,0.050297161433873784,972.40291810225483,0.59708189774432219,0.59708189774432219,5177.8612758407298,0.13872415926722204,0.13872415926722204,16.600000000000001
11.25,116,54.628951018729452,25.21250936692925,141.82821151138339,12.344171229687769,0.60808644179511928,0.20628194285841328,0.011323497361268984,0.0019253769145500333,235.94323326115114,0.056766738849147902,972.32613456163551,0.67386543836386747,0.67386543836386747,5177.840209422543,0.15979057745426742,0.15979057745426742,16.600000000000001
11.5,116,54.003889298533899,25.398598335729737,141.38758516728467,12.72823914121256,0.6428369116795547,0.22643631284424903,0.012692172508900047,0.0022102944706350767,235.9361158249624,0.063884175037855706,972.24166654533587,0.75833345466377156,0.75833345466377156,5177.8165640084753,0.18343599152242868,0.18343599152242868,16.600000000000001
11.75,116,53.386642401533742,25.57525926528432,140.94518488719547,13.111513366714806,0.6785815077791858,0.24800345868796617,0.014187575684798077,0.0025292039383970318,235.92830363897656,0.071696361023667998,972.14895892023503,0.85104107976449328,0.85104107976449328,5177.7900977210729,0.20990227892476904,0.20990227892476904,16.600000000000001
12,116,52.777102758114971,25.742796529665156,140.5011961539179,13.49374638135809,0.71531040698881199,0.27104392387298459,0.015817922080528828,0.0028852117822578465,235.91974769998924,0.08025230001095579,972.04743175978149,0.95256824021834163,0.95256824021834163,5177.7605528003278,0.23944719967164349,0.23944719967164349,16.600000000000001
12.25,116,52.175164522155676,25.901506119367159,140.05579728584385,13.874697393128198,0.75301275913645249,0.29561920621252719,0.017591732496515997,0.0032816231830064308,235.91039685510506,0.089603144895075398,971.93647994007597,1.0635200599238919,1.0635200599238919,5177.7276550060842,0.27234499391588118,0.27234499391588118,16.600000000000001
12.5,116,51.580723538555389,26.051675889063784,139.60915964212245,14.254132122932665,0.79167669848530331,0.32179175096285656,0.019517836168265038,0.003721949329028132,235.90019776458416,0.099802235416011381,971.8154727449994,1.1845272550008892,1.1845272550008892,5177.6911130151393,0.30888698486032901,0.30888698486032901,16.600000000000001
12.75,116,50.993677311502552,26.193585800630768,139.16144782382642,14.631822588571998,0.8312893545875718,0.34962494470708422,0.021605373533492934,0.004209914773955767,235.88909486503937,0.11090513496087938,971.68375348072925,1.3162465192711623,1.3162465192711623,5177.650617813164,0.34938218683449335,0.34938218683449335,16.600000000000001
13,116,50.413924973464596,26.327508161347968,138.71281987101801,15.007546892829783,0.87183686250939052,0.37918310984823339,0.023863798935788084,0.0047494648592913075,235.87703033298561,0.12296966701458842,971.54063910010734,1.4593608998925867,1.4593608998925867,5177.6058420816216,0.39415791837665903,0.39415791837665903,16.600000000000001
13.25,116,49.841367254884808,26.453707857206808,138.2634274556336,15.381089015916142,0.91330437244863139,0.41053149954358054,0.026302883258159892,0.0053447732004166448,235.86394404874883,0.13605595125143422,971.38541983741015,1.6145801625900962,1.6145801625900962,5177.5564395798565,0.44356042014280944,0.44356042014280944,16.600000000000001
13.5,116,49.275906454570709,26.572442581266252,137.81341607012584,15.752238612486865,0.95567605877010264,0.44373629290605726,0.02893271647752373,0.0060002492342267578,235.84977356074677,0.15022643925355342,971.21735885418002,1.7826411458203111,1.7826411458203111,5177.5020445225546,0.49795547744381974,0.49795547744381974,16.600000000000001
13.75,116,48.717446410758477,26.683963057013575,137.36292521181753,16.120790813449997,0.99893512848532029,0.47886459029261669,0.03176371012880487,0.0067205458263780125,235.83445405016528,0.16554594983502624,971.0356918969054,1.9643081030947245,1.9643081030947245,5177.4422709528117,0.55772904718762506,0.55772904718762506,16.600000000000001
14,116,48.165892472838294,26.788513256698764,136.91208856293693,16.486546032762224,1.0430638292068313,0.51598440849388649,0.034806599664938029,0.0075105669358471105,235.8179182960574,0.1820817039429766,970.83962696742935,2.1603730325707677,2.1603730325707677,5177.3767121110259,0.62328788897329235,0.62328788897329235,16.600000000000001
14.25,116,47.621151473725298,26.886330614621958,136.46103416631715,16.84930977940876,1.0880434566098853,0.55516467563410898,0.038072446696587103,0.0083754753341412566,235.8000966409011,0.19990335909930229,970.6283440070996,2.3716559929005632,2.3716559929005632,5177.3049397999521,0.69506020004903635,0.69506020004903635,16.600000000000001
14.5,116,47.083131702861465,26.977646235362904,136.00988459675597,17.20889247475321,1.1338543614371628,0.59647522558526223,0.04157264109291612,0.0093207003760864358,235.78091695666168,0.21908304333866824,970.40099459579631,2.5990054042040085,2.5990054042040085,5177.2265037461921,0.77349625380612341,0.77349625380612341,16.600000000000001
14.75,116,46.55174287983364,27.062685096949433,135.5587571280428,17.56510927543739,1.1804759560852189,0.63998679169434269,0.045318902922207527,0.010351945818647387,235.76030461141019,0.23969538859013526,970.15670166709413,2.8432983329061741,2.8432983329061741,5177.1409309585633,0.85906904143522067,0.85906904143522067,16.600000000000001
15,116,46.026896128592853,27.141666248969397,135.10776389567056,17.917779902005375,1.2278867208143467,0.68577099961804122,0.049323284208550797,0.011475197683698753,235.73818243655901,0.26181756344126661,969.89455924095125,3.1054407590490052,3.1054407590490052,5177.0477250836775,0.95227491632096983,0.95227491632096983,16.600000000000001
15.25,116,45.508503952261037,27.214803005636092,134.65701205525946,18.266728473421768,1.276064209626651,0.73390035905445683,0.05359817047821519,0.012696732160071353,235.71447069478555,0.28552930521477543,969.61363217544601,3.386367824554275,3.386367824554275,5176.9463657593033,1.0536342406943384,1.0536342406943384,16.600000000000001
15.5,116,44.996480208510441,27.282303133822456,134.20660393672725,18.611783347649755,1.3249850558603158,0.78444825415705266,0.058156282066678444,0.014023123539539687,235.68908704872149,0.31091295127874752,969.31295593922152,3.6870440607787751,3.6870440607787751,5176.8363079659966,1.1636920340005181,1.1636920340005181,16.600000000000001
15.75,116,44.490740085502026,27.344369036083304,133.7566371942506,18.95277696845163,1.3746249775512656,0.83748893241178368,0.063010675154611659,0.015461252180695547,235.661946530498,0.33805346950220733,968.99153640643613,4.0084635935642492,4.0084635935642492,5176.7169813776254,1.2830186223727826,1.2830186223727826,16.600000000000001
16,116,43.991200078369189,27.401197928688077,133.30720495206558,19.289545718571816,1.4249587826167509,0.89309749175420194,0.068174742498424465,0.017018312493868086,235.63296151224191,0.36703848775829623,968.64834967615673,4.351650323843737,4.351650323843737,5176.5877897114678,1.4122102885296732,1.4122102885296732,16.600000000000001
16.25,116,43.497777966232618,27.45298201468901,132.85839594616462,19.621929779460221,1.4759603739187563,0.95134986569942814,0.073662213818259409,0.018701820939401478,235.60204167763263,0.3979583223676203,968.28234191827721,4.7176580817232168,4.7176580817232168,5176.4481100786634,1.5518899213341675,1.5518899213341675,16.600000000000001
16.5,116,43.010392789733729,27.499908652051332,132.41029466195144,19.949772997692239,1.5276027542685613,1.0123228062541598,0.079487155803595222,0.020519624030687623,235.56909399463586,0.43090600536440382,967.89242924818745,5.1075707518131077,5.1075707518131077,5176.2972923358284,1.7027076641690224,1.7027076641690224,16.600000000000001
16.75,116,42.52896482907267,27.542160516873125,131.96298146792017,20.272922758240512,1.5798580314372834,1.0760938643764233,0.085663971693886121,0.022479906332372977,235.53402268954218,0.46597731045796992,967.47749763256218,5.5225023674387197,5.5225023674387197,5176.1346584388048,1.8653415611922901,1.8653415611922901,16.600000000000001
17,116,42.053415582538484,27.579915761722756,131.51653274542986,20.591229864752396,1.6326974232407794,1.1427413677455951,0.092207400388932922,0.0245911984431148,235.49672922244844,0.50327077755179017,967.03640282878825,5.9635971712125473,5.9635971712125473,5175.9595017995562,2.0404982004410868,2.0404982004410868,16.600000000000001
17.25,116,41.583667745518234,27.613348169121952,131.07102101464886,20.90454842698658,1.6860912627708433,1.2123443956023929,0.099132515040966568,0.026862384951154249,235.45711226432834,0.54288773567190085,966.56797036069543,6.4320296393051715,6.4320296393051715,5175.7710866473481,2.2289133526500495,2.2289133526500495,16.600000000000001
17.5,116,41.119645189972857,27.642627300201639,130.62651505674779,21.21273575556117,1.7400090038482681,1.2849827504160802,0.10645472107773285,0.029302712349801186,235.41506767585437,0.58493232414591811,966.07099553339481,6.9290044666057558,6.9290044666057558,5175.5686473954538,2.4313526045436555,2.4313526045436555,16.600000000000001
17.75,116,40.661272944366871,27.667918638556742,130.18308003242254,21.515652264165279,1.7944192267769572,1.360736926134156,0.1141897536032178,0.031921796898689875,235.37048848813706,0.6295115118632103,965.54424349018188,7.4557565098187011,7.4557565098187011,5175.3513880147466,2.6486119852487384,2.6486119852487384,16.600000000000001
18,116,40.208477174040141,27.689383729324781,129.74077759683033,21.81316137938483,1.8492896444818925,1.4396880727683492,0.12235367412005368,0.034729632415366307,235.32326488556424,0.67673511443603984,964.98644931460012,8.0135506854005136,8.0135506854005136,5175.1184814156404,2.881518584355276,2.881518584355276,16.600000000000001
18.25,116,39.761185162009447,27.707180313511007,129.29966601102572,22.105129458292286,1.9045871091173823,1.5219179570698804,0.13096286651512321,0.037736597980409264,235.2732841909295,0.72671580907069855,964.39631818089947,8.6036818191013431,8.6036818191013431,5174.8690688399647,3.1309311600299354,3.1309311600299354,16.600000000000001
18.5,116,39.319325290187784,27.72146245758108,128.85980024998437,22.39142571394872,1.9602776192355895,1.6075089190468197,0.14003403224744265,0.04095346553786873,235.22043085305327,0.77956914694688761,963.77252555626114,9.2274744437397676,9.2274744437397676,5174.6022592645377,3.397740735458274,3.397740735458274,16.600000000000001
18.75,116,38.882827021010264,27.732380678339705,128.42123210730438,22.671922148964217,2.016326327608831,1.6965438240769828,0.14958418467508303,0.044391407371331314,235.16458643710729,0.83541356289283875,963.11371745829297,9.8862825417083826,9.8862825417083826,5174.3171288182384,3.6828711817579678,3.6828711817579678,16.600000000000001
19,116,38.451620879454374,27.740082063111434,127.98401029667662,22.946493497260267,2.0726975498025975,1.789106010371337,0.15963064245570024,0.048062003434393728,235.10562961786704,0.89437038213304154,962.41851077141848,10.5814892285828,10.5814892285828,5174.0127202146314,3.98727978536746,3.98727978536746,16.600000000000001
19.25,116,38.025638435443781,27.744710385236971,127.54818055021569,23.215017174174356,2.1293547735995286,1.8852792315453684,0.1701910219532187,0.051977248512747543,235.0434361761252,0.95656382387493777,961.68549362591239,11.314506374088623,11.314506374088623,5173.688042202225,4.3119577977722221,4.3119577977722221,16.600000000000001
19.5,116,37.604812286624089,27.746406214895828,127.11378571374597,23.477373235042844,2.1862606693777802,1.9851475940594638,0.1812832285813733,0.056149559193454074,234.97787899850951,1.0221210014906548,960.91322584342947,12.086774156571732,12.086774156571732,5173.342069034712,4.6579309652848124,4.6579309652848124,16.600000000000001
19.75,116,37.18907604149976,27.745307025263372,126.68086583913546,23.733444342392556,2.2433771015501613,2.0887954892941569,0.192925447013194,0.060591780615322888,234.90882808096035,1.0911719190398448,960.10023945298337,12.899760547017745,12.899760547017745,5172.9737399635505,5.0262600364457155,5.0262600364457155,16.600000000000001
20,116,36.778364302921055,27.74154729400782,126.24945827377296,23.983115741865674,2.3006651411732673,2.1963075200321978,0.20513613018414775,0.065317192972606783,234.83615053613016,1.1638494638700221,959.24503928142235,13.754960718578676,13.754960718578676,5172.581958755537,5.4180412444598893,5.4180412444598893,16.600000000000001
20.25,116,36.372612651910252,27.735258600130024,125.81959774728303,24.226275246994479,2.3580850798382751,2.3077684211269931,0.2179339870155674,0.070339517742495722,234.75971060497869,1.2402893950215499,958.34610362251135,14.653896377489785,14.653896377489785,5172.1655932380681,5.8344067619298965,5.8344067619298965,16.600000000000001
20.5,116,35.971757631816608,27.726569716146528,125.39131645557458,24.462813232933467,2.4155964449573477,2.4232629741460738,0.23133796878423268,0.075672923605140247,234.67936967284447,1.3206303271557127,957.40188498880104,15.598115011200028,15.598115011200028,5171.7234748750061,6.2765251249909353,6.2765251249909353,16.600000000000001
20.75,116,35.575736732789395,27.715606695614305,124.96464414231777,24.69262263924578,2.4731580165614306,2.5428759157891183,0.24536725406356696,0.081332032023168535,234.594986290284,1.4050137097161646,956.41081095050504,16.58918904949595,16.58918904949595,5171.2543983761998,6.7456016237970617,6.7456016237970617,16.600000000000001
21,116,35.184488376558541,27.70249295599362,124.53960817794515,24.915598981828467,2.5307278457267182,2.6666918398926804,0.26004123216191033,0.087331922445891039,234.50641619897351,1.4935838010266331,955.37128506562658,17.628714934374468,17.628714934374468,5170.757121343845,7.2428786561519747,7.2428786561519747,16.600000000000001
21.25,116,34.797951901512903,27.687349356843669,124.11623363627201,25.131640374046953,2.5882632747480958,2.7947950928484011,0.2753794849837724,0.093688137101619468,234.41351236297908,1.5864876370211343,954.28168790558539,18.718312094415978,18.718312094415978,5170.2303639590755,7.7696360409232836,7.7696360409232836,16.600000000000001
21.5,116,34.416067548065591,27.670294273344915,123.69454336883064,25.340647557132957,2.6457209591783823,2.927269662278166,0.29140176724089739,0.10041668533977925,234.31612500570299,1.683874994297244,953.14037818057341,19.859621819428117,19.859621819428117,5169.672808712271,8.3271912877268974,8.3271912877268974,16.600000000000001
21.75,116,34.038776444296595,27.651443665140906,123.27455807701408,25.542523939881821,2.7030568918521745,3.0641990588285077,0.30812798494143867,0.10753404748277107,234.21410165282188,1.7858983471783079,951.94569396882741,21.054306031174121,21.054306031174121,5169.0831001807765,8.9168998192195694,8.9168998192195694,16.600000000000001
22,116,33.666020591862626,27.630911140492216,122.8562963821222,25.73717564766492,2.7602264290124321,3.2056661909677979,0.32557817208758044,0.1150571781458592,234.10728718153322,1.8927128184669602,950.69595405393034,22.30404594607089,22.30404594607089,5168.4598448578035,9.5401551421937079,9.5401551421937079,16.600000000000001
22.25,116,33.297742852164347,27.608808015735807,122.43977489340463,25.924511580749929,2.817184318656615,3.3517532326932886,0.34377246551461521,0.12300350898173944,233.99552387643016,2.0044761235700777,949.38945937415906,23.610540625841875,23.610540625841875,5167.8016110364661,10.198388963530949,10.198388963530949,16.600000000000001
22.5,116,32.933886932761354,27.585243370043667,122.02500827419315,26.104443481896595,2.8738847312171227,3.5025414840812439,0.3627310778078312,0.13139095080488722,233.87865149232573,2.1213485076745009,948.02449458775857,24.975505412242359,24.975505412242359,5167.1069287530545,10.893071246940952,10.893071246940952,16.600000000000001
22.75,116,32.574397374025111,27.56032409547673,121.61200930621575,26.276886013168212,2.9302812926878739,3.6581112246420635,0.38247426823762182,0.14023789504932155,233.75650732434664,2.243492675653572,946.59932975786069,26.400670242140311,26.400670242140311,5166.3742897937063,11.6257102062914,11.6257102062914,16.600000000000001
23,116,32.21921953602056,27.53415494233214,121.2007889521834,26.441756841868454,2.9863271203051434,3.8185415594737004,0.40302231165806823,0.14956321451206123,233.62892628561318,2.3710737143870078,945.11222216056206,27.887777839438762,27.887777839438762,5165.60214776877,12.397852231225221,12.397852231225221,16.600000000000001
23.25,116,31.868299585606838,27.50683855978561,120.79135641674006,26.598976735480704,3.0419748608860742,3.9839102582407633,0.42439546531987876,0.15938626333331551,233.49574099281926,2.5042590071808557,943.56141821943436,29.438581780566146,29.438581780566146,5164.788918259329,13.211081740664499,13.211081740664499,16.600000000000001
23.5,116,31.521584483747954,27.478475531834512,120.38371920586491,26.748469665451299,3.0971767319226311,4.15429358704358,0.44661393355507034,0.16972687616335974,233.35678186001954,2.6432181399805743,941.94515556945782,31.054844430542879,31.054844430542879,5163.9329790402762,14.067020959718118,14.067020959718118,16.600000000000001
23.75,116,31.179021973024131,27.449164408552615,119.97788318481437,26.890162919620096,3.1518845655220016,4.3297661332811321,0.46969783029815676,0.1806053664651196,233.21187720092146,2.7881227990786308,940.26166525304438,32.738334746956276,32.738334746956276,5163.0326703845503,14.967329615444875,14.967329615444875,16.600000000000001
24,116,30.840560565334982,27.419001732673337,119.57385263469151,27.023987223060836,3.2060498552766479,4.5104006236541787,0.49366713941692325,0.19204252390075027,233.06085333997146,2.9391466600286704,938.5091740504555,34.490825949545119,34.490825949545119,5162.0862954531158,15.913704546876907,15.913704546876907,16.600000000000001
24.25,116,30.506149529785478,27.388082061525623,119.1716303077269,27.149876867050661,3.2596238061382063,4.6962677355000189,0.51854167283513442,0.20405961074996215,232.90353473250883,3.0964652674913364,936.68590694649049,36.3140930535099,36.3140930535099,5161.092120775309,16.907879224682429,16.907879224682429,16.600000000000001
24.5,116,30.175738880746092,27.356497984354714,118.77121748135438,27.267769845841812,3.3125573873592189,4.8874359016981579,0.54434102643977067,0.21667835730754859,232.7397440942477,3.2602559057524525,934.79008973487225,38.209910265128194,38.209910265128194,5160.0483768241465,17.951623175844038,17.951623175844038,16.600000000000001
24.75,116,29.849279366078477,27.324340135069182,118.37261401116437,27.377608000860612,3.3648013885552595,5.0839711094364617,0.57108453377663504,0.2299209562075244,232.56930254032764,3.4306974596724937,932.81995176123428,40.180048238766062,40.180048238766062,5158.9532586912401,19.046741308750953,19.046741308750953,16.600000000000001
25,116,29.5267224555183,27.291697200466245,117.9758183828135,27.479337171908028,3.416306478927253,5.2859366931801697,0.59879121755042597,0.24381005562151956,232.3920297341528,3.6079702658473618,930.77372880506186,42.226271194938782,42.226271194938782,5157.8049268658369,20.195073134153937,20.195073134153937,16.600000000000001
25.25,116,29.208020329206967,27.258655923998809,117.58082776296843,27.572907354883327,3.4670232696697876,5.4933931222411125,0.62747973895863174,0.25836875127961095,232.20774404621579,3.792255953784379,928.64966610031388,44.350333899686859,44.350333899686859,5156.6015081224796,21.398491877510722,21.398491877510722,16.600000000000001
25.5,116,28.893125866364286,27.22530110516016,117.18763804935985,27.658272865498173,3.5169023795758418,5.7063977834015329,0.65716834490286324,0.27362057726263778,232.01626272307578,3.9837372769243791,926.44602149380512,46.553978506195726,46.553978506195726,5155.3410965216272,22.658903478362003,22.658903478362003,16.600000000000001
25.75,116,28.581992634094245,27.19171559457634,116.79624392001875,27.735392508392088,3.5658945038316898,5.925004759105633,0.68787481313647836,0.28958949551626234,231.81740206662937,4.1825979333707766,924.16106873969829,48.838931260302566,48.838931260302566,5154.0217545274663,23.978245472523202,23.978245472523202,16.600000000000001
26,116,28.274574876316198,27.157980284910941,116.40663888176591,27.804229751002854,3.6139504859777669,6.149264601792229,0.71961639542352362,0.30629988403862651,231.61097762378051,4.3890223762195939,921.79310092770504,51.206899072295712,51.206899072295712,5152.6415142469295,25.358485753059494,25.358485753059494,16.600000000000001
26.25,116,27.97082750281437,27.124174097703065,116.01881531802179,27.864752901487392,3.6610213929920121,6.3792241050031713,0.75240975880110761,0.32377652369543403,231.39680438657936,4.6031956134207439,919.34043404177589,53.659565958224853,53.659565958224853,5151.1983787937561,26.801621206231701,26.801621206231701,16.600000000000001
26.5,116,27.670706078398293,27.090373966276236,115.63276453600152,27.916935289929548,3.7070585934316984,6.6149260719642271,0.78627092505522111,0.34204458361869094,231.17469700285977,4.8253029971403718,916.80141064520308,56.198589354797441,56.198589354797441,5149.6903237811284,28.309676218860513,28.309676218860513,16.600000000000001
26.75,116,27.37416681216785,27.056654814873994,115.24847681335589,27.960755452012791,3.7520138385480775,6.8564090823972865,0.82121520853870134,0.36112960514816722,230.94446999736346,5.0555300026366554,914.17440368716109,58.825596312839679,58.825596312839679,5148.1152989461307,29.884701053858652,29.884701053858652,16.600000000000001
27,116,27.081166546875966,27.023089534196824,114.86594144431641,27.996197314277055,3.7958393462653475,7.1037072583848104,0.85725715247936651,0.38105748427792824,230.70593800329277,5.294061996707331,911.45782042475878,61.542179575241931,61.542179575241931,5146.4712299089651,31.528770091025386,31.528770091025386,16.600000000000001
27.25,116,26.791662748383249,26.989748953534622,114.4851467853985,28.023250380021896,3.8384878878916577,7.356850030168566,0.89441046394626089,0.40185445257403374,230.45891600418415,5.5410839958160016,908.65010645371217,64.349893546288328,64.349893546288328,5144.7560200694024,33.243979930586939,33.243979930586939,16.600000000000001
27.5,116,26.505613495198588,26.956701809709283,114.1060803007128,28.041909914862508,3.8799128774051397,7.6158619028244763,0.93268794766226837,0.42354705653373442,230.20321958594414,5.7967804140561183,905.74974983971936,67.250250160281198,67.250250160281198,5142.9675526425908,35.032447357401097,35.032447357401097,16.600000000000001
27.75,116,26.222977468100424,26.924014713062782,113.72872860693096,28.052177130891078,3.920068463132476,7.8807622248132194,0.97210143887198541,0.4461621353612068,229.93866519883409,6.0613348011661863,902.75528534159207,70.244714658408711,70.244714658408711,5141.1036928357689,36.896307164224368,36.896307164224368,16.600000000000001
28,116,25.943713939833785,26.891752110747497,113.35307751794768,28.054059368345985,3.9589096216114164,8.1515649594612842,1.0126617354944882,0.46972679714007826,229.66507042913335,6.3349295708669864,899.66529871613875,73.334701283861804,73.334701283861804,5139.1622901670271,38.837709832966524,38.837709832966524,16.600000000000001
28.25,116,25.667782764878403,26.859976247596691,112.97911208927601,28.047570273643874,3.9963922534021661,8.4282784604788326,1.0543785298113464,0.49426839338869005,229.38225428014908,6.6177457198512695,896.47843109372252,76.521568906278191,76.521568906278191,5137.1411809265655,40.858819073429046,40.858819073429046,16.600000000000001
28.5,116,25.395144369284026,26.828747124874784,112.60681666220883,28.032729972586971,4.0324732805857648,8.7109052526684216,1.097260339960682,0.51981449199023966,229.09003746218204,6.9099625378183172,893.19338341233356,79.806616587667065,79.806616587667065,5135.0381907803512,42.96180921964163,42.96180921964163,16.600000000000001
28.75,116,25.125759740569315,26.798122457228207,112.23617490777373,28.009565237520313,4.0671107456608535,8.9994418190212784,1.1413144415281038,0.54639284849660663,228.78824269099104,7.2117573090093421,889.80892089695783,83.191079103042853,83.191079103042853,5132.8511375154221,45.148862484571552,45.148862484571552,16.600000000000001
29,116,24.859590417681151,26.768157628178436,111.867169870504,27.978109647181761,4.1002639115236228,9.2938783954349891,1.186546799544677,0.5740313758118103,228.4766949942354,7.5233050057650388,886.32387756994376,86.676122430057021,86.676122430057021,5130.5778339253102,47.422166074684426,47.422166074684426,16.600000000000001
29.25,116,24.596598481011974,26.738905644519054,111.49978401204281,27.938403737961977,4.1318933621897234,9.594198774317249,1.2329620012205091,0.60275811226863418,228.15522202530752,7.8447779746928559,882.73716077704455,90.262839222956146,90.262839222956146,5128.2160908334163,49.783909166578084,49.783909166578084,16.600000000000001
29.5,116,24.336746542473058,26.710417089998003,111.13399925459215,27.890495145273544,4.1619611038915254,9.9003801183638469,1.2805631897598371,0.63260118811995392,227.8236543839017,8.1763456160986347,879.04775571279981,93.952244287201253,93.952244287201253,5125.7637202513042,52.236279748692056,52.236279748692056,16.600000000000001
29.75,116,24.079997735622442,26.682740078684287,110.76979702421356,27.834438733718454,4.1904306661598731,10.212392785814931,1.3293519996193175,0.66358879047472408,227.48182594259578,8.5181740574045257,875.25472992795437,97.745270072046239,97.745270072046239,5123.2185386680867,54.781461331910045,54.781461331910045,16.600000000000001
30,116,23.82631570584649,26.65592020843501,110.40715829397958,27.77029671474132,4.2172672024764806,10.530200168500684,1.3793284935854437,0.69574912671732914,227.12957417865832,8.8704258213420371,871.3572378007209,101.64276219927997,101.64276219927997,5120.5783704662781,57.421629533716711,57.421629533716711,16.600000000000001
30.25,116,23.575664600595186,26.630000514893762,110.04606362697247,27.698138750463613,4.2424375900618427,10.853758543985581,1.4304911020592459,0.72911038645808868,226.76674051022516,9.2332594897752571,867.35452495282345,105.64547504717746,105.64547504717746,5117.8410514585539,60.158948541440175,60.158948541440175,16.600000000000001
30.5,116,23.328009059671249,26.605021426464152,109.68649321911769,27.618042042412185,4.2659105283440786,11.183016943108326,1.4828365649464972,0.7637007020720451,226.39317063592634,9.6068293640740361,863.24593259053347,109.7540674094673,109.7540674094673,5115.0044325389908,62.99556746100135,62.99556746100135,16.600000000000001
30.75,116,23.083314205574347,26.581020720713074,109.3284269418363,27.530091403882988,4.2876566356371288,11.517917034192454,1.5363598765592223,0.79954810789271447,226.00871487698069,9.9912851230196669,859.03090175020964,113.96909824979109,113.96909824979109,5112.0663834414972,65.933616558495316,65.933616558495316,16.600000000000001
31,116,22.841545633901987,26.558033482666556,108.971844384493,27.434379314720218,4.3076485435420651,11.858393025169176,1.5910542339392184,0.83668049813718426,225.61322852071467,10.386771479285711,854.70897742730199,118.29102257269879,118.29102257269879,5109.0247965971494,68.97520340284143,68.97520340284143,16.600000000000001
31.25,116,22.602669403809365,26.536092065466178,108.61672489661142,27.331005957340995,4.3258609885737123,12.20437158480976,1.6469109890162359,0.87512558364871895,225.20657216440696,10.793427835593437,850.27981256732505,122.72018743267554,122.72018743267554,5105.8775910813401,72.122408918652241,72.122408918652241,16.600000000000001
31.5,116,22.366652028531188,26.515226053856448,108.26304762982338,27.220079232897501,4.3422709005062554,12.55577178420862,1.7039196050122494,0.91491084755283303,224.78861205830611,11.211387941694277,845.74317189698104,127.25682810301942,127.25682810301942,5102.6227166406152,75.377283359376818,75.377283359376818,16.600000000000001
31.75,116,22.133460465968977,26.495462230972723,107.91079157951137,27.101714756541053,4.3568574869263914,12.912505059590849,1.7620676174986967,0.95606349993250883,224.35922044662036,11.640779553380092,841.09893557341945,131.90106442658106,131.90106442658106,5099.2581577883238,78.741842211666764,78.741842211666764,16.600000000000001
32,116,21.903062109348056,26.476824548894438,107.5599356261001,26.976035830837834,4.3696023134813462,13.274475197438314,1.8213406005054609,0.99861043163781227,223.91827590523545,12.08172409476501,836.34710262958663,136.65289737041371,136.65289737041371,5095.7819379572102,82.218062042781199,82.218062042781199,16.600000000000001
32.25,116,21.675424777949022,26.459334103420577,107.21045857594737,26.843173396481244,4.3804893793114879,13.641578342837652,1.8817221380686138,1.0425781673544972,223.46566367488057,12.534336325119908,831.48779419372772,141.51220580627262,141.51220580627262,5092.1921236963053,85.80787630368593,85.80787630368593,16.600000000000001
32.5,116,21.450516707919029,26.443009113512353,106.8623392017787,26.70326595955331,4.3895051871640627,14.013703031851213,1.9431938015884085,1.087992818065201,223.00127598842897,12.998724011571415,826.52125646138199,146.47874353861846,146.47874353861846,5088.4868288986918,89.513171101299548,89.513171101299548,16.600000000000001
32.75,116,21.228306543168827,26.427864905832237,106.51555628260687,26.556459494705006,4.396638807695366,14.390730248598551,2.0057351333496602,1.1348800330454389,222.52501239099959,13.474987609000721,821.44786339866278,151.55213660133757,151.55213660133757,5084.6642190459024,93.33578095408717,93.33578095408717,16.600000000000001
33,116,21.008763326361887,26.413913904788547,106.17008864307321,26.402907323752817,4.4018819374840739,14.772533507612659,2.0693236365334182,1.1832649515446945,222.03678005150638,13.963219948493899,816.26811915623637,156.73188084376395,156.73188084376395,5080.7225154540965,97.277484545894893,97.277484545894893,16.600000000000001
33.25,116,20.791856490002719,26.4011656284714,105.82591519214279,26.242769969326169,4.4052289502981132,15.158978961901594,2.1339347720218087,1.2331721543104017,221.5364940642973,14.463505935702967,810.98266017421213,162.01733982578833,162.01733982578833,5076.659999506448,101.34000049354078,101.34000049354078,16.600000000000001
33.5,116,20.577555847631537,26.389626690837691,105.4830149610836,26.076214983345039,4.4066769411816429,15.549925537004087,2.1995419622671077,1.2846256151194235,221.02407773952356,14.975922260476642,805.5922569591412,167.40774304085929,167.40774304085929,5072.475016855763,105.52498314422786,105.52498314422786,16.600000000000001
33.75,116,20.365831585133122,26.379300810471616,105.14136714065626,25.903416750260185,4.4062257629573436,15.94522509117774,2.2661166024616737,1.3376486524876727,220.49946288089021,15.500537119109971,800.09781551547997,172.90218448452023,172.90218448452023,5068.1659815806806,109.83401841930851,109.83401841930851,16.600000000000001
34,116,20.156654252167918,26.370188826211528,104.80095111743914,25.724556265146699,4.4038780547721288,16.344722601701736,2.3336280792074819,1.3922638817336912,219.96259004945688,16.037409950543317,794.50037841520873,178.4996215847913,178.4996215847913,5063.7313802786857,114.26861972130348,114.26861972130348,16.600000000000001
34.25,116,19.949994753733758,26.362288719895439,104.461746509211,25.539820886905353,4.3996392623514575,16.748256377113997,2.4020437968428525,1.4484931675762414,219.41340881218716,16.586591187813024,788.80112549080263,184.19887450919745,184.19887450919745,5059.1697760786365,118.83022392135283,118.83022392135283,16.600000000000001
34.5,116,19.74582434186685,26.355595646435034,104.12373319931365,25.349404066992733,4.3935176496685324,17.155658295036854,2.4713292115399232,1.5063575774491889,218.85187797398183,17.148122026018349,783.00137413842788,189.99862586157258,189.99862586157258,5054.4798125555453,123.52018744444457,123.52018744444457,16.600000000000001
34.75,116,19.544114607490652,26.350101971382937,103.78689136991566,25.153505054270255,4.3855243017794399,17.566754065076729,2.5414478732396844,1.5658773357191114,218.27796579197835,17.722034208021867,777.10257922005655,195.8974207799439,195.8974207799439,5049.6602175301668,128.33978246982457,128.33978246982457,16.600000000000001
35,116,19.344837472421666,26.345797316110236,103.45120153409826,24.952328576730523,4.3756731186233919,17.9813635161142,2.6123614754424676,1.6270717789920572,217.69165017095645,18.308349829043749,771.10633255517087,201.89366744482967,201.89366744482967,5044.7098067360603,133.29019326393211,133.29019326393211,16.600000000000001
35.25,116,19.147965181540869,26.34266861066099,103.11664456668603,24.746084501027234,4.3639807996384556,18.399300907132467,2.6840299128209923,1.6899593126957289,217.09291883875591,18.907081161244289,765.01436199481702,207.9856380051834,207.9856380051834,5039.6274873369657,138.37251266302667,138.37251266302667,16.600000000000001
35.5,116,18.953470295139653,26.340700154298403,102.78320173374604,24.534987470898798,4.3504668190968276,18.82037526056634,2.7564113465709474,1.7545573691219427,216.48176950068645,19.518230499313738,758.82853007299673,214.17146992700359,214.17146992700359,5034.4122612776218,143.58773872237163,143.58773872237163,16.600000000000001
35.75,116,18.761325681448977,26.339873683704109,102.45085472068133,24.319256525735028,4.3351533921196737,19.244390716992257,2.8294622773610554,1.8208823671115919,215.85820997199545,20.141790028004678,752.55083223268366,220.44916776731662,220.44916776731662,5029.0632284515814,148.93677154841322,148.93677154841322,16.600000000000001
36,116,18.571504509360235,26.340168448737622,102.1195856588471,24.099114700688702,4.3180654313889262,19.67114690982455,2.9031376256912176,1.8889496735604085,215.22225828754998,20.777741712450197,746.18339462615154,226.816605373849,226.816605373849,5023.5795896701493,154.42041032984551,154.42041032984551,16.600000000000001
36.25,116,18.38398024134608,26.34156129560844,101.78937715062256,23.874788609878113,4.2992304946320408,20.100439358535372,2.977390819414147,1.9587735669186586,214.57394278798853,21.426057212011582,739.7284714917422,233.27152850825837,233.27152850825837,5017.9606494172131,160.03935058277889,160.03935058277889,16.600000000000001
36.5,116,18.198726626588982,26.344026757258764,101.46021229287362,23.646508014360393,4.2786787230146972,20.532059878777197,3.0521738881235176,2.0303672028514566,213.91330218170751,22.086697818292624,733.18844211168994,239.81155788831049,239.81155788831049,5012.2058183755553,165.79418162443719,165.79418162443719,16.600000000000001
36.75,116,18.015717694325168,26.347537150701356,101.13207469874814,23.414505376678175,4.2564427706353767,20.965797007659965,3.127437564060481,2.1037425822187332,213.24038558215491,22.759614417845203,726.56580735810815,246.43419264189228,246.43419264189228,5006.3146157110932,171.68538428889875,171.68538428889875,16.600000000000001
37,116,17.83492774741071,26.352062681004377,100.80494851774962,23.179015403891444,4.2325577253740017,21.401436442319504,3.2031313891412485,2.1789105215250375,212.55525252002732,23.444747479972808,719.86318583673574,253.13681416326446,253.13681416326446,5000.2866711026163,177.71332889737712,177.71332889737712,16.600000000000001
37.25,116,17.656331356116368,26.357571551565044,100.47881845404132,22.940274581101566,4.2070610214037236,21.838761489813336,3.2792038276615685,2.2558806259793425,211.85797293008358,24.142027069916587,713.0833096404923,259.9166903595077,259.9166903595077,4994.121726505583,183.87827349441108,183.87827349441108,16.600000000000001
37.5,116,17.479903352156896,26.364030080265422,100.15366978293912,22.698520697554109,4.1799923437299977,22.277553526293612,3.3556023841901013,2.3346612652939571,211.14862711241733,24.851372887582794,706.2290197272788,266.77098027272092,266.77098027272092,4987.819637639881,190.18036236011159,190.18036236011159,16.600000000000001
37.75,116,17.305618822959925,26.371402821058965,99.829488365557879,22.453992367470356,4.151393525173706,22.717592463337084,3.4322737261222942,2.4152595523395815,210.42730566815723,25.572694331842953,699.30326093878091,273.69673906121869,273.69673906121869,4981.380375192688,196.61962480730367,196.61962480730367,16.600000000000001
38,116,17.13345310617893,26.379652690494627,99.506260661584022,22.206928547803198,4.1213084362645196,23.158657219258775,3.5091638103298912,2.4976813247605327,209.69410940969155,26.305890590308643,692.30907667923327,280.6909233207665,280.6909233207665,4974.8040257289749,203.19597427101394,203.19597427101394,16.600000000000001
38.25,116,16.963381784453734,26.388741098647678,99.183973740152879,21.957568055141593,4.089782868556779,23.600526193200256,3.5862180133090535,2.5819311296403855,208.94914924564634,27.050850754353867,685.24960327518681,287.75039672481313,287.75039672481313,4968.0907923036903,209.90920769629932,209.90920769629932,16.600000000000001
38.5,116,16.795380680421616,26.398628083892888,98.862615288818986,21.706149083997584,4.0568644119220743,24.042977739765874,3.6633812642027004,2.6680122112937319,208.19254604097071,27.80745395902947,678.12806403926106,294.87193596073871,294.87193596073871,4961.2409947710858,216.75900522890453,216.75900522890453,16.600000000000001
38.75,116,16.62942585198072,26.40927245092707,98.542173620613724,21.452908728701964,4.0226023264102233,24.485790641980046,3.740598180050275,2.7559265022446886,207.42443045261197,28.575569547388191,670.94776306262304,302.05223693737662,302.05223693737662,4954.2550697883044,223.7449302116855,223.7449302116855,16.600000000000001
39,116,16.465493587807043,26.420631911424156,98.222637679193866,21.198082511108201,3.98704740930296,24.928744580357655,3.8178132026010387,2.8456746174371901,206.64494274138454,29.355057258615652,663.71207876252913,309.28792123747064,309.28792123747064,4947.1335705118345,230.86642948815438,230.86642948815438,16.600000000000001
39.25,116,16.303560403125129,26.43266322668736,97.903997042091788,20.941903916260152,3.9502518580121895,25.371620595915175,3.8949707360154249,2.9372558517061904,205.85423256075626,30.145767439243876,656.42445721265074,316.57554278734835,316.57554278734835,4939.8771659870781,238.12283401290895,238.12283401290895,16.600000000000001
39.5,116,16.143603035731726,26.445322351649903,97.586241922086785,20.684603938117878,3.9122691294967136,25.814201545003769,3.972015284772918,3.0306681805227922,205.05245872338969,30.947541276610444,649.08840528508949,323.91159471490977,323.91159471490977,4932.4866402328762,245.51335976711232,245.51335976711232,16.600000000000001
39.75,116,15.98559844227082,26.458564579567977,97.269363166725,20.426410637357712,3.8731537968878071,26.256272543915678,4.0488915911045984,3.1259082640100777,204.23978894638148,31.760211053618555,641.70748363392704,331.29251636607194,331.29251636607194,4924.9628910243855,253.03710897560291,253.03710897560291,16.600000000000001
40,116,15.829523794757552,26.472344686747423,96.95335225602183,20.167548713169374,3.8329614040248559,26.697621401300786,4.1255447712737157,3.2229714542103367,203.41639957624679,32.583600423753261,634.28529955091449,338.71470044908455,338.71470044908455,4917.3069283793293,260.69307162065951,260.69307162065951,16.600000000000001
40.25,116,15.675356477347496,26.486617076649129,96.638201298390683,19.908239090865056,3.7917483186072474,27.138039036531062,4.2019204500384495,3.3218518055683783,202.58247529478393,33.417524705216138,626.82549972436698,346.17450027563194,346.17450027563194,4909.5198727540628,268.48012724592405,268.48012724592405,16.600000000000001
40.5,116,15.523074083347089,26.50133592272649,96.323903024847226,19.648698526994249,3.7495715846680673,27.57731988226411,4.27796489264722,3.4225420885800144,201.73820880704341,34.261791192956721,619.33176293262022,353.66823706737858,353.66823706737858,4901.6029529574671,276.3970470425196,276.3970470425196,16.600000000000001
40.75,116,15.372654412459998,26.516455309362577,96.010450781545643,19.389139233525292,3.706488775068796,28.015262269583335,4.3536251337381922,3.5250338065396125,200.88380051269647,35.116199487303632,611.80779270341088,361.19220729658804,361.19220729658804,4893.5575037919907,284.44249620799667,284.44249620799667,16.600000000000001
41,116,15.224075468263548,26.53192937029343,95.697838520711031,19.129768522511654,3.662557844702496,28.451668794228855,4.428849102540835,3.6293172153059832,200.01945816216661,35.980541837833492,604.25730997034771,368.74269002965133,368.74269002965133,4885.3849634325752,292.61503656741371,292.61503656741371,16.600000000000001
41.25,116,15.077315455908337,26.547712423927535,95.386060790036652,18.870788472509446,3.6178369850759351,28.886346662578731,4.5035857438081282,3.7353813459919505,199.14539649894073,36.854603501059366,596.68404575720592,376.315954242793,376.315954242793,4877.0868705553748,300.91312944461527,300.91312944461527,16.600000000000001
41.5,116,14.93235278003368,26.563759104999676,95.075112720621519,18.612395617854208,3.5723844809191672,29.319108016193244,4.5777851339429221,3.8432140304697557,198.26183688952409,37.738163110475988,589.09173392012895,383.90826607986992,383.90826607986992,4868.6648612293684,309.33513877062353,309.33513877062353,16.600000000000001
41.75,116,14.789166042890713,26.580024492029345,94.764990013528219,18.35478066174171,3.5262585694445918,29.749770233893614,4.6513985918204979,3.9528019295721868,197.3690069425364,38.630993057463691,581.48410397696318,391.51589602303596,391.51589602303596,4860.1206655849746,317.87933441501775,317.87933441501775,16.600000000000001
42,116,14.647734042664371,26.596464230089651,94.455688925045621,18.09812821389038,3.4795173028466571,30.178156210508924,4.7243787838512699,4.0641305638579706,196.46714011847138,39.532859881528729,573.86487405190735,399.13512594809185,399.13512594809185,4851.4561042747546,326.54389572523701,326.54389572523701,16.600000000000001
42.25,116,14.508035771984867,26.613034648431235,94.147206250745086,17.84261655339472,3.4322184145988825,30.604094611590277,4.7966798228721874,4.1771843467996712,195.55647533165623,40.443524668343827,566.23774396242561,406.76225603757371,406.76225603757371,4842.6730847420622,335.32691525792956,335.32691525792956,16.600000000000001
42.5,116,14.370050416618943,26.629692872547491,93.839539308421848,17.588417417210575,3.3844191900669203,31.02742010355605,4.868257360502291,4.2919466202431229,194.6372565459512,41.362743454048797,558.60638847397524,414.39361152602407,414.39361152602407,4833.7735973142226,344.22640268577021,344.22640268577021,16.600000000000001
42.75,116,14.233757354330509,26.64639693031069,93.532685920016348,17.335695814546281,3.3361763419155568,31.447973558896933,4.939068672646405,4.408399691979314,193.70973236572269,42.29026763427737,550.97445074657082,422.02554925342798,422.02554925342798,4824.7597111373989,353.24028886259322,353.24028886259322,16.600000000000001
43,116,14.099136153900156,26.663105851854056,93.226644392611462,17.084609867270558,3.2875458907444406,31.86560223623076,5.0090727378808468,4.5265248752627736,192.77415562360775,43.22584437639231,543.34553599553055,429.65446400446814,429.65446400446814,4815.6335699707533,362.36643002923694,362.36643002923694,16.600000000000001
43.25,116,13.966166574292506,26.679779762921434,92.921413498604593,16.835310676288913,3.2385830513422063,32.280159935154899,5.078230308505467,4.6463025301047329,191.83078296656433,44.16921703343575,535.72320538697511,437.27679461302347,437.27679461302347,4806.3973878578172,371.60261214217394,371.60261214217394,16.600000000000001
43.5,116,13.834828563960318,26.696379971453133,92.616992455152385,16.587942213687942,3.1893421249022889,32.691507125996296,5.1465039740970164,4.7677121061648808,190.87987444166453,45.120125558335531,528.11097018679061,444.88902981320786,444.88902981320786,4797.0534446931988,380.94655530679586,380.94655530679586,16.600000000000001
43.75,116,13.705102260274035,26.712869047224096,92.313380902987717,16.342641240301369,3.139876397496375,33.099511054704116,5.213858217449153,4.8907321870621239,189.92169308305023,46.078306916949828,520.51228617982531,452.48771382017293,452.48771382017293,4787.6040817028515,390.39591829714271,390.39591829714271,16.600000000000001
44,116,13.576967989065331,26.729210894397443,92.010578884706931,16.099537248214386,3.090238045053777,33.504045823269074,5.2802594628339774,5.0153405359227339,188.95650450141832,47.043495498581649,512.93054837411012,460.06945162588801,460.06945162588801,4778.0516968560842,399.94830314390896,399.94830314390896,16.600000000000001
44.25,116,13.45040626427328,26.745370816903119,91.708586822625776,15.858752427595498,3.0404780450473532,33.904992446180742,5.3456761165682858,5.1415141419832109,187.98457647734895,48.015423522651012,505.369086002877,467.63091399712107,467.63091399712107,4768.398740227286,409.60125977270712,409.60125977270712,16.600000000000001
44.5,116,13.325397787681736,26.761315576596441,91.407405496299248,15.620401657126793,2.9906460950394922,34.302238883555518,5.4100785999143977,5.2692292680653683,187.0061785597261,48.993821440273884,497.8311578351271,475.16884216487097,475.16884216487097,4758.6477093251578,419.35229067483567,419.35229067483567,16.600000000000001
44.75,116,13.201923448736682,26.777013444195099,91.107036019800105,15.384592517196625,2.9407905381955222,34.695680051676042,5.4734393743900913,5.3984614987424449,186.02158167043495,49.978418329565045,490.31994780347753,482.68005219652053,482.68005219652053,4748.8011444068334,429.19885559315901,429.19885559315901,16.600000000000001
45,116,13.079964324432398,26.792434243035451,90.807479818846929,15.151425324922664,2.8909582958269602,35.085217811782492,5.5357329596045286,5.5291857890172329,185.03105771644675,50.968942283553268,482.83856095602857,490.16143904396949,490.16143904396949,4738.8616237938204,439.13837620617227,439.13837620617227,16.600000000000001
45.25,116,12.959501679255618,26.80754938572834,90.508738607871479,14.920993189988632,2.8411948069838839,35.47076093804349,5.5969359437767476,5.661376513336557,184.03487921032726,51.965120789672831,475.39001973703216,497.60998026296591,497.60998026296591,4728.8317592061285,449.16824079386765,449.16824079386765,16.600000000000001
45.5,116,12.840516965176995,26.822331903832545,90.210814367109677,14.693382090204885,2.7915439750743412,35.852225065711188,5.6570269871301653,5.7950075147705205,183.03331890012603,52.966681099874087,467.9772605992481,505.02273940074997,505.02273940074997,4718.7141911303452,459.28580886965187,459.28580886965187,16.600000000000001
45.75,116,12.722991821679614,26.836756470698507,89.913709319798613,14.468670965641788,2.7420481214497396,36.229532620530321,5.7159868183903253,5.930052154190002,182.0266494095236,53.973350590476542,460.60313094904194,512.39686905095618,512.39686905095618,4708.5115842367341,469.48841576326276,469.48841576326276,16.600000000000001
46,116,12.606908075814603,26.850799417667059,89.617425909557156,14.246931830134724,2.6927479458585686,36.60261273052501,5.7737982246437358,6.0664833592816096,181.01514288903007,54.98485711097004,453.27038642352466,519.72961357647341,519.72961357647341,4698.2266228596009,479.77337714039766,479.77337714039766,16.600000000000001
46.25,116,12.492247742274341,26.864438743837155,89.321966778023636,14.028229898921142,2.6436824936368195,36.97140112133053,5.8304460348429146,6.2042736732457655,179.99907067894716,56.000929321052986,445.98168849737937,527.01831150261876,527.01831150261876,4687.8620065544128,490.13799344558606,490.13799344558606,16.600000000000001
46.5,116,12.378993023474084,26.877654119642362,89.027334742819903,13.812623731142233,2.5948891294723349,37.335839996268994,5.8859170972666499,6.3433953030306771,178.97870298472068,57.021297015279494,438.7396024154508,534.26039758454704,534.26039758454704,4677.4204457442993,500.57955425570105,500.57955425570105,16.600000000000001
46.75,116,12.267126309633472,26.890426884499306,88.733532775906127,13.600165385924894,2.546403517552053,37.695877902390279,5.9402002512649954,6.4838201669624791,177.95430856522958,58.045691434770568,431.54659544572445,541.45340455427311,541.45340455427311,4666.9046574675958,511.09534253240537,511.09534253240537,16.600000000000001
47,116,12.156630178849687,26.902740038810833,88.440563982385768,13.390900590752363,2.4982596078757666,38.051469583711352,5.9932862936356273,6.6255199416399604,176.92615443447468,59.073845565525509,424.40503544597323,548.59496455402405,548.59496455402405,4656.3173612372448,521.68263876275694,521.68263876275694,16.600000000000001
47.25,116,12.047487397154702,26.914578230623398,88.148431579816418,13.184868920834436,2.4504896284976905,38.402575822889759,6.0451679399919636,6.7684661079705934,175.89450557704981,60.105494422950365,417.31718973612533,555.68281026387172,555.68281026387172,4645.6612750218483,532.33872497814946,532.33872497814946,16.600000000000001
47.5,116,11.939680918549437,26.925927737252437,87.857138878075503,12.982103988199199,2.4031240834377985,38.749163272561105,6.0958397814939529,6.912629996233326,174.85962467770233,61.140375322297864,410.2852242672983,562.71477573269874,562.71477573269874,4634.9391113572774,543.06088864271771,543.06088864271771,16.600000000000001
47.75,116,11.833193885008276,26.936776442199736,87.566689259826603,12.782633639247605,2.3561917559884931,39.091204277555867,6.1452982373198015,7.0579828300625156,173.8217718652113,62.178228134788903,403.31120307745266,569.6887969225445,569.6887969225445,4624.15357359668,553.84642640331288,553.84642640331288,16.600000000000001
48,116,11.728009626447946,26.947113807695057,87.277086161626286,12.586480159538784,2.3097197171286492,39.428676689189544,6.1935415032612546,7.204495769256372,172.78120447074227,63.218795529257953,396.39708802275652,576.60291197724086,576.60291197724086,4613.3073523058947,564.69264769409847,564.69264769409847,16.600000000000001
48.25,116,11.624111660655174,26.956930843199554,86.988333055706676,12.393660484607434,2.2637333387463952,39.761563672791411,6.2405694968265575,7.3521399513224095,171.73817680076598,64.261823199234257,389.54473877299893,583.45526122699869,583.45526122699869,4602.4031218102027,575.59687818978762,575.59687818978762,16.600000000000001
48.5,116,11.521483693168285,26.966220070210781,86.700433432464465,12.204186415653725,2.2182563113639771,40.089853509603216,6.2863837992339704,7.5008865316815561,170.69293992456431,65.307060075435928,382.75591305876202,590.24408694123576,590.24408694123576,4591.443536897531,586.55646310246061,586.55646310246061,16.600000000000001
48.75,116,11.420109617108229,26.974975483709642,86.413390783682146,12.018064838990647,2.1733106660526165,40.413539394138844,6.3309875946750997,7.6507067224615444,169.64574147628343,66.354258523716794,376.03226715754408,596.96773284245342,596.96773284245342,4580.4312296821681,597.56877031782597,597.56877031782597,16.600000000000001
49,116,11.319973512955263,26.983192510587287,86.127208586502988,11.8352979481825,2.1289168002222691,40.732619228052663,6.3743856072212504,7.8015718298192471,168.5968254714376,67.403174528562715,369.37535660562179,603.62464339437565,603.62464339437565,4569.3688066323239,608.6311933676709,608.6311933676709,16.600000000000001
49.25,116,11.221059648267834,26.990867965385753,85.841890288176288,11.655883467860649,2.0850935069704337,41.047095411515286,6.4165840357379587,7.9534532897402803,167.54643213771146,68.453567862288793,362.78663712213398,610.21336287786357,610.21336287786357,4558.2588457638922,619.74115423610385,619.74115423610385,16.600000000000001
49.5,116,11.123352477340871,26.998000003680314,85.55743929158632,11.4798148782581,2.0418580076755473,41.356974633045134,6.4575904871629044,8.1063227022728643,166.49479775986154,69.505202240138701,356.26746573167668,616.73253426832116,616.73253426832116,4547.1038940019871,630.89610599800869,630.89610599800869,16.600000000000001
49.75,116,11.026836640801108,27.004588073423268,85.27385894157338,11.30708163956221,1.999225987523773,41.662267658689622,6.4974139084907714,8.2601518641611449,165.4421545384684,70.557845461531812,349.81910207158495,623.18089792841283,623.18089792841283,4535.9064647110781,642.09353528891563,642.09353528891563,16.600000000000001
50,116,10.931496965137546,27.010632864559881,84.991152512051571,11.13766941524427,1.9572116336630765,41.962989121395196,6.5360645177955492,8.4149127998512263,164.38873046225387,71.611269537746352,343.442709870069,629.55729012992867,629.55729012992867,4524.6690353937611,653.33096460623278,653.33096460623278,16.600000000000001
50.25,116,10.837318462165646,27.016136257216498,84.70932319392567,10.971560293585025,1.9158276756850714,42.259157311347749,6.5735537346064925,8.5705777908508711,163.33474919363724,72.665250806362977,337.13935858142867,635.86064141856923,635.86064141856923,4513.3940455575175,664.6059544424761,664.6059544424761,16.600000000000001
50.5,116,10.744286328424185,27.021101268748691,84.428374083804172,10.808733006676198,1.8750854281432043,42.550793968007724,6.6098941099385389,8.7271194034310469,162.28042996717377,73.719570032826482,330.91002516471457,642.08997483528344,642.08997483528344,4502.0838947482007,675.91610525179181,675.91610525179181,16.600000000000001
50.75,116,10.652385944504275,27.025531999925022,84.14830817350375,10.649163146239017,1.8349948348250671,42.837924074506596,6.6450992562618092,8.8845105146646297,161.22598750048812,74.774012499512125,324.75559599241302,648.24440400758499,648.24440400758499,4490.7409407483274,687.2590592516641,687.2590592516641,16.600000000000001
51,116,10.561602874310244,27.029433580507899,83.869128340337127,10.492823375661169,1.7955645145069725,43.120575655013681,6.6791837776779888,9.0427243368039356,160.17163191729227,75.828368082708039,318.67686887599939,654.32313112399856,654.32313112399856,4479.3674979377247,698.63250206226576,698.63250206226576,16.600000000000001
51.25,116,10.471922864252587,27.032812114479253,83.590837338173614,10.339683637713,1.7568018079301204,43.398779575625014,6.7121632005540333,9.2017344400050654,159.1175686820543,76.882431317946129,312.67455519553124,660.32544480446643,660.32544480446643,4467.9658358135785,710.03416418641075,710.03416418641075,16.600000000000001
51.5,116,10.383331842373433,27.035674625143692,83.313437789259311,10.189711357462246,1.7187128257496358,43.672569349270979,6.7440539048459822,9.3615147734126989,158.06399854586869,77.936001454131755,306.74928212082472,666.25071787917261,666.25071787917261,4456.5381776664499,721.46182233353943,721.46182233353943,16.600000000000001
51.75,116,10.295815917405406,27.038029000327036,83.036932176781107,10.042871639962996,1.6813024972202721,43.941980945084275,6.7748730563279231,9.5220396846242998,157.0111175030641,78.988882496936341,300.90159491217281,672.09840508782429,672.09840508782429,4445.0866994084136,732.91330059157428,732.91330059157428,16.600000000000001
52,116,10.209361377764836,27.039883937872911,82.76132283815771,9.8991274623494441,1.6445746193955477,44.207052602617246,6.8046385399232969,9.6832839375576238,155.95911675807292,80.040883241927475,295.13195928901462,677.86804071098254,677.86804071098254,4433.6135285491246,744.38647145086281,744.38647145086281,16.600000000000001
52.25,116,10.123954690480797,27.041248891624743,82.486611959038441,9.758439860017516,1.6085319066303458,44.467824651246595,6.8333688943180695,9.8452227287498868,154.90818270208118,81.091817297919292,289.44076385544389,683.55923614455332,683.55923614455332,4422.1207433152495,755.87925668473815,755.87925668473815,16.600000000000001
52.5,116,10.039582500061485,27.042134018065472,82.212801567988961,9.6207681066277893,1.5731760401904666,44.724339335054793,6.8610832480178559,10.007831702120967,153.85849689897012,82.14150310103031,283.82832257194895,689.1716774280485,689.1716774280485,4410.6103719084676,767.38962809151997,767.38962809151997,16.600000000000001
52.75,116,9.9562316272997133,27.042550123772052,81.939893531841889,9.4860698877108494,1.5385077177861517,44.976640643431232,6.8878012569939369,10.171086962236698,152.81023608006225,83.189763919938216,278.29487726329592,694.70512273670147,694.70512273670147,4399.0843918969822,778.91560810300496,778.91560810300496,16.600000000000001
53,116,9.8738890680196061,27.04250861382738,81.667889551689754,9.3543014677014575,1.5045267028600942,45.224774147591454,6.9135430440464978,10.334965086111525,151.76357214718016,84.23642785282027,272.8406001530073,700.15939984699014,700.15939984699014,4387.5447297352785,790.45527026470666,790.45527026470666,16.600000000000001
53.25,116,9.7925419917665106,27.042021441317566,81.396791159494995,9.2254178502702988,1.4712318734738281,45.468786843171756,6.9383291399971894,10.49944313359271,150.71867218353438,85.281327816465975,267.46559641542422,705.5344035845734,705.5344035845734,4375.9932604067308,802.00673959325502,802.00673959325502,16.600000000000001
53.5,116,9.7121777404425558,27.041101058028627,81.126599715293736,9.099372931861895,1.4386212706495609,45.708726999017301,6.9621804268076124,10.664498656370656,149.67569847195739,86.324301528043037,262.16990673689656,710.83009326310139,710.83009326310139,4364.4318071834978,813.56819281648995,813.56819281648995,16.600000000000001
53.75,116,9.6327838268901456,27.039760366442998,80.857316404966468,8.9761196483841434,1.4066921460374022,45.944644012245256,6.9851180827053465,10.830109705662128,148.63480852000865,87.365191479991751,256.9535098781887,716.04649012180937,716.04649012180937,4352.862141498108,825.13785850188083,825.13785850188083,16.600000000000001
54,116,9.5543479334260404,27.038012673123479,80.588942238550629,8.8556101150291298,1.3754410087905122,46.17658826963077,7.0071635293848784,10.996254838614831,147.59615509148568,88.403844908514671,251.81632523073529,721.18367476926278,721.18367476926278,4341.2859829210438,836.71401707894597,836.71401707894597,16.600000000000001
54.25,116,9.4768579103285138,27.035871643559545,80.321478049068247,8.7377957592362794,1.3448636715428346,46.404611015332748,7.0283383813373437,11.162913123483317,146.55988624388274,89.440113756117654,246.7582153599225,726.24178464007548,726.24178464007548,4329.7049992386055,848.2950007613847,848.2950007613847,16.600000000000001
54.5,116,9.4003017742803756,27.033351258539138,80.054924491842925,8.6226274468376385,1.3149552953958226,46.628764224946934,7.0486643973501515,11.330064143627268,145.52614537135213,90.473854628648297,241.77898852909868,731.22101147089938,731.22101147089938,4318.1208066253648,859.87919337462665,859.87919337462665,16.600000000000001
54.75,116,9.3246677067704251,27.030465772097944,79.789282044279531,8.5100556014509738,1.285710433831794,46.849100485848744,7.0681634342055819,11.497688000384093,144.4950712527351,91.504928747265339,236.87840119853672,736.12159880146146,736.12159880146146,4306.5349699055114,871.46503009448043,871.46503009448043,16.600000000000001
55,116,9.2499440524562502,27.027229671087454,79.524551006080074,8.400030317210101,1.2571230754823071,47.065672883763753,7.0868574025962561,11.665765314868214,143.46679810424141,92.533201895759049,232.05616049407689,740.94383950592146,740.94383950592146,4294.9490028974815,883.05099710250693,883.05099710250693,16.600000000000001
55.25,116,9.1761193174910609,27.0236576363932,79.260731499870275,8.2925014649425446,1.2291866856901543,47.27853489548292,7.1047682252648956,11.834277228749896,142.44145563637181,93.558544363628684,227.31192664066737,745.68807335933127,745.68807335933127,4283.364368836309,894.63563116367902,894.63563116367902,16.600000000000001
55.5,116,9.1031821678173088,27.019764505825155,78.997823472210726,8.1874187919234238,1.2018942468132414,47.487740287620753,7.1219177973661978,12.003205404066348,141.4191691146915,94.580830885308984,222.64531535649044,750.35468464350845,750.35468464350845,4271.782480868198,906.21751913179037,906.21751913179037,16.600000000000001
55.75,116,9.0311214274299125,27.015565238693998,78.735826694967216,8.0847320153506868,1.1752382972277349,47.693343021297544,7.138327949039712,12.172532022117794,140.40005942407876,95.599940575921693,218.05590020381965,754.94409979617933,754.94409979617933,4260.2047026120108,917.79529738797726,917.79529738797726,16.600000000000001
56,116,8.9599260766118114,27.011074882078471,78.474740767015746,7.9843909097008883,1.1492109689964041,47.895397162612312,7.1540204101745086,12.342239781500838,139.38424313608715,96.61575686391329,213.54321489318397,759.45678510681489,759.45678510681489,4248.6323487824056,929.36765121758447,929.36765121758447,16.600000000000001
56.25,116,8.889585250144572,27.006308538782068,78.214565116257589,7.8863453881369425,1.1238040241760985,48.093956798760203,7.1690167773391167,12.512311895330761,138.37183257907708,97.62816742092329,209.10675553783162,763.89324446216744,763.89324446216744,4237.0666858695113,940.93331413047906,940.93331413047906,16.600000000000001
56.5,116,8.8200882354966961,27.001281336970436,77.955299001920608,7.7905455781492741,1.0990088897457093,48.289075959637763,7.1833384828434177,12.682732087703936,137.3629359107876,98.637064089212771,204.74598285587825,768.25401714412112,768.25401714412112,4225.5089328702252,952.49106712976288,952.49106712976288,16.600000000000001
56.75,116,8.7514244709922817,26.996008401474842,77.696941517124117,7.6969418916202486,1.0748166911428807,48.480808544769637,7.1970067658933621,12.853484589450405,136.35765719303504,99.642342806965388,200.46032431789968,772.53967568209964,772.53967568209964,4213.9602620663063,964.03973793368129,964.03973793368129,16.600000000000001
57,116,8.6835835439626088,26.99050482674134,77.439491591684757,7.6054850895083854,1.0512182844040665,48.669208255383502,7.2100426457940197,13.024554133225912,135.35609646824258,100.64390353175781,196.24917623807713,776.75082376192222,776.75082376192222,4202.4217998446338,975.57820015535447,975.57820015535447,16.600000000000001
57.25,116,8.6165551888831189,26.984785651400603,77.182947995141291,7.5161263413539849,1.0282042869083656,48.854328531453824,7.2224668971518087,13.195925947991354,134.35834983751974,101.64165016248063,192.11190580733529,780.8880941926642,780.8880941926642,4190.8946275551962,987.10537244479167,987.10537244479167,16.600000000000001
57.5,116,8.5503292854982824,26.978865834428703,76.927309339978407,7.4288172798114696,1.0057651067308797,49.036222493530538,7.2343000270227753,13.367585752926562,133.36450954002609,102.63549045997429,188.04785306722363,784.95214693277569,784.95214693277569,4179.379782402515,998.62021759747392,998.62021759747392,16.600000000000001
57.75,116,8.484895856936685,26.972760232865298,76.672574085028472,7.3435100504160955,0.9838909706161737,49.214942889165613,7.2455622539502418,13.539519750824002,132.37466403337055,103.62533596662979,184.05633282357795,788.9436671764214,788.9436671764214,4167.8782583663897,1010.1217416335986,1010.1217416335986,16.600000000000001
58,116,8.4202450678185894,26.966483581052429,76.41874053903301,7.2601573567938358,0.96257195058676859,49.390542043748226,7.2562734888323419,13.711714621006438,131.38889807481203,104.61110192518828,180.13663649926889,792.86336350073043,792.86336350073043,4156.3910071480777,1021.6089928519109,1021.6089928519109,16.600000000000001
58.25,116,8.3563672223582337,26.960050471353977,76.165806864344162,7.1787125015233064,0.9417979892055014,49.5630718155588,7.266453317557402,13.884157511811434,130.40729280304149,105.59270719695886,176.28803392559215,796.71196607440686,796.71196607440686,4144.9189391381424,1033.0810608618467,1033.0810608618467,16.600000000000001
58.5,116,8.2932527624629699,26.953475336313346,75.913771080749981,7.0991294228576898,0.92155892351407431,49.732583554851736,7.2761209853433595,14.056836032683769,129.42992582034108,106.57007417965926,172.50977507208333,800.49022492791573,800.49022492791573,4133.4629244024472,1044.5370755975414,1044.5370755975414,16.600000000000001
58.75,116,8.2308922658312262,26.946772432205091,75.662631069405748,7.0213627275127628,0.90184450767317237,49.899128066777557,7.2852953827158027,14.229738245915581,128.45687127493031,107.54312872507012,168.8010917147528,804.19890828524672,804.19890828524672,4122.0237936829244,1055.9762063170654,1055.9762063170654,16.600000000000001
59,116,8.1692764440512882,26.93995582393406,75.412384576855658,6.9453677197246275,0.8826444343322245,50.062755577957596,7.293995033058196,14.402852658072327,127.48819994332085,108.5118000566796,165.16119904292597,807.83880095707354,807.83880095707354,4110.6023394099275,1067.3976605900623,1067.3976605900623,16.600000000000001
59.25,116,8.1083961407027676,26.933039371234734,75.163029219130138,6.8711004267773532,0.86394835475920484,50.223515706525745,7.302238081667153,14.576168211141042,126.52397931251787,109.47602068748259,161.58929720505174,811.41070279494784,811.41070279494784,4099.1993167231994,1078.8006832767899,1078.8006832767899,16.600000000000001
59.5,116,8.0482423294624521,26.926036716121992,74.914562485904028,6.7985176211969591,0.84574589776285281,50.381457435455566,7.3100422862452863,14.749674273435955,125.56427366191539,110.43572633808506,158.08457279399863,814.9154272060008,814.9154272060008,4087.8154444986044,1090.1845555013845,1090.1845555013845,16.600000000000001
59.75,116,7.9888061122162677,26.918961271544056,74.666981744702326,6.7275768398036586,0.82802668744136487,50.536629088994459,7.3174250087641228,14.92336063029467,124.60914414474755,111.39085585525291,154.64620027250277,818.35379972749649,818.35379972749649,4076.4514063780025,1101.5485936219864,1101.5485936219864,16.600000000000001
60,116,7.9300787171789198,26.91182621118795,74.420284245141119,6.6582363998095015,0.81078035979297935,50.689078312030468,7.3244032086298327,15.09721747459673,123.6586488689682,112.34135113103225,151.27334333955807,821.72665666044077,821.72665666044077,4065.1078517997844,1112.8921482002042,1112.8921482002042,16.600000000000001
60.25,116,7.8720514970227038,26.904644460387374,74.174467123191093,6.5904554121432604,0.79399657822498038,50.838852052221505,7.3309934370850733,15.271235397134737,122.71284297744313,113.28715702255732,147.96515623865557,825.03484376134327,825.03484376134327,4053.7853970277697,1124.2146029722178,1124.2146029722178,16.600000000000001
60.5,116,7.8147159270169055,26.897428688083092,73.929527405453413,6.5241937921789033,0.7776650479984939,50.985996544722433,7.3372118327809863,15.445405376866471,121.77177872734885,114.22822127265161,144.72078500887565,828.27921499112301,828.27921499112301,4042.4846261763241,1135.5153738236636,1135.5153738236636,16.600000000000001
60.75,116,7.7580636031790906,26.890191299786256,73.685462013436748,6.4594122680381325,0.76177552964706541,51.130557299349292,7.343074118454342,15.619718771075171,120.83550556868326,115.16449443131719,141.53936867992914,831.46063132006952,831.46063132006952,4031.206092229701,1146.7939077702872,1146.7939077702872,16.600000000000001
61,116,7.7020862404395158,26.882944431495247,73.442267767826308,6.3960723866315501,0.74631785140741125,51.272579090026092,7.3485955986460434,15.794167305463352,119.90407022180189,116.09592977819857,138.42004041231601,834.57995958768265,834.57995958768265,4019.9503180537999,1158.0496819461875,1158.0496819461875,16.600000000000001
61.25,116,7.6467756708198413,26.875699944517578,73.19994139273571,6.3341365175968072,0.73128192070095122,51.41210594636464,7.3537911583984252,15.968743064204208,118.97751675390334,117.02248324609711,135.36192858383848,837.63807141616019,837.63807141616019,4008.7177973986386,1169.2822026013484,1169.2822026013484,16.600000000000001
61.5,116,7.5921238416271803,26.868469421148713,72.958479519933405,6.2735678552858785,0.71665773470475691,51.54918114723327,7.3586752628703254,16.143438479973106,118.05588665439576,117.94411334560469,132.36415782375812,840.63584217624054,840.63584217624054,3997.5089958900021,1180.4910041099854,1180.4910041099854,16.600000000000001
61.75,116,7.5381228136644758,26.861264161160936,72.717878693035715,6.2143304189472923,0.70243539005043354,51.68384721617668,7.3632619578104279,16.318246323980205,117.13921890908389,118.86078109091656,129.42584999593541,843.57415000406331,843.57415000406331,3986.3243520088599,1191.6756479911257,1191.6756479911257,16.600000000000001
62,116,7.4847647594581375,26.854095179056188,72.478135371660201,6.1563890512428534,0.68860509168917805,51.816145918553445,7.367564870831095,16.493159696023977,116.22755007312479,119.77244992687567,126.54612513232235,846.45387486767652,846.45387486767652,3975.1642780572902,1202.8357219426957,1202.8357219426957,16.600000000000001
62.25,116,7.4320419615037441,26.84697320203783,72.239245935531983,6.0997094152320566,0.67515716096087164,51.946118260265301,7.371597213426643,16.668172014583888,115.32091434270683,120.67908565729363,123.72410231821354,849.27589768178518,849.27589768178518,3964.02916110973,1213.9708388902573,1213.9708388902573,16.600000000000001
62.5,116,7.3799468105306012,26.839908668657618,72.00120668853792,6.04425798995113,0.66208204290454453,52.073804487955897,7.3753717836818673,16.843277006969355,114.41934362541261,121.58065637458785,120.95890053067744,852.04109946932113,852.04109946932113,3952.9193639485447,1225.0806360514432,1225.0806360514432,16.600000000000001
62.75,116,7.3284718037858276,26.832911728095304,71.764013862722877,5.9900020647074719,0.6493703128469549,52.199244090564235,7.3789009696184928,17.018468699540687,113.52286760923401,122.47713239076644,118.24963943160664,854.75036056839167,854.75036056839167,3941.8352259829858,1236.1647740170004,1236.1647740170004,16.600000000000001
63,116,7.277609543338599,26.825992240029631,71.527663622223471,5.9369097322041178,0.63701268230532071,52.322475802122128,7.3821967531291994,17.193741408016518,112.6315138302126,123.36848616978786,115.59544011683431,857.40455988316432,857.40455988316432,3930.77706415073,1247.2229358492555,1247.2229358492555,16.600000000000001
63.25,116,7.2273527344051187,26.819159775060751,71.292152067134836,5.8849498806028988,0.62500000423947644,52.44353760569156,7.3852707144507459,17.369089727881242,111.74530773868359,124.25469226131686,112.99542582276611,860.00457417723271,860.00457417723271,3919.745173801261,1258.2548261987242,1258.2548261987242,16.600000000000001
63.5,116,7.1776941836948005,26.81242361564556,71.05747523730696,5.834092184629073,0.61332327768789086,52.562466738342486,7.3881340371297872,17.544508524904543,110.86427276410795,125.1357272358925,110.44872259197493,862.55127740802391,862.55127740802391,3908.7398295605176,1269.2601704394667,1269.2601704394667,16.600000000000001
63.75,116,7.1286267977781224,26.805792757508854,70.823629116066741,5.784307095814512,0.60197365182109186,52.679299697077219,7.3907975134368691,17.719992925784332,109.98843037847982,126.01156962152064,107.95445989919854,865.04554010080028,865.04554010080028,3897.7612861762527,1280.238713823732,1280.238713823732,16.600000000000001
64,116,7.0801435814764986,26.799275911494586,70.590609633862826,5.7355658319709271,0.59094242944510977,52.794072245612675,7.393271550186137,17.895538308923111,109.11780015830293,126.88219984169753,105.51177123916985,867.4882287608292,867.4882287608292,3886.8097793436677,1291.1902206563177,1291.1902206563177,16.600000000000001
64.25,116,7.0322376362745471,26.792881505822816,70.35841267183126,5.6878403659792713,0.58022106998657696,52.906819421936589,7.3955661749201864,18.071140295346925,108.25239984513199,127.74760015486846,103.11979467769375,869.8802053223053,869.8802053223053,3875.8855265109655,1302.1144734890206,1302.1144734890206,16.600000000000001
64.5,116,6.9849021587549762,26.786617688719744,70.127034065278991,5.6411034139761744,0.56980119199012258,53.017575546558774,7.3976910424215028,18.246794739775218,107.39224540467877,128.60775459532175,100.77767336736765,872.22232663263139,872.22232663263139,3864.9887276645341,1313.0112723354528,1313.0112723354528,16.600000000000001
64.75,116,6.9381304390563718,26.780492331389201,69.896469607083972,5.5953284230132727,0.55967457515768027,53.126374231383259,7.3996554415138096,18.422497721848799,106.5373510844869,129.46264891551363,98.484556029321183,874.51544397067801,874.51544397067801,3854.1195660935323,1323.8804339064536,1323.8804339064536,16.600000000000001
65,116,6.8919158593540271,26.774513031295655,69.666715051009774,5.5504895582603693,0.5498331619582808,53.233248389131454,7.4014683021185315,18.598245537522384,105.68772947018159,130.3122705298189,96.239597402326879,876.76040259767217,876.76040259767217,3843.2782091337431,1334.7217908662426,1334.7217908662426,16.600000000000001
65.25,116,6.8462518923639681,26.768687115730202,69.437766114934178,5.5065616898187795,0.54026905883586462,53.338230243250969,7.4031382025334933,18.774034690627492,104.84339154030275,131.15660845969771,94.041958660609779,878.9580413393893,878.9580413393893,3832.4648088905865,1345.535191109401,1345.535191109401,16.600000000000001
65.5,116,6.8011320998702871,26.763021645632207,69.209618483990326,5.4635203792066482,0.53097453704159014,53.441351338249049,7.4046733769026938,18.949861884610435,104.00434671973379,131.99565328026671,91.890807801653835,881.10919219834511,881.10919219834511,3821.6795029412524,1356.3204970587351,1356.3204970587351,16.600000000000001
65.75,116,6.7565501312758247,26.757523419640897,68.982267813620041,5.4213418655737726,0.52194203311606335,53.542642550393211,7.4060817228478717,19.125724014449798,103.17060293173931,132.82939706826116,89.785320005276716,883.21467999472259,883.21467999472259,3810.9224150159989,1367.0775849839881,1367.0775849839881,16.600000000000001
66,116,6.7124997221762257,26.752198978352169,68.755709732538534,5.3800030516993393,0.51316414904587482,53.642134098726167,7.407370809234199,19.301618158756664,102.34216664862763,133.6578333513728,87.724677965212337,885.275322034787,885.275322034787,3800.1936556586388,1377.8063443413482,1377.8063443413482,16.600000000000001
66.25,116,6.6689746929573799,26.747054608757555,68.529939845611068,5.3394814898221163,0.50463365211778244,53.739855556344928,7.4085478840441974,19.477541572060662,101.5190429410555,134.48095705894502,85.708072194410036,887.29192780558924,887.29192780558924,3789.493322866344,1388.5066771336437,1388.5066771336437,16.600000000000001
66.5,116,6.6259689474161734,26.742096348843408,68.304953736640996,5.2997553673488378,0.49634347449285965,53.835835861898481,7.409619882335531,19.653491677284048,100.70123552599398,135.29876447400653,83.734701305226736,889.26529869477258,889.26529869477258,3778.8215027089141,1399.1784972910732,1399.1784972910732,16.600000000000001
66.75,116,6.5834764714044995,26.737329992329357,68.080746971069374,5.2608034924830287,0.48828671252192402,53.930103331260945,7.4105934342599511,19.82946605840554,99.888746813375889,136.11125318662471,81.803772265655851,891.19622773434344,891.19622773434344,3768.1782699276919,1409.8217300722961,1409.8217300722961,16.600000000000001
67,116,6.5414913314964371,26.732761093526904,67.857315098587179,5.2226052798131253,0.48045662582255066,54.022685669340731,7.4114748731221249,20.005462453315062,99.081577951446434,136.91842204855425,79.914500632703152,893.08549936729605,893.08549936729605,3757.5636885143308,1420.4363114856576,1420.4363114856576,16.600000000000001
67.25,116,6.500007673678442,26.728394972299327,67.634653655660031,5.185140735895569,0.4728466361370231,54.11360998198937,7.4122702434585799,20.181478746860179,98.279728870839747,137.72027112916095,78.066110763985861,894.9338892360131,894.9338892360131,3746.9778122696785,1431.0221877303113,1431.0221877303113,16.600000000000001
67.5,116,6.4590197220624512,26.724236719106116,67.412758167966786,5.1483904448655133,0.46545032598960961,54.202902787976036,7.4129853091183868,20.357512964084425,97.483198327404551,138.51680167259607,76.257836008598304,896.74216399140073,896.74216399140073,3736.4206853430387,1441.5793146569515,1441.5793146569515,16.600000000000001
67.75,116,6.4185217776216712,26.720291200115444,67.191624152752198,5.112335554104944,0.45826143716063039,54.290590030997009,7.4136255613285398,20.533563263657388,96.691983943803407,139.30801605619726,74.488918878252733,898.51108112174609,898.51108112174609,3725.8923427521222,1452.1076572478673,1452.1076572478673,16.600000000000001
68,116,6.3785082169489078,26.716563062369818,66.971247121095431,5.0769577599953326,0.45127386899387717,54.376697091691781,7.4141962267282908,20.709627931496026,95.906082249909971,140.0939177500907,72.758611199671108,900.24138880032763,900.24138880032763,3715.3928108839905,1462.6071891159995,1462.6071891159995,16.600000000000001
68.25,116,6.3389734910372209,26.713056738990542,66.751622580094718,5.0422392937793719,0.44448167655306897,54.461248799639513,7.4147022753579082,20.885705374576197,95.125488722030241,140.87451127797041,71.066174249169194,901.93382575082956,901.93382575082956,3704.9221079773438,1473.0778920226476,1473.0778920226476,16.600000000000001
68.5,116,6.2999121240826597,26.709776454408171,66.53274603497006,5.0081629075539915,0.43787906864217857,54.544269445312722,7.4151484285885587,21.061794114933274,94.350197820972909,141.64980217902772,69.410878870341989,903.58912112965663,903.58912112965663,3694.4802445865057,1483.5197554134859,1483.5197554134859,16.600000000000001
68.75,116,6.2613187123088476,26.706726229606446,66.314612991085028,4.9747118604146152,0.43146040570364003,54.625782791966166,7.4155391669810511,21.237892783850292,93.580203028995172,142.4197969710055,67.792005575726478,905.20799442427221,905.20799442427221,3684.0672240274794,1493.9327759725124,1493.9327759725124,16.600000000000001
69,116,6.2231879228131879,26.703909887368567,66.097218955888835,4.9418699047684695,0.4252201976076514,54.705812087441842,7.4158787380623234,21.414000116231676,92.815496885649722,143.18450311435103,66.208844633285253,906.7911553667135,906.7911553667135,3673.6830428064463,1504.3169571935446,1504.3169571935446,16.600000000000001
69.25,116,6.1855144924343861,26.701331057515226,65.880559440780502,4.9096212728328767,0.41915310134502065,54.784380075872214,7.416171164009568,21.590114945160632,92.056071022559649,143.94392897744103,64.660696138522724,908.33930386147608,908.33930386147608,3663.327691031121,1514.6723089688699,1514.6723089688699,16.600000000000001
69.5,116,6.1482932266410364,26.698993182124802,65.664629962896342,4.8779506633325411,0.41325391863526229,54.861509009266094,7.4164202492327389,21.766236196637841,91.301916197147264,144.69808380285343,63.146870073014746,909.85312992698402,909.85312992698402,3653.0011528053401,1524.998847194651,1524.998847194651,16.600000000000001
69.75,116,6.1115189984409817,26.696899520726681,65.449426046822623,4.8468432284081926,0.40751759346094218,54.937220658962943,7.4166295878473001,21.942362884498881,90.553022325342994,145.44697767465772,61.666686350102133,911.33331364989692,911.33331364989692,3642.7034066073143,1535.2965933926755,1535.2965933926755,16.600000000000001
70,116,6.0751867473111503,26.695053155459661,65.234943226234449,4.8162845607473148,0.40193920953858209,55.01153632694303,7.4168025710297414,22.118494105507761,89.809378513300672,146.19062148669994,60.219474848467556,912.78052515153149,912.78052515153149,3632.4344256519548,1545.5655743480363,1545.5655743480363,16.600000000000001
70.25,116,6.0392914781475753,26.693456996187845,65.021177045463574,4.7862606809462003,0.39651398773578522,55.084476856982342,7.4169423942492996,22.294629034623711,89.070973088145138,146.92902691185549,58.804575434287521,914.19542456571139,914.19542456571139,3622.1941782376766,1555.8058217623152,1555.8058217623152,16.600000000000001
70.5,116,6.0038282602352533,26.692113785567269,64.808123060995484,4.75675802511123,0.39123728344361164,55.156062645642379,7.4170520643701341,22.470766920438091,88.337793627777572,147.6622063722231,57.421337972621863,915.57866202737671,915.57866202737671,3611.9826280781263,1566.0173719218653,1566.0173719218653,16.600000000000001
70.75,116,5.9687922262375981,26.691026104057027,64.595776842898516,4.7277634327059657,0.38610458391263408,55.226313653086528,7.4171344066187821,22.646907080778465,87.609826989764443,148.39017301023617,56.069122328675697,916.93087767132295,916.93087767132295,3601.7997346192369,1576.2002653807542,1576.2002653807542,16.600000000000001
71,116,5.934178571205087,26.690196374869249,64.384133976186448,4.6992641346494732,0.38111150556053186,55.295249413715418,7.4171920714125799,22.823048898476429,86.887059339335011,149.1129406606656,54.747298359541723,918.25270164045662,918.25270164045662,3591.6454533420397,1586.3545466579508,1586.3545466579508,16.600000000000001
71.25,116,5.8999825516028483,26.689626868852965,64.173190062115765,4.6712477416702161,0.37625379125853087,55.362889046615201,7.4172275410452313,22.999191817295969,86.169476176512163,149.83052382348845,53.455245897004971,919.54475410299335,919.54475410299335,3581.5197360516559,1596.4802639483341,1596.4802639483341,16.600000000000001
71.5,116,5.8661994843568213,26.689319709307274,63.962940719420089,4.6437022329188187,0.37152730760347835,55.429251265813377,7.4172431362263849,23.175335338018776,85.457062362401004,150.54293763759958,52.192354721966169,920.80764527803206,920.80764527803206,3571.4225311528885,1606.5774688471024,1606.5774688471024,16.600000000000001
71.75,116,5.8328247459181712,26.689276876719703,63.753381585483204,4.6166159448421134,0.36692804218184144,55.494354390337918,7.4172410224726057,23.351479014683225,84.749802144659441,151.25019785534113,50.958024531016171,922.04197546898229,922.04197546898229,3561.3537839128294,1616.6462160871617,1616.6462160871617,16.600000000000001
72,116,5.7998537713456528,26.689500213426395,63.544508317452362,4.5899775603200466,0.3624521008314493,55.558216354076208,7.4172232163476579,23.527622450973194,84.04767918217415,151.95232081782643,49.751664895668789,923.24833510432939,923.24833510432939,3551.313436710901,1626.6865632890892,1626.6865632890892,16.600000000000001
72.25,116,5.7672820534055509,26.689991428190769,63.33631659329361,4.5637760980661595,0.35809570490634701,55.62085471543093,7.4171915915505178,23.703765296753378,83.350676568965156,152.64932343103541,48.572695214737855,924.42730478526039,924.42730478526039,3541.3014292767421,1636.6985707232477,1636.6985707232477,16.600000000000001
72.5,116,5.7351051416889112,26.690752100698127,63.128802112790929,4.538000902291766,0.35385518854970632,55.682286666771233,7.4171478848499595,23.879907244747347,82.65877685734182,153.34122314265878,47.420544660321198,925.57945533967677,925.57945533967677,3531.3176989163339,1646.6823010836561,1646.6823010836561,16.600000000000001
72.75,116,5.7033186417457182,26.691783685963721,62.921960598490998,4.5126416326332386,0.34972699597933321,55.742529043677727,7.4170937018649887,24.056048027354642,81.97196208033229,154.02803791966832,46.294652117832619,926.70534788216514,926.70534788216514,3521.3621807267837,1656.6378192732075,1656.6378192732075,16.600000000000001
73,116,5.6719182142356592,26.693087518652444,62.715787796595087,4.4876882543412533,0.34570767878993008,55.801598333980479,7.4170305226908102,24.232187413603398,81.290213773408325,154.70978622659226,45.194466120503158,927.80553387949487,927.80553387949487,3511.4348078001412,1666.565192199849,1666.565192199849,16.600000000000001
73.25,116,5.6408995740952061,26.694664817308375,62.510279477799777,4.4631310287302641,0.34179389327591198,55.859510686590028,7.4169597073703279,24.408325206234675,80.613512995526762,155.38648700447393,44.119444778752012,928.88055522124591,928.88055522124591,3501.53551141666,1676.4644885833306,1676.4644885833306,16.600000000000001
73.5,116,5.6102584897206516,26.696516688493055,62.305431438088448,4.4389605038860909,0.33798239777823214,55.916281920121762,7.4168825012115649,24.584461238914916,79.941840349508055,156.05815965049263,43.069055704809017,929.93094429518908,929.93094429518908,3491.6642212278498,1686.3357787721397,1686.3357787721397,16.600000000000001
73.75,116,5.5799907821667798,26.698644130831187,62.101239499474687,4.4151675056290252,0.33427005005835253,55.971927531314442,7.4168000399516441,24.760595373572848,79.27517600177265,156.724823998228,42.042775932951493,930.95722406704647,930.95722406704647,3481.8208654297364,1696.1791345702509,1696.1791345702509,16.600000000000001
74,116,5.5500923243608593,26.701048038963243,61.897699510699809,4.3917431287294662,0.33065380470219169,56.026462703244029,7.4167133547682624,24.936727497857255,78.613499701454415,157.3865002985462,41.040091835701091,931.95990816429673,931.95990816429673,3472.0053709266613,1705.9946290733265,1705.9946290733265,16.600000000000001
74.25,116,5.5205590403316522,26.703729207404361,61.694807347885479,4.3686787283727755,0.32713071055659548,56.079902313334401,7.4166233771398788,25.112857522711888,77.956790798910802,158.0432092010897,40.060499036308677,932.93950096368917,932.93950096368917,3462.2176634859898,1715.7823365139973,1715.7823365139973,16.600000000000001
74.5,116,5.4913869044531003,26.706688334309295,61.49255891514354,4.345965911869766,0.32369790820061239,56.132260941167019,7.4165309435560394,25.288985380064052,77.305028263647898,158.69497173635261,39.103502317839165,933.89649768215872,933.89649768215872,3452.4576678840981,1725.5423321158894,1725.5423321158894,16.600000000000001
74.75,116,5.4625719407023912,26.709926025143275,61.290950145144208,4.3235965306089392,0.32035262745359738,56.183552876091589,7.4164368000794312,25.465111020623265,76.658190701679288,159.34180929832132,38.168615529152319,934.83138447084559,934.83138447084559,3442.7253080439468,1735.2746919560398,1735.2746919560398,16.600000000000001
75,116,5.4341102219321087,26.713442796259049,61.089976999644243,4.3015626722463756,0.31709218492193747,56.233792124640296,7.4163416067615762,25.641234411786595,76.016256372335704,159.98374362766489,37.255361488060629,935.74463851193741,935.74463851193741,3433.0205071646124,1744.9794928353738,1744.9794928353738,16.600000000000001
75.25,116,5.4059978691561543,26.71723907838031,60.889635469976639,4.2798566531289746,0.31391398158596873,56.282992417748353,7.41624594191408,25.817355535647003,75.379203204543444,160.62079679545724,36.363271881930622,936.63672811806748,936.63672811806748,3423.3431878430729,1754.6568121569142,1754.6568121569142,16.600000000000001
75.5,116,5.3782310508491404,26.721315219992054,60.689921577503256,4.2584710109465904,0.31081550042844786,56.331167217783559,7.416150306237645,25.99347438710155,74.747008812587325,161.25299118741336,35.491887165980096,937.50811283401754,937.50811283401754,3413.6932721885846,1764.3067278114024,1764.3067278114024,16.600000000000001
75.75,116,5.3508059822589464,26.725671490638447,60.490831374031643,4.2373984976084715,0.30779430410575032,56.378329725388184,7.416055126811095,26.169590972055925,74.119650511375426,161.8803494886252,34.640756459510946,938.35924354048666,938.35924354048666,3404.0706819299535,1773.9293180700336,1773.9293180700336,16.600000000000001
76,116,5.3237189247322059,26.730308084129085,60.292360942197611,4.2166320723392712,0.30484803266278399,56.424492886136463,7.4159607609428564,26.345705305722095,73.497105331220567,162.50289466878013,33.809437440303583,939.19056255969406,939.19056255969406,3394.4753385160025,1783.5246614839846,1783.5246614839846,16.600000000000001
76.25,116,5.2969661850523604,26.735225121654359,60.094506395814811,4.1961648949898089,0.30197440129244135,56.469669397010847,7.4158674998873808,26.521817411005788,72.879350032154093,163.12064996784659,32.997496237387658,940.0025037626101,940.0025037626101,3384.9071632095256,1793.0928367904614,1793.0928367904614,16.600000000000001
76.5,116,5.2705441147900745,26.740422654811177,59.897263880192689,4.1759903195577328,0.29917119814025972,56.513871712700563,7.4157755724291166,26.697927316980675,72.266361117786985,163.73363888221365,32.204507322391692,940.79549267760592,940.79549267760592,3375.3660771750169,1802.6339228249713,1802.6339228249713,16.600000000000001
76.75,116,5.2444491096656751,26.745900668539939,59.700629572424013,4.1561018879131133,0.29643628215480855,56.55711205172625,7.4156851483367188,26.874035057446122,71.658114848732382,164.34188515126829,31.430053399662988,941.56994660033445,941.56994660033445,3365.8520015604408,1812.1479984395476,1812.1479984395476,16.600000000000001
77,116,5.2186776089233877,26.75165908397414,59.5045996816431,4.1364933237240331,0.29376758098419464,56.599402402394041,7.4155963416902386,27.05014066956543,71.054587255603167,164.94541274439752,30.673725295338951,942.32627470465854,942.32627470465854,3356.3648575733291,1821.6351424266577,1821.6351424266577,16.600000000000001
77.25,116,5.1932260947170974,26.757697761203715,59.309170449256342,4.11715852657714,0.29116308891894788,56.640754528582875,7.4155092140841008,27.226244192581611,70.455754151598924,165.5442458484018,29.935121845540202,943.06487815445723,943.06487815445723,3346.9045665514459,1831.0954334485411,1831.0954334485411,16.600000000000001
77.5,116,5.1680910915073603,26.764016501953709,59.114338149145766,4.0980915662882289,0.28862086488144034,56.681179975369041,7.4154237777087015,27.402345666607847,69.861591144694458,166.13840885530624,29.213849783846612,943.78615021615087,943.78615021615087,3337.4710500282699,1840.5289499717173,1840.5289499717173,16.600000000000001
77.75,116,5.1432691654694169,26.770615052179448,58.920099087846999,4.079286677397814,0.2861390304618785,56.720690074491209,7.4153399983135175,27.578445131489602,69.272073649442916,166.72792635055768,28.509523628207909,944.49047637178978,944.49047637178978,3328.0642297935547,1849.9357702064333,1849.9357702064333,16.600000000000001
78,116,5.1187569239119712,26.777493104579897,58.726449604702673,4.0607382538467647,0.2837157680008211,56.759295949660313,7.415257798054629,27.754542625735837,68.687176898405681,167.31282310159494,27.821765567431534,945.17823443256623,945.17823443256623,3318.6840279491867,1859.3159720508022,1859.3159720508022,16.600000000000001
78.25,116,5.0945510147064672,26.784650301030595,58.533386071992375,4.0424408438270634,0.28134931871807717,56.797008521717551,7.415177058229558,27.930638185516397,68.106875953220836,167.8931240467798,27.15020534738219,945.84979465261551,945.84979465261551,3309.3303669605648,1868.6696330394234,1868.6696330394234,16.600000000000001
78.5,116,5.0706481257266462,26.79208623493783,58.340904895040183,4.0243891448027904,0.27903798088776305,56.833838513644743,7.4150976219023912,28.106731843723161,67.531145715321685,168.46885428467894,26.494480157019321,946.50551984297829,946.50551984297829,3300.0031697037389,1877.9968302962502,1877.9968302962502,16.600000000000001
78.75,116,5.0470449842981386,26.799800453515523,58.149002512300719,4.0065779986964891,0.27678010805922182,56.869796455430397,7.4150192964220825,28.28282362909215,66.959960936316278,169.04003906368428,25.854234514391088,947.14576548560649,947.14576548560649,3290.7023595084888,1887.2976404915009,1887.2976404915009,16.600000000000001
79,116,5.0237383566578639,26.807792459986654,57.957675395424701,3.9890023872361722,0.27457410732343912,56.90489268879562,7.4149418558368607,28.458913565384226,66.393296228038821,169.60670377196178,25.229120152696151,947.77087984730156,947.77087984730156,3281.4278601975761,1896.5721398024132,1896.5721398024132,16.600000000000001
79.25,116,5.0007250474230167,26.816061715710628,57.766920049305241,3.9716574274581959,0.27241843762453077,56.939137371783382,7.4148650432076995,28.635001670621989,65.831126072282913,170.16887392771767,24.618795906517448,948.38120409348016,948.38120409348016,3272.1795961223493,1905.8204038776405,1905.8204038776405,16.600000000000001
79.5,116,4.978001899069417,26.824607642238483,57.576733012105166,3.9545383673613834,0.27031160811582039,56.972540483214665,7.4147885728236753,28.811087956380359,65.27342483022737,170.72657516977333,24.022927598325726,948.97707240167165,948.97707240167165,3262.9574921948883,1915.0425078051014,1915.0425078051014,16.600000000000001
79.75,116,4.9555657914190157,26.833429623297391,57.387110855266876,3.9376405817078335,0.26825217655997663,57.005111827015554,7.4147121323221823,28.987172427128638,64.720166751563355,171.27983324843728,23.441187925343996,949.55881207465347,949.55881207465347,3253.7614739168821,1924.238526083107,1924.238526083107,16.600000000000001
80,116,4.9334136411363323,26.842527006706352,57.198050183505309,3.9209595679658991,0.2662387477726359,57.03686103641855,7.4146353847167488,29.163255079621919,64.171325983333034,171.82867401666769,22.873256346858366,950.1267436531391,950.1267436531391,3244.5914674054056,1933.4085325945832,1933.4085325945832,16.600000000000001
80.25,116,4.9115424012336488,26.851899106224636,57.009547634784788,3.9044909423909502,0.26426997210889308,57.067797578041642,7.4145579703353706,29.339335902339432,63.626876578488002,172.37312342151273,22.318818972054558,950.68118102794278,950.68118102794278,3235.4473994157638,1942.5526005842257,1942.5526005842257,16.600000000000001
80.5,116,4.889949060584736,26.861545203334671,56.821599880280594,3.8882304362395947,0.26234454399201435,57.097930755848751,7.414479508672092,29.515414874968034,63.08679250417692,172.91320749582383,21.777568448454566,951.22243155154285,951.22243155154285,3226.3291973615665,1951.6708026384235,1951.6708026384235,16.600000000000001
80.75,116,4.8686306434469149,26.871464548961082,56.634203624326162,3.8721738921131088,0.2604612004836882,57.127269714994988,7.4143996001545958,29.691491967928552,62.551047649770126,173.44895235023063,21.249203851021978,951.75079614897538,951.75079614897538,3217.2367893321912,1960.7632106677993,1960.7632106677993,16.600000000000001
81,116,4.8475842089912957,26.881656365127572,56.447355604346448,3.8563172604259814,0.25861871989510971,57.155823445559825,7.4143178278305095,29.867567141943219,62.019615834629839,173.98038416537094,20.733430572000309,952.26656942799696,952.26656942799696,3208.1701041077804,1969.8298958922101,1969.8298958922101,16.600000000000001
81.25,116,4.8268068508409643,26.892119846553278,56.261052590778327,3.8406565959954726,0.25681592043816726,57.183600786171915,7.4142337589751071,30.043640347642125,61.492470815633666,174.50752918436706,20.229960211543535,952.77003978845369,952.77003978845369,3199.1290711719134,1978.8709288280768,1978.8709288280768,16.600000000000001
81.5,116,4.806295696616977,26.902854162190238,56.075291386978478,3.8251880547482946,0.25505165891598169,57.210610427528316,7.4141469466230054,30.219711525207032,60.969586294458971,175.03041370554183,19.73851046919372,953.26148953080337,953.26148953080337,3190.1136207220929,1987.8863792778973,1987.8863792778973,16.600000000000001
81.75,116,4.7860479074919624,26.913858456703636,55.890068829119826,3.8099078905405128,0.25332482945203139,57.236860915811654,7.414056931026435,30.395780604050646,60.450935924635367,175.54906407536544,19.258805036256319,953.74119496374078,953.74119496374078,3181.1236836781763,1996.8763163218141,1996.8763163218141,16.600000000000001
82,116,4.7660606777511729,26.925131851896491,55.705381786076664,3.7948124520869451,0.25163436225708519,57.262360656008113,7.4139632410426293,30.571847502529682,59.936493318372698,176.06350668162804,18.790573489120128,954.20942651087705,954.20942651087705,3172.159191688876,2005.8408083111137,2005.8408083111137,16.600000000000001
82.25,116,4.7463312343607997,26.936673448080199,55.521227159299542,3.77989817999639,0.24997922243315149,57.287117915129258,7.4138653954527616,30.74791212769,59.42623205317107,176.57376794682966,18.333551183564403,954.66644881643288,954.66644881643288,3163.2200771364569,2014.7799228635333,2014.7799228635333,16.600000000000001
82.5,116,4.7268568365434103,26.948482325392742,55.337601882680175,3.7651616039091156,0.2483584088136456,57.311140825340878,7.4137629042148987,30.92397437504237,58.920125678219684,177.07987432178109,17.887479150092648,955.11252084990451,955.11252084990451,3154.3062731397272,2023.693726860264,2023.693726860264,16.600000000000001
82.75,116,4.7076347753603391,26.960557545065981,55.154502922407119,3.7505993397331534,0.24677095283897174,57.334437387001337,7.4136552696533036,31.100034128367191,58.418147720590845,177.58185227940999,17.452103990328848,955.54789600966831,955.54789600966831,3145.4177135554546,2032.5822864445377,2032.5822864445377,16.600000000000001
83,116,4.6886623733008745,26.972898150643552,54.971927276812565,3.7362080869760215,0.24521591746671173,57.35701547161262,7.4135419875864246,31.276091259546707,57.9202716912353,178.07972830876551,17.027177774508854,955.97282222548824,955.97282222548824,3136.5543329782963,2041.445667021695,2041.445667021695,16.600000000000001
83.25,116,4.6699369838781024,26.985503169150928,54.789871976211195,3.7219846261686134,0.24369239611561128,57.378882824686535,7.4134225483958254,31.452145628423299,57.426471090784972,178.5735289092159,16.61245794009638,956.38754205990062,956.38754205990062,3127.7160667393568,2050.2839332606345,2050.2839332606345,16.600000000000001
83.5,116,4.6514559912312414,26.998371612219099,54.60833408273087,3.7079258163780713,0.24219951164255454,57.400047068528814,7.4132964380382429,31.628197082682515,56.936719415168653,179.0632805848322,16.207707191550412,956.79229280844663,956.79229280844663,3118.9028509034497,2059.0971490965417,2059.0971490965417,16.600000000000001
83.75,116,4.6332168097343454,27.011502477163308,54.427310690136515,3.6940285928065446,0.24073641535172072,57.42051570494386,7.413163139002962,31.804245457759464,56.450990161046491,179.5490098389543,15.812693401267865,957.18730659872904,957.18730659872904,3110.1146222651787,2067.8853777348127,2067.8853777348127,16.600000000000001
84,116,4.6152168836112235,27.024894748018262,54.246798923646899,3.6802899644728639,0.23930228603511797,57.44029611786231,7.4130221312165663,31.980290576767306,55.969256831068336,180.03074316893247,15.42718951172286,957.57281048827406,957.57281048827406,3101.3513183439004,2076.648681656091,2076.648681656091,16.600000000000001
84.25,116,4.5974536865564426,27.038547396531253,54.066795939745212,3.6667070119742222,0.23789632904369701,57.459395575894177,7.4128728928971261,32.156332250446638,55.491492938961514,180.5085070610393,15.050973438821531,957.94902656117574,957.94902656117574,3092.6128773776745,2085.3871226223168,2085.3871226223168,16.600000000000001
84.5,116,4.5799247213622865,27.052459383114446,53.887298925983622,3.6532768853250399,0.23651777538825058,57.47782123480976,7.4127149013597888,32.332370277134601,55.0176720144527,180.98232798554812,14.683827976488843,958.31617202350856,958.31617202350856,3083.8992383162599,2094.1007616837314,2094.1007616837314,16.600000000000001
84.75,116,4.5626275195515342,27.066629657757847,53.708305100782432,3.6399968018703017,0.23516588086931414,57.495580139950789,7.4125476337757341,32.508404442752507,54.547767608029062,181.45223239197168,14.325540702501909,958.67445929749545,958.67445929749545,3075.2103408132502,2102.7896591867411,2102.7896591867411,16.600000000000001
85,116,4.5455596410159513,27.08105716090401,53.529811713223914,3.6268640442707376,0.23383992523529026,57.512679228573816,7.4123705678863434,32.684434520811017,54.081753295543187,181.91824670445752,13.975903885582017,959.02409611441556,959.02409611441556,3066.5461252174055,2111.4538747825859,2111.4538747825859,16.600000000000001
85.25,116,4.528718673660328,27.095740824286015,53.351816042841577,3.6138759585572604,0.23253921136802896,57.529125332128203,7.4121831826743945,32.860460272431666,53.619602682666326,182.3803973173344,13.634714393755779,959.36528560624151,959.36528560624151,3057.9065325632505,2120.0934674367409,2120.0934674367409,16.600000000000001
85.5,116,4.5121022330520182,27.110679571729747,53.174315399404932,3.601029952252242,0.23126306449510509,57.544925178470727,7.4119849589940792,33.036481446384059,53.161289409194488,182.83871059080627,13.301773603993922,959.69822639600341,959.69822639600341,3049.2915045610098,2128.7084954389816,2128.7084954389816,16.600000000000001
85.75,116,4.4957079620757865,27.125872319921804,52.997307122700136,3.5883234925551908,0.23001083142804693,57.560085394019026,7.4117753801615587,33.212497779137209,52.706787153211536,183.29321284678912,12.976887313134521,960.02311268686276,960.02311268686276,3040.7009835859412,2137.2990164140501,2137.2990164140501,16.600000000000001
86,116,4.4795335305939137,27.141317979144169,52.820788582306967,3.5757541045905552,0.22878187982577905,57.574612505845465,7.4115539325076698,33.388508994924763,52.256069635113434,183.74393036488729,12.659865650095796,960.34013434990197,960.34013434990197,3032.1349126671175,2145.8650873328738,2145.8650873328738,16.600000000000001
86.25,116,4.4635766351113979,27.157015453976808,52.644757177372313,3.5633193697154013,0.22757559748255571,57.588512943713724,7.4113201058944611,33.564514805822768,51.809110621497524,184.19088937850319,12.350522989382148,960.64947701061578,960.64947701061578,3023.5932354757074,2154.406764524284,2154.406764524284,16.600000000000001
86.5,116,4.4478349984461909,27.172963643969364,52.469210336380534,3.5510169238848195,0.22639139163967392,57.601793042059853,7.4110733941970546,33.740514911839306,51.365883928920923,184.6341160710798,12.048677865885592,960.95132213411216,960.95132213411216,3015.0758963128333,2162.9241036871581,2162.9241036871581,16.600000000000001
86.75,116,4.4323063694043405,27.189161444282888,52.29414551692097,3.5388444560729795,0.22522868832026627,57.61445904191941,7.4108132957523987,33.916509001015193,50.926363427531435,185.07363657246927,11.754152890983471,961.24584710901445,961.24584710901445,3006.5828400970186,2171.4171599029728,2171.4171599029728,16.600000000000001
87,116,4.4169885224599632,27.205607746302888,52.119560205452863,3.5267997067478039,0.22408693168649033,57.62651709280275,7.4105393137763196,34.092496749534988,50.490523044574942,185.50947695542573,11.466774669931905,961.53322533006587,961.53322533006587,2998.1140123513037,2179.8859876486877,2179.8859876486877,16.600000000000001
87.25,116,4.4018792574398864,27.222301438224473,51.945451917067878,3.5148804663973499,0.22296558341844036,57.637973254519743,7.4102509567503256,34.268477821847469,50.058336767782322,185.94166323221833,11.18637372055349,961.81362627944441,961.81362627944441,2989.6693591900521,2188.3306408099393,2188.3306408099393,16.600000000000001
87.5,116,4.3869763992129531,27.239241405610862,51.771818195250653,3.5030845741059933,0.22186412211412468,57.648833498955973,7.4099477387795059,34.444451870794971,49.629778648639878,186.37022135136078,10.912784393216381,962.08721560678157,962.08721560678157,2981.2488273054978,2196.7511726944936,2196.7511726944936,16.600000000000001
87.75,116,4.3722777973838287,27.25642653192596,51.598656611637352,3.4914099161786298,0.22078204270986518,57.659103711801606,7.4096291799228435,34.620418537750929,49.204822805545859,186.79517719445482,10.645844792101027,962.35415520789684,962.35415520789684,2972.8523639540731,2205.1476360459183,2205.1476360459183,16.600000000000001
88,116,4.3577813259912599,27.273855699042226,51.425964765772662,3.479854424811136,0.21971885592048701,57.668789694234775,7.4092948064972122,34.796377452764965,48.783443426856834,187.21655657314386,10.385396697749821,962.61460330224804,962.61460330224804,2964.4799169425464,2213.5200830574449,2213.5200830574449,16.600000000000001
88.25,116,4.343484883210655,27.291527787724448,51.253740284865358,3.4684160768054215,0.21867408769868477,57.677897164560669,7.4089441513562955,34.972328234714794,48.365614773826664,187.63438522617403,10.131285490893864,962.86871450910382,962.86871450910382,2956.1314346140184,2221.8685653859729,2221.8685653859729,16.600000000000001
88.5,116,4.3293863910609574,27.309441678090622,51.0819808235427,3.457092892327438,0.2176472787129628,57.686431759807931,7.4085767541456056,35.148270491464601,47.951311183441028,188.04868881655969,9.8833600775504795,963.11663992244735,963.11663992244735,2947.8068658337911,2230.1931341662003,2230.1931341662003,16.600000000000001
88.75,116,4.3154837951156697,27.327596250050458,50.910684063603611,3.4458829337065806,0.21663798384356209,57.694399037283631,7.408192161534747,35.324203820029098,47.540507071150742,188.45949292884998,9.6414728153840379,963.35852718461354,963.35852718461354,2939.5061599751543,2238.493840024837,2238.493840024837,16.600000000000001
89,116,4.3017750642179919,27.345990383722754,50.739847713771219,3.4347843042749959,0.21564577169580204,57.701804476088363,7.4077899274280066,35.500127806742846,47.133176933506142,188.86682306649453,9.4054794413220595,963.59452055867553,963.59452055867553,2931.2292669051153,2246.7707330948761,2246.7707330948761,16.600000000000001
89.25,116,4.2882581901999766,27.36462295983204,50.569469509444573,3.4237951472453156,0.21467022413027731,57.708653478592289,7.4073696131543532,35.676042027434413,46.729295350695686,189.27070464930497,9.1752390004179265,963.82476099957989,963.82476099957989,2922.9761369700927,2255.0238630298986,2255.0238630298986,16.600000000000001
89.5,116,4.2749311876056062,27.383492860085571,50.399547212449882,3.4129136446254384,0.2137109358093664,57.71495137187393,7.4069307876378696,35.851946047604756,46.328836988991164,189.67116301100947,8.95061377595073,964.04938622404711,964.04938622404711,2914.7467209816023,2263.2532790183891,2263.2532790183891,16.600000000000001
89.75,116,4.2617920934177702,27.402598967531244,50.230078610791459,3.4021380161689971,0.2127675137595211,57.720703409122379,7.4064730275495636,36.027839422609368,45.931776603102172,190.06822339689842,8.7314692207523503,964.26853077924579,964.26853077924579,2906.5409702019624,2271.459029798029,2271.459029798029,16.600000000000001
90,116,4.2488389667890027,27.42194016689735,50.06106151840229,3.3914665183602271,0.21183957694882072,57.725914771004511,7.4059959174415422,36.203721697843889,45.538089038442187,190.46191096155846,8.5176738897513111,964.48232611024673,964.48232611024673,2898.35883633004,2279.6411636699513,2279.6411636699513,16.600000000000001
90.25,116,4.2360698887759582,27.441515344914624,49.892493774894717,3.3808974434319778,0.21092675587928872,57.730590566998067,7.4054990498644413,36.379592408932794,45.147749233308936,190.85225076669178,8.3090993737223098,964.69090062627583,964.69090062627583,2890.200271487045,2287.7997285129463,2287.7997285129463,16.600000000000001
90.5,116,4.2234829620775471,27.461323390621551,49.724373245311043,3.370429118415657,0.21002869219348333,57.734735836691684,7.4049820254689758,36.555451081920445,44.760732220980984,191.23926777901977,8.1056202342300931,964.89437976576824,964.89437976576824,2882.0652282024157,2295.9347717975756,2295.9347717975756,16.600000000000001
90.75,116,4.2110763107766314,27.481363195653412,49.556697819874358,3.3600599042219623,0.20914503829488643,57.738355551053054,7.4044444530924602,36.731297233464588,44.377013131733122,191.62298686826762,7.9071139397557344,965.09288606024268,965.09288606024268,2873.9536593997859,2304.0463406002054,2304.0463406002054,16.600000000000001
91,116,4.1988480800852699,27.501633654515743,49.389465413739622,3.3497881947512744,0.2082754569816298,57.741454613666029,7.4038859498311105,36.907130371031613,43.996567194772659,192.0034328052281,7.7134608029930858,965.28653919700514,965.28653919700514,2865.8655183830742,2312.1344816169171,2312.1344816169171,16.600000000000001
91.25,116,4.1867964360933927,27.52213366484289,49.222673966745297,3.3396124160326393,0.20741962109310899,57.744037861937919,7.4033061410988772,37.082949993093422,43.619369740098605,192.3806302599022,7.5245439193028272,965.47545608069549,965.47545608069549,2857.8007588226919,2320.1992411772994,2320.1992411772994,16.600000000000001
91.5,116,4.1749195655208906,27.542862127642227,49.056321443165309,3.329531025390307,0.20657721316905067,57.746110068277481,7.4027046606735754,37.258755589325538,43.245396200286095,192.75460379971466,7.3402491063111945,965.65975089368737,965.65975089368737,2849.7593347418929,2328.2406652580985,2328.2406652580985,16.600000000000001
91.75,116,4.1632156754730225,27.56381794752453,48.890405831461642,3.3195425106368308,0.20574792512060899,57.747675941244957,7.4020811507310258,37.43454664080619,42.874622112197834,193.1253778878029,7.1604648446401935,965.83953515535813,965.83953515535813,2841.7412005032807,2336.2587994967107,2336.2587994967107,16.600000000000001
92,116,4.1516829931991071,27.585000032921211,48.72492514403784,3.3096453892917683,0.20493145791308223,57.74874012667479,7.4014352618678494,37.610322620215911,42.507023118624566,193.49297688137617,6.985082219755876,966.01491778024251,966.01491778024251,2833.74631079547,2344.2536892045214,2344.2536892045214,16.600000000000001
92.25,116,4.1403197658544082,27.606407296288857,48.559877416993075,3.2998382078250614,0.20412752125985009,57.749307208771775,7.400766653113628,37.786082992037869,42.142574969856568,193.85742503014416,6.8139948649209838,966.18600513507727,966.18600513507727,2825.7746206199363,2352.2253793800551,2352.2253793800551,16.600000000000001
92.5,116,4.129124260265213,27.628038654301612,48.395260709877107,3.2901195409242163,0.2033358333271463,57.749381711181762,7.4000749919330167,37.961827212757989,41.781253525187836,194.21874647481286,6.6470989052381473,966.35290109476023,966.35290109476023,2817.8260852780354,2360.173914721956,2360.173914721956,16.600000000000001
92.75,116,4.1180947626969759,27.649893028031915,48.23107310544642,3.2804879907844122,0.2025561204492933,57.748968098037359,7.3993599542184141,38.137554731065343,41.423034754354973,194.57696524564577,6.4842929027695471,966.51570709722887,966.51570709722887,2809.9006603582307,2368.0993396417607,2368.0993396417607,16.600000000000001
93,116,4.1072295786255566,27.67196934312004,48.067312709421067,3.2709421864207346,0.20178811685403428,57.74807077497961,7.3986212242737839,38.31326498805204,41.067894738912386,194.93210526108834,6.3254778027188925,966.67452219727943,966.67452219727943,2801.9983017235131,2376.0016982764782,2376.0016982764782,16.600000000000001
93.25,116,4.096527032511406,27.694266529932975,47.903977650242801,3.2614807830017449,0.20103156439761286,57.746694090156225,7.3978584947901425,38.488957417412742,40.715809673545436,195.28419032645522,6.1705568806613931,966.82944311933682,966.82944311933682,2794.1189654990308,2383.8810345009606,2383.8810345009606,16.600000000000001
93.5,116,4.0859854675767426,27.716783523713058,47.741066078834386,3.252102461203604,0.20028621230925922,57.744842335197298,7.3970714668132906,38.664631445643415,40.366755867323384,195.63324413267725,6.0194356908072857,966.9805643091911,966.9805643091911,2786.2626080599334,2391.7373919400579,2391.7373919400579,16.600000000000001
93.75,116,4.0756032455855982,27.739519264716698,47.578576168359966,3.2428059265840465,0.1995518169447536,57.74251974616886,7.3962598497042329,38.84028649223935,40.020709744893622,195.97929025510709,5.8720220152844469,967.12797798471365,967.12797798471365,2778.4291860194435,2399.5708139805479,2399.5708139805479,16.600000000000001
94,116,4.0653787466267275,27.762472698343814,47.416506113986891,3.2335899089754814,0.19882814154874831,57.739730504505197,7.3954233610928011,39.015921969892105,39.677647847618573,196.32235215238217,5.7282258144254898,967.27177418557267,967.27177418557267,2770.6186562171456,2407.3813437828458,2407.3813437828458,16.600000000000001
94.25,116,4.0553103688993195,27.785642775258179,47.254854132648688,3.2244531618965517,0.1981149560255383,57.736478737920393,7.3945617268249375,39.191537284685118,39.337546834657267,196.66245316534352,5.5879591780447182,967.41204082195327,967.41204082195327,2762.8309757075072,2415.1690242924842,2415.1690242924842,16.600000000000001
94.5,116,4.045396528501441,27.809028451499188,47.093618462809467,3.2153944619814969,0.1974120367179838,57.732768521299874,7.3936746809040566,39.36713183628833,39.000383483992557,196.99961651600827,5.4511362776903223,967.54886372230794,967.54886372230794,2755.0661017486336,2422.9338982513577,2422.9338982513577,16.600000000000001
94.75,116,4.0356356592212288,27.832628688585395,46.93279736422987,3.2064126084267088,0.19671916619429336,57.728603877572354,7.3927619654269385,39.542705018151047,38.666134693405688,197.33386530659513,5.3176733198570894,967.68232668014139,967.68232668014139,2747.3239917912697,2430.6760082087217,2430.6760082087217,16.600000000000001
95,116,4.0260262123307129,27.856442453610093,46.772389117734242,3.1975064224538503,0.19603613304239056,57.723988778562934,7.3918233305145007,39.718256217693288,38.33477748139962,197.66522251860115,5.1874885001449682,967.81251149985337,967.81251149985337,2739.6046034680189,2438.3953965319724,2438.3953965319724,16.600000000000001
95.25,116,4.0165666563822828,27.880468719329457,46.612392024979513,3.1886747467889749,0.19536273167159188,57.718927145827671,7.3908585342378812,39.893784816495575,38.00628898807242,197.99371101192835,5.0605019583488531,967.93949804164936,967.93949804164936,2731.9078945828246,2446.0921054171667,2446.0921054171667,16.600000000000001
95.5,116,4.0072554770077176,27.904706464243382,46.452804408225418,3.1799164451570978,0.19469876212133663,57.713422851470433,7.3898673425401542,40.069290190486768,37.680646475941913,198.31935352405884,4.9366357344648826,968.06336426553355,968.06336426553355,2724.2338231006861,2453.7661768993053,2453.7661768993053,16.600000000000001
95.75,116,3.998091176719774,27.929154672669465,46.293624610106392,3.1712304017916582,0.19404402987671471,57.707479718942359,7.3888495291540535,40.244771710130031,37.357827330723254,198.64217266927753,4.8158137255987077,968.18418627439962,968.18418627439962,2716.5823471376184,2461.417652862373,2461.417652862373,16.600000000000001
96,116,3.9890722747162655,27.953812334810429,46.134850993405145,3.1626155209583766,0.19339834569054973,57.701101523824363,7.3878048755160091,40.420228740606809,37.037809062060312,198.96219093794053,4.6979616437611078,968.30203835623729,968.30203835623729,2708.9534249508602,2469.0465750491312,2469.0465750491312,16.600000000000001
96.25,116,3.9801973066865917,27.978678446815202,45.976481940827533,3.1540707264930044,0.19276152541180075,57.694291994593378,7.3867331706768153,40.595660641998698,36.72056930421234,199.27943069578853,4.5830069745365112,968.41699302546181,968.41699302546181,2701.347014929328,2476.6529850706634,2476.6529850706634,16.600000000000001
96.5,116,3.9714648246207074,28.003752010834035,45.818515854779513,3.1455949613524878,0.19213338982005601,57.687054813372683,7.3856342112092417,40.771066769467254,36.406085816696951,199.59391418330392,4.4708789366099229,968.52912106338829,968.52912106338829,2693.7630755843084,2484.236924415683,2484.236924415683,16.600000000000001
96.75,116,3.9628733966204597,28.029032035067832,45.660951157145327,3.1371871871790846,0.19151376446589807,57.679393616666694,7.3845078011128402,40.946446473431372,36.094336484890832,199.90566351511009,4.3615084421379349,968.63849155786033,968.63849155786033,2686.2015655404057,2491.7984344595857,2491.7984344595857,16.600000000000001
97,116,3.9544216067132796,28.05451753381211,45.503786289067698,3.1288463838769944,0.19090247951692932,57.671311996080675,7.3833537517162577,41.121799099742653,35.785299320588955,200.21470067941192,4.2548280579495596,968.74517194204873,968.74517194204873,2678.6624435267313,2499.3375564732601,2499.3375564732601,16.600000000000001
97.25,116,3.9461080546681928,28.080207527495556,45.347019710729555,3.120571549201081,0.19029936960925137,57.662813499025894,7.3821718815772535,41.297123989858179,35.478952462523786,200.52104753747705,4.1507719675626502,968.84922803243569,968.84922803243569,2671.1456683683277,2506.8543316316636,2506.8543316316636,16.600000000000001
97.5,116,3.9379313558140838,28.106101042713835,45.19064990113749,3.1123616983572724,0.18970427370420179,57.653901629410583,7.3809620163807192,41.472420481010964,35.175274176845356,200.82472582315543,4.0492759340018827,968.95072406599661,968.95072406599661,2663.6511989778523,2514.348801022139,2514.348801022139,16.600000000000001
97.75,116,3.9298901408602251,28.132197112258414,45.034675357906991,3.1042158636142321,0.18911703495015711,57.644579848316937,7.3797239888348853,41.647687906378025,34.874242857563203,201.12575714243755,3.950277263404296,969.04972273659439,969.04972273659439,2656.1789943474873,2521.821005652504,2521.821005652504,16.600000000000001
98,116,3.9219830557190059,28.158494775141065,44.879094597049445,3.096133093925959,0.18853750054921764,57.634851574664708,7.3784576385659655,41.822925595245913,34.575837026951547,201.42416297304922,3.8537147693985387,969.14628523060003,969.14628523060003,2648.7290135410899,2529.2709864589015,2529.2709864589015,16.600000000000001
98.25,116,3.914208761330833,28.1849930766139,44.723906152760811,3.0881124545649086,0.18796552162859714,57.624720185861726,7.3771628120114183,41.998132873173738,34.280035335918186,201.71996466408262,3.7595287382440832,969.24047126175424,969.24047126175424,2641.3012156865943,2536.698784313397,2536.698784313397,16.600000000000001
98.5,116,3.9065659334911751,28.211691068185385,44.569108577212091,3.0801530267653114,0.18740095311654525,57.614189018441536,7.3758393623120364,42.173309062153628,33.98681656433866,202.0131834356622,3.6676608947168012,969.33233910528179,969.33233910528179,2633.8955599686337,2544.1044400313576,2544.1044400313576,16.600000000000001
98.75,116,3.8990532626797276,28.238587807632403,44.414700440341626,3.072253907376346,0.18684365362263741,57.603261368688848,7.3744871492030404,42.348453480768661,33.696159621356145,202.30384037864471,3.5780543687274009,969.42194563127134,969.42194563127134,2626.5120056213973,2551.4879943785941,2551.4879943785941,16.600000000000001
99,116,3.8916694538916445,28.265682359008622,44.260680329648984,3.0644142085248287,0.18629348532227349,57.591940493252579,7.3731060389043455,42.523565444348137,33.408043545648397,202.59195645435233,3.4906536626593945,969.50934633733925,969.50934633733925,2619.1505119217263,2558.849488078265,2558.849488078265,16.600000000000001
99.25,116,3.8844132264708309,28.292973792649313,44.107046849990923,3.056633057287121,0.18575031384523122,57.58022960974742,7.3716959040101822,42.698644265120237,33.122447505662414,202.87755249433832,3.4054046194133809,969.59459538058525,969.59459538058525,2611.8110381824317,2566.1889618175596,2566.1889618175596,16.600000000000001
99.5,116,3.8772833139452496,28.320461185172764,43.953798623378866,3.0489095953699534,0.18521400816812536,57.568131897343818,7.3702566233782072,42.873689252362141,32.839350799817787,203.16064920018295,3.3222543911445674,969.67774560885402,969.67774560885402,2604.4935437458348,2573.5064562541565,2573.5064562541565,16.600000000000001
99.75,116,3.870278463864226,28.34814361947857,43.800934288778294,3.0412429787998634,0.18468444051063138,57.555650497346619,7.3687880820182627,43.048699712547453,32.558732856679661,203.44126714332103,3.2411514086806386,969.75884859131759,969.75884859131759,2597.1979879775358,2580.8020120224555,2580.8020120224555,16.600000000000001
100,116,3.8633974376377078,28.376020184742803,43.648452501909901,3.0336323776209682,0.18416148623533415,57.542788513763085,7.3672901709809082,43.22367494949092,32.280573235102068,203.71942676489863,3.1620453516071656,969.83795464839113,969.83795464839113,2589.9243302603995,2588.0756697395918,2588.0756697395918,16.600000000000001
100.25,116,3.8566390103774664,28.404089976410329,43.496351935052544,3.0260769756008288,0.18364502375107039,57.529549013860205,7.3657627872458802,43.398614264490611,32.004851624342457,203.99514837565818,3.0848871190079685,969.91511288099002,969.91511288099002,2582.6725299887544,2595.327470011237,2595.327470011237,16.600000000000001
100.5,116,3.8500019707402031,28.432352096184406,43.344631276847942,3.0185759699441039,0.18313493441963588,57.515935028711546,7.3642058336105576,43.573516956467373,31.731547844148452,204.26845215585217,3.0096288008479499,969.99037119914976,969.99037119914976,2575.4425465628046,2602.5574534371867,2602.5574534371867,16.600000000000001
100.75,116,3.8434851207725385,28.46080565201364,43.193289232107169,3.0111285710137814,0.182631102465735,57.501949553734178,7.3626192185785886,43.748382322101683,31.460641844817204,204.53935815518332,2.9362236499861063,970.06377635001161,970.06377635001161,2568.2343393832598,2609.7656606167311,2609.7656606167311,16.600000000000001
101,116,3.8370872757578538,28.4894497580765,43.042324521619008,3.0037340020597192,0.18213341489005305,57.487595549215754,7.3610028562487795,43.923209655967824,31.19211370722855,204.80788629277203,2.8646260548065605,970.13537394519119,970.13537394519119,2561.0478678461554,2616.9521321538355,2616.9521321538355,16.600000000000001
101.25,116,3.8308072640649584,28.518283534763462,42.891735881959924,2.9963914989542886,0.1816417613853375,57.47287594083182,7.3593566662043113,44.097998250665462,30.925943642852406,205.07405635714812,2.794791512455634,970.20520848754177,970.20520848754177,2553.8830913378929,2624.116908662098,2624.116908662098,16.600000000000001
101.5,116,3.8246439269985735,28.547306108657025,42.741522065305901,2.9891003099348743,0.18115603425537763,57.457793620154014,7.3576805734024164,44.272747396948539,30.662111993731358,205.33788800626917,2.7266766026731273,970.27332339732402,970.27332339732402,2546.7399692304657,2631.2600307695252,2631.2600307695252,16.600000000000001
101.75,116,3.8185961186515764,28.576516612509511,42.591681839246121,2.9818596953530236,0.18067612833677682,57.442351445148979,7.3559745080645857,44.447456383851652,30.400599232439014,205.59940076756158,2.6602389622061571,970.33976103779116,970.33976103779116,2539.6184608768854,2638.3815391231055,2638.3815391231055,16.600000000000001
102,116,3.8126627057590148,28.605914185218978,42.442213986598148,2.9746689274300455,0.18020194092341402,57.426552240668428,7.3542384055674024,44.622124498813704,30.141385962014891,205.85861403798566,2.5954372597940432,970.40456274020357,970.40456274020357,2532.5185256068048,2645.4814743931861,2645.4814743931861,16.600000000000001
102.25,116,3.8068425675538409,28.635497971803218,42.293117305225181,2.9675272900188432,0.1797333716934976,57.41039879893048,7.3524722063340375,44.796751027799118,29.884452915876494,206.11554708412399,2.5322311717129078,970.46776882828465,970.46776882828465,2525.4401227223211,2652.5598772776698,2652.5598772776698,16.600000000000001
102.5,116,3.8011345956243567,28.665267123372004,42.144390607854852,2.9604340783718044,0.17927032263911485,57.393893879992596,7.3506758557265419,44.971335255416271,29.629780957709315,206.37021904229121,2.4705813578688378,970.52941864212869,970.52941864212869,2518.3832114939664,2659.6167885060245,2659.6167885060245,16.600000000000001
102.75,116,3.7955376937733476,28.695220797097651,41.996032721899724,2.9533885989145485,0.17881269799818772,57.377040212216137,7.348849303938942,45.145876465033645,29.377351081335298,206.62264891866525,2.4104494384285831,970.58955056156867,970.58955056156867,2511.3477511568831,2666.6522488431078,2666.6522488431078,16.600000000000001
103,116,3.7900507778788675,28.725358156184008,41.848042489279727,2.9463901690253649,0.17836040418874458,57.359840492722874,7.3469925058912233,45.320373938893233,29.127144410560518,206.87285558944009,2.3517979709769756,970.64820202902058,970.64820202902058,2504.3337009071702,2673.6662990928207,2673.6662990928207,16.600000000000001
103.25,116,3.7846727757566656,28.755678369833991,41.700418766246109,2.9394381168201487,0.17791334974542522,57.342297387843651,7.3451054211242868,45.494826958221587,28.879142199002615,207.12085780099807,2.2945904281903751,970.70540957180731,970.70540957180731,2497.3410198984111,2680.6589801015798,2680.6589801015798,16.600000000000001
103.5,116,3.7794026270242407,28.786180613215659,41.553160423207132,2.9325317809426954,0.17747144525813666,57.324413533559138,7.3431880136958547,45.669234803338249,28.633325829898677,207.36667417010196,2.2387911760156687,970.76120882398197,970.76120882398197,2490.3696672383626,2687.6303327616283,2687.6303327616283,16.600000000000001
103.75,116,3.7742392829664735,28.816864067427051,41.406266344555576,2.9256705103601686,0.17703460331278095,57.30619153593338,7.3412402520774549,45.843596753761815,28.389676815894084,207.61032318410653,2.1843654523444469,970.81563454765353,970.81563454765353,2483.4196019858136,2694.5803980141773,2694.5803980141773,16.600000000000001
104,116,3.7691817064028466,28.847727919459725,41.259735428497819,2.9188536641635969,0.17660273843397986,57.287633971539712,7.3392621090524885,46.017912088313565,28.148176798812916,207.8518232011877,2.1312793461722062,970.86872065382568,970.86872065382568,2476.4907831476125,2701.5092168523784,2701.5092168523784,16.600000000000001
104.25,116,3.7642288715562162,28.878771362161174,41.11356658688463,2.912080611373252,0.1761757670297231,57.268743387879482,7.3372535616154089,46.192180085218652,27.908807549410547,208.09119245059006,2.0794997772325634,970.9205002227651,970.9205002227651,2469.583169675841,2708.4168303241499,2708.4168303241499,16.600000000000001
104.5,116,3.7593797639231146,28.909993594196163,40.967758745043604,2.9053507307487525,0.17575360733787126,57.249522303793952,7.3352145908720736,46.366400022204893,27.67155096710891,208.32844903289168,2.0289944760966288,970.97100552390111,970.97100552390111,2462.6967204651537,2715.3032795348372,2715.3032795348372,16.600000000000001
104.75,116,3.7546333801455627,28.941393820007004,40.82231084161333,2.8986634106037634,0.17533617937444365,57.229973209869073,7.3331451819412958,46.540571176599265,27.43638907971501,208.56361092028561,1.9797319647278568,971.02026803527008,971.02026803527008,2455.8313943502649,2722.168605649726,2722.168605649726,16.600000000000001
105,116,3.7499887278843858,28.972971249772979,40.677221828379082,2.892018048625157,0.1749234048836289,57.210098568833686,7.3310453238576159,46.714692825422006,27.203304043123207,208.79669595687741,1.9316815374828578,971.06831846251498,971.06831846251498,2448.9871501035791,2729.0128498964118,2729.0128498964118,16.600000000000001
105.25,116,3.7454448256939967,29.004725099368745,40.532490670110242,2.8854140516964968,0.17451520728945347,57.189900815951134,7.3289150094753239,46.888764245478519,26.972278141001826,209.02772185899877,1.8848132425488013,971.11518675744878,971.11518675744878,2442.1639464329787,2735.8360535670122,2735.8360535670122,16.600000000000001
105.5,116,3.7410007028986301,29.036654590322001,40.388116344399286,2.8788508357257201,0.1741115116490492,57.169382359404423,7.3267542353737616,47.06278471344892,26.743293784464488,209.25670621553624,1.8390978638082214,971.16090213618952,971.16090213618952,2435.3617419797347,2742.6382580202562,2742.6382580202562,16.600000000000001
105.75,116,3.7366553994700262,29.06875894977038,40.24409784150243,2.8723278254769142,0.17371224460746146,57.148545580675055,7.3245630017639263,47.2367535059754,26.516333511726767,209.48366648827394,1.794506903122173,971.20549309687556,971.20549309687556,2428.5804953165689,2749.419504683422,2749.419504683422,16.600000000000001
106,116,3.7324079659065275,29.101037410417621,40.100434164181742,2.8658444544060377,0.1733173343539425,57.127392834915703,7.3223413123963788,47.410669899747376,26.291379987748659,209.70862001225206,1.7510125630228657,971.24898743697497,971.24898743697497,2421.8201649458429,2756.179835054148,2756.179835054148,16.600000000000001
106.25,116,3.7282574631135637,29.13348921048906,39.957124327549003,2.8594001645005078,0.17292671057967612,57.105926451317032,7.320089174470497,47.584533171584454,26.068416003863231,209.93158399613745,1.7085877298070371,971.2914122701909,971.2914122701909,2415.0807092978789,2762.919290702112,2762.919290702112,16.600000000000001
106.5,116,3.7242029622855344,29.166113593686525,39.814167358911064,2.852994406122515,0.17254030443688151,57.084148733468389,7.3178065985450607,47.75834259851726,25.847424477391996,210.15257552260869,1.6672059570215054,971.33279404297627,971.33279404297627,2408.3620867294067,2769.6379132705842,2769.6379132705842,16.600000000000001
106.75,116,3.7202435447890556,29.198909809142702,39.671562297616667,2.846626637855977,0.17215804849924801,57.06206195971285,7.3154935984502005,47.932097457866234,25.628388451247446,210.37161154875326,1.626841449332475,971.37315855066538,971.37315855066538,2401.6642555221356,2776.3357444778553,2776.3357444778553,16.600000000000001
107,116,3.7163783020475392,29.231877111374914,39.529308194904921,2.8402963263570276,0.17177987672365097,57.039668383496696,7.3131501912007142,48.105797027318189,25.41129109352314,210.58870890647754,1.5874690467703343,971.41253095322747,971.41253095322747,2394.9871738814413,2783.0128261185496,2783.0128261185496,16.600000000000001
107.25,116,3.712606335427119,29.265014760238511,39.387404113755288,2.8340029462079315,0.1714057244131047,57.016970233713145,7.3107763969107546,48.27944058500097,25.196115697071903,210.80388430292879,1.5490642093418292,971.45093579065588,971.45093579065588,2388.3307999351759,2789.669200064815,2789.669200064815,16.600000000000001
107.5,116,3.7089267561238861,29.298322020879787,39.245849128739053,2.8277459797743405,0.17103552818090639,56.993969715040883,7.3083722387099046,48.4530274095561,24.982845679072348,211.01715432092828,1.5116030020016498,971.48839699799612,971.48839699799612,2381.6950917325862,2796.3049082674047,2796.3049082674047,16.600000000000001
107.75,116,3.7053386850524088,29.331798163688482,39.104642325872334,2.8215249170657941,0.17066922591592973,56.970669008277206,7.3059377426606096,48.626556780209349,24.771464580584325,211.22853541941635,1.4750620799756038,971.52493792002213,971.52493792002213,2375.0800072433481,2802.9199927566428,2802.9199927566428,16.600000000000001
108,116,3.7018412527355578,29.365442464249956,38.963782802470483,2.8153392555993713,0.17030675674902615,56.947070270665932,7.3034729376770384,48.800027976839409,24.561956066093572,211.4380439339071,1.4394186744277155,971.56058132557007,971.56058132557007,2368.4855043566999,2809.514495643291,2809.514495643291,16.600000000000001
108.25,116,3.6984335991955728,29.399254203297087,38.82326966700407,2.8091885002664188,0.16994806102049517,56.923175636220286,7.3009778554452867,48.973440280044727,24.354303923046068,211.64569607695458,1.4046505784637173,971.59534942153391,971.59534942153391,2361.9115408806833,2816.0884591193076,2816.0884591193076,16.600000000000001
108.5,116,3.6951148738463941,29.433232666661798,38.683102038956271,2.8030721632022524,0.16959308024858483,56.898987216040837,7.2984525303449974,49.146792971208335,24.14849206137232,211.85150793862832,1.3707361334635473,971.62926386653407,971.62926386653407,2355.3580745414861,2822.6419254585048,2822.6419254585048,16.600000000000001
108.75,116,3.6918842353872194,29.467377145226415,38.543279048681754,2.7969897636587779,0.16924175709898642,56.874507098628463,7.2958969993723484,49.320085332560964,23.944504513002084,212.05549548699852,1.3376542157356099,971.66234578426202,971.66234578426202,2348.825062982884,2829.1749370171069,2829.1749370171069,16.600000000000001
109,116,3.6887408516972848,29.501686934874805,38.403799837266881,2.7909408278799144,0.16889403535528777,56.849737350192591,7.2933113020644269,49.493316647242189,23.742325431369895,212.25767456863079,1.3053842234856996,971.6946157765118,971.6946157765118,2342.3124637657743,2835.6875362342166,2835.6875362342166,16.600000000000001
109.25,116,3.6856838997318442,29.536161336443207,38.264663556391476,2.7849248889797904,0.16854985989035146,56.824680014954694,7.2906954804249873,49.666486199360001,23.541939090911598,212.45806090908908,1.2739060640936046,971.72609393590392,971.72609393590392,2335.8202343677972,2842.1797656321937,2842.1797656321937,16.600000000000001
109.5,116,3.6827125654193438,29.57079965567107,38.125869368191836,2.7789414868236064,0.1682091766385852,56.799337115447287,7.2880495788515569,49.83959327404844,23.343329886552421,212.65667011344831,1.2432001416905771,971.75679985830709,971.75679985830709,2329.3483321830568,2848.6516678169342,2848.6516678169342,16.600000000000001
109.75,116,3.6798260435597663,29.605601203151643,37.987416445125312,2.7729901679110927,0.16787193256907312,56.773710652808312,7.2853736440639363,50.012637157523564,23.146482333186839,212.8535176668139,1.2132473450309593,971.78675265496645,971.78675265496645,2322.8967145219117,2855.1032854780792,2855.1032854780792,16.600000000000001
110,116,3.6770235377241303,29.640565294282489,37.849303969836129,2.7670704852625194,0.16753807565953754,56.7478026070712,7.2826677250340373,50.185617137137861,22.951381065150482,213.04861893485025,1.1840290356513956,971.81597096434643,971.81597096434643,2316.4653386108776,2861.5346613891134,2861.5346613891134,16.600000000000001
110.25,116,3.6743042601551479,29.675691249215905,37.711531135022561,2.761181998307161,0.16720755487110239,56.721614937450546,7.2799318729170635,50.358532501432833,22.758010835684605,213.24198916431615,1.1555270363112031,971.8444729636866,971.8444729636866,2310.054161592569,2867.9458384074219,2867.9458384074219,16.600000000000001
110.5,116,3.6716674316690061,29.710978392809338,37.574097143305622,2.7553242727741725,0.16688032012382986,56.695149582623515,7.2771661409840505,50.531382540190066,22.566356516393252,213.43364348360751,1.1277236197075835,971.87227638029015,971.87227638029015,2303.6631405257585,2874.3368594742324,2874.3368594742324,16.600000000000001
110.75,116,3.6691122815582631,29.74642605457565,37.437001207098923,2.749496880585808,0.16655632227300365,56.668408461007154,7.2743705845557205,50.704166544480664,22.376403096693483,213.62359690330717,1.1006014974594958,971.89939850253847,971.89939850253847,2297.2922323854882,2880.7077676145027,2880.7077676145027,16.600000000000001
111,116,3.6666380474958555,29.782033568633473,37.300242548479858,2.7436993997529147,0.16623551308613296,56.641393471031492,7.271545260937665,50.876883806713224,22.188135683259034,213.81186431674155,1.0741438093541316,971.92585619064403,971.92585619064403,2290.9413940632598,2887.0586059367311,2887.0586059367311,16.600000000000001
111.25,116,3.6642439754401979,29.81780027365749,37.163820399062161,2.7379314142726541,0.16591784522065181,56.614106491408869,7.2686902293568165,51.049533620680144,22.001539499457611,213.9984605005429,1.0483341128500536,971.95166588714801,971.95166588714801,2284.610582367296,2893.3894176326949,2893.3894176326949,16.600000000000001
111.5,116,3.6619293195413474,29.853725512828792,37.027733999869838,2.7321925140283838,0.16560327220229029,56.586549381399038,7.2658055508992421,51.222115281602498,21.816599884782068,214.18340011521843,1.023156372831185,971.976843627167,971.976843627167,2278.2997540228666,2899.7002459771243,2899.7002459771243,16.600000000000001
111.75,116,3.6596933420482491,29.889808633785229,36.891982601212177,2.72648229469165,0.16529174840409358,56.558723981070628,7.2628912884492012,51.394628086173526,21.633302294275957,214.36669770572456,0.99859495160594891,972.00140504839248,972.00140504839248,2272.0088656726834,2905.9911343273075,2905.9911343273075,16.600000000000001
112,116,3.6575353132170259,29.926048988571825,36.756565462560189,2.7208003576262376,0.16498322902606741,56.530632111558695,7.2599475066294756,51.567071332600598,21.45163229795341,214.54836770204713,0.97463459914597927,972.02536540085259,972.02536540085259,2265.7378738773582,2912.2621261226327,2912.2621261226327,16.600000000000001
112.25,116,3.6554545112203067,29.962445933591287,36.621481852424232,2.7151463097942234,0.16467767007542811,56.502275575318606,7.2569742717429593,51.739444320645816,21.271575580213931,214.72842441978662,0.95126044355894124,972.04873955643961,972.04873955643961,2259.4867351159137,2918.5132648840772,2918.5132648840772,16.600000000000001
112.5,116,3.6534502220575802,29.998998829554569,36.486731048232897,2.7095197636639767,0.16437502834743664,56.4736561563763,7.2539716517154957,51.911746351665172,21.093117939252124,214.90688206074847,0.92845798179009909,972.07154201820856,972.07154201820856,2253.2554057863613,2924.7445942136296,2924.7445942136296,16.600000000000001
112.75,116,3.6515217394665753,30.035707041431539,36.35231233621311,2.7039203371200768,0.16407526140679624,56.444775620574859,7.2509397160399311,52.083976728646483,20.916245286462782,215.08375471353787,0.90621307054740041,972.09378692945154,972.09378692945154,2247.0438422063344,2930.9561577936565,2930.9561577936565,16.600000000000001
113,116,3.6496683648356241,30.072569938401795,36.218225011271471,2.6983476533750781,0.16377832756959551,56.415635715817736,7.24787853572139,52.25613475624597,20.74094364584138,215.25905635415927,0.88451191744494084,972.11548808255407,972.11548808255407,2240.852000613771,2937.1479993862199,2937.1479993862199,16.600000000000001
113.25,116,3.6478894071170345,30.109586893805556,36.084468376876792,2.6928013408830807,0.16348418588577748,56.386238172308353,7.244788183223748,52.428219740823451,20.567199153380454,215.43280084662024,0.86334107235978219,972.13665892763902,972.13665892763902,2234.6798371676455,2943.3201628323454,2943.3201628323454,16.600000000000001
113.5,116,3.6461841827414303,30.146757285094719,35.951041744943808,2.6872810332550854,0.16319279612211748,56.356584702786449,7.2416687324172866,52.600230990476447,20.394998056461919,215.60500194353881,0.84268741899721111,972.15731258100152,972.15731258100152,2228.5273079487624,2949.4726920512285,2949.4726920512285,16.600000000000001
113.75,116,3.6445520155330597,30.184080493784066,35.817944435718069,2.6817863691760522,0.16290411874569224,56.326677002760945,7.2385202585275152,52.772167815072926,20.224326713245599,215.77567328675514,0.82253816665961965,972.17746183333895,972.17746183333895,2222.3943689605862,2955.6056310394047,2955.6056310394047,16.600000000000001
114,116,3.6429922366260672,30.22155590540261,35.685175777662018,2.6763169923236512,0.16261811490782449,56.296516750739684,7.2353428380851561,52.944029526282876,20.055171592054283,215.94482840794646,0.80288084221429745,972.19711915778441,972.19711915778441,2216.2809761301237,2961.7190238698672,2961.7190238698672,16.600000000000001
114.25,116,3.6415041843816978,30.25918290944513,35.55273510734218,2.6708725512886455,0.162334746428486,56.266105608455852,7.2321365488772562,53.115815437608759,19.887519270755337,216.11248072924542,0.78370328225552088,972.21629671774315,972.21629671774315,2210.1870853088421,2967.8129146911488,2967.8129146911488,16.600000000000001
114.5,116,3.6400872043064427,30.296960899323906,35.420621769317577,2.6654526994968815,0.16205397578114517,56.235445221091432,7.2289014698994123,53.287524864414742,19.721356436139335,216.27864356386144,0.76499362545642913,972.23500637454219,972.23500637454219,2204.1126522736363,2973.8873477263546,2973.8873477263546,16.600000000000001
114.75,116,3.6387406489711052,30.334889272320588,35.288835116029091,2.6600570951328324,0.16177576607804323,56.20453721749724,7.2256376813091183,53.459157123954867,19.556669883295644,216.44333011670514,0.74674030510627054,972.25325969489245,972.25325969489245,2198.057632727835,2979.9423672721559,2979.9423672721559,16.600000000000001
115,116,3.6374638779307809,30.37296742953831,35.157374507690221,2.6546854010646723,0.1615000810558849,56.173383210410151,7.2223452643801895,53.630711535400074,19.393446514985392,216.60655348501541,0.72893204182868931,972.27106795817019,972.27106795817019,2192.0219823022471,2985.9780176977438,2985.9780176977438,16.600000000000001
115.25,116,3.63625625764573,30.411194775853975,35.026239312178639,2.649337284770831,0.16122688506193161,56.141984796667316,7.2190243014582585,53.802187419864218,19.23167334101187,216.76832665898894,0.7115578364768389,972.28844216352218,972.28844216352218,2186.005656556234,2991.9943434437569,2991.9943434437569,16.600000000000001
115.5,116,3.6351171614031457,30.449570719870806,34.895428904929055,2.6440124182680056,0.16095614304048089,56.110343557417352,7.2156748759173457,53.973584100428965,19.071337477588632,216.92866252241217,0.69460696320117166,972.3053930367978,972.3053930367978,2180.008610978829,2997.9913890211619,2997.9913890211619,16.600000000000001
115.75,116,3.6340459692398031,30.488094673871032,34.764942668827082,2.6387104780405886,0.1606878205197225,56.078461058328649,7.2122970721174369,54.144900902167755,18.912426146705432,217.08757385329534,0.67806896268586758,972.32193103731322,972.32193103731322,2174.0308009898836,3003.9691990101073,3003.9691990101073,16.600000000000001
116,116,3.6330420678655759,30.526766053768888,34.63477999410415,2.6334311449714765,0.16042188359895668,56.0463388497949,7.2088909753631114,54.316137152168629,18.75492667549225,217.24507332450852,0.66193363554993678,972.33806636444922,972.33806636444922,2168.0721819412483,3009.9278180587426,3009.9278180587426,16.600000000000001
116.25,116,3.6321048505878077,30.565584279063799,34.504940278233548,2.6281741042742359,0.16015829893616418,56.013978467137797,7.2054566718631641,54.487292179556334,18.59882649558147,217.40117350441935,0.64619103590912896,972.35380896409015,972.35380896409015,2162.1327091179819,3015.867290882009,3015.867290882009,16.600000000000001
116.5,116,3.6312337172365368,30.604548772793805,34.375422925827401,2.6229390454265795,0.15989703373591602,55.981381430806955,7.2019942486912152,54.658365315513166,18.44411314246852,217.55588685753233,0.63083146509486288,972.36916853490436,972.36916853490436,2156.2123377395851,3021.7876622604058,3021.7876622604058,16.600000000000001
116.75,116,3.6304280740905606,30.643658961489241,34.246227348534802,2.6177256621051446,0.15963805573761164,55.948549246577251,7.1985037937473066,54.829355893299152,18.290774254871028,217.70922574512983,0.61584546552646757,972.38415453447249,972.38415453447249,2150.3110229612685,3027.6889770387224,3027.6889770387224,16.600000000000001
117,116,3.6296873338043278,30.682914275126688,34.117352964940842,2.6125336521215194,0.159381333204036,55.915483405743238,7.1949853957204439,55.000263248271168,18.138797574086716,217.86120242591414,0.60122381473312081,972.39877618526577,972.39877618526577,2144.4287198752436,3033.5712801247473,3033.5712801247473,16.600000000000001
117.25,116,3.6290109153356478,30.722314147083114,33.988799200466765,2.607362717359504,0.15912683491022458,55.882185385311331,7.1914391440520804,55.171086717901332,17.988170943350173,218.01182905665067,0.58695751952193709,972.41304248047675,972.41304248047675,2138.5653835120356,3039.4346164879553,3039.4346164879553,16.600000000000001
117.5,116,3.6283982438742117,30.761858014090329,33.860565487271074,2.602212563713572,0.1588745301326264,55.848656648189063,7.1878651289005413,55.341825641794344,17.838882307188634,218.16111769281221,0.57303781028874723,972.42696218971003,972.42696218971003,2132.7209688418166,3045.2790311581743,3045.2790311581743,16.600000000000001
117.75,116,3.6278487507709185,30.801545316189713,33.732651264151556,2.5970829010285086,0.15862438863855619,55.814898643372132,7.1842634411063244,55.512479361704138,17.690919710776981,218.30908028922383,0.55945613546818107,972.44054386453058,972.44054386453058,2126.8954307757699,3051.104569224221,3051.104569224221,16.600000000000001
118,116,3.6273618734679833,30.841375496687121,33.605055976448476,2.5919734430401937,0.15837638067592588,55.780912806128605,7.180634172158328,55.683047221549714,17.544271299292102,218.45572870070873,0.54620415611974493,972.45379584387899,972.45379584387899,2121.0887241674609,3056.91127583253,3056.91127583253,16.600000000000001
118.25,116,3.6269370554298344,30.881348002108194,33.477779075948455,2.5868839073175063,0.15813047696324742,55.746700558181033,7.176977414160933,55.853528567430047,17.398925317266627,218.60107468273418,0.53327374064665833,972.46672625935207,972.46672625935207,2115.3008038142402,3062.6991961857507,3062.6991961857507,16.600000000000001
118.5,116,3.6265737460747824,30.921462282153808,33.350820020789605,2.5818140152053268,0.15788664867989735,55.712263307885998,7.1732932598019579,56.023922747638437,17.254870107942367,218.74512989205851,0.52065695964428449,972.47934304035437,972.47934304035437,2109.5316244586579,3068.468375541333,3068.468375541333,16.600000000000001
118.75,116,3.6262714007074517,30.961717789655911,33.224178275367407,2.5767634917686113,0.15764486745663581,55.677602450411193,7.1695818023214519,56.194229112675927,17.112094112623481,218.88790588737743,0.5083460808750665,972.49165391912356,972.49165391912356,2103.7811407898871,3074.2188592101038,3074.2188592101038,16.600000000000001
119,116,3.6260294804519639,31.00211398053354,33.097853310241561,2.5717320657375069,0.15740510536637192,55.642719367910424,7.1658431354813183,56.364447015264062,16.970585870029485,219.0294141299714,0.49633356436694437,972.50366643563154,972.50366643563154,2098.0493074451806,3079.9506925548103,3079.9506925548103,16.600000000000001
119.25,116,3.6258474521858779,31.042650313749224,32.971844602043838,2.5667194694535,0.15716733491516732,55.607615429696033,7.1620773535357474,56.53457581035692,16.83033401564828,219.16966598435263,0.48461205763229842,972.51538794236592,972.51538794236592,2092.3360790113211,3085.6639209886698,3085.6639209886698,16.600000000000001
119.5,116,3.6257247884748565,31.08332625126555,32.84615163338681,2.561725438816564,0.15693152903347174,55.572291992409355,7.1582845512024642,56.704614855152528,16.691327281089357,219.30867271891162,0.47317439100453601,972.52682560899336,972.52682560899336,2086.6414100261031,3091.3585899738878,3091.3585899738878,16.600000000000001
119.75,116,3.6256609675080678,31.124141258002112,32.720773892773416,2.5567497132332742,0.15669766106758135,55.536750400188751,7.1544648236347461,56.874563509103417,16.553554493437147,219.44644550656389,0.4620135730894972,972.53798642690822,972.53798642690822,2080.9652549798056,3097.0347450201853,3097.0347450201853,16.600000000000001
120,116,3.6256554730343096,31.165094801792733,32.595710874507482,2.5517920355658954,0.15646570477131569,55.500991984835537,7.1506182663942015,57.044421133926754,16.417004574604849,219.58299542539621,0.45112278632892466,972.5488772136689,972.5488772136689,2075.3075683167026,3102.6924316832883,3102.6924316832883,16.600000000000001
120.25,116,3.6257077942988363,31.206186353342929,32.470962078605204,2.5468521520824035,0.15623563429790449,55.465018065977723,7.1467449754243155,57.214187093613674,16.281666540688683,219.71833345931239,0.44049538267330102,972.55950461732448,972.55950461732448,2069.6683044365604,3108.3316955634305,3108.3316955634305,16.600000000000001
120.5,116,3.625817425980904,31.247415386187697,32.346527010707277,2.5419298124074099,0.15600742419207878,55.428829951231727,7.1428450470247338,57.383860754438004,16.147529501322676,219.8524704986784,0.43012487936142602,972.56987512063631,972.56987512063631,2064.0474176961525,3113.9525823038384,3113.9525823038384,16.600000000000001
120.75,116,3.6259838681320038,31.288781376649613,32.222405181992265,2.537024769473998,0.15578104938236029,55.392428936361853,7.1389185778262627,57.553441484964502,16.014582659034286,219.98541734096679,0.42000495480415739,972.57999504519364,972.57999504519364,2058.4448624107858,3119.5551375892051,3119.5551375892051,16.600000000000001
121,116,3.6262066261147807,31.330283803797165,32.098596109090423,2.5321367794764251,0.15555648517354301,55.355816305437926,7.1349656647665771,57.722928656056389,15.882815308600646,220.1171846914005,0.41012944456980588,972.58987055542809,972.58987055542809,2052.8605928558304,3125.1394071441605,3125.1394071441605,16.600000000000001
121.25,116,3.6264852105426404,31.371922149403428,31.975099313998584,2.5272656018236863,0.15533370723936049,55.318993330990722,7.1309864050666354,57.892321640882294,15.752216836405861,220.24778316359524,0.4004923374687272,972.59950766252894,972.59950766252894,2047.2945632682492,3130.7054367317414,3130.7054367317414,16.600000000000001
121.5,116,3.62681913722002,31.413695897905086,31.851914323995906,2.5224109990939176,0.15511269161533459,55.281961274165482,7.1269808962077645,58.061619814922864,15.622776719799207,220.37722328020197,0.3910877717347151,972.60891222826308,972.60891222826308,2041.746727848149,3136.2532721518419,3136.2532721518419,16.600000000000001
121.75,116,3.6272079270833353,31.455604536361584,31.729040671560373,2.5175727369896168,0.15489341469179951,55.2447213848735,7.1229492359094193,58.230822555976545,15.494484526454462,220.50551547354669,0.38191003130085016,972.61808996869695,972.61808996869695,2036.2170407603219,3141.7829592396702,3141.7829592396702,16.600000000000001
122,116,3.6276511061425687,31.497647554414748,31.606477894286101,2.5127505842936699,0.15467585320709565,55.207274901941744,7.118891522107587,58.399929244165037,15.367329913730407,220.63267008627071,0.37295354216752036,972.62704645783026,972.62704645783026,2030.7054561357936,3147.2945438641968,3147.2945438641968,16.600000000000001
122.25,116,3.6281482054235257,31.539824444248627,31.484225534801546,2.5079443128261651,0.15445998424092922,55.169623053260565,7.1148078529338381,58.568939261938155,15.241302628032583,220.75869737196854,0.36421286886037235,972.63578713113736,972.63578713113736,2025.2119280733805,3152.7880719266109,3152.7880719266109,16.600000000000001
122.5,116,3.6286987609107153,31.582134700549627,31.362283140688433,2.5031536974019688,0.15424578520789176,55.131767055929622,7.1106983266950063,58.737851994078305,15.11639250417646,220.88360749582469,0.35568271097601567,972.64431728902173,972.64431728902173,2019.7364106412429,3158.2635893587485,3158.2635893587485,16.600000000000001
122.75,116,3.6293023134908795,31.624577820466957,31.240650264401513,2.4983785157890668,0.15403323385113585,55.093708116401771,7.106563041853474,58.90666682770425,14.992589464751957,221.00741053524925,0.34735789981334458,972.65264210018449,972.65264210018449,2014.2788578784407,3163.7211421215502,3163.7211421215502,16.600000000000001
123,116,3.6299584088971413,31.667153303573397,31.119326463189104,2.4936185486676306,0.15382230823620138,55.055447430625428,7.1024020970080608,59.075383152274789,14.869883519489575,221.13011648051165,0.33923339508839523,972.66076660490933,972.66076660490933,2008.8392237964943,3169.1607762034964,3169.1607762034964,16.600000000000001
123.25,116,3.6306665976537795,31.709860651826308,30.998311299014411,2.4888735795898125,0.15361298674498955,55.016986184184901,7.0982155908755065,59.244000359591602,14.748264764628068,221.25173523537313,0.33130428173070625,972.66869571826703,972.66869571826703,2003.4174623809392,3174.5825376190505,3174.5825376190505,16.600000000000001
123.5,116,3.6314264350216097,31.752699369529008,30.877604338477624,2.4841433949402445,0.15340524806987854,54.978325552439046,7.094003622272516,59.412517843801922,14.627723382283829,221.37227661771743,0.32356576675919352,972.67643423323864,972.67643423323864,1998.0135275928869,3179.9864724071026,3179.9864724071026,16.600000000000001
123.75,116,3.6322374809439788,31.795668963292375,30.757205152738756,2.4794277838972318,0.15319907120797788,54.939466700658215,7.0897662900983764,59.58093500140069,14.508249639821985,221.49175036017928,0.31601317623560343,972.6839868237621,972.6839868237621,1992.6273733705775,3185.3726266294111,3185.3726266294111,16.600000000000001
124,116,3.6330992999933565,31.838768941996829,30.637113317441234,2.4747265383946204,0.15299443545551794,54.900410784159455,7.0855036933181301,59.749251231232279,14.389833889229342,221.61016611077196,0.30864195229364672,972.69135804770383,972.69135804770383,1987.2589536309385,3190.7410463690503,3190.7410463690503,16.600000000000001
124.25,116,3.6340114613185137,31.881998816754525,30.517328412636299,2.4700394530843277,0.1527913204023697,54.861158948440035,7.0812159309462661,59.917465934491943,14.27246656648922,221.72753343351204,0.3014476502419674,972.69855234975546,972.69855234975546,1981.908222271134,3196.0917777288541,3196.0917777288541,16.600000000000001
124.5,116,3.6349735385922983,31.925358100871922,30.39785002270802,2.4653663252995277,0.15258970592669166,54.821712329309364,7.0769031020309558,60.085578514726706,14.156138190958211,221.84386180904301,0.29442593573913811,972.70557406425803,972.70557406425803,1976.5751331701174,3201.424866829871,3201.424866829871,16.600000000000001
124.75,116,3.6359851099599765,31.968846309812566,30.278677736299173,2.4607069550184635,0.15238957218969992,54.7820720530191,7.0725653056388005,60.253588377836031,14.04083936474499,221.95916063525624,0.28757258203892128,972.71242741795845,972.71242741795845,1971.2596401901744,3206.7403598098131,3206.7403598098131,16.600000000000001
125,116,3.6370457579881572,32.012462961160274,30.159811146237747,2.4560611448288974,0.15219089963055921,54.74223923639191,7.0682026408400764,60.421494932072079,13.926560772091182,222.07343922791009,0.28088346730407265,972.71911653269331,972.71911653269331,1965.9616971784687,3212.0383028215183,3212.0383028215183,16.600000000000001
125.25,116,3.6381550696142817,32.056207574582551,30.041249849464212,2.4514286998931554,0.15199366896138949,54.702214986948427,7.0638152066944748,60.589297588039621,13.813293178754378,222.18670682124684,0.27435457198700863,972.72564542801058,972.72564542801058,1960.68125796858,3217.3187420314071,3217.3187420314071,16.600000000000001
125.5,116,3.6393126360966659,32.100079671794255,29.922993446959481,2.446809427913776,0.15179786116238686,54.662000403032707,7.0594031022373178,60.756995758695595,13.701027431393348,222.29897256860781,0.2679819762756957,972.73201802372171,972.73201802372171,1955.4182763820352,3222.581723617951,3222.581723617951,16.600000000000001
125.75,116,3.6405180529650973,32.144078776521681,29.805041543673568,2.4422031390997496,0.15160345747705428,54.621596573936174,7.054966426466259,60.924588859348454,13.589754456955498,222.41024554304568,0.26176185760316151,972.73823814239415,972.73823814239415,1950.1727062298401,3227.8272937701468,3227.8272937701468,16.600000000000001
126,116,3.6417709199719903,32.18820441446686,29.68739374845492,2.4376096461333265,0.1514104394075397,54.581004580020057,7.050505278328429,61.092076307657003,13.479465262066661,222.5205347379345,0.25569048821906215,972.74430951177828,972.74430951177828,1944.9445013139959,3233.0554986859906,3233.0554986859906,16.600000000000001
126.25,116,3.6430708410440684,32.232456113272093,29.570049673980506,2.4330287641373864,0.15121878871007904,54.540225492836136,7.0460197567080369,61.259457523629138,13.370150932423185,222.62984906757788,0.24976423282178251,972.75023576717535,972.75023576717535,1939.7336154290226,3238.2663845709635,3238.2663845709635,16.600000000000001
126.5,116,3.6444174242345877,32.276833402484911,29.453008936686494,2.4284603106433624,0.15102848739053992,54.499260375246337,7.0415099604144036,61.426731929620146,13.261802632186489,222.73819736781454,0.24397954624957716,972.7560204537474,972.7560204537474,1934.5400023634643,3243.4599976365216,3243.4599976365216,16.600000000000001
126.75,116,3.6458102816760847,32.321335813523305,29.336271156699652,2.423904105559703,0.15083951770006473,54.458110281540584,7.0369759881704317,61.593898950330839,13.15441160338005,222.84558839662097,0.238332971229299,972.76166702876753,972.76166702876753,1929.3636159013936,3248.6363840985932,3248.6363840985932,16.600000000000001
127,116,3.6472490295336555,32.365962879641117,29.219835957769433,2.4193599711408629,0.15065186213080953,54.416776257553302,7.0324179386014833,61.760958012805361,13.047969165288873,222.95203083471216,0.23282113618129721,972.76717886381562,972.76717886381562,1924.2044098239048,3253.7955901760811,3253.7955901760811,16.600000000000001
127.25,116,3.648733287958744,32.410714135893841,29.103702967200665,2.4148277319568141,0.15046550341177686,54.375259340778577,7.0278359102246792,61.927908546428732,12.942466713861545,223.05753328613952,0.22744075307909731,972.77255924691769,972.77255924691769,1919.0623379106059,3258.9376620893781,3258.9376620893781,16.600000000000001
127.5,116,3.6502626810434364,32.455589119104694,28.98787181578691,2.4103072148630664,0.15028042450473908,54.333560560483797,7.0232300014385887,62.094749982924149,12.837895721114819,223.16210427888623,0.22218861536251286,972.77781138463433,972.77781138463433,1913.9373539410949,3264.0626460588892,3264.0626460588892,16.600000000000001
127.75,116,3.6518368367752769,32.500587367831002,28.872342137744472,2.4057982489711738,0.15009660860025092,54.291680937822029,7.0186003105132997,62.261481756350022,12.734247734540885,223.26575226546021,0.21706159590286894,972.78293840409412,972.78293840409412,1908.8294116964323,3269.1705883035506,3269.1705883035506,16.600000000000001
128,116,3.6534553869925697,32.545708422330776,28.757113570647057,2.4013006656197522,0.14991403911374798,54.249621485942868,7.0139469355808943,62.428103303096918,12.631514376517247,223.36848562348388,0.21205664501904983,972.78794335497821,972.78794335497821,1903.7384649606042,3274.2615350393785,3274.2615350393785,16.600000000000001
128.25,116,3.6551179673401788,32.590951824529689,28.642185755361066,2.3968142983459551,0.14973269968172917,54.207383210102158,7.0092699746262683,62.594614061884045,12.52968734371937,223.47031265628172,0.20717078854311324,972.79282921145398,972.79282921145398,1898.6644675219752,3279.3355324780059,3279.3355324780059,16.600000000000001
128.5,116,3.6568242172258132,32.636317117988241,28.527558335981482,2.3923389828574257,0.14955257415802126,54.164967107770217,7.0045695254783373,62.761013473755725,12.428758406535993,223.57124159346509,0.20240112593424608,972.79759887406283,972.79759887406283,1893.6073731747351,3284.3926268252462,3284.3926268252462,16.600000000000001
128.75,116,3.6585737797768001,32.681803847869261,28.413230959768402,2.3878745570047126,0.14937364661012331,54.122374168738837,6.9998456858015583,62.927300982077575,12.328719408487286,223.67128059151378,0.19774482843986449,972.80225517155714,972.80225517155714,1888.5671357203312,3289.4328642796509,3289.4328642796509,16.600000000000001
129,116,3.6603663017973305,32.72741156090575,28.299203277084189,2.3834208607541316,0.14919590131562777,54.079605375226919,6.9950985530878436,63.093476032532514,12.229562265645738,223.77043773435528,0.19319913730268953,972.80680086269433,972.80680086269433,1883.5437089688951,3294.4562910310869,3294.4562910310869,16.600000000000001
129.25,116,3.6622014337261817,32.773139805368864,28.185474941331201,2.3789777361610702,0.14901932275871846,54.036661701984933,6.9903282246487786,63.259538073116531,12.131278966059954,223.86872103394103,0.18876136201266019,972.81123863798416,972.81123863798416,1878.5370467406588,3299.462953259324,3299.462953259324,16.600000000000001
129.5,116,3.6640788295948972,32.818988131036292,28.072045608890132,2.3745450273437338,0.14884389562674175,53.99354411639812,6.9855347976081754,63.425486554134331,12.033861569181267,223.96613843081971,0.18442887860257121,972.81557112139421,972.81557112139421,1873.5471028673574,3304.4528971326254,3304.4528971326254,16.600000000000001
129.75,116,3.6659981469864409,32.864956089160913,27.958914939058996,2.3701225804572998,0.14866960480684882,53.950253578588288,6.9807183688949452,63.591320928194868,11.937302205293268,224.06269779470765,0.18019912798635043,972.81980087201032,972.81980087201032,1868.5738311936254,3309.4261688063566,3309.4261688063566,16.600000000000001
130,116,3.6679590469942993,32.911043232439631,27.846082593992612,2.3657102436685093,0.14849643538270926,53.906791041514644,6.9758790352362849,63.757040650206513,11.841593074944255,224.15840692505662,0.1760696143389178,972.82393038565795,972.82393038565795,1863.6171855783819,3314.3828144216004,3314.3828144216004,16.600000000000001
130.25,116,3.6699611941820347,32.957249114982638,27.733548238642761,2.3613078671306522,0.1483243726312917,53.863157451073178,6.9710168931511687,63.922645177372225,11.746726448382615,224.25327355161826,0.17203790351659259,972.82796209648029,972.82796209648029,1858.6771198961999,3319.3228801037822,3319.3228801037822,16.600000000000001
130.5,116,3.672004256543282,33.003573292282823,27.621311540698859,2.35691530295896,0.14815340201971169,53.819353746195013,6.9661320389441288,64.088133969184582,11.652694664995199,224.34730533500567,0.16810162151704111,972.83189837847976,972.83189837847976,1853.7535880386718,3324.2464119613096,3324.2464119613096,16.600000000000001
130.75,116,3.6740879054621973,33.050015321185498,27.509372170529232,2.3525324052063943,0.14798350920214395,53.775380858943542,6.9612245686993344,64.253506487420609,11.559490132748675,224.44050986725216,0.16425845297778272,972.8357415470191,972.8357415470191,1848.8465439157576,3329.1534560842233,3329.1534560842233,16.600000000000001
131,116,3.6762118156743306,33.096574759858498,27.397729801122964,2.3481590298398141,0.14781468001679815,53.731239714610354,6.956294578274937,64.418762196136413,11.467105327633908,224.53289467236695,0.1605061397122928,972.83949386028439,972.83949386028439,1843.9559414571252,3334.0440585428551,3334.0440585428551,16.600000000000001
131.25,116,3.678375665227938,33.143251167762337,27.286384108032273,2.3437950347165288,0.14764690048295617,53.686931231810036,6.9513421632977064,64.583900561661821,11.375532793113374,224.6244672068874,0.1568424792827694,972.84315752071393,972.84315752071393,1839.0817346134791,3338.9182653864996,3338.9182653864996,16.600000000000001
131.5,116,3.6805791354457118,33.190044105620863,27.175334769315484,2.3394402795612175,0.14748015679806947,53.642456322573921,6.9463674191579265,64.74892105259471,11.284765139571617,224.71523486042915,0.15326532360864883,972.846734676388,972.846734676388,1834.2238773578745,3343.776122642103,3343.776122642103,16.600000000000001
131.75,116,3.6828219108869433,33.236953135392071,27.064581465480529,2.3350946259432162,0.14731443533491531,53.597815892442618,6.9413704410045476,64.913823139795497,11.194795043768805,224.80520495623193,0.14977257760998047,972.85022742238664,972.85022742238664,1829.3823236870232,3348.6176763129533,3348.6176763129533,16.600000000000001
132,116,3.6851036793100898,33.28397782023923,26.954123879429012,2.3307579372541607,0.14714972263880963,53.553010840557491,6.9363513237406016,65.078606296381253,11.105615248297367,224.89438475170331,0.14636219788479166,972.85363780211173,972.85363780211173,1824.5570276225844,3353.4429723773919,3353.4429723773919,16.600000000000001
132.25,116,3.6874241316357632,33.331117724502143,26.843961696400786,2.3264300786859771,0.14698600542487669,53.508042059750998,6.9313101620188462,65.243269997719821,11.017218561041707,224.98278143895888,0.14303219141959528,972.85696780857677,972.85696780857677,1819.7479432124458,3358.2520567875317,3358.2520567875317,16.600000000000001
132.5,116,3.6897829619101254,33.378372413668941,26.734094603919079,2.3221109172092267,0.14682327057537198,53.462910436636079,6.9262470502376701,65.407813721423835,10.929597854641109,225.07040214535948,0.13978061433221331,972.8602193856641,972.8602193856641,1814.9550245319895,3363.044975467988,3363.044975467988,16.600000000000001
132.75,116,3.6921798672686781,33.425741454347872,26.624522291736181,2.3178003215517737,0.14666150513705944,53.417616851694355,6.9211620825372178,65.572236947344706,10.842746065955714,225.15725393404495,0.13660557064610965,972.86339442935025,972.86339442935025,1810.1782256853514,3367.8217743146261,3367.8217743146261,16.600000000000001
133,116,3.6946145479004602,33.473224414239567,26.515244451779608,2.3134981621777984,0.14650069631863968,53.372162179363279,6.9160553527957465,65.736539157566185,10.756656195535683,225.24334380446507,0.13350521109544616,972.86649478890092,972.86649478890092,1805.4175008066591,3372.5824991933187,3372.5824991933187,16.600000000000001
133.25,116,3.6970867070126419,33.520820862109382,26.406260778098829,2.3092043112671252,0.14634083148822924,53.326547288122377,6.9109269546261993,65.900719836398508,10.671321307093498,225.3286786929072,0.13047773196009407,972.86952226803612,972.86952226803612,1800.6728040612672,3377.3271959387107,3377.3271959387107,16.600000000000001
133.5,116,3.6995960507954946,33.568530367760161,26.29757096681249,2.3049186426948771,0.14618189817088922,53.280773040578332,6.9057769813730081,66.064778470371678,10.586734526979459,225.4132654730212,0.12752137392985247,972.87247862606648,972.87247862606648,1795.9440896469735,3382.055910353004,3382.055910353004,16.600000000000001
133.75,116,3.7021422883877571,33.616352502005199,26.18917471605614,2.3006410320114337,0.14602388404620228,53.234840293549162,6.9006055261090857,66.228714548229291,10.502889043660344,225.49711095634026,0.12463442099714421,972.87536557899898,972.87536557899898,1791.2313117952237,3386.7686882047537,3386.7686882047537,16.600000000000001
134,116,3.7047251318423813,33.664286836641452,26.081071725930489,2.2963713564227115,0.14586677694589636,53.188749898147321,6.8954126816330383,66.392527560921906,10.41977810720129,225.58022189279936,0.12181519937747665,972.87818480061844,972.87818480061844,1786.5344247723037,3391.465575227674,3391.465575227674,16.600000000000001
134.25,116,3.7073442960926544,33.712332944423054,25.973261698450138,2.2921094947707266,0.14571056485151468,53.142502699861829,6.8901985404665664,66.556217001600558,10.337395028750825,225.66260497124983,0.11906207645697366,972.88093792353914,972.88093792353914,1781.8533828805223,3396.1466171194561,3396.1466171194561,16.600000000000001
134.5,116,3.7099994989186889,33.760490399034978,25.865744337492874,2.2878553275144755,0.14555523589213096,53.096099538639521,6.8849631948520571,66.7197823656103,10.255733180029145,225.74426681997153,0.11637345976630055,972.8836265402299,972.8836265402299,1777.1881404593751,3400.8118595406045,3400.8118595406045,16.600000000000001
134.75,116,3.7126904609142901,33.80875877506714,25.758519348749349,2.2836087367110847,0.14540077834210777,53.049541248965141,6.8797067367503715,66.883223150483246,10.174785992819604,225.82521400718107,0.11374779598032224,972.88625220401593,972.88625220401593,1772.538651886701,3405.4613481132792,3405.4613481132792,16.600000000000001
135,116,3.7154169054541772,33.857137647988623,25.651586439673366,2.2793696059972635,0.14524718061889855,53.002828659940803,6.8744292578388162,67.046538855932155,10.09454695846342,225.90545304153724,0.11118356994284991,972.88881643005334,972.88881643005334,1767.9048715798224,3410.0951284201592,3410.0951284201592,16.600000000000001
135.25,116,3.7181785586615757,33.905626594122175,25.544945319432561,2.2751378205710231,0.14509443128089125,52.955962595364113,6.8691308495092738,67.209728983843434,10.015009627357578,225.98499037264301,0.10867930371584805,972.89132069628022,972.89132069628022,1763.2867539966721,3414.7132460033104,3414.7132460033104,16.600000000000001
135.5,116,3.7209751493761551,33.954225190618999,25.438595698859622,2.2709132671736794,0.14494251902529248,52.908943873805661,6.863811602866523,67.372793038270501,9.9361676084560013,226.06383239154462,0.1062335556524891,972.89376644434356,972.89376644434356,1758.6842536369115,3419.3157463630705,3419.3157463630705,16.600000000000001
135.75,116,3.7238064091223317,34.002933015433747,25.332537290403955,2.266695834072125,0.14479143268605205,52.861773308685535,6.8584716087267168,67.535730525426871,9.8580145687739424,226.14198543122663,0.10384491949345803,972.89615508050281,972.89615508050281,1754.097325043032,3423.902674956948,3423.902674956948,16.600000000000001
136,116,3.7266720720779034,34.05174964729985,25.226769808083848,2.2624854110413586,0.14464116123182688,52.814451708348841,6.853110957616023,67.698540953679341,9.780544232895604,226.21945576710499,0.10151202348592428,972.8984879765103,972.8984879765103,1749.5259228014436,3428.4740771985362,3428.4740771985362,16.600000000000001
136.25,116,3.7295718750430504,34.100674665705014,25.121292967439064,2.2582818893472836,0.14449169376398235,52.766979876140446,6.8477297397694281,67.861223833541018,9.7037503824849836,226.2962496175156,0.099233529524612438,972.90076647047169,972.90076647047169,1744.970001543551,3433.0299984564299,3433.0299984564299,16.600000000000001
136.5,116,3.732505557409652,34.149707650867008,25.016106485483959,2.2540851617297615,0.14434301951463158,52.719358610478722,6.8423280451296931,68.023778677664424,9.6276268557999938,226.37237314420062,0.097008132314417891,972.90299186768164,972.90299186768164,1740.4295159468174,3437.5704840531625,3437.5704840531625,16.600000000000001
136.75,116,3.7354728611309631,34.19884818370965,24.911210080660979,2.2498951223859067,0.14419512784471106,52.671588704928539,6.8369059633464317,68.186205000834576,9.5521675472097751,226.44783245279089,0.094834558554026491,972.90516544144236,972.90516544144236,1735.9044207358154,3442.095579264163,3442.095579264163,16.600000000000001
137,116,3.7384735306916097,34.248095845839167,24.80660347279473,2.2457116669536403,0.14404800824209174,52.623670948273272,6.8314635837753848,68.348502319962023,9.4773664067152961,226.52263359328532,0.092711566140011567,972.90728843385625,972.90728843385625,1731.3946706832642,3446.6053293167151,3446.6053293167151,16.600000000000001
137.25,116,3.7415073130779146,34.297450219520634,24.702286383046371,2.2415346924954744,0.14390165031972532,52.575606124586017,6.8260009954777816,68.510670154075754,9.4032174394731491,226.59678256052749,0.090637943390894218,972.90936205660546,972.90936205660546,1726.9002206110515,3451.0997793889283,3451.0997793889283,16.600000000000001
137.5,116,3.7445739577485608,34.346910887654815,24.598258533868549,2.2373640974825406,0.1437560438138247,52.527395013300051,6.8205182872198646,68.672708024316321,9.3297147053226208,226.670285294678,0.088612508290665859,972.91138749170591,972.91138749170591,1722.4210253912474,3455.5789746087326,3455.5789746087326,16.600000000000001
137.75,116,3.7476732166055635,34.396477433755102,24.494519648960736,2.233199781778854,0.14361117858207703,52.479038389278195,6.8150155474725356,68.834615453928762,9.2568523183159499,226.74314768168469,0.08663410775128412,972.91336589224511,972.91336589224511,1717.9570399471015,3460.0429600528787,3460.0429600528787,16.600000000000001
138,116,3.750804843965569,34.44614944192481,24.391069453225072,2.229041646625797,0.14346704460189069,52.430537022881722,6.8094928644111379,68.996391968255537,9.1846244462518705,226.81537555374874,0.084701616893665829,972.91529838310294,972.91529838310294,1713.508219254029,3464.4917807459519,3464.4917807459519,16.600000000000001
138.25,116,3.7539685965314673,34.495926496834699,24.287907672722511,2.224889594626835,0.14332363196867287,52.381891680038109,6.8039503259153458,69.158037094729707,9.1130253102123557,226.88697468978827,0.082813938346712579,972.91718606165034,972.91718606165034,1709.07451834058,3468.9254816594016,3468.9254816594016,16.600000000000001
138.5,116,3.7571642333643127,34.545808183700714,24.185034034629584,2.2207435297324549,0.14318093089413936,52.333103122308181,6.7983880195691926,69.319550362867645,9.0420491841025825,226.95795081589802,0.080970001563915206,972.91902999843342,972.91902999843342,1704.6558922894028,3473.3441077105786,3473.3441077105786,16.600000000000001
138.75,116,3.760391515855555,34.595794088261904,24.082448267195446,2.2166033572253112,0.14303893170465445,52.28417210695239,6.7928060326611952,69.480931304262214,8.9716903941941446,227.02830960580641,0.079168762157096423,972.92083123784028,972.92083123784028,1700.252296238189,3477.7477037617946,3477.7477037617946,16.600000000000001
139,116,3.763650207699583,34.645883796758739,23.980150099699397,2.2124689837055977,0.14289762483960058,52.235099386996289,6.7872044521846018,69.642179452575704,8.9019433186714405,227.09805668132904,0.07740920124685978,972.92259079875043,972.92259079875043,1695.8636853806045,3482.1363146193785,3482.1363146193785,16.600000000000001
139.25,116,3.7669400748665587,34.696076895911467,23.87813926240888,2.2083403170766163,0.14275700084977763,52.185885711295406,6.7815833648377488,69.803294343532755,8.8328023871813439,227.16719761281919,0.075690324829326014,972.92430967516793,972.92430967516793,1691.4900149672135,3486.5099850327692,3486.5099850327692,16.600000000000001
139.5,116,3.7702608855755524,34.746372972898897,23.77641548653785,2.2042172665305628,0.14261705039583045,52.136531824598997,6.7759428570245088,69.964275514913453,8.7642620803859863,227.23573791961454,0.074011163158746632,972.92598883683831,972.92598883683831,1687.1312403063857,3490.8687596935965,3490.8687596935965,16.600000000000001
139.75,116,3.77361241026798,34.796771615337306,23.674978504205516,2.2000997425345057,0.1424777642467048,52.087038467613347,6.7702830148548596,70.12512250654629,8.6963169295188312,227.30368307048164,0.072370770145595606,972.9276292298515,972.9276292298515,1682.7873167651908,3495.2126832347917,3495.2126832347917,16.600000000000001
140,116,3.7769944215813243,34.847272411259603,23.573828048395622,2.1959876568165622,0.14233913327813019,52.037406377064208,6.7646039241455371,70.285834860301179,8.6289615159438835,227.37103848405658,0.07076822276975038,972.92923177722741,972.92923177722741,1678.4581997702828,3499.5418002297006,3499.5418002297006,16.600000000000001
140.25,116,3.7804066943231445,34.897874949094764,23.472963852916031,2.191880922352285,0.14220114847113002,51.987636285758512,6.7589056704207824,70.446412120082499,8.5621904707180949,227.43780952928242,0.069202620508381898,972.93079737948869,972.93079737948869,1674.1438448087649,3503.8561551912185,3503.8561551912185,16.600000000000001
140.5,116,3.7838490054453802,34.94857881764743,23.372385652358766,2.1877794533512183,0.14206380091055787,51.937728922645221,6.7531883389131862,70.606853831822235,8.4959984741569947,227.50400152584351,0.067673084778184234,972.93232691521894,972.93232691521894,1669.844207429054,3508.1557925709299,3508.1557925709299,16.600000000000001
140.75,116,3.7873211340189283,34.999383606077814,23.272093182060466,2.1836831652436617,0.1419270817836592,51.887685012875743,6.7474520145646171,70.767159543473056,8.4303802554034295,227.56961974459702,0.066178758391582965,972.93382124160519,972.93382124160519,1665.5592432417207,3512.4407567582643,3512.4407567582643,16.600000000000001
141,116,3.7908228612085022,35.050288903881821,23.1720861780632,2.1795919746676056,0.14179098237865859,51.837505277863251,6.7416967820272422,70.927328805001267,8.3653305919994949,227.63466940800089,0.064718805026570167,972.93528119497012,972.93528119497012,1661.2889079203226,3516.7110920796631,3516.7110920796631,16.600000000000001
141.25,116,3.7943539702477711,35.101294300871274,23.072364377075726,2.175505799455852,0.14165549408337169,51.787190435341586,6.7359227256646204,71.087361168380042,8.3008443094616364,227.69915569053879,0.063292408709823833,972.93670759128702,972.93670759128702,1657.0331572022246,3520.9668427977617,3520.9668427977617,16.600000000000001
141.5,116,3.7979142464147615,35.152399387154652,22.972927516435103,2.1714245586233161,0.14152060838384098,51.736741199423285,6.7301299295528754,71.247256187582778,8.236916280858873,227.76308371914152,0.061898773312776427,972.9381012266839,972.9381012266839,1652.7919468894058,3525.2080531105794,3525.2080531105794,16.600000000000001
141.75,116,3.8015034770075489,35.203603753117747,22.873775334068782,2.1673481723545023,0.14138631686299541,51.686158280657054,6.7243184774819564,71.407013418575914,8.1735414263941752,227.8264585736062,0.060537122060307834,972.93946287793642,972.93946287793642,1648.565232849257,3529.4347671507289,3529.4347671507289,16.600000000000001
142,116,3.805121451320189,35.25490698940478,22.774907568456975,2.1632765619911511,0.14125261119933305,51.635442386084421,6.7184884529569606,71.56663241931237,8.1107147129889583,227.88928528701146,0.059206697051743702,972.94079330294505,972.94079330294505,1644.3529710153591,3533.6470289846261,3533.6470289846261,16.600000000000001
142.25,116,3.8087679606189417,35.306308686899563,22.676323958595493,2.1592096500200557,0.14111948316562678,51.584594219295681,6.7126399391995273,71.726112749724848,8.0484311538707001,227.95156884612976,0.057906758793850398,972.94209324120288,972.94209324120288,1640.1551173882583,3537.8448826117269,3537.8448826117269,16.600000000000001
142.5,116,3.8124427981187363,35.357808436707074,22.578024243958936,2.1551473600610453,0.14098692462765164,51.533614480485355,6.7067730191493027,71.88545397171896,7.9866858081636662,228.0133141918368,0.056636585745523937,972.94336341425083,972.94336341425083,1635.9716280362245,3542.0283719637605,3542.0283719637605,16.600000000000001
142.75,116,3.8161457589599044,35.409405830135064,22.48000816446427,2.1510896168551294,0.14085492754293458,51.482503866506832,6.7008877754654845,72.0446556491666,7.9254737804827231,228.07452621951762,0.055395473873878776,972.94460452612213,972.94460452612213,1631.8024590959944,3546.1975409039901,3546.1975409039901,16.600000000000001
143,116,3.8198766401851691,35.461100458676057,22.382275460434819,2.1470363462528099,0.14072348395952494,51.431263070926313,6.6949842905283958,72.203717347899399,7.8647902205302556,228.13520977947007,0.054182736221449368,972.94581726377464,972.94581726377464,1627.6475667735112,3550.3524332264733,3550.3524332264733,16.600000000000001
143.25,116,3.8236352407168792,35.512891913989499,22.284825872564561,2.1429874752025393,0.14059258601478627,51.379892784076169,6.6890626464411538,72.362638635701984,7.8046303226961378,228.19536967730414,0.052997702484224508,972.94700229751163,972.94700229751163,1623.5069073446437,3554.4930926553425,3554.4930926553425,16.600000000000001
143.5,116,3.8274213613345012,35.564779787884028,22.187659141882889,2.1389429317393458,0.14046222593420854,51.328393693107778,6.6831229250313751,72.521419082305599,7.7449893256607796,228.25501067433953,0.051839718600241953,972.94816028139553,972.94816028139553,1619.3804371558979,3558.6195628440878,3558.6195628440878,16.600000000000001
143.75,116,3.8312348046523641,35.616763672300245,22.090775009719657,2.1349026449736068,0.14033239603024031,51.276766482043428,6.677165207852954,72.680058259381354,7.6858625120012229,228.31413748799915,0.050708146348477132,972.94929185364742,972.94929185364742,1615.2681126251198,3562.7318873748654,3562.7318873748654,16.600000000000001
144,116,3.8350753750976314,35.668843159293381,21.99417321767066,2.1308665450799626,0.14020308870114076,51.225011831827779,6.6711895761878708,72.83855574053382,7.6272452078002768,228.3727547922,0.049602362957766932,972.95039763703835,972.95039763703835,1611.1698902421788,3566.8301097578055,3566.8301097578055,16.600000000000001
144.25,116,3.8389428788885334,35.721017841016426,21.897853507563465,2.1268345632863954,0.1400742964298507,51.173130420378691,6.665196111048072,72.996911101294728,7.5691327822586718,228.43086721774165,0.048521760725515638,972.95147823927084,972.95147823927084,1607.0857265696475,3570.9142734303387,3570.9142734303387,16.600000000000001
144.5,116,3.8428371240128247,35.773287309703342,21.801815621423565,2.1228066318634378,0.13994601178288288,51.12112292263739,6.6591848931773994,73.155123919116505,7.5115206473102489,228.48847935269006,0.047465746645936814,972.95253425335056,972.95253425335056,1603.0155782434633,3574.9844217565224,3574.9844217565224,16.600000000000001
144.75,116,3.8467579202064952,35.825651157652537,21.70605930144097,2.1187826841135275,0.13981822740923036,51.068990010618087,6.6531560030535486,73.313193773365839,7.4544042572401255,228.54559574276024,0.046433742047590862,972.95356625794886,972.95356625794886,1598.9594019735839,3579.0405980264009,3579.0405980264009,16.600000000000001
145,116,3.8507050789326978,35.878108977210594,21.610584289937119,2.1147626543605087,0.13969093603929356,51.01673235345676,6.6471095208900879,73.471120245317394,7.3977791083058655,228.60222089169451,0.045425182239984312,972.95457481775634,972.95457481775634,1594.9171545446302,3583.0828454553548,3583.0828454553548,16.600000000000001
145.25,116,3.8546784133609204,35.930660360756193,21.515390329332117,2.1107464779392577,0.13956413048382485,50.964350617459658,6.6410455266385222,73.628902918147759,7.3416407383616233,228.65835926163874,0.044439516169002415,972.95556048382718,972.95556048382718,1590.8887928165138,3587.1112071834718,3587.1112071834718,16.600000000000001
145.5,116,3.8586777383463833,35.983304900684146,21.420477162112398,2.1067340911854577,0.13943780363289052,50.911845466150957,6.6349640999903841,73.786541376929009,7.2859847264852489,228.71401527351512,0.043476206080952706,972.95652379391527,972.95652379391527,1586.8742737250593,3591.1257262749268,3591.1257262749268,16.600000000000001
145.75,116,3.8627028704096604,36.036042189389853,21.32584453079868,2.1027254314254966,0.13931194845484995,50.859217560319983,6.6288653203793686,73.944035208622722,7.230806692608339,228.76919330739202,0.042534727195002696,972.95746527280141,972.95746527280141,1582.8735542826116,3595.1264457173752,3595.1264457173752,16.600000000000001
146,116,3.8667536277165331,36.088871819253782,21.231492177914301,2.0987204369664942,0.13918655799535187,50.806467558067688,6.6227492669835151,74.101384002073772,7.1761022971492272,228.82389770285113,0.041614567383800129,972.95838543261243,972.95838543261243,1578.8865915786353,3599.1134084213504,3599.1134084213504,16.600000000000001
146.25,116,3.8708298300580553,36.141793382626304,21.137419845953893,2.0947190470864703,0.1390616253763465,50.753596114852662,6.6166160187274103,74.258587348004298,7.1218672406488963,228.87813275935147,0.040715226862070041,972.95928477313407,972.95928477313407,1574.9133427803006,3603.086657219686,3603.086657219686,16.600000000000001
146.5,116,3.8749312988308495,36.194806471812619,21.043627277352439,2.0907212020246195,0.13893714379511454,50.700603883536644,6.6104656542844404,74.415644839007797,7.0680972634097854,228.93190273659059,0.039836217882987322,972.960163782113,972.960163782113,1570.9537651330572,3607.0462348669303,3607.0462348669303,16.600000000000001
146.75,116,3.8790578570176146,36.247910679057995,20.950114214454587,2.0867268429717289,0.13881310652331108,50.647491514429184,6.6042982520790581,74.572556069543197,7.0147881451375182,228.98521185486285,0.038977064442129443,972.96102293555407,972.96102293555407,1567.0078159612031,3610.9921840387851,3610.9921840387851,16.600000000000001
147,116,3.8832093291678418,36.301105596533169,20.856880399484414,2.0827359120607043,0.13868950690602641,50.594259655332095,6.5981138902890919,74.72932063592873,6.9619357045854731,229.0380642954149,0.038137301988818095,972.96186269800762,972.96186269800762,1563.0754526684366,3614.9245473315514,3614.9245473315514,16.600000000000001
147.25,116,3.8873855413787615,36.35439081631997,20.763925574515447,2.0787483523572186,0.13856633836086049,50.540908951583027,6.591912646848078,74.885938136336435,6.9095357992022413,229.09046420079815,0.037316477144663941,972.96268352285176,972.96268352285176,1559.1566327384039,3618.8433672615852,3618.8433672615852,16.600000000000001
147.5,116,3.8915863212764816,36.407765930397112,20.671249481441095,2.0747641078504842,0.13844359437701365,50.487440046098747,6.5856945994476188,75.042408170786103,6.8575843247819259,229.1424156752185,0.036514147429132886,972.96348585256703,972.96348585256703,1555.2513137352273,3622.7486862647615,3622.7486862647615,16.600000000000001
147.75,116,3.8958114979973448,36.46123053062631,20.578851861945285,2.0707831234441367,0.13832126851439133,50.433853579417679,6.5794598255397752,75.198730341139807,6.8060772151172841,229.19392278488311,0.035729880991957383,972.96427011900437,972.96427011900437,1551.3594533040337,3626.6405466959541,3626.6405466959541,16.600000000000001
148,116,3.9000609021694896,36.514784208738433,20.486732457473625,2.066805344947225,0.13819935440272343,50.380150189741968,6.573208402339465,75.354904251096059,6.7550104416556707,229.24498955834471,0.034963256352220189,972.96503674364419,972.96503674364419,1547.4810091714662,3630.518990828522,3630.518990828522,16.600000000000001
148.25,116,3.9043343658946168,36.568426556320077,20.394891009204748,2.0628307190653294,0.13807784574069756,50.326330512979133,6.5669404068269053,75.510929506184212,6.704380013157806,229.29561998684261,0.034213862143942661,972.96578613785232,972.96578613785232,1543.6159391461852,3634.3840608538017,3634.3840608538017,16.600000000000001
148.5,116,3.9086317227299467,36.6221571648001,20.303327258022044,2.0588591933917741,0.13795673629510657,50.272395182782923,6.5606559157500577,75.666805713759146,6.6541819753593199,229.34581802464115,0.033481296868014029,972.96651870312837,972.96651870312837,1539.7642011193636,3638.2357988806216,3638.2357988806216,16.600000000000001
148.75,116,3.9129528076703988,36.675975625436621,20.212040944485686,2.054890716398956,0.13783601990000938,50.21834483059385,6.5543550056271034,75.822532482995427,6.6044124106350672,229.39558758936545,0.032765168650301817,972.9672348313461,972.9672348313461,1535.9257530651703,3642.0742469348152,3642.0742469348152,16.600000000000001
149,116,3.9172974571309411,36.729881529303988,20.121031808805064,2.0509252374297771,0.13771569045590495,50.164180085679249,6.5480377527489333,75.978109424882106,6.5550674376662155,229.44493256233437,0.032065095005787907,972.96793490499078,972.96793490499078,1532.1005530412397,3645.899446958746,3645.899446958746,16.600000000000001
149.25,116,3.9216655089291557,36.783874467280114,20.030299590811417,2.0469627066891811,0.13759574192892016,50.109901575172472,6.5417042331816431,76.13353615221736,6.5061432111100643,229.49385678889055,0.031380702608578795,972.96861929738793,972.96861929738793,1528.2885591891381,3649.7114408108464,3649.7114408108464,16.600000000000001
149.5,116,3.9260568022679894,36.837954030033956,19.939844029930914,2.0430030752357955,0.13747616835000945,50.055509924112087,6.5353545227690732,76.288812279603093,6.4576359212725913,229.5423640787281,0.030711627067641946,972.96928837292887,972.96928837292887,1524.4897297348186,3653.5102702651666,3653.5102702651666,16.600000000000001
149.75,116,3.9304711777186943,36.892119808013213,19.849664865157965,2.0390462949736694,0.13735696381416815,50.001005755480087,6.5289886971353317,76.443937423439777,6.4095417937837187,229.59045820621697,0.030057512708124342,972.96994248728822,972.96994248728822,1520.7040229890604,3657.2959770109251,3657.2959770109251,16.600000000000001
150,116,3.9349084772039591,36.946371391432194,19.759761835028915,2.0350923186441143,0.13723812247965739,49.94638969023989,6.5226068316873391,76.598911201921069,6.3618570892752651,229.63814291072541,0.029418012358112821,972.9705819876383,972.9705819876383,1516.9313973479059,3661.0686026520784,3661.0686026520784,16.600000000000001
150.25,116,3.9393685439812303,37.000708370259957,19.670134677595996,2.0311410998176411,0.13711963856724171,49.891662347373732,6.5162090016174012,76.75373323502896,6.3145781030615833,229.68542189693912,0.028792787140699189,972.97120721285557,972.97120721285557,1513.1718112930876,3664.8281887068961,3664.8281887068961,16.600000000000001
150.5,116,3.9438512226262152,37.055130334208556,19.58078313040162,2.0271925928859948,0.13700150635943839,49.836824343919588,6.509795281905765,76.908403144528577,6.2677011648228609,229.73229883517786,0.028181506271216787,972.97181849372498,972.97181849372498,1509.4252233924419,3668.5747766075415,3668.5747766075415,16.600000000000001
150.75,116,3.9483563590165662,37.109636872721573,19.491706930453027,2.0232467530542779,0.13688372019977835,49.781876295007606,6.5033657473232074,77.062920553963068,6.2212226382910689,229.7787773617097,0.027583846859518389,972.97241615313635,972.97241615313635,1505.6915923003148,3672.3084076996684,3672.3084076996684,16.600000000000001
151,116,3.9528838003157514,37.16422757496278,19.40290581419719,2.0193035363331737,0.13676627449207904,49.726818813896024,6.4969204724336169,77.217285088648822,6.1751389209385383,229.82486107906223,0.02699949371716874,972.97300050627882,972.97300050627882,1501.9708767579605,3676.0291232420223,3676.0291232420223,16.600000000000001
151.25,116,3.9574333949571017,37.218902029805037,19.314379517496025,2.0153628995312554,0.13664916369972829,49.671652512006681,6.4904595315965921,77.371496375670588,6.1294464436691642,229.87055355633154,0.026428139169428058,972.97357186082661,972.97357186082661,1498.2630355939298,3679.7369644060527,3679.7369644060527,16.600000000000001
151.5,116,3.9620049926280378,37.27365982581945,19.226127775601952,2.0114248002473887,0.13653238234497922,49.616377998959969,6.4839829989700384,77.525554043876568,6.0841416705121887,229.91585832948851,0.025869482871906185,972.97413051712419,972.97413051712419,1494.5680277244496,3683.4319722755326,3683.4319722755326,16.600000000000001
151.75,116,3.9665984442544655,37.328500551264604,19.138150323133779,2.0074891968632169,0.13641592500825625,49.560995882609255,6.4774909485127745,77.679457723873583,6.0392210983185945,229.96077890168212,0.025323231631769898,972.97467676836459,972.97467676836459,1490.885812153793,3687.1141878461899,3687.1141878461899,16.600000000000001
152,116,3.9712136019853546,37.38342379407613,19.050446894052776,2.0035560485357409,0.13629978632747169,49.505506769075105,6.470983453987138,77.833207048022672,5.9946812564600478,230.00531874354061,0.024789099233389015,972.97521090076293,972.97521090076293,1487.2163479746403,3690.7836520253418,3690.7836520253418,16.600000000000001
152.25,116,3.9758503191774843,37.43842914185624,18.963017221639181,1.9996253151899752,0.13618396099735317,49.449911262778734,6.4644605889616065,77.986801650434046,5.9505187065303868,230.04948129347031,0.024266806268309626,972.97573319372805,972.97573319372805,1483.5595943684343,3694.4404056315479,3694.4404056315479,16.600000000000001
152.5,116,3.9805084503803601,37.493516181863804,18.875861038468983,1.995696957511689,0.13606844376878072,49.394209966475174,6.4579224268133979,78.140241166962852,5.90673004204967,230.09326995795101,0.023756079969446012,972.97624392002695,972.97624392002695,1479.9155106057235,3698.0844893942603,3698.0844893942603,16.600000000000001
152.75,116,3.9851878513212928,37.548684501004253,18.788978076390936,1.9917709369402412,0.1359532294481347,49.338403481285887,6.4513690407310955,78.293525235204584,5.8633118881707151,230.13668811182987,0.023256654049384911,972.97674334594694,972.97674334594694,1476.2840560464979,3701.7159439534862,3701.7159439534862,16.600000000000001
153,116,3.9898883788906572,37.60393368582001,18.702368066503961,1.9878472156614804,0.13583831289665357,49.282492406731002,6.444800503717266,78.446653494490519,5.8202609013881652,230.17973909861243,0.022768268542699178,972.97723173145391,972.97723173145391,1472.6651901405169,3705.3348098594674,3705.3348098594674,16.600000000000001
153.25,116,3.9946098911273049,37.659263322480854,18.616030739134764,1.9839257566007342,0.13572368902980081,49.226477340761107,6.4382168885910538,78.599625585883402,5.777573769250016,230.22242623075053,0.022290669652169966,972.9777093303444,972.9777093303444,1469.058872427629,3708.9411275723542,3708.9411275723542,16.600000000000001
153.5,116,3.9993522472041421,37.714672996774645,18.529965823815811,1.9800065234158724,0.1356093528166426,49.170358879788495,6.4316182679908218,78.752441152173219,5.7352472100716332,230.26475278992888,0.021823609598819353,972.97817639039806,972.97817639039806,1465.4650625380832,3712.5349374619004,3712.5349374619004,16.600000000000001
153.75,116,4.0041153074138727,37.770162294098128,18.444173049263572,1.976089480490449,0.13549529927923382,49.114137618718118,6.4250047143767404,78.905099837872754,5.6932779726522176,230.30672202734831,0.021366846475657737,972.97863315352129,972.97863315352129,1461.8837201928313,3716.1162798071518,3716.1162798071518,16.600000000000001
154,116,4.0088989331548941,37.825730799447996,18.358652143357077,1.972174592926921,0.13538152349201399,49.057814150977983,6.4183763000334073,79.057601289213508,5.6516628359936947,230.34833716400689,0.020920144105052822,972.979079855892,972.979079855892,1458.3148052038225,3719.68519479616,3719.68519479616,16.600000000000001
154.25,116,4.0137029869173633,37.881378097412153,18.27340283311673,1.9682618265399374,0.13526802058121234,49.00138906854913,6.4117330970724353,79.209945154141465,5.610398609022047,230.38960139097861,0.020483271899629278,972.97951672809722,972.97951672809722,1454.7582774742932,3723.2417225256895,3723.2417225256895,16.600000000000001
154.5,116,4.0185273322694046,37.937103772161151,18.188424844683453,1.9643511478497053,0.13515478572426151,48.944862961995277,6.4050751774350685,79.362131082313141,5.5694821303110285,230.43051786968962,0.020056004726610469,972.97994399527022,972.97994399527022,1451.214096999041,3726.7859030009413,3726.7859030009413,16.600000000000001
154.75,116,4.0233718338434805,37.992907407439787,18.103717903298076,1.960442524075426,0.13504181414922045,48.888236420491872,6.3984026128947686,79.514158725091491,5.5289102678082864,230.47108973219233,0.019638122775516013,972.9803618772213,972.9803618772213,1447.6822238647026,3730.3177761352808,3730.3177761352808,16.600000000000001
155,116,4.0282363573229176,38.048788586558906,18.019281733281066,1.9565359231288029,0.13492910113420539,48.831510031854947,6.3917154750597955,79.666027735542059,5.4886799185638431,230.51132008143676,0.019229411429130872,972.98077058856791,972.98077058856791,1444.1626182500111,3733.8373817499723,3733.8373817499723,16.600000000000001
155.25,116,4.0331207694285718,38.104746892387432,17.93511605801249,1.9526313136076157,0.13481664200683019,48.774684382569333,6.385013835375795,79.817737768428842,5.4487880084609239,230.55121199153967,0.018829661137664076,972.98117033885922,972.98117033885922,1440.6552404260574,3737.3447595739258,3737.3447595739258,16.600000000000001
155.5,116,4.0380249379056723,38.160781907344507,17.851220599912281,1.9487286647893673,0.13470443214365421,48.717760057816577,6.3782977651283668,79.969288480210636,5.4092314919491491,230.59076850805144,0.018438667296017001,972.98156133270072,972.98156133270072,1437.1600507565372,3740.839949243446,3740.839949243446,16.600000000000001
155.75,116,4.0429487315107666,38.216893213391934,17.76759508042084,1.9448279466249978,0.13459246696963895,48.660737641502429,6.3715673354456301,80.120679529037346,5.3700073517800258,230.62999264822059,0.018056230124083427,972.98194376987271,972.98194376987271,1433.677009697989,3744.3229903019937,3744.3229903019937,16.600000000000001
156,116,4.0478920199988648,38.273080392026728,17.68423921997983,1.9409291297326563,0.13448074195761242,48.603617716283907,6.3648226173007796,80.271910574746087,5.3311125987447561,230.66888740125592,0.017682154550005252,972.98231784544657,972.98231784544657,1430.2060778000346,3747.7939221999482,3747.7939221999482,16.600000000000001
156.25,116,4.0528546741106899,38.329343024273811,17.601152738013283,1.9370321853915513,0.13436925262774196,48.54640086359597,6.358063681514631,80.422981278857691,5.292544271414334,230.70745572858632,0.017316250096309879,972.98268374990016,972.98268374990016,1426.7472157055984,3751.2527842943837,3751.2527842943837,16.600000000000001
156.5,116,4.0578365655600965,38.385680690678981,17.518335352909059,1.9331370855358516,0.13425799454701426,48.489087663677822,6.3512905987581565,80.573891304572953,5.2542994358819168,230.74570056411872,0.016958330768857145,972.98304166922753,972.98304166922753,1423.3003841511338,3754.6996158488478,3754.6996158488478,16.600000000000001
156.75,116,4.062837567021611,38.44209297130206,17.435786782000452,1.9292438027486605,0.13414696332872303,48.431678695598706,6.3445034395550071,80.724640316769324,5.2163751855074425,230.78362481449321,0.016608214948525376,972.98339178504773,972.98339178504773,1419.865543966831,3758.1344560331513,3758.1344560331513,16.600000000000001
157,116,4.0678575521181379,38.498579445710156,17.353506741548223,1.9253523102560437,0.13403615463196514,48.374174537283459,6.3377022742840321,80.875227981997156,5.1787686406645159,230.82123135933614,0.01626572528556804,972.98373427471063,972.98373427471063,1416.4426560768241,3761.5573439231575,3761.5573439231575,16.600000000000001
157.25,116,4.0728963954087822,38.555139692971196,17.271494946722722,1.9214625819211242,0.1339255641611431,48.316575765537536,6.3308871731817735,81.025653968476576,5.1414769484894824,230.85852305151124,0.015930688596574122,972.98406931139971,972.98406931139971,1413.0316814993898,3764.9683185005906,3764.9683185005906,16.600000000000001
157.5,116,4.0779539723768217,38.611773291647552,17.189751111586506,1.9175745922382306,0.13381518766547534,48.258882956071687,6.324058206344966,81.175917946094032,5.1044972826327415,230.895502717368,0.015602935763967117,972.98439706423244,972.98439706423244,1409.632581347141,3768.3674186528392,3768.3674186528392,16.600000000000001
157.75,116,4.083030159417814,38.66847981978993,17.108274949077032,1.9136883163271119,0.13370502093851366,48.20109668352638,6.3172154437330033,81.326019586398886,5.0678268430122371,230.93217315698845,0.015282301637979112,972.98471769835851,972.98471769835851,1406.2453168272064,3771.7546831727741,3771.7546831727741,16.600000000000001
158,116,4.0881248338278411,38.725258854931447,17.027066170989748,1.9098037299272035,0.13359505981766742,48.143217521495615,6.3103589551704058,81.475958562600269,5.0314628555691279,230.96853714443165,0.014968624941038023,972.98503137505543,972.98503137505543,1402.8698492414148,3775.1301507585645,3775.1301507585645,16.600000000000001
158.25,116,4.0932378737918844,38.782109974081699,16.946124487961399,1.9059208093919511,0.13348530018373539,48.085246042550501,6.3034888103492746,81.625734549564058,4.9954025720256237,231.0045974279752,0.014661748174507726,972.9853382518221,972.9853382518221,1399.5061399864653,3778.4938600135138,3778.4938600135138,16.600000000000001
158.5,116,4.0983691583723365,38.839032753721355,16.865449609453609,1.9020395316831933,0.13337573796044341,48.027182818262446,6.2966050788317212,81.775347223809533,4.9596432696449542,231.04035673035591,0.014361517527722197,972.98563848246863,972.98563848246863,1396.1541505540908,3781.8458494458873,3781.8458494458873,16.600000000000001
158.75,116,4.1035185674976322,38.89602676979662,16.785041243736782,1.8981598743655956,0.13326636911398934,47.969028419225928,6.2897078300522944,81.924796263506394,4.9241822509934865,231.07581774900743,0.01406778278925638,972.98593221720705,972.98593221720705,1392.8138425312186,3785.18615746876,3785.18615746876,16.600000000000001
159,116,4.1086859819510249,38.953091597714042,16.704899097874154,1.8942818156011405,0.13315718965259488,47.910783415080978,6.2827971333203791,82.074081348471751,4.8890168437049253,231.11098315629596,0.013780397260377894,972.98621960273579,972.98621960273579,1389.4851776001221,3788.5148223998553,3788.5148223998553,16.600000000000001
159.25,116,4.1138712833594848,39.010226812335404,16.625022877706243,1.8904053341436711,0.1330481956260629,47.852448374535186,6.2758730578225901,82.22320216016729,4.8541444002466436,231.14585559975424,0.013499217670625089,972.98650078232561,972.98650078232561,1386.1681175385693,3791.831882461408,3791.831882461408,16.600000000000001
159.5,116,4.1190743541827253,39.067431987972874,16.545412287835497,1.8865304093334847,0.13293938312534234,47.794023865385384,6.2689356726251457,82.372158381696181,4.8195622976880736,231.18043770231276,0.013224104095458357,972.98677589590091,972.98677589590091,1382.8626242199612,3795.1373757800152,3795.1373757800152,16.600000000000001
159.75,116,4.1242950777023513,39.124706698384301,16.466067031611171,1.8826570210919795,0.13283074828209826,47.735510454539096,6.2619850466762266,82.520949697800475,4.7852679374711622,231.21473206252963,0.012954919875932985,972.98704508012065,972.98704508012065,1379.5686596134658,3798.4313403865085,3798.4313403865085,16.600000000000001
160,116,4.1295333380111376,39.182050516768683,16.386986811114575,1.8787851499163495,0.13272228726828902,47.676908708035377,6.255021248808311,82.669575794858162,4.751258745182886,231.24874125481801,0.01269153154034309,972.98730846845626,972.98730846845626,1376.2861857841483,3801.7138142158269,3801.7138142158269,16.600000000000001
160.25,116,4.1347890200024322,39.239463015761814,16.308171327144468,1.8749147768743324,0.13261399629574877,47.618219191065506,6.248044347740513,82.81803636088047,4.7175321703297968,231.28246782967122,0.012433808727787408,972.98756619126846,972.98756619126846,1373.015164893091,3804.9848351068845,3804.9848351068845,16.600000000000001
160.5,116,4.1400620093596734,39.296943767432104,16.229620279202777,1.8710458835990036,0.13250587161577626,47.559442467993279,6.2410544120808762,82.966331085509296,4.684085686114587,231.31591431388642,0.012181624113609063,972.9878183758824,972.9878183758824,1369.755559197511,3808.2444408024649,3808.2444408024649,16.600000000000001
160.75,116,4.1453521925460324,39.354492343276618,16.151333365480561,1.8671784522836188,0.13239790951872948,47.500579102374843,6.2340515103286611,83.11445966001456,4.650916789214647,231.3490832107864,0.011934853336662566,972.98806514665944,972.98806514665944,1366.5073310508701,3811.4926689491049,3811.4926689491049,16.600000000000001
161,116,4.1506594567941812,39.412108314217122,16.073310282844226,1.8633124656765039,0.13229010633362612,47.441629656978442,6.2270357108766241,83.262421777291522,4.6180229995626316,231.38197700043847,0.011693374928362523,972.98830662506771,972.98830662506771,1363.270442902982,3814.7295570969927,3814.7295570969927,16.600000000000001
161.25,116,4.1559836900961651,39.469791250596586,15.995550726822023,1.8594479070759919,0.13218245842774956,47.382594693803398,6.2200070820132618,83.410217131858531,4.5854018601289743,231.41459813987217,0.011457070243469602,972.9885429297525,972.9885429297525,1360.0448573001095,3817.9551426998664,3817.9551426998664,16.600000000000001
161.5,116,4.1613247811934118,39.527540722175615,15.918054391590768,1.8555847603254043,0.13207496220626033,47.323474774099196,6.2129656919250493,83.55784541985426,4.5530509367063736,231.4469490632948,0.011225823392570547,972.98877417660356,972.98877417660356,1356.8305368850565,3821.1694631149194,3821.1694631149194,16.600000000000001
161.75,116,4.1666826195668412,39.585356298129156,15.840820969962831,1.851723009808077,0.13196761411181374,47.264270458384011,6.2059116086986519,83.705306339035545,4.5209678176962171,231.47903218230496,0.010999521176210005,972.98900047881989,972.98900047881989,1353.6274443972613,3824.3725556027143,3824.3725556027143,16.600000000000001
162,116,4.1720570954270944,39.643237547043391,15.763850153373372,1.8478626404424325,0.13186041062418155,47.204982306462789,6.1988449003231176,83.852599588775021,4.4891501138969305,231.51084988610427,0.010778053020633067,972.9892219469757,972.9892219469757,1350.435542672876,3827.5644573270974,3827.5644573270974,16.600000000000001
162.25,116,4.1774480997048782,39.701184036912707,15.68714163186786,1.8440036376770916,0.13175334825988078,47.145610877445314,6.1917656346920582,83.999724870058728,4.4575954582942376,231.54240454170693,0.010561310915098401,972.98943868908134,972.98943868908134,1347.2547946448453,3830.7452053551269,3830.7452053551269,16.600000000000001
162.5,116,4.1828555240414209,39.759195335136994,15.610695094089792,1.8401459874860324,0.13164642357180617,47.086156729763616,6.184673879605791,84.146681885483872,4.4263015058533215,231.57369849414778,0.01034918935072298,972.98965081064557,972.98965081064557,1344.0851633429781,3833.9148366569934,3833.9148366569934,16.600000000000001
162.75,116,4.1882792607790433,39.817271008518929,15.534510227268715,1.8362896763637893,0.13153963314886835,47.02662042118925,6.1775697027734937,84.293470339256814,4.3952659333128556,231.60473406668822,0.010141585260820206,972.98985841473529,972.98985841473529,1340.9266118940152,3837.0733881059564,3837.0733881059564,16.600000000000001
163,116,4.1937192029518338,39.875410623261565,15.458586717208458,1.8324346913206895,0.1314329736156376,46.967002508850157,6.1704531718153026,84.440089937190677,4.3644864389809097,231.63551356102016,0.0099383979626943789,972.99006160203339,972.99006160203339,1337.7791035216917,3840.2208964782803,3840.2208964782803,16.600000000000001
163.25,116,4.1991752442764358,39.933613744966038,15.382924248275629,1.8285810198781371,0.13132644163199164,46.907303549247295,6.1633243542644074,84.586540386703476,4.3339607425327031,231.66603925746841,0.0097395291008553035,972.99026047089524,972.99026047089524,1334.6426015467937,3843.3573984531786,3843.3573984531786,16.600000000000001
163.5,116,4.2046472791429546,39.991879938629417,15.307522503388366,1.8247286500639304,0.13122003389276896,46.847524098270839,6.1561833175691305,84.732821396815908,4.3036865848101966,231.6963134151909,0.0095448825916176899,972.99045511740428,972.99045511740428,1331.5170693872096,3846.4829306127631,3846.4829306127631,16.600000000000001
163.75,116,4.210135202605942,40.050208768642811,15.232381164005323,1.8208775704076237,0.13111374712742666,46.787664711216095,6.1490301290949736,84.878932678149496,4.2736617276235078,231.72633827237757,0.0093543645690510289,972.99064563542709,972.99064563542709,1328.4024705579784,3849.5975294419945,3849.5975294419945,16.600000000000001
164,116,4.215638910375521,40.10859979878952,15.1574999101149,1.8170277699359221,0.13100757809970312,46.727725942799218,6.1418648561266496,85.024873942924557,4.2438839535541213,231.75611604644692,0.0091678833322463536,972.9908321166638,972.9908321166638,1325.2987686713325,3852.7012313286418,3852.7012313286418,16.600000000000001
164.25,116,4.2211582988085947,40.167052592243479,15.082878420224715,1.8131792381681209,0.13090152360728577,46.667708347172415,6.1346875658700926,85.170644904958309,4.2143510657599048,231.78564893424115,0.0089853492938672362,972.99101465070214,972.99101465070214,1322.2059274367336,3855.7940725632407,3855.7940725632407,16.600000000000001
164.5,116,4.2266932649001605,40.225566711567694,15.008516371351364,1.8093319651115749,0.13079558048148263,46.607612477938936,6.1274983254544351,85.316245279663107,4.1850608877818969,231.81493911221921,0.0088066749299531115,972.99119332506632,972.99119332506632,1319.1239106609066,3858.8760893390686,3858.8760893390686,16.600000000000001
164.75,116,4.2322437062747467,40.28414171871308,14.934413439010335,1.8054859412572113,0.13068974558689889,46.547438888167889,6.1202972019339876,85.461674784044575,4.1560112633528625,231.84398873664821,0.0086317747309439287,972.99136822526555,972.99136822526555,1316.052682247868,3861.9473177521077,3861.9473177521077,16.600000000000001
165,116,4.2378095211779243,40.342777175017233,14.860569297206247,1.8016411575750733,0.13058401582111775,46.487188130408455,6.1130842622901698,85.606933136699823,4.1272000562075828,231.87279994379344,0.0084605651538957657,972.99153943484282,972.99153943484282,1312.9922061989489,3865.0077938010272,3865.0077938010272,16.600000000000001
165.25,116,4.2433906084679345,40.401472641203547,14.786983618423276,1.7977976055099025,0.1304783881143862,46.426860756704045,6.1058595734334355,85.752020057815855,4.0986251498949073,231.90137485010609,0.0082929645758579914,972.99170703542109,972.99170703542109,1309.9424466128155,3868.0575533871611,3868.0575533871611,16.600000000000001
165.5,116,4.248986867607413,40.46022767738026,14.713656073615869,1.7939552769767539,0.13037285942930382,46.366457318606081,6.0986232022051734,85.896935269167741,4.0702844475914945,231.92971555240948,0.0081288932483830519,972.9918711067487,972.9918711067487,1306.9033676854826,3871.0966323144958,3871.0966323144958,16.600000000000001
165.75,116,4.2545981986552128,40.51904184304,14.640586332199625,1.7901141643566472,0.13026742676051725,46.305978367187429,6.0913752153795704,86.041678494117136,4.0421758719172756,231.95782412808367,0.0079682732531409957,972.99203172674402,972.99203172674402,1303.8749337103236,3874.1250662896546,3874.1250662896546,16.600000000000001
166,116,4.2602245022583372,40.577914697059171,14.567774062042496,1.7862742604922497,0.1301620871344181,46.24542445305562,6.0841156796654801,86.186249457610643,4.0142973647526095,231.98570263524832,0.0078110284586112274,972.99218897153844,972.99218897153844,1300.8571090780786,3877.1428909218998,3877.1428909218998,16.600000000000001
166.25,116,4.2658656796439436,40.63684579769771,14.495218929456147,1.7824355586835947,0.13005683760884484,46.184796126365725,6.0768446617082397,86.330647886178355,3.986646887057121,232.01335311294375,0.0076570844778249486,972.99234291551932,972.99234291551932,1297.8498582768541,3880.1501417231239,3880.1501417231239,16.600000000000001
166.5,116,4.2715216326114662,40.695834702598823,14.422920599187629,1.7785980526838294,0.12995167527278922,46.124093936832928,6.0695622280914856,86.474873507932244,3.9592224186901848,232.04077758131069,0.0075063686271322153,972.99249363136994,972.99249363136994,1294.8531458921232,3883.1468541078557,3883.1468541078557,16.600000000000001
166.75,116,4.2771922635248307,40.754880968789074,14.350878734411209,1.7747617366949979,0.12984659724610617,46.063318433744833,6.0622684453389306,86.618926052564831,3.9320219582330829,232.06797804176779,0.0073588098859683126,972.99264119011139,972.99264119011139,1291.8669366067161,3886.1330633932635,3886.1330633932635,16.600000000000001
167,116,4.2828774753047538,40.813984152678501,14.279092996720482,1.7709266053638544,0.12974160067922783,46.002470165973492,6.054963379916126,86.762805251347672,3.9050435228127776,232.09495647718805,0.0072143388575947112,972.99278566113969,972.99278566113969,1288.8911952008125,3889.1088047991675,3889.1088047991675,16.600000000000001
167.25,116,4.2885771714211423,40.873143810060945,14.207563046120708,1.7670926537777056,0.12963668275288195,45.941549681987148,6.0476470982321988,86.906510837130227,3.878285147927321,232.12171485207352,0.0070728877307905443,972.99292711226667,972.99292711226667,1285.9258865519248,3892.0741134480563,3892.0741134480563,16.600000000000001
167.5,116,4.2942912558855859,40.932359496114465,14.136288541021349,1.7632598774602906,0.1295318406778127,45.880557529861655,6.0403196666415644,87.050042544338169,3.8517448872728703,232.14825511272792,0.0069343902424711112,972.99306560975492,972.99306560975492,1282.9709756348807,3895.0290243651002,3895.0290243651002,16.600000000000001
167.75,116,4.3000196332439371,40.991630765402022,14.065269138228912,1.75942827236768,0.12942707169450696,45.819494257291687,6.0329811514456129,87.193400108972469,3.825420812572299,232.17457918742849,0.0067987816412105207,972.99320121835649,972.99320121835649,1280.0264275218008,3897.9735724781799,3897.9735724781799,16.600000000000001
168,116,4.3057622085689875,41.050957171872184,13.994504492939914,1.7555978348842127,0.12932237307292291,45.758360411601551,6.0256316188943861,87.33658326860791,3.7993110134053865,232.2006889865954,0.0066659986516461583,972.99333400134606,972.99333400134606,1277.0922073820727,3900.9077926179066,3900.9077926179066,16.600000000000001
168.25,116,4.3115188874532242,41.110338268860119,13.923994258734171,1.7517685618184589,0.12921774211222287,45.697156539755824,6.0182711351882103,87.479591762392005,3.7734135970405815,232.22658640296018,0.0065359794397432062,972.99346402055778,972.99346402055778,1274.1682804823233,3903.8317195176583,3903.8317195176583,16.600000000000001
168.5,116,4.3172895760016949,41.169773609088658,13.853738087568242,1.7479404503992129,0.12911317614050941,45.635883188369782,6.0108997664793105,87.622425331043786,3.7477266882683216,232.25227331173235,0.0064086635788980183,972.99359133641849,972.99359133641849,1271.2546121863775,3906.7453878136034,3906.7453878136034,16.600000000000001
168.75,116,4.3230741808249311,41.229262744669484,13.783735629769179,1.7441134982715112,0.12900867251456544,45.574540903719367,6.0035175788734154,87.765083716852786,3.7222484292358904,232.27775157076479,0.0062839920168596582,972.99371600798065,972.99371600798065,1268.3511679552314,3909.6488320447488,3909.6488320447488,16.600000000000001
169,116,4.3288726090319871,41.288805227104604,13.7139865340284,1.7402877034926814,0.12890422861959702,45.513130231751006,5.9961246384313247,87.907566663677798,3.6969769792838059,232.30302302071686,0.0061619070434494371,972.99383809295398,972.99383809295398,1265.4579133470043,3912.5420866529762,3912.5420866529762,16.600000000000001
169.25,116,4.3346847682235525,41.348400607287793,13.644490447395878,1.7364630645284163,0.12879984186898047,45.451651718091135,5.9887210111704512,88.049873916945913,3.6719105147837299,232.32808948521691,0.0060423522590588169,972.99395764773828,972.99395764773828,1262.5748140168973,3915.4251859830842,3915.4251859830842,16.600000000000001
169.5,116,4.3405105664851495,41.408048435506387,13.575247015274515,1.7326395802488757,0.12869550970401186,45.390105908055482,5.9813067630663515,88.19200522365152,3.6470472289778768,232.35295277102273,0.0059252725439064517,972.99407472745338,972.99407472745338,1259.7018357171426,3918.298164282839,3918.298164282839,16.600000000000001
169.75,116,4.3463499123804139,41.467748261442956,13.506255881414711,1.7288172499248144,0.12859122959366043,45.32849334665805,5.9738819600542081,88.333960332355304,3.6223853318199102,232.37761466818071,0.0058106140280357625,972.99418938596943,972.99418938596943,1256.8389442969574,3921.1610557030235,3921.1610557030235,16.600000000000001
170,116,4.3522027149444611,41.527499634177495,13.437516687909223,1.7249960732237355,0.12848699903432514,45.266814578619908,5.9664466680303221,88.475738993183256,3.5979230498173247,232.40207695018327,0.0056983240620347535,972.99430167593539,972.99430167593539,1253.9861057024841,3924.0138942974963,3924.0138942974963,16.600000000000001
170.25,116,4.3580688836773458,41.587302102189369,13.369029075188172,1.7211760502060682,0.12838281554959405,45.205070148377537,5.9590009528535512,88.617340957825832,3.5736586258752858,232.42634137412531,0.0055883511884603498,972.99441164880898,972.99441164880898,1251.1432859767358,3926.8567140232444,3926.8567140232444,16.600000000000001
170.5,116,4.3639483285375924,41.647155213359738,13.30079268201432,1.7173571813213746,0.12827867669000748,45.14326060009121,5.9515448803467379,88.758765979537131,3.5495903191419234,232.45040968085871,0.0054806451139499182,972.99451935488366,972.99451935488366,1248.310451259533,3929.6895487404477,3929.6895487404477,16.600000000000001
170.75,116,4.3698409599358099,41.707058514973838,13.232807145478537,1.7135394674045752,0.12817458003282364,45.081386477652877,5.9440785162981111,88.900013813133867,3.5257164048550731,232.47428359514549,0.0053751566820030962,972.99462484331571,972.99462484331571,1245.4875677874388,3932.5124322125416,3932.5124322125416,16.600000000000001
171,116,4.3757466887283769,41.767011553723691,13.165072100995491,1.7097229096722046,0.1280705231817878,45.019448324693869,5.9366019264626626,89.041084214994797,3.5020351741904356,232.49796482581013,0.0052718378464174523,972.99472816215143,972.99472816215143,1242.6746018936947,3935.3253981062867,3935.3253981062867,16.600000000000001
171.25,116,4.3816654262112351,41.827013875710726,13.097587182299574,1.7059075097186871,0.12796650376690388,44.957446684592377,5.9291151765634957,89.181976943059794,3.4785449341111536,232.5214550658894,0.0051706416453619246,972.99482935835226,972.99482935835226,1239.8715200081465,3938.1284799918349,3938.1284799918349,16.600000000000001
171.5,116,4.3875970841137253,41.887065026448688,13.030352021441017,1.7020932695126372,0.12786251944420973,44.895382100480681,5.9216183322931606,89.322691756829158,3.4552440072187935,232.54475599278177,0.0050715221760724068,972.99492847782165,972.99492847782165,1237.0782886571715,3940.9217113428085,3940.9217113428085,16.600000000000001
171.75,116,4.3935415745925388,41.947164550866567,12.963366248782229,1.6982801913931838,0.12775856789555454,44.833255115252086,5.9141114593149489,89.463228417362828,3.4321307316057177,232.56786926839487,0.0049744345701542049,972.99502556542757,972.99502556542757,1234.2948744636037,3943.7051255363763,3943.7051255363763,16.600000000000001
172,116,4.3994988102257153,42.007311993311809,12.896629492994347,1.6944682780663132,0.12765464682837951,44.771066271567697,5.9065946232641808,89.603586687279929,3.4092034607088353,232.59079653929183,0.0048793349694764522,972.99512066502803,972.99512066502803,1231.5212441466495,3946.4787558533299,3946.4787558533299,16.600000000000001
172.25,116,4.4054687040067284,42.067506897553606,12.830141381054011,1.690657532601241,0.12755075397550159,44.708816111862852,5.8990678897494506,89.743766330757779,3.3864605631647176,232.61353943683594,0.0047861805026440428,972.99521381949478,972.99521381949478,1228.7573645218104,3949.2426354781674,3949.2426354781674,16.600000000000001
172.5,116,4.4114511693386644,42.127748806786236,12.763901538240329,1.6868479584268017,0.1274468870948994,44.646505178353316,5.8915313243538652,89.883767113531647,3.3639004226660685,232.63609957733456,0.0046949292620328785,972.9953050707353,972.9953050707353,1226.0032025007943,3951.996797499185,3951.996797499185,16.600000000000001
172.75,116,4.4174461200284485,42.188037263632687,12.697909588132068,1.6830395593278611,0.12734304396950227,44.584134013041414,5.883984992636238,90.023588802893798,3.3415214378195435,232.6584785621811,0.0046055402813746605,972.99539445971584,972.99539445971584,1223.258725091428,3954.7412749085511,3954.7412749085511,16.600000000000001
173,116,4.4234534702811654,42.248371810148384,12.632165152605056,1.6792323394417474,0.12723922240698177,44.521703157721639,5.876428960132289,90.163231167693155,3.3193220220048874,232.68067797799574,0.0045179735138777596,972.99548202648339,972.99548202648339,1220.5238993975652,3957.4761006024141,3957.4761006024141,16.600000000000001
173.25,116,4.4294731346944429,42.308751987824934,12.566667851829767,1.6754263032547105,0.12713542023954605,44.45921315398629,5.8688632923557842,90.302693978334773,3.2973006032354073,232.70269939676524,0.0044321898108710695,972.99556781018623,972.99556781018623,1217.7986926189944,3960.2013073809853,3960.2013073809853,16.600000000000001
173.5,116,4.4355050282529191,42.369177337594159,12.501417304269156,1.6716214555983908,0.12703163532373679,44.396664543230713,5.8612880547996706,90.441977006779183,3.2754556240197368,232.72454437598091,0.0043481509009580342,972.99565184909613,972.99565184909613,1215.0830720513416,3962.9169279486364,3962.9169279486364,16.600000000000001
173.75,116,4.4415490663227706,42.42964739983222,12.436413126676658,1.6678178016463205,0.12692786554022836,44.334057866658384,5.8537033129371947,90.58108002654204,3.2537855412249117,232.74621445877568,0.0042658193696683885,972.99573418062766,972.99573418062766,1212.3770050859716,3965.622994914007,3965.622994914007,16.600000000000001
174,116,4.4476051646463279,42.490161714363843,12.371654934094407,1.6640153469104366,0.12682410879363007,44.271393665285686,5.8461091322229715,90.720002812693664,3.2322888259407168,232.76771117405991,0.0041851586395954595,972.99581484135763,972.99581484135763,1209.6804592098849,3968.319540790093,3968.319540790093,16.600000000000001
174.25,116,4.4536732393367462,42.550719820466682,12.307142339851682,1.6602140972376163,0.12672036301229045,44.208672479946621,5.8385055780940505,90.858745141858563,3.2109639633453151,232.78903603665535,0.0041061329510071456,972.99589386704633,972.99589386704633,1206.9934020056155,3971.0065979943629,3971.0065979943629,16.600000000000001
174.5,116,4.4597532068727483,42.61132125687579,12.242874955563515,1.6564140588062315,0.12661662614810398,44.145894851297079,5.8308927159709505,90.997306792214943,3.189809452572137,232.81019054742848,0.0040287073429190407,972.9959712926543,972.9959712926543,1204.3158011511216,3973.6841988488559,3973.6841988488559,16.600000000000001
174.75,116,4.4658449840934527,42.671965561788369,12.178852391129531,1.6526152381227233,0.12651289617632069,44.08306131981908,5.823270611258673,91.135687543494512,3.1688238065780192,232.83117619342258,0.0039528476346184123,972.99604715236251,972.99604715236251,1201.6476244196808,3976.3523755802971,3976.3523755802971,16.600000000000001
175,116,4.4719484881932638,42.732652272868499,12.115074254732985,1.6488176420181939,0.12640917109535732,44.020172425824654,5.8156393293476842,91.273887176981987,3.1480055520125845,232.85199444798801,0.0038785204076280371,972.99612147958965,972.99612147958965,1198.9888396797739,3979.0111603202058,3979.0111603202058,16.600000000000001
175.25,116,4.4780636367168105,42.793380927252002,12.051540152839985,1.6450212776450199,0.12630544892661194,43.957228709459542,5.8079989356148713,91.411905475514843,3.1273532290888451,232.87264677091173,0.0038056929880991787,972.99619430700943,972.99619430700943,1196.3394148949717,3981.6605851050076,3981.6605851050076,16.600000000000001
175.5,116,4.4841903475539926,42.85415106155147,11.988249690198927,1.6412261524734799,0.1262017277142797,43.894230710706772,5.8003494954244941,91.549742223482937,3.106865391455035,232.89313460854549,0.0037343334296232539,972.99626566656787,972.99626566656787,1193.6993181238215,3984.3006818761569,3984.3006818761569,16.600000000000001
175.75,116,4.4903285389350556,42.914962211861472,11.925202469840118,1.6374322742884027,0.12609800552517142,43.83117896938986,5.7926910741290838,91.687397206828251,3.0865406060676377,232.91345939393287,0.003664410496451981,972.9963355895012,972.9963355895012,1191.0685175197266,3986.9314824802514,3986.9314824802514,16.600000000000001
176,116,4.4964781294257534,42.975813913763872,11.862398093075605,1.6336396511858315,0.12599428044853478,43.768074025175956,5.7850237370703441,91.824870213044605,3.0663774530656176,232.9336225469348,0.0035958936471160814,972.99640410635038,972.99640410635038,1188.4469813308249,3989.5530186691517,3989.5530186691517,16.600000000000001
176.25,116,4.5026390379225765,43.036705702333158,11.799836159499209,1.6298482915697095,0.12589055059587659,43.704916417578623,5.7773475495800044,91.962161031177459,3.046374525645835,232.95362547435454,0.0035287530184328255,972.99647124697913,972.99647124697913,1185.834677899868,3992.1653221001084,3992.1653221001084,16.600000000000001
176.5,116,4.5088111836480396,43.097637112142039,11.737516266986706,1.6260582041485765,0.12578681410078862,43.641706685960486,5.7696625769806786,92.099269451823645,3.0265304299396312,232.97346957006073,0.003462959409892977,972.99653704058744,972.99653704058744,1183.231575664093,3994.7684243358826,3994.7684243358826,16.600000000000001
176.75,116,4.514994486146036,43.158607677267078,11.675438011696276,1.6222693979322897,0.12568306911877419,43.578445369535729,5.7619688845866666,92.236195267131137,3.0068437848905805,232.99315621510979,0.0033984842684179149,972.99660151572891,972.99660151572891,1180.6376431550984,3997.3623568448779,3997.3623568448779,16.600000000000001
177,116,4.5211888652772565,43.219616931294524,11.613600988069079,1.6184818822287537,0.12557931382707796,43.515133007372292,5.7542665377047522,92.37293827079894,2.9873132221334053,233.012686777867,0.0033352996734779226,972.99666470032378,972.99666470032378,1178.0528489987123,3999.9471510012636,3999.9471510012636,16.600000000000001
177.25,116,4.5273942412146715,43.280664407326164,11.552004788830047,1.6146956666406742,0.12547554642451703,43.451770138393883,5.7465556016349666,92.509498258076803,2.9679373858740186,233.0320626141264,0.0032733783225629034,972.99672662167461,972.99672662167461,1175.4771619148635,4002.5228380851145,4002.5228380851145,16.600000000000001
177.5,116,4.5336105344390765,43.34174963798543,11.490649004988898,1.610910761062323,0.12537176513131451,43.388357301381788,5.7388361416713556,92.645875025765193,2.9487149327707098,233.05128506722966,0.0032126935169969539,972.9967873064802,972.9967873064802,1172.9105507174436,4005.0894492825346,4005.0894492825346,16.600000000000001
177.75,116,4.5398376657346997,43.402872155423452,11.429533225841261,1.6071271756763197,0.12526796818893479,43.324895034976535,5.7311082231026784,92.782068372215164,2.9296445318164528,233.07035546818383,0.0031532191480884405,972.99684678084941,972.99684678084941,1170.3529843141764,4007.6470156858009,4007.6470156858009,16.600000000000001
178,116,4.5460755561848742,43.464031491325429,11.368657038970083,1.603344920950432,0.12516415385992108,43.261383877679293,5.7233719112131141,92.918078097328049,2.9107248642223209,233.08927513577797,0.0030949296836074759,972.99690507031391,972.99690507031391,1167.8044317064785,4010.1955682934977,4010.1955682934977,16.600000000000001
178.25,116,4.5523241271677639,43.525227176916957,11.308020030247143,1.5995640076343887,0.12506032042773454,43.197824367853116,5.7156272712829388,93.053904002555583,2.8919546233020119,233.10804537669824,0.0030378001545828402,972.99696219984298,972.99696219984298,1165.2648619893203,4012.7351380106561,4012.7351380106561,16.600000000000001
178.5,116,4.5585833003521659,43.586458742970564,11.247621783834807,1.5957844467567091,0.12495646619659569,43.134217043723908,5.7078743685891773,93.189545890899737,2.8733325143574597,233.12666748564283,0.0029818061424106103,972.99701819385496,972.99701819385496,1162.7342443510847,4015.2657556488925,4015.2657556488925,16.600000000000001
178.75,116,4.5648529976933441,43.647725719812343,11.187461882187932,1.5920062496215481,0.12485258949132719,43.070562443381377,5.7001132684062261,93.325003566912514,2.8548572545655335,233.14514274543484,0.0029269237662669649,972.99707307623135,972.99707307623135,1160.2125480734232,4017.7874519265556,4017.7874519265556,16.600000000000001
179,116,4.5711331414289678,43.709027637328688,11.127539906055977,1.5882294278055562,0.12474868865719901,43.006861104779532,5.6923440360064621,93.460276836696167,2.836527572865807,233.16347242713462,0.0028731296708177888,972.99712687032661,972.99712687032661,1157.6997425311133,4020.3002574688639,4020.3002574688639,16.600000000000001
179.25,116,4.5774236540750541,43.770364024973091,11.067855434485308,1.5844539931547525,0.1246447620597752,42.943113565737271,5.684566736660817,93.59536550790294,2.8183422098493867,233.18165779015098,0.0028204010142179126,972.99717959898317,972.99717959898317,1155.1957971919112,4022.8042028080677,4022.8042028080677,16.600000000000001
179.5,116,4.5837244584220143,43.831734411773226,11.008408044821609,1.5806799577814148,0.1245408080847622,42.879320363938533,5.6767814356393478,93.730269389735184,2.8002999176488075,233.19970008235151,0.002768715456392983,972.99723128454093,972.99723128454093,1152.7006816164021,4025.2993183835765,4025.2993183835765,16.600000000000001
179.75,116,4.5900354775307362,43.893138326337869,10.949197312712585,1.5769073340609836,0.12443682513785932,42.815482036932494,5.6689881982117676,93.864988292945156,2.7823994598289548,233.21760054017139,0.0027180511475971255,972.99728194884972,972.99728194884972,1150.214365457852,4027.7856345421255,4027.7856345421255,16.600000000000001
180,116,4.5963566347287266,43.954575296864292,10.890222812110766,1.5731361346289772,0.12433281164461074,42.751599122133342,5.6611870896479415,93.999522029835163,2.7646396112790326,233.2353603887214,0.0026683867172397624,972.99733161328015,972.99733161328015,1147.736818462057,4030.2631815379204,4030.2631815379204,16.600000000000001
180.25,116,4.6026878536063149,44.016044851145402,10.831484115276517,1.5693663723779268,0.12422876605025915,42.687672156820049,5.6533781752184016,94.133870414257629,2.7470191581055525,233.25298084189487,0.0026197012629750665,972.99738029873458,972.99738029873458,1145.2680104671883,4032.7319895327892,4032.7319895327892,16.600000000000001
180.5,116,4.6090290580129141,44.077546516577222,10.772980792781206,1.5655980604543185,0.1241246868196013,42.623701678135923,5.6455615201947937,94.268033261614931,2.7295368975263385,233.27046310247403,0.002571974340047732,972.99742802565754,972.99742802565754,1142.807911403637,4035.1920885963409,4035.1920885963409,16.600000000000001
180.75,116,4.6153801720533236,44.139079820166359,10.71471241351059,1.5618312122555558,0.12402057243684496,42.559688223087889,5.637737189850327,94.402010388859594,2.7121916377655362,233.28780836223476,0.0025251859508888769,972.99747481404677,972.99747481404677,1140.3564912938612,4037.6435087061172,4037.6435087061172,16.600000000000001
181,116,4.6217411200841072,44.200644288537724,10.656678544668312,1.5580658414269299,0.12391642140546763,42.495632328545717,5.6299052494602009,94.535801614494147,2.6949821979496256,233.30501780205074,0.0024793165349560522,972.99752068346265,972.99752068346265,1137.9137202522231,4040.0862797477557,4040.0862797477557,16.600000000000001
181.25,116,4.628111826710013,44.262239447942193,10.598878751779644,1.554301961858606,0.12381223224807694,42.431534531241041,5.622065764301988,94.669406758571398,2.6779074080044114,233.32209259199595,0.002434346958811479,972.99756565303881,972.99756565303881,1135.4795684848345,4042.5204315151441,4042.5204315151441,16.600000000000001
181.5,116,4.6344922167804485,44.323864824264447,10.541312598695331,1.5505395876826253,0.12370800350627234,42.367395367766093,5.6142187996560287,94.802825642694344,2.6609661085530028,233.3390338914474,0.0023902585064327704,972.99760974149103,972.99760974149103,1133.0540062893933,4044.9459937105848,4044.9459937105848,16.600000000000001
181.75,116,4.6408822153860179,44.385519943030978,10.483979647595667,1.5467787332699137,0.12360373374050863,42.303215374572474,5.6063644208057699,94.936058090016346,2.6441571508147534,233.35584284918565,0.0023470328697505656,972.99765296712792,972.99765296712792,1130.6370040550221,4047.3629959449559,4047.3629959449559,16.600000000000001
182,116,4.6472817478551001,44.447204329418007,10.426879458994707,1.543019413227309,0.12349942152996102,42.238995087969506,5.5985026930381023,95.069103925241066,2.6274793965051715,233.37252060349519,0.0023046521394076026,972.99769534785833,972.99769534785833,1128.2285322621037,4049.771467737874,4049.771467737874,16.600000000000001
182.25,116,4.6536907397504885,44.508917508259799,10.370011591744646,1.5392616423945986,0.12339506547239139,42.174735044122627,5.5906336816436673,95.201962974622731,2.6109317177367721,233.38906828226351,0.0022630987957339113,972.99773690120185,972.99773690120185,1125.82856148212,4052.171438517858,4052.171438517858,16.600000000000001
182.5,116,4.6601091168660815,44.570659004056736,10.313375603040392,1.5355054358415701,0.12329066418401631,42.110435779051485,5.5827574519171481,95.334635065966054,2.5945129969208809,233.40548700307943,0.0022223556999329472,972.9977776442978,972.9977776442978,1123.4370623774789,4054.5629376224992,4054.5629376224992,16.600000000000001
182.75,116,4.66653680522362,44.632428340983807,10.256971048424282,1.5317508088650746,0.12318621629937654,42.046097828628021,5.5748740691575289,95.467120028626397,2.5782221266703664,233.42177787333003,0.002182406085473584,972.99781759391203,972.99781759391203,1121.0540057013527,4056.9459942986255,4056.9459942986255,16.600000000000001
183,116,4.6729737310694839,44.694225042898978,10.200797481790968,1.5279977769861008,0.12308172047120765,41.981721728574172,5.5669835986683385,95.599417693509906,2.5620580097033065,233.43794199029713,0.0021432335496830474,972.99785676644785,972.99785676644785,1118.6793622975069,4059.3206377024726,4059.3206377024726,16.600000000000001
183.25,116,4.6794198208715327,44.756048633351718,10.144854455392476,1.5242463559468669,0.12297717537031243,41.917308014459536,5.5590861057578786,95.731527893073647,2.5460195587475578,233.4539804412529,0.002104822045535951,972.99789517795193,972.99789517795193,1116.3131031001299,4061.6868968998506,4061.6868968998506,16.600000000000001
183.5,116,4.6858750013159955,44.817898635591717,10.089141519843416,1.5204965617079127,0.12287257968543445,41.852857221698933,5.5511816557394145,95.863450461325627,2.5301056964462498,233.46989430355416,0.002067155873634749,972.99793284412362,972.99793284412362,1113.9551991336598,4064.0448008663207,4064.0448008663207,16.600000000000001
183.75,116,4.6923391993044232,44.879774572577531,10.033658224126365,1.5167484104452198,0.12276793212313311,41.788369885549692,5.5432703139313597,95.995185233824955,2.5143153552641695,233.48568464473627,0.0020302196743770184,972.99796978032271,972.99796978032271,1111.6056215126171,4066.3943784873622,4066.3943784873622,16.600000000000001
184,116,4.6988123419506662,44.941675966985493,9.9784041155974048,1.5130019185473296,0.12266323140765989,41.723846541108855,5.5353521456574324,96.126732047682054,2.4986474773950405,233.5013525226054,0.0019939984203050922,972.99800600157687,972.99800600157687,1109.2643414414265,4068.7356585585517,4068.7356585585517,16.600000000000001
184.25,116,4.7052943565779364,45.003602341218553,9.9233787399918256,1.509257102612481,0.12255847628083621,41.659287723310193,5.5274272162467835,96.25809074155859,2.4831010146696846,233.51689898533078,0.0019584774086336878,972.99804152258855,972.99804152258855,1106.9313302142436,4071.0686697857341,4071.0686697857341,16.600000000000001
184.5,116,4.7117851707158778,45.065553217415321,9.8685816414299641,1.5055139794457544,0.12245366550193217,41.594693966921099,5.5194955910341212,96.389261155667867,2.4676749284650654,233.53232507153541,0.0019236422539512729,972.99807635774312,972.99807635774312,1104.6065592147786,4073.3934407851984,4073.3934407851984,16.600000000000001
184.75,116,4.7182847120977121,45.127528117459235,9.8140123624232345,1.5017725660562349,0.12234879784754686,41.530065806539262,5.5115573353598029,96.520243131774663,2.4523681896141873,233.54763181038632,0.0018894788810910096,972.99811052111636,972.99811052111636,1102.2899999161189,4075.7100000838577,4075.7100000838577,16.600000000000001
185,116,4.7247929086574221,45.189526562987638,9.7596704438802817,1.4980328796541786,0.12224387211149,41.465403776589284,5.5036125145698991,96.651036513195621,2.4371797783168683,233.56282022168364,0.0018559735181672362,972.99814402647917,972.99814402647917,1099.9816238805502,4078.0183761194244,4078.0183761194244,16.600000000000001
185.25,116,4.731309688526987,45.251548075401104,9.705555425113328,1.4942949376481947,0.12213888710466467,41.400708411319059,5.4956611940162583,96.781641144799281,2.4221086840513477,233.57789131594924,0.0018231126897735362,972.99817688730718,972.99817688730718,1097.6814027593807,4080.318597240594,4080.318597240594,16.600000000000001
185.5,116,4.7378349800336599,45.313592175872849,9.6516668438446303,1.4905587576424368,0.12203384165495108,41.335980244796112,5.487703439056526,96.912056873006108,2.4071539054867537,233.59284609451385,0.0017908832103385255,972.99820911678671,972.99820911678671,1095.3893082927564,4082.6106917072166,4082.6106917072166,16.600000000000001
185.75,116,4.744368711697291,45.375658385358122,9.5980042362131091,1.4868243574338078,0.12192873460709208,41.271219810903723,5.4797393150541609,97.042283545788862,2.3923144503963996,233.60768554960418,0.0017592721776356101,972.99824072781939,972.99824072781939,1093.1053123094835,4084.8946876904884,4084.8946876904884,16.600000000000001
186,116,4.7509108122276968,45.43774622460375,9.544567136781124,1.4830917550091762,0.12182356482257928,41.206427643336845,5.471768887378424,97.172321012672597,2.3775893355718956,233.62241066442866,0.0017282669664430424,972.99827173303061,972.99827173303061,1090.8293867268449,4087.1706132731279,4087.1706132731279,16.600000000000001
186.25,116,4.7574612105220799,45.499855214157797,9.4913550785414316,1.4793609685425961,0.12171833117954071,41.141604275598027,5.4637922214043542,97.302169124734775,2.3629775867381055,233.63702241326249,0.0016978552223506926,972.99830214477481,972.99830214477481,1088.5615035504154,4089.438496449558,4089.438496449558,16.600000000000001
186.5,116,4.7640198356624834,45.561984874379242,9.4383675929242248,1.4756320163925483,0.12161303257262938,41.076750240993135,5.4558093825127054,97.431827734605449,2.3484782384688936,233.65152176153171,0.0016680248557100488,972.9983319751417,972.9983319751417,1086.3016348738802,4091.6983651260939,4091.6983651260939,16.600000000000001
186.75,116,4.7705866169133122,45.62413472544776,9.3856042098043808,1.4719049170991856,0.1215076679129132,41.011866072626852,5.4478204360898888,97.561296696467451,2.3340903341036867,233.66590966589692,0.001638764035724029,972.99836123596174,972.99836123596174,1084.0497528788494,4093.9502471211254,4093.9502471211254,16.600000000000001
187,116,4.7771614837188618,45.686304287373588,9.3330644575088186,1.468179689381591,0.12140223612776584,40.94695230339822,5.4398254475278804,97.690575866056435,2.3198129256648379,233.68018707433578,0.0016100611846732948,972.99838993881281,972.99838993881281,1081.8058298346709,4096.1941701653041,4096.1941701653041,16.600000000000001
187.25,116,4.7837443657009153,45.748493080007464,9.2807478628240112,1.4644563521350455,0.12129673616075876,40.88200946599585,5.431824482224104,97.819665100660984,2.3056450737757594,233.6943549262248,0.0015819049722758083,972.99841809502539,972.99841809502539,1079.569838098246,4098.4301619017297,4098.4301619017297,16.600000000000001
187.5,116,4.7903351926563955,45.810700623050643,9.2286539510036558,1.4607349244283068,0.1211911669715542,40.817038092893135,5.423817605581311,97.94856425912279,2.2915858475798649,233.70841415242077,0.0015542843101764806,972.99844571568781,972.99844571568781,1077.3417501138399,4100.6582498861353,4100.6582498861353,16.600000000000001
187.75,116,4.7969338945550293,45.872926436065001,9.1767822457764616,1.4570154255008996,0.12108552753579936,40.752038716343293,5.4158048830074224,98.077273201836888,2.2776343246602706,233.72236567534043,0.001527188346563815,972.99847281165125,972.99847281165125,1075.1215384128946,4102.8784615870827,4102.8784615870827,16.600000000000001
188,116,4.803540401537064,45.935170038483243,9.1251322693540917,1.4532978747604153,0.12097981684502171,40.687011868374285,5.4077863799153674,98.205791790751562,2.2637895909602594,233.73621040904044,0.0015006064609105392,972.99849939353703,972.99849939353703,1072.909175613838,4105.0908243861404,4105.0908243861404,16.600000000000001
188.25,116,4.8101546439110452,45.997430949619037,9.0737035424392403,1.4495822917798216,0.12087403390652496,40.621958080783578,5.3997621617228964,98.334119889368651,2.2500507407045243,233.74994925929613,0.001474528258835283,972.9985254717393,972.9985254717393,1070.7046344218982,4107.2953655780802,4107.2953655780802,16.600000000000001
188.5,116,4.8167765521516088,46.059708688677475,9.0224955842338534,1.4458686962947829,0.12076817774328645,40.556877885132863,5.3917322938523702,98.462257362743543,2.2364168763211443,233.76358312367947,0.0014489435670824353,972.9985510564311,972.9985510564311,1068.5078876289078,4109.4921123710701,4109.4921123710701,16.600000000000001
188.75,116,4.8234060568973351,46.122002774765321,8.9715079124474713,1.4421571082009916,0.12066224739385516,40.491771812742499,5.3836968417305355,98.590204077485382,2.2228871083643229,233.77711289163628,0.0014238424286173821,972.9985761575698,972.9985761575698,1066.3189081131168,4111.6810918868614,4111.6810918868614,16.600000000000001
189,116,4.8300430889486297,46.184312726901602,8.9207400433057273,1.4384475475515088,0.12055624191225094,40.426640394685997,5.3756558707882798,98.717959901756927,2.209460555437857,233.79053944456271,0.0013992150978343956,972.99860078490065,972.99860078490065,1064.1376688389973,4113.8623311609808,4113.8623311609808,16.600000000000001
189.25,116,4.8366875792656536,46.246638064028062,8.8701914915589661,1.4347400345541139,0.12045016036786477,40.36148416178434,5.3676094464603734,98.845524705275025,2.1961363441193353,233.80386365588129,0.0013750520358745098,972.99862494796253,972.99862494796253,1061.9641428570546,4116.0358571429242,4116.0358571429242,16.600000000000001
189.5,116,4.8433394589662875,46.3089783050197,8.8198617704909967,1.4310345895686678,0.12034400184535951,40.29630364460003,5.3595576341851849,98.972898359310449,2.182913608885074,233.81708639111559,0.0013513439060507814,972.99864865609231,972.99864865609231,1059.7983033036298,4118.2016966963483,4118.2016966963483,16.600000000000001
189.75,116,4.8499986593241378,46.371332968695583,8.7697503919279907,1.427331233104483,0.12023776544457215,40.231099373431263,5.3515004994043816,99.100080736688,2.1697914920357588,233.83020850796495,0.0013280815693784043,972.99867191842895,972.99867191842895,1057.6401234007089,4120.3598765992683,4120.3598765992683,16.600000000000001
190,116,4.8566651117665858,46.433701573829467,8.7198568662474738,1.4236299858177042,0.12013145028041662,40.165871878305886,5.3434381075626138,99.227071711786621,2.1567691436228031,233.84323085637789,0.0013052560802071934,972.99869474391801,972.99869474391801,1055.489576455728,4122.5104235442532,4122.5104235442532,16.600000000000001
190.25,116,4.8633387478728638,46.496083639160581,8.6701807023874853,1.4199308685086991,0.12002505548278755,40.100621688975117,5.3353705241071694,99.353871160539455,2.1438457213754138,233.85615427862524,0.0012828586819540362,972.99871714131609,972.99871714131609,1053.3466358613764,4124.653364138604,4124.653364138604,16.600000000000001
190.5,116,4.8700194993721873,46.558478683404545,8.6207214078558572,1.4162339021194612,0.11991858019646491,40.035349334907394,5.3272978144876397,99.480478960433899,2.1310203906283531,233.86897960937227,0.0012608808029329411,972.99873911919519,972.99873911919519,1051.211275095402,4126.7887249045789,4126.7887249045789,16.600000000000001
190.75,116,4.8767072981419135,46.620886225264258,8.5714784887395972,1.4125391077310168,0.11981202358101962,39.970055345281843,5.3192200441555295,99.606894990511691,2.1182923242503886,233.88170767575025,0.0012393140522803899,972.99876068594585,972.99876068594585,1049.0834677204155,4128.9165322795643,4128.9165322795643,16.600000000000001
191,116,4.8834020762057291,46.683305783440836,8.5224514497144117,1.4088465065608504,0.11970538481071984,39.904740248981909,5.3111372785638729,99.733119131368909,2.1056607025734331,233.89433929742717,0.0012181502159737516,972.99878184978195,972.99878184978195,1046.9631873836913,4131.0368126162866,4131.0368126162866,16.600000000000001
191.25,116,4.8901037657318991,46.745736876644713,8.473639794054364,1.4051561199603322,0.11959866307443828,39.839404574588663,5.3030495831668265,99.859151265156058,2.0931247133223634,233.90687528667826,0.0011973812529405626,972.99880261874512,972.99880261874512,1044.8504078169747,4133.1495921830028,4133.1495921830028,16.600000000000001
191.5,116,4.8968122990315273,46.808179023606684,8.4250430236416385,1.401467969412157,0.1194918575755602,39.774048850374129,5.2949570234192542,99.984991275577983,2.0806835515455058,233.91931644845511,0.0011769992912565386,972.99882300070669,972.99882300070669,1042.7451028362782,4135.2548971636998,4135.2548971636998,16.600000000000001
191.75,116,4.9035276085568826,46.870631743089021,8.3766606389764071,1.3977820765277975,0.11938496753189227,39.708673604294447,5.2868596647762738,100.11063904789388,2.0683364195457949,233.93166358045485,0.0011569966244302317,972.99884300337374,972.99884300337374,1040.6472463416883,4137.3527536582897,4137.3527536582897,16.600000000000001
192,116,4.9102496268997253,46.933094553896844,8.3284921391868707,1.3940984630449595,0.1192779921755721,39.643279363982934,5.2787575726928129,100.23609446891756,2.0560825268125846,233.94391747318801,0.0011373657077723004,972.99886263429039,972.99886263429039,1038.5568123171636,4139.4431876828139,4139.4431876828139,16.600000000000001
192.25,116,4.9169782867896989,46.995566974889172,8.2805370220393577,1.390417150825056,0.1191709307529788,39.577866656743126,5.2706508126231153,100.36135742701707,2.0439210899541176,233.95607891004644,0.0011180991548473986,972.99888190084323,972.99888190084323,1036.4737748303355,4141.5262251696422,4141.5262251696422,16.600000000000001
192.5,116,4.9237135210927434,47.058048524990348,8.232794783948572,1.3867381618506835,0.11906378252464422,39.512436009541616,5.2625394500202667,100.48642781211494,2.0318513326306404,233.96814866736995,0.0010991897340067553,972.99890081026388,972.99890081026388,1034.398108032311,4143.6018919676662,4143.6018919676662,16.600000000000001
192.75,116,4.9304552628095442,47.120538723201363,8.1852649199879526,1.3830615182231096,0.11895654676516473,39.446987949000842,5.2544235503356749,100.61130551568796,2.0198724854881598,233.98012751451242,0.0010806303649995425,972.99891936963286,972.99891936963286,1032.3297861574708,4145.6702138425062,4145.6702138425062,16.600000000000001
193,116,4.9372034450740276,47.183037088611336,8.1379469239001416,1.3793872421597724,0.11884922276311402,39.381523001391784,5.2463031790185539,100.73599043076737,2.007983786092828,233.99201621390779,0.0010624141156611948,972.99893758588189,972.99893758588189,1030.268783523268,4147.7312164767109,4147.7312164767109,16.600000000000001
193.25,116,4.9439580011518691,47.245543140408856,8.0908402881075592,1.3757153559917901,0.11874180982095645,39.316041692626527,5.2381784015153823,100.86048245193847,1.9961844788659673,234.0038155211347,0.0010445341986768731,972.99895546579864,972.99895546579864,1028.2150745300287,4149.7849254699504,4149.7849254699504,16.600000000000001
193.5,116,4.9507188644390601,47.308056397893601,8.0439445037231145,1.3720458821614747,0.1186343072549613,39.250544548250879,5.2300492832693388,100.98478147534094,1.9844738150197092,234.0155261849809,0.0010269839684183106,972.99897301602857,972.99897301602857,1026.1686336607499,4151.8313663392291,4151.8313663392291,16.600000000000001
193.75,116,4.9574859684604817,47.370576380487869,7.9972590605609764,1.3683788432198616,0.1185267143951175,39.185032093436661,5.2219158897197326,101.10888739866837,1.9728510524932557,234.02714894750744,0.0010097569178523357,972.99899024307888,972.99899024307888,1024.1294354808986,4153.8705645190803,4153.8705645190803,16.600000000000001
194,116,4.964259246868548,47.433102607748097,7.9507834471475203,1.3647142618242469,0.11841903058504921,39.119504852974039,5.2137782863014257,101.23280012116847,1.961315455889745,234.03868454411091,0.00099284667551938319,972.99900715332114,972.99900715332114,1022.0974546382089,4155.9025453617705,4155.9025453617705,16.600000000000001
194.25,116,4.9710386334418377,47.495634599376629,7.9045171507323149,1.3610521607357298,0.11831125518193202,39.05396335126386,5.2056365384442147,101.3565195436427,1.9498662964137301,234.05013370358691,0.00097624700258037273,972.99902375299428,972.99902375299428,1020.0726658624799,4157.927334137501,4157.927334137501,16.600000000000001
194.5,116,4.9778240620837986,47.558171875233327,7.8584596572992593,1.3573925628167722,0.1182033875564099,38.988408112309692,5.1974907115722218,101.4800455684464,1.9385028518092489,234.06149714819139,0.00095995178993034424,972.99904004820701,972.99904004820701,1018.0550439653732,4159.9449560346056,4159.9449560346056,16.600000000000001
194.75,116,4.9846154668214568,47.620713955347298,7.8126104515778039,1.3537354910287622,0.11809542709251261,38.92283965970995,5.1893408711032549,101.60337809948848,1.9272244062984958,234.07277559370212,0.00094395505537730356,972.99905604494154,972.99905604494154,1016.0445638402107,4161.9554361597675,4161.9554361597675,16.600000000000001
195,116,4.9914127818041827,47.683260359928717,7.7669690170542731,1.3500809684295896,0.11798737318757399,38.857258516649914,5.1811870824481536,101.72651704223128,1.9160302505210751,234.08396974947951,0.00092825094088475491,972.99907174905593,972.99907174905593,1014.0412004617698,4163.9587995382062,4163.9587995382062,16.600000000000001
195.25,116,4.9982159413024521,47.745810609380577,7.7215348359833067,1.3464290181712291,0.11787922525215079,38.791665205893565,5.1730294110101349,101.84946230369037,1.9049196814738396,234.09508031852678,0.00091283370987643535,972.99908716628715,972.99908716628715,1012.0449288860819,4165.9550711138963,4165.9550711138963,16.600000000000001
195.5,116,5.0050248797066805,47.808364224310566,7.6763073893993772,1.3427796634973368,0.11777098270994209,38.726060249775436,5.1648679221841105,101.97221379243456,1.8938920024513053,234.10610799754932,0.00089769774460180223,972.99910230225237,972.99910230225237,1010.0557242502267,4167.9442757497527,4167.9442757497527,16.600000000000001
195.75,116,5.0118395315260669,47.870920725542923,7.6312861571284198,1.3391329277408506,0.11766264499770926,38.660444170192406,5.1567026813559877,102.09477141858541,1.882946522986638,234.117053477014,0.00088283754356086313,972.99911716245356,972.99911716245356,1008.0735617721289,4169.9264382278479,4169.9264382278479,16.600000000000001
196,116,5.0186598313874597,47.933479634130407,7.5864706177995531,1.335488834321606,0.11755421156519673,38.594817488595297,5.1485337539019653,102.21713509381715,1.8720825587932051,234.12791744120742,0.00086824771898696637,972.99913175227812,972.99913175227812,1006.0984167503551,4171.9015832496207,4171.9015832496207,16.600000000000001
196.25,116,5.0254857140342777,47.996040471366157,7.5418602488568984,1.3318474067439567,0.1174456818750533,38.52918072598051,5.1403612051878094,102.33930473135649,1.8612994317066871,234.13870056829393,0.00085392299438620241,972.99914607700248,972.99914607700248,1004.1302645639081,4173.8697354360693,4173.8697354360693,16.600000000000001
196.5,116,5.0323171143254335,48.058602758795743,7.4974545265714951,1.3282086685944092,0.11733705540275378,38.463534402881606,5.1321851005681225,102.46128024598234,1.8505964696277464,234.14940353037284,0.00083985820213210963,972.99916014179473,972.99916014179473,1002.1690806720227,4175.8309193279538,4175.8309193279538,16.600000000000001
196.75,116,5.0391539672343111,48.121166018229168,7.4532529260533034,1.3245726435392633,0.11722833163652153,38.397879039360667,5.1240055053855817,102.58306155402541,1.8399730064652424,234.16002699353533,0.00082604828111439003,972.99917395171576,972.99917395171576,1000.2148406139605,4177.7851593860141,4177.7851593860141,16.600000000000001
197,116,5.0459962078477583,48.183729771752894,7.4092549212632939,1.3209393553222635,0.11711951007725145,38.332215154999766,5.1158224849701828,102.704648573368,1.8294283820799959,234.17057161792053,0.00081248827444039282,972.99918751172243,972.99918751172243,998.26752000880674,4179.7324799911657,4179.7324799911657,16.600000000000001
197.25,116,5.0528437713651098,48.246293541741935,7.365459985025641,1.3173088277622595,0.11701059023843333,38.266543268892185,5.1076361046384626,102.82604122344378,1.818961942229089,234.18103805777142,0.00079917332718813371,972.99920082666972,972.99920082666972,996.32709455526219,4181.6729054447123,4181.6729054447123,16.600000000000001
197.5,116,5.059696593097244,48.308856850871919,7.3218675890399885,1.3136810847508789,0.11690157164607599,38.200863899633788,5.0994464296926996,102.94723942523736,1.8085730385106964,234.19142696148978,0.00078609868420966348,972.9992139013126,972.9992139013126,994.39354003144035,4183.6064599685342,4183.6064599685342,16.600000000000001
197.75,116,5.0665546084656716,48.371419222131252,7.2784772038938073,1.3100561502502073,0.11679245383863202,38.13517756531413,5.0912535254201154,103.0682431012839,1.7982610283094544,234.20173897169099,0.00077325968798361571,972.99922674030893,972.99922674030893,992.46683229465998,4185.5331677053146,4185.5331677053146,16.600000000000001
198,116,5.0734177530016353,48.433980178833238,7.235288299074857,1.3064340482904764,0.11668323636692256,38.069484783507619,5.0830574570920595,103.18905217566889,1.7880252747423464,234.21197472525807,0.00076065177651579751,972.99923934822016,972.99923934822016,990.54694728124207,4187.4530527187326,4187.4530527187326,16.600000000000001
198.25,116,5.0802859623452559,48.496539244628245,7.192300342983688,1.302814802967766,0.11657391879406315,38.00378607126455,5.074858289963168,103.30966657402759,1.7778651466051083,234.22213485339526,0.00074827048128671446,972.99925172951509,972.99925172951509,988.63386100630203,4189.3661389936715,4189.3661389936715,16.600000000000001
198.5,116,5.0871591722446938,48.559095943515942,7.14951280294627,1.2991984384417121,0.11646450069538974,37.938081945102155,5.0666560892705288,103.43008622354475,1.7677800183191514,234.2322199816812,0.00073611142524494279,972.99926388857136,972.99926388857136,986.72754956354527,4191.2724504364278,4191.2724504364278,16.600000000000001
198.75,116,5.0940373185553467,48.621649799857479,7.1069251452266791,1.2955849789332277,0.1163549816583854,37.872372920995453,5.0584509202328256,103.55031105295419,1.7577692698789915,234.24223073012135,0.00072417032084529001,972.99927582967587,972.99927582967587,984.82798912505996,4193.1720108749132,4193.1720108749132,16.600000000000001
199,116,5.100920337239069,48.684200338387726,7.0645368350398696,1.2919744487222315,0.11624536128260733,37.806659514368256,5.0502428480494661,103.6703409925383,1.747832286800179,234.25216771320012,0.00071244296813071555,972.99928755702842,972.99928755702842,982.93515594111295,4195.0648440588593,4195.0648440588593,16.600000000000001
199.25,116,5.107808164363421,48.746747084227508,7.0223473365645166,1.2883668721453838,0.11613563917961438,37.740942240083967,5.0420319378996972,103.79017597412755,1.7379684600677356,234.26203153993256,0.0007009252528569959,972.99929907474359,972.99929907474359,981.04902633994186,4196.9509736600303,4196.9509736600303,16.600000000000001
199.5,116,5.1147007361009358,48.809289562895927,6.9803561129559473,1.2847622735938382,0.1160258149728952,37.675221612436296,5.0338182549417212,103.90981593110004,1.7281771860850801,234.27182281391524,0.00068961314465915558,972.99931038685145,972.99931038685145,979.16957672755007,4198.8304232724213,4198.8304232724213,16.600000000000001
199.75,116,5.121597988728432,48.871827300322572,6.9385626263591407,1.2811606775109989,0.11591588829779662,37.609498145140094,5.0256018643117857,104.02926079838093,1.7184578666234442,234.28154213337689,0.00067850269525869707,972.99932149730057,972.99932149730057,977.29678358750141,4200.7032164124676,4200.7032164124676,16.600000000000001
200,116,5.1284998586263209,48.934359822859875,6.8969663379217918,1.2775621083902891,0.11580585880145268,37.543772351321969,5.0173828311232631,104.14851051244199,1.7088099087717745,234.2911900912286,0.00066759003671069495,972.99933240995927,972.99933240995927,975.43062348071226,4202.5693765192582,4202.5693765192582,16.600000000000001
200.25,116,5.135406282277974,48.996886657295448,6.8555667078074691,1.2739665907729298,0.11569572614271403,37.478044743510871,5.0091612204657316,104.26756501130107,1.6992327248871166,234.30076727511326,0.00065687137968983562,972.99934312861615,972.99934312861615,973.57107304524618,4204.4289269547262,4204.4289269547262,16.600000000000001
200.5,116,5.142317196269091,49.059407330864275,6.8143631952088235,1.2703741492457259,0.11558548999207764,37.412315833628753,5.0009370974040319,104.38642423452139,1.6897257325454684,234.31027426745487,0.00064634301181450821,972.99935365698377,972.99935365698377,971.71810899610784,4206.2818910038632,4206.2818910038632,16.600000000000001
200.75,116,5.1492325372871015,49.121921371261216,6.7733552583608754,1.2667848084388658,0.115475150031617,37.346586132981116,4.9927105269773113,104.50508812321101,1.680288354493114,234.31971164550723,0.00063600129600807371,972.99936399869955,972.99936399869955,969.87170812503746,4208.1282918749357,4208.1282918749357,16.600000000000001
201,116,5.1561522421205908,49.184428306653245,6.7325423545543694,1.2631985930237291,0.11536470595491305,37.280856152247438,4.9844815741980648,104.62355662002226,1.6709200185984145,234.32907998140195,0.0006258426688964578,972.99937415732677,972.99937415732677,968.03184730030307,4209.968152699671,4209.968152699671,16.600000000000001
201.25,116,5.1630762476587524,49.246927665691835,6.6919239401491932,1.2596155277107037,0.11525415746698484,37.21512640147165,4.9762503040511659,104.74182966915107,1.6616201578040688,234.33837984219628,0.0006158636392412356,972.99938413635653,972.99938413635653,966.19850346649514,4211.801496533476,4211.801496533476,16.600000000000001
201.5,116,5.1700044908908609,49.309418977525311,6.6514994705878552,1.2560356372470149,0.11514350428422138,37.149397390052542,4.9680167814928788,104.85990721633624,1.6523882100798257,234.34761178992053,0.00060606078640739445,972.99939393920931,972.99939393920931,964.37165364432178,4213.628346355651,4213.628346355651,16.600000000000001
201.75,116,5.1769369089057671,49.37190177181116,6.6112684004090374,1.252458946414561,0.11503274613431315,37.083669626734149,4.9597810714498696,104.97778920885885,1.643223618375655,234.35677638162468,0.00059643075886498225,972.99940356923685,972.99940356923685,962.55127493039947,4215.4487250695747,4215.4487250695747,16.600000000000001
202,116,5.1838734388914176,49.434375578728549,6.5712301832612061,1.248885480027766,0.11492188275618467,37.017943619596032,4.9515432388181937,105.0954755955414,1.634125830575361,234.36587416942501,0.00058697027272386338,972.99941302972297,972.99941302972297,960.73734449705069,4217.2626555029256,4217.2626555029256,16.600000000000001
202.25,116,5.1908140181344091,49.496839928990539,6.5313842719162789,1.2453152629314324,0.11481091389992688,36.952219876043628,4.9433033484622895,105.21296632674724,1.6250942994506454,234.37490570054965,0.00057767611030082582,972.99942232388548,972.99942232388548,958.92983959209539,4219.0701604078813,4219.0701604078813,16.600000000000001
202.5,116,5.1977585840195468,49.559294353856536,6.4917301182833569,1.2417483199986126,0.11469983932673024,36.886498902798486,4.9350614652139519,105.33026135437967,1.6161284826156108,234.3838715173847,0.00056854511871830466,972.99943145487703,972.99943145487703,957.12873753864562,4220.8712624613308,4220.8712624613308,16.600000000000001
202.75,116,5.2047070740294394,49.621738385144674,6.4522671734224959,1.2381846761284891,0.11458865880881815,36.820781205888515,4.9268176538712893,105.44736063188121,1.6072278424816973,234.39277215751858,0.00055957420853398995,972.99944042578727,972.99944042578727,955.33401573490016,4222.6659842650743,4222.6659842650743,16.600000000000001
203,116,5.211659425744104,49.68417155524407,6.4129948875585674,1.2346243562442591,0.11447737212938046,36.755067290638074,4.9185719791976892,105.56426411423284,1.5983918462130486,234.40160815378724,0.00055076035240062666,972.99944923964347,972.99944923964347,953.54565165393808,4224.4543483460366,4224.4543483460366,16.600000000000001
203.25,116,5.2186155768406133,49.74659339712742,6.3739127100951416,1.2310673852910357,0.11436597908250769,36.689357661658306,4.9103245059207596,105.680971757953,1.5896199656823138,234.41038003431791,0.00054210058375530809,972.99945789941228,972.99945789941228,951.76362284351364,4226.2363771564624,4226.2363771564624,16.600000000000001
203.5,116,5.2255754650927377,49.809003444363142,6.3350200896284443,1.2275137882337592,0.11425447947312534,36.623652822837116,4.9020752987312735,105.79748352109702,1.5809116774268652,234.41908832257326,0.00053359199553759651,972.99946640800044,972.99946640800044,949.9879069258501,4228.0120930741277,4228.0120930741277,16.600000000000001
203.75,116,5.2325390283706321,49.871401231127884,6.29631647396136,1.2239635900551129,0.11414287311692885,36.557953277329318,4.8938244222820932,105.91379936325589,1.5722664626054388,234.42773353739469,0.00052523173893581198,972.99947476825707,972.99947476825707,948.21848159743411,4229.781518402544,4229.781518402544,16.600000000000001
204,116,5.2395062046405361,49.933786292218791,6.257801310117471,1.2204168157534576,0.11403115984031841,36.492259527546764,4.885571941187079,106.02991924555556,1.5636838069551888,234.43631619304495,0.00051701702216084818,972.99948298297363,972.99948298297363,946.45532462881056,4231.5446753711658,4231.5446753711658,16.600000000000001
204.25,116,5.2464769319644908,49.996158163065878,6.2194740443551693,1.2168734903407676,0.1139193394803345,36.426572075148364,4.8773179200200119,106.14584313065596,1.5551632007491552,234.44483679925099,0.00050894510924689366,972.99949105488668,972.99949105488668,944.69841386437815,4233.301586135598,4233.301586135598,16.600000000000001
204.5,116,5.2534511485000746,50.058516379744475,6.1813341221817959,1.2133336388405873,0.11380741188459356,36.360891421030104,4.8690624233134923,106.26157098275004,1.5467041387541365,234.453295861246,0.00050101331887843941,972.99949898667705,972.99949898667705,942.94772722218295,4235.0522727777916,4235.0522727777916,16.600000000000001
204.75,116,5.2604287925001785,50.120860478987417,6.1433809883678414,1.2097972862859872,0.11369537691122401,36.295218065315026,4.8608055155578267,106.37710276756275,1.5383061201889672,234.46169387981121,0.00049321902324298179,972.99950678097264,972.99950678097264,941.20324269371372,4236.7967573062624,4236.7967573062624,16.600000000000001
205,116,5.2674098023127707,50.18318999819742,6.1056140869611824,1.2062644577175394,0.11358323442880268,36.229552507343286,4.8525472611999243,106.49243845234993,1.5299686486831943,234.47003135131703,0.00048555964690883823,972.99951444034923,972.99951444034923,939.46493834369687,4238.535061656281,4238.535061656281,16.600000000000001
205.25,116,5.2743941163807149,50.245504475459406,6.0680328613013543,1.2027351781813003,0.11347098431629132,36.163895245662083,4.8442877246421663,106.60757800589747,1.5216912322361507,234.47830876776408,0.0004780326657275011,972.99952196733022,972.99952196733022,937.73279230989215,4240.2672076900826,4240.2672076900826,16.600000000000001
205.5,116,5.2813816732415857,50.307803449552807,6.0306367540338757,1.1992094727268015,0.11335862646297358,36.098246778015614,4.8360269702412717,106.72252139852012,1.5134733831764173,234.48652661682377,0.0004706356057599781,972.99952936439024,972.99952936439024,936.00678280288855,4241.9932171970877,4241.9932171970877,16.600000000000001
205.75,116,5.2883724115274964,50.370086459963865,5.9934252071246155,1.1956873664050578,0.11324616076839221,36.032607601334966,4.827765062307166,106.8372686020604,1.5053146181216768,234.49468538187847,0.0004633660422265751,972.99953663395377,972.99953663395377,934.2868881058979,4243.7131118940788,4243.7131118940788,16.600000000000001
206,116,5.2953662699649824,50.432353046897795,5.9563976618741954,1.1921688842665781,0.11313358714228658,35.966978211728133,4.8195020651018217,106.95181958988759,1.4972144579389497,234.50278554206113,0.00045622159847959052,972.99954377839754,972.99954377839754,932.57308657455201,4245.4269134254237,4245.4269134254237,16.600000000000001
206.25,116,5.302363187374862,50.494602751291168,5.9195535589324138,1.1886540513593935,0.11302090550453041,35.901359104469812,4.8112380428381272,107.06617433689632,1.4891724277052127,234.5108275722948,0.000449199944998403,972.99955080005111,972.99955080005111,930.8653566366994,4247.1346433632762,4247.1346433632762,16.600000000000001
206.5,116,5.3093631026721448,50.556835114824061,5.8828923383127316,1.1851428927270924,0.11290811578506985,35.8357507739914,4.8029730596786981,107.18033281950562,1.4811880566683884,234.51881194333163,0.00044229879840644717,972.99955770119789,972.99955770119789,929.16367679219979,4248.8363232077745,4248.8363232077745,16.600000000000001
206.75,116,5.3163659548659421,50.619049679932324,5.8464134394067786,1.1816354334068686,0.11279521792386173,35.770153713870748,4.7947071797347292,107.29429501565761,1.4732608782087169,234.52673912179125,0.00043551592050958265,972.99956448407602,972.99956448407602,927.46802561272091,4250.5319743872524,4250.5319743872524,16.600000000000001
207,116,5.3233716830594044,50.681245989819772,5.8101163009988879,1.1781316984275794,0.11268221187081216,35.704568416822184,4.7864404670648186,107.40806090481634,1.4653904298004883,234.53460957019945,0.00042884911735537409,972.99957115087921,972.99957115087921,925.7783817415351,4252.221618258438,4252.221618258438,16.600000000000001
207.25,116,5.3303802264496714,50.7434235884703,5.774000361280673,1.1746317128078141,0.1125690975857154,35.638995374686253,4.7781729856737645,107.52163046796639,1.4575762529741512,234.54242374702579,0.00042229623831281117,972.99957770375829,972.99957770375829,924.09472389331734,4253.9052761066559,4253.9052761066559,16.600000000000001
207.5,116,5.3373915243278418,50.805582020660104,5.7380650578656258,1.1711355015539746,0.11245587503819285,35.573435078419635,4.7699047995114023,107.63500368761174,1.4498178932787722,234.55018210672119,0.00041585517517200643,972.99958414482148,972.99958414482148,922.41703085393829,4255.582969146034,4255.582969146034,16.600000000000001
207.75,116,5.3444055160789619,50.867720831969777,5.7023098278037496,1.1676430896583652,0.11234254420763239,35.507888018085019,4.7616359724713968,107.74818054777442,1.4421149002448619,234.55788509975511,0.00040952386126342279,972.99959047613561,972.99959047613561,920.74528148026559,4257.2547185197063,4257.2547185197063,16.600000000000001
208,116,5.3514221411820335,50.929839568796403,5.6667341075962172,1.1641545020972976,0.11222910508312788,35.4423546828409,4.7533665683900441,107.86116103399297,1.4344668273475563,234.56553317265238,0.00040330027059619166,972.99959669972623,972.99959669972623,919.07945469995889,4258.920545300015,4258.920545300015,16.600000000000001
208.25,116,5.3584413392100334,50.991937778365667,5.6313373332100527,1.1606697638292023,0.11211555766341912,35.376835560931426,4.7450966510450661,107.97394513332139,1.4268732319701471,234.57312676802971,0.0003971824170150908,972.9996028175799,972.9996028175799,917.41952951126825,4260.580470488705,4260.580470488705,16.600000000000001
208.5,116,5.3654630498299447,51.05401500874386,5.5961189400928353,1.1571888997927531,0.11200190195683166,35.311331139676327,4.7368262841543922,108.08653283432741,1.4193336753679615,234.58066632463192,0.00039116835337576377,972.99960883164351,972.99960883164351,915.76548498283159,4262.2345150171413,4262.2345150171413,16.600000000000001
208.75,116,5.3724872128028274,51.116070808849997,5.5610783631874412,1.1537119349050038,0.11188813798121716,35.245841905460665,4.7285555313749459,108.19892412709125,1.4118477226325881,234.58815227736724,0.00038525617073777239,972.99961474382599,972.99961474382599,914.11730025347242,4263.882699746503,4263.882699746503,16.600000000000001
209,116,5.3795137679838705,51.17810472846768,5.5262150369467786,1.1502388940595345,0.11177426576389379,35.180368343724737,4.7202844563014219,108.31111900320415,1.4044149426564465,234.59558505734341,0.00037944399757508003,972.99962055599917,972.99962055599917,912.47495453199849,4265.5250454679772,4265.5250454679772,16.600000000000001
209.25,116,5.3865426553224927,51.24011631825713,5.4915283953485776,1.146769802124608,0.11166028534158701,35.114910938953876,4.7120131224650494,108.42311745576683,1.39703490809769,234.60296509190218,0.00037372999900357691,972.99962626999775,972.99962626999775,910.83842709700093,4267.1615729029718,4267.1615729029718,16.600000000000001
209.5,116,5.3935738148624441,51.30210512976717,5.4570178719101659,1.1433046839413457,0.11154619676037028,35.049470174668372,4.7037415933323663,108.53491947938788,1.3897071953454507,234.61029280465448,0.00036811237602526515,972.99963188762081,972.99963188762081,909.20769729665108,4268.7923027033221,4268.7923027033221,16.600000000000001
209.75,116,5.400607186741917,51.364070715446992,5.4226828997032852,1.1398435643219007,0.11143200007560639,34.984046533413292,4.6954699323039719,108.64652507018242,1.3824313844854115,234.61756861551453,0.00036258936478873082,972.99963741063175,972.99963741063175,907.58274454850221,4270.4172554514735,4270.4172554514735,16.600000000000001
210,116,5.4076427111936889,51.426012628658128,5.3885229113689173,1.1363864680476563,0.11131769535188848,34.918640496748331,4.6871982027132884,108.75793422577038,1.3752070592657064,234.6247929407343,0.00035715923586553751,972.99964284076088,972.99964284076088,905.96354833928604,4272.0364516606915,4272.0364516606915,16.600000000000001
210.25,116,5.4146803285452654,51.487930423686286,5.3545373391321167,1.1329334198674279,0.11120328266298182,34.85325254523773,4.678926467825308,108.86914694527488,1.3680338070631526,234.63196619293683,0.00035182029354218852,972.9996481797034,972.9996481797034,904.35008822471366,4273.6499117752646,4273.6499117752646,16.600000000000001
210.5,116,5.4217199792190414,51.549823655753045,5.3207256148168609,1.1294844444956775,0.11108876209176534,34.78788315844016,4.6706547908353482,108.98016322932062,1.3609112188497974,234.63908878115018,0.00034657087512730551,972.99965342912174,972.99965342912174,902.74234382927557,4275.257656170701,4275.257656170701,16.600000000000001
210.75,116,5.4287616037324877,51.61169188102771,5.2870871698609161,1.1260395666107439,0.11097413373017354,34.722532814898564,4.6623832348677769,109.09098308003226,1.3538388891597906,234.64616111084021,0.00034140935027368959,972.99965859064662,972.99965859064662,901.14029484604168,4276.8597051539355,4276.8597051539355,16.600000000000001
211,116,5.4358051426983387,51.673534656638999,5.2536214353307162,1.1225988108530784,0.11085939767913858,34.657201992130126,4.6541118629747675,109.20160650103263,1.3468164160565712,234.65318358394339,0.00033633412031492787,972.99966366587648,972.99966366587648,899.54392103646103,4278.4560789635161,4278.4560789635161,16.600000000000001
211.25,116,5.4428505368247961,51.735351540686715,5.2203278419362436,1.119162201823497,0.11074455404853251,34.591891166616129,4.6458407381350204,109.31203349744104,1.3398434011003653,234.66015659889965,0.00033134361761622487,972.99966865637884,972.99966865637884,897.95320223016301,4280.0467977698136,4280.0467977698136,16.600000000000001
211.5,116,5.4498977269157596,51.797142092253388,5.1872058200459064,1.1157297640814401,0.11062960295710973,34.526600813791973,4.6375699232525021,109.42226407587151,1.3329194493159948,234.66708055068409,0.00032643630493913996,972.99967356369143,972.99967356369143,896.3681183247586,4281.6318816752191,4281.6318816752191,16.600000000000001
211.75,116,5.4569466538710492,51.858905871415914,5.1542547997014552,1.1123015221432511,0.11051454453244954,34.461331408037019,4.6292994811551695,109.53229824443109,1.326044169160997,234.67395583083905,0.00032161067481992293,972.99967838932162,972.99967838932162,894.78864928564053,4283.2113507143358,4283.2113507143358,16.600000000000001
212,116,5.4639972586866543,51.920642439257023,5.121474210632873,1.1088775004804585,0.11039937891089896,34.396083422664638,4.6210294745936942,109.64213601271786,1.3192171724940449,234.68078282750599,0.00031686524896114466,972.9996831347479,972.9996831347479,893.21477514578521,4284.7852248541903,4284.7852248541903,16.600000000000001
212.25,116,5.4710494824550056,51.982351357876922,5.0888634822732817,1.1054577235180751,0.11028410623751579,34.330857329912178,4.6127599662401737,109.75177739181919,1.3124380745436679,234.68756192545641,0.00031219857763632714,972.99968780141899,972.99968780141899,891.64647600555566,4286.3535239944194,4286.3535239944194,16.600000000000001
212.5,116,5.4781032663652436,52.044032190404607,5.0564220437738516,1.1020422156329055,0.11016872666601153,34.265653600930939,4.6044910186868568,109.86122239430983,1.3057064938772742,234.69429350612285,0.00030760923910728532,972.99969239075756,972.99969239075756,890.08373203250278,4287.9162679674719,4287.9162679674719,16.600000000000001
212.75,116,5.4851585517034973,52.105684501009414,5.0241493240187118,1.0986310011518705,0.11005324035869465,34.200472705776242,4.5962226944448581,109.97047103425001,1.2990220523704648,234.70097794762972,0.00030309583905389789,972.99969690415753,972.99969690415753,888.52652346116759,4289.4734765388075,4289.4734765388075,16.600000000000001
213,116,5.4922152798531938,52.167307854912337,4.9920447516398569,1.0952241043503392,0.10993764748641421,34.135315113397432,4.5879550559428628,110.07952332718351,1.2923843751766437,234.70761562482355,0.00029865701001603224,972.99970134298655,972.99970134298655,886.97483059288413,4291.0251694070912,4291.0251694070912,16.600000000000001
213.25,116,5.4992733922953683,52.228901818397404,4.9601077550320491,1.0918215494504739,0.10982194822850336,34.070181291627968,4.5796881655258428,110.18837929013554,1.2857930906969159,234.71420690930327,0.00029429141084735377,972.99970570858522,972.99970570858522,885.42863379558321,4292.5713662043909,4292.5713662043909,16.600000000000001
213.5,116,5.506332830608982,52.290465958822885,4.9283377623677262,1.088423360619589,0.10970614277272296,34.005071707175532,4.5714220854537571,110.29703894161105,1.2792478305502728,234.7207521694499,0.00028999772618075725,972.99971000226992,972.99971000226992,883.88791350359486,4294.1120864963787,4294.1120864963787,16.600000000000001
213.75,116,5.5133935364712725,52.351999844632587,4.8967342016118991,1.0850295619685186,0.10959023131520564,33.939986825612131,4.5631568779002558,110.40550230159239,1.2727482295440604,234.72725177045612,0.00028577466590516172,972.99971422533031,972.99971422533031,882.35265021745363,4295.6473497825209,4295.6473497825209,16.600000000000001
214,116,5.5204554516580782,52.41350304536703,4.8652965005370525,1.0816401775500013,0.10947421406039977,33.874927111364215,4.5548926049513785,110.51376939153735,1.2662939256447308,234.73370607435538,0.00028162096465342106,972.99971837903183,972.99971837903183,880.82282450370076,4297.1771754962738,4297.1771754962738,16.600000000000001
214.25,116,5.5275185180442152,52.474975131674562,4.8340240867380198,1.0782552313570712,0.10935809122101353,33.809893027702856,4.5466293286042623,110.62184023437716,1.2598845599488722,234.74011544005126,0.00027753538130109923,972.99972246461505,972.99972246461505,879.29841699468966,4298.7015830052842,4298.7015830052842,16.600000000000001
214.5,116,5.5345826776038463,52.536415675322445,4.8029163876468655,1.0748747473214659,0.10924186301795939,33.744885036734011,4.538367110765833,110.72971485451421,1.2535197766545108,234.7464802233456,0.00027351669847587752,972.99972648329788,972.99972648329788,877.77940838839072,4300.2205916115827,4300.2205916115827,16.600000000000001
214.75,116,5.5416478724108558,52.597824249207854,4.7719728305477584,1.0714987493120463,0.10912552968029852,33.679903599388687,4.5301060132515092,110.83739327782007,1.2471992230326943,234.7528007769674,0.00026956372207735392,972.99973043627415,972.99973043627415,876.2657794481961,4301.7342205517771,4301.7342205517771,16.600000000000001
215,116,5.5487140446392464,52.659200427368908,4.7411928425918264,1.068127261133224,0.10900909144518527,33.614949175413216,4.5218460977838779,110.94487553163303,1.2409225493993359,234.75907745060073,0.00026567528080700703,972.99973432471518,972.99973432471518,874.75751100272498,4303.2424889972499,4303.2424889972499,16.600000000000001
215.25,116,5.5557811365635388,52.720543784995478,4.7105758508120008,1.0647603065234077,0.10889254855781204,33.550022223359534,4.5135874259914077,111.05216164475617,1.234689409087335,234.76531059091278,0.00026185022570810265,972.99973814977045,972.99973814977045,873.25458394563066,4304.7454160543448,4304.7454160543448,16.600000000000001
215.5,116,5.5628490905591912,52.781853898440183,4.6801212821378542,1.0613979091534584,0.10877590127135395,33.485123200575593,4.5053300594071333,111.15925164745497,1.2284994584189564,234.77150054158116,0.00025808742971532148,972.99974191256649,972.99974191256649,871.75697923540395,4306.2430207645693,4306.2430207645693,16.600000000000001
215.75,116,5.5699178491030157,52.843130345229142,4.6498285634104146,1.0580400926251561,0.10865914984691404,33.420252563195575,4.4970740594673444,111.26614557145497,1.2223523566784809,234.7776476433215,0.00025438578721389768,972.99974561420913,972.99974561420913,870.26467789518347,4307.7353221047906,4307.7353221047906,16.600000000000001
216,116,5.5769873547736175,52.904372704072649,4.6196971213969622,1.0546868804696805,0.10854229455346812,33.355410766130369,4.4888194875102769,111.37284344993962,1.2162477660851028,234.7837522339149,0.00025074421360805481,972.99974925578272,972.99974925578272,868.7776610125585,4309.2223389874162,4309.2223389874162,16.600000000000001
216.25,116,5.5840575502518375,52.965580554875963,4.5897263828058321,1.0513382961461055,0.10842533566781015,33.290598263058065,4.4805664047748088,111.47934531754777,1.210185351766099,234.78981464823389,0.00024716164489854025,972.99975283835147,972.99975283835147,867.29590973937911,4310.7040902605986,4310.7040902605986,16.600000000000001
216.5,116,5.5911283783211951,53.026753478749889,4.5599157743011611,1.0479943630399053,0.10830827347449759,33.225815506414307,4.4723148723991359,111.58565121037138,1.2041647817302457,234.79583521826962,0.00024363703726905487,972.99975636295915,972.99975636295915,865.81940529156304,4312.1805947084158,4312.1805947084158,16.600000000000001
216.75,116,5.5981997818683711,53.08789105802132,4.5302647225176518,1.0446551044614698,0.1081911082657967,33.161062947382831,4.4640649514194743,111.69176116595317,1.1981857268414882,234.80181427315833,0.00024016936668138462,972.99975983062996,972.99975983062996,864.34812894890251,4313.6518710510763,4313.6518710510763,16.600000000000001
217,116,5.6052717038836617,53.14899287624381,4.500772654075285,1.0413205436446378,0.10807384034162826,33.096341035886041,4.455816702768737,111.79767522328405,1.1922478607928635,234.807752139207,0.00023675762847904266,972.99976324236798,972.99976324236798,862.88206205487381,4315.117937945105,4315.117937945105,16.600000000000001
217.25,116,5.6123440874614738,53.21005851820793,4.4714389955940375,1.0379907037452407,0.10795647000951318,33.031650220575628,4.4475701872752307,111.90339342280073,1.1863508600806694,234.81364913991922,0.00023340083699923729,972.99976659915978,972.99976659915978,861.42118601644506,4316.5788139835349,4316.5788139835349,16.600000000000001
217.5,116,5.6194168758007983,53.271087569951725,4.4422631737085538,1.0346656078396577,0.1078389975845183,32.966990948823096,4.4393254656613426,112.00891580638323,1.1804944039788772,234.81950559602097,0.00023009802519298179,972.99976990197183,972.99976990197183,859.96548230388657,4318.0345176960946,4318.0345176960946,16.600000000000001
217.75,116,5.6264900122057222,53.332079618770997,4.4132446150828128,1.0313452789233852,0.10772142338920233,32.902363666710471,4.4310825985422246,112.11424241735227,1.1746781745137922,234.82532182548616,0.00022684824425317054,972.99977315175261,972.99977315175261,858.5149324505785,4319.4850675494035,4319.4850675494035,16.600000000000001
218,116,5.63356344008593,53.393034253229573,4.3843827464247456,1.0280297399096192,0.10760374775356184,32.837768819021093,4.4228416464244829,112.21937330046687,1.1689018564389499,234.83109814356106,0.0002236505632504447,972.99977634943366,972.99977634943366,857.06951805282176,4320.9304819471599,4320.9304819471599,16.600000000000001
218.25,116,5.6406371029572195,53.453951063169455,4.355676994500854,1.0247190136278492,0.10748597101497727,32.773206849230284,4.4146026697048741,112.32430850192154,1.1631651372102547,234.83683486278983,0.0002205040687766807,972.99977949592778,972.99977949592778,855.62922076964821,4322.370779230333,4322.370779230333,16.600000000000001
218.5,116,5.6477109444420268,53.514829639720965,4.3271267861507816,1.0214131228224645,0.10736809351815928,32.708678199496177,4.4063657286689883,112.42904806934378,1.1574677069613486,234.8425322930388,0.00021740786459593299,972.99978259213174,972.99978259213174,854.19402232263053,4323.8059776773534,4323.8059776773534,16.600000000000001
218.75,116,5.6547849082699502,53.575669575312823,4.2987315483018618,1.0181120901513789,0.107250115615095,32.644183310650561,4.3981308834899426,112.53359205179152,1.151809258479223,234.84819074152094,0.00021436107130266989,972.999785638925,972.999785638925,852.76390449569431,4325.2360955042886,4325.2360955042886,16.600000000000001
219,116,5.6618589382783,53.636470463682066,4.2704907079836465,1.0148159381846569,0.10713203766499448,32.57972262218977,4.3898981942270723,112.63794049975019,1.1461894871800524,234.85381051282016,0.00021136282598714382,972.99978863717024,972.99978863717024,851.33884913492773,4326.661150865054,4326.661150865054,16.600000000000001
219.25,116,5.6689329784126361,53.697231899884038,4.2424036923423705,1.0115246894031666,0.10701386003423716,32.515296572265683,4.3816677208246251,112.74209346513024,1.1406080910852627,234.85939190891489,0.00020841228190774047,972.9997915877143,972.9997915877143,849.91883814839457,4328.0811618515854,4328.0811618515854,16.600000000000001
219.5,116,5.6760069727273228,53.757953480302213,4.2144699286554301,1.0082383661972356,0.10689558309631841,32.450905597676659,4.3734395231104575,112.8460510012642,1.1350647707978274,234.8649352292023,0.0002055086081701551,972.99979449138834,972.99979449138834,848.50385350594581,4329.4961464940334,4329.4961464940334,16.600000000000001
219.75,116,5.6830808653860938,53.818634802657918,4.1866888443457819,1.0049569908653224,0.10677720723179641,32.386550133858627,4.3652136607947289,112.94981316290402,1.1295592294787835,234.87044077052136,0.00020265098941324916,972.99979734900705,972.99979734900705,847.09387723903262,4330.9061227609463,4330.9061227609463,16.600000000000001
220,116,5.6901546006626189,53.879275466020104,4.1590598669963459,1.0016805856127029,0.10665873282823879,32.322230614876077,4.3569901934685937,113.05338000621826,1.1240911728239764,234.87590882717618,0.00019983862550144017,972.99980016137113,972.99980016137113,845.68889144051877,4332.3111085594583,4332.3111085594583,16.600000000000001
220.25,116,5.6972281229410706,53.939875070814956,4.131582424364348,0.99840917255016981,0.10654016028016955,32.257947473413388,4.348769180602913,113.15675158878921,1.1186603090410172,234.88133969095912,0.00019707073122348501,972.99980292926557,972.99980292926557,844.28887826449341,4333.7111217354841,4333.7111217354841,16.600000000000001
220.5,116,5.7043013767167166,54.000433218835425,4.1042559443956295,0.99514277369274007,0.10642148998901603,32.193701140765839,4.3405506815469472,113.25992796961003,1.1132663488264687,234.88673365117373,0.00019434653599751777,972.99980565346073,972.99980565346073,842.89381992608594,4335.1061800738908,4335.1061800738908,16.600000000000001
220.75,116,5.711374306596495,54.060949513250797,4.0770798552389342,0.99188141095838278,0.10630272236305605,32.12949204683099,4.3323347555270528,113.36290920908175,1.1079090053432381,234.89209099465697,0.00019166528358220605,972.99980833471318,972.99980833471318,841.50369870127986,4336.4963012986955,4336.4963012986955,16.600000000000001
221,116,5.718446857299619,54.121423558616037,4.0500535852601303,0.98862510616675547,0.10618385781736492,32.065320620099925,4.3241214616454045,113.46569536901056,1.1025879941981891,234.89741200580198,0.0001890262317938947,972.99981097376474,972.99981097376474,840.11849692672547,4337.8815030732485,4337.8815030732485,16.600000000000001
221.25,116,5.7255189736581702,54.181854960881132,4.0231765630564142,0.98537388103795387,0.10606489677376277,32.001187287648669,4.3159108588786905,113.56828651260464,1.0973030334199643,234.90269696658021,0.00018642865222960663,972.99981357134425,972.99981357134425,838.73819699955754,4339.2618030004169,4339.2618030004169,16.600000000000001
221.5,116,5.732590600617705,54.242243327400388,3.9964482174704674,0.98212775719127743,0.10594583966076182,31.937092475129564,4.3077030060768298,113.67068270447125,1.0920538434370177,234.90794615656316,0.0001838718299957748,972.99981612816623,972.99981612816623,837.36278137720888,4340.6372186227663,4340.6372186227663,16.600000000000001
221.75,116,5.7396616832378635,54.302588266941569,3.9698679776045629,0.97888675614400478,0.1058266869135138,31.873036606762732,4.2994979619616718,113.77288401061371,1.0868401470558571,234.91315985294437,0.00018135506344258147,972.99981864493282,972.99981864493282,835.99223257722599,4342.0077674227496,4342.0077674227496,16.600000000000001
222,116,5.7467321666929916,54.362889389695098,3.9434352728346393,0.97565089931018467,0.10570743897375746,31.809020105327654,4.2912957851257278,113.87489049842824,1.0816616694394872,234.91833833056072,0.00017887766390378411,972.99982112233272,972.99982112233272,834.62653317708555,4343.3734668228899,4343.3734668228899,16.600000000000001
222.25,116,5.7538019962727587,54.423146307282977,3.9171495328243191,0.9724202079994394,0.10558809628976608,31.745043392154741,4.2830965340308813,113.97670223670103,1.0765181380860633,234.92348186191413,0.00017643895544190973,972.99982356104113,972.99982356104113,833.26566581401153,4344.734334185966,4344.734334185966,16.600000000000001
222.5,116,5.7608711173827869,54.483358632767818,3.8910101875388952,0.96919470341578162,0.10546865931629511,31.681106887116997,4.2749002670071121,114.0783192956051,1.0714092828077411,234.92859071719246,0.00017403827459870229,972.99982596172208,972.99982596172208,831.90961318479094,4346.0903868151845,4346.0903868151845,16.600000000000001
222.75,116,5.767939475545278,54.543525980661741,3.8650166672592605,0.96597440665644374,0.10534912851452996,31.617211008621705,4.2667070422512161,114.17974174669702,1.0663348357097309,234.93366516429043,0.00017167497015070976,972.99982832502644,972.99982832502644,830.55835804559194,4347.4416419543832,4347.4416419543832,16.600000000000001
223,116,5.775007016399651,54.603647966935043,3.8391684025957922,0.96275933871072272,0.10522950435203372,31.553356173602246,4.2585169178255384,114.28096966291382,1.0612945311695472,234.93870546883062,0.00016934840286990125,972.9998306515937,972.9998306515937,829.21188321178067,4348.7881167881942,4348.7881167881942,16.600000000000001
223.25,116,5.782073685703196,54.663724209025091,3.8134648245021916,0.95954952045883446,0.1051097873026951,31.489542797509863,4.2503299516567026,114.38200311856988,1.0562881058164559,234.94371189418371,0.0001670579452892052,972.99983294205117,972.99983294205117,827.87017155774106,4350.1298284422319,4350.1298284422319,16.600000000000001
223.5,116,5.7891394293317031,54.723754325844872,3.7879053642892724,0.95634497267078522,0.10498997784667637,31.425771294305665,4.242146201534343,114.48284218935346,1.0513152985111145,234.94868470148904,0.00016480298147286413,972.99983519701516,972.99983519701516,826.53320601669213,4351.4667939832798,4351.4667939832798,16.600000000000001
223.75,116,5.7962041932801167,54.783737937791514,3.7624894536386941,0.95314571600525588,0.10487007647036134,31.362042076452457,4.233965725109849,114.58348695232358,1.0463758503254035,234.95362414967477,0.00016258290679150219,972.99983741709048,972.99983741709048,825.20096958050704,4352.7990304194636,4352.7990304194636,16.600000000000001
224,116,5.8032679236632001,54.843674666754822,3.7372165246166538,0.9499517710084967,0.10475008366630356,31.298355554906873,4.225788579895096,114.68393748590675,1.0414695045224527,234.95853049547773,0.00016039712770180443,972.99983960286966,972.99983960286966,823.8734452995327,4354.1265547004386,4354.1265547004386,16.600000000000001
224.25,116,5.8103305667161838,54.903564136125688,3.7120860096875159,0.94676315811323797,0.10462999993317437,31.234712139111419,4.2176148232612087,114.78419386989367,1.0365960065368518,234.96340399346332,0.00015824506153070951,972.99984175493614,972.99984175493614,822.55061628240946,4355.4493837175605,4355.4493837175605,16.600000000000001
224.5,116,5.8173920687954306,54.963405970804338,3.6870973417273936,0.94357989763761441,0.10450982577571125,31.171112236986616,4.2094445124372948,114.88425618543559,1.031755103955049,234.96824489604512,0.00015612613626401968,972.99984387386132,972.99984387386132,821.23246569589196,4356.7675343040783,4356.7675343040783,16.600000000000001
224.75,116,5.8244523763790932,55.023199797208584,3.6622499540376769,0.9404020097841006,0.1043895617046661,31.107556254923264,4.2012777045092085,114.98412451504133,1.0269465464959355,234.97305345350429,0.00015403979033933233,972.99984596020727,972.99984596020727,819.91897676466863,4358.0810232353006,4358.0810232353006,16.600000000000001
225,116,5.8315114360678013,55.082945243282005,3.6375432803585062,0.93722951463846293,0.1042692082367537,31.044044597774697,4.1931144564183089,115.08379894257352,1.0221700859916145,234.97782991400862,0.00015198547244320244,972.99984801452513,972.99984801452513,818.610132771184,4359.3898672287869,4359.3898672287869,16.600000000000001
225.25,116,5.8385691945853146,55.142641938501946,3.6129767548821796,0.93406243216872209,0.10414876589460002,30.980577668849143,4.1849548249602178,115.1832795532454,1.0174254763683435,234.98257452363194,0.00014996264131244549,972.9998500373564,972.9998500373564,817.3059170554593,4360.6940829445093,4360.6940829445093,16.600000000000001
225.5,116,5.8456255987792147,55.202289513887564,3.5885498122665211,0.93090078222413064,0.10402823520669098,30.917155869902139,4.1767988667835949,115.28256643361718,1.0127124736276691,234.98728752637263,0.00014797076553949075,972.99985202923233,972.99985202923233,816.00631301491455,4361.9936869850544,4361.9936869850544,16.600000000000001
225.75,116,5.8526805956215666,55.261887602007633,3.5642618876481786,0.92774458453416386,0.10390761670732088,30.853779601129048,4.1686466383889034,115.38165967159259,1.0080308358277299,234.99196916417253,0.00014600932338170176,972.99985399067452,972.99985399067452,814.71130410419141,4363.2886958957779,4363.2886958957779,16.600000000000001
226,116,5.8597341322096206,55.321435836988428,3.5401124166558611,0.9245938587075232,0.10378691093654115,30.790449261157612,4.1604981961271967,115.48055935641548,1.0033803230647391,234.99661967693555,0.00014407780257457692,972.99985592219537,972.99985592219537,813.42087383497562,4364.5791261649938,4364.5791261649938,16.600000000000001
226.25,116,5.8667861557664773,55.380933854521409,3.5161008354235292,0.92144862423115459,0.10366611844010909,30.727165247040571,4.1523535961988856,115.57926557866594,0.99876069745463991,235.00123930254563,0.00014217570014874936,972.99985782429781,972.99985782429781,812.13500577581931,4365.8649942241518,4365.8649942241518,16.600000000000001
226.5,116,5.8738366136417817,55.440381291870864,3.4922265806035155,0.91830890046927938,0.10354523976943668,30.663927954248368,4.1442128946525383,115.67777843025705,0.99417172311493818,235.00582827688535,0.00014030252225070468,972.99985969747581,972.99985969747581,810.85368355196636,4367.1463164480065,4367.1463164480065,16.600000000000001
226.75,116,5.8808854533124233,55.499777787881413,3.4684890893795814,0.91517470666243828,0.1034242754815395,30.600737776661916,4.1360761473836689,115.77609800443099,0.9896131661466997,235.01038683385363,0.00013845778396713774,972.99986154221392,972.99986154221392,809.57689084517563,4368.4231091547999,4368.4231091547999,16.600000000000001
227,116,5.8879326223832038,55.559122982985535,3.4448877994799205,0.91204606192654991,0.10330322613898564,30.537595106565472,4.1279434101335388,115.87422439575565,0.9850847946167216,235.01491520538363,0.00013664100915287172,972.99986335898859,972.99986335898859,808.30461139354441,4369.695388606433,4369.695388606433,16.600000000000001
227.25,116,5.894978068587549,55.618416519210861,3.421422149190096,0.90892298525198179,0.10318209230984476,30.474500334639533,4.1198147384879515,115.9721577001207,0.98058637853986952,235.01941362146044,0.0001348517302622636,972.99986514826765,972.99986514826765,807.03682899133503,4370.9631710086405,4370.9631710086405,16.600000000000001
227.5,116,5.9020217397882009,55.677658040187488,3.3980915773659088,0.90580549550263623,0.1030608745676372,30.411453849953805,4.1116901878760714,116.06989801473406,0.97611768986158265,235.02388231013876,0.00013308948818402223,972.9998669105097,972.9998669105097,805.773527488799,4372.2264725111772,4372.2264725111772,16.600000000000001
227.75,116,5.9090635839779093,55.736847191155213,3.3748955234462104,0.902693611415047,0.10293957349128303,30.348456039960322,4.1035698135692327,116.16744543811804,0.97167850244054099,235.02832149755986,0.00013135383207936736,972.99986864616574,972.99986864616574,804.51469079200297,4373.4853092079729,4373.4853092079729,16.600000000000001
228,116,5.9161035492801348,55.79598361897056,3.3518334274656416,0.89958735159749414,0.10281818966505149,30.285507290486535,4.0954536706797562,116.26480007010562,0.96726859203149729,235.0327314079689,0.00012964431922345826,972.99987035567869,972.99987035567869,803.26030286265552,4374.7396971373209,4374.7396971373209,16.600000000000001
228.25,116,5.9231415839497448,55.855066972113875,3.3289047300673169,0.89648673452912575,0.10269672367851011,30.222607985728541,4.0873418141597817,116.36196201183684,0.96288773626827118,235.03711226373207,0.00012796051485002341,972.99987203948342,972.99987203948342,802.0103477179332,4375.9896522820418,4375.9896522820418,16.600000000000001
228.5,116,5.9301776363737222,55.91409690069613,3.3061088725154217,0.89339177855909946,0.1025751761264741,30.159758508244366,4.0792342988000998,116.45893136575465,0.95853571464689968,235.04146428535341,0.00012630199199912409,972.99987369800647,972.99987369800647,800.76480943030742,4377.2351905696651,4377.2351905696651,16.600000000000001
228.75,116,5.9372116550718621,55.973073056465886,3.2834452967077694,0.89030250190573446,0.10245354760895584,30.096959238947349,4.0711311792289857,116.55570823560133,0.95421230850895,235.0457876914914,0.00012466833136798417,972.999875331667,972.999875331667,799.52367212737227,4378.4763278725995,4378.4763278725995,16.600000000000001
229,116,5.944243588697474,56.031995092815983,3.2609134451882631,0.8872189226556767,0.10233183873111427,30.034210557099556,4.0630325099110536,116.65229272641446,0.94991730102498695,235.05008269897539,0.0001230591211648242,972.99987694087724,972.99987694087724,798.28691999167188,4379.7130800082987,4379.7130800082987,16.600000000000001
229.25,116,5.9512733860380926,56.09086266479013,3.2385127611593081,0.88414105876307869,0.10221005010320466,29.971512840305294,4.0549383451460912,116.74868494452312,0.94565047717819484,235.05434952282215,0.00012147395696563386,972.99987852604147,972.99987852604147,797.05453726053031,4380.9454627394416,4380.9454627394416,16.600000000000001
229.5,116,5.9583009960161784,56.149675429089555,3.2162426884941446,0.88106892804879178,0.10208818234052808,29.90886646450474,4.0468487390679257,116.844884997544,0.94141162374815601,235.05858837625217,0.0001199124415738227,972.99988008755679,972.99988008755679,795.826508225878,4382.1734917740941,4382.1734917740941,16.600000000000001
229.75,116,5.9653263676898218,56.208433044079456,3.194102671749115,0.87800254819957313,0.10196623606338119,29.84627180396755,4.0387637456432932,116.94089299437719,0.93720052929477815,235.06279947070556,0.00011837418488268821,972.99988162581337,972.99988162581337,794.60281723408264,4383.3971827658906,4383.3971827658906,16.600000000000001
230,116,5.9723494502534642,56.267135169795331,3.1720921561758519,0.87494193676730536,0.10184421189700596,29.783729231286681,4.0306834186707032,117.03670904520257,0.93301698414237622,235.06698301585789,0.00011685880374064205,972.99988314119469,972.99988314119469,793.38344868577769,4384.6165513141932,4384.6165513141932,16.600000000000001
230.25,116,5.9793701930385836,56.32578146794927,3.1502105877334055,0.87188711116822915,0.10172211047153951,29.721239117372168,4.0226078117793085,117.13233326147548,0.9288607803638993,235.07113921963636,0.00011536592181913654,972.99988463407658,972.99988463407658,792.1683870356942,4385.8316129642772,4385.8316129642772,16.600000000000001
230.5,116,5.9863885455144183,56.384371601936188,3.1284574131002882,0.86883808868218981,0.10159993242196412,29.658801831445015,4.0145369784278042,117.22776575592286,0.92473171176530866,235.07526828823495,0.00011389516948323492,972.99988610482922,972.99988610482922,790.95761679248892,4387.0423832074821,4387.0423832074821,16.600000000000001
230.75,116,5.9934044572886611,56.44290523683992,3.1068320796864546,0.86579488645189806,0.10147767838805714,29.596417741031246,4.0064709719033056,117.32300664253918,0.92062957387010103,235.07937042613014,0.00011244618366477008,972.99988755381503,972.99988755381503,789.75112251857695,4388.2488774813937,4388.2488774813937,16.600000000000001
231,116,6.0004178781081796,56.501382039439164,3.0853340356452006,0.86275752148220242,0.10135534901434097,29.534087211955892,3.9984098453202557,117.41805603658223,0.91655416390397793,235.08344583609627,0.0001110186077380376,972.99988898139088,972.99988898139088,788.54888882996147,4389.4511111700085,4389.4511111700085,16.600000000000001
231.25,116,6.0074287578597207,56.559801678213454,3.0639627298849903,0.85972601063937715,0.10123294495003328,29.471810608337204,3.9903536516193241,117.51291405456918,0.91250528077965609,235.08749471922067,0.00010961209139796996,972.99989038790716,972.99989038790716,787.35090039606769,4390.649099603901,4390.649099603901,16.600000000000001
231.5,116,6.0144370465706007,56.618163823348944,3.0427176120812081,0.85670037065042215,0.10111046684899724,29.409588292580832,3.982302443566319,117.6075808142723,0.90848272508182315,235.09151727491843,0.00010822629054074025,972.99989177370787,972.99989177370787,786.15714193957388,4391.842858060395,4391.842858060395,16.600000000000001
231.75,116,6.0214426944094361,56.676468146744149,3.0215981326878381,0.85368061810237594,0.10098791536969159,29.347420625374141,3.9742562737511102,117.70205643471492,0.90448629905223166,235.09551370094803,0.00010686086714674478,972.9998931391309,972.9998931391309,784.96759823624313,4393.032401763724,4393.032401763724,16.600000000000001
232,116,6.0284456516868339,56.734714322015584,3.0006037429490622,0.8506667694416431,0.10086529117512118,29.285307965680616,3.9662151945865545,117.79634103616711,0.90051580657493457,235.0994841934253,0.00010551548916591458,972.99989448450867,972.99989448450867,783.78225411475773,4394.217745885212,4394.217745885212,16.600000000000001
232.25,116,6.0354458688560984,56.792902024503263,2.9797338949107788,0.84765884097333399,0.10074259493278725,29.223250670734309,3.9581792583074282,117.89043474014147,0.89657105316165853,235.10342894683862,0.00010418983040530791,972.99989581016769,972.99989581016769,782.60109445655235,4395.3989055434195,4395.3989055434195,16.600000000000001
232.5,116,6.042443296513941,56.851030931276192,2.9589880414320548,0.84465684886061976,0.10061982731463799,29.161249096034396,3.9501485169693753,117.98433766938899,0.89265184593731228,235.10734815406295,0.00010288357041893581,972.99989711642786,972.99989711642786,781.42410419564726,4396.5758958043252,4396.5758958043252,16.600000000000001
232.75,116,6.0494378854011828,56.909100721137676,2.9383656361964903,0.84166080912409735,0.10049698899701894,29.099303595339816,3.942123022447849,118.07804994789481,0.88875799362563279,235.11124200637454,0.00010159639439977439,972.99989840360377,972.99989840360377,780.25126831848388,4397.7487316814877,4397.7487316814877,16.600000000000001
233,116,6.0564295864034481,56.96711107463058,2.9178661337235035,0.83867073764117106,0.10037408066062377,29.037414520663965,3.9341028264370768,118.17157170087374,0.88488930653496378,235.1151106934652,0.00010032799307391847,972.99989967200509,972.99989967200509,779.08257186375829,4398.9174281362129,4398.9174281362129,16.600000000000001
233.25,116,6.0634183505518751,57.025061674042476,2.8974889893795406,0.83568665014544519,0.10025110299044486,28.975582222269541,3.9260879804490205,118.26490305476608,0.88104559654416936,235.11895440345597,9.9078062596832071e-05,972.9999009219357,972.9999009219357,777.91799992225799,4400.082000077713,4400.082000077713,16.600000000000001
233.5,116,6.0704041290238111,57.082952203410777,2.8772336593892116,0.83270856222613121,0.10012805667572412,28.913807048663354,3.9180785358123531,118.35804413723332,0.87722667708867541,235.12277332291148,9.7846304451652363e-05,972.99990215369417,972.99990215369417,776.75753763669547,4401.242462363276,4401.242462363276,16.600000000000001
233.75,116,6.0773868731435163,57.140782348527544,2.8570996008463316,0.82973648932746769,0.10000494240990378,28.852089346591352,3.9100745436714348,118.45099507715362,0.8734323631466463,235.12656763685359,9.6632425349504281e-05,972.99990336757321,972.99990336757321,775.6011702015461,4402.3988297984233,4402.3988297984233,16.600000000000001
234,116,6.0843665343828519,57.198551796944578,2.8370862717248908,0.82677044674815281,0.099881760890577348,28.790429461033614,3.9020760549853128,118.54375600461758,0.86966247122528706,235.13033752877493,9.5436137131784497e-05,972.99990456386161,972.99990456386161,774.44888286288381,4403.5511171370863,4403.5511171370863,16.600000000000001
234.25,116,6.091343064361987,57.25626023797799,2.8171931308899398,0.82381044964079075,0.099758512819440592,28.728827735199587,3.8940831205267088,118.63632705092368,0.86591681934727405,235.13408318065296,9.4257156674373794e-05,972.9999057428422,972.9999057428422,773.30066091821857,4404.6993390817506,4404.6993390817506,16.600000000000001
234.5,116,6.0983164148500801,57.313907362712989,2.7974196381083969,0.82085651301135198,0.099635198902242511,28.667284510523139,3.8860957908810305,118.72870834857399,0.86219522703731255,235.13780477296299,9.3095205793737861e-05,972.99990690479285,972.99990690479285,772.15648971633266,4405.8435102836347,4405.8435102836347,16.600000000000001
234.75,116,6.1052865377659788,57.371492864008445,2.7777652540597693,0.81790865171864457,0.099511819848736638,28.605800126657996,3.8781141164453845,118.82090003126963,0.85849751530882212,235.1415024846915,9.1950011154877869e-05,972.99990804998777,972.99990804998777,771.0163546571199,4406.9836453428497,4406.9836453428497,16.600000000000001
235,116,6.1122533851789056,57.429016436501392,2.7582294403467871,0.81496688047380039,0.09938837637263212,28.544374921473068,3.870138147427598,118.91290223390625,0.85482350665074014,235.14517649334957,9.0821304181092495e-05,972.99990917869479,972.99990917869479,769.88024119142256,4408.1197588085452,4408.1197588085452,16.600000000000001
235.25,116,6.119216909309146,57.486477776611409,2.7388116595059664,0.81203121383977361,0.099264869191544994,28.483009231047937,3.8621679338452544,119.00471509256968,0.85117302501445535,235.14882697498592,8.970882096551378e-05,972.99991029117837,972.99991029117837,768.74813482087086,4409.2518651790979,4409.2518651790979,16.600000000000001
235.5,116,6.1261770625287353,57.543876582544911,2.719511375018079,0.80910166623085233,0.099141299026949709,28.421703389668366,3.8542035255247269,119.09633874453118,0.84754589580085726,235.15245410419959,8.8612302184380666e-05,972.99991138769713,972.99991138769713,767.62002109772163,4410.379978902246,4410.379978902246,16.600000000000001
235.75,116,6.133133797362146,57.60121255429933,2.7003280513185399,0.80617825191218351,0.099017666604130472,28.36045772982202,3.8462449721002341,119.18777332824308,0.8439419458475107,235.15605805415291,8.7531493012014256e-05,972.9999124685063,972.9999124685063,766.4958856246983,4411.5041143752724,4411.5041143752724,16.600000000000001
236,116,6.1400870664869558,57.658485393667284,2.6812611538077085,0.80326098499931031,0.098893972652132747,28.299272582194121,3.8382923230128903,119.27901898333404,0.84036100341594655,235.15963899658442,8.6466143037459869e-05,972.99991353385633,972.99991353385633,765.37571405483027,4412.6242859451386,4412.6242859451386,16.600000000000001
236.25,116,6.1470368227345418,57.715694804240535,2.6623101488611067,0.80034987945772285,0.098770217903714902,28.238148275663292,3.8303456275097783,119.37007585060456,0.83680289817907316,235.16319710182134,8.5416006182761656e-05,972.99991458399313,972.99991458399313,764.25949209129362,4413.7405079086748,4413.7405079086748,16.600000000000001
236.5,116,6.1539830190907399,57.772840491413923,2.6434745038395593,0.79744494910242103,0.098646403095299914,28.177085137297436,3.8224049346430209,119.46094407202246,0.83326746120870243,235.16673253879168,8.4380840622836004e-05,972.99991561915863,972.99991561915863,763.14720548725154,4414.8527945127162,4414.8527945127162,16.600000000000001
236.75,116,6.1609256086965365,57.829922162389146,2.6247536870992279,0.79454620759749239,0.09852252896692712,28.116083492349723,3.8144702932688648,119.55162379071798,0.82975452496319579,235.17024547503712,8.3360408706911415e-05,972.99991663959054,972.99991663959054,762.03884004569636,4415.9611599542704,4415.9611599542704,16.600000000000001
237,116,6.1678645448487162,57.886939526178566,2.6061471680015811,0.79165366845569962,0.09839859626220411,28.055143664254668,3.8065417520467757,119.64211515097929,0.82626392327521958,235.17373607672516,8.2354476881502472e-05,972.99991764552215,972.99991764552215,760.93438161928998,4417.0656183806768,4417.0656183806768,16.600000000000001
237.25,116,6.1747997810005435,57.943892293608705,2.587654416923264,0.78876734503808321,0.098274605728258566,27.99426597462428,3.798619359438538,119.73241829824778,0.82279549133961949,235.17720450866079,8.1362815614886283e-05,972.9999186371831,972.9999186371831,759.83381611020684,4418.1661838897598,4418.1661838897598,16.600000000000001
237.5,116,6.1817312707624303,58.000780177323875,2.5692749052658881,0.78588725055357667,0.09815055811569047,27.933450743244293,3.7907031637073674,119.82253337911341,0.81934906570140453,235.18065093429905,8.0385199323051076e-05,972.99991961479952,972.99991961479952,758.73712946997614,4419.2628705299903,4419.2628705299903,16.600000000000001
237.75,116,6.1886589679025823,58.057602891789621,2.5510081054657285,0.78301339805863301,0.098026454178524056,27.872698288070513,3.7827932129170332,119.91246054130978,0.81592448424384423,235.18407551575663,7.9421406297086752e-05,972.99992057859231,972.99992057859231,757.64430769932483,4420.3556923006427,4420.3556923006427,16.600000000000001
238,116,6.1955828263476675,58.114360153295998,2.5328534910033347,0.78014580045686555,0.097902294674159937,27.812008925225193,3.7748895549309869,120.00219993370968,0.81252158617667525,235.18747841382375,7.847121863198761e-05,972.99992152878019,972.99992152878019,756.55533684802072,4421.4446631519459,4421.4446631519459,16.600000000000001
238.25,116,6.2025028001834706,58.171051679960833,2.5148105364130586,0.7772844704987002,0.097778080363327691,27.751382968993571,3.7669922374114968,120.09175170632008,0.80914021202441799,235.190859787976,7.753442215683898e-05,972.99992246557656,972.99992246557656,755.47020301471673,4422.5297969852509,4422.5297969852509,16.600000000000001
238.5,116,6.2094188436555351,58.227677191732845,2.4968787172924864,0.77442942078104116,0.097653812010037866,27.690820731820434,3.759101307818804,120.18111601027744,0.80578020361480318,235.19421979638562,7.6610806366358993e-05,972.99992338919219,972.99992338919219,754.38889234679402,4423.6111076531733,4423.6111076531733,16.600000000000001
238.75,116,6.2163309111698188,58.284236410394776,2.479057510311784,0.77158066374694878,0.097529490381534731,27.630322524306816,3.7512168134102759,120.27029299784289,0.80244140406730169,235.19755859593317,7.5700164353768358e-05,972.99992429983445,972.99992429983445,753.31139104020849,4424.6886089597583,4424.6886089597583,16.600000000000001
239,116,6.2232389572933355,58.340729059566257,2.4613463932229602,0.76873821168532985,0.097405116248248727,27.569888655206714,3.7433388012395756,120.35928282239739,0.79912365778176508,235.20087634221872,7.4802292744960888e-05,972.99992519770592,972.99992519770592,752.23768533933378,4425.7623146606329,4425.7623146606329,16.600000000000001
239.25,116,6.2301429367548007,58.397154864706714,2.4437448448690304,0.76590207673064048,0.097280690383748938,27.509519431423978,3.7354673181558371,120.44808563843698,0.79582681042716974,235.20417318957334,7.3916991633948297e-05,972.99992608300727,972.99992608300727,751.16776153680746,4426.8322384631592,4426.8322384631592,16.600000000000001
239.5,116,6.2370428044452479,58.453513553118114,2.4262523451931011,0.76307227086260099,0.097156213564696101,27.44921515800921,3.7276024108028549,120.53670160156774,0.79255070893046375,235.20744929107002,7.304406451955341e-05,972.99992695593426,972.99992695593426,750.10160597337858,4427.8983940265871,4427.8983940265871,16.600000000000001
239.75,116,6.2439385154186908,58.509804853947642,2.408868375247355,0.76024880590592503,0.097031686570795223,27.388976138156821,3.7197441256182775,120.62513086850106,0.78929520146552146,235.21070479853495,7.2183318243326667e-05,972.9999278166805,972.9999278166805,749.03920503774987,4428.960794962215,4428.960794962215,16.600000000000001
240,116,6.2508300248927275,58.566028498190256,2.39159241720195,0.75743169353005757,0.09690711018474861,27.328802673202095,3.7118925088328143,120.71337359704857,0.78606013744219549,235.21393986255831,7.1334562928660925e-05,972.99992866543585,972.99992866543585,747.98054516642901,4430.0194548335357,4430.0194548335357,16.600000000000001
