model_time,CD95,FADD,DISC,p55free,DISCp55,p30,p43,p18,p18inactive,Bid,tBid,PrNES_mCherry,PrNES,mCherry,PrER_mGFP,PrER,mGFP,CD95L
0,116,93,0,155,0,0,0,0,0,236,0,973,0,0,5178,0,0,16.600000000000001
0.25,116,91.876040356892204,1.1132933193095047,154.98933367619844,0.010656151182114867,1.0170067533745624e-05,2.5486822628028052e-09,3.2391906708768852e-12,1.1145325105580947e-14,235.99999999998664,1.3336272044616716e-11,972.99999999984163,1.5834774310641213e-10,1.5834774310641213e-10,5178,9.2498533704048584e-13,9.2498533704048584e-13,16.600000000000001
0.5,116,90.76721569207379,2.1905836850547371,154.95779937692447,0.042119904463391644,8.0638421569982031e-05,7.9986547165175949e-08,2.0265529854013238e-10,1.3833572076973487e-12,235.99999999916173,8.3817708528896069e-10,972.99999999004785,9.9520652649062302e-09,9.9520652649062302e-09,5177.9999999998854,1.1480913485139691e-10,1.1480913485139691e-10,16.600000000000001
0.75,116,89.673292931670005,3.2327938401712788,154.90608676955631,0.093642900811365171,0.00026973170057387896,5.9564682003382041e-07,2.2617658772456085e-09,2.3198067735419622e-11,235.99999999060142,9.3984939678736148e-09,972.99999988840727,1.1159267772712316e-07,1.1159267772712316e-07,5177.9999999980755,1.9252800882574716e-09,1.9252800882574716e-09,16.600000000000001
1,116,88.594043109520499,4.2408321513145184,154.83487524821228,0.1644886236484846,0.00063365413125096798,2.4613852927987888e-06,1.2451989367727555e-08,1.7071648434444475e-10,235.99999994801416,5.1985729822058461e-08,972.99999938274925,6.1725068008590283e-07,6.1725068008590283e-07,5177.9999999858328,1.4168294178374529e-08,1.4168294178374529e-08,16.600000000000001
1.25,116,87.529241296919309,5.2155921338832725,154.74483338346064,0.25393268491749427,0.001226518596727017,7.3656832373002619e-06,4.6542271910254624e-08,7.9965867557945087e-10,235.99999980477796,1.9522191716487313e-07,972.99999768203952,2.3179603610721085e-06,2.3179603610721085e-06,5177.9999999336351,6.6366170796853599e-08,6.6366170796853599e-08,16.600000000000001
1.5,116,86.478666532583091,6.157952043227108,154.63661843682755,0.36126307489111087,0.0021003774636337022,1.7971835087185317e-05,1.3616794607463834e-07,2.8147274227640215e-09,235.99999942615827,5.7384163399763578e-07,972.99999318651214,6.8134878421984495e-06,6.8134878421984495e-06,5177.9999997663972,2.3360301912233381e-07,2.3360301912233381e-07,16.600000000000001
1.75,116,85.44210175293513,7.0687745281290351,154.51087593650371,0.48578037734216584,0.0033052532054608846,3.808838824688266e-05,3.3642614062143173e-07,8.1343802708076488e-09,235.99999857556347,1.4244364113677511e-06,972.99998308700572,1.6912994043927677e-05,1.6912994043927677e-05,5177.999999324903,6.7509762206487844e-07,6.7509762206487844e-07,16.600000000000001
2,116,84.419333722786348,7.9489063427337578,154.36823931070444,0.62679795164344054,0.004889168853100939,7.2813983391069811e-05,7.3446744595338755e-07,2.0348257313295792e-08,235.9999968756365,3.1243633833689853e-06,972.99996290298486,3.7097015012038956e-05,3.7097015012038956e-05,5177.9999983112348,1.688765421174664e-06,1.688765421174664e-06,16.600000000000001
2.25,116,83.410152966488269,8.799178113189086,154.20932957521291,0.78364208332448126,0.0068981782969376477,0.00012865870125484575,1.4588761256430448e-06,4.5588395965819631e-08,235.99999376491922,6.2350806674835153e-06,972.99992596799734,7.4032002643474563e-05,7.4032002643474563e-05,5177.9999962164775,3.7835233510639289e-06,3.7835233510639289e-06,16.600000000000001
2.5,116,82.414353699626531,9.6204041553740751,154.03475507171754,0.95565210457627225,0.0093763964584229371,0.00021364396473506117,2.6896524286277459e-06,9.3630711977514346e-08,235.99998845076945,1.1549230433949544e-05,972.999862870637,0.00013712936295744963,0.00013712936295744963,5177.9999922292964,7.7707051871902041e-06,7.7707051871902041e-06,16.600000000000001
2.75,116,81.431733761317702,10.413382340203151,153.84511125365086,1.1421804861618579,0.012366029342803335,0.00033738297450934356,4.6686311029971179e-06,1.7923899163962171e-07,235.99997985915141,2.0140848450101497e-05,972.99976085838455,0.000239141615423871,0.000239141615423871,5177.9999851243974,1.4875603652994801e-05,1.4875603652994801e-05,16.600000000000001
3,116,80.46209454716714,11.178894003116298,153.64098051633457,1.342592902161124,0.015907403978944013,0.00051114357650609073,7.7101889030646748e-06,3.237600520172446e-07,235.99996658186697,3.3418132900632459e-05,972.99960321106209,0.00039678893783939119,0.00039678893783939119,5177.9999731301441,2.6869857740478785e-05,2.6869857740478785e-05,16.600000000000001
3.25,116,79.505240942939267,11.917703894498134,153.42293206834944,1.5562682689478846,0.020038998246456073,0.00074789536828819318,1.221211271295191e-05,5.5697530080344961e-07,235.99994682173914,5.3178260724806645e-05,972.99936858998092,0.00063141001896331237,0.00063141001896331237,5177.9999537748827,4.6225119425113061e-05,4.6225119425113061e-05,16.600000000000001
3.5,116,78.56098125898724,12.630560167899944,153.19152184115967,1.7825987597702302,0.024797470585362268,0.0010623427572335031,1.8666516401426124e-05,9.1921117477760505e-07,235.99991833621021,8.166378965574511e-05,972.99903036826663,0.00096963173338791614,0.00096963173338791614,5177.9999237117963,7.6288205502741965e-05,7.6288205502741965e-05,16.600000000000001
3.75,116,77.629127165484249,13.318194403075459,152.94729243414099,2.0209897962773971,0.030217689578871547,0.0014709455840398891,2.7670710335083879e-05,1.4637084492544848e-06,235.99987837976693,0.00012162023295434289,972.9985559472683,0.001444052731631041,0.001444052731631041,5177.999878522267,0.00012147773389785109,0.00012147773389785109,16.600000000000001
4,116,76.709493628493007,13.981321660979187,152.69077309228194,2.2708600183087109,0.036332763395654298,0.0019919288234582317,3.9937942055414478e-05,2.2592482937974731e-06,235.99982364555996,0.00017635443991053748,972.99790606341571,0.0020939365842770354,0.0020939365842770354,5177.9998124979329,0.00018750206807444962,0.00018750206807444962,16.600000000000001
4.25,116,75.801898846907136,14.620640568014275,152.42247971395034,2.5316412332322664,0.043174069074319421,0.0026452827720295259,5.6307939993350777e-05,3.3930311631927513e-06,235.99975020654145,0.00024979345841333816,972.99703408936944,0.0029659106306605541,0.0029659106306605541,5177.9997184017548,0.00028159824491432725,0.00028159824491432725,16.600000000000001
4.5,116,74.906164190292699,15.236833426954819,152.14291488624033,2.8027783460922522,0.050771281629706781,0.0034527550305608118,7.7757204035299596e-05,4.9738032047122284e-06,235.99965345640413,0.00034654359572922592,972.99588533284657,0.0041146671535440193,0.0041146671535440193,5177.9995872085565,0.00041279144454866597,0.00041279144454866597,16.600000000000001
4.75,116,74.022114137655066,15.830566352103652,151.85256794553712,3.0837292717944171,0.05915240295777037,0.0044378354891336175,0.00010540899813563021,7.1352235641563685e-06,235.99952805056793,0.00047194943192913904,972.99439633604641,0.0056036639536785121,0.0056036639536785121,5177.9994078255477,0.00059217445282458534,0.00059217445282458534,16.600000000000001
5,116,73.149576217152372,16.402489426381223,151.55191506105868,3.3739648305286689,0.068343790513685831,0.0056257354240924215,0.00014054300989636156,1.0039465099234599e-05,235.99936784742513,0.0006321525747162044,972.99249417819726,0.0075058218026286382,0.0075058218026286382,5177.9991667935055,0.00083320649450787493,0.00083320649450787493,16.600000000000001
5.25,116,72.288380946773316,16.95323687817287,151.241419339255,3.6729686275963291,0.078370185736032508,0.0070433617214941506,0.00018460465096895842,1.3881040267145897e-05,235.99916585002347,0.00083414997638859623,972.99009578337132,0.0099042166286489493,0.0099042166286489493,5177.9988479692474,0.0011520307537026574,0.0011520307537026574,16.600000000000001
5.5,116,71.438361775994167,17.48342727589014,150.92153094706086,3.9802369187771176,0.089254742188534297,0.0087192871500888294,0.00023921398008125975,1.8890843433085659e-05,235.99891414833672,0.001085851663135962,972.98710723536362,0.012892764636403233,0.012892764636403233,5177.9984321901456,0.0015678098547166008,0.0015678098547166008,16.600000000000001
5.75,116,70.599355028426572,17.993663738326706,150.59268725211533,4.2952784623374596,0.10101905338987846,0.010683717519426152,0.00030617423753934002,2.5340400478624487e-05,235.99860386224617,0.0013961377536907372,972.98342310112457,0.016576898875431623,0.016576898875431623,5177.9978969214544,0.0021030785459694957,0.0021030785459694957,16.600000000000001
6,116,69.771199845465247,18.484534159010412,150.25531297817318,4.6176143587474483,0.11368318030157613,0.012968456475356089,0.00038747998612648758,3.3546316417416852e-05,235.99822508533134,0.0017749146685360096,972.97892576394565,0.021074236054425415,0.021074236054425415,5177.997215887186,0.0027841128151751358,0.0027841128151751358,16.600000000000001
6.25,116,68.953738130941858,18.956611442869562,149.90982037404115,4.9467778791386232,0.12726567844359274,0.015606868606417324,0.00048532485865483346,4.3874911664076201e-05,235.99776682954706,0.0022331704528125908,972.97348476734669,0.026515232653373706,0.026515232653373706,5177.9963586853428,0.003641314658744716,0.003641314658744716,16.600000000000001
6.5,116,68.146814496789133,19.410453753644006,149.55660939447853,5.2823142834989802,0.14178362460756749,0.018633841460365508,0.00060210891698301498,5.6747037663610509e-05,235.99721697084419,0.0027830291557015374,972.96695617038733,0.033043829612650899,0.033043829612650899,5177.9952903882686,0.0047096117332637855,0.0047096117332637855,16.600000000000001
6.75,116,67.350276209717265,19.846604770579169,149.19606789160255,5.6237806295653341,0.15725264313781984,0.022085747000467296,0.00074044563117514552,7.2643062751538722e-05,235.99656219577332,0.0034378042265711213,972.95918191492069,0.040818085079324072,0.040818085079324072,5177.9939711288716,0.0060288711301524044,0.0060288711301524044,16.600000000000001
7,116,66.56397313890217,20.26559395304427,148.82857181543639,5.9707455733364974,0.17368693175097741,0.02600040296614814,0.00090316849070513775,9.210801935678601e-05,235.99578794909621,0.0042120509036732362,972.9499892051324,0.050010794867592967,0.050010794867592967,5177.9923556734675,0.0076443265344035595,0.0076443265344035595,16.600000000000001
7.25,116,65.787757704683841,20.667936811814432,148.45448542233208,6.322789162093807,0.19109928686594974,0.030417034542042521,0.0010933372622144888,0.00011575690398300138,235.99487838241518,0.0051216175847105154,972.93918989955716,0.060810100443008393,0.060810100443008393,5177.9903929819466,0.0096070180547987716,0.0096070180547987716,16.600000000000001
7.5,116,65.021484828270999,21.054135185849965,148.07416149008876,6.6795026207786918,0.2095011284170295,0.035376236683384764,0.0013142439104821804,0.00014428012175863304,235.99381630381936,0.0061836961805313301,972.92657991562703,0.073420084373176958,0.073420084373176958,5177.9880257559589,0.011974244042020498,0.011974244042020498,16.600000000000001
7.75,116,64.265011882446984,21.424677523495049,147.6879415386735,7.0404881325400002,0.22890252412420808,0.040919937393825795,0.0015694182007980279,0.00017844906778199726,235.99258312853667,0.0074168714632099862,972.91193864670311,0.088061353297094955,0.088061353297094955,5177.9851899757541,0.014810024246783491,0.014810024246783491,16.600000000000001
8,116,63.518198643270082,21.780039167102466,147.29615605553252,7.4053586142272998,0.24931221319619745,0.047091362204018709,0.00186263300215388,0.00021912183791651047,235.99115883057138,0.0088411694285113179,972.89502839144109,0.10497160855905537,0.10497160855905537,5177.9818144262954,0.018185573705146837,0.018185573705146837,16.600000000000001
8.25,116,62.78090724276062,22.12068264017077,146.89912472455785,7.7737374875700906,0.27073762944323809,0.053935000055354808,0.0021979093114029265,0.00026724906217280965,235.98952189530002,0.010478104699885537,972.87559379527295,0.12440620472728095,0.12440620472728095,5177.9778202132238,0.022179786777501678,0.022179786777501678,16.600000000000001
8.5,116,62.053002122565694,22.447057936155534,146.49715665784802,8.1452584467472455,0.29318492377846866,0.061496570753136644,0.0025795210189499059,0.0003238798542933218,235.98764927299288,0.012350727007006254,972.85336130372445,0.1466386962757302,0.1466386962757302,5177.9731202691946,0.026879730806741758,0.026879730806741758,16.600000000000001
8.75,116,61.334349988591654,22.759602808187331,146.0905506294707,8.5195652230159027,0.31665898608843768,0.069822994116747403,0.0030119994366114696,0.00039016787164736769,235.98551633322336,0.014483666776506759,972.8280386272495,0.17196137275059434,0.17196137275059434,5177.9676188510994,0.032381148901177499,0.032381148901177499,16.600000000000001
9,116,60.624819766593284,23.058743058995773,145.67959531050099,8.8963113470348372,0.34116346645523532,0.078962360920943053,0.0035001376080805,0.00046737748003193954,235.98309682012382,0.016903179876084532,972.79931421722824,0.20068578277197099,0.20068578277197099,5177.9612110286134,0.038788971387247219,0.038788971387247219,16.600000000000001
9.25,116,59.924282558708015,23.344892830401495,145.26456950466914,9.275159909483877,0.36670079571469766,0.088963905691985645,0.0040489944219632571,0.00055689001845357058,235.98036280844428,0.019637191555626408,972.76685675276303,0.23314324723719904,0.23314324723719904,5177.9537821644853,0.046217835515895762,0.046217835515895762,16.600000000000001
9.5,116,59.232611600922667,23.618454891796667,144.84574238401328,9.6557833205487871,0.393272205337169,0.099877981394790954,0.0046638985466674479,0.00066021015943267035,235.97728466036938,0.02271533963053067,972.73031463790403,0.26968536209628446,0.26968536209628446,5177.945207386957,0.054792613044002278,0.054792613044002278,16.600000000000001
9.75,116,58.54968222145969,23.879820927089593,144.42337372398299,10.037863068809219,0.42087774661942906,0.11175603602215145,0.0053504522055072695,0.0007789723608216659,235.97383098304689,0.026169016953035602,972.68931550893808,0.31068449106227386,0.31068449106227386,5177.9353510546525,0.064648945348271286,0.064648945348271286,16.600000000000001
10,116,57.875371800069303,24.129371819639843,143.99771413749434,10.421089480037724,0.4495163091785096,0.12465059107469764,0.0061145348093274814,0.00091494740554836122,235.96996858678276,0.030031413217204712,972.64346575139837,0.35653424860206834,0.35653424860206834,5177.9240662142392,0.07593378576244586,0.07593378576244586,16.600000000000001
10.25,116,57.20955972821335,24.367477934758277,143.56900530748288,10.805161476388403,0.47918563874033671,0.13861522189971925,0.0069623064626966238,0.0010700490260945939,235.96566244385761,0.034337556142316643,972.59235002647449,0.40764997352587268,0.40764997352587268,5177.9111940511411,0.088805948860186584,0.088805948860186584,16.600000000000001
10.5,116,56.552127370126392,24.594499399391598,143.13748021754887,11.189786336425652,0.50988235421842576,0.15370453983801882,0.0079002113582979008,0.001246340610893619,235.96087564792217,0.039124352077757267,972.53553080654444,0.46446919345601806,0.46446919345601806,5177.8965633335665,0.10343666643513175,0.10343666643513175,16.600000000000001
10.75,116,55.90295802473927,24.810786378642817,142.70336338031908,11.574679456424597,0.5416019640797195,0.16997417611368043,0.008934981072989118,0.0014460419900860612,235.95556937392894,0.04443062607098703,972.47254791957937,0.52745208042098968,0.52745208042098968,5177.879989850052,0.12001014994921363,0.12001014994921363,16.600000000000001
11,116,55.261936888450322,25.01667934884777,142.26687106322331,11.959564113320486,0.57433888199788508,0.18748076738361616,0.010073637776242777,0.0016715362986071372,235.94970283856517,0.050297161434761928,972.40291810225744,0.59708189774278764,0.59708189774278764,5177.8612758407389,0.13872415926252782,0.13872415926252782,16.600000000000001
11.25,116,54.628951018728436,25.212509366917253,141.82821151136966,12.344171229708078,0.608086441795609,0.20628194285070575,0.011323497361648368,0.0019253769144687595,235.94323326114932,0.056766738850674382,972.32613456163881,0.67386543836148249,0.67386543836148249,5177.8402094225557,0.15979057744592992,0.15979057744592992,16.600000000000001
11.5,116,54.003889298532442,25.398598335712116,141.38758516726469,12.728239141242042,0.64283691168031631,0.22643631283316809,0.012692172509413341,0.0022102944705234377,235.93611582496007,0.063884175039870567,972.24166654534247,0.75833345465782176,0.75833345465782176,5177.8165640084908,0.18343599151082673,0.18343599151082673,16.600000000000001
11.75,116,53.386642401531795,25.575259265261668,140.94518488716989,13.111513366753217,0.678581507780321,0.24800345867307766,0.014187575685385005,0.0025292039382589252,235.928303638974,0.071696361025962468,972.1489589202489,0.85104107975148946,0.85104107975148946,5177.7900977210911,0.20990227891011365,0.20990227891011365,16.600000000000001
12,116,52.77710275811252,25.742796529638099,140.50119615388746,13.493746381405236,0.71531040699043713,0.27104392385378895,0.015817922081119238,0.002885211782094292,235.91974769998666,0.080252300013279515,972.04743175980639,0.95256824019406838,0.95256824019406838,5177.7605528003469,0.23944719965387706,0.23944719965387706,16.600000000000001
12.25,116,52.175164522152663,25.901506119335981,140.05579728580886,13.87469739318461,0.75301275913873678,0.29561920618809356,0.017591732497025739,0.0032816231828115823,235.91039685510276,0.089603144897151321,971.93647994011792,1.0635200598825723,1.0635200598825723,5177.7276550061069,0.27234499389425126,0.27234499389425126,16.600000000000001
12.5,116,51.580723538548071,26.051675889000688,139.60915964205199,14.254132123062051,0.79167669849202504,0.32179175089725226,0.019517836168359819,0.0037219493284755766,235.90019776458064,0.099802235419300694,971.81547274513798,1.1845272548624695,1.1845272548624695,5177.6911130152021,0.30888698479877624,0.30888698479877624,16.600000000000001
12.75,116,50.993677311492156,26.193585800547361,139.16144782373354,14.631822588751586,0.83128935459807107,0.34962494461092009,0.021605373532891225,0.0042099147731413863,235.88909486503729,0.11090513496265707,971.68375348096845,1.3162465190320209,1.3162465190320209,5177.6506178132577,0.34938218674345911,0.34938218674345911,16.600000000000001
13,116,50.41392497344853,26.327508161234487,138.71281987089205,15.007546893096469,0.87183686252775183,0.37918310969285235,0.023863798933071119,0.004749464857946052,235.87703033298837,0.12296966701157218,971.54063910056641,1.4593608994340843,1.4593608994340843,5177.6058420817762,0.39415791822570623,0.39415791822570623,16.600000000000001
13.25,116,49.841367254865773,26.453707857082712,138.26342745549641,15.381089016224633,0.91330437247237661,0.41053149935459948,0.026302883253424496,0.0053447731987194338,235.86394404875887,0.1360559512410689,971.3854198380493,1.6145801619510809,1.6145801619510809,5177.5564395800493,0.44356041995305406,0.44356041995305406,16.600000000000001
13.5,116,49.275906454547389,26.572442581127081,137.81341606997273,15.752238612855946,0.95567605880157969,0.44373629266808906,0.028932716469856096,0.0060002492319500625,235.84977356076701,0.15022643923291876,971.21735885507758,1.7826411449228345,1.7826411449228345,5177.502044522811,0.49795547719179101,0.49795547719179101,16.600000000000001
13.75,116,48.717446410730297,26.68396305686354,137.3629252116541,16.120790813884504,0.99893512852715494,0.4788645899945852,0.031763710116569387,0.0067205458232231377,235.83445405020177,0.16554594979815623,971.0356918981679,1.9643081018325903,1.9643081018325903,5177.4422709531591,0.55772904684384583,0.55772904684384583,16.600000000000001
14,116,48.165892472807364,26.788513256544746,136.91208856277086,16.486546033233019,1.0430638292558039,0.51598440815914404,0.034806599649353967,0.0075105669319545055,235.81791829610961,0.18208170389031908,970.83962696898334,2.1603730310171043,2.1603730310171043,5177.3767121114461,0.62328788855653172,0.62328788855653172,16.600000000000001
14.25,116,47.621151473689132,26.886330614462192,136.46103416614804,16.849309779947554,1.0880434566721908,0.55516467522901203,0.038072446674448729,0.0083754753288850653,235.8000966409783,0.19990335902163875,970.62834400915699,2.3716559908434509,2.3716559908434509,5177.3049398005069,0.69506019949505848,0.69506019949505848,16.600000000000001
14.5,116,47.083131702822293,26.977646235203231,136.00988459659047,17.208892475331016,1.1338543615094097,0.59647522513412843,0.041572641065566671,0.0093207003695429287,235.78091695676355,0.21908304323635924,970.40099459828207,2.5990054017184501,2.5990054017184501,5177.2265037468742,0.77349625312858317,0.77349625312858317,16.600000000000001
14.75,116,46.551742879791085,27.062685096789817,135.55875712788151,17.565109276059623,1.180475956168795,0.6399867911907553,0.045318902888903313,0.010351945810535468,235.76030461154056,0.23969538845936106,970.15670167007272,2.8432983299277184,2.8432983299277184,5177.1409309593946,0.85906904060826494,0.85906904060826494,16.600000000000001
15,116,46.026896128545538,27.141666248812648,135.10776389551918,17.917779902688732,1.2278867209148887,0.68577099903827132,0.049323284165829422,0.011475197673218919,235.73818243672949,0.26181756327042255,969.89455924464016,3.1054407553602492,3.1054407553602492,5177.0477250847352,0.95227491526691865,0.95227491526691865,16.600000000000001
15.25,116,45.50850395221152,27.214803005481969,134.65701205511618,18.266728474136517,1.2760642097376562,0.73390035843241241,0.053598170429741722,0.012696732147635765,235.71447069498899,0.28552930501087481,969.61363217965243,3.3863678203479544,3.3863678203479544,5176.9463657605429,1.0536342394609899,1.0536342394609899,16.600000000000001
15.5,116,44.996480208456674,27.282303133673331,134.20660393659807,18.611783348420936,1.3249850559893694,0.78444825345977587,0.058156282007892149,0.014023123524084399,235.68908704897288,0.31091295102700939,969.31295594423068,3.6870440557698299,3.6870440557698299,5176.8363079675191,1.1636920324841153,1.1636920324841153,16.600000000000001
15.75,116,44.490740085445118,27.344369035939422,133.75663719413618,18.952776969267532,1.3746249776966375,0.83748893165137084,0.063010675086372939,0.015461252162050748,235.66194653079808,0.33805346920182006,968.99153641222017,4.00846358778041,4.00846358778041,5176.7169813794408,1.2830186205628171,1.2830186205628171,16.600000000000001
16,116,43.991200078309745,27.401197928548381,133.30720495196431,19.289545719426645,1.4249587827767285,0.89309749093858581,0.068174742421879861,0.017018312471984987,235.63296151258999,0.36703848740990536,968.6483496826786,4.351650317321873,4.351650317321873,5176.587789713577,1.4122102864259567,1.4122102864259567,16.600000000000001
16.25,116,43.497777966168769,27.452982014557492,132.85839594608655,19.621929780377645,1.475960374103078,0.95134986479310613,0.073662213727139644,0.018701820912626753,235.60204167804989,0.39795832194998643,968.28234192591606,4.7176580740843734,4.7176580740843734,5176.4481100812236,1.551889918778798,1.551889918778798,16.600000000000001
16.5,116,43.010392789668572,27.499908651922407,132.4102946618853,19.949772998637904,1.5276027544653796,1.0123228053058262,0.079487155705520826,0.020519624000228262,235.5690939951034,0.43090600489650344,967.89242925654503,5.107570743455458,5.107570743455458,5176.297292338716,1.7027076612874179,1.7027076612874179,16.600000000000001
16.75,116,42.528964829004607,27.542160516750279,131.96298146787572,20.272922759234927,1.5798580316559725,1.0760938633542962,0.085663971582738724,0.022479906296485479,235.53402269008123,0.46597730991864955,967.4774976420058,5.5225023579947017,5.5225023579947017,5176.1346584421844,1.8653415578193637,1.8653415578193637,16.600000000000001
17,116,42.053415582473512,27.579915761594304,131.51653274538123,20.591229865726664,1.6326974234554046,1.1427413667502062,0.092207400281527338,0.024591198405106054,235.49672922301136,0.50327077698853628,967.036402838394,5.9635971616064944,5.9635971616064944,5175.9595018030968,2.0404981969066909,2.0404981969066909,16.600000000000001
17.25,116,41.583667745457426,27.613348168986612,131.07102101459338,20.904548427927391,1.6860912629779632,1.2123443946506922,0.099132514939279118,0.026862384911422982,235.4571122649088,0.54288773509108046,966.56797037033266,6.4320296296678734,6.4320296296678734,5175.7710866510088,2.2289133489938884,2.2289133489938884,16.600000000000001
17.5,116,41.119645189915126,27.642627300061307,130.6265150566891,21.212735756478157,1.7400090040515872,1.2849827494939121,0.10645472097924576,0.029302712308140987,235.41506767645646,0.58493232354341806,966.07099554316369,6.9290044568367488,6.9290044568367488,5175.5686473992628,2.43135260074013,2.43135260074013,16.600000000000001
17.75,116,40.661272944311534,27.667918638412537,130.18308003236237,21.515652265065555,1.7944192269784041,1.36073692523206,0.11418975350677867,0.03192179685494783,235.37048848876384,0.62951151123604776,965.54424350014801,7.4557564998524031,7.4557564998524031,5175.351388018722,2.6486119812814333,2.6486119812814333,16.600000000000001
18,116,40.20847717398626,27.689383729177155,129.74077759677243,21.813161380280633,1.849289644686515,1.4396880718695326,0.12235367402258107,0.034729632368424947,235.32326488622755,0.6767351137723463,964.98644932496154,8.0135506750389141,8.0135506750389141,5175.1184814198832,2.881518580120074,2.881518580120074,16.600000000000001
18.25,116,39.761185161956348,27.707180313361398,129.29966601097078,22.105129459190071,1.9045871093256848,1.5219179561665954,0.13096286641645241,0.037736597930574468,235.27328419162768,0.72671580837223515,964.39631819165754,8.6036818083427882,8.6036818083427882,5174.8690688444512,3.1309311555521067,3.1309311555521067,16.600000000000001
18.5,116,39.319325290135296,27.721462457428764,128.85980024993424,22.391425714850804,1.9602776194505123,1.6075089181347202,0.14003403214564852,0.040953465484244181,235.22043085379318,0.77956914620672668,963.77252556751716,9.2274744324831754,9.2274744324831754,5174.6022592693489,3.397740730655165,3.397740730655165,16.600000000000001
18.75,116,38.882827020958267,27.732380678185649,128.42123210725762,22.671922149871421,2.0163263278282577,1.6965438231565029,0.14958418457172254,0.044391407314620109,235.16458643788337,0.83541356211654105,963.11371746997168,9.886282530028847,9.886282530028847,5174.3171288233098,3.682871176694392,3.682871176694392,16.600000000000001
19,116,38.451620879402945,27.740082062954272,127.9840102966341,22.946493498171343,2.0726975500285478,1.7891060094429874,0.15963064234950408,0.04806200337367126,235.10562961868587,0.89437038131402491,962.41851078359764,10.581489216402819,10.581489216402819,5174.0127202200429,3.9872797799603039,3.9872797799603039,16.600000000000001
19.25,116,38.025638435392821,27.744710385077724,127.54818055017637,23.215017175090082,2.1293547738301117,1.8852792306093555,0.17019102184554818,0.051977248448671631,235.04343617698123,0.95656382301869292,961.68549363852094,11.314506361479516,11.314506361479516,5173.6880422079221,4.3119577920817989,4.3119577920817989,16.600000000000001
19.5,116,37.604812286573647,27.746406214733589,127.1137857137103,23.477373235962084,2.1862606696141444,1.9851475931166247,0.18128322847157063,0.056149559125420086,234.97787899940661,1.0221210005932828,960.91322585650937,12.086774143491025,12.086774143491025,5173.3420690407465,4.6579309592570901,4.6579309592570901,16.600000000000001
19.75,116,37.189076041449795,27.745307025098519,126.68086583910306,23.733444343314844,2.2433771017916282,2.0887954883453022,0.19292544690182264,0.060591780543482798,234.90882808189693,1.0911719181029691,960.10023946650847,12.899760533491964,12.899760533491964,5172.9737399699079,5.0262600300951776,5.0262600300951776,16.600000000000001
20,116,36.778364302871559,27.741547293840199,126.24945827374384,23.983115742790527,2.3006651414200228,2.1963075190777914,0.20513613007116016,0.065317192896792567,234.83615053710713,1.1638494628927682,959.24503929539924,13.754960704601089,13.754960704601089,5172.5819587622318,5.4180412377718836,5.4180412377718836,16.600000000000001
20.25,116,36.372612651861495,27.735258599954669,125.81959774725834,24.226275247908887,2.3580850800955493,2.3077684201794999,0.21793398689851667,0.070339517659341211,234.75971060601461,1.240289393985279,958.34610363710453,14.653896362895864,14.653896362895864,5172.1655932453996,5.8344067546043128,5.8344067546043128,16.600000000000001
20.5,116,35.971757631768547,27.726569715964125,125.39131645555427,24.462813233837849,2.4155964452244927,2.423262973205079,0.23133796866366071,0.075672923514791907,234.67936967393763,1.32063032606229,957.40188500398858,15.598114996011708,15.598114996011708,5171.7234748829615,6.2765251170419534,6.2765251170419534,16.600000000000001
20.75,116,35.575736732741852,27.715606695427706,124.96464414230083,24.692622640138541,2.4731580168349732,2.5428759148570159,0.24536725394215642,0.081332031926627565,234.59498629142468,1.4050137085752279,956.41081096615324,16.589189033847081,16.589189033847081,5171.2543983846863,6.7456016153176845,6.7456016153176845,16.600000000000001
21,116,35.184488376511602,27.702492955801667,124.53960817793177,24.915598982703123,2.5307278460077325,2.6666918389759662,0.26004123203953677,0.087331922342022694,234.50641620016646,1.4935837998334598,955.37128508175874,17.628714918241545,17.628714918241545,5170.7571213529618,7.2428786470423292,7.2428786470423292,16.600000000000001
21.25,116,34.797951901466455,27.687349356648777,124.1162336362617,25.131640374906262,2.5882632750340728,2.7947950919445268,0.27537948486186137,0.093688136991715604,234.41351236421613,1.5864876357837858,954.28168792211341,18.718312077886942,18.718312077886942,5170.2303639687043,7.7696360312995001,7.7696360312995001,16.600000000000001
21.5,116,34.416067548019797,27.670294273144798,123.69454336882345,25.340647557958221,2.6457209594709878,2.9272696614062816,0.29140176711979787,0.10041668522140428,234.31612500699345,1.6838749930064545,953.14037819751002,19.859621802490278,19.859621802490278,5169.6728087226284,8.3271912773751477,8.3271912773751477,16.600000000000001
21.75,116,34.038776444251212,27.651443664940114,123.27455807700973,25.542523940690781,2.7030568921473779,3.06419905797061,0.3081279848224297,0.10753404735920705,234.21410165414918,1.7858983458507556,951.94569398606245,21.054306013937907,21.054306013937907,5169.083100191574,8.916899808430685,8.916899808430685,16.600000000000001
22,116,33.666020591817862,27.630911140289321,122.85629638212006,25.737175648423882,2.7602264293102845,3.20566619015875,0.32557817197324923,0.11505717801390461,234.10728718290559,1.8927128170943299,950.69595407138058,22.304045928619679,22.304045928619679,5168.4598448693141,9.5401551306905095,9.5401551306905095,16.600000000000001
22.25,116,33.29774285211996,27.608808015533789,122.43977489340514,25.924511581490329,2.8171843189554369,3.3517532319005876,0.34377246540351891,0.1230035088451225,233.9955238778339,2.0044761221659808,949.38945939183134,23.610540608169114,23.610540608169114,5167.8016110483659,10.198388951638426,10.198388951638426,16.600000000000001
22.5,116,32.933886932717556,27.585243369843322,122.02500827419513,26.104443482570161,2.8738847315140759,3.5025414833549822,0.36273107770555135,0.13139095066024511,233.87865149376478,2.121348506235115,948.02449460543005,24.975505394570369,24.975505394570369,5167.106928765631,10.893071234373556,10.893071234373556,16.600000000000001
22.75,116,32.574397373981661,27.560324095278755,121.61200930622012,26.276886013818245,2.9302812929840236,3.6581112239374121,0.38247426813986357,0.14023789490049796,233.75650732581144,2.2434926741884436,946.59932977565813,26.400670224342363,26.400670224342363,5166.3742898066266,11.625710193378119,11.625710193378119,16.600000000000001
23,116,32.2192195359777,27.534154942140521,121.20078895218842,26.441756842436416,2.9863271205939301,3.8185415588515288,0.40302231157354285,0.14956321435631575,233.6289262870996,2.371073712900317,945.11222217810428,27.887777821896204,27.887777821896204,5165.6021477822633,12.397852217741553,12.397852217741553,16.600000000000001
23.25,116,31.868299585564365,27.506838559598272,120.79135641674702,26.598976736016034,3.0419748611716013,3.9839102576498253,0.4243954652418172,0.15938626317386501,233.49574099432431,2.5042590056756135,943.56141823696726,29.438581763033202,29.438581763033202,5164.7889182731251,13.211081726878875,13.211081726878875,16.600000000000001
23.5,116,31.521584483706071,27.478475531658521,120.38371920587167,26.748469665892198,3.0971767321951211,4.1542935865481905,0.4466139334944898,0.16972687599848374,233.35678186153078,2.6432181384691162,941.94515558647743,31.054844413523096,31.054844413523096,5163.9329790545034,14.067020945501158,14.067020945501158,16.600000000000001
23.75,116,31.179021972982675,27.449164408383783,119.97788318482223,26.890162920014085,3.1518845657874777,4.329766132832086,0.46969783024708672,0.18060536629718815,233.21187720244117,2.7881227975587599,940.26166526985412,32.738334730146484,32.738334730146484,5163.0326703990168,14.967329600987044,14.967329600987044,16.600000000000001
24,116,30.840560565294126,27.419001732520481,119.57385263469848,27.023987223352254,3.2060498555237231,4.5104006233095246,0.49366713938682283,0.19204252372935696,233.06085334148096,2.9391466585189718,938.50917406650638,34.49082593349415,34.49082593349415,5162.0862954678378,15.91370453216609,15.91370453216609,16.600000000000001
24.25,116,30.506149529745162,27.38808206138631,119.17163030773339,27.149876867261224,3.2596238063700178,4.6962677352373934,0.51854167282186814,0.20405961057627833,232.90353473400859,3.0964652659913634,936.68590696191927,36.314093038081246,36.314093038081246,5161.0921207901929,16.907879209810972,16.907879209810972,16.600000000000001
24.5,116,30.175738880707133,27.356497984267268,118.7712174813518,27.267769845727486,3.3125573875265006,4.8874359017717168,0.54434102649390115,0.21667835712877709,232.73974409566307,3.2602559043368582,934.79008974734461,38.209910252655853,38.209910252655853,5160.0483768393287,17.951623160675108,17.951623160675108,16.600000000000001
24.75,116,29.849279366041483,27.324340135060709,118.37261401114627,27.377608000250799,3.3648013886228232,5.0839711100242839,0.57108453393305636,0.22992095602294058,232.56930254159815,3.4306974584017818,932.81995176903467,40.180048230965745,40.180048230965745,5158.9532587067124,19.046741293291195,19.046741293291195,16.600000000000001
25,116,29.526722455482219,27.291697200487441,117.97581838279028,27.479337171155255,3.4163064789583721,5.285936693916816,0.59879121773790445,0.24381005544152712,232.39202973534347,3.6079702646564815,930.7737288110834,42.226271188917146,42.226271188917146,5157.8049268808527,20.19507311915077,20.19507311915077,16.600000000000001
25.25,116,29.208020329172975,27.258655924115391,117.58082776292679,27.57290735365747,3.467023269582628,5.493393123471642,0.62747973925419109,0.25836875110744295,232.20774404717895,3.7922559528209976,928.64966610080762,44.350333899192876,44.350333899192876,5156.6015081365831,21.398491863419803,21.398491863419803,16.600000000000001
25.5,116,28.893125866331786,27.225301105331795,117.18763804930668,27.658272864006122,3.516902379419288,5.7063977849111103,0.65716834525711498,0.27362057709984922,232.01626272388307,3.9837372761168361,926.44602149089826,46.553978509102372,46.553978509102372,5155.3410965348048,22.658903465198783,22.658903465198783,16.600000000000001
25.75,116,28.581992634063734,27.191715594831624,116.7962439199483,27.735392506529767,3.5658945035705645,5.9250047610044119,0.68787481357917912,0.28958949536794526,231.81740206720892,4.1825979327909986,924.16106873186538,48.838931268135283,48.838931268135283,5154.0217545391934,23.978245460809994,23.978245460809994,16.600000000000001
26,116,28.274574876288607,27.157980285300582,116.40663888166766,27.804229748543943,3.6139504855489903,6.1492646043179802,0.71961639601144067,0.30629988391015789,231.61097762401045,4.3890223759895015,921.79310091210607,51.206899087894541,51.206899087894541,5152.6415142566029,25.358485743400621,25.358485743400621,16.600000000000001
26.25,116,27.970827502788424,27.124174098139132,116.01881531790997,27.86475289884249,3.6610213925010027,6.3792241077290512,0.75240975943036914,0.32377652358728115,231.39680438661458,4.6031956133853766,919.34043402285545,53.659565977145178,53.659565977145178,5151.1983788016041,26.801621198400255,26.801621198400255,16.600000000000001
26.5,116,27.670706078375837,27.090373966865744,115.63276453585534,27.916935286690155,3.7070585927474338,6.6149260753209305,0.78627092584017888,0.34204458354613021,231.17469700243839,4.8253029975615451,916.8014106172551,56.198589382745439,56.198589382745439,5149.6903237855167,28.309676214487478,28.309676214487478,16.600000000000001
26.75,116,27.374166812148037,27.056654815553898,115.24847681318492,27.960755448420194,3.7520138377450003,6.856409086132965,0.82121520940967496,0.36112960510739184,230.94446999660951,5.0555300033904311,914.17440365323989,58.825596346760669,58.825596346760669,5148.1152989475859,29.884701052417402,29.884701052417402,16.600000000000001
27,116,27.081166546859322,27.023089534988088,114.86594144411512,27.99619731029399,3.7958393453164514,7.1037072625422466,0.85725715345424691,0.38105748427810893,230.7059380021322,5.2940619978677326,911.45782038369953,61.542179616301084,61.542179616301084,5146.4712299066268,31.52877009337697,31.52877009337697,16.600000000000001
27.25,116,26.79166274837122,26.989748954515306,114.48514678515085,28.023250375385032,3.8384878867006433,7.3568500350278958,0.89441046510533784,0.4018544526304107,230.45891600241279,5.5410839975871502,908.65010640136722,64.349893598633372,64.349893598633372,5144.756020061719,33.243979938285129,33.243979938285129,16.600000000000001
27.5,116,26.505613495189255,26.956701810746409,114.10608030044014,28.041909910029382,3.8799128761299246,7.6158619079051251,0.9326879488640879,0.4235470566315051,230.20321958384542,5.7967804161544816,905.74974978253522,67.250250217465279,67.250250217465279,5142.9675526312622,35.032447368741984,35.032447368741984,16.600000000000001
27.75,116,26.222977468096381,26.924014714292884,113.72872860660526,28.052177125465878,3.9200684616048802,7.880762230540066,0.9721014402532081,0.44616213553087608,229.93866519604245,6.0613348039574486,902.75528527250594,70.244714727494653,70.244714727494653,5141.1036928177136,36.896307182289981,36.896307182289981,16.600000000000001
28,116,25.943713939833923,26.89175211209497,113.35307751758084,28.054059362547331,3.9589096199208265,8.1515649656030451,1.0126617369770829,0.46972679737104295,229.66507042581478,6.3349295741850966,899.6652986386855,73.334701361314998,73.334701361314998,5139.162290143423,38.837709856579998,38.837709856579998,16.600000000000001
28.25,116,25.667782764883171,26.85997624906538,112.97911208886354,28.047570267506273,3.996392251540072,8.4282784670052031,1.0543785313946048,0.49426839369046399,229.38225427625309,6.6177457237467836,896.47843100747548,76.521568992525076,76.521568992525076,5137.1411808965622,40.858819103440972,40.858819103440972,16.600000000000001
28.5,116,25.395144369295558,26.82874712656448,112.60681666172815,28.032729965863268,4.0324732784271191,8.710905259849671,1.0972603417412929,0.51981449239067234,229.09003745741842,6.9099625425814644,893.19338331206609,79.806616687934422,79.806616687934422,5135.0381907411975,42.961809258805744,42.961809258805744,16.600000000000001
28.75,116,25.125759740584723,26.798122458972085,112.23617490725522,28.009565230634717,4.0671107434070404,8.9994418264015348,1.1413144433398363,0.54639284896182294,228.78824268577404,7.2117573142258555,889.8089207907235,83.19107920927712,83.19107920927712,5132.851137470635,45.148862529368422,45.148862529368422,16.600000000000001
29,116,24.859590417703778,26.768157630118239,111.86716986991313,27.978109639860467,4.1002639089945419,9.2938784033230721,1.1865468015208884,0.57403137638805435,228.47669498812678,7.5233050118731084,886.32387745035942,86.676122549641164,86.676122549641164,5130.5778338703485,47.422166129654769,47.422166129654769,16.600000000000001
29.25,116,24.596598481040449,26.738905646581038,111.49978401139332,27.938403730350899,4.1318933594747858,9.5941987825529278,1.2329620032895525,0.60275811293866666,228.15522201849728,7.8447779815026113,882.73716064757605,90.262839352424521,90.262839352424521,5128.2160907700609,49.783909229942786,49.783909229942786,16.600000000000001
29.5,116,24.33674654250753,26.710417092159993,111.13399925388316,27.890495137476552,4.1619611010122428,9.9003801268437837,1.2805631918959135,0.63260118888850492,227.82365437639857,8.1763456236013337,879.0477555742284,93.952244425772165,93.952244425772165,5125.7637201791922,52.236279820811525,52.236279820811525,16.600000000000001
29.75,116,24.079997735665742,26.682740081048021,110.76979702341623,27.834438725598794,4.1904306629827346,10.212392794704808,1.3293520019146337,0.66358879138295657,227.48182593404783,8.5181740659520617,875.25472977483366,97.745270225166919,97.745270225166919,5123.2185385832281,54.781461416775024,54.781461416775024,16.600000000000001
30,116,23.826315705894679,26.655920210831908,110.40715829313318,27.770296706552557,4.2172671992140636,10.530200177506893,1.3793284958828451,0.69574912771061015,227.12957416957533,8.8704258304245833,871.3572376414395,101.64276235856107,101.64276235856107,5120.5783703741035,57.421629625900017,57.421629625900017,16.600000000000001
30.25,116,23.575664600652139,26.630000517433675,110.04606362603899,27.698138742170983,4.2424375865625024,10.853758553180802,1.4304911044525721,0.72911038759430191,226.766740500163,9.2332594998368993,867.35452478128445,105.64547521871626,105.64547521871626,5117.8410513535055,60.15894864649848,60.15894864649848,16.600000000000001
30.5,116,23.328009059735418,26.605021429091909,109.68649321811164,27.618042034051939,4.2659105246793292,11.183016952441506,1.4828365673864574,0.76370070332927775,226.39317062507027,9.6068293749296316,863.24593240949378,109.75406759050681,109.75406759050681,5115.0044324232267,62.995567576776388,62.995567576776388,16.600000000000001
30.75,116,23.083314205645241,26.581020723381691,109.32842694076275,27.530091395584687,4.2876566318599956,11.517917043528492,1.5363598789987498,0.79954810926547348,226.00871486542283,9.9912851345771063,859.03090156173619,113.96909843826438,113.96909843826438,5112.0663833156395,65.933616684364281,65.933616684364281,16.600000000000001
31,116,22.841545633982985,26.558033485445563,108.97184438331949,27.434379306571905,4.3076485395475581,11.85839303445209,1.5910542364322158,0.83668049967687697,225.61322850810018,10.386771491899735,854.70897722722088,118.29102277277971,118.29102277277971,5109.0247964563168,68.975203543686675,68.975203543686675,16.600000000000001
31.25,116,22.602669403895622,26.53609206823506,108.61672489538344,27.331005949274672,4.3258609845327793,12.204371594061966,1.6469109914641973,0.87512558528309603,225.20657215126423,10.793427848735693,850.27981236235019,122.72018763765054,122.72018763765054,5105.8775909324604,72.122409067543131,72.122409067543131,16.600000000000001
31.5,116,22.366652028626607,26.515226056651443,108.26304762850484,27.220079225203911,4.3422708963433303,12.555771793174809,1.7039196074309504,0.91491084934232525,224.78861204428009,11.211387955719847,845.74317168417804,127.25682831582264,127.25682831582264,5102.6227164780439,75.377283521959811,75.377283521959811,16.600000000000001
31.75,116,22.133460466072012,26.495462233770112,107.91079157811583,27.101714749140406,4.3568574826805175,12.912505068337055,1.762067619872562,0.95606350185378075,224.35922043186162,11.640779568138296,841.0989353543373,131.90106464566344,131.90106464566344,5099.2581576142584,78.741842385745173,78.741842385745173,16.600000000000001
32,116,21.903062109457387,26.476824551640568,107.55993562464005,26.976035823794501,4.3696023092202507,13.274475205887388,1.8213406027865362,0.99861043367142255,223.91827588991424,12.081724110085659,836.34710240695097,136.65289759304974,136.65289759304974,5095.7819377735541,82.218062226449462,82.218062226449462,16.600000000000001
32.25,116,21.675424778068109,26.459334106110461,107.21045857439188,26.843173390204441,4.3804893750065839,13.641578350610507,1.8817221402326567,1.0425781695540821,223.46566365873082,12.53433634126908,831.48779396654595,141.5122060334547,141.5122060334547,5092.1921234981219,85.807876501881339,85.807876501881339,16.600000000000001
32.5,116,21.450516708042674,26.443009116129765,106.86233920017348,26.703265953543951,4.3895051828820479,14.013703039401657,1.9431938036485277,1.0879928203504876,223.00127597188285,12.998724028117044,826.52125623230972,146.47874376769101,146.47874376769101,5088.4868286933797,89.513171306624116,89.513171306624116,16.600000000000001
32.75,116,21.228306543300221,26.427864908308816,106.51555628092471,26.556459489586668,4.3966388034752102,14.39073025532918,2.0057351352177983,1.1348800354665896,222.52501237389055,13.47498762610933,821.44786316945692,151.55213683054379,151.55213683054379,5084.664218828997,93.335781171006545,93.335781171006545,16.600000000000001
33,116,21.008763326499672,26.413913907134219,106.17008864132545,26.402907319364719,4.401881933328557,14.772533513672933,2.069323638228044,1.1832649540804592,222.03678003393213,13.963219966067768,816.26811892714011,156.73188107286069,156.73188107286069,5080.7225152274859,97.277484772518036,97.277484772518036,16.600000000000001
33.25,116,20.791856490144816,26.401165630661492,105.8259151903479,26.242769965552988,4.4052289462524987,15.158978967388302,2.1339347735302296,1.2331721569282428,221.53649404645731,14.463505953542589,810.98265994718565,162.01734005281503,162.01734005281503,5076.6599992731572,101.34000072684731,101.34000072684731,16.600000000000001
33.5,116,20.577555847780747,26.389626692756639,105.48301495921915,26.076214980942805,4.4066769373374983,15.549925541182409,2.199541963455641,1.2846256178626605,221.02407772134691,14.975922278652989,805.59225673813137,167.40774326186929,167.40774326186929,5072.4750166120657,105.52498338793826,105.52498338793826,16.600000000000001
33.75,116,20.365831585284798,26.379300812249394,105.14136713876005,25.903416748294443,4.4062257592260199,15.945225094945446,2.2661166034906364,1.3376486552835678,220.49946286258441,15.500537137415492,800.09781529708812,172.90218470291268,172.90218470291268,5068.1659813328652,109.83401866713923,109.83401866713923,16.600000000000001
34,116,20.156654252323822,26.370188827671971,104.8009511154991,25.724556264471037,4.4038780513172782,16.344722604215988,2.3336280798877573,1.3922638846089832,219.96259003111317,16.037409968886713,794.50037820633247,178.49962179366824,178.49962179366824,5063.7313800247302,114.26861997527435,114.26861997527435,16.600000000000001
34.25,116,19.949994753892842,26.362288721070499,104.46174650723555,25.539820887345549,4.3996392591505087,16.748256378540692,2.4020437972137239,1.4484931705141262,219.41340879385322,16.586591206146657,788.80112529081202,184.19887470918869,184.19887470918869,5059.1697758199271,118.83022418007656,118.83022418007656,16.600000000000001
34.5,116,19.745824342026722,26.355595647371771,104.12373319732261,25.349404068169267,4.3935176466962069,17.155658295736124,2.4713292116642669,1.5063575804116807,218.85187795579478,17.14812204420511,783.00137394661317,189.99862605338762,189.99862605338762,5054.4798122953907,123.52018770461352,123.52018770461352,16.600000000000001
34.75,116,19.544114607652627,26.350101971844488,103.78689136790246,25.153505057196242,4.3855242992661347,17.566754064040605,2.5414478728699379,1.5658773387247777,218.27796577414995,17.722034225849946,777.10257904611547,195.89742095388536,195.89742095388536,5049.6602172674839,128.33978273252097,128.33978273252097,16.600000000000001
35,116,19.344837472582711,26.345797316377432,103.45120153208383,24.952328580178047,4.3756731163107414,17.981363514551173,2.6123614748823987,1.6270717819939828,217.69165015336921,18.308349846630676,771.10633238896048,201.89366761104014,201.89366761104014,5044.7098064742559,133.29019352574946,133.29019352574946,16.600000000000001
35.25,116,19.147965181700826,26.342668610483702,103.1166445646769,24.746084505879185,4.3639807977844614,18.399300904151929,2.6840299118191626,1.689959315688516,217.09291882176393,18.907081178235941,765.01436184725901,207.98563815274173,207.98563815274173,5039.627487077244,138.37251292276093,138.37251292276093,16.600000000000001
35.5,116,18.95347029529777,26.340700153709218,102.78320173174839,24.534987477036786,4.3504668176756383,18.820375256280688,2.7564113451653887,1.7545573720932719,216.48176948431333,19.518230515686561,758.82852994341658,214.17147005658421,214.17147005658421,5034.4122610209288,143.58773897907741,143.58773897907741,16.600000000000001
35.75,116,18.761325681603413,26.339873682850627,102.45085471870851,24.319256532526051,4.3351533909981015,19.244390712021907,2.8294622757133445,1.8208823700322474,215.85820995620537,20.141790043794511,752.55083211609747,220.4491678839033,220.4491678839033,5029.0632282000888,148.93677179991704,148.93677179991704,16.600000000000001
36,116,18.571504509510163,26.340168447291308,102.11958565691351,24.099114709191177,4.3180654309119957,19.671146903095451,2.9031376234755615,1.888949676412458,215.22225827286687,20.777741727133026,746.18339453716953,226.81660546283126,226.81660546283126,5023.5795894265066,154.4204105734988,154.4204105734988,16.600000000000001
36.25,116,18.383980241490928,26.34156129395495,101.7893771487259,23.874788618843819,4.2992304944106818,20.10043935129972,2.9773908170235881,1.9587735696964599,214.57394277394047,21.426057226059417,739.72847141475734,233.27152858524337,233.27152858524337,5017.9606491805898,160.03935081941557,160.03935081941557,16.600000000000001
36.5,116,18.19872662672671,26.344026755138419,101.46021229103741,23.646508024467416,4.2786787233349433,20.532059870332613,3.0521738853103688,2.0303672055174222,213.91330216883742,22.086697831162486,733.18844205907033,239.81155794093041,239.81155794093041,5012.2058181502607,165.79418184974597,165.79418184974597,16.600000000000001
36.75,116,18.015717694455169,26.347537148127454,101.13207469697795,23.414505387894575,4.2564427714899047,20.965796998032989,3.1274375608421736,2.1037425847625686,213.24038557050042,22.759614429499482,726.56580732994337,246.43419267005729,246.43419267005729,5006.3146154979477,171.68538450205924,171.68538450205924,16.600000000000001
37,116,17.834927747532671,26.352062678216964,100.80494851604416,23.179015415475732,4.2325577265206853,21.401436432254048,3.2031313857622337,2.1789105239432969,212.55525250929551,23.444747490704376,719.86318582345348,253.13681417654718,253.13681417654718,5000.2866709010614,177.71332909894443,177.71332909894443,16.600000000000001
37.25,116,17.656331356227092,26.357571548214246,100.47881845243614,22.940274593874491,4.2070610232320371,21.838761478452227,3.279203823791752,2.2558806282135069,211.85797292105426,24.142027078945645,713.08330965894243,259.91669034105837,259.91669034105837,4994.1217263222579,183.8782736777483,183.8782736777483,16.600000000000001
37.5,116,17.479903352258653,26.364030076752364,100.15366978140743,22.698520710569575,4.1799923458083112,22.277553514611192,3.3556023802173867,2.3346612673862652,211.1486271043313,24.851372895668622,706.22901975958484,266.77098024041595,266.77098024041595,4987.8196374693316,190.18036253067376,190.18036253067376,16.600000000000001
37.75,116,17.305618823049382,26.371402817185896,99.82948836413351,22.453992381028254,4.1513935277370635,22.717592450999497,3.4322737218716863,2.4152595542301474,210.42730566161052,25.5726943383894,699.3032609955518,273.696739004449,273.696739004449,4981.3803750412271,196.61962495877847,196.61962495877847,16.600000000000001
38,116,17.13345310625542,26.379652686250061,99.506260660273938,22.206928561924705,4.1213084393317958,23.158657206238118,3.5091638057942567,2.4976813264373385,209.69410940476547,26.305890595234441,692.30907676159791,280.69092323840277,280.69092323840277,4974.8040255977139,203.19597440229194,203.19597440229194,16.600000000000001
38.25,116,16.963381784519214,26.3887410943085,99.183973738935791,21.95756806923108,4.0897828718266744,23.600526180114631,3.5862180087531725,2.5819311311388242,208.94914924178218,27.05085075821772,685.24960337062055,287.75039662938008,287.75039662938008,4968.090792188259,209.90920781174773,209.90920781174773,16.600000000000001
38.5,116,16.795380680470934,26.398628079179719,98.862615287746024,21.706149098382703,4.056864415730451,24.042977726236291,3.6633812593833226,2.6680122125213579,208.19254603906361,27.807453960936304,678.12806416294666,294.87193583705408,294.87193583705408,4961.2409946812422,216.75900531876411,216.75900531876411,16.600000000000001
38.75,116,16.629425852018617,26.409272446153327,98.542173619639016,21.45290874298944,4.0226023303920124,24.485790628446704,3.7405981752472721,2.755926503285711,207.42443045176907,28.575569548230838,670.9477631986033,302.05223680139738,302.05223680139738,4954.2550697148718,223.74493028513382,223.74493028513382,16.600000000000001
39,116,16.465493587829876,26.420631906502461,98.222637678351717,21.198082525182897,3.9870474135830305,24.928744566901837,3.8178131977543894,2.8456746182262984,206.64494274210494,29.355057257894973,663.71207891706206,309.28792108293857,309.28792108293857,4947.133570461373,230.86642953863267,230.86642953863267,16.600000000000001
39.25,116,16.303560403132003,26.432663221596535,97.903997041391506,20.941903930109394,3.9502518626215499,25.371620582540618,3.8949707311102708,2.9372558522268268,205.85423256316577,30.145767436834156,656.42445738734511,316.57554261265551,316.57554261265551,4939.877165961243,238.12283403876265,238.12283403876265,16.600000000000001
39.5,116,16.143603035726972,26.445322346613843,97.58624192148784,20.684603951561023,3.9122691341657609,25.814201531932497,3.9720152800015973,3.0306681808514635,205.0524587267555,30.94754127324439,649.0884054678703,323.91159453213027,323.91159453213027,4932.4866402235593,245.51335977644644,245.51335977644644,16.600000000000001
39.75,116,15.985598442248321,26.458564574457913,97.269363166283696,20.42641065010546,3.8731538018071623,26.256272531381246,4.0488915863854995,3.1259082640371108,204.23978895152609,31.760211048473803,641.70748383443618,331.29251616556456,331.29251616556456,4924.9628910426018,253.03710895740389,253.03710895740389,16.600000000000001
40,116,15.82952379472346,26.472344681711661,96.953352255683541,20.167548725458701,3.832961408985164,26.697621389121114,4.1255447667073151,3.222971454044337,203.41639958233719,32.583600417662709,634.28529975881918,338.71470024118133,338.71470024118133,4917.3069284141629,260.69307158584161,260.69307158584161,16.600000000000001
40.25,116,15.675356477298882,26.486617071715511,96.63820129818113,19.908239102278181,3.7917483236083482,27.138039025099182,4.2019204456771329,3.3218518051561974,202.58247530211403,33.417524697885867,626.82549994063606,346.17450005936462,346.17450005936462,4909.5198728105825,268.48012718942272,268.48012718942272,16.600000000000001
40.5,116,15.523074083282854,26.501335917893975,96.323903024776953,19.648698537392434,3.7495715897220738,27.577319871708763,4.2779648884987944,3.4225420879011428,201.73820881574548,34.261791184254406,619.3317631580793,353.66823684192127,353.66823684192127,4901.6029530377155,276.39704696228893,276.39704696228893,16.600000000000001
40.75,116,15.372654412386119,26.516455304713105,96.010450781563009,19.38913924329783,3.7064887800360715,28.01526225956697,4.3536251298372255,3.5250338056990635,200.88380052204329,35.116199477956584,611.80779293048897,361.19220706951165,361.19220706951165,4893.5575038856696,284.44249611433634,284.44249611433634,16.600000000000001
41,116,15.224075468174236,26.531929365885592,95.69783852086529,19.129768530818328,3.6625578495780862,28.451668785543855,4.4288490989952809,3.6293172141993262,200.01945817272917,35.980541827270734,604.25731020068747,368.74268979931315,368.74268979931315,4885.3849635495808,292.61503645042478,292.61503645042478,16.600000000000001
41.25,116,15.077315455809773,26.54771241972248,95.386060790276815,18.870788480094689,3.617836989841984,28.88634665453117,4.5035857405270585,3.7353813447284523,199.14539651011464,36.854603489885214,596.68404598798679,376.31595401201383,376.31595401201383,4877.0868706854835,300.91312931452188,300.91312931452188,16.600000000000001
41.5,116,14.932352779924312,26.563759101102871,95.075112720959439,18.612395624199376,3.5723844854825058,29.319108009291028,4.5777851310477553,3.8432140290200647,198.26183690136963,37.738163098630253,589.0917341480091,383.90826585199147,383.90826585199147,4868.6648613750922,309.33513862491355,309.33513862491355,16.600000000000001
41.75,116,14.789166042769493,26.580024488486181,94.764990013972763,18.354780666544553,3.5262585737690095,29.749770228430865,4.6513985893668348,3.952801927916147,197.36900695513268,38.630993044867203,581.48410420071787,391.51589579928276,391.51589579928276,4860.1206657481998,317.8793342518058,317.8793342518058,16.600000000000001
42,116,14.647734042537476,26.596464226796545,94.455688925547037,18.098128218058434,3.4795173069805818,30.178156205627058,4.7243787816820211,4.0641305621050448,196.46714013129434,39.532859868705536,573.8648742713217,399.13512572867904,399.13512572867904,4851.4561044455231,326.54389555448284,326.54389555448284,16.600000000000001
42.25,116,14.508035771848055,26.613034645611325,94.147206251335277,17.842616555772789,3.4322184183533886,30.604094608414542,4.7966798212525088,4.177184344871673,195.55647534491771,40.443524655082179,566.23774417107506,406.76225582892562,406.76225582892562,4842.6730849270789,335.32691507292702,335.32691507292702,16.600000000000001
42.5,116,14.370050416477143,26.629692870012448,93.839539309063596,17.588417418789046,3.3844191935893009,31.027420101132162,4.8682573591981191,4.2919466182279358,194.63725655936597,41.362743440633935,558.60638867607884,414.3936113239219,414.3936113239219,4833.7735975060004,344.22640249400558,344.22640249400558,16.600000000000001
42.75,116,14.233757354183645,26.646396928185119,93.532685920707891,17.335695814900053,3.3361763450785644,31.447973557652723,4.9390686717876182,4.4083996898733151,193.70973237916925,42.290267620830619,550.97445093674935,422.02554906325128,422.02554906325128,4824.7597113358615,353.24028866414432,353.24028866414432,16.600000000000001
43,116,14.099136153747564,26.6631058502368,93.226644393356622,17.084609865975924,3.2875458934527972,31.865602236587016,5.0090727375754609,4.5265248730523373,192.77415563705964,43.225844362940258,543.34553616992673,429.65446383007395,429.65446383007395,4815.6335701769231,362.36642982308331,362.36642982308331,16.600000000000001
43.25,116,13.966166574139049,26.679779761546186,92.921413499368271,16.835310674532703,3.2385830538238283,32.280159935958338,5.0782303084396494,4.6463025278773689,191.83078297983772,44.169217020162179,535.72320555312422,437.27679444687658,437.27679444687658,4806.3973880646072,371.60261193539873,371.60261193539873,16.600000000000001
43.5,116,13.834828563804018,26.696379970636659,92.616992455944242,16.587942210308107,3.1893421268498838,32.691507128401433,5.1465039746150261,4.7677121038814718,190.87987445460715,45.120125545392732,528.11097033244005,444.88902966756069,444.88902966756069,4797.0534449030192,380.94655509698674,380.94655509698674,16.600000000000001
43.75,116,13.705102260117785,26.712869046704292,92.313380903789309,16.342641236247594,3.13987639915227,33.099511057778166,5.2138582182573208,4.8907321847755041,189.92169309568959,46.078306904310288,520.51228631387437,452.48771368612631,452.48771368612631,4787.604081912009,390.39591808799673,390.39591808799673,16.600000000000001
44,116,13.576967988910097,26.729210894267148,92.010578885507712,16.099537243263331,3.0902380463129266,33.5040458272466,5.2802594640216434,5.0153405336479588,188.95650451355129,47.043495486448585,512.9305484915817,460.06945150841909,460.06945150841909,4778.0516970627596,399.94830293724635,399.94830293724635,16.600000000000001
44.25,116,13.450406264119099,26.74537081729823,91.708586823422067,15.858752421304086,3.040478045769242,33.90499245150945,5.3456761182767076,5.1415141397186224,187.98457648882115,48.015423511178724,505.36908609769137,467.63091390230937,467.63091390230937,4768.3987404310865,409.60125956891937,409.60125956891937,16.600000000000001
44.5,116,13.325397787531051,26.761315577164233,91.407405497078528,15.620401650643023,2.9906460955639345,34.302238889097865,5.4100786017596008,5.2692292658572262,187.00617857072419,48.993821429275698,497.83115792047818,475.16884207952256,475.16884207952256,4758.6477095234886,419.35229047651762,419.35229047651762,16.600000000000001
44.75,116,13.201923448589847,26.777013445258081,91.107036020550964,15.384592509614325,2.940790538186302,34.695680058351549,5.4734393767046416,5.398461496592394,186.02158168052958,49.978418319470322,490.31994786480431,482.68005213519643,482.68005213519643,4748.8011445979337,429.19885540207264,429.19885540207264,16.600000000000001
45,116,13.079964324290135,26.792434244337777,90.807479819569238,15.151425316943309,2.8909582955406163,35.085217818888275,5.5357329621181801,5.5291857869405616,185.03105772589467,50.968942274105217,482.83856100380143,490.16143899619931,490.16143899619931,4738.8616239776684,439.13837602233787,439.13837602233787,16.600000000000001
45.25,116,12.959501679119251,26.807549387307201,90.508738608552363,14.920993181589466,2.8411948063687857,35.470760945615403,5.5969359465189106,5.661376511355253,184.03487921894393,51.965120781055958,475.39001976829582,497.60998023170492,497.60998023170492,4728.8317593804077,449.16824061959903,449.16824061959903,16.600000000000001
45.5,116,12.840516965047392,26.822331905828921,90.210814367737569,14.693382081037788,2.7915439739762729,35.852225074109732,5.6570269902413921,5.7950075128974179,183.03331890764659,52.966681092353276,467.9772606069165,505.02273939308424,505.02273939308424,4718.7141912930938,459.28580870691235,459.28580870691235,16.600000000000001
45.75,116,12.722991821556446,26.836756472768005,89.913709320384442,14.46867095654833,2.7420481202265834,36.229532628900742,5.7159868215164202,5.9300521524236496,182.0266494164303,53.973350583569577,460.6031309484253,512.39686905157544,512.39686905157544,4708.5115843900676,469.48841560993884,469.48841560993884,16.600000000000001
46,116,12.606908075700085,26.850799420065794,89.61742591007463,14.246931820603047,2.6927479442241116,36.602612739407078,5.7737982280349804,6.0664833576563435,181.01514289475338,54.984857105246476,453.2703864012035,519.7296135987973,519.7296135987973,4698.2266229986926,479.77337700131375,479.77337700131375,16.600000000000001
46.25,116,12.492247742167441,26.864438746371775,89.321966778485859,14.028229889325241,2.6436824917999413,36.971401130335707,5.8304460383070209,6.2042736717464022,179.99907068385548,56.000929316144401,445.9816884627117,527.01831153728904,527.01831153728904,4687.8620066819258,490.13799331808008,490.13799331808008,16.600000000000001
46.5,116,12.378993023375843,26.877654122300214,89.027334743217395,13.812623721580778,2.5948891274352821,37.335840005307986,5.8859171007837618,6.3433953016749625,178.97870298871325,57.021297011286627,438.73960236789247,534.26039763210827,534.26039763210827,4677.4204458585264,500.57955414147955,500.57955414147955,16.600000000000001
46.75,116,12.267126309545503,26.89042688739325,88.733532776221097,13.600165376224245,2.5464035151819817,37.695877911655124,5.9402002549412183,6.4838201657765007,177.95430856797873,58.045691432021151,431.54659537868469,541.45340462131605,541.45340462131605,4666.9046575652792,511.09534243472666,511.09534243472666,16.600000000000001
47,116,12.156630178769293,26.902740041681206,88.440563982647433,13.39090058131551,2.4982596054662354,38.051469592767866,5.9932862972221024,6.6255199405810199,176.92615443661956,59.073845563380317,424.40503537332705,548.59496462667369,548.59496462667369,4656.3173613241697,521.68263867583607,521.68263867583607,16.600000000000001
47.25,116,12.047487397085147,26.914578233623036,88.148431579991609,13.184868911544161,2.4504896258583804,38.402575831889379,6.0451679436244596,6.7684661070921717,175.89450557801749,60.105494421982392,417.31718964793924,555.68281035206144,555.68281035206144,4645.6612750917129,532.33872490829299,532.33872490829299,16.600000000000001
47.5,116,11.939680918488666,26.92592774027171,87.85713887818396,12.982103979137847,2.4031240807012151,38.749163281400669,6.0958397850744976,6.9126299955019732,174.85962467786459,61.140375322135327,410.28522417026863,562.71477582973216,562.71477582973216,4634.9391114140662,543.06088858593898,543.06088858593898,16.600000000000001
47.75,116,11.83319388495666,26.936776445200405,87.5666892598652,12.782633630534125,2.3561917531897123,39.091204286119201,6.1452982408070236,7.0579828294848976,173.82177186456781,62.178228135432065,403.31120297281547,569.68879702718527,569.68879702718527,4624.1535736398891,553.84642636011574,553.84642636011574,16.600000000000001
48,116,11.728009626407594,26.947113810739776,87.277086161574132,12.586480151194928,2.3097197141816102,39.428676697476199,6.1935415067057891,7.2044957688675018,172.78120446896207,63.218795531037813,396.39708790565112,576.60291209434968,576.60291209434968,4613.3073523315579,564.69264766844765,564.69264766844765,16.600000000000001
48.25,116,11.624111660621901,26.95693084615025,86.988333055602666,12.393660476612943,2.2637333358337681,39.761563680781236,6.2405695001162318,7.3521399510533039,171.73817679849776,64.261823201502111,389.54473865343044,583.45526134657018,583.45526134657018,4602.4031218260425,575.59687817396218,575.59687817396218,16.600000000000001
48.5,116,11.521483693145592,26.96622007311678,86.700433432276029,12.204186408187931,2.2182563083998206,40.089853517149976,6.2863838023956289,7.5008865315907727,170.69293992133149,65.3070600786684,382.75591293114206,590.24408706885856,590.24408706885856,4591.4435368972563,586.55646310274835,586.55646310274835,16.600000000000001
48.75,116,11.420109617093763,26.974975486536305,86.413390783429676,12.018064831944237,2.1733106630950045,40.413539401330787,6.3309875976905978,7.6507067225098551,169.64574147238957,66.354258527610313,376.03226702558112,596.96773297441962,596.96773297441962,4580.4312296698618,597.56877033014257,597.56877033014257,16.600000000000001
49,116,11.319973512948652,26.983192513298075,86.127208586189724,11.835297941618762,2.1289167973118155,40.732619234822792,6.37438561005622,7.8015718300008441,168.59682546696007,67.403174533039788,369.37535647123673,603.62464352876407,603.62464352876407,4569.3688066087088,608.63119339129526,608.63119339129526,16.600000000000001
49.25,116,11.221059648271344,26.990867967987583,85.841890287781581,11.655883461963448,2.0850935040771388,41.047095417700582,6.4165840383841308,7.9534532900932735,167.54643213236849,68.453567867631392,362.7866369828244,610.21336301717633,610.21336301717633,4558.2588457249867,619.74115427501761,619.74115427501761,16.600000000000001
49.5,116,11.123352477349851,26.998000006153148,85.557439291150075,11.479814872701334,2.041858004864884,41.356974638930879,6.4575904896336418,8.1063227027193356,166.49479775419809,69.505202245801812,356.26746559269014,616.7325344073106,616.7325344073106,4547.1038939556693,630.8961060443346,630.8961060443346,16.600000000000001
49.75,116,11.02683664081867,27.004588075737708,85.273858941068639,11.307081634685687,1.9992259847950131,41.662267663963021,6.4974139107340179,8.2601518647537766,165.44215453215295,70.557845467846931,349.81910193127692,623.18089806872376,623.18089806872376,4535.9064646521383,642.09353534786612,642.09353534786612,16.600000000000001
50,116,10.931496965161756,27.010632866729519,84.991152511493866,11.137669410875811,1.9572116310204215,41.962989126212584,6.5360645198399734,8.4149128005574987,164.3887304554747,71.611269544525214,343.44270972961425,629.55729027038649,629.55729027038649,4524.6690353252716,653.3309646747332,653.3309646747332,16.600000000000001
50.25,116,10.837318462201024,27.016136259165005,84.709323193277214,10.971560290278575,1.9158276731625161,42.259157315192972,6.573553736341438,8.5705777917474357,163.33474918596664,72.665250814033286,337.13935844000019,635.86064156000066,635.86064156000066,4513.394045472166,664.60595452783866,664.60595452783866,16.600000000000001
50.5,116,10.744286328480403,27.021101270336622,84.428374082984092,10.808733005536462,1.8750854257893845,42.550793969857224,6.609894111151446,8.7271194046815452,162.28042995768203,73.719570042317883,330.91002501945303,642.08997498054782,642.08997498054782,4502.0838946303093,675.91610536969552,675.91610536969552,16.600000000000001
50.75,116,10.652385944570563,27.025532001279789,84.148308172598917,10.649163146073121,1.8349948326114052,42.83792407546521,6.6450992571639915,8.8845105160874933,161.22598749022086,74.774012509779041,324.75559584741671,648.24440415258402,648.24440415258402,4490.7409406150346,687.2590593849701,687.2590593849701,16.600000000000001
51,116,10.561602874383215,27.029433581582065,83.869128339375806,10.492823376258777,1.7955645125137236,43.120575655262314,6.6791837782467445,9.0427243383427847,160.17163190669243,75.828368093307475,318.67686873645926,654.32313126354143,654.32313126354143,4479.3674977948094,698.63250220519512,698.63250220519512,16.600000000000001
51.25,116,10.471922864338239,27.03281211508412,83.590837337107644,10.339683639965981,1.7568018062923603,43.398779574319384,6.7121632005526042,9.2017344417621665,159.11756867068152,76.882431329318408,312.6745550643351,660.3254449356657,660.3254449356657,4467.9658356518694,710.03416434813528,710.03416434813528,16.600000000000001
51.5,116,10.383331842463701,27.035674625500068,83.313437788150779,10.189711360267601,1.7187128243167007,43.672569347452018,6.7440539045622661,9.3615147752507752,158.06399853431782,77.936001465682111,306.74928199535941,666.25071800464139,666.25071800464139,4456.5381774979578,721.46182250204674,721.46182250204674,16.600000000000001
51.75,116,10.295815917500972,27.03802900037028,83.036932175625509,10.04287164356308,1.6813024960519989,43.941980942513759,6.774873055690688,9.5220396865551162,157.01111749132434,78.988882508675587,300.90159479493019,672.09840520507055,672.09840520507055,4445.0866992323135,732.91330076769168,732.91330076769168,16.600000000000001
52,116,10.209361377871154,27.03988393739624,82.761322836913621,9.8991274676968253,1.6445746186524106,44.207052598383456,6.8046385386796375,9.683283939674201,155.95911674578005,80.040883254219892,295.13195918460866,677.86804081539208,677.86804081539208,4433.6135283574386,744.38647164256588,744.38647164256588,16.600000000000001
52.25,116,10.123954690588546,27.041248890942814,82.48661195777531,9.7584398657588718,1.6085319060761949,44.467824646633666,6.8333688928618797,9.8452227308942213,154.90818268981482,81.091817310185078,289.44076375802206,683.55923624197874,683.55923624197874,4422.1207431212279,755.8792568787776,755.8792568787776,16.600000000000001
52.5,116,10.03958250017066,27.04213401709579,82.212801566708521,9.6207681130063971,1.5731760399102837,44.724339329816964,6.8610832462639264,10.007831704294045,153.85849688681407,82.141503113185848,283.82832248560277,689.17167751439786,689.17167751439786,4410.610371712517,767.38962828748868,767.38962828748868,16.600000000000001
52.75,116,9.9562316274139224,27.042550122310175,81.939893530518944,9.4860698954994955,1.538507717956394,44.976640636820107,6.8878012547047733,10.171086964500434,152.81023606787343,83.189763932126453,278.29487719439072,694.70512280561002,694.70512280561002,4399.0843916943459,778.91560830565982,778.91560830565982,16.600000000000001
53,116,9.873889068131767,27.042508612219656,81.667889550373772,9.3543014756040659,1.504526703189925,45.224774140854677,6.9135430416330159,10.334965088344703,151.76357213526589,84.236427864734026,272.84060009176915,700.15939990823176,700.15939990823176,4387.5447295352342,790.45527046477139,790.45527046477139,16.600000000000001
53.25,116,9.792541991877826,27.04202143943408,81.396791158179568,9.225417858645157,1.4712318740862413,45.468786835956784,6.9383291373166678,10.499443135815739,150.7186721719514,85.281327828048518,267.4655963669934,705.5344036330074,705.5344036330074,4375.9932602082426,802.00673979176247,802.00673979176247,16.600000000000001
53.5,116,9.7121777405555498,27.041101055683118,81.126599713962875,9.0993729413270277,1.4386212717131404,45.70872699072126,6.9621804236489098,10.664498658626952,149.67569846067897,86.324301539320956,262.16990670789119,710.83009329210961,710.83009329210961,4364.4318069836609,813.56819301634391,813.56819301634391,16.600000000000001
53.75,116,9.6327838269986863,27.039760364020239,80.857316403660704,8.9761196577626698,1.4066921472124594,45.944644004006044,6.9851180795111327,10.830109707847166,148.63480850913089,87.365191490869037,256.95350985621366,716.0464901437872,716.0464901437872,4352.8621413040873,825.1378586959172,825.1378586959172,16.600000000000001
54,116,9.5543479335310408,27.038012670484527,80.588942237266977,8.8556101247560548,1.3754410102130135,46.176588261015468,7.007163526003918,10.996254840744738,147.59615508108854,88.403844918911389,251.81632522199405,721.18367477800678,721.18367477800678,4341.2859827324155,836.71401726758938,836.71401726758938,16.600000000000001
54.25,116,9.4768579104314057,27.035871640556575,80.321478047799573,8.7377957697749977,1.3448636733528068,46.404611005884313,7.0283383776057509,11.162913125582726,146.55988623401143,89.440113765988499,246.75821537042131,726.24178462957946,726.24178462957946,4329.7049990541473,848.29500094585853,848.29500094585853,16.600000000000001
54.5,116,9.4003017743770556,27.033351255526277,80.054924490612748,8.6226274571334329,1.3149552972648415,46.628764215698482,7.0486643936650006,11.330064145625652,145.52614536194932,90.473854638050568,241.7789885454516,731.22101145454917,731.22101145454917,4318.1208064489765,859.87919355102838,859.87919355102838,16.600000000000001
54.75,116,9.3246677068618524,27.030465768909423,79.789282043085592,8.510055611916874,1.2857104359234086,46.849100476388529,7.0681634303878553,11.497688002297908,144.49507124395211,91.504928756047789,236.8784012281221,736.12159877187867,736.12159877187867,4306.534969737093,871.46503026291236,871.46503026291236,16.600000000000001
55,116,9.2499440525432171,27.027229667610239,79.524551004919971,8.4000303281548518,1.2571230779069871,47.065672873784798,7.0868573985226222,11.665765316710933,143.46679809616325,92.533201903836641,232.0561605418425,740.94383945815821,740.94383945815821,4294.9490027367347,883.05099726327092,883.05099726327092,16.600000000000001
55.25,116,9.1761193175708904,27.023657632959537,79.260731498756272,8.2925014755362092,1.229186688128471,47.27853488580498,7.1047682212984018,11.834277230475811,142.44145562878364,93.558544371216271,227.3119266929024,745.68807330709831,745.68807330709831,4283.364368684739,894.63563131526644,894.63563131526644,16.600000000000001
55.5,116,9.1031821678904983,27.019764502273262,78.99782347114504,8.1874188025543351,1.2018942494298042,47.487740277852197,7.1219177933348163,12.003205405683966,141.41916910779358,94.580830892206336,222.64531542104038,750.35468457896036,750.35468457896036,4271.7824807265915,906.21751927341359,906.21751927341359,16.600000000000001
55.75,116,9.0311214274967355,27.015565234950952,78.735826693950699,8.0847320262085436,1.1752383000964746,47.693343011247393,7.1383279448652335,12.17253202363181,140.40005941795604,95.599940582043843,218.0559002842171,754.94409971578352,754.94409971578352,4260.2047024806452,917.79529751935991,917.79529751935991,16.600000000000001
56,116,8.9599260766710334,27.01107487842383,78.474740766049678,7.9843909201497452,1.1492109718381833,47.895397152917297,7.1540204061553228,12.342239782889926,139.38424313044194,96.615756869557956,213.54321497664802,759.45678502335272,759.45678502335272,4248.6323486606943,929.36765133931101,929.36765133931101,16.600000000000001
56.25,116,8.8895852501961858,27.006308535063436,78.214565115348293,7.8863453984922955,1.1238040271508463,48.093956789097327,7.1690167733168932,12.5123118965945,138.37183257416353,97.628167425836367,209.10675563230981,763.89324436769095,763.89324436769095,4237.0666857591405,940.93331424086466,940.93331424086466,16.600000000000001
56.5,116,8.8200882355408048,27.001281333147134,77.955299001069505,7.7905455885087509,1.0990088928955994,48.289075949907804,7.1833384787745418,12.682732088843949,137.36293590666807,98.637064093331844,204.74598296345181,768.25401703654893,768.25401703654893,4225.5089327715204,952.49106722848489,952.49106722848489,16.600000000000001
56.75,116,8.751424471028896,26.996008397768641,77.696941516324117,7.6969419015490184,1.0748166942369155,48.480808535416621,7.197006762006553,12.853484590466953,136.35765718936096,99.642342810638922,200.46032442728958,772.53967557271119,772.53967557271119,4213.9602619770249,964.03973802298015,964.03973802298015,16.600000000000001
57,116,8.6835835439912952,26.990504823017837,77.439491590945494,7.605485099239659,1.0512182875879563,48.669208246163343,7.2100426419525467,13.024554134111169,135.35609646530116,100.64390353469871,196.24917635681791,776.75082364318291,776.75082364318291,4202.4217997671358,975.57820023286899,975.57820023286899,16.600000000000001
57.25,116,8.6165551889039751,26.98478564764584,77.182947994463362,7.5161263509276051,1.028204290196528,48.854328522326142,7.222466893339778,13.195925948746755,134.35834983533357,101.64165016466633,192.11190593615018,780.88809406385064,780.88809406385064,4190.8946274895716,987.10537251043399,987.10537251043399,16.600000000000001
57.5,116,8.5503292855119959,26.978865830810133,76.92730933935033,7.4288172889612865,1.0057651099419593,49.036222484774719,7.2343000234078216,13.367585753564066,133.36450953824374,102.63549046175613,188.04785319680974,784.952146803191,784.952146803191,4179.3797823457953,998.62021765421036,998.62021765421036,16.600000000000001
57.75,116,8.4848958569423267,26.972760229275366,76.672574084463292,7.3435100592895148,0.98389097387279068,49.214942880620093,7.2455622504274793,13.539519751327006,132.37466403229499,103.62533596770488,184.05633296068655,788.94366703931428,788.94366703931428,4167.8782583215934,1010.1217416784116,1010.1217416784116,16.600000000000001
58,116,8.4202450678164364,26.966483577494778,76.418740538529036,7.2601573654019527,0.96257195388311168,49.390542035403811,7.2562734854027031,13.711714621379578,131.38889807441771,104.61110192558219,180.13663664348812,792.86336335651265,792.86336335651265,4156.3910071147866,1021.6089928852181,1021.6089928852181,16.600000000000001
58.25,116,8.3563672223495455,26.960050467940611,76.165806863887212,7.1787125097303521,0.94179799241260653,49.563071807566971,7.2664533143265198,13.88415751207652,130.40729280300729,105.59270719699259,176.28803406976346,796.7119659302374,796.7119659302374,4144.9189391129639,1033.0810608870418,1033.0810608870418,16.600000000000001
58.5,116,8.2932527624465422,26.953475332962807,75.913771080354579,7.0991294307312227,0.92155892673012818,49.732583547129387,7.2761209822356028,14.056836032819264,129.42992582096616,106.57007417903372,172.50977522192272,800.49022477807819,800.49022477807819,4133.4629243886675,1044.5370756113373,1044.5370756113373,16.600000000000001
58.75,116,8.2308922658076149,26.946772428930899,75.662631069067317,7.0213627350609231,0.90184451087915007,49.899128059321498,7.2852953797401874,14.229738245931078,128.45687127613883,107.54312872386107,168.80109186899446,804.19890813100642,804.19890813100642,4122.0237936795002,1055.9762063205053,1055.9762063205053,16.600000000000001
59,116,8.1692764440218415,26.939955820805785,75.412384576560783,6.9453677269034602,0.8826444374425767,50.062755570826425,7.2939950302757861,14.402852657991133,127.48819994484757,108.51180005515234,165.16119919649179,807.83880080350923,807.83880080350923,4110.6023394137474,1067.3976605862574,1067.3976605862574,16.600000000000001
59.25,116,8.1083961406660805,26.933039368197843,75.163029218893968,6.8711004335901542,0.86394835784589841,50.223515699700116,7.30223807903202,14.576168210938009,126.52397931464088,109.47602068535902,161.58929736249323,811.41070263750771,811.41070263750771,4099.1993167376322,1078.8006832623723,1078.8006832623723,16.600000000000001
59.5,116,8.0482423294194181,26.92603671319149,74.914562485719017,6.7985176276672616,0.84574590080190237,50.381457428920008,7.3100422837654282,14.749674273126523,125.56427366451625,110.43572633548365,158.08457295356712,814.91542704643382,814.91542704643382,4087.8154445219752,1090.1845554780298,1090.1845554780298,16.600000000000001
59.75,116,7.9888061121681533,26.918961268757101,74.666981744556907,6.7275768459377296,0.82802669038185761,50.53662908275524,7.3174250064676469,14.923360629900774,124.6091441476254,111.39085585237449,154.64620043086146,818.3537995691396,818.3537995691396,4076.4514064076993,1101.5485935923059,1101.5485935923059,16.600000000000001
60,116,7.9300787171242577,26.91182620851232,74.420284245049942,6.6582364055635272,0.81078036268406217,50.689078306115917,7.3244032064946758,15.097217474092034,123.65864887237095,112.34135112762895,151.27334350015437,821.72665649984663,821.72665649984663,4065.1078518390382,1112.8921481609668,1112.8921481609668,16.600000000000001
60.25,116,7.8720514969627065,26.904644457833328,74.174467123144026,6.5904554175668473,0.7939965810444245,50.838852046592777,7.3309934351117541,15.271235396540332,122.71284298122171,113.28715701877817,147.96515639960404,825.03484360039681,825.03484360039681,4053.7853970743699,1124.2146029256351,1124.2146029256351,16.600000000000001
60.5,116,7.8147159269526245,26.897428685667396,73.929527405441362,6.5241937972996924,0.77766505071883008,50.985996539361537,7.337211830978168,15.445405376200556,121.77177873136245,114.22822126863745,144.72078516813184,828.27921483186901,828.27921483186901,4042.4846262282767,1135.5153737717283,1135.5153737717283,16.600000000000001
60.75,116,7.7580636031090879,26.89019129749412,73.685462013473398,6.4594122727822123,0.76177553229878159,51.130557294315878,7.3430741168180456,15.619718770311833,120.83550557314562,115.16449442685428,141.53936883997878,831.4606311600221,831.4606311600221,4031.2060922899736,1146.7939077100318,1146.7939077100318,16.600000000000001
61,116,7.7020862403652517,26.882944429328791,73.442267767899637,6.3960723910771353,0.74631785397425843,51.272579085254648,7.3485955971663381,15.794167304628145,119.90407022654664,116.09592977345325,138.42004057140022,834.57995942860066,834.57995942860066,4019.9503181198083,1158.0496818801967,1158.0496818801967,16.600000000000001
61.25,116,7.6467756707420715,26.875699942482623,73.199941392839577,6.3341365217722547,0.73128192316978757,51.412105941833353,7.3537911570751042,15.968743063310093,118.97751675884216,117.02248324115773,135.36192874081357,837.63807125918731,837.63807125918731,4008.7177974690503,1169.2822025309549,1169.2822025309549,16.600000000000001
61.5,116,7.5921238415445549,26.868469419243528,72.958479520080047,6.2735678591007726,0.71665773709139202,51.54918114301983,7.3586752617125555,16.143438478995566,118.05588665970761,117.94411334029228,132.36415798031015,840.63584201969059,840.63584201969059,3997.508995967456,1180.491004032549,1180.491004032549,16.600000000000001
61.75,116,7.5381228135786404,26.861264159377658,72.717878693211844,6.214330422506114,0.7024353923471981,51.683847212190479,7.3632619567963289,16.318246322948191,117.13921891459663,118.86078108540327,129.42585015060521,843.57414984939555,843.57414984939555,3986.3243520905462,1191.6756479094588,1191.6756479094588,16.600000000000001
62,116,7.4847647593695577,26.854095177395802,72.478135371862251,6.1563890545630127,0.68860509389080293,51.816145914780911,7.3675648699578353,16.493159694945351,116.22755007879235,119.77244992120754,126.54612528453768,846.45387471546303,846.45387471546303,3975.1642781424503,1202.8357218575547,1202.8357218575547,16.600000000000001
62.25,116,7.4320419614112101,26.846973200507332,72.239245935770541,6.0997094182175902,0.67515716307250573,51.946118256791451,7.371597212711519,16.668172013436561,115.32091434867446,120.67908565132544,123.72410246902186,849.2758975309788,849.2758975309788,3964.0291612006204,1213.9708387993842,1213.9708387993842,16.600000000000001
62.5,116,7.3799468104358672,26.83990866723936,72.001206688799073,6.0442579927285971,0.66208204492762435,52.073804484668649,7.3753717830918646,16.843277005784365,114.41934363151061,121.58065636848929,120.95890067900361,852.04109932099709,852.04109932099709,3952.9193640422641,1225.0806359577412,1225.0806359577412,16.600000000000001
62.75,116,7.3284718036893892,26.832911726787078,71.764013863002802,5.9900020673014485,0.64937031477916995,52.199244087443006,7.3789009691472804,17.018468698326458,113.52286761541623,122.47713238458367,118.24963957700054,854.75036042300019,854.75036042300019,3941.835226078746,1236.1647739212592,1236.1647739212592,16.600000000000001
63,116,7.2776095432397421,26.825992238839838,71.527663622528209,5.9369097345465924,0.63701268414522616,52.322475799228698,7.3821967527916428,17.193741406759798,112.63151383655944,123.36848616344045,115.59544025967281,857.40455974032795,857.40455974032795,3930.7770642498281,1247.2229357501769,1247.2229357501769,16.600000000000001
63.25,116,7.2273527343052137,26.819159773966554,71.29215206745387,5.8849498828010658,0.62500000599763084,52.443537602929624,7.3852707142116216,17.369089726606347,111.74530774507882,124.25469225492107,112.99542596266895,860.00457403733185,860.00457403733185,3919.7451739015451,1258.2548260984597,1258.2548260984597,16.600000000000001
63.5,116,7.1776941835934442,26.812423614653373,71.057475237643686,5.8340921866363553,0.61332327936175224,52.562466735755166,7.3881340369994577,17.544508523603742,110.86427277059667,125.13572722940322,110.44872272905187,862.55127727094896,862.55127727094896,3908.7398296627248,1269.2601703372802,1269.2601703372802,16.600000000000001
63.75,116,7.1286267976746975,26.80579275662808,70.82362911642619,5.7843070975684565,0.60197365340709263,52.67929969472177,7.3907975134305266,17.719992924446132,109.98843038512685,126.01156961487305,107.95446003364945,865.04553996635127,865.04553996635127,3897.7612862814676,1280.2387137185376,1280.2387137185376,16.600000000000001
64,116,7.0801435813727069,26.799275910694472,70.59060963423201,5.7355658336156674,0.59094243095891197,52.794072243358336,7.3932715502573565,17.895538307577873,109.11780016496566,126.88219983503424,105.51177137067889,867.48822862932195,867.48822862932195,3886.8097794492419,1291.1902205507624,1291.1902205507624,16.600000000000001
64.25,116,7.0322376361699392,26.792881505115314,70.358412672213746,5.687840367463104,0.58022107142027224,52.906819419831464,7.3955661750854906,18.071140293986069,108.25239985184962,127.74760014815028,103.11979480614123,869.88020519385964,869.88020519385964,3875.8855266176402,1302.1144733823644,1302.1144733823644,16.600000000000001
64.5,116,6.984902158649275,26.786617688110844,70.127034065677137,5.6411034152665849,0.56980119334034862,53.017575544633047,7.3976910426897113,18.246794738393323,107.39224541147982,128.60775458852007,100.77767349275474,872.22232650724607,872.22232650724607,3864.9887277728076,1313.011272227197,1313.011272227197,16.600000000000001
64.75,116,6.9381304389508838,26.780492330847601,69.896469607488015,5.5953284242299448,0.55967457644445684,53.126374229527201,7.399655441841146,18.422497720469401,106.53735109127436,129.46264890872555,98.484556151803986,874.51544384819692,874.51544384819692,3854.1195662014652,1323.8804337985391,1323.8804337985391,16.600000000000001
65,116,6.89191585924807,26.774513030839238,69.666715051424831,5.5504895593286498,0.5498331631696286,53.233248387414505,7.4014683025298638,18.598245536132673,105.68772947700985,130.31227052299008,96.239597521721578,876.76040247827927,876.76040247827927,3843.2782092423986,1334.721790757606,1334.721790757606,16.600000000000001
65.25,116,6.8462518922575271,26.768687115358759,69.437766115360517,5.506561690730063,0.54026905997223096,53.338230241681515,7.4031382030289858,18.774034689226845,104.84339154717863,131.1566084528213,94.041958776930699,878.95804122307015,878.95804122307015,3832.4648090000455,1345.5351909999592,1345.5351909999592,16.600000000000001
65.5,116,6.8011320997644695,26.763021645316329,69.209618484419877,5.4635203800629091,0.53097453812303019,53.441351336733348,7.4046733774422151,18.949861883218784,104.00434672658149,131.99565327341841,91.890807915182876,881.10919208481801,881.10919208481801,3821.6795030499288,1356.3204969500755,1356.3204969500755,16.600000000000001
65.75,116,6.7565501311699689,26.757523419400801,68.98226781405755,5.421341866297281,0.52194203412788776,53.542642549004142,7.4060817234587306,19.125724013054562,103.17060293860634,132.82939706139356,89.78532011566962,883.21467988433119,883.21467988433119,3810.9224151248782,1367.0775848751264,1367.0775848751264,16.600000000000001
66,116,6.7124997220705671,26.752198978180253,68.755709732982368,5.3800030523107445,0.51316414999378757,53.642134097444739,7.4073708099065829,19.301618157361926,102.34216665550204,133.65783334449782,87.724678072598039,885.27532192740284,885.27532192740284,3800.1936557674303,1377.806344232574,1377.806344232574,16.600000000000001
66.25,116,6.6689746928526032,26.747054608633576,68.529939846056408,5.3394814903903658,0.50463365301639529,53.739855555107141,7.4085478847511093,19.477541570678728,101.51904294789361,134.48095705210625,85.708072299093317,887.29192770090754,887.29192770090754,3789.4933229741087,1388.5066770258959,1388.5066770258959,16.600000000000001
66.5,116,6.6259689473116996,26.742096348787616,68.30495373709185,5.2997553678060285,0.49634347532655876,53.835835860768178,7.4096198831036251,19.653491675903911,100.70123553283112,135.29876446716875,83.734701406772302,889.26529859322864,889.26529859322864,3778.8215028164645,1399.17849718354,1399.17849718354,16.600000000000001
66.75,116,6.5834764713007461,26.737329992326554,68.080746971522828,5.260803492869969,0.48828671330258339,53.930103330200232,7.4105934350698153,19.829466057034718,99.888746820191088,136.11125317980878,81.803772364382255,891.19622763561858,891.19622763561858,3768.1782700345011,1409.8217299655032,1409.8217299655032,16.600000000000001
67,116,6.5414913313937566,26.732761093565276,67.857315099040676,5.2226052801609821,0.48045662655905269,54.022685668321017,7.4114748739585865,20.005462451959819,99.081577958220507,136.91842204177939,79.91450072881149,893.08549927118941,893.08549927118941,3757.5636886199386,1420.4363113800659,1420.4363113800659,16.600000000000001
67.25,116,6.5000076735763939,26.72839497239622,67.634653656116598,5.1851407361470496,0.47284663681543265,54.11360998106499,7.412270244344179,20.1814787455119,98.279728877596995,137.72027112240292,78.066110857028335,894.93388914297248,894.93388914297248,3746.9778123746778,1431.0221876253272,1431.0221876253272,16.600000000000001
67.5,116,6.4590197219615275,26.724236719241592,67.412758168423011,5.1483904450757594,0.4654503266260131,54.202902787095191,7.4129853100279472,20.357512962752207,97.483198334121752,138.51680166587812,76.257836099071952,896.74216390092886,896.74216390092886,3736.4206854468257,1441.5793145531791,1441.5793145531791,16.600000000000001
67.75,116,6.4185217775219776,26.720291200286503,67.1916241532073,5.1123355542819393,0.45826143775710132,54.290590030152565,7.4136255622582556,20.533563262342959,96.691983950473983,139.30801604952589,74.48891896618575,898.511081033815,898.511081033815,3725.8923428545631,1452.1076571454416,1452.1076571454416,16.600000000000001
68,116,6.378508216850121,26.716563062590762,66.971247121551457,5.0769577600958371,0.45127386953846427,54.376697090924907,7.414196227696487,20.709627930192987,95.906082256548288,140.09391774345158,72.758611284646534,900.24138871535422,900.24138871535422,3715.3928109854915,1462.6071890145131,1462.6071890145131,16.600000000000001
68.25,116,6.338973490939841,26.713056739238571,66.751622580548329,5.0422392938621687,0.44448167706482766,54.46124879889468,7.4147022763362962,20.885705373293824,95.12548872861673,140.87451127138317,71.066174331833665,901.93382566816729,901.93382566816729,3704.9221080773318,1473.077891922673,1473.077891922673,16.600000000000001
68.5,116,6.2999121239866529,26.709776454686107,66.53274603542134,5.0081629076099237,0.43787906911833385,54.544269444599067,7.4151484295807482,21.061794113670722,94.350197827506776,141.64980217249314,69.410878950558072,903.58912104944272,903.58912104944272,3694.4802446850049,1483.5197553149994,1483.5197553149994,16.600000000000001
68.75,116,6.2613187122140168,26.706726229925344,66.314612991535142,4.9747118604126914,0.43146040613447112,54.625782791313561,7.4155391680008513,21.237892782603421,93.580203035482171,142.4197969645177,67.792005653110365,905.20799434689047,905.20799434689047,3684.0672241247125,1493.9327758752916,1493.9327758752916,16.600000000000001
69,116,6.2231879227199238,26.703909887708381,66.09721895633534,4.9418699047577821,0.42522019801041377,54.705812086803583,7.4158787390851275,21.414000115007898,92.815496892078599,143.18450310792133,66.208844708464966,906.79115529153603,906.79115529153603,3673.6830429020074,1504.3169570979978,1504.3169570979978,16.600000000000001
69.25,116,6.1855144923432697,26.701331057849625,65.880559441219532,4.9096212728831503,0.41915310174167963,54.784380075182355,7.4161711650024982,21.59011494397091,92.056071028907084,143.94392897109282,64.660696212241675,908.33930378775926,908.33930378775926,3663.3276911243283,1514.6723088756764,1514.6723088756764,16.600000000000001
69.5,116,6.148293226552485,26.698993182436929,65.664629963324941,4.8779506634906422,0.41325391903927738,54.861509008480745,7.4164202501746539,21.766236195489871,91.301916203391315,144.69808379660861,63.146870145680161,909.85312985432085,909.85312985432085,3653.0011528956566,1524.9988471043482,1524.9988471043482,16.600000000000001
69.75,116,6.1115189983546108,26.696899521027809,65.449426047243023,4.8468432286340821,0.40751759386379077,54.937220658119791,7.416629588754005,21.942362883385442,90.553022331502191,145.44697766849774,61.66668642151064,911.33331357849033,911.33331357849033,3642.7034066952369,1535.2965933047683,1535.2965933047683,16.600000000000001
70,116,6.0751867472264944,26.695053155763024,65.234943226649406,4.8162845609946547,0.40193920993026833,55.011536326085647,7.4168025719199449,22.118494104420233,89.80937851939602,146.19062148060391,60.219474918389849,912.78052508161124,912.78052508161124,3632.4344257380649,1545.5655742619404,1545.5655742619404,16.600000000000001
70.25,116,6.0392914780649036,26.693456996479881,65.021177045870743,4.7862606812511066,0.39651398812735261,55.084476856076847,7.4169423951069566,22.294629033567141,89.070973094158646,146.92902690584128,58.804575503099549,914.19542449690141,914.19542449690141,3622.1941783215943,1555.8058216784107,1555.8058216784107,16.600000000000001
70.5,116,6.0038282601544131,26.692113785851038,64.808123061395648,4.756758025458951,0.39123728383296608,55.156062644702715,7.4170520652002629,22.470766919409602,88.337793633716046,147.66220636628387,57.421338040300967,915.57866195970007,915.57866195970007,3611.9826281600481,1566.0173718399571,1566.0173718399571,16.600000000000001
70.75,116,5.9687922261581292,26.691026104348108,64.595776843294814,4.7277634330438048,0.386104584287768,55.226313652162283,7.4171344074420498,22.646907079769424,87.60982699565389,148.39017300434605,56.069122394891458,916.93087760510957,916.93087760510957,3601.7997346997859,1576.2002653002189,1576.2002653002189,16.600000000000001
71,116,5.9341785711273589,26.690196375152563,64.384133976576294,4.6992641350199751,0.38111150593360132,55.295249412766594,7.4171920722100451,22.823048897493639,86.887059345157084,149.11294065484287,54.74729842467552,918.25270157532555,918.25270157532555,3591.6454534207537,1586.3545465792511,1586.3545465792511,16.600000000000001
71.25,116,5.899982551526926,26.68962686912549,64.173190062498634,4.6712477420818388,0.37625379163203687,55.3628890456338,7.4172275418132338,22.999191816340598,86.169476182263566,149.83052381773641,53.455245961142374,919.54475403885863,919.54475403885863,3581.51973612846,1596.480263871545,1596.480263871545,16.600000000000001
71.5,116,5.866199484282145,26.689319709589657,63.962940719799676,4.6437022333107434,0.37152730796101369,55.429251264856532,7.4172431369917353,23.175335337080448,85.457062368108822,150.54293763189114,52.192354784626424,920.80764521537446,920.80764521537446,3571.4225312284962,1606.5774687715095,1606.5774687715095,16.600000000000001
71.75,116,5.8328247458448361,26.689276877008727,63.753381585858918,4.6166159452254449,0.36692804252594002,55.494354389395141,7.4172410232310453,23.351479013763658,84.749802150319326,151.25019784968066,50.958024592271386,922.04197540772964,922.04197540772964,3561.3537839871287,1616.6462160128769,1616.6462160128769,16.600000000000001
72,116,5.7998537712737086,26.689500213719661,63.544508317823812,4.5899775607015103,0.36245210116408055,55.558216353141127,7.4172232170963177,23.527622450073288,84.047679187783586,151.95232081221639,49.751664955586129,923.24833504441483,923.24833504441483,3551.3134367838356,1626.68656321617,1626.68656321617,16.600000000000001
72.25,116,5.7672820533348128,26.689991428492853,63.336316593661799,4.5637760984274038,0.35809570522417133,55.620854714520853,7.4171915922962519,23.703765295869669,83.350676574532599,152.64932342546734,48.57269527325596,924.42730472674509,924.42730472674509,3541.3014293485521,1636.6985706514533,1636.6985706514533,16.600000000000001
72.5,116,5.7351051416193659,26.690752101007543,63.128802113155785,4.5380009026328452,0.35385518885418221,55.682286665886153,7.4171478855917021,23.879907243879476,82.658776862867839,153.34122313713212,47.420544717515483,925.57945528248558,925.57945528248558,3531.3176989870467,1646.6823010129588,1646.6823010129588,16.600000000000001
72.75,116,5.703318641677396,26.691783686278111,62.92196059885223,4.5126416329591938,0.34972699627249609,55.74252904281289,7.4170937026001464,24.056048026503181,81.971962085815477,154.02803791418447,46.294652173781962,926.70534782621905,926.70534782621905,3521.3621807963664,1656.6378192036395,1656.6378192036395,16.600000000000001
73,116,5.6719182141685929,26.69308751897255,62.715787796952675,4.4876882546557502,0.34570767907095884,55.801598333132233,7.4170305234195419,24.23218741276898,81.290213778847814,154.70978622115214,45.19446617515954,927.80553382484129,927.80553382484129,3511.4348078685684,1666.5651921314377,1666.5651921314377,16.600000000000001
73.25,116,5.6408995740294996,26.694664817631466,62.51027947815323,4.4631310290450266,0.34179389354693351,55.859510685747161,7.4169597080885614,24.408325205419228,80.613513000918999,155.38648699908097,44.119444832168391,928.88055516783254,928.88055516783254,3501.5355114838198,1676.4644885161858,1676.4644885161858,16.600000000000001
73.5,116,5.6102584896563892,26.696516688815915,62.305431438437253,4.4389605042114608,0.33798239804188096,55.916281919274439,7.416882501915107,24.584461238119992,79.941840354850086,156.05815964514986,43.069055757070139,929.93094424293076,929.93094424293076,3491.664221293654,1686.3357787063521,1686.3357787063521,16.600000000000001
73.75,116,5.5799907821038177,26.698644131157035,62.101239499819535,4.4151675059520983,0.33427005031224638,55.971927530474886,7.4168000406455903,24.760595372795787,79.275176007069192,156.72482399293079,42.04277598401832,930.95722401598255,930.95722401598255,3481.8208654943533,1696.1791345056529,1696.1791345056529,16.600000000000001
74,116,5.5500923242990909,26.701048039293479,61.897699511041118,4.3917431290411377,0.33065380494553587,56.026462702420844,7.4167133554555207,24.93672749709599,78.613499706709462,157.38650029329051,41.040091885592439,931.95990811440845,931.95990811440845,3472.0053709902231,1705.9946290097832,1705.9946290097832,16.600000000000001
74.25,116,5.5205590402710625,26.703729207737357,61.694807348223208,4.3686787286736148,0.32713071079102907,56.079902312527025,7.4166233778191453,25.112857521966117,77.956790804125319,158.04320919587462,40.060499085109626,932.93950091489114,932.93950091489114,3462.2176635485253,1715.7823364514807,1715.7823364514807,16.600000000000001
74.5,116,5.4913869043936856,26.706688334645289,61.492558915477701,4.3459659121597776,0.32369790842589052,56.132260940375446,7.4165309442275831,25.288985379333742,77.305028268821658,158.6949717311783,39.103502365537516,933.89649763446334,933.89649763446334,3452.4576679456095,1725.5423320543966,1725.5423320543966,16.600000000000001
74.75,116,5.4625719406441844,26.709926025481757,61.290950145474632,4.3235965308914563,0.32035262767003342,56.183552875312657,7.4164368007422992,25.46511101990906,76.658190706811055,159.3418092931889,38.168615575744681,934.83138442425604,934.83138442425604,3442.7253081044,1735.2746918956061,1735.2746918956061,16.600000000000001
75,116,5.4341102218751676,26.713442796597239,61.089976999970609,4.3015626725286698,0.31709218513195286,56.233792123867062,7.4163416074122974,25.641234411089549,76.016256377424369,159.98374362257559,37.255361533634243,935.74463846636661,935.74463846636661,3433.020507223956,1744.9794927760502,1744.9794927760502,16.600000000000001
75.25,116,5.4059978691004522,26.717239078718567,60.889635470299062,4.279856653410369,0.31391398178934038,56.282992416981358,7.4162459425534148,25.817355534966595,75.37920320958942,160.62079679041051,36.363271926494619,936.63672807350622,936.63672807350622,3423.3431879013397,1754.6568120986663,1754.6568120986663,16.600000000000001
75.5,116,5.3782310507945885,26.721315220332336,60.689921577822076,4.2584710112220323,0.31081550062367552,56.331167217027456,7.4161503068686079,25.993474386436286,74.747008817592317,161.25299118240761,35.49188720951372,937.50811279048708,937.50811279048708,3413.6932722458637,1764.3067277541422,1764.3067277541422,16.600000000000001
75.75,116,5.3508059822055749,26.725671490977966,60.490831374346683,4.2373984978845458,0.30779430429544991,56.378329724636558,7.4160551274305684,26.16959097140634,74.119650516339675,161.88034948366027,34.640756502133947,938.35924349786683,938.35924349786683,3404.0706819862348,1773.9293180137711,1773.9293180137711,16.600000000000001
76,116,5.3237189246800076,26.730308084466806,60.292360942508857,4.2166320726171973,0.30484803284798362,56.424492885388098,7.4159607615499468,26.345705305088071,73.497105336144656,162.5028946638553,33.809437482070123,939.19056251793063,939.19056251793063,3394.4753385713025,1783.5246614287034,1783.5246614287034,16.600000000000001
76.25,116,5.2969661850012546,26.735225121993807,60.094506396122604,4.1961648952585806,0.30197440147005089,56.469669396276394,7.415867500486752,26.521817410385754,72.879350037039117,163.12064996296087,32.997496278180478,940.00250372182018,940.00250372182018,3384.9071632639179,1793.092836736088,1793.092836736088,16.600000000000001
76.5,116,5.2705441147400416,26.740422655151317,59.897263880497093,4.1759903198161883,0.29917119831139527,56.513871711981146,7.4157755730200066,26.697927316374308,72.266361122634649,163.73363887736534,32.204507362268949,940.79549263773174,940.79549263773174,3375.3660772285343,1802.6339227714716,1802.6339227714716,16.600000000000001
76.75,116,5.2444491096167098,26.745900668879308,59.700629572724978,4.1561018881626159,0.29643628232095104,56.557112051020503,7.4156851489177082,26.87403505685338,71.658114853543793,164.34188514645615,31.430053438697211,941.56994656130348,941.56994656130348,3365.8520016131033,1812.1479983869028,1812.1479983869028,16.600000000000001
77,116,5.2186776088754723,26.751659084314173,59.504599681940668,4.1364933239652251,0.2937675811439549,56.599402401701269,7.4155963422629894,27.050140668986039,71.054587260376863,164.94541273962312,30.673725333480768,942.32627466651991,942.32627466651991,3356.3648576251403,1821.6351423748658,1821.6351423748658,16.600000000000001
77.25,116,5.1932260946702407,26.757697761544062,59.309170449550464,4.1171585268144799,0.2911630890726376,56.640754527898679,7.4155092146480923,27.226244192015791,70.455754156334024,165.54424584366595,29.935121882812066,943.06487811718864,943.06487811718864,3346.9045666023958,1831.0954333976106,1831.0954333976106,16.600000000000001
77.5,116,5.1680910914615819,26.764016502292314,59.114338149436342,4.0980915665278275,0.2886208650309981,56.681179974687375,7.4154237782615366,27.402345666056068,69.861591149391288,166.13840885060867,29.213849820340247,943.78615017966047,943.78615017966047,3337.4710500783517,1840.5289499216549,1840.5289499216549,16.600000000000001
77.75,116,5.1432691654246936,26.77061505251676,58.920099088134087,4.0792866776377004,0.28613903060696311,56.720690073813977,7.4153399988560267,27.578445130951387,69.272073654101789,166.72792634589817,28.509523663918682,944.490476336082,944.490476336082,3328.0642298427929,1849.935770157213,1849.935770157213,16.600000000000001
78,116,5.1187569238682418,26.777493104917863,58.726449604986477,4.0607382540791201,0.28371576813975496,56.759295948995124,7.4152577985896713,27.75454262521,68.687176903027378,167.31282309697258,27.821765602300193,945.17823439770041,945.17823439770041,3318.6840279976341,1859.3159720023714,1859.3159720023714,16.600000000000001
78.25,116,5.0945510146637183,26.784650301367861,58.533386072272968,4.0424408440521375,0.28134931885231573,56.797008521064072,7.415177058755944,27.930638185002707,68.106875957807361,167.89312404219257,27.150205381486213,945.84979461851435,945.84979461851435,3309.3303670082591,1868.6696329917463,1868.6696329917463,16.600000000000001
78.5,116,5.0706481256848646,26.792086235273739,58.3409048953176,4.0243891450207814,0.27903798101800936,56.833838513002711,7.4150976224196281,28.106731843221429,67.531145719873962,168.46885428012598,26.494480190398782,946.50551980960188,946.50551980960188,3300.0031697507002,1877.9968302493053,1877.9968302493053,16.600000000000001
78.75,116,5.0470449842573153,26.799800453851475,58.149002512574882,4.0065779989073,0.27678010818405641,56.869796454799953,7.4150192969316917,28.282823628602255,66.959960940832218,169.04003905916773,25.854234546982404,947.14576545301816,947.14576545301816,3290.7023595547007,1887.297640445305,1887.297640445305,16.600000000000001
79,116,5.0237383566179972,26.807792460321718,57.957675395695674,3.9890023874419449,0.27457410744382971,56.904892688174613,7.4149418563378946,28.458913564906187,66.393296232519191,169.60670376748078,25.229120184552048,947.77087981544844,947.77087981544844,3281.427860243055,1896.5721397569514,1896.5721397569514,16.600000000000001
79.25,116,5.0007250473841003,26.816061716043805,57.766920049573038,3.9716574276611456,0.27241843774154006,56.939137371169508,7.4148650436991392,28.635001670155773,65.831126076728708,170.16887392327124,24.618795937697183,948.38120406230337,948.38120406230337,3272.1795961671123,1905.8204038328936,1905.8204038328936,16.600000000000001
79.5,116,4.9780018990314296,26.824607642570857,57.576733012369779,3.954538367560104,0.27031160822838546,56.972540482609325,7.4147885733069714,28.811087955925579,65.273424834637567,170.72657516536236,24.022927628789056,948.97707237121153,948.97707237121153,3262.9574922389415,1915.0425077610648,1915.0425077610648,16.600000000000001
79.75,116,4.9555657913819369,26.833429623629147,57.387110855528377,3.9376405819024978,0.26825217666799289,57.005111826418521,7.4147121327977503,28.987172426684996,64.720166755938124,171.27983324406182,23.441187955099867,949.55881204490072,949.55881204490072,3253.7614739602441,1924.2385260397618,1924.2385260397618,16.600000000000001
80,116,4.9334136411001506,26.84252700703659,57.198050183763776,3.9209595681582057,0.26623874787711771,57.036861035828032,7.4146353851837672,29.163255079189238,64.171325987673782,171.82867401232616,22.873256375969174,950.12674362403141,950.12674362403141,3244.5914674481055,1933.4085325519002,1933.4085325519002,16.600000000000001
80.25,116,4.9115424011983526,26.851899106553411,57.009547635040214,3.9044909425800589,0.26426997220980974,57.067797577458464,7.4145579707940792,29.339335901917519,63.626876582794779,172.37312341720516,22.31881900052176,950.68118099947878,950.68118099947878,3235.4473994578098,1942.5526005421964,1942.5526005421964,16.600000000000001
80.5,116,4.8899490605503129,26.86154520366259,56.821599880532936,3.88823043642281,0.26234454408874824,57.097930755275627,7.4144795091233489,29.515414874556651,63.086792508449015,172.91320749155091,21.77756847624439,951.2224315237562,951.2224315237562,3226.3291974029553,1951.6708025970502,1951.6708025970502,16.600000000000001
80.75,116,4.8686306434133488,26.871464549287275,56.634203624575541,3.8721738922901596,0.26046120057723893,57.127269714432067,7.4143996005976733,29.691491967527448,62.551047654009345,173.44895234599062,21.249203878190823,951.7507961218098,951.7507961218098,3217.2367893729584,1960.7632106270476,1960.7632106270476,16.600000000000001
81,116,4.8475842089585717,26.881656365451665,56.447355604592921,3.8563172605972351,0.25861871998592834,57.155823445006689,7.4143178282651654,29.867567141552186,62.019615838836934,173.98038416116302,20.733430598578746,952.26656940142186,952.26656940142186,3208.1701041479455,1969.8298958520604,1969.8298958520604,16.600000000000001
81.25,116,4.8268068508090778,26.892119846876238,56.261052591021809,3.8406565961623,0.25681592052522373,57.183600785627256,7.4142337594024168,30.043640347261125,61.492470819806613,174.50752918019333,20.229960237489319,952.77003976251126,952.77003976251126,3199.1290712114583,1978.8709287885476,1978.8709287885476,16.600000000000001
81.5,116,4.8062956965859156,26.902854162511755,56.07529138721906,3.8251880549125752,0.25505165899967985,57.210610426990172,7.4141469470427763,30.219711524835869,60.969586298598472,175.03041370140147,19.738510494543856,953.26148950545667,953.26148950545667,3190.1136207610402,1987.8863792389657,1987.8863792389657,16.600000000000001
81.75,116,4.786047907461711,26.913858457023306,55.890068829357581,3.8099078907035775,0.25332482953291252,57.236860915278591,7.4140569314383695,30.395780603689104,60.45093592874246,175.5490640712575,19.258805061052968,953.74119493894761,953.74119493894761,3181.1236837165529,1996.8763162834537,1996.8763162834537,16.600000000000001
82,116,4.7660606777217227,26.925131852214658,55.705381786311548,3.7948124522471414,0.2516343623347575,57.262360655481814,7.4139632414472674,30.571847502177604,59.936493322446694,176.06350667755325,18.790573513340355,954.20942648666016,954.20942648666016,3172.1591917266769,2005.8408082733295,2005.8408082733295,16.600000000000001
82.25,116,4.7463312343321373,26.936673448396814,55.521227159531584,3.7798981801523439,0.24997922250770679,57.287117914611095,7.4138653958502383,30.747912127347163,59.426232057212303,176.57376794278764,18.333551207213951,954.66644879278658,954.66644879278658,3163.2200771736925,2014.7799228263139,2014.7799228263139,16.600000000000001
82.5,116,4.7268568365155144,26.948482325707307,55.337601882909482,3.7651616040604203,0.2483584088857349,57.311140824831121,7.4137629046049014,30.923974374708472,58.920125682229738,177.07987431777022,17.887479173215581,955.11252082678493,955.11252082678493,3154.3062731764317,2023.6937268235747,2023.6937268235747,16.600000000000001
82.75,116,4.7076347753332008,26.960557545378496,55.154502922633675,3.7505993398800381,0.24677095290861062,57.334437386499751,7.4136552700359228,31.100034128042132,58.418147724569572,177.58185227543038,17.452104012929333,955.54789598707123,955.54789598707123,3145.4177135916307,2032.5822864083755,2032.5822864083755,16.600000000000001
83,116,4.6886623732744814,26.97289815095386,54.971927277036436,3.7362080871189538,0.24521591753411667,57.357015471118686,7.4135419879616187,31.276091259230324,57.920271695183139,178.0797283048168,17.027177796606061,955.97282220339446,955.97282220339446,3136.5543330139599,2041.4456669860463,2041.4456669860463,16.600000000000001
83.25,116,4.6699369838524039,26.985503169457516,54.789871976432721,3.7219846263072376,0.24369239618277641,57.378882824200161,7.4134225487624086,31.452145628114831,57.426471094707232,178.5735289052927,16.612457961825211,956.3875420381753,956.3875420381753,3127.7160667746107,2050.2839332253957,2050.2839332253957,16.600000000000001
83.5,116,4.6514559912061983,26.998371612521087,54.608334082950336,3.7079258165124136,0.24219951171070611,57.400047068049687,7.4132964383956175,31.628197082381369,56.936719419068829,179.06328058093112,16.207707213000923,956.79229278699961,956.79229278699961,3118.902850938367,2059.0971490616394,2059.0971490616394,16.600000000000001
83.75,116,4.6332168097099853,27.01150247746261,54.4273106903536,3.6940285929376562,0.24073641541855836,57.420515704471285,7.4131631393530126,31.80424545746602,56.45099016491907,179.54900983508085,15.812693422308707,957.18730657769186,957.18730657769186,3110.1146222996726,2067.8853777003337,2067.8853777003337,16.600000000000001
84,116,4.6152168835875607,27.024894748315443,54.246798923861455,3.6802899646023639,0.23930228609989276,57.44029611739483,7.4130221315598304,31.980290576481757,55.969256834910773,180.03074316508915,15.427189532308839,957.57281046769174,957.57281046769174,3101.3513183779355,2076.6486816220709,2076.6486816220709,16.600000000000001
84.25,116,4.597453686533469,27.038547396824676,54.066795939957402,3.666707012103811,0.23789632910825748,57.45939557542988,7.4128728932320183,32.156332250168767,55.491492942776702,180.50850705722323,15.050973459056229,957.94902654094437,957.94902654094437,3092.6128774113072,2085.3871225886992,2085.3871225886992,16.600000000000001
84.5,116,4.5799247213399985,27.052459383403555,53.88729892619348,3.653276885455397,0.23651777545320943,57.477821234347935,7.4127149016858196,32.332370276864296,55.017672018241313,180.98232798175863,14.68382799640562,958.31617200359494,958.31617200359494,3083.8992383495088,2094.1007616504971,2094.1007616504971,16.600000000000001
84.75,116,4.5626275195299151,27.066629658045322,53.70830510098974,3.6399968019989926,0.23516588093178187,57.495580139494074,7.4125476340959082,32.508404442489621,54.54776761178686,181.45223238821308,14.325540721958948,958.6744592780417,958.6744592780417,3075.2103408460553,2102.7896591539511,2102.7896591539511,16.600000000000001
85,116,4.5455596409951342,27.081057161188809,53.529811713427939,3.626864044400659,0.23383992529538183,57.512679228120099,7.4123705681986989,32.684434520557346,54.081753299262857,181.91824670073706,13.975903904480186,959.02409609552046,959.02409609552046,3066.5461252496048,2111.4538747504012,2111.4538747504012,16.600000000000001
85.25,116,4.5287186736405038,27.095740824565617,53.351816043041389,3.6138759586932214,0.23253921142708658,57.529125331673661,7.4121831829750846,32.860460272189691,53.61960268633981,182.3803973136601,13.63471441202133,959.36528558797932,959.36528558797932,3057.9065325946544,2120.0934674053519,2120.0934674053519,16.600000000000001
85.5,116,4.5121022330331781,27.110679572004013,53.174315399600516,3.601029952393878,0.23126306455328288,57.544925178015731,7.4119849592830773,33.03648144615363,53.161289412821787,182.83871058717816,13.301773621636883,959.69822637836376,959.69822637836376,3049.2915045916229,2128.7084954083834,2128.7084954083834,16.600000000000001
85.75,116,4.4957079620576277,27.125872320194262,52.99730712289292,3.5883234926943097,0.23001083148363849,57.560085393570247,7.4117753804447162,33.21249777891429,52.706787156804964,183.29321284319499,12.976887330291373,960.02311266970923,960.02311266970923,3040.7009836160646,2137.2990163839413,2137.2990163839413,16.600000000000001
86,116,4.4795335305766661,27.141317979412438,52.820788582495709,3.5757541047328898,0.22878187987962745,57.57461250539847,7.4115539327809783,33.388508994712446,52.256069638661621,183.74393036133833,12.659865666635588,960.34013433336497,960.34013433336497,3032.1349126964928,2145.8650873035135,2145.8650873035135,16.600000000000001
86.25,116,4.4635766350953086,27.157015454238287,52.644757177555725,3.5633193698670613,0.22757559753565132,57.58851294326378,7.4113201061535827,33.564514805624327,51.809110624988634,184.19088937501132,12.350523005171098,960.64947699482957,960.64947699482957,3023.5932355040654,2154.4067644959405,2154.4067644959405,16.600000000000001
86.5,116,4.4478349984310874,27.172963644225362,52.469210336559435,3.5510169240411615,0.22639139169176623,57.601793041610705,7.411073394444621,33.740514911652433,51.365883932362713,184.63411606763725,12.048677881033703,960.95132211896691,960.95132211896691,3015.075896340355,2162.9241036596513,2162.9241036596513,16.600000000000001
86.75,116,4.4323063693898597,27.189161444536545,52.294145517097192,3.5388444562243979,0.22522868837054497,57.614459041478732,7.4108132959942923,33.916509000834971,50.926363430940881,185.07363656905906,11.754152905716486,961.24584709428416,961.24584709428416,3006.5828401241006,2171.4171598759058,2171.4171598759058,16.600000000000001
87,116,4.4169885224463723,27.205607746551372,52.119560205625021,3.5267997069012194,0.22408693173606156,57.626517092365056,7.4105393140078553,34.092496749364905,50.490523047939334,185.50947695206062,11.466774684109611,961.53322531589095,961.53322531589095,2998.1140123776631,2179.8859876223432,2179.8859876223432,16.600000000000001
87.25,116,4.4018792574273649,27.222301438465859,51.945451917235076,3.5148804665574849,0.22296558346808601,57.637973254081288,7.4102509569683441,34.268477821689849,50.058336771093124,185.9416632289068,11.186373734084334,961.81362626591624,961.81362626591624,2989.6693592154993,2188.3306407845071,2188.3306407845071,16.600000000000001
87.5,116,4.3869763992011803,27.239241405848059,51.771818195414404,3.5030845742648462,0.22186412216288903,57.648833498523111,7.4099477389892341,34.444451870645651,49.629778651911344,186.37022134808859,10.91278440627897,962.08721559372157,962.08721559372157,2981.2488273303597,2196.7511726696466,2196.7511726696466,16.600000000000001
87.75,116,4.3722777973726572,27.25642653216018,51.598656611798376,3.4914099163326946,0.22078204275749033,57.659103711377064,7.4096291801265757,34.620418537607932,49.204822808784812,186.79517719121512,10.645844804789752,962.35415519521075,962.35415519521075,2972.8523639785076,2205.1476360214983,2205.1476360214983,16.600000000000001
88,116,4.3577813259809401,27.27385569927069,51.425964765929741,3.479854424967372,0.21971885596820659,57.668789693812883,7.4092948066904105,34.796377452631525,48.783443430051939,187.21655656994798,10.385396709947905,962.61460329005274,962.61460329005274,2964.4799169663024,2213.5200830337039,2213.5200830337039,16.600000000000001
88.25,116,4.3434848832012838,27.291527787946066,51.253740285018047,3.4684160769667485,0.21867408774700681,57.677897164138983,7.4089441515372219,34.972328234592133,48.365614776973409,187.63438522302653,10.13128550255955,962.86871449744103,962.86871449744103,2956.1314346369991,2221.8685653630073,2221.8685653630073,16.600000000000001
88.5,116,4.3293863910521431,27.309441678309433,51.081980823692788,3.45709289248417,0.21764727876016016,57.686431759394182,7.4085767543211372,35.148270491347688,47.951311186556062,188.04868881344387,9.8833600888719353,963.11663991112857,963.11663991112857,2947.8068658563766,2230.1931341436298,2230.1931341436298,16.600000000000001
88.75,116,4.3154837951074319,27.327596250266069,50.91068406375102,3.4458829338596817,0.21663798388993197,57.694399036876973,7.4081921617044006,35.324203819918118,47.540507074233105,188.45949292576685,9.6414728263652112,963.35852717363537,963.35852717363537,2939.5061599973315,2238.4938400026749,2238.4938400026749,16.600000000000001
89,116,4.3017750642105481,27.34599038393263,50.739847713914941,3.4347843044305018,0.21564577174259941,57.701804475683808,7.4077899275877837,35.500127806640499,47.133176936546427,188.86682306345352,9.4054794518777474,963.59452054812277,963.59452054812277,2931.2292669266808,2246.7707330733256,2246.7707330733256,16.600000000000001
89.25,116,4.2882581901933232,27.364622960036105,50.569469509584579,3.4237951474036326,0.21467022417757087,57.708653478189454,7.4073696133042057,35.676042027340685,46.729295353693622,189.27070464630631,9.1752390105512784,963.82476098944915,963.82476098944915,2922.9761369910443,2255.0238630089621,2255.0238630089621,16.600000000000001
89.5,116,4.2749311875993747,27.38349286028793,50.399547212587855,3.4129136447773716,0.21371093585519499,57.714951371480218,7.4069307877844945,35.851946047515,46.328836991962035,189.67116300803789,8.9506137858160599,964.04938621418444,964.04938621418444,2914.7467210022819,2263.2532789977245,2263.2532789977245,16.600000000000001
89.75,116,4.261792093412093,27.402598967730235,50.230078610926789,3.4021380163182702,0.21276751380482056,57.720703408734671,7.4064730276904136,36.027839422525169,45.931776606040458,190.06822339395947,8.7314692303088659,964.26853076969155,964.26853076969155,2906.5409702222555,2271.4590297777504,2271.4590297777504,16.600000000000001
90,116,4.2488389667840547,27.421940167090785,50.061061518534203,3.3914665185117108,0.21183957699476749,57.725914770618772,7.405995917573275,36.203721697767399,45.538089041340584,190.46191095865936,8.5176738989407372,964.4823261010597,964.4823261010597,2898.3588363497902,2279.6411636502162,2279.6411636502162,16.600000000000001
90.25,116,4.2360698887716408,27.441515345103632,49.892493775023645,3.3808974435835601,0.21092675592531618,57.730590566615945,7.4054990499888822,36.379592408862784,45.147749236171286,190.85225076382866,8.3090993825830886,964.69090061741736,964.69090061741736,2890.2002715063395,2287.7997284936669,2287.7997284936669,16.600000000000001
90.5,116,4.2234829620736045,27.46132339080906,49.724373245438095,3.3704291185613746,0.21002869223808929,57.734735836317959,7.404982025590793,36.555451081853825,44.760732223817378,191.23926777618257,8.1056202428565438,964.89437975714384,964.89437975714384,2882.0652282214764,2295.9347717785299,2295.9347717785299,16.600000000000001
90.75,116,4.2110763107732945,27.481363195836504,49.556697819998526,3.3600599043681396,0.2091450383397099,57.738355550682435,7.40444445320722,36.731297233404092,44.377013134534181,191.62298686546575,7.9071139480799504,965.09288605192057,965.09288605192057,2873.9536594184183,2304.0463405815881,2304.0463405815881,16.600000000000001
91,116,4.1988480800827084,27.501633654692245,49.389465413860208,3.3497881949026107,0.20827545702790626,57.741454613294614,7.403885949935523,36.907130370979267,43.99656719753137,192.00343280246855,7.7134608109662723,965.2865391890341,965.2865391890341,2865.8655184011345,2312.1344815988718,2312.1344815988718,16.600000000000001
91.25,116,4.1867964360913916,27.522133665015375,49.222673966863177,3.3396124161838134,0.20741962113944432,57.744037861570071,7.4033061411969729,37.082949993046661,43.619369742823238,192.3806302571767,7.5245439269938457,965.47545607300663,965.47545607300663,2857.800758840357,2320.1992411596493,2320.1992411596493,16.600000000000001
91.5,116,4.1749195655192022,27.542862127813617,49.056321443281512,3.3295310255350539,0.20657721321387545,57.746110067918337,7.4027046607700031,37.258755589281357,43.245396202986313,192.75460379701363,7.340249113803563,965.659750886197,965.659750886197,2849.7593347593734,2328.240665240633,2328.240665240633,16.600000000000001
91.75,116,4.1632156754718261,27.563817947692481,48.89040583157545,3.3195425107798013,0.20574792516533738,57.747675940890645,7.4020811508223305,37.434546640766563,42.874622114866582,193.12537788513336,7.1604648518949512,965.83953514810548,965.83953514810548,2841.7412005204383,2336.2587994795681,2336.2587994795681,16.600000000000001
92,116,4.151682993198512,27.585000033084228,48.724925144148806,3.3096453894360041,0.20493145795862963,57.748740126322723,7.40143526195184,37.610322620182124,42.507023121257404,193.49297687874252,6.9850822267498822,966.01491777325066,966.01491777325066,2833.7463108122197,2344.2536891877867,2344.2536891877867,16.600000000000001
92.25,116,4.1403197658542013,27.606407296449593,48.559877417102037,3.2998382079655908,0.20412752130467032,57.749307208426039,7.4007666531943297,37.786082992007472,42.142574972461603,193.85742502753831,6.8139948717077088,966.18600512829278,966.18600512829278,2825.7746206364391,2352.2253793635673,2352.2253793635673,16.600000000000001
92.5,116,4.1291242602653,27.628038654461154,48.395260709984456,3.2901195410591657,0.20333583337065481,57.749381710843828,7.4000749920120885,37.961827212729951,41.781253527768563,194.21874647223137,6.6470989118455037,966.35290108815502,966.35290108815502,2817.826085294364,2360.1739147056423,2360.1739147056423,16.600000000000001
92.75,116,4.1180947626975444,27.649893028187829,48.231073105551431,3.2804879909186906,0.20255612049299243,57.748968097703035,7.3993599542923043,38.137554731041682,41.423034756904507,194.57696524309543,6.4842929091648012,966.51570709083569,966.51570709083569,2809.9006603742537,2368.0993396257527,2368.0993396257527,16.600000000000001
93,116,4.1072295786266864,27.671969343271169,48.067312709523407,3.2709421865568946,0.20178811689866716,57.748070774646678,7.3986212243407836,38.313264988033701,41.067894741427459,194.93210525857248,6.3254778088886843,966.67452219111181,966.67452219111181,2801.9983017391678,2376.0016982608386,2376.0016982608386,16.600000000000001
93.25,116,4.0965270325128431,27.694266530082547,47.903977650343457,3.2614807831339405,0.2010315644412346,57.746694089829525,7.3978584948550541,38.488957417396925,40.715809676035533,195.2841903239644,6.1705568866584821,966.82944311334199,966.82944311334199,2794.1189655144976,2383.8810344855087,2383.8810344855087,16.600000000000001
93.5,116,4.0859854675784497,27.716783523861455,47.741066078933514,3.2521024613313205,0.20028621235169172,57.744842334877177,7.3970714668767483,38.664631445629681,40.36675586978987,195.63324413021004,6.0194356966474674,966.98056430335305,966.98056430335305,2786.2626080752452,2391.7373919247611,2391.7373919247611,16.600000000000001
93.75,116,4.0756032455877262,27.739519264861869,47.578576168457033,3.2428059267113265,0.19955181698733102,57.742519745851844,7.396259849763279,38.840286492229325,40.020709747330812,195.9792902526691,5.8720220209502294,967.12797797905023,967.12797797905023,2778.4291860344988,2399.5708139655071,2399.5708139655071,16.600000000000001
94,116,4.0653787466293219,27.762472698485102,47.416506114081713,3.2335899091036491,0.19882814159191356,57.739730504190106,7.3954233611465261,39.015921969886222,39.67764785002479,196.32235214997513,5.7282258199141252,967.27177418008637,967.27177418008637,2770.6186562319144,2407.3813437680919,2407.3813437680919,16.600000000000001
94.25,116,4.0553103689021341,27.785642775398685,47.254854132742132,3.2244531620198456,0.19811495606734875,57.736478737612082,7.39456172687788,39.191537284680855,39.337546837041344,196.66245316295857,5.5879591833919129,967.41204081660851,967.41204081660851,2762.8309757221477,2415.1690242778586,2415.1690242778586,16.600000000000001
94.5,116,4.0453965285045044,27.809028451638522,47.093618462901475,3.2153944621005408,0.19741203675874561,57.73276852099778,7.3936746809557192,39.367131836285878,39.000383486353599,196.99961651364632,5.4511362829006265,967.54886371709983,967.54886371709983,2755.0661017631378,2422.9338982368681,2422.9338982368681,16.600000000000001
94.75,116,4.0356356592246723,27.832628688721737,46.932797364319981,3.2064126085447615,0.19671916623521726,57.728603877273699,7.3927619654747803,39.5427050181517,38.666134695738883,197.33386530426102,5.3176733249222039,967.68232667507834,967.68232667507834,2747.3239918055565,2430.6760081944499,2430.6760081944499,16.600000000000001
95,116,4.0260262123345498,27.856442453743224,46.772389117822414,3.1975064225715468,0.19603613308365328,57.72398877826712,7.3918233305582106,39.718256217697196,38.334777483704521,197.66522251629539,5.1874885050667077,967.81251149493369,967.81251149493369,2739.6046034820797,2438.3953965179267,2438.3953965179267,16.600000000000001
95.25,116,4.0165666563862885,27.880468719462236,46.612392025066484,3.1886747469017425,0.19536273171134622,57.718927145538473,7.390858534281513,39.89378481650057,38.006288990357049,197.99371100964285,5.0605019631487584,967.93949803685166,967.93949803685166,2731.9078945967908,2446.0921054032156,2446.0921054032156,16.600000000000001
95.5,116,4.0072554770119586,27.904706464374911,46.452804408310996,3.1799164452668633,0.1946987621602205,57.713422851186138,7.389867342582451,40.069290190493469,37.680646478204032,198.3193535217959,4.9366357391450029,968.06336426085545,968.06336426085545,2724.2338231145236,2453.7661768854828,2453.7661768854828,16.600000000000001
95.75,116,3.9980911767243645,27.929154672798184,46.293624610190236,3.1712304019014259,0.19404402991579867,57.707479718660316,7.3888495291928349,40.244771710139538,37.357827332958777,198.64217266704114,4.8158137301576591,968.18418626984283,968.18418626984283,2716.5823471512649,2461.4176528487415,2461.4176528487415,16.600000000000001
96,116,3.9890722747211838,27.953812334936547,46.134850993487284,3.162615521067909,0.19339834572972373,57.701101523544729,7.3878048755515771,40.420228740618917,37.037809064269958,198.96219093572995,4.6979616482024422,968.30203835179816,968.30203835179816,2708.953424964327,2469.0465750356793,2469.0465750356793,16.600000000000001
96.25,116,3.9801973066916432,27.978678446941228,45.976481940908634,3.1540707265978076,0.19276152544940589,57.694291994320004,7.3867331707127359,40.595660642011552,36.720569306403071,199.27943069359685,4.5830069788706433,968.41699302112988,968.41699302112988,2701.3470149427221,2476.6529850572842,2476.6529850572842,16.600000000000001
96.5,116,3.9714648246259729,28.003752010958838,45.818515854859321,3.1455949614544911,0.19213338985689618,57.687054813103899,7.3856342112439952,40.771066769481543,36.40608581886589,199.59391418113404,4.4708789408418887,968.52912105915868,968.52912105915868,2693.7630755975911,2484.2369244024153,2484.2369244024153,16.600000000000001
96.75,116,3.9628733966260308,28.029032035190149,45.660951157223572,3.1371871872804808,0.19151376450287089,57.67939361640056,7.3845078011447089,40.946446473447942,36.094336487034695,199.90566351296525,4.3615084462721763,968.63849155372839,968.63849155372839,2686.2015655535342,2491.7984344464721,2491.7984344464721,16.600000000000001
97,116,3.9544216067191105,28.054517533932483,45.503786289144529,3.1288463839769824,0.19090247955367731,57.671311995817838,7.3833537517460091,41.121799099761105,35.785299322709463,200.21470067729047,4.2548280619875936,968.74517193801285,968.74517193801285,2678.6624435397257,2499.3375564602807,2499.3375564602807,16.600000000000001
97.25,116,3.9461080546741312,28.080207527615901,45.347019710805405,3.1205715492966752,0.19029936964450175,57.662813498768884,7.3821718816074817,41.297123989877193,35.47895246462631,200.52104753537361,4.1507719715047564,968.84922802849587,968.84922802849587,2671.1456683812607,2506.8543316187456,2506.8543316187456,16.600000000000001
97.5,116,3.9379313558202211,28.106101042832901,45.190649901212105,3.1123616984506532,0.1897042737388458,57.653901629157474,7.38096201640976,41.4724204810313,35.175274178926706,200.8247258210732,4.049275937856577,968.95072406214399,968.95072406214399,2663.6511989906849,2514.3488010093215,2514.3488010093215,16.600000000000001
97.75,116,3.9298901408666365,28.132197112375195,45.034675357980184,3.1042158637072426,0.18911703498493518,57.644579848066094,7.3797239888613637,41.647687906400328,34.874242859620779,201.12575714037914,3.95027726717904,969.04972273282158,969.04972273282158,2656.1789943601857,2521.8210056398207,2521.8210056398207,16.600000000000001
98,116,3.9219830557256175,28.158494775256468,44.879094597121437,3.0961330940172473,0.1885375005835086,57.634851574417247,7.3784576385911214,41.822925595269581,34.575837028987976,201.42416297101192,3.8537147730905765,969.14628522691009,969.14628522691009,2648.7290135536864,2529.27098644632,2529.27098644632,16.600000000000001
98.25,116,3.9142087613376439,28.184993076727892,44.72390615283161,3.0881124546546541,0.18796552166245234,57.624720185617441,7.3771628120352393,41.998132873198742,34.280035337933427,201.71996466206647,3.7595287418587104,969.24047125814184,969.24047125814184,2641.3012156990931,2536.6987843009133,2536.6987843009133,16.600000000000001
98.5,116,3.9065659334985101,28.211691068293792,44.569108577280844,3.0801530268604345,0.18740095315293198,57.614189018194416,7.3758393623289997,42.173309062182511,33.98681656632116,202.01318343367876,3.6676608982867043,969.33233910171396,969.33233910171396,2633.895559980906,2544.1044400190999,2544.1044400190999,16.600000000000001
98.75,116,3.8990532626878722,28.238587807731562,44.414700440407529,3.0722539074828079,0.18684365366416297,57.603261368433685,7.3744871492083304,42.348453480803627,33.696159623295529,202.30384037670439,3.5780543722830931,969.42194562771749,969.42194562771749,2626.5120056333362,2551.4879943666701,2551.4879943666701,16.600000000000001
99,116,3.891669453900608,28.26568235909847,44.260680329712038,3.0644142086424688,0.18629348536898416,57.591940492989551,7.3731060388980048,42.523565444389092,33.408043547543976,202.59195645245595,3.4906536662057408,969.50934633379484,969.50934633379484,2619.1505119333351,2558.8494880666713,2558.8494880666713,16.600000000000001
99.25,116,3.8844132264800244,28.292973792737492,44.107046850052704,3.0566330574028577,0.18575031389169905,57.580229609488015,7.3716959040025705,42.698644265162287,33.122447507534361,202.87755249246555,3.4054046228974779,969.59459537710302,969.59459537710302,2611.8110381939491,2566.1889618060573,2566.1889618060573,16.600000000000001
99.5,116,3.877283313954544,28.320461185261081,43.953798623439766,3.0489095954802425,0.1852140082130922,57.568131897091128,7.3702566233719811,42.873689252403921,32.839350801670058,203.16064919832985,3.322254394567894,969.67774560543262,969.67774560543262,2604.4935437573326,2573.5064562426737,2573.5064562426737,16.600000000000001
99.75,116,3.8702784638738255,28.348143619564564,43.800934288837837,3.0412429789081843,0.18468444055588548,57.555650497097631,7.3687880820104326,43.048699712590157,32.558732858504435,203.44126714149547,3.2411514120834042,969.7588485879171,969.7588485879171,2597.1979879889632,2580.8020120110432,2580.8020120110432,16.600000000000001
100,116,3.8633974376477687,28.376020184824608,43.648452501967739,3.0336323777299556,0.18416148628223061,57.542788513515525,7.3672901709692233,43.22367494953545,32.28057323689336,203.71942676310655,3.1620453550204006,969.83795464498019,969.83795464498019,2589.9243302717173,2588.0756697282891,2588.0756697282891,16.600000000000001
100.25,116,3.8566390103878927,28.40408997648915,43.496351935108905,3.0260769757084991,0.18364502379874137,57.529549013615807,7.3657627872319518,43.398614264536228,32.004851626103459,203.99514837389646,3.0848871224176153,969.91511287758306,969.91511287758306,2582.6725299999935,2595.3274700000125,2595.3274700000125,16.600000000000001
100.5,116,3.8500019707505984,28.432352096265163,43.344631276903769,3.0185759700428703,0.18313493446451273,57.515935028476939,7.3642058336006953,43.573516956511348,31.731547845893409,204.26845215410648,3.0096288041857617,969.99037119581476,969.99037119581476,2575.4425465740846,2602.5574534259213,2602.5574534259213,16.600000000000001
100.75,116,3.8434851207830492,28.460805652094514,43.193289232162172,3.0111285711067151,0.18263110250918105,57.50194955350662,7.3626192185704875,43.748382322144955,31.460641846540877,204.53935815345903,2.9362236532857264,970.0637763467148,970.0637763467148,2568.234339394543,2609.7656606054634,2609.7656606054634,16.600000000000001
101,116,3.8370872757687171,28.489449758154542,43.042324521672661,3.0037340021518184,0.1821334149342608,57.48759554899074,7.3610028562386596,43.923209656011991,31.192113708922626,204.80788629107727,2.864626058118509,970.13537394188211,970.13537394188211,2561.0478678573791,2616.9521321426273,2616.9521321426273,16.600000000000001
101.25,116,3.8308072640763013,28.518283534837067,42.891735882011936,2.9963914990486096,0.18164176143152588,57.472875940606578,7.3593566661900267,44.097998250711449,30.925943644512643,205.07405635548724,2.7947915158066925,970.2052084841938,970.2052084841938,2553.8830913490187,2624.1169086509872,2624.1169086509872,16.600000000000001
101.5,116,3.8246439270101611,28.547306108728918,42.741522065356811,2.9891003100277125,0.18115603430155347,57.457793619931735,7.3576805733872916,44.272747396995037,30.662111995366377,205.3378880046335,2.7266766060125485,970.27332339398799,970.27332339398799,2546.7399692415461,2631.2600307584603,2631.2600307584603,16.600000000000001
101.75,116,3.8185961186631259,28.576516612583031,42.591681839296513,2.981859695439772,0.18067612838051986,57.442351444933635,7.3559745080527108,44.447456383896984,30.40059923405915,205.59940076594074,2.6602389654766463,970.33976103452392,970.33976103452392,2539.6184608879894,2638.381539112017,2638.381539112017,16.600000000000001
102,116,3.8126627057707219,28.60591418529172,42.442213986647673,2.9746689275150762,0.18020194096656517,57.426552240456004,7.3542384055556829,44.622124498859144,30.141385963613491,205.8586140363864,2.5954372630487499,970.40456273695179,970.40456273695179,2532.5185256178888,2645.4814743821175,2645.4814743821175,16.600000000000001
102.25,116,3.8068425675658877,28.635497971872976,42.293117305273491,2.9675272901060006,0.17973337173775009,57.410398798717473,7.3524722063196792,44.796751027845744,29.884452917447273,206.11554708255264,2.5322311750028899,970.46776882499773,970.46776882499773,2525.4401227333474,2652.559877266659,2652.559877266659,16.600000000000001
102.5,116,3.8011345956367713,28.665267123438454,42.144390607901883,2.9604340784615442,0.17927032268473087,57.393893879778581,7.3506758557091683,44.971335255464226,29.629780959251292,206.37021904074862,2.4705813612036653,970.52941863879687,970.52941863879687,2518.3832115049322,2659.6167884950737,2659.6167884950737,16.600000000000001
102.75,116,3.7955376937857994,28.695220797164716,41.996032721946136,2.9533885989999975,0.17881269804219885,57.377040212007373,7.3488493039235481,45.145876465080882,29.377351082859892,206.62264891714003,2.4104494417196802,970.58955055828096,970.58955055828096,2511.347751167857,2666.6522488321493,2666.6522488321493,16.600000000000001
103,116,3.7900507778912873,28.725358156252604,41.848042489325692,2.9463901691044341,0.1783604042304841,57.359840492521279,7.3469925058791414,45.320373938939113,29.127144412069718,206.87285558793019,2.3517979742153989,970.64820202578517,970.64820202578517,2504.333700918181,2673.6662990818254,2673.6662990818254,16.600000000000001
103.25,116,3.7846727757692151,28.755678369902391,41.700418766291364,2.9394381168950634,0.17791334978622766,57.342297387647186,7.3451054211136118,45.494826958266685,28.879142200490421,207.12085779950948,2.2945904314341079,970.70540956856644,970.70540956856644,2497.3410199094487,2680.6589800905576,2680.6589800905576,16.600000000000001
103.5,116,3.7794026270370451,28.786180613282465,41.553160423251498,2.9325317810154652,0.1774714452990967,57.324413533366005,7.3431880136849781,45.669234803383091,28.633325831360441,207.36667416863946,2.2387911793100148,970.76120882069051,970.76120882069051,2490.3696672494161,2687.6303327505902,2687.6303327505902,16.600000000000001
103.75,116,3.7742392829794884,28.81686406749262,41.406266344599118,2.9256705104307388,0.1770346033536391,57.306191535743601,7.3412402520666538,45.843596753806395,28.389676817331747,207.61032318266817,2.1843654556721086,970.81563454432842,970.81563454432842,2483.4196019968804,2694.5803980031255,2694.5803980031255,16.600000000000001
104,116,3.7691817064158006,28.84772791952679,41.259735428540949,2.918853664229065,0.17660273847265343,57.287633971355767,7.3392621090445935,46.017912088357107,28.148176800237216,207.85182319976269,2.1312793494328375,970.86872065056775,970.86872065056775,2476.4907831586984,2701.5092168413075,2701.5092168413075,16.600000000000001
104.25,116,3.7642288715692054,28.878771362228598,41.113566586927199,2.9120806114361284,0.17617576706712793,57.268743387699026,7.337253561608911,46.192180085261754,27.908807550818509,208.09119244918139,2.07949978045992,970.9205002195406,970.9205002195406,2469.5831696869309,2708.4168303130755,2708.4168303130755,16.600000000000001
104.5,116,3.7593797639363005,28.909993594262104,40.967758745085384,2.9053507308125019,0.17575360737546439,57.249522303613709,7.3352145908646955,46.366400022248385,27.671550968495009,208.3284490315049,2.0289944793500561,970.97100552065046,970.97100552065046,2462.6967204762286,2715.3032795237777,2715.3032795237777,16.600000000000001
104.75,116,3.7546333801590341,28.941393820070481,40.822310841654186,2.8986634106703151,0.17533617941302299,57.22997320968723,7.3331451819318003,46.540571176643581,27.436389081076285,208.56361091892362,1.979731968040165,971.02026803196043,971.02026803196043,2455.8313943613152,2722.1686056386911,2722.1686056386911,16.600000000000001
105,116,3.7499887278979918,28.972971249835595,40.677221828419242,2.8920180486918059,0.17492340492193698,57.210098568652747,7.331045323847925,46.714692825466486,27.203304044465032,208.79669595553486,1.9316815407990009,971.06831845920158,971.06831845920158,2448.9871501146185,2729.0128498853878,2729.0128498853878,16.600000000000001
105.25,116,3.7454448257075224,29.004725099432836,40.532490670150011,2.8854140517591191,0.17451520732567069,57.189900815774926,7.3289150094682896,46.888764245522104,26.972278142331604,209.0277218576683,1.8848132457941369,971.11518675420632,971.11518675420632,2442.1639464440291,2735.8360535559773,2735.8360535559773,16.600000000000001
105.5,116,3.7410007029121992,29.036654590386377,40.388116344438565,2.8788508357860945,0.17411151168414624,57.169382359231264,7.3267542353681172,47.062784713491943,26.743293785777688,209.25670621422222,1.8390978670387181,971.16090213296184,971.16090213296184,2435.3617419908005,2742.6382580092059,2742.6382580092059,16.600000000000001
105.75,116,3.7366553994837601,29.068758949833864,40.24409784154107,2.8723278255367255,0.17371224464239776,57.148545580503331,7.3245630017584213,47.236753506018175,26.516333513018967,209.48366648698095,1.7945069063929719,971.20549309360752,971.20549309360752,2428.5804953276547,2749.4195046723512,2749.4195046723512,16.600000000000001
106,116,3.7324079659204519,29.101037410479901,40.100434164219749,2.8658444544656145,0.17331733438897653,57.127392834745137,7.3223413123906784,47.41066989978998,26.29137998901896,209.70862001098095,1.7510125663467875,971.24898743365372,971.24898743365372,2421.8201649569496,2756.1798350430568,2756.1798350430568,16.600000000000001
106.25,116,3.7282574631274756,29.133489210551986,39.957124327586584,2.8594001645569529,0.17292671061334303,57.105926451150324,7.3200891744664984,47.584533171626425,26.068416005119374,209.93158399488053,1.7085877330927361,971.29141226690774,971.29141226690774,2415.0807093089975,2762.9192906910089,2762.9192906910089,16.600000000000001
106.5,116,3.7242029622993948,29.166113593750445,39.814167358948261,2.8529944061751964,0.17254030446892432,57.084148733306122,7.3178065985430996,47.758342598558535,25.847424478635737,210.15257552136416,1.6672059602520402,971.33279403974848,971.33279403974848,2408.3620867405352,2769.6379132594707,2769.6379132594707,16.600000000000001
106.75,116,3.720243544802984,29.198909809206445,39.671562297653352,2.8466266379066192,0.17215804853063207,57.062061959553397,7.3154935984490272,47.932097457907091,25.628388452474461,210.37161154752542,1.6268414525660038,971.3731585474344,971.3731585474344,2401.6642555332796,2776.3357444667263,2776.3357444667263,16.600000000000001
107,116,3.7163783020616337,29.231877111437548,39.529308194941031,2.8402963264071666,0.17177987675515724,57.039668383338579,7.3131501911992993,48.105797027358904,25.411291094730011,210.5887089052699,1.5874690500533237,971.41253094994715,971.41253094994715,2394.9871738926045,2783.0128261074015,2783.0128261074015,16.600000000000001
107.25,116,3.7126063354413525,29.265014760300243,39.387404113790843,2.8340029462576029,0.17140572444457589,57.016970233556307,7.3107763969092359,48.27944058504157,25.19611569825981,210.80388430174008,1.5490642126602885,971.45093578734009,971.45093578734009,2388.3307999463532,2789.6692000536532,2789.6692000536532,16.600000000000001
107.5,116,3.7089267561380499,29.298322020942472,39.245849128774232,2.8277459798213225,0.17103552821082882,56.993969714887406,7.3083722387101071,48.453027409596231,24.98284568024911,211.0171543197508,1.5116030052544098,971.48839699474615,971.48839699474615,2381.6950917437598,2796.3049082562466,2796.3049082562466,16.600000000000001
107.75,116,3.7053386850665562,29.33179816375165,39.104642325907093,2.8215249171113181,0.17066922594469483,56.97066900812586,7.3059377426620182,48.626556780249132,24.771464581748155,211.22853541825174,1.4750620831899937,971.52493791681059,971.52493791681059,2375.0800072545212,2802.9199927454852,2802.9199927454852,16.600000000000001
108,116,3.7018412527497961,29.36544246431265,38.963782802504753,2.8153392556453345,0.17030675677743637,56.947070270514857,7.3034729376786416,48.8000279768791,24.561956067240576,211.43804393275934,1.4394186776598936,971.56058132234057,971.56058132234057,2368.4855043678804,2809.514495632126,2809.514495632126,16.600000000000001
108.25,116,3.6984335992099657,29.399254203358751,38.823269667037827,2.8091885003138239,0.1699480610490208,56.923175636068521,7.3009778554465079,48.973440280084432,24.354303924174044,211.64569607582587,1.4046505817463164,971.59534941825416,971.59534941825416,2361.9115408918769,2816.088459108129,2816.088459108129,16.600000000000001
108.5,116,3.6951148738608475,29.433232666723182,38.683102038989588,2.8030721632495128,0.16959308027661391,56.898987215889925,7.2984525303465935,49.146792971247898,24.148492062484806,211.85150793751509,1.3707361367492918,971.62926386325125,971.62926386325125,2355.3580745526856,2822.6419254473208,2822.6419254473208,16.600000000000001
108.75,116,3.6918842354015844,29.467377145288783,38.543279048714723,2.7969897637032157,0.16924175712550285,56.874507098480997,7.295896999375608,49.32008533260008,23.94450451410469,212.05549548589522,1.3376542189493259,971.66234578105116,971.66234578105116,2348.8250629940776,2829.1749370059288,2829.1749370059288,16.600000000000001
109,116,3.6887408517116476,29.50168693493745,38.403799837299488,2.7909408279223005,0.16889403538088851,56.849737350047789,7.2933113020687559,49.493316647280906,23.742325432459445,212.25767456754045,1.3053842266773119,971.69461577332311,971.69461577332311,2342.3124637769765,2835.6875362230303,2835.6875362230303,16.600000000000001
109.25,116,3.685683899746294,29.53616133650543,38.26466355642367,2.7849248890209908,0.16854985991565008,56.824680014811712,7.2906954804297532,49.666486199398342,23.541939091984862,212.45806090801506,1.2739060673138498,971.72609393268658,971.72609393268658,2335.820234379024,2842.1797656209828,2842.1797656209828,16.600000000000001
109.5,116,3.6827125654339059,29.570799655732635,38.125869368223633,2.7789414868639679,0.16820917666379204,56.799337115305775,7.2880495788565112,49.83959327408644,23.343329887608611,212.65667011239128,1.2432001449534693,971.75679985504701,971.75679985504701,2329.3483321943086,2848.6516678056983,2848.6516678056983,16.600000000000001
109.75,116,3.6798260435743022,29.605601203213517,37.98741644515674,2.7729901679495153,0.16787193259336644,56.773710652669379,7.2853736440698169,50.012637157561294,23.146482334231305,212.85351766576863,1.2132473482572579,971.7867526517432,971.7867526517432,2322.896714533163,2855.1032854668438,2855.1032854668438,16.600000000000001
110,116,3.6770235377386022,29.640565294344917,37.849303969867194,2.767070485299,0.16753807568271306,56.747802606934847,7.2826677250409704,50.185617137175385,22.951381066184876,213.04861893381502,1.1840290388188033,971.81597096118162,971.81597096118162,2316.4653386221139,2861.5346613778929,2861.5346613778929,16.600000000000001
110.25,116,3.6743042601696456,29.675691249278213,37.711531135053271,2.7611819983430217,0.16720755489375444,56.721614937315444,7.2799318729244034,50.358532501470222,22.758010836705736,213.24198916329416,1.1555270394711836,971.84447296052929,971.84447296052929,2310.0541616038063,2867.9458383962005,2867.9458383962005,16.600000000000001
110.5,116,3.6716674316836015,29.710978392870977,37.574097143335962,2.7553242728105061,0.16688032014643522,56.695149582488561,7.2771661409912856,50.531382540227369,22.566356517398553,213.43364348260135,1.1277236229019965,971.8722763770985,971.8722763770985,2303.6631405370094,2874.3368594629974,2874.3368594629974,16.600000000000001
110.75,116,3.6691122815729393,29.746426054636725,37.43700120712888,2.7494968806225364,0.16655632229548023,56.668408460872399,7.2743705845629201,50.704166544517896,22.376403097683674,213.62359690231625,1.1006015006791554,971.89939849932136,971.89939849932136,2297.2922323967491,2880.7077676032573,2880.7077676032573,16.600000000000001
111,116,3.6666380475104656,29.782033568695031,37.300242548509438,2.7436993997882122,0.16623551310757551,56.641393470898798,7.2715452609457527,50.876883806750335,22.188135684239686,213.81186431576023,1.0741438125142599,971.92585618748615,971.92585618748615,2290.9413940745035,2887.0586059255033,2887.0586059255033,16.600000000000001
111.25,116,3.6642439754548097,29.817800273719119,37.163820399091421,2.7379314143073046,0.16591784524144085,56.614106491277397,7.2686902293655029,51.049533620717035,22.001539500426162,213.99846049957378,1.0483341159941031,971.95166588400639,971.95166588400639,2284.6105823785406,2893.3894176214662,2893.3894176214662,16.600000000000001
111.5,116,3.6619293195560836,29.853725512889735,37.027733999898771,2.7321925140637306,0.1656032722231128,56.586549381267425,7.2658055509079764,51.222115281639098,21.816599885733925,214.18340011426602,1.023156376035294,971.97684362396501,971.97684362396501,2278.2997540341421,2899.7002459658647,2899.7002459658647,16.600000000000001
111.75,116,3.6596933420632047,29.889808633844915,36.891982601240827,2.7264822947285929,0.16529174842546043,56.558723980937906,7.2628912884576113,51.394628086209714,21.633302295207542,214.36669770479239,0.99859495492911421,972.00140504507135,972.00140504507135,2272.0088656840162,2905.9911343159906,2905.9911343159906,16.600000000000001
112,116,3.6575353132321982,29.92604898863032,36.756565462588561,2.7208003576644866,0.16498322904794144,56.530632111425135,7.2599475066376673,51.567071332636317,21.45163229886478,214.54836770113516,0.97463460258759127,972.02536539741277,972.02536539741277,2265.7378738887496,2912.2621261112572,2912.2621261112572,16.600000000000001
112.25,116,3.6554545112354941,29.962445933649875,36.62148185245232,2.7151463098312307,0.16467767009668377,56.5022755751868,7.2569742717519281,51.739444320681137,21.271575581112568,214.72842441888736,0.95126044699554435,972.04873955300491,972.04873955300491,2259.4867351273201,2918.5132648726867,2918.5132648726867,16.600000000000001
112.5,116,3.6534502220725842,29.998998829614596,36.486731048260729,2.7095197636970627,0.16437502836690321,56.473656156248936,7.2539716517263519,51.911746351700117,21.09311794014554,214.90688205985441,0.92845798510093647,972.07154201489936,972.07154201489936,2253.2554057977432,2924.7445942022637,2924.7445942022637,16.600000000000001
112.75,116,3.6515217394813027,30.035707041493769,36.352312336240736,2.7039203371476743,0.16407526142384793,56.444775620453484,7.2509397160534288,52.083976728680923,20.916245287354407,215.08375471264551,0.90621307368257065,972.09378692631776,972.09378692631776,2247.0438422176808,2930.956157782326,2930.956157782326,16.600000000000001
113,116,3.6496683648499837,30.072569938466973,36.218225011298955,2.6983476533957709,0.16377832758362204,56.415635715703729,7.2478785357382316,52.256134756279792,20.740943646734777,215.25905635326515,0.88451192035426707,972.11548807964618,972.11548807964618,2240.8520006250678,2937.147999374939,2937.147999374939,16.600000000000001
113.25,116,3.6478894071309793,30.109586893873999,36.084468376904148,2.6928013408963998,0.16348418589651595,56.386238172202191,7.2447881832441743,52.428219740856676,20.567199154277656,215.43280084572228,0.86334107501775303,972.13665892498261,972.13665892498261,2234.6798371788827,2943.3201628211241,2943.3201628211241,16.600000000000001
113.5,116,3.6461841827550385,30.146757285165631,35.951041744970972,2.6872810332628161,0.16319279613023085,56.356584702686362,7.2416687324403819,52.600230990509338,20.394998057360464,215.60500194263949,0.84268742144699416,972.15731257855339,972.15731257855339,2228.5273079599433,2949.4726920400635,2949.4726920400635,16.600000000000001
113.75,116,3.6445520155465414,30.184080493855493,35.817944435744892,2.6817863691823591,0.16290411875281291,56.326677002662883,7.2385202585511532,52.772167815106009,20.22432671413836,215.77567328586159,0.82253816901608834,972.17746183098427,972.17746183098427,2222.3943689717244,2955.605631028282,2955.605631028282,16.600000000000001
114,116,3.6429922366393996,30.221555905474531,35.685175777688478,2.6763169923294305,0.16261811491395597,56.296516750642773,7.2353428381090712,52.944029526316406,20.055171592942862,215.94482840705709,0.80288084446426211,972.19711915553603,972.19711915553603,2216.2809761412,2961.7190238588068,2961.7190238588068,16.600000000000001
114.25,116,3.6415041843948162,30.259182909517872,35.552735107368285,2.6708725512942975,0.16233474643335483,56.266105608359744,7.2321365489014697,53.115815437642951,19.887519271642972,216.11248072835699,0.78370328436268166,972.21629671563767,972.21629671563767,2210.1870853198297,2967.8129146801771,2967.8129146801771,16.600000000000001
114.5,116,3.6400872043192947,30.296960899397696,35.420621769343299,2.665452699502771,0.16205397578455497,56.235445220995771,7.2289014699238843,53.287524864449828,19.721356437028781,216.27864356297115,0.76499362739076016,972.23500637260963,972.23500637260963,2204.1126522845129,2973.8873477154939,2973.8873477154939,16.600000000000001
114.75,116,3.6387406489837044,30.334889272395159,35.288835116054429,2.6600570951395084,0.16177576608021926,56.204537217401494,7.2256376813334384,53.459157123991019,19.556669884187013,216.44333011581293,0.74674030687430382,972.25325969312598,972.25325969312598,2198.0576327385952,2979.9423672614116,2979.9423672614116,16.600000000000001
115,116,3.6374638779432842,30.372967429612281,35.157374507715069,2.6546854010732752,0.16150008105800634,56.17338321031324,7.2223452644030974,53.63071153543742,19.393446515872768,216.60655348412718,0.72893204351995089,972.27106795648035,972.27106795648035,2192.021982312916,2985.9780176870909,2985.9780176870909,16.600000000000001
115.25,116,3.6362562576581925,30.411194775926802,35.026239312202968,2.6493372847815135,0.16122688506447116,56.141984796569105,7.2190243014792372,53.802187419902808,19.231673341893309,216.76832665810664,0.71155783812294116,972.28844216187736,972.28844216187736,2186.0056565668197,2991.9943434331872,2991.9943434331872,16.600000000000001
115.5,116,3.6351171614154993,30.449570719942955,34.895428904952894,2.6440124182798113,0.16095614304304695,56.110343557318778,7.2156748759367693,53.973584100468806,19.071337478467019,216.92866252153291,0.69460696476326345,972.3053930352371,972.3053930352371,2180.0086109893173,2997.9913890106895,2997.9913890106895,16.600000000000001
115.75,116,3.6340459692519764,30.48809467394306,34.764942668850473,2.6387104780523218,0.16068782052185596,56.078461058230872,7.2122970721358186,54.144900902208768,18.912426147583655,217.08757385241631,0.67806896412357198,972.32193103587667,972.32193103587667,2174.0308010002636,3003.9691989997432,3003.9691989997432,16.600000000000001
116,116,3.6330420678775299,30.526766053841133,34.634779994127129,2.6334311449822323,0.16042188360038609,56.046338849698806,7.2088909753808341,54.316137152210715,18.754926676371703,217.24507332362822,0.66193363684362716,972.3380663631566,972.3380663631566,2168.0721819515184,3009.9278180484885,3009.9278180484885,16.600000000000001
116.25,116,3.6321048505996036,30.565584279135852,34.504940278256115,2.6281741042843141,0.16015829893724656,56.013978467043074,7.2054566718800031,54.487292179599358,18.598826496459623,217.40117350354035,0.64619103709758063,972.35380896290269,972.35380896290269,2162.1327091281582,3015.8672908718486,3015.8672908718486,16.600000000000001
116.5,116,3.6312337172483127,30.604548772864693,34.375422925849513,2.6229390454372377,0.15989703373748673,55.981381430712361,7.201994248706491,54.658365315557013,18.444113143339791,217.55588685666015,0.63083146626187225,972.36916853373839,972.36916853373839,2156.2123377497014,3021.7876622503049,3021.7876622503049,16.600000000000001
116.75,116,3.6304280741022996,30.643658961559289,34.246227348556502,2.6177256621155096,0.15963805573941084,55.948549246483573,7.1985037937615424,54.829355893343561,18.290774255735716,217.70922574426424,0.61584546666523399,972.38415453333505,972.38415453333505,2150.3110229713348,3027.6889770286721,3027.6889770286721,16.600000000000001
117,116,3.6296873338160025,30.6829142751963,34.117352964962173,2.6125336521307276,0.15938133320573142,55.915483405651329,7.1949853957342249,55.000263248315918,18.138797574945514,217.86120242505444,0.60122381583057294,972.39877618416972,972.39877618416972,2144.4287198852658,3033.5712801147406,3033.5712801147406,16.600000000000001
117.25,116,3.629010915347239,30.722314147152574,33.988799200487776,2.607362717367149,0.15912683491158242,55.88218538522154,7.1914391440657983,55.17108671794626,17.988170944203613,218.01182905579634,0.58695752056886907,972.41304247943128,972.41304247943128,2138.5653835220155,3039.4346164779913,3039.4346164779913,16.600000000000001
117.5,116,3.6283982438857247,30.761858014159593,33.860565487291744,2.6022125637201854,0.15887453013368688,55.848656648100892,7.1878651289141029,55.341825641839492,17.83888230803667,218.16111769196328,0.57303781128833042,972.42696218871197,972.42696218871197,2132.7209688517532,3045.2790311482536,3045.2790311482536,16.600000000000001
117.75,116,3.6278487507823995,30.801545316258146,33.732651264171842,2.5970829010360723,0.1586243886398355,55.814898643283634,7.1842634411188362,55.512479361749882,17.690919711618463,218.30908028838149,0.55945613644613457,972.44054386355413,972.44054386355413,2126.8954307856548,3051.1045692143521,3051.1045692143521,16.600000000000001
118,116,3.6273618734794546,30.841375496754399,33.605055976468307,2.5919734430501973,0.15837638067769866,55.780912806038344,7.1806341721692286,55.683047221596325,17.54427130012677,218.45572869987319,0.54620415708653836,972.45379584291368,972.45379584291368,2121.0887241772862,3056.9112758227207,3056.9112758227207,16.600000000000001
118.25,116,3.6269370554412994,30.881348002174192,33.477779075967838,2.5868839073309711,0.15813047696560645,55.746700558088023,7.1769774141699259,55.853528567477738,17.398925318094861,218.60107468190512,0.53327374160157603,972.46672625839869,972.46672625839869,2115.3008038239964,3062.69919617601,3062.69919617601,16.600000000000001
118.5,116,3.6265737460862417,30.92146228221846,33.350820020808527,2.5818140152229634,0.15788664868290186,55.712263307789527,7.1732932598088324,56.023922747687365,17.254870108764578,218.74512989123539,0.52065696058545718,972.47934303941486,972.47934303941486,2109.5316244683358,3068.468375531671,3068.468375531671,16.600000000000001
118.75,116,3.626271400718899,30.961717789719273,33.224178275385853,2.5767634917902886,0.15764486746024209,55.67760245031139,7.1695818023262792,56.194229112726049,17.112094113439902,218.88790588656005,0.50834608179985741,972.49165391820043,972.49165391820043,2103.7811407994886,3074.2188592005182,3074.2188592005182,16.600000000000001
119,116,3.6260294804633864,31.002113980595936,33.097853310259595,2.5717320657614962,0.15740510537033653,55.642719367808937,7.1658431354847432,56.364447015314994,16.97058587083988,219.02941412916007,0.49633356527338579,972.50366643472682,972.50366643472682,2098.0493074547221,3079.9506925452847,3079.9506925452847,16.600000000000001
119.25,116,3.6258474521972537,31.042650313811119,32.971844602061552,2.5667194694770963,0.15716733491911689,55.607615429595505,7.1620773535387601,56.534575810408079,16.830334016452273,219.16966598354767,0.48461205851672862,972.51538794148348,972.51538794148348,2092.3360790208294,3085.6639209791774,3085.6639209791774,16.600000000000001
119.5,116,3.6257247884861625,31.083326251327264,32.846151633404226,2.5617254388381778,0.15693152903715291,55.572291992311328,7.1582845512056039,56.704614855203609,16.691327281887443,219.30867271811252,0.47317439185575899,972.52682560814446,972.52682560814446,2086.6414100355846,3091.3585899644222,3091.3585899644222,16.600000000000001
119.75,116,3.6256609675192806,31.124141258063972,32.720773892790568,2.5567497132513464,0.15669766107074146,55.536750400094753,7.1544648236385378,56.874563509154157,16.553554494229893,219.44644550577007,0.46201357389571135,972.53798642610457,972.53798642610457,2080.9652549892694,3097.0347450107374,3097.0347450107374,16.600000000000001
120,116,3.6256554730454118,31.165094801854949,32.5957108745244,2.5517920355794206,0.15646570477379007,55.50099198474652,7.1506182663989897,57.044421133976982,16.417004575392674,219.58299542460728,0.45112278708256914,972.54887721291766,972.54887721291766,2075.3075683261536,3102.6924316738532,3102.6924316738532,16.600000000000001
120.25,116,3.6257077943098355,31.20618635340541,32.470962078621852,2.5468521520917915,0.15623563429976753,55.465018065893283,7.1467449754299786,57.214187093663426,16.281666541471484,219.71833345852846,0.44049538337928423,972.55950461662098,972.55950461662098,2069.6683044459969,3108.3316955540099,3108.3316955540099,16.600000000000001
120.5,116,3.6258174259918436,31.247415386249894,32.346527010723655,2.5419298124152725,0.15600742419378158,55.428829951149297,7.1428450470304146,57.383860754487685,16.147529502099538,219.85247049790044,0.43012488004467547,972.56987511995555,972.56987511995555,2064.0474177055653,3113.9525822944415,3113.9525822944415,16.600000000000001
120.75,116,3.6259838681428964,31.288781376711327,32.222405182008323,2.5370247694815959,0.15578104938405871,55.392428936280218,7.1389185778316051,57.553441485014304,16.014582659805143,219.98541734019483,0.42000495547105254,972.57999504452926,972.57999504452926,2058.4448624201677,3119.5551375798386,3119.5551375798386,16.600000000000001
121,116,3.6262066261256272,31.33028380385834,32.09859610910614,2.5321367794845844,0.15555648517527712,55.355816305356264,7.1349656647714035,57.722928656106433,15.88281530936581,220.11718469063416,0.41012944521891509,972.58987055478133,972.58987055478133,2052.8605928651723,3125.1394071348345,3125.1394071348345,16.600000000000001
121.25,116,3.6264852105534411,31.371922149464027,31.975099314013956,2.5272656018332604,0.15533370724116469,55.318993330908192,7.1309864050707725,57.892321640932749,15.752216837165621,220.24778316283434,0.40049233809835788,972.59950766190184,972.59950766190184,2047.2945632775454,3130.7054367224614,3130.7054367224614,16.600000000000001
121.5,116,3.6268191372307776,31.413695897965077,31.851914324010941,2.5224109991054608,0.15511269161722213,55.281961274081553,7.1269808962111254,58.06161981497381,15.622776720553672,220.37722327944627,0.39108777234448883,972.60891222765576,972.60891222765576,2041.7467278573961,3136.2532721426105,3136.2532721426105,16.600000000000001
121.75,116,3.627207927094052,31.455604536421017,31.729040671575078,2.5175727370028769,0.15489341469374404,55.244721384788399,7.1229492359121274,58.230822556027881,15.49448452720328,220.50551547279667,0.38191003189480571,972.61808996810544,972.61808996810544,2036.217040769526,3141.7829592304806,3141.7829592304806,16.600000000000001
122,116,3.6276511061532468,31.497647554473708,31.606477894300507,2.5127505843081752,0.1546758532090437,55.207274901855918,7.1188915221098208,58.399929244216644,15.367329914473249,220.63267008552671,0.37295354274810266,972.62704645725216,972.62704645725216,2030.7054561449629,3147.2945438550437,3147.2945438550437,16.600000000000001
122.25,116,3.6281482054341572,31.539824444307175,31.484225534815653,2.5079443128420142,0.15445998424282431,55.169623053173915,7.1148078529356269,58.568939261990067,15.241302628769784,220.75869737123017,0.3642128694213036,972.63578713057893,972.63578713057893,2025.2119280825123,3152.7880719174946,3152.7880719174946,16.600000000000001
122.5,116,3.6286987609212917,31.582134700607838,31.36228314070225,2.5031536974190054,0.15424578520966967,55.131767055842282,7.1106983266964132,58.737851994130487,15.116392504908381,220.88360749509158,0.35568271151029396,972.64431728849002,972.64431728849002,2019.7364106503348,3158.2635893496722,3158.2635893496722,16.600000000000001
122.75,116,3.6293023135013942,31.624577820524895,31.240650264415038,2.4983785158068321,0.15403323385275478,55.093708116314211,7.1065630418545833,58.906666827756688,14.992589465478884,221.00741053452106,0.34735790031639469,972.65264209968382,972.65264209968382,2014.2788578874931,3163.7211421125139,3163.7211421125139,16.600000000000001
123,116,3.6299584089075951,31.667153303631036,31.119326463202345,2.493618548685367,0.15382230823769572,55.055447430538401,7.1024020970089365,59.075383152327362,14.869883520211456,221.13011647978848,0.33923339556365056,972.66076660443662,972.66076660443662,2008.8392238055117,3169.1607761944952,3169.1607761944952,16.600000000000001
123.25,116,3.6306665976641841,31.709860651883517,30.998311299027378,2.4888735796065111,0.1536129867464997,55.01698618409938,7.0982155908761673,59.244000359644161,14.748264765344381,221.2517352346556,0.33130428219271479,972.6686957178074,972.6686957178074,2003.4174623899316,3174.5825376100752,3174.5825376100752,16.600000000000001
123.5,116,3.6314264350319596,31.752699369585795,30.877604338490325,2.4841433949547245,0.15340524807140729,54.97832555235621,7.0940036222730942,59.412517843854346,14.627723382994761,221.37227661700521,0.32356576720758767,972.67643423279264,972.67643423279264,1998.0135276018582,3179.9864723981482,3179.9864723981482,16.600000000000001
123.75,116,3.6322374809542652,31.795668963348799,30.757205152751197,2.4794277839083962,0.15319907120949289,54.939466700579139,7.0897662900990213,59.580935001452858,14.508249640527907,221.49175035947206,0.31601317666614614,972.68398682333407,972.68398682333407,1992.6273733795304,3185.3726266204767,3185.3726266204767,16.600000000000001
124,116,3.6330993000035714,31.83876894205293,30.637113317453434,2.4747265384018489,0.15299443545699007,54.900410784084755,7.085503693318933,59.749251231284148,14.389833889930578,221.61016611006937,0.30864195270278172,972.6913580472974,972.6913580472974,1987.2589536398727,3190.7410463601336,3190.7410463601336,16.600000000000001
124.25,116,3.6340114613286589,31.881998816810309,30.517328412648244,2.4700394530880492,0.15279132040379079,54.861158948369294,7.0812159309471996,59.917465934543536,14.272466567185834,221.72753343281414,0.30144765062964973,972.69855234937052,972.69855234937052,1981.9082222800484,3196.0917777199584,3196.0917777199584,16.600000000000001
124.5,116,3.6349735386023894,31.925358100927312,30.397850022719705,2.4653663253020079,0.15258970592810323,54.821712329240285,7.0769031020317712,60.085578514778241,14.156138191649701,221.84386180835028,0.29442593611349333,972.70557406388673,972.70557406388673,1976.5751331790073,3201.4248668209998,3201.4248668209998,16.600000000000001
124.75,116,3.6359851099700289,31.968846309867523,30.278677736310591,2.4607069550221197,0.15238957219112642,54.782072052949296,7.0725653056392366,60.253588377887731,14.040839365431012,221.95916063456897,0.28757258240517936,972.71242741759511,972.71242741759511,1971.2596401990336,3206.7403598009737,3206.7403598009737,16.600000000000001
125,116,3.6370457579981732,32.012462961214815,30.159811146248888,2.4560611448352767,0.15219089963197455,54.742239236319854,7.0682026408399778,60.421494932124141,13.92656077277192,222.07343922722808,0.28088346765920569,972.7191165323411,972.7191165323411,1965.9616971872899,3212.0383028127171,3212.0383028127171,16.600000000000001
125.25,116,3.6381550696242608,32.056207574636687,30.041249849475069,2.451428699903615,0.15199366896276237,54.702214986872768,7.0638152066937092,60.58929758809218,13.813293179430037,222.18670682056995,0.27435457232750521,972.72564542767282,972.72564542767282,1960.6812579773555,3217.3187420226518,3217.3187420226518,16.600000000000001
125.5,116,3.6393126361066059,32.100079671848029,29.922993446970047,2.4468094279288697,0.15179786116368757,54.662000402952913,7.0594031022358612,60.756995758748737,13.701027432064084,222.29897256793592,0.26798197659931505,972.73201802340088,972.73201802340088,1955.4182763907622,3222.5817236092448,3222.5817236092448,16.600000000000001
125.75,116,3.6405180529749961,32.144078776575128,29.805041543683849,2.4422031391183081,0.15160345747826864,54.621596573853395,7.0549664264643024,60.924588859401979,13.589754457621275,222.4102455423787,0.26176185791220707,972.73823814208811,972.73823814208811,1950.1727062385248,3227.8272937614825,3227.8272937614825,16.600000000000001
126,116,3.6417709199818438,32.188204414520008,29.687393748464959,2.4376096461523069,0.15141043940867246,54.581004579937265,7.0505052783263915,61.092076307710514,13.479465262727217,222.52053473727275,0.25569048852062259,972.74430951147963,972.74430951147963,1944.9445013226573,3233.05549867735,3233.05549867735,16.600000000000001
126.25,116,3.6430708410538672,32.232456113325,29.570049673990319,2.4330287641552832,0.15121878871109964,54.54022549275485,7.0460197567061194,61.259457523682443,13.37015093307877,222.62984906692122,0.24976423311270235,972.7502357668875,972.7502357668875,1939.7336154376655,3238.2663845623415,3238.2663845623415,16.600000000000001
126.5,116,3.6444174242443208,32.276833402537648,29.45300893669609,2.4284603106587421,0.15102848739142288,54.499260375167957,7.0415099604127667,61.426731929673124,13.261802632837457,222.73819736716251,0.24397954652483647,972.75602045347534,972.75602045347534,1934.5400023720922,3243.4599976279146,3243.4599976279146,16.600000000000001
126.75,116,3.6458102816857445,32.321335813575864,29.336271156709053,2.4239041055713955,0.15083951770081269,54.458110281466276,7.0369759881691625,61.593898950383412,13.154411604026693,222.84558839597329,0.2383329714849004,972.76166702851526,972.76166702851526,1929.3636159100079,3248.636384089999,3248.636384089999,16.600000000000001
127,116,3.6472490295432438,32.365962879693434,29.219835957778642,2.4193599711486709,0.15065186213148349,54.416776257483271,7.0324179386004921,61.76095801285755,13.047969165931246,222.95203083406875,0.23282113641759272,972.76717886358267,972.76717886358267,1924.2044098325052,3253.7955901675018,3253.7955901675018,16.600000000000001
127.25,116,3.6487332879682799,32.410714135945717,29.10370296720966,2.4148277319624825,0.1504655034125362,54.375259340711089,7.0278359102235655,61.927908546480772,12.942466714499192,223.05753328550082,0.22744075330567715,972.77255924669453,972.77255924669453,1919.062337919187,3258.9376620808198,3258.9376620808198,16.600000000000001
127.5,116,3.6502626810529342,32.455589119155995,28.987871815795668,2.4103072148678253,0.15028042450570464,54.333560560417638,7.0232300014370246,62.094749982976246,12.837895721747561,223.16210427825246,0.22218861558371628,972.77781138441651,972.77781138441651,1913.9373539496505,3264.0626460503568,3264.0626460503568,16.600000000000001
127.75,116,3.6518368367847382,32.500587367881657,28.872342137752977,2.4057982489754659,0.15009660860147506,54.291680937756759,7.0186003105111121,62.261481756402311,12.734247735168914,223.26575226483109,0.21706159611630205,972.78293840388392,972.78293840388392,1908.8294117049568,3269.1705882950505,3269.1705882950505,16.600000000000001
128,116,3.653455387001995,32.54570842238077,28.75711357065531,2.4013006656241989,0.14991403911524481,54.249621485877888,7.0139469355779616,62.428103303149506,12.631514377140761,223.36848562285923,0.21205664522213435,972.78794335477812,972.78794335477812,1903.7384649690928,3274.2615350309147,3274.2615350309147,16.600000000000001
128.25,116,3.6551179673495664,32.590951824579065,28.642185755369063,2.3968142983512024,0.14973269968344538,54.207383210036824,7.0092699746226099,62.594614061936966,12.529687344338472,223.47031265566153,0.20717078873453071,972.7928292112656,972.7928292112656,1898.664467530426,3279.3355324695808,3279.3355324695808,16.600000000000001
128.5,116,3.6568242172351599,32.636317118037176,28.527558335989248,2.3923389828638628,0.14955257415979836,54.164967107704108,7.0045695254742437,62.761013473808852,12.428758407150557,223.57124159284945,0.20240112611657385,972.79759887388354,972.79759887388354,1893.6073731831534,3284.3926268168534,3284.3926268168534,16.600000000000001
128.75,116,3.6585737797861015,32.681803847918061,28.413230959775976,2.387874557012482,0.14937364661171715,54.122374168671747,6.9998456857975473,62.927300982130632,12.328719409097008,223.671280590903,0.1977448286183042,972.80225517138194,972.80225517138194,1888.5671357287288,3289.432864271278,3289.432864271278,16.600000000000001
129,116,3.6603663018065786,32.7274115609546,28.299203277091578,2.3834208607638847,0.1491959013168562,54.079605375158188,6.9950985530841718,63.093476032585421,12.229562266250767,223.77043773374922,0.19319913747451181,972.80680086252573,972.80680086252573,1883.5437089772734,3294.4562910227337,3294.4562910227337,16.600000000000001
129.25,116,3.6622014337353668,32.773139805417941,28.185474941338413,2.3789777361732662,0.14901932275942553,54.036661701914106,6.9903282246456602,63.259538073169232,12.131278966660496,223.86872103333951,0.18876136217416511,972.81123863782602,972.81123863782602,1878.5370467490181,3299.4629532509889,3299.4629532509889,16.600000000000001
129.5,116,3.6640788296040152,32.818988131085682,28.07204560889717,2.3745450273583608,0.14884389562685843,53.993544116325182,6.9855347976057178,63.425486554186804,12.033861569777507,223.96613843022249,0.18442887875089201,972.81557112124926,972.81557112124926,1873.5471028756983,3304.4528971243089,3304.4528971243089,16.600000000000001
129.75,116,3.6659981469954954,32.864956089210494,27.958914939065853,2.3701225804735615,0.14866960480649202,53.950253578514065,6.9807183688930214,63.591320928247114,11.937302205885258,224.06269779411474,0.18019912812206776,972.8198008718781,972.8198008718781,1868.5738312019485,3309.4261687980584,3309.4261687980584,16.600000000000001
130,116,3.6679590470033063,32.911043232488964,27.846082593999284,2.3657102436845112,0.14849643538229002,53.906791041441032,6.9758790352343913,63.757040650258595,11.841593075531762,224.15840692446824,0.1760696144693312,972.82393038553107,972.82393038553107,1863.617185586686,3314.3828144133204,3314.3828144133204,16.600000000000001
130.25,116,3.6699611941910004,32.957249115031409,27.733548238649231,2.3613078671446548,0.14832437263111636,53.863157451001925,6.9710168931489243,63.922645177424251,11.74672644896569,224.25327355103434,0.17203790364316571,972.82796209635717,972.82796209635717,1858.6771199044833,3319.3228800955235,3319.3228800955235,16.600000000000001
130.5,116,3.6720042565522082,33.003573292330799,27.621311540705111,2.3569153029694871,0.1481534020199963,53.819353746127625,6.9661320389412555,64.088133969236623,11.652694665574094,224.34730533442593,0.16810162163715844,972.83189837836323,972.83189837836323,1853.7535880469313,3324.2464119530755,3324.2464119530755,16.600000000000001
130.75,116,3.6740879054710844,33.0500153212325,27.509372170535258,2.3525324052123442,0.14798350920306111,53.775380858881114,6.9612245686955925,64.253506487472734,11.559490133323623,224.44050986667639,0.1642584530888975,972.83574154691132,972.83574154691132,1848.8465439239903,3329.153456076016,3329.153456076016,16.600000000000001
131,116,3.67621181568318,33.096574759904463,27.397729801128758,2.3481590298411308,0.1478146800183848,53.731239714552949,6.9562945782702519,64.418762196188638,11.467105328205013,224.53289467179499,0.16050613981345635,972.83949386018685,972.83949386018685,1843.9559414653302,3334.0440585346769,3334.0440585346769,16.600000000000001
131.25,116,3.6783756652367496,33.143251167807527,27.286384108037851,2.3437950347151664,0.14764690048497933,53.686931231755686,6.9513421632923436,64.583900561714074,11.375532793680419,224.62446720631959,0.15684247937729073,972.84315752062298,972.84315752062298,1839.0817346216579,3338.9182653783491,3338.9182653783491,16.600000000000001
131.5,116,3.680579135454487,33.190044105665706,27.175334769320877,2.3394402795603106,0.1474801568001326,53.642456322519465,6.9463674191523515,64.748921052646949,11.284765140134256,224.71523485986575,0.15326532370130883,972.84673467629898,972.84673467629898,1834.223877366032,3343.7761226339753,3343.7761226339753,16.600000000000001
131.75,116,3.6828219108956763,33.236953135436792,27.064581465485738,2.3350946259443583,0.14731443533681729,53.597815892386464,6.9413704409989521,64.91382313984775,11.194795044327126,224.80520495567288,0.14977257769877131,972.85022742230149,972.85022742230149,1829.3823236951571,3348.6176763048497,3348.6176763048497,16.600000000000001
132,116,3.6851036793187748,33.283977820284022,26.954123879434043,2.3307579372589018,0.14714972264033416,53.553010840498068,6.9363513237352024,65.078606296433534,11.105615248851478,224.89438475114852,0.14636219796723032,972.85363780203306,972.85363780203306,1824.5570276306939,3353.4429723693129,3353.4429723693129,16.600000000000001
132.25,116,3.6874241316443954,33.331117724547219,26.843961696405643,2.3264300786952892,0.14698600542585419,53.508042059687348,6.9313101620138484,65.243269997772103,11.017218561591719,224.9827814384083,0.14303219149385149,972.85696780850651,972.85696780850651,1819.7479432205309,3358.2520567794763,3358.2520567794763,16.600000000000001
132.5,116,3.6897829619187017,33.37837241371431,26.734094603923772,2.3221109172226151,0.14682327057578809,53.462910436568684,6.9262470502331732,65.40781372147606,10.929597855187041,225.07040214481296,0.1397806143990207,972.86021938560134,972.86021938560134,1814.9550245400535,3363.0449754599535,3363.0449754599535,16.600000000000001
132.75,116,3.6921798672772028,33.425741454393318,26.624522291740721,2.3178003215664957,0.1466615051371559,53.417616851625944,6.9211620825331286,65.572236947396632,10.842746066497442,225.15725393350257,0.1366055707105675,972.86339442928977,972.86339442928977,1810.1782256934005,3367.8217743066061,3367.8217743066061,16.600000000000001
133,116,3.694614547908933,33.473224414284999,26.515244451784,2.3134981621923645,0.14650069631849888,53.372162179295316,6.9160553527920801,65.736539157617813,10.75665619607331,225.24334380392671,0.13350521115739786,972.86649478884294,972.86649478884294,1805.4175008146967,3372.5824991853101,3372.5824991853101,16.600000000000001
133.25,116,3.6970867070210569,33.52082086215475,26.406260778103078,2.3092043112804332,0.146340831487903,53.326547288055963,6.9109269546229646,65.900719836449738,10.671321307627235,225.32867869237276,0.13047773201709623,972.86952226798314,972.86952226798314,1800.6728040692947,3377.3271959307117,3377.3271959307117,16.600000000000001
133.5,116,3.6995960508038492,33.568530367805373,26.29757096681659,2.3049186427058435,0.14618189817047905,53.280773040514568,6.9057769813701118,66.064778470422496,10.586734527509508,225.41326547249051,0.12752137397965482,972.87247862602067,972.87247862602067,1795.9440896549902,3382.0559103450169,3382.0559103450169,16.600000000000001
133.75,116,3.7021422883960549,33.616352502050105,26.18917471606008,2.3006410320194846,0.14602388404585279,53.234840293488617,6.9006055261063013,66.22871454827974,10.502889044186794,225.49711095581321,0.12463442103914434,972.87536557896124,972.87536557896124,1791.2313118032264,3386.7686881967802,3386.7686881967802,16.600000000000001
134,116,3.7047251318506382,33.664286836685854,26.081071725934255,2.2963713564285366,0.14586677694577693,53.188749898089299,6.8954126816299803,66.392527560972226,10.419778107723955,225.58022189227606,0.12181519941519181,972.87818480058502,972.87818480058502,1786.5344247802873,3391.4655752197195,3391.4655752197195,16.600000000000001
134.25,116,3.7073442961008851,33.712332944466716,25.973261698453722,2.2921094947753007,0.14571056485181283,53.142502699805391,6.8901985404627757,66.556217001651078,10.337395029269505,225.66260497073051,0.11906207649392217,972.88093792350628,972.88093792350628,1781.8533828884797,3396.1466171115271,3396.1466171115271,16.600000000000001
134.5,116,3.709999498926901,33.760490399077696,25.865744337496253,2.2878553275177409,0.14555523589303435,53.096099538584731,6.8849631948471455,66.719782365661189,10.255733180543965,225.74426681945607,0.11637345980083037,972.88362654019954,972.88362654019954,1777.1881404672995,3400.8118595327073,3400.8118595327073,16.600000000000001
134.75,116,3.7126904609224867,33.808758775108792,25.758519348752515,2.2836087367132252,0.14540077834373297,53.049541248911865,6.8797067367440654,66.883223150534675,10.174785993330696,225.82521400666931,0.11374779601057058,972.88625220398967,972.88625220398967,1772.538651894587,3405.4613481054203,3405.4613481054203,16.600000000000001
135,116,3.7154169054623574,33.857137648029237,25.651586439676311,2.2793696059987334,0.14524718062121211,53.002828659888564,6.8744292578311148,67.046538855984139,10.094546958970868,225.90545304102915,0.11118356996757656,972.88881643003265,972.88881643003265,1767.9048715876677,3410.0951284123394,3410.0951284123394,16.600000000000001
135.25,116,3.71817855866973,33.905626594162072,25.544945319435318,2.275137820572549,0.14509443128360272,52.955962595312151,6.8691308495006833,67.209728983895772,10.015009627861351,225.98499037213867,0.10867930373596607,972.8913206962643,972.8913206962643,1763.286754004484,3414.7132459955233,3414.7132459955233,16.600000000000001
135.5,116,3.720975149384266,33.954225190658839,25.438595698862244,2.2709132671762036,0.14494251902780847,52.908943873752982,6.8638116028581644,67.372793038322669,9.9361676089559108,226.06383239104412,0.10623355567189288,972.89376644432843,972.89376644432843,1758.6842536447084,3419.3157463552989,3419.3157463552989,16.600000000000001
135.75,116,3.7238064091303813,34.002933015474035,25.332537290406478,2.2666958340766987,0.1447914326879344,52.861773308631051,6.8584716087193378,67.53573052547857,9.8580145692700327,226.14198543072999,0.10384491951150615,972.89615508048882,972.89615508048882,1754.0973250508225,3423.9026749491845,3423.9026749491845,16.600000000000001
136,116,3.7266720720858788,34.051749647341005,25.226769808086292,2.2624854110489201,0.14464116123269738,52.8144517082916,6.8531109576102516,67.698540953730316,9.7805442333879924,226.21945576661201,0.10151202350069481,972.89848797649961,972.89848797649961,1749.5259228092341,3428.4740771907727,3428.4740771907727,16.600000000000001
136.25,116,3.7295718750509388,34.100674665747306,25.121292967441448,2.2582818893583116,0.14449169376360016,52.766979876079944,6.8477297397656756,67.861223833591097,9.7037503829737854,226.29624961702623,0.099233529534405313,972.9007664704659,972.9007664704659,1744.9700015513463,3433.0299984486605,3433.0299984486605,16.600000000000001
136.5,116,3.7325055574174564,34.149707650910329,25.016106485486276,2.25408516174378,0.14434301951308615,52.719358610415448,6.8423280451278323,68.023778677713651,9.6276268562852714,226.37237314371478,0.097008132318956553,972.90299186768129,972.90299186768129,1740.4295159546168,3437.5704840453905,3437.5704840453905,16.600000000000001
136.75,116,3.7354728611387098,34.19884818375327,24.91121008066321,2.2498951224008237,0.14419512784269259,52.671588704864611,6.8369059633453722,68.186205000883376,9.5521675476914467,226.44783245230857,0.094834558556436646,972.90516544144373,972.90516544144373,1735.9044207436077,3442.0955792563991,3442.0955792563991,16.600000000000001
137,116,3.7384735306993231,34.248095845882276,24.806603472796816,2.2457116669671753,0.14404800824032846,52.623670948211,6.8314635837739601,68.348502320010795,9.4773664071933474,226.52263359280667,0.092711566142223797,972.90728843385796,972.90728843385796,1731.3946706910365,3446.6053293089703,3446.6053293089703,16.600000000000001
137.25,116,3.741507313085608,34.297450219562755,24.702286383048282,2.241534692506046,0.14390165031865804,52.575606124527035,6.826000995475284,68.510670154124767,9.4032174399477384,226.59678256005228,0.090637943391461806,972.90936205660876,972.90936205660876,1726.9002206187956,3451.0997793812112,3451.0997793812112,16.600000000000001
137.5,116,3.7445739577562454,34.346910887695486,24.598258533870254,2.2373640974887734,0.14375604381386189,52.527395013245737,6.8205182872156236,68.672708024365818,9.3297147057938954,226.67028529420611,0.088612508288045011,972.91138749171216,972.91138749171216,1722.4210253989552,3455.5789746010514,3455.5789746010514,16.600000000000001
137.75,116,3.7476732166132454,34.396477433794097,24.494519648962228,2.2331997817802174,0.14361117858342312,52.479038389229125,6.8150155474661949,68.834615453978898,9.2568523187840075,226.74314768121602,0.086634107744578637,972.91336589225557,972.91336589225557,1717.9570399547683,3460.042960045238,3460.042960045238,16.600000000000001
138,116,3.7508048439732438,34.446149441962426,24.391069453226358,2.2290416466235614,0.14346704460428436,52.430537022836582,6.8094928644030732,68.996391968306213,9.1846244467166436,226.81537555328339,0.084701616883960232,972.91529838311635,972.91529838311635,1713.508219261658,3464.4917807383486,3464.4917807383486,16.600000000000001
138.25,116,3.7539685965391159,34.495926496871796,24.287907672723662,2.2248895946242149,0.14332363197134074,52.381891679993629,6.8039503259067491,69.158037094780482,9.1130253106736046,226.88697468932639,0.082813938337171517,972.91718606166307,972.91718606166307,1709.0745183481854,3468.925481651821,3468.925481651821,16.600000000000001
138.5,116,3.7571642333719253,34.545808183737627,24.185034034630604,2.2207435297309939,0.14318093089675504,52.333103122262791,6.7983880195605204,69.319550362918406,9.0420491845603337,226.95795081543969,0.080970001553806376,972.91902999844638,972.91902999844638,1704.6558922969884,3473.3441077030184,3473.3441077030184,16.600000000000001
138.75,116,3.7603915158631218,34.595794088298994,24.082448267196344,2.2166033572264334,0.14303893170689613,52.284172106904649,6.7928060326529014,69.480931304312847,8.9716903946484656,227.02830960535152,0.079168762144993507,972.92083123785528,972.92083123785528,1700.2522962457576,3477.7477037542494,3477.7477037542494,16.600000000000001
139,116,3.7636502077070935,34.645883796796312,23.9801500997002,2.212468983710417,0.14289762484116642,52.235099386945102,6.7872044521771482,69.642179452626053,8.901943319122406,227.09805668087759,0.077409201231559741,972.92259079876862,972.92259079876862,1695.8636853881603,3482.136314611846,3482.136314611846,16.600000000000001
139.25,116,3.7669400748740061,34.696076895949695,23.878139262409604,2.2083403170852254,0.14275700085052948,52.185885711240644,6.7815833648314072,69.803294343582678,8.8328023876289823,227.16719761237101,0.075690324810794102,972.92430967518942,972.92430967518942,1691.4900149747614,3486.5099850252459,3486.5099850252459,16.600000000000001
139.5,116,3.7702608855829425,34.746372972937536,23.77641548653849,2.2042172665410673,0.14261705039599676,52.136531824542558,6.7759428570190998,69.964275514962893,8.7642620808302567,227.23573791916976,0.074011163139535638,972.92598883686071,972.92598883686071,1687.1312403139277,3490.8687596860796,3490.8687596860796,16.600000000000001
139.75,116,3.7736124102753141,34.796771615376258,23.674978504206067,2.2000997425454782,0.14247776424640113,52.087038467556653,6.7702830148503512,70.125122506595147,8.6963169299597638,227.30368307004025,0.072370770126556905,972.92762922987379,972.92762922987379,1682.7873167727291,3495.2126832272779,3495.2126832272779,16.600000000000001
140,116,3.7769944215885958,34.84727241129891,23.573828048396091,2.1959876568273509,0.14233913327733108,52.037406377007919,6.7646039241420572,70.28583486034934,8.6289615163815991,227.37103848361841,0.070768222749656134,972.92923177725061,972.92923177725061,1678.4581997778189,3499.5418002221882,3499.5418002221882,16.600000000000001
140.25,116,3.780406694330352,34.897874949134348,23.472963852916422,2.191880922362111,0.14220114846990353,51.987636285703388,6.7589056704182831,70.446412120129992,8.5621904711527304,227.43780952884728,0.069202620485980401,972.93079737951427,972.93079737951427,1674.1438448163003,3503.8561551837065,3503.8561551837065,16.600000000000001
140.5,116,3.7838490054525287,34.9485788176871,23.372385652359071,2.187779453359441,0.1420638009090901,51.937728922591944,6.7531883389113601,70.606853831869188,8.4959984745886281,227.50400152541138,0.067673084752851762,972.93232691524747,972.93232691524747,1669.8442074365851,3508.1557925634224,3508.1557925634224,16.600000000000001
140.75,116,3.7873211340260351,34.999383606117206,23.272093182060658,2.1836831652502138,0.14192708178227323,51.88768501282437,6.7474520145628185,70.767159543519753,8.4303802558320022,227.56961974416799,0.066178758364467238,972.93382124163577,972.93382124163577,1665.5592432492381,3512.4407567507687,3512.4407567507687,16.600000000000001
141,116,3.7908228612155934,35.050288903920425,23.17208617806326,2.1795919746729151,0.1417909823777819,51.837505277813385,6.741696782024551,70.927328805048205,8.3653305924248578,227.63466940757516,0.064718805000077234,972.93528119500013,972.93528119500013,1661.2889079278134,3516.7110920721939,3516.7110920721939,16.600000000000001
141.25,116,3.7943539702548619,35.10129430090867,23.072364377075608,2.1755057994595202,0.14165549408340297,51.787190435293645,6.7359227256602541,71.087361168427663,8.3008443098838516,227.69915569011619,0.063292408683201989,972.93670759131703,972.93670759131703,1657.0331572096777,3520.9668427903293,3520.9668427903293,16.600000000000001
141.5,116,3.7979142464218669,35.152399387190471,22.97292751643479,2.1714245586250955,0.14152060838510441,51.736741199377562,6.7301299295461856,71.247256187631365,8.2369162812780239,227.76308371872202,0.061898773284936953,972.93810122671528,972.93810122671528,1652.7919468968121,3525.2080531031952,3525.2080531031952,16.600000000000001
141.75,116,3.8015034770146707,35.203603753151882,22.873775334068263,2.1673481723545067,0.1413863168656008,51.686158280613448,6.7243184774726918,71.407013418625596,8.1735414268103259,227.82645857318971,0.060537122030390862,972.93946287796985,972.93946287796985,1648.5652328566111,3529.4347671433961,3529.4347671433961,16.600000000000001
142,116,3.8051214513273166,35.254906989437558,22.774907568456271,2.1632765619900569,0.14125261120297156,51.635442386042207,6.7184884529456692,71.566632419362932,8.1107147134021211,227.8892852865979,0.059206697019879788,972.94079330298041,972.94079330298041,1644.3529710226685,3533.6470289773388,3533.6470289773388,16.600000000000001
142.25,116,3.8087679606260405,35.306308686932056,22.676323958594676,2.1592096500192821,0.14111948316935433,51.584594219253376,6.7126399391879996,71.726112749775425,8.0484311542807827,227.95156884571921,0.057906758762119828,972.94209324123824,972.94209324123824,1640.1551173955484,3537.8448826044591,3537.8448826044591,16.600000000000001
142.5,116,3.8124427981257756,35.357808436740129,22.578024243958055,2.1551473600619402,0.14098692463069537,51.533614480441564,6.7067730191389652,71.885453971768897,7.9866858085706696,228.01331419142932,0.056636585714206773,972.94336341428607,972.94336341428607,1635.9716280435125,3542.028371956495,3542.028371956495,16.600000000000001
142.75,116,3.8161457589668601,35.409405830169355,22.480008164463374,2.1510896168588549,0.14085492754469114,51.482503866460341,6.7008877754574181,72.044655649215429,7.9254737808867182,228.0745262191133,0.055395473841998763,972.94460452615829,972.94460452615829,1631.8024591032945,3546.1975408967132,3546.1975408967132,16.600000000000001
143,116,3.8198766401920192,35.461100458712117,22.382275460433931,2.1470363462601902,0.14072348395952133,51.431263070876255,6.694984290523462,72.20371734794675,7.8647902209313179,228.1352097790687,0.054182736188050189,972.94581726381227,972.94581726381227,1627.6475667808331,3550.3524332191741,3550.3524332191741,16.600000000000001
143.25,116,3.8236352407236187,35.512891914027385,22.284825872563697,2.1429874752135323,0.14059258601294841,51.379892784022616,6.6890626464395098,72.362638635747814,7.8046303230943206,228.19536967690567,0.052997702448910312,972.94700229755142,972.94700229755142,1623.5069073519899,3554.4930926480179,3554.4930926480179,16.600000000000001
143.5,116,3.8274213613411616,35.56477978792298,22.187659141882005,2.1389429317522883,0.14046222593125543,51.328393693052419,6.683122925031773,72.521419082350377,7.744989326056066,228.25501067394393,0.051839718564113776,972.94816028143623,972.94816028143623,1619.3804371632543,3558.6195628367536,3558.6195628367536,16.600000000000001
143.75,116,3.8312348046589912,35.616763672338948,22.090775009718683,2.1349026449858717,0.14033239602735334,51.276766481988943,6.6771652078533181,72.680058259425948,7.6858625123935802,228.31413748760642,0.050708146313163664,972.9492918536871,972.9492918536871,1615.2681126324617,3562.7318873675458,3562.7318873675458,16.600000000000001
144,116,3.8350753751042443,35.668843159331225,21.994173217669559,2.1308665450901079,0.14020308869887871,51.225011831775646,6.6711895761872313,72.838555740578684,7.6272452081897901,228.37275479181019,0.049602362922554287,972.95039763707769,972.95039763707769,1611.1698902494948,3566.8301097505127,3566.8301097505127,16.600000000000001
144.25,116,3.8389428788951507,35.721017841052777,21.897853507562189,2.1268345632930439,0.14007429642877922,51.173130420330345,6.665196111045435,72.996911101340316,7.5691327826454389,228.43086721735455,0.048521760689545723,972.95147823931063,972.95147823931063,1607.0857265769248,3570.9142734230827,3570.9142734230827,16.600000000000001
144.5,116,3.8428371240194621,35.773287309737775,21.801815621422094,2.1228066318657781,0.13994601178339053,51.121122922593692,6.659184893172057,73.155123919163103,7.5115206476943364,228.48847935230563,0.047465746608584956,972.95253425339172,972.95253425339172,1603.0155782506936,3574.9844217493137,3574.9844217493137,16.600000000000001
144.75,116,3.8467579202131508,35.825651157685172,21.706059301439318,2.1187826841121264,0.1398182274112176,51.068990010578432,6.6531560030456269,73.313193773413388,7.4544042576215279,228.54559574237845,0.046433742009097098,972.95356625799116,972.95356625799116,1598.9594019807689,3579.040598019239,3579.040598019239,16.600000000000001
145,116,3.8507050789393453,35.878108977242391,21.610584289935343,2.1147626543580214,0.13969093604189156,51.016732353418448,6.64710952088104,73.471120245365341,7.3977791086844595,228.60222089131557,0.045425182202043467,972.95457481779817,972.95457481779817,1594.9171545517856,3583.0828454482212,3583.0828454482212,16.600000000000001
145.25,116,3.854678413367548,35.930660360787591,21.515390329330245,2.110746477937171,0.13956413048661978,50.964350617421182,6.6410455266289956,73.628902918195891,7.3416407387373983,228.6583592612626,0.044439516131603372,972.95556048386868,972.95556048386868,1590.8887928236463,3587.1112071763605,3587.1112071763605,16.600000000000001
145.5,116,3.8586777383529802,35.98330490071546,21.420477162110444,2.106734091184868,0.13943780363559188,50.911845466111203,6.6349640999808157,73.786541376977183,7.2859847268582465,228.71401527314177,0.043476206043343534,972.95652379395688,972.95652379395688,1586.8742737321732,3591.1257262678346,3591.1257262678346,16.600000000000001
145.75,116,3.8627028704162152,36.036042189421444,21.325844530796655,2.1027254314274071,0.13931194845712647,50.859217560277912,6.6288653203703012,73.944035208670698,7.2308066929786063,228.76919330702142,0.042534727156477437,972.95746527284382,972.95746527284382,1582.8735542897125,3595.1264457102948,3595.1264457102948,16.600000000000001
146,116,3.8667536277230337,36.088871819285941,21.231492177912223,2.0987204369713202,0.13918655799694715,50.80646755802286,6.62274926697543,74.101384002121321,7.1761022975167981,228.82389770248321,0.041614567344135073,972.9583854326562,972.9583854326562,1578.8865915857291,3599.1134084142782,3599.1134084142782,16.600000000000001
146.25,116,3.8708298300645003,36.141793382659031,21.137419845951776,2.0947190470932751,0.13906162537727049,50.753596114806022,6.6166160187204497,74.258587348051293,7.1218672410137671,228.87813275898625,0.040715226822271661,972.95928477317796,972.95928477317796,1574.913342787391,3603.0866572126165,3603.0866572126165,16.600000000000001
146.5,116,3.8749312988372369,36.19480647184588,21.043627277350282,2.0907212020321362,0.13893714379541822,50.700603883489435,6.610465654278709,74.415644839054124,7.0680972637719721,228.93190273622804,0.039836217844033711,972.96016378215631,972.96016378215631,1570.9537651401486,3607.0462348598589,3607.0462348598589,16.600000000000001
146.75,116,3.8790578570239314,36.247910679092016,20.950114214452409,2.0867268429797141,0.13881310652280013,50.647491514381649,6.6042982520750027,74.572556069588529,7.014788145497092,228.98521185450292,0.038977064403410124,972.96102293559682,972.96102293559682,1567.0078159683019,3610.9921840317052,3610.9921840317052,16.600000000000001
147,116,3.8832093291740812,36.301105596568043,20.856880399482218,2.0827359120687454,0.13868950690461995,50.594259655284624,6.5981138902869398,74.729320635972968,6.9619357049425137,229.0380642950575,0.038137301949660314,972.96186269805071,972.96186269805071,1563.0754526755475,3614.92454732446,3614.92454732446,16.600000000000001
147.25,116,3.8873855413849259,36.354390816355568,20.763925574513237,2.078748352364828,0.13856633835867385,50.540908951536125,6.5919126468476525,74.885938136379593,6.9095357995568074,229.09046420044322,0.037316477104621167,972.96268352289565,972.96268352289565,1559.1566327455241,3618.8433672544834,3618.8433672544834,16.600000000000001
147.5,116,3.8915863212825901,36.40776593043298,20.671249481438821,2.0747641078572756,0.13844359437446063,50.487440046052804,6.5856945994480958,75.042408170828651,6.8575843251340141,229.14241567486602,0.036514147388507188,972.96348585261171,972.96348585261171,1555.2513137423468,3622.7486862576607,3622.7486862576607,16.600000000000001
147.75,116,3.8958114980034373,36.461230530661595,20.578851861942919,2.070783123449965,0.1383212685122181,50.433853579372894,6.579459825539594,75.198730341182525,6.8060772154668028,229.19392278453321,0.035729880952080524,972.96427011904825,972.96427011904825,1551.3594533111311,3626.6405466888755,3626.6405466888755,16.600000000000001
148,116,3.9000609021755945,36.514784208772468,20.486732457471124,2.0668053449515393,0.13819935440154774,50.380150189698959,6.5732084023373867,75.354904251139558,6.7550104420026358,229.24498955799737,0.034963256312925635,972.96503674368739,972.96503674368739,1547.481009178525,3630.518990821482,3630.518990821482,16.600000000000001
148.25,116,3.904334365900755,36.568426556352243,20.394891009202077,2.0628307190676072,0.13807784574105764,50.326330512938441,6.5669404068218515,75.51092950622909,6.7043800135022611,229.29561998649777,0.034213862104650175,972.96578613789563,972.96578613789563,1543.615939153191,3634.3840608468158,3634.3840608468158,16.600000000000001
148.5,116,3.9086317227361347,36.622157164830064,20.30332725801917,2.058859193391815,0.13795673629732164,50.272395182744773,6.5606559157413722,75.666805713805658,6.6541819757013059,229.34581802429872,0.033481296828205297,972.96651870317203,972.96651870317203,1539.7642011263076,3638.2357988736994,3638.2357988736994,16.600000000000001
148.75,116,3.9129528076766285,36.675975625464559,20.212040944482634,2.0548907163971704,0.13783601990390071,50.218344830557854,6.5543550056151041,75.822532483043446,6.6044124109746054,229.39558758902544,0.032765168609873239,972.96723483139044,972.96723483139044,1535.9257530720554,3642.0742469279517,3642.0742469279517,16.600000000000001
149,116,3.9172974571371681,36.729881529331074,20.121031808801895,2.0509252374275588,0.13771569046041074,50.164180085643885,6.548037752735687,75.978109424930679,6.5550674380032845,229.44493256199672,0.032065094965634547,972.96793490503467,972.96793490503467,1532.1005530480932,3645.8994469519139,3645.8994469519139,16.600000000000001
149.25,116,3.9216655089353338,36.783874467307626,20.030299590808216,2.0469627066880665,0.13759574193290899,50.109901575136163,6.5417042331693454,76.133536152265421,6.5061432114446589,229.49385678855535,0.03138070256922576,972.96861929743102,972.96861929743102,1528.2885591959887,3649.7114408040184,3649.7114408040184,16.600000000000001
149.5,116,3.9260568022740872,36.837954030062697,19.939844029927727,2.043003075236915,0.13747616835275922,50.055509924073633,6.535354522759091,76.288812279649989,6.4576359216047603,229.54236407839525,0.0307116270286041,972.96928837297162,972.96928837297162,1524.4897297416821,3653.5102702583245,3653.5102702583245,16.600000000000001
149.75,116,3.9304711777246828,36.892119808043901,19.849664865154832,2.0390462949779673,0.13735696381503079,50.001005755438506,6.5289886971289013,76.443937423484883,6.4095417941135127,229.59045820588651,0.030057512668886455,972.96994248733131,972.96994248733131,1520.7040229959528,3657.2959770040543,3657.2959770040543,16.600000000000001
150,116,3.9349084772098255,36.946371391465171,19.759761835025849,2.0350923186518877,0.13723812247834907,49.946389690194856,6.5226068316850228,76.598911201964142,6.3618570896027276,229.63814291039728,0.029418012318367659,972.97058198768184,972.97058198768184,1516.9313973548349,3661.0686026451722,3661.0686026451722,16.600000000000001
150.25,116,3.9393685439869968,37.000708370294639,19.670134677592962,2.0311410998278587,0.13711963856428067,49.891662347326317,6.5162090016182539,76.753733235070456,6.3145781033867214,229.68542189661332,0.02879278710077228,972.97120721289946,972.97120721289946,1513.1718113000422,3664.8281886999644,3664.8281886999644,16.600000000000001
150.5,116,3.9438512226319404,37.055130334243401,19.580783130398547,2.027192592896208,0.13700150635621294,49.836824343872323,6.5097952819072091,76.908403144569604,6.2677011651456462,229.73229883485439,0.028181506232097954,972.97181849376818,972.97181849376818,1509.4252233993907,3668.5747766006161,3668.5747766006161,16.600000000000001
150.75,116,3.9483563590222737,37.109636872755885,19.49170693044988,2.0232467530632077,0.13688372019691047,49.781876294961812,6.5033657473241071,77.062920554004194,6.2212226386115423,229.77877736138848,0.027583846820969933,972.97241615317932,972.97241615317932,1505.6915923072438,3672.308407692763,3672.308407692763,16.600000000000001
151,116,3.9528838003214637,37.164227574995898,19.402905814193925,2.0193035363396525,0.13676627449015158,49.726818813852923,6.4969204724328984,77.217285088690559,6.175138921256754,229.82486107874328,0.026999493678739491,972.97300050632145,972.97300050632145,1501.9708767648569,3676.0291232351497,3676.0291232351497,16.600000000000001
151.25,116,3.9574333949628389,37.218902029836443,19.314379517492611,2.0153628995344275,0.13664916369922764,49.67165251196716,6.4904595315933387,77.371496375713349,6.129446443985163,229.87055355601487,0.026428139130737428,972.97357186086958,972.97357186086958,1498.2630356007824,3679.7369643992242,3679.7369643992242,16.600000000000001
151.5,116,3.9620049926338048,37.273659825849023,19.226127775598393,2.0114248002473136,0.13653238234601134,49.616377998923944,6.4839829989640032,77.525554043920451,6.0841416708259874,229.91585832917406,0.025869482832931764,972.97413051716728,972.97413051716728,1494.5680277312547,3683.4319722687519,3683.4319722687519,16.600000000000001
151.75,116,3.9665984442602404,37.328500551293097,19.138150323130109,2.0074891968616786,0.13641592501015748,49.560995882574922,6.4774909485050989,77.679457723918148,6.0392210986301453,229.96077890136988,0.025323231593278258,972.97467676840699,972.97467676840699,1490.8858121605633,3687.1141878394433,3687.1141878394433,16.600000000000001
152,116,3.9712136019911237,37.383423794104012,19.050446894049013,2.0035560485341377,0.1362997863297824,49.505506769041034,6.4709834539785795,77.833207048067564,5.9946812567693284,230.00531874323067,0.024789099195630406,972.97521090080465,972.97521090080465,1487.2163479813844,3690.7836520186224,3690.7836520186224,16.600000000000001
152.25,116,3.9758503191832428,37.438429141883709,18.963017221635347,1.9996253151890317,0.1361839609999165,49.449911262744187,6.4644605889523747,77.986801650479251,5.9505187068374239,230.04948129316259,0.024266806230905092,972.97573319376943,972.97573319376943,1483.5595943751537,3694.4404056248536,3694.4404056248536,16.600000000000001
152.5,116,3.9805084503860968,37.493516181891103,18.875861038465089,1.9956969575121617,0.13606844377135166,49.394209966439384,6.4579224268038935,78.140241167008227,5.9067300423544919,230.09326995764553,0.023756079932007918,972.97624392006833,972.97624392006833,1479.9155106124222,3698.0844893875851,3698.0844893875851,16.600000000000001
152.75,116,3.9851878513269963,37.548684501031708,18.788978076387007,1.991770936942612,0.13595322945043473,49.338403481248335,6.4513690407218469,78.293525235249874,5.8633118884733522,230.13668811152667,0.02325665401171088,972.97674334598855,972.97674334598855,1476.2840560531818,3701.7159439468251,3701.7159439468251,16.600000000000001
153,116,3.9898883788963166,37.603933685847863,18.7023680665,1.9878472156654772,0.1358383128984767,49.282492406691958,6.4448005037087821,78.446653494535425,5.8202609016886315,230.17973909831139,0.022768268505113213,972.97723173149507,972.97723173149507,1472.6651901471939,3705.3348098528127,3705.3348098528127,16.600000000000001
153.25,116,3.9946098911329093,37.659263322509275,18.616030739130785,1.983925756605446,0.13572368903101154,49.226477340721445,6.4382168885838169,78.599625585927612,5.7775737695483249,230.2224262304517,0.022290669615367409,972.97770933038498,972.97770933038498,1469.0588724343079,3708.9411275656994,3708.9411275656994,16.600000000000001
153.5,116,3.9993522472096741,37.714672996804005,18.529965823811835,1.9800065234212698,0.13560935281689865,49.170358879748242,6.4316182679855896,78.752441152216278,5.7352472103678309,230.26475278963221,0.02182360956255042,972.97817639043774,972.97817639043774,1465.4650625447744,3712.5349374552334,3712.5349374552334,16.600000000000001
153.75,116,4.0041153074193163,37.77016229412871,18.444173049259625,1.976089480496418,0.1354952992782755,49.114137618677375,6.4250047143741043,78.905099837914321,5.6932779729463565,230.30672202705367,0.021366846439572682,972.97863315356085,972.97863315356085,1461.8837201995427,3716.1162798004648,3716.1162798004648,16.600000000000001
154,116,4.0088989331602471,37.82573079947985,18.358652143353162,1.9721745929331955,0.13538152348980428,49.057814150936991,6.4183763000334872,79.057601289253469,5.6516628362858174,230.34833716371421,0.020920144068874921,972.97907985593145,972.97907985593145,1458.3148052105571,3719.6851947894502,3719.6851947894502,16.600000000000001
154.25,116,4.0137029869226426,37.881378097444902,18.273402833112826,1.9682618265461262,0.13526802057811141,49.00138906850831,6.4117330970745048,79.209945154180232,5.6103986093121634,230.38960139068786,0.020483271863389104,972.9795167281369,972.9795167281369,1454.7582774810405,3723.2417225189665,3723.2417225189665,16.600000000000001
154.5,116,4.0185273322746582,37.937103772193737,18.188424844679506,1.964351147855353,0.13515478572120415,48.944862961955145,6.4050751774371468,79.362131082351766,5.5694821305990931,230.43051786940092,0.020056004690939686,972.97994399530955,972.97994399530955,1451.2140970057765,3726.7859029942306,3726.7859029942306,16.600000000000001
154.75,116,4.0233718338487465,37.992907407471307,18.10371790329404,1.9604425240799361,0.13504181414701788,48.88823642045309,6.3984026128951612,79.514158725130869,5.5289102680942896,230.47108973190572,0.019638122740499794,972.98036187725995,972.98036187725995,1447.6822238714033,3730.3177761286038,3730.3177761286038,16.600000000000001
155,116,4.0282363573282254,38.048788586588628,18.019281733276891,1.9565359231315755,0.13492910113351769,48.831510031818148,6.3917154750571452,79.66602773558283,5.4886799188478017,230.51132008115221,0.019229411394474566,972.98077058860588,972.98077058860588,1444.1626182566602,3733.8373817433471,3733.8373817433471,16.600000000000001
155.25,116,4.0331207694339479,38.104746892414788,17.935116058008138,1.9526313136082738,0.13481664200814997,48.774684382534936,6.3850138353690733,79.817737768471545,5.4487880087428611,230.55121199125716,0.018829661103078352,972.9811703388973,972.9811703388973,1440.6552404326417,3737.3447595673656,3737.3447595673656,16.600000000000001
155.5,116,4.0380249379111142,38.16078190736949,17.851220599907766,1.9487286647880369,0.13470443214700786,48.717760057784446,6.3782977651174928,79.969288480255372,5.4092314922290825,230.59076850777092,0.018438667261375153,972.98156133273915,972.98156133273915,1437.1600507630542,3740.8399492369531,3740.8399492369531,16.600000000000001
155.75,116,4.0429487315162369,38.216893213415531,17.767595080416211,1.9448279466226925,0.13459246697415284,48.660737641471485,6.3715673354323634,80.120679529083219,5.3700073520579634,230.62999264794206,0.018056230089694481,972.9819437699108,972.9819437699108,1433.6770097044619,3744.3229902955454,3744.3229902955454,16.600000000000001
156,116,4.0478920200043014,38.273080392050474,17.684239219975169,1.9409291297309241,0.13448074196188822,48.603617716252515,6.3648226172879498,80.271910574791676,5.3311125990207087,230.66888740097932,0.017682154516328888,972.98231784548409,972.98231784548409,1430.2060778064979,3747.7939221935094,3747.7939221935094,16.600000000000001
156.25,116,4.0528546741160607,38.329343024298488,17.60115273800864,1.9370321853913339,0.13436925263106739,48.546400863563143,6.3580636815036504,80.422981278902284,5.2925442716883344,230.70745572831171,0.017316250063119924,972.98268374993734,972.98268374993734,1426.7472157120706,3751.2527842879367,3751.2527842879367,16.600000000000001
156.5,116,4.057836565565367,38.385680690705371,17.518335352904465,1.933137085538015,0.13425799454869547,48.48908766364265,6.3512905987504062,80.573891304615898,5.2542994361540005,230.74570056384601,0.016958330735885145,972.98304166926459,972.98304166926459,1423.3003841576315,3754.6996158423758,3754.6996158423758,16.600000000000001
156.75,116,4.0628375670267634,38.442092971330638,17.435786781995951,1.9292438027536587,0.13414696332832851,48.431678695560706,6.3445034395513664,80.72464031681011,5.2163751857776468,230.78362481422238,0.016608214915573762,972.9833917850849,972.9833917850849,1419.865543973365,3758.1344560266421,3758.1344560266421,16.600000000000001
157,116,4.067857552123181,38.498579445740674,17.353506741543779,1.9253523102633947,0.13403615462972662,48.374174537243121,6.3377022742840756,80.875227982036037,5.1787686409328515,230.82123135906718,0.016265725252699675,972.98373427474769,972.98373427474769,1416.4426560833904,3761.5573439166169,3761.5573439166169,16.600000000000001
157.25,116,4.072896395413772,38.555139693002268,17.271494946718281,1.9214625819289561,0.13392556415831045,48.316575765496793,6.3308871731830783,81.025653968514703,5.141476948755936,230.85852305124411,0.01593068856428884,972.9840693114362,972.9840693114362,1413.0316815059593,3764.9683184940473,3764.9683184940473,16.600000000000001
157.5,116,4.0779539723817866,38.611773291678446,17.189751111582016,1.917574592245411,0.13381518766271189,48.258882956031741,6.3240582063462636,81.175917946131975,5.1044972828973272,230.89550271710272,0.015602935732255628,972.98439706426814,972.98439706426814,1409.6325813536978,3768.367418646309,3768.367418646309,16.600000000000001
157.75,116,4.0830301594227736,38.668479819820128,17.10827494907247,1.9136883163327738,0.13370502093629902,48.20109668348811,6.3172154437333816,81.326019586437084,5.0678268432749851,230.93217315672504,0.015282301606612614,972.98471769839375,972.98471769839375,1406.2453168337408,3771.7546831662662,3771.7546831662662,16.600000000000001
158,116,4.0881248338328176,38.725258854960408,17.027066170985083,1.9098037299306125,0.13359505981646572,48.143217521459789,6.3103589551689616,81.475958562639221,5.0314628558300649,230.96853714416994,0.014968624909801638,972.98503137509067,972.98503137509067,1402.8698492479159,3775.1301507520907,3775.1301507520907,16.600000000000001
158.25,116,4.0932378737968902,38.78210997410919,16.94612448795662,1.9059208093929108,0.13348530018378321,48.085246042517319,6.3034888103455078,81.62573454960399,4.995402572284763,231.00459742771525,0.014661748143328074,972.98533825185723,972.98533825185723,1399.5061399929266,3778.49386000708,3778.49386000708,16.600000000000001
158.5,116,4.0983691583773583,38.839032753747723,16.865449609448746,1.9020395316826535,0.13337573796141866,48.027182818230941,6.2966050788261629,81.775347223850204,4.9596432699022852,231.04035673009773,0.01436151749688613,972.98563848250353,972.98563848250353,1396.154150560518,3781.845849439489,3781.845849439489,16.600000000000001
158.75,116,4.1035185675026558,38.896026769822356,16.78504124373185,1.8981598743648069,0.1332663691154454,47.969028419194828,6.2897078300456943,81.924796263547492,4.9241822512489923,231.07581774875104,0.014067782759041492,972.98593221724127,972.98593221724127,1392.8138425376189,3785.1861574623877,3785.1861574623877,16.600000000000001
159,116,4.1086859819560511,38.953091597739132,16.704899097869159,1.8942818156005234,0.13315718965452852,47.910783415049856,6.282797133312652,82.074081348513417,4.8890168439586201,231.11098315604139,0.013780397230598172,972.98621960276978,972.98621960276978,1389.4851776064947,3788.5148223935121,3788.5148223935121,16.600000000000001
159.25,116,4.1138712833645101,39.010226812359953,16.625022877701195,1.890405334143717,0.13304819562837214,47.852448374503538,6.2758730578138646,82.223202160209453,4.8541444004985461,231.14585559950146,0.01349921764107637,972.98650078235926,972.98650078235926,1386.1681175449146,3791.831882455092,3791.831882455092,16.600000000000001
159.5,116,4.1190743541877417,39.067431987997111,16.545412287830398,1.8865304093345932,0.13293938312782291,47.79402386535282,6.2689356726158048,82.3721583817387,4.8195622979382007,231.18043770206182,0.013224104066002494,972.98677589593433,972.98677589593433,1382.8626242262833,3795.1373757737233,3795.1373757737233,16.600000000000001
159.75,116,4.1242950777073428,39.124706698408559,16.466067031606045,1.8826570210941849,0.13283074828446326,47.735510454505544,6.2619850466669265,82.520949697842966,4.7852679377195333,231.21473206228049,0.012954919846650334,972.98704508015373,972.98704508015373,1379.5686596197738,3798.431340380233,3798.431340380233,16.600000000000001
160,116,4.1295333380160875,39.182050516793339,16.386986811109452,1.8787851499191515,0.13272228727020091,47.676908708001299,6.2550212487999488,82.669575794900084,4.7512587454295243,231.24874125457052,0.012691531511614017,972.98730846848878,972.98730846848878,1376.2861857904545,3801.7138142095523,3801.7138142095523,16.600000000000001
160.25,116,4.1347890200073172,39.239463015787358,16.308171327139366,1.8749147768777499,0.13261399629678691,47.618219191030875,6.2480443477340506,82.818036360921312,4.7175321705747333,231.28246782942531,0.012433808699554853,972.98756619130086,972.98756619130086,1373.0151648994079,3804.984835100599,3804.984835100599,16.600000000000001
160.5,116,4.1400620093644713,39.296943767458956,16.229620279197711,1.8710458836030899,0.13250587161556124,47.559442467958007,6.241054412077168,82.966331085548589,4.684085686357859,231.3159143136422,0.012181624085695909,972.98781837591469,972.98781837591469,1369.7555592038495,3808.2444407961571,3808.2444407961571,16.600000000000001
160.75,116,4.1453521925507317,39.354492343304955,16.151333365475544,1.8671784522882899,0.13239790951707334,47.500579102339039,6.234051510328154,83.114459660052049,4.6509167894562875,231.34908321054377,0.011934853308910386,972.9880651466915,972.9880651466915,1366.507331057237,3811.4926689427698,3811.4926689427698,16.600000000000001
161,116,4.1506594567987891,39.41210831424673,16.073310282839252,1.8633124656814972,0.13229010633073499,47.441629656942332,6.2270357108788943,83.262421777327418,4.618022999802653,231.3819770001974,0.011693374900734903,972.98830662509965,972.98830662509965,1363.2704429093724,3814.7295570906344,3814.7295570906344,16.600000000000001
161.25,116,4.1559836901007303,39.4697912506265,15.995550726817052,1.8594479070808299,0.13218245842449675,47.382594693767537,6.2200070820164033,83.41021713189383,4.5854018603673534,231.41459813963269,0.011457070216222866,972.98854292978422,972.98854292978422,1360.044857306498,3817.9551426935086,3817.9551426935086,16.600000000000001
161.5,116,4.1613247811979814,39.527540722204783,15.91805439158574,1.8555847603295188,0.13207496220359036,47.323474774064223,6.2129656919270069,83.557845419890072,4.55305093694309,231.44694906305696,0.011225823365853021,972.98877417663448,972.98877417663448,1356.830536891418,3821.1694631085888,3821.1694631085888,16.600000000000001
161.75,116,4.1666826195714481,39.585356298156867,15.840820969957703,1.8517230098109387,0.13196761411037786,47.264270458350467,6.2059116086980319,83.705306339072621,4.5209678179312789,231.47903218206878,0.010999521149876125,972.98900047885047,972.98900047885047,1353.6274444035787,3824.3725555964279,3824.3725555964279,16.600000000000001
162,116,4.1720570954317653,39.643237547069013,15.763850153368114,1.8478626404436347,0.13186041062453893,47.204982306431141,6.1988449003187176,83.852599588814002,4.4891501141303456,231.51084988586973,0.010778052994528642,972.98922194700583,972.98922194700583,1350.4355426791344,3827.5644573208724,3827.5644573208724,16.600000000000001
162.25,116,4.1774480997096219,39.701184036936041,15.687141631862458,1.8440036376765705,0.1317533482622322,47.145610877415635,6.191765634683426,83.99972487009984,4.4575954585260193,231.54240454147404,0.010561310889129078,972.98943868911124,972.98943868911124,1347.2547946510385,3830.7452053489683,3830.7452053489683,16.600000000000001
162.5,116,4.1828555240462144,39.759195335158637,15.61069509408428,1.8401459874843802,0.13164642357559883,47.086156729735265,6.1846738795940812,84.146681885526547,4.4263015060834858,231.57369849391657,0.01034918932497644,972.98965081067536,972.98965081067536,1344.0851633491202,3833.9148366508866,3833.9148366508866,16.600000000000001
162.75,116,4.1882792607838217,39.817271008540388,15.534510227263178,1.8362896763622842,0.13153963315274261,47.026620421160864,6.1775697027615744,84.293470339299503,4.3952659335414239,231.60473406645866,0.010141585235574678,972.98985841476474,972.98985841476474,1340.9266119001418,3837.073388099865,3837.073388099865,16.600000000000001
163,116,4.1937192029565669,39.875410623283578,15.458586717202925,1.8324346913200829,0.13143297361892328,46.96700250882094,6.1704531718045592,84.440089937232713,4.364486439207905,231.63551356079216,0.009938397937874547,972.99006160206238,972.99006160206238,1337.7791035278192,3840.2208964721876,3840.2208964721876,16.600000000000001
163.25,116,4.1991752442810961,39.933613744989287,15.382924248270138,1.8285810198791057,0.13132644163407453,46.907303549216543,6.1633243542561162,84.586540386744176,4.3339607427581521,231.66603925724192,0.0097395290763246777,972.990260470924,972.990260470924,1334.6426015529373,3843.35739844707,3843.35739844707,16.600000000000001
163.5,116,4.2046472791475162,39.991879938654421,15.307522503382943,1.8247286500669275,0.13122003389318307,46.847524098238047,6.1561833175642731,84.73282139685476,4.3036865850341242,231.69631341496591,0.0095448825672605729,972.99045511743293,972.99045511743293,1331.5170693933815,3846.4829306066254,3846.4829306066254,16.600000000000001
163.75,116,4.2101352026104042,40.05020876866957,15.232381163999966,1.8208775704125186,0.13111374712616852,46.787664711181428,6.1490301290935907,84.878932678186473,4.273661727845929,231.72633827215412,0.0093543645448559871,972.99064563545539,972.99064563545539,1328.4024705641796,3849.5975294358273,3849.5975294358273,16.600000000000001
164,116,4.2156389103799228,40.108599798817089,15.157499910109564,1.8170277699415285,0.13100757809765454,46.727725942763911,6.1418648561269675,85.024873942960525,4.2438839537750308,231.75611604622503,0.0091678833084310307,972.99083211669176,972.99083211669176,1325.2987686775421,3852.7012313224645,3852.7012313224645,16.600000000000001
164.25,116,4.2211582988129663,40.167052592271084,15.082878420219373,1.8131792381734579,0.13090152360511886,46.66770834713747,6.1346875658707702,85.170644904993949,4.2143510659793089,231.78564893402074,0.0089853492704996991,972.99101465072965,972.99101465072965,1322.2059274429355,3855.7940725570711,3855.7940725570711,16.600000000000001
164.5,116,4.2266932649045197,40.225566711595008,15.008516371345992,1.8093319651160646,0.13079558047952214,46.607612477904986,6.1274983254548472,85.316245279698734,4.185060887999815,231.81493911200025,0.0088066749069199684,972.99119332509326,972.99119332509326,1319.1239106670942,3858.8760893329127,3858.8760893329127,16.600000000000001
164.75,116,4.2322437062791085,40.284141718739704,14.934413439004915,1.8054859412603106,0.13068974558550303,46.547438888135481,6.1202972019334165,85.461674784080515,4.1560112635693081,231.84398873643076,0.0086317747081294336,972.99136822529204,972.99136822529204,1316.0526822540328,3861.947317745974,3861.947317745974,16.600000000000001
165,116,4.2378095211823004,40.342777175042883,14.860569297200762,1.8016411575765197,0.1305840158205458,46.487188130377852,6.1130842622880648,85.606933136736401,4.1272000564225717,231.87279994357749,0.0084605651312373714,972.99153943486897,972.99153943486897,1312.9922062050846,3865.0077937949218,3865.0077937949218,16.600000000000001
165.25,116,4.2433906084723239,40.40147264122826,14.786983618417736,1.7977976055100955,0.13047838811458112,46.426860756674849,6.1058595734298278,85.752020057853059,4.0986251501084388,231.90137484989162,0.0082929645534440613,972.99170703544678,972.99170703544678,1309.9424466189216,3868.0575533810852,3868.0575533810852,16.600000000000001
165.5,116,4.2489868676118041,40.460227677404404,14.713656073610288,1.7939552769766467,0.13037285942993992,46.366457318577311,6.0986232022005895,85.896935269205372,4.0702844478035605,231.92971555219648,0.0081288932264079652,972.99187110677371,972.99187110677371,1306.9033676915642,3871.0966323084426,3871.0966323084426,16.600000000000001
165.75,116,4.2545981986596155,40.519041843063484,14.640586332193999,1.7901141643565017,0.13026742676167161,46.305978367158829,6.0913752153737608,86.041678494155391,4.0421758721278804,231.95782412787219,0.0079682732315284957,972.99203172676869,972.99203172676869,1303.8749337163772,3874.1250662836296,3874.1250662836296,16.600000000000001
166,116,4.2602245022627523,40.57791469708198,14.567774062036818,1.7862742604923523,0.13016208713611371,46.245424453026907,6.0841156796583178,86.186249457649637,4.014297364961763,231.98570263503828,0.0078110284372566443,972.99218897156288,972.99218897156288,1300.8571090841021,3877.1428909159049,3877.1428909159049,16.600000000000001
166.25,116,4.2658656796483658,40.636845797719914,14.495218929450429,1.7824355586842193,0.13005683761098924,46.184796126336614,6.0768446616998801,86.330647886218017,3.9866468872648335,232.01335311273522,0.0076570844566447183,972.99234291554353,972.99234291554353,1297.8498582828493,3880.1501417171576,3880.1501417171576,16.600000000000001
166.5,116,4.2715216326158858,40.695834702620708,14.422920599181881,1.778598052685096,0.12995167527513843,46.12409393680327,6.0695622280824857,86.474873507972276,3.9592224188964757,232.04077758110358,0.0075063686061311316,972.99249363139404,972.99249363139404,1294.8531458980967,3883.1468541019099,3883.1468541019099,16.600000000000001
166.75,116,4.2771922635292237,40.754880968811115,14.350878734405457,1.7747617366966939,0.12984659724824221,46.063318433714826,6.0622684453303508,86.618926052604579,3.932021958437975,232.06797804156207,0.007358809865323679,972.9926411901348,972.9926411901348,1291.8669366126821,3886.1330633873249,3886.1330633873249,16.600000000000001
167,116,4.2828774753090952,40.813984152701202,14.279092996714748,1.7709266053659813,0.12974160068071194,46.002470165943116,6.0549633799090214,86.762805251386567,3.9050435230162961,232.09495647698375,0.0072143388373269576,972.99278566116277,972.99278566116277,1288.8911952067845,3889.1088047932226,3889.1088047932226,16.600000000000001
167.25,116,4.28857717142541,40.873143810084734,14.207563046115011,1.7670926537803733,0.12963668275331347,45.941549681956268,6.0476470982274995,86.906510837167687,3.8782851481294922,232.12171485187056,0.0070728877108116065,972.99292711228941,972.99292711228941,1285.9258865579143,3892.0741134420932,3892.0741134420932,16.600000000000001
167.5,116,4.2942912558897648,40.932359496139654,14.136288541015713,1.7632598774635133,0.12953184067692108,45.880557529830241,6.0403196666399115,87.050042544373838,3.8517448874737181,232.14825511252633,0.006934390222694594,972.99306560977755,972.99306560977755,1282.9709756408956,3895.0290243591112,3895.0290243591112,16.600000000000001
167.75,116,4.3000196332480272,40.991630765428553,14.06526913822333,1.7594282723713259,0.12942707169233622,45.819494257259862,6.0329811514469336,87.193400109006376,3.8254208127718368,232.1745791872282,0.0067987816215966633,972.99320121837854,972.99320121837854,1280.0264275278414,3897.9735724721659,3897.9735724721659,16.600000000000001
168,116,4.3057622085730225,41.050957171899363,13.994504492934356,1.7555978348879413,0.12932237307009364,45.758360411569676,6.0256316188972727,87.336583268640823,3.7993110136036061,232.20068898639644,0.0066659986322799005,972.99333400136788,972.99333400136788,1277.092207388122,3900.9077926118853,3900.9077926118853,16.600000000000001
168.25,116,4.3115188874572574,41.110338268886892,13.923994258728584,1.7517685618217935,0.12921774210969506,45.69715653972446,6.0182711351904743,87.47959176242513,3.7734135972374672,232.22658640276259,0.0065359794207522923,972.99346402057938,972.99346402057938,1274.1682804883521,3903.8317195116547,3903.8317195116547,16.600000000000001
168.5,116,4.3172895760057513,41.169773609114408,13.853738087562604,1.7479404504017597,0.12911317613883194,45.635883188339356,6.0108997664797279,87.622425331077864,3.7477266884638727,232.25227331153616,0.0064086635602145538,972.99359133643986,972.99359133643986,1271.2546121923729,3906.745387807634,3906.745387807634,16.600000000000001
168.75,116,4.323074180829038,41.229262744693642,13.783735629763454,1.7441134982729316,0.12900867251425086,45.574540903690234,6.003517578870837,87.765083716888427,3.7222484294301075,232.27775157056993,0.006283991998403818,972.99371600800168,972.99371600800168,1268.351167961179,3909.6488320388285,3909.6488320388285,16.600000000000001
169,116,4.3288726090361624,41.288805227126858,13.713986534022574,1.7402877034928363,0.12890422862092826,45.513130231723316,5.996124638425103,87.907566663715386,3.6969769794766951,232.30302302052334,0.0061619070251616725,972.9938380929749,972.9938380929749,1265.457913352896,3912.5420866471109,3912.5420866471109,16.600000000000001
169.25,116,4.3346847682277829,41.348400607308442,13.644490447389968,1.7364630645275834,0.12879984187170188,45.451651718064596,5.9887210111611324,88.049873916985163,3.6719105149753046,232.32808948502475,0.0060423522409538463,972.9939576477592,972.9939576477592,1262.5748140227392,3915.4251859772685,3915.4251859772685,16.600000000000001
169.5,116,4.3405105664893799,41.408048435526567,13.575247015268578,1.7326395802479277,0.128695509707063,45.39010590802917,5.981306763056268,88.19200522369114,3.6470472291681628,232.35295277083188,0.0059252725261233858,972.99407472747396,972.99407472747396,1259.7018357229638,3918.2981642770437,3918.2981642770437,16.600000000000001
169.75,116,4.3463499123846114,41.467748261463385,13.50625588140878,1.7288172499243357,0.12859122959642255,45.328493346631355,5.9738819600447082,88.33396033239454,3.6223853320089257,232.37761466799111,0.0058106140105686046,972.99418938598956,972.99418938598956,1256.8389443027734,3921.1610556972337,3921.1610556972337,16.600000000000001
170,116,4.3522027149486044,41.527499634198662,13.437516687903319,1.7249960732241922,0.12848699903633304,45.26681457859231,5.9664466680224102,88.475738993221583,3.5979230500050878,232.40207694999495,0.0056983240448152525,972.99430167595528,972.99430167595528,1253.9861057083072,3924.0138942917001,3924.0138942917001,16.600000000000001
170.25,116,4.3580688836814163,41.587302102211751,13.369029075182317,1.7211760502078233,0.12838281555044403,45.205070148348668,5.9590009528481129,88.61734095786278,3.5736586260618131,232.42634137393824,0.0055883511714243488,972.99441164882865,972.99441164882865,1251.1432859825759,3926.8567140174314,3926.8567140174314,16.600000000000001
170.5,116,4.3639483285415848,41.647155213383449,13.300792682008518,1.7173571813244657,0.12827867668957227,45.143260600061033,5.951544880344076,88.758765979572487,3.5495903193272307,232.45040968067281,0.0054806450970737337,972.9945193549031,972.9945193549031,1248.3104512653938,3929.6895487346133,3929.6895487346133,16.600000000000001
170.75,116,4.3698409599397436,41.70705851499838,13.232807145472762,1.7135394674083859,0.12817458003157986,45.081386477622019,5.9440785162972389,88.900013813168158,3.5257164050391641,232.47428359496087,0.0053751566653658525,972.9946248433348,972.9946248433348,1245.4875677933096,3932.5124322066972,3932.5124322066972,16.600000000000001
171,116,4.375746688732284,41.767011553748368,13.16507210098972,1.7097229096759357,0.12807052318036377,45.019448324663159,5.9366019264622745,89.04108421502869,3.5020351743733138,232.49796482562672,0.0052718378300954339,972.99472816217008,972.99472816217008,1242.6746018995602,3935.3253981004464,3935.3253981004464,16.600000000000001
171.25,116,4.3816654262151227,41.827013875735346,13.097587182293793,1.7059075097219849,0.12796650376548327,44.957446684562171,5.9291151765632417,89.18197694309346,3.4785449342928287,232.52145506570722,0.0051706416292997001,972.99482935837079,972.99482935837079,1239.8715200140034,3938.1284799860036,3938.1284799860036,16.600000000000001
171.5,116,4.3875970841176049,41.887065026472975,13.030352021435219,1.7020932695151414,0.12786251944302396,44.895382100451364,5.9216183322925708,89.322691756862824,3.4552440073992763,232.54475599260078,0.0050715221602094587,972.99492847783995,972.99492847783995,1237.0782886630145,3940.9217113369923,3940.9217113369923,16.600000000000001
171.75,116,4.3935415745964193,41.947164550890299,12.963366248776397,1.698280191394665,0.12775856789481221,44.833255115223906,5.9141114593135713,89.463228417396778,3.432130731785016,232.56786926821502,0.0049744345544487766,972.99502556544564,972.99502556544564,1234.2948744694272,3943.7051255305796,3943.7051255305796,16.600000000000001
172,116,4.3994988102295984,42.00731199333493,12.896629492988483,1.694468278066896,0.12765464682814312,44.771066271540541,5.9065946232618165,89.603586687314248,3.4092034608869537,232.59079653911309,0.004879334953948794,972.9951206650461,972.9951206650461,1231.5212441524513,3946.4787558475555,3946.4787558475555,16.600000000000001
172.25,116,4.4054687040106133,42.067506897576273,12.830141381048126,1.690657532601529,0.12755075397560781,44.708816111836086,5.8990678897463189,89.743766330792468,3.3864605633416565,232.61353943665841,0.004786180487399364,972.99521381951274,972.99521381951274,1228.7573645275922,3949.2426354724148,3949.2426354724148,16.600000000000001
172.5,116,4.4114511693425573,42.127748806808363,12.763901538234416,1.6868479584270015,0.12744688709542826,44.646505178326763,5.8915313243496978,89.883767113566833,3.363900422841831,232.63609957715823,0.0046949292470523036,972.99530507075315,972.99530507075315,1226.003202506552,3951.9967974934548,3951.9967974934548,16.600000000000001
172.75,116,4.4174461200323556,42.188037263654188,12.697909588126123,1.6830395593281275,0.12734304397054277,44.584134013014904,5.8839849926307703,90.02358880292968,3.3415214379941323,232.65847856200594,0.0046055402666054296,972.99539445973357,972.99539445973357,1223.2587250971574,3954.7412749028495,3954.7412749028495,16.600000000000001
173,116,4.4234534702850867,42.248371810169239,12.632165152599077,1.6792323394422488,0.12723922240853092,44.521703157695001,5.8764289601254784,90.163231167729791,3.31932202217831,232.68067797782174,0.0045179734992725241,972.99548202650089,972.99548202650089,1220.5238994032659,3957.4761005967412,3957.4761005967412,16.600000000000001
173.25,116,4.4294731346983722,42.308751987845305,12.566667851823766,1.6754263032555554,0.12713542024145519,44.459213153959425,5.8688632923479735,90.302693978371963,3.2973006034076744,232.70269939659238,0.0044321897964172746,972.99556781020374,972.99556781020374,1217.7986926246706,3960.201307375336,3960.201307375336,16.600000000000001
173.5,116,4.435505028256836,42.369177337614452,12.50141730426315,1.6716214555995157,0.12703163532564865,44.396664543203649,5.8612880547917845,90.441977006816401,3.2754556241908714,232.72454437580919,0.0043481508867264252,972.99565184911341,972.99565184911341,1215.083072057005,3962.9169279430016,3962.9169279430016,16.600000000000001
173.75,116,4.4415490663266519,42.429647399852904,12.436413126670665,1.6678178016476983,0.12692786554173593,44.334057866631113,5.8537033129302651,90.581080026578661,3.2537855413949353,232.74621445860512,0.004265819355698904,972.99573418064449,972.99573418064449,1212.3770050916351,3965.6229949083718,3965.6229949083718,16.600000000000001
174,116,4.4476051646501551,42.490161714385287,12.371654934088447,1.6640153469121648,0.12682410879439374,44.271393665258103,5.8461091322178227,90.72000281272922,3.2322888261096465,232.7677111738904,0.0041851586258447957,972.99581484137423,972.99581484137423,1209.6804592155586,3968.3195407844478,3968.3195407844478,16.600000000000001
174.25,116,4.4536732393404987,42.550719820489171,12.307142339845768,1.6602140972397395,0.12672036301203987,44.208672479918654,5.8385055780913477,90.858745141892584,3.2109639635131693,232.78903603648689,0.0041061329374296098,972.9958938670627,972.9958938670627,1206.9934020113076,3971.006597988699,3971.006597988699,16.600000000000001
174.5,116,4.4597532068764236,42.611321256899416,12.242874955557648,1.656414058808702,0.12661662614677818,44.145894851268778,5.8308927159708617,90.997306792247358,3.1898094527389276,232.8101905472611,0.0040287073294859171,972.99597129267056,972.99597129267056,1204.3158011568355,3973.6841988431711,3973.6841988431711,16.600000000000001
174.75,116,4.4658449840970729,42.671965561812755,12.1788523911237,1.6526152381253501,0.12651289617427142,44.083061319790652,5.8232706112603658,91.135687543525805,3.1688238067437462,232.83117619325628,0.0039528476213525317,972.99604715237876,972.99604715237876,1201.6476244254056,3976.352375574601,3976.352375574601,16.600000000000001
175,116,4.4719484881968699,42.732652272892757,12.115074254727155,1.6488176420206453,0.12640917109337077,44.02017242579646,5.8156393293492732,91.273887177013236,3.1480055521772372,232.85199444782282,0.003878520394606027,972.99612147960556,972.99612147960556,1198.9888396854865,3979.0111603145201,3979.0111603145201,16.600000000000001
175.25,116,4.478063636720429,42.793380927275635,12.051540152834129,1.6450212776470314,0.12630544892512721,43.957228709431888,5.8079989356153261,91.411905475546646,3.1273532292524218,232.87264677074765,0.0038056929752976532,972.99619430702478,972.99619430702478,1196.3394149006601,3981.6605850993465,3981.6605850993465,16.600000000000001
175.5,116,4.4841903475576421,42.854151061574044,11.988249690193024,1.6412261524748144,0.12620172771369365,43.894230710679921,5.8003494954228785,91.549742223515821,3.1068653916175357,232.89313460838252,0.0037343334170016206,972.9962656665831,972.9962656665831,1193.6993181294749,3984.3006818705317,3984.3006818705317,16.600000000000001
175.75,116,4.4903285389387504,42.914962211882695,11.925202469834156,1.6374322742889245,0.12609800552575756,43.831178969363975,5.7926910741247468,91.687397206862599,3.086540606229065,232.91345939377098,0.0036644104839755965,972.99633558951609,972.99633558951609,1191.0685175253368,3986.9314824746698,3986.9314824746698,16.600000000000001
176,116,4.4964781294294918,42.97581391378381,11.86239809306959,1.6336396511856377,0.12599428045023281,43.768074025150931,5.7850237370634074,91.824870213080359,3.0663774532259813,232.93362254677407,0.0035958936347799185,972.99640410636539,972.99640410636539,1188.4469813363939,3989.5530186636129,3989.5530186636129,16.600000000000001
176.25,116,4.5026390379263255,43.036705702352549,11.79983615949317,1.6298482915692927,0.12589055059801987,43.704916417553925,5.7773475495720108,91.962161031213739,3.0463745258051547,232.95362547419489,0.0035287530062960478,972.99647124699379,972.99647124699379,1185.8346779054129,3992.1653220945932,3992.1653220945932,16.600000000000001
176.5,116,4.5088111836517788,43.097637112161323,11.737516266980663,1.6260582041482881,0.12578681410297918,43.641706685935745,5.7696625769725278,92.099269451859954,3.0265304300979188,232.97346956990214,0.0034629593979469317,972.99653704060222,972.99653704060222,1183.2315756696253,3994.7684243303811,3994.7684243303811,16.600000000000001
176.75,116,4.5149944861497611,43.158607677286341,11.675438011690233,1.6222693979322957,0.12568306912092855,43.578445369510781,5.761968884578522,92.236195267167403,3.0068437850478444,232.99315621495222,0.0033984842565841812,972.99660151574358,972.99660151574358,1180.6376431606193,3997.3623568393868,3997.3623568393868,16.600000000000001
177,116,4.5211888652809611,43.219616931313894,11.613600988063032,1.6184818822292184,0.1255793138290818,43.515133007346954,5.7542665376968563,92.372938270835022,2.9873132222896528,233.0126867777104,0.003335299661675146,972.99666470033856,972.99666470033856,1178.052849004225,3999.9471509957812,3999.9471509957812,16.600000000000001
177.25,116,4.5273942412183477,43.280664407345782,11.552004788824012,1.6146956666417054,0.12547554642624603,43.451770138368033,5.7465556016276143,92.509498258112558,2.9679373860292579,233.03206261397079,0.003273378310734959,972.99672662168939,972.99672662168939,1175.4771619203702,4002.5228380796361,4002.5228380796361,16.600000000000001
177.5,116,4.533610534442718,43.341749638005382,11.490649004982874,1.6109107610638909,0.12537176513267256,43.388357301355448,5.7388361416648053,92.645875025800464,2.9487149329249531,233.05128506707513,0.0032126935051602166,972.99678730649498,972.99678730649498,1172.9105507229483,4005.0894492770581,4005.0894492770581,16.600000000000001
177.75,116,4.5398376657383039,43.402872155443767,11.429533225835259,1.6071271756781547,0.12526796818990885,43.324895034949982,5.7311082230970536,92.78206837224981,2.929644531969716,233.07035546803036,0.0031532191363962941,972.99684678086373,972.99684678086373,1170.3529843196816,4007.6470156803248,4007.6470156803248,16.600000000000001
178,116,4.5460755561884367,43.464031491346184,11.368657038964102,1.6033449209523472,0.12516415386044008,43.261383877652705,5.7233719112086616,92.918078097361914,2.9107248643746173,233.08927513562546,0.003094929672122665,972.99690507032801,972.99690507032801,1167.8044317119877,4010.1955682880189,4010.1955682880189,16.600000000000001
178.25,116,4.5523241271712784,43.525227176938287,11.308020030241192,1.5995640076363058,0.12506032042768209,43.197824367826556,5.715627271279982,93.053904002588453,2.8919546234533522,233.1080453765467,0.0030378001432643928,972.99696219985697,972.99696219985697,1165.2648619948372,4012.7351380051691,4012.7351380051691,16.600000000000001
178.5,116,4.5585833003556244,43.586458742992562,11.247621783828885,1.5957844467585354,0.12495646619590571,43.13421704369749,5.7078743685879108,93.189545890931441,2.873332514507855,233.12666748549222,0.0029818061312128392,972.99701819386894,972.99701819386894,1162.734244356612,4015.2657556433942,4015.2657556433942,16.600000000000001
178.75,116,4.5648529976967511,43.647725719834973,11.187461882182044,1.5920062496231988,0.12485258949002818,43.070562443355165,5.7001132684065974,93.325003566943138,2.85485725471499,233.14514274528506,0.0029269237551549864,972.99707307624487,972.99707307624487,1160.2125480789607,4017.7874519210459,4017.7874519210459,16.600000000000001
179,116,4.5711331414323313,43.709027637351731,11.127539906050117,1.5882294278069877,0.12474868865547217,43.00686110475359,5.6923440360080075,93.460276836725996,2.8365275730143265,233.16347242698572,0.0028731296597952747,972.99712687034037,972.99712687034037,1157.6997425366555,4020.3002574633506,4020.3002574633506,16.600000000000001
179.25,116,4.5774236540783999,43.77036402499612,11.067855434479451,1.5844539931560124,0.12464476205802037,42.943113565711563,5.6845667366624859,93.595365507932627,2.818342209996969,233.1816577900031,0.0028204010033665919,972.99717959899681,972.99717959899681,1155.1957971974446,4022.8042028025616,4022.8042028025616,16.600000000000001
179.5,116,4.5837244584253662,43.831734411795793,11.008408044815738,1.580679957782507,0.12454080808335204,42.879320363913102,5.6767814356401685,93.730269389765311,2.8002999177954471,233.1997000822046,0.0027687154457302354,972.99723128455446,972.99723128455446,1152.7006816219148,4025.2993183780914,4025.2993183780914,16.600000000000001
179.75,116,4.5900354775341112,43.89313832635969,10.949197312706689,1.576907334061866,0.12443682513708626,42.815482036907362,5.6689881982109833,93.864988292976179,2.7823994599746493,233.21760054002542,0.0027180511370683089,972.99728194886313,972.99728194886313,1150.2143654633355,4027.7856345366708,4027.7856345366708,16.600000000000001
180,116,4.5963566347321407,43.954575296885082,10.890222812104833,1.5731361346296324,0.12433281164472207,42.751599122108537,5.6611870896449163,93.999522029867521,2.764639611423779,233.23536038857628,0.0026683867067864935,972.99733161329345,972.99733161329345,1147.7368184675036,4030.263181532503,4030.263181532503,16.600000000000001
180.25,116,4.6026878536097753,44.016044851165027,10.831484115270539,1.5693663723783746,0.12422876605136673,42.687672156795571,5.6533781752128354,94.133870414291479,2.7470191582493526,233.25298084175068,0.0026197012525547244,972.99738029874754,972.99738029874754,1145.2680104725937,4032.7319895274131,4032.7319895274131,16.600000000000001
180.5,116,4.6090290580164108,44.077546516595838,10.772980792775195,1.5655980604546336,0.12412468682155332,42.623701678111679,5.6455615201870613,94.268033261650046,2.7295368976692029,233.27046310233087,0.0025719743296666008,972.9974280256705,972.9974280256705,1142.807911409006,4035.1920885910004,4035.1920885910004,16.600000000000001
180.75,116,4.6153801720568248,44.139079820184627,10.714712413504573,1.5618312122558824,0.12402057243906858,42.559688223063716,5.6377371898418849,94.40201038889505,2.7121916379074924,233.28780836209256,0.0025251859406482213,972.9974748140595,972.9974748140595,1140.3564912992103,4037.6435087007958,4037.6435087007958,16.600000000000001
181,116,4.6217411200875844,44.200644288556184,10.656678544662315,1.5580658414274138,0.12391642140747812,42.495632328521459,5.6299052494522694,94.535801614529234,2.6949821980906923,233.30501780190934,0.0024793165248934625,972.99752068347527,972.99752068347527,1137.913720257568,4040.0862797424384,4040.0862797424384,16.600000000000001
181.25,116,4.6281118267134467,44.2622394479612,10.598878751773675,1.554301961859373,0.12381223224955469,42.431534531216542,5.6220657642953711,94.66940675860566,2.6779074081446015,233.32209259185547,0.0024343469488888811,972.9975656530512,972.9975656530512,1135.4795684901844,4042.5204315098222,4042.5204315098222,16.600000000000001
181.5,116,4.6344922167838227,44.32386482428435,10.541312598689409,1.5505395876837784,0.12370800350691565,42.367395367741253,5.6142187996514838,94.802825642727342,2.6609661086923282,233.33903389130771,0.0023902584966094815,972.99760974150354,972.99760974150354,1133.0540062947571,4044.9459937052493,4044.9459937052493,16.600000000000001
181.75,116,4.6408822153893201,44.385519943051953,10.483979647589798,1.5467787332714942,0.12360373374013484,42.303215374547221,5.6063644208037662,94.936058090047766,2.6441571509532245,233.35584284904681,0.0023470328599966821,972.9976529671402,972.9976529671402,1130.6370040604056,4047.3629959396008,4047.3629959396008,16.600000000000001
182,116,4.6472817478583348,44.447204329439977,10.426879458988884,1.5430194132292392,0.12349942152865559,42.238995087943913,5.5985026930384425,95.069103925271051,2.6274793966427934,233.37252060335726,0.0023046521297271686,972.99769534787038,972.99769534787038,1128.2285322675057,4049.7714677325007,4049.7714677325007,16.600000000000001
182.25,116,4.6536907397536886,44.508917508282138,10.37001159173885,1.5392616423966134,0.12339506547069773,42.174735044096977,5.5906336816450173,95.20196297465202,2.6109317178735449,233.38906828212652,0.0022630987861976654,972.99773690121401,972.99773690121401,1125.8285614875233,4052.1714385124828,4052.1714385124828,16.600000000000001
182.5,116,4.6601091168692719,44.570659004078991,10.313375603034602,1.5355054358434401,0.12329066418235513,42.110435779026055,5.5827574519184777,95.334635065995229,2.5945129970568024,233.40548700294326,0.0022223556905642291,972.99777764430962,972.99777764430962,1123.4370623828722,4054.5629376171341,4054.5629376171341,16.600000000000001
182.75,116,4.6665368052268121,44.632428341005728,10.256971048418485,1.5317508088666438,0.12318621629797025,42.046097828602953,5.5748740691583007,95.467120028655813,2.5782221268054379,233.42177787319463,0.002182406076238512,972.99781759392397,972.99781759392397,1121.0540057067299,4056.9459942932767,4056.9459942932767,16.600000000000001
183,116,4.6729737310726893,44.694225042920294,10.200797481785155,1.5279977769872271,0.12308172047028927,41.981721728549616,5.566983598667985,95.599417693539891,2.5620580098375259,233.43794199016253,0.0021432335405447431,972.99785676645968,972.99785676645968,1118.6793623028609,4059.3206376971457,4059.3206376971457,16.600000000000001
183.25,116,4.6794198208747613,44.756048633372252,10.144854455386637,1.5242463559474684,0.12297717537005544,41.917308014435577,5.5590861057559628,95.73152789310447,2.5460195588809262,233.45398044111914,0.0021048220364664584,972.99789517796364,972.99789517796364,1116.313103105455,4061.686896894551,4061.686896894551,16.600000000000001
183.5,116,4.6858750013192489,44.817898635611456,10.089141519837552,1.520496561708045,0.1228725796858441,41.852857221675521,5.5511816557358964,95.863450461357317,2.5301056965787736,233.46989430342128,0.0020671558646358002,972.99793284413545,972.99793284413545,1113.9551991389569,4064.0448008610497,4064.0448008610497,16.600000000000001
183.75,116,4.6923391993076846,44.879774572596823,10.033658224120497,1.5167484104451674,0.12276793212390309,41.788369885526542,5.5432703139269384,95.995185233857129,2.5143153553958646,233.48568464460419,0.0020302196655096398,972.99796978033464,972.99796978033464,1111.605621517894,4066.3943784821117,4066.3943784821117,16.600000000000001
184,116,4.6988123419539285,44.941675967004542,9.9784041155915428,1.5130019185473187,0.12266323140859083,41.723846541085727,5.5353521456525447,96.126732047714441,2.4986474775259162,233.50135252247415,0.0019939984115883058,972.99800600158858,972.99800600158858,1109.2643414466884,4068.7356585533175,4068.7356585533175,16.600000000000001
184.25,116,4.7052943565811969,45.003602341237432,9.9233787399859654,1.5092571026126349,0.12255847628188039,41.659287723286972,5.5274272162415068,96.258090741591204,2.483101014799745,233.51689898520033,0.0019584774000349016,972.99804152260015,972.99804152260015,1106.9313302194912,4071.0686697805149,4071.0686697805149,16.600000000000001
184.5,116,4.7117851707191303,45.065553217434122,9.8685816414241074,1.5055139794461982,0.12245366550301108,41.594693966897651,5.519495591028619,96.389261155700595,2.4676749285943127,233.53232507140578,0.0019236422454358461,972.99807635775471,972.99807635775471,1104.6065592200132,4073.3934407799925,4073.3934407799925,16.600000000000001
184.75,116,4.7182847121009521,45.127528117478057,9.8140123624173849,1.5017725660570533,0.12234879784856492,41.530065806515495,5.5115573353542997,96.520243131807376,2.4523681897426282,233.54763181025743,0.0018894788726335338,972.99811052112761,972.99811052112761,1102.2899999213425,4075.7100000786631,4075.7100000786631,16.600000000000001
185,116,4.7247929086606444,45.189526563006559,9.7596704438744499,1.4980328796553568,0.12224387211236158,41.465403776565189,5.5036125145646446,96.651036513228163,2.4371797784445106,233.56282022155557,0.0018559735097708192,972.99814402649042,972.99814402649042,1099.981623885767,4078.0183761142389,4078.0183761142389,16.600000000000001
185.25,116,4.7313096885301906,45.251548075420182,9.7055554251075176,1.4942949376495398,0.12213888710535559,41.400708411294858,5.495661194011439,96.781641144831482,2.4221086841782089,233.57789131582189,0.0018231126814971306,972.99817688731878,972.99817688731878,1097.6814027645928,4080.3185972354131,4080.3185972354131,16.600000000000001
185.5,116,4.737834980036836,45.313592175892168,9.6516668438388393,1.4905587576438102,0.12203384165537844,41.335980244771932,5.4877034390524386,96.912056873037798,2.4071539056128466,233.59284609438726,0.0017908832022049054,972.99820911679808,972.99820911679808,1095.389308297968,4082.6106917020379,4082.6106917020379,16.600000000000001
185.75,116,4.7443687117004307,45.375658385377811,9.5980042362073412,1.4868243574351567,0.12192873460712997,41.271219810879593,5.4797393150511766,97.042283545819785,2.3923144505217291,233.60768554947836,0.0017592721696209398,972.99824072783065,972.99824072783065,1093.1053123146989,4084.894687685307,4084.894687685307,16.600000000000001
186,116,4.7509108122307921,45.437746224623929,9.5445671367753917,1.4830917550104354,0.12182356482213824,41.206427643312828,5.4717688873768182,97.172321012702582,2.3775893356964692,233.62241066430363,0.0017282669585213983,972.99827173304175,972.99827173304175,1090.8293867320672,4087.1706132679387,4087.1706132679387,16.600000000000001
186.25,116,4.757461210525129,45.499855214178488,9.4913550785357312,1.4793609685437081,0.12171833117860886,41.141604275574196,5.4637922214041801,97.302169124763765,2.3629775868619274,233.63702241313817,0.001697855214502299,972.99830214478573,972.99830214478573,1088.5615035556455,4089.4384964443602,4089.4384964443602,16.600000000000001
186.5,116,4.7640198356654988,45.561984874400302,9.4383675929185546,1.4756320163934891,0.12161303257132745,41.07675024096951,5.4558093825136345,97.431827734633671,2.3484782385919676,233.65152176140811,0.0016680248479356778,972.99833197515227,972.99833197515227,1086.3016348791145,4091.6983651208916,4091.6983651208916,16.600000000000001
186.75,116,4.7705866169163116,45.624134725468842,9.3856042097987267,1.4719049171000023,0.12150766791155984,41.011866072603411,5.4478204360910123,97.561296696495475,2.3340903342260164,233.66590966577405,0.0016387640280658069,972.9983612359722,972.9983612359722,1084.0497528840767,4093.950247115929,4093.950247115929,16.600000000000001
187,116,4.7771614837218639,45.686304287394343,9.3330644575031645,1.4681796893822983,0.12140223612666129,40.946952303374957,5.4398254475283494,97.690575866084757,2.3198129257864197,233.68018707421365,0.0016100611771446148,972.99838993882315,972.99838993882315,1081.8058298398814,4096.1941701601245,4096.1941701601245,16.600000000000001
187.25,116,4.7837443657039396,45.748493080027643,9.2807478628183464,1.4644563521356166,0.12129673616012984,40.8820094659728,5.4318244822232966,97.819665100690003,2.3056450738965917,233.6943549261035,0.0015819049648528821,972.9984180950355,972.9984180950355,1079.5698381034324,4098.4301618965737,4098.4301618965737,16.600000000000001
187.5,116,4.7903351926594517,45.810700623070026,9.228653950997975,1.4607349244287311,0.12119116697160075,40.81703809287032,5.4238176055786687,97.948564259152903,2.2915858476999449,233.70841415230015,0.0015542843028338016,972.99844571569736,972.99844571569736,1077.3417501189952,4100.6582498810103,4100.6582498810103,16.600000000000001
187.75,116,4.7969338945581228,45.872926436083489,9.1767822457707577,1.4570154255011907,0.12108552753662208,40.752038716320705,5.4158048830026608,98.077273201868252,2.2776343247795965,233.72236567522049,0.0015271883392822679,972.99847281166092,972.99847281166092,1075.1215384180152,4102.8784615819905,4102.8784615819905,16.600000000000001
188,116,4.8035404015401886,45.935170038500935,9.1251322693483718,1.4532978747606218,0.12097981684651808,40.687011868351874,5.4077863799087567,98.205791790784062,2.263789591078841,233.73621040892124,0.0015006064536913421,972.99849939354658,972.99849939354658,1072.9091756189277,4105.0908243810782,4105.0908243810782,16.600000000000001
188.25,116,4.8101546439141734,45.99743094963641,9.0737035424335222,1.4495822917800374,0.12087403390825718,40.621958080761239,5.3997621617156222,98.334119889401506,2.2500507408223829,233.74994925917767,0.0014745282517200117,972.99852547174851,972.99852547174851,1070.7046344269704,4107.2953655730362,4107.2953655730362,16.600000000000001
188.5,116,4.8167765521547183,46.059708688694947,9.0224955842281496,1.4458686962951051,0.1207681777448813,40.556877885110467,5.391732293845438,98.462257362776157,2.2364168764382977,233.76358312356177,0.0014489435600870365,972.99855105644019,972.99855105644019,1068.5078876339744,4109.4921123660324,4109.4921123660324,16.600000000000001
188.75,116,4.8234060569004109,46.122002774783162,8.9715079124417905,1.4421571082015037,0.12066224739508594,40.491771812719961,5.3836968417245483,98.590204077517313,2.2228871084807786,233.77711289151927,0.0014238424217230896,972.99857615757855,972.99857615757855,1066.3189081181843,4111.6810918818219,4111.6810918818219,16.600000000000001
189,116,4.8300430889516592,46.184312726920048,8.9207400433000821,1.43844754755228,0.12055624191289943,40.426640394663231,5.3756558707838229,98.717959901787864,2.2094605555536204,233.79053944444644,0.0013992150910209864,972.99860078490929,972.99860078490929,1064.1376688440732,4113.8623311559331,4113.8623311559331,16.600000000000001
189.25,116,4.8366875792686281,46.246638064047239,8.8701914915533653,1.4347400345551728,0.12045016036779238,40.36148416176129,5.3676094464578288,98.845524705304754,2.1961363442344135,233.80386365576567,0.0013750520291266426,972.99862494797117,972.99862494797117,1061.964142862143,4116.0358571378638,4116.0358571378638,16.600000000000001
189.5,116,4.8433394589692096,46.308978305039588,8.8198617704854421,1.4310345895699645,0.12034400184461407,40.296303644576739,5.3595576341844415,98.972898359338984,2.1829136089994718,233.8170863910006,0.0013513438993690008,972.99864865610084,972.99864865610084,1059.7983033087298,4118.201696691277,4118.201696691277,16.600000000000001
189.75,116,4.8499986593270306,46.37133296871577,8.7697503919224609,1.4273312331058412,0.12023776544352739,40.231099373407957,5.3515004994044704,99.100080736715952,2.1697914921494799,233.83020850785059,0.001328081562795115,972.99867191843748,972.99867191843748,1057.6401234058101,4120.3598765941961,4120.3598765941961,16.600000000000001
190,116,4.856665111769467,46.433701573849604,8.7198568662419564,1.4236299858189663,0.12013145027936786,40.165871878282715,5.3434381075627719,99.227071711814432,2.1567691437358492,233.8432308562642,0.0013052560737341465,972.99869474392654,972.99869474392654,1055.4895764608209,4122.5104235391846,4122.5104235391846,16.600000000000001
190.25,116,4.8633387478757442,46.496083639180533,8.6701807023819768,1.4199308685097618,0.12002505548187475,40.100621688952209,5.3353705241070495,99.353871160567323,2.1438457214877857,233.85615427851229,0.0012828586755744738,972.99871714132462,972.99871714132462,1053.3466358664573,4124.6533641335491,4124.6533641335491,16.600000000000001
190.5,116,4.8700194993750756,46.558478683424156,8.6207214078503487,1.4162339021202286,0.11991858019583847,40.035349334884827,5.3272978144868546,99.480478960462108,2.1310203907400487,233.86897960926004,0.0012608807966287556,972.99873911920361,972.99873911920361,1051.2112751004665,4126.7887248995403,4126.7887248995403,16.600000000000001
190.75,116,4.8767072981448134,46.620886225283378,8.5714784887340816,1.4125391077314353,0.11981202358079658,39.970055345259702,5.3192200441537656,99.606894990540411,2.1182923243614082,233.88170767563867,0.0012393140460377448,972.99876068595415,972.99876068595415,1049.08346772546,4128.9165322745457,4128.9165322745457,16.600000000000001
191,116,4.8834020762086423,46.683305783459453,8.5224514497088926,1.4088465065609543,0.11970538481091547,39.904740248960159,5.3111372785610627,99.733119131398226,2.1056607026837812,233.89433929731629,0.0012181502097928262,972.99878184979036,972.99878184979036,1046.9631873887156,4131.0368126112908,4131.0368126112908,16.600000000000001
191.25,116,4.8901037657348141,46.745736876663024,8.4736397940488501,1.4051561199603082,0.11959866307487285,39.839404574567112,5.3030495831633848,99.859151265185673,2.0931247134320534,233.90687528656804,0.0011973812468497518,972.99880261875342,972.99880261875342,1044.8504078219826,4133.1495921780233,4133.1495921780233,16.600000000000001
191.5,116,4.896812299034444,46.808179023624803,8.4250430236361282,1.4014679694121601,0.11949185757611534,39.774048850352607,5.2949570234154342,99.984991275607754,2.0806835516545452,233.91931644834554,0.0011769992852664608,972.99882300071499,972.99882300071499,1042.7451028412727,4135.254897158733,4135.254897158733,16.600000000000001
191.75,116,4.9035276085597985,46.870631743107005,8.3766606389709075,1.3977820765279101,0.11938496753255395,39.70867360427286,5.2868596647720718,100.1106390479239,2.0683364196541842,233.93166358034591,0.0011569966185262304,972.99884300338169,972.99884300338169,1040.6472463466691,4137.3527536533375,4137.3527536533375,16.600000000000001
192,116,4.9102496269026377,46.933094553914714,8.32849213918138,1.3940984630452653,0.11927799217630453,39.643279363961206,5.2787575726882858,100.23609446894775,2.0560825269203251,233.94391747307978,0.0011373657019386222,972.99886263429835,972.99886263429835,1038.5568123221306,4139.4431876778754,4139.4431876778754,16.600000000000001
192.25,116,4.9169782867926051,46.995566974906978,8.2805370220338759,1.390417150825612,0.11917093075372819,39.577866656721199,5.270650812618392,100.36135742704739,2.0439210900612124,233.95607890993887,0.0011180991490720524,972.99888190085119,972.99888190085119,1036.4737748352909,4141.5262251647155,4141.5262251647155,16.600000000000001
192.5,116,4.923713521095638,47.058048525008161,8.2327947839431044,1.3867381618514798,0.11906378252534917,39.51243600951949,5.2625394500155371,100.48642781214522,2.0318513327370966,233.96814866726299,0.001099189728289911,972.99890081027195,972.99890081027195,1034.3981080372569,4143.6018919627495,4143.6018919627495,16.600000000000001
192.75,116,4.9304552628124245,47.120538723219269,8.1852649199825009,1.383061518224018,0.11895654676577457,39.446987948978652,5.2544235503311745,100.61130551571809,2.0198724855939907,233.98012751440609,0.0010806303593658025,972.99891936964093,972.99891936964093,1032.3297861624103,4145.6702138375958,4145.6702138375958,16.600000000000001
193,116,4.9372034450768858,47.183037088629384,8.1379469238947078,1.3793872421606947,0.11884922276355214,39.381523001369622,5.2463031790145731,100.73599043079707,2.0079837861980443,233.99201621380206,0.0010624141101202677,972.99893758589019,972.99893758589019,1030.2687835282045,4147.7312164718014,4147.7312164718014,16.600000000000001
193.25,116,4.9439580011546997,47.245543140427181,8.0908402881021502,1.3757153559926882,0.11874180982112588,39.31604169260445,5.2381784015122301,100.86048245196756,1.996184478970574,234.00381552102951,0.001044534193216554,972.99895546580717,972.99895546580717,1028.2150745349663,4149.78492546504,4149.78492546504,16.600000000000001
193.5,116,4.9507188644418543,47.308056397912281,8.0439445037177304,1.3720458821623043,0.11863430725478792,39.250544548228916,5.2300492832672587,100.98478147536922,1.9844738151237113,234.01552618487639,0.0010269839630253959,972.99897301603721,972.99897301603721,1026.1686336656917,4151.8313663343142,4151.8313663343142,16.600000000000001
193.75,116,4.9574859684632404,47.370576380506904,7.9972590605556242,1.3683788432205839,0.1185267143945811,39.185032093414826,5.2219158897188098,101.10888739869579,1.9728510525966556,234.02714894740345,0.0010097569125166296,972.99899024308786,972.99899024308786,1024.1294354858455,4153.8705645141608,4153.8705645141608,16.600000000000001
194,116,4.9642592468712756,47.433102607767417,7.9507834471421956,1.3647142618248469,0.11841903058422562,39.119504852952367,5.2137782863014355,101.23280012119514,1.9613154559925463,234.03868454400754,0.00099284667024067603,972.99900715333013,972.99900715333013,1022.0974546431584,4155.9025453568474,4155.9025453568474,16.600000000000001
194.25,116,4.9710386334445511,47.495634599395984,7.9045171507270062,1.3610521607362449,0.11831125518104489,39.053963351242317,5.2056365384444607,101.35651954366914,1.9498662965159359,234.05013370348416,0.00097624699737857443,972.99902375300292,972.99902375300292,1020.0726658674233,4157.9273341325825,4157.9273341325825,16.600000000000001
194.5,116,4.9778240620865102,47.558171875252498,7.8584596572939622,1.3573925628172032,0.11820338755564569,38.988408112288269,5.1974907115721374,101.48004556847299,1.9385028519108596,234.06149714808925,0.00095995178480500658,972.99904004821542,972.99904004821542,1018.0550439703045,4159.9449560297016,4159.9449560297016,16.600000000000001
194.75,116,4.9846154668241756,47.620713955366185,7.8126104515725121,1.3537354910290644,0.11809542709198363,38.922839659688726,5.1893408711025195,101.6033780995154,1.9272244063995057,234.07277559360057,0.00094395505030268065,972.99905604494995,972.99905604494995,1016.044563845126,4161.955436154879,4161.955436154879,16.600000000000001
195,116,4.9914127818069121,47.683260359947191,7.7669690170489876,1.3500809684297259,0.11798737318738999,38.857258516628917,5.1811870824464563,101.72651704225872,1.9160302506214777,234.08396974937864,0.00092825093583287488,972.99907174906446,972.99907174906446,1014.0412004666661,4163.9587995333395,4163.9587995333395,16.600000000000001
195.25,116,4.9982159413051983,47.745810609398553,7.7215348359780247,1.3464290181711827,0.11787922525239176,38.79166520587281,5.1730294110072403,101.84946230371855,1.9049196815736298,234.09508031842645,0.00091283370482363613,972.99908716629545,972.99908716629545,1012.044928890956,4165.9550711090496,4165.9550711090496,16.600000000000001
195.5,116,5.0050248797094463,47.808364224328031,7.676307389394097,1.3427796634971256,0.11777098271061898,38.726060249754916,5.1648679221799751,101.97221379246348,1.8938920025504846,234.10610799744961,0.00089769773953953284,972.99910230226078,972.99910230226078,1010.0557242550781,4167.9442757449278,4167.9442757449278,16.600000000000001
195.75,116,5.0118395315288451,47.870920725560012,7.6312861571231441,1.3391329277405506,0.11766264499870947,38.660444170172028,5.1567026813509127,102.09477141861487,1.8829465230852196,234.11705347691486,0.00088283753851209129,972.99911716246186,972.99911716246186,1008.0735617769612,4169.9264382230449,4169.9264382230449,16.600000000000001
196,116,5.0186598313902371,47.933479634147375,7.5864706177942871,1.335488834321356,0.11755421156626367,38.594817488574911,5.1485337538966549,102.21713509384672,1.8720825588912164,234.12791744110891,0.00086824771401209169,972.99913175228619,972.99913175228619,1006.0984167551761,4171.9015832448295,4171.9015832448295,16.600000000000001
196.25,116,5.0254857140370444,47.996040471383132,7.5418602488516493,1.3318474067438433,0.11744568187606877,38.529180725960046,5.1403612051825807,102.33930473138601,1.8612994318041343,234.13870056819599,0.0008539229894876908,972.99914607701078,972.99914607701078,1004.1302645687211,4173.8697354312835,4173.8697354312835,16.600000000000001
196.5,116,5.0323171143281842,48.058602758812846,7.4974545265662682,1.3282086685945049,0.11733705540362603,38.463534402860979,5.1321851005632171,102.46128024601161,1.8505964697246293,234.14940353027546,0.00083985819729591926,972.99916014180292,972.99916014180292,1002.1690806768306,4175.8309193231744,4175.8309193231744,16.600000000000001
196.75,116,5.0391539672370405,48.121166018246491,7.4532529260481031,1.3245726435396286,0.11722833163716059,38.39787903933982,5.1240055053812421,102.58306155405425,1.8399730065615614,234.16002699343855,0.00082604827632536473,972.99917395172383,972.99917395172383,1000.2148406187664,4177.7851593812393,4177.7851593812393,16.600000000000001
197,116,5.045996207850461,48.183729771770523,7.4092549212581238,1.3209393553229276,0.11711951007759182,38.332215154978641,5.1158224849665981,102.70464857339631,1.829428382175752,234.17057161782435,0.00081248826968654522,972.9991875117305,972.9991875117305,998.26752001361206,4179.7324799863936,4179.7324799863936,16.600000000000001
197.25,116,5.0528437713677858,48.246293541759862,7.3654599850205003,1.3173088277631937,0.11701059023846724,38.266543268870826,5.1076361046356729,102.82604122347153,1.8189619423242855,234.18103805767581,0.00079917332246788716,972.99920082667779,972.99920082667779,996.32709456006774,4181.6729054399375,4181.6729054399375,16.600000000000001
197.5,116,5.0596965930999023,48.308856850890045,7.3218675890348699,1.3136810847519589,0.11690157164589934,38.20086389961233,5.0994464296904871,102.94723942526466,1.8085730386053458,234.19142696139474,0.00078609867954303474,972.99921390132067,972.99921390132067,994.39354003624351,4183.6064599637612,4183.6064599637612,16.600000000000001
197.75,116,5.0665546084683184,48.371419222149413,7.2784772038887082,1.310056150251264,0.11679245383838528,38.13517756529275,5.0912535254181508,103.06824310131096,1.7982610284035696,234.20173897159654,0.00077325968339454992,972.99922674031677,972.99922674031677,992.46683229945768,4185.5331677005479,4185.5331677005479,16.600000000000001
198,116,5.0734177530042714,48.433980178851407,7.2352882990697731,1.3064340482914301,0.1166832363666362,38.069484783486395,5.083057457090292,103.18905217569569,1.7880252748359262,234.2119747251642,0.00076065177198877314,972.99923934822823,972.99923934822823,990.54694728603408,4187.4530527139714,4187.4530527139714,16.600000000000001
198.25,116,5.0802859623478813,48.496539244646385,7.1923003429786219,1.3028148029685351,0.11657391879377615,38.003786071243546,5.0748582899615249,103.30966657405421,1.7778651466981501,234.22213485330195,0.00074827047680260314,972.99925172952339,972.99925172952339,988.63386101108802,4189.3661389889166,4189.3661389889166,16.600000000000001
198.5,116,5.0871591722473095,48.559095943534025,7.1495128029412225,1.2991984384422282,0.11646450069514676,37.938081945081422,5.0666560892689105,103.43008622357127,1.7677800184116521,234.23221998158846,0.00073611142078545098,972.99926388857943,972.99926388857943,986.72754956832398,4191.2724504316811,4191.2724504316811,16.600000000000001
198.75,116,5.0940373185579562,48.621649799875442,7.1069251452216511,1.2955849789334575,0.11635498165822676,37.872372920975053,5.0584509202311221,103.5503110529807,1.7577692699709495,234.24223073002915,0.00072417031639933815,972.99927582968382,972.99927582968382,984.82798912983071,4193.1720108701747,4193.1720108701747,16.600000000000001
199,116,5.1009203372416749,48.684200338405546,7.0645368350348594,1.2919744487222098,0.1162453612825536,37.806659514348155,5.0502428480475832,103.67034099256485,1.7478322868916005,234.25216771310852,0.00071244296370442071,972.9992875570365,972.9992875570365,982.93515594587427,4195.0648440541308,4195.0648440541308,16.600000000000001
199.25,116,5.1078081643660243,48.746747084245207,7.0223473365595206,1.2883668721452539,0.11613563917964656,37.740942240064001,5.0420319378976011,103.79017597415417,1.7379684601586376,234.26203153984147,0.00070092524848649259,972.99929907475178,972.99929907475178,981.04902634469283,4196.9509736553118,4196.9509736553118,16.600000000000001
199.5,116,5.1147007361035417,48.809289562913477,6.9803561129509646,1.2847622735937019,0.11602581497302061,37.675221612416394,5.0338182549393204,103.90981593112679,1.7281771861754698,234.27182281382466,0.00068961314035698509,972.99931038685986,972.99931038685986,979.1695767322899,4198.8304232677156,4198.8304232677156,16.600000000000001
199.75,116,5.1215979887310379,48.871827300339945,6.9385626263541704,1.2811606775109075,0.1159158882980463,37.609498145120199,5.0256018643089444,104.02926079840793,1.7184578667133177,234.28154213328682,0.00067850269101272988,972.99932149730932,972.99932149730932,977.29678359222805,4200.7032164077764,4200.7032164077764,16.600000000000001
200,116,5.1284998586289321,48.934359822877063,6.8969663379168349,1.2775621083902988,0.1158058588018467,37.543772351301996,5.0173828311198818,104.14851051246934,1.7088099088611286,234.29119009113899,0.00066759003250759278,972.99933240996779,972.99933240996779,975.43062348542423,4202.5693765145816,4202.5693765145816,16.600000000000001
200.25,116,5.1354062822805906,48.996886657312416,6.8555667078025255,1.273966590773089,0.11569572614325384,37.478044743490784,5.0091612204617766,104.26756501132878,1.6992327249759474,234.30076727502416,0.00065687137551810647,972.99934312862479,972.99934312862479,973.57107304994304,4204.4289269500614,4204.4289269500614,16.600000000000001
200.5,116,5.1423171962717102,49.059407330881086,6.8143631952038959,1.2703741492460574,0.11558548999273692,37.412315833608545,5.0009370973995733,104.38642423454938,1.6897257326337791,234.31027426736637,0.00064634300766967638,972.99935365699264,972.99935365699264,971.71810900079049,4206.2818909992147,4206.2818909992147,16.600000000000001
200.75,116,5.149232537289719,49.121921371277935,6.7733552583559664,1.2667848084393414,0.11547515003233065,37.346586132960809,4.9927105269725836,104.50508812323918,1.6802883545809157,234.3197116454192,0.00063600129190066583,972.9993639987083,972.9993639987083,969.8717081297084,4208.1282918702973,4208.1282918702973,16.600000000000001
201,116,5.1561522421231984,49.184428306669986,6.7325423545494756,1.2631985930242624,0.11536470595557699,37.280856152227109,4.984481574193472,104.62355662005031,1.6709200186857291,234.32907998131441,0.00062584266485318004,972.99937415733552,972.99937415733552,968.03184730496707,4209.968152695038,4209.968152695038,16.600000000000001
201.25,116,5.163076247661345,49.246927665708682,6.6919239401443189,1.2596155277112766,0.11525415746751891,37.215126401451315,4.9762503040469825,104.7418296691788,1.6616201578909002,234.33837984210925,0.00061586363525845741,972.99938413636505,972.99938413636505,966.19850347115585,4211.8014965288494,4211.8014965288494,16.600000000000001
201.5,116,5.1700044908934295,49.309418977542336,6.6514994705830057,1.2560356372476154,0.115143504284551,37.149397390032206,4.968016781489359,104.85990721636348,1.652388210166174,234.34761178983396,0.00060606078247388273,972.99939393921773,972.99939393921773,964.37165364898181,4213.6283463510235,4213.6283463510235,16.600000000000001
201.75,116,5.1769369089083055,49.371901771828469,6.611268400404219,1.2524589464151714,0.11503274613437714,37.083669626713814,4.9597810714472264,104.9777892088854,1.6432236184615188,234.35677638153862,0.00059643075496900854,972.99940356924537,972.99940356924537,962.55127493506188,4215.4487250649436,4215.4487250649436,16.600000000000001
202,116,5.1838734388939258,49.434375578746163,6.5712301832564224,1.2488854800283629,0.11492188275595562,37.017943619575732,4.951543238816531,105.09547559556721,1.6341258306607396,234.36587416933941,0.00058697026885646977,972.99941302973139,972.99941302973139,960.73734450171685,4217.262655498289,4217.262655498289,16.600000000000001
202.25,116,5.1908140181368898,49.496839929008416,6.5313842719115289,1.2453152629319935,0.11481091389943933,36.952219876023392,4.9433033484615061,105.21296632677236,1.6250942995355426,234.37490570046461,0.0005776761064611853,972.99942232389378,972.99942232389378,958.92983959676405,4219.0701604032411,4219.0701604032411,16.600000000000001
202.5,116,5.1977585840220106,49.559294353874535,6.4917301182786282,1.241748319999125,0.11469983932611783,36.886498902778342,4.9350614652136109,105.33026135440439,1.6161284827000371,234.38387151730012,0.00056854511492183653,972.99943145488544,972.99943145488544,957.1287375433119,4220.8712624566933,4220.8712624566933,16.600000000000001
202.75,116,5.2047070740318988,49.621738385162573,6.4522671734177797,1.2381846761289375,0.11458865880825016,36.820781205868471,4.9268176538708408,105.44736063190591,1.6072278425656608,234.39277215743448,0.00055957420479728793,972.99944042579546,972.99944042579546,955.33401573955757,4222.6659842604477,4222.6659842604477,16.600000000000001
203,116,5.211659425746566,49.684171555261813,6.4129948875538636,1.2346243562446082,0.11447737212894252,36.755067290618193,4.9185719791968703,105.56426411425772,1.5983918462965467,234.40160815370356,0.00055076034871433623,972.99944923965154,972.99944923965154,953.54565165858389,4224.4543483414209,4224.4543483414209,16.600000000000001
203.25,116,5.2186155768430824,49.746593397144899,6.3739127100904511,1.2310673852912561,0.11436597908228698,36.68935766163861,4.9103245059193013,105.6809717579783,1.589619965765342,234.41038003423478,0.00054210058010837952,972.99945789942024,972.99945789942024,951.76362284814468,4226.2363771518603,4226.2363771518603,16.600000000000001
203.5,116,5.2255754650952193,49.809003444380281,6.3350200896237681,1.2275137882338329,0.11425447947319339,36.623652822817611,4.9020752987289491,105.79748352112286,1.5809116775094196,234.41908832249069,0.00053359199191965788,972.9994664080084,972.9994664080084,949.98790693046351,4228.0120930695421,4228.0120930695421,16.600000000000001
203.75,116,5.2325390283731306,49.871401231144631,6.2963164739566952,1.2239635900550454,0.1141428731173145,36.557953277310013,4.8938244222787972,105.91379936328234,1.572266462687518,234.4277335373126,0.00052523173534084629,972.99947476826492,972.99947476826492,948.2184816020291,4229.7815183979765,4229.7815183979765,16.600000000000001
204,116,5.2395062046430469,49.933786292235204,6.2578013101128187,1.2204168157532895,0.11403115984097036,36.492259527527622,4.8855719411829552,106.02991924558255,1.5636838070368004,234.43631619296332,0.00051701701859294753,972.9994829829817,972.9994829829817,946.45532463338895,4231.5446753666165,4231.5446753666165,16.600000000000001
204.25,116,5.2464769319670017,49.996158163082178,6.2194740443505294,1.2168734903405902,0.11391933948107989,36.426572075129286,4.8773179200155763,106.14584313068313,1.5551632008303178,234.44483679916979,0.00050894510572710308,972.99949105489463,972.99949105489463,944.69841386894552,4233.3015861310605,4233.3015861310605,16.600000000000001
204.5,116,5.2534511485025792,50.058516379760768,6.1813341221771738,1.213333638840475,0.11380741188531787,36.360891421010997,4.8690624233090753,106.26157098277716,1.5467041388348588,234.45329586116526,0.00050101331541228713,972.99949898668501,972.99949898668501,942.94772722674281,4235.0522727732623,4235.0522727732623,16.600000000000001
204.75,116,5.2604287925026698,50.120860479003767,6.1433809883632433,1.2097972862859969,0.11369537691186268,36.295218065295835,4.8608055155536096,106.37710276758966,1.5383061202692476,234.46169387973089,0.00049321901982309687,972.9995067809806,972.9995067809806,941.2032426982679,4236.7967573017377,4236.7967573017377,16.600000000000001
205,116,5.2674098023152478,50.183189998213912,6.1056140869566091,1.2062644577177242,0.11358323442928829,36.229552507323966,4.8525472611960998,106.49243845237652,1.5299686487630311,234.47003135123708,0.00048555964352708296,972.99951444035685,972.99951444035685,939.46493834824764,4238.535061651758,4238.535061651758,16.600000000000001
205.25,116,5.2743941163831725,50.24550447547611,6.0680328612968086,1.2027351781816933,0.11347098431656903,36.163895245642586,4.8442877246388951,106.60757800592364,1.5216912323155425,234.47830876768458,0.00047803266237683104,972.99952196733796,972.99952196733796,937.73279231444155,4240.2672076855642,4240.2672076855642,16.600000000000001
205.5,116,5.2813816732440193,50.307803449569754,6.0306367540293584,1.1992094727273996,0.11335862646302418,36.098246777995932,4.8360269702386249,106.72252139854585,1.5134733832553666,234.48652661674475,0.00047063560243760697,972.99952936439797,972.99952936439797,936.00678280743671,4241.9932171925684,4241.9932171925684,16.600000000000001
205.75,116,5.2883724115299113,50.370086459980968,5.9934252071201266,1.1956873664057923,0.11324616076826448,36.032607601315185,4.8277650623050317,106.83726860208579,1.5053146182001924,234.49468538179991,0.00046336603893887675,972.9995366339615,972.9995366339615,934.2868881104439,4243.7131118895613,4243.7131118895613,16.600000000000001
206,116,5.2953662699673867,50.43235304691494,5.9563976618697216,1.1921688842673166,0.11313358714209842,35.966978211708394,4.8195020650999059,106.95181958991277,1.4972144580170463,234.50278554198309,0.00045622159524173712,972.99954377840515,972.99954377840515,932.573086579093,4245.4269134209135,4245.4269134209135,16.600000000000001
206.25,116,5.3023631873772574,50.494602751308321,5.9195535589279578,1.1886540513600721,0.11302090550431242,35.901359104450179,4.8112380428363739,107.06617433692129,1.4891724277828908,234.51082757221727,0.00044919994180667774,972.9995508000585,972.9995508000585,930.86535664123505,4247.1346433587705,4247.1346433587705,16.600000000000001
206.5,116,5.3093631026745332,50.556835114841199,5.8828923383082969,1.1851428927276531,0.11290811578484605,35.835750773971903,4.8029730596770719,107.18033281953042,1.4811880567456459,234.51881194325449,0.00044229879525315606,972.99955770120505,972.99955770120505,929.16367679672976,4248.8363232032762,4248.8363232032762,16.600000000000001
206.75,116,5.3163659548683251,50.619049679949434,5.8464134394023652,1.1816354334072587,0.11279521792366155,35.770153713851464,4.7947071797331686,107.29429501568228,1.4732608782855507,234.52673912171457,0.00043551591738690324,972.99956448408295,972.99956448408295,927.46802561724496,4250.5319743827613,4250.5319743827613,16.600000000000001
207,116,5.3233716830617821,50.681245989836796,5.8101163009944967,1.1781316984277657,0.11268221187066445,35.704568416803127,4.7864404670632403,107.40806090484089,1.4653904298768985,234.53460957012322,0.00042884911425757766,972.99957115088614,972.99957115088614,925.77838174605279,4252.2216182539532,4252.2216182539532,16.600000000000001
207.25,116,5.3303802264520463,50.743423588487232,5.7740003612763022,1.1746317128078061,0.11256909758563886,35.638995374667417,4.778172985672092,107.52163046799095,1.4575762530501395,234.54242374694999,0.00042229623523984329,972.99957770376511,972.99957770376511,924.09472389782673,4253.9052761021794,4253.9052761021794,16.600000000000001
207.5,116,5.3373915243302132,50.805582020676937,5.738065057861272,1.1711355015538554,0.11245587503818191,35.573435078400948,4.7699047995095833,107.63500368763636,1.4498178933543495,234.55018210664576,0.00041585517213484725,972.99958414482819,972.99958414482819,922.41703085843903,4255.5829691415665,4255.5829691415665,16.600000000000001
207.75,116,5.3444055160813351,50.86772083198651,5.7023098277994091,1.1676430896582324,0.11234254420768099,35.507888018066382,4.7616359724693673,107.74818054779914,1.4421149003200386,234.55788509968011,0.00040952385827244033,972.99959047614209,972.99959047614209,920.74528148475645,4257.2547185152498,4257.2547185152498,16.600000000000001
208,116,5.3514221411844094,50.929839568813016,5.6667341075918927,1.1641545020971835,0.1122291050832606,35.44235468282227,4.7533665683876869,107.86116103401791,1.4344668274223298,234.5655331725778,0.00040330026764604068,972.99959669973271,972.99959669973271,919.0794547044386,4258.9205452955675,4258.9205452955675,16.600000000000001
208.25,116,5.3584413392124137,50.99193777838213,5.6313373332057441,1.1606697638291434,0.11211555766365464,35.376835560912788,4.7450966510422807,107.97394513334659,1.4268732320445134,234.57312676795564,0.00039718241409957743,972.99960281758615,972.99960281758615,917.41952951573569,4260.5804704842703,4260.5804704842703,16.600000000000001
208.5,116,5.3654630498323304,51.054015008760203,5.5961189400885454,1.1571888997927837,0.1120019019571771,35.311331139657646,4.7368262841511246,108.08653283435292,1.4193336754419175,234.58066632455819,0.00039116835048906681,972.99960883164988,972.99960883164988,915.76548498728584,4262.2345150127194,4262.2345150127194,16.600000000000001
208.75,116,5.3724872128052157,51.116070808866205,5.5610783631831699,1.1537119349051452,0.11188813798166125,35.245841905441907,4.7285555313712218,108.1989241271171,1.4118477227061343,234.588152277294,0.00038525616787650285,972.99961474383247,972.99961474383247,914.11730025791383,4263.882699742092,4263.882699742092,16.600000000000001
209,116,5.3795137679862579,51.178104728483795,5.5262150369425278,1.1502388940597792,0.11177426576439829,35.180368343705908,4.7202844562973878,108.31111900323022,1.4044149427295893,234.59558505727054,0.00037944399474152638,972.99962055600554,972.99962055600554,912.4749545364291,4265.525045463577,4265.525045463577,16.600000000000001
209.25,116,5.3865426553248765,51.240116318273245,5.4915283953443437,1.1467698021249062,0.11166028534207954,35.114910938935026,4.7120131224610216,108.42311745579283,1.3970349081704472,234.60296509182965,0.00037372999620894531,972.99962627000411,972.99962627000411,910.83842710142403,4267.1615728985807,4267.1615728985807,16.600000000000001
209.5,116,5.3935738148648165,51.302105129783321,5.4570178719059532,1.1433046839416938,0.11154619676079511,35.0494701746495,4.7037415933285516,108.5349194794137,1.3897071954178235,234.61029280458229,0.00036811237326607113,972.99963188762706,972.99963188762706,909.2076973010694,4268.7923026989365,4268.7923026989365,16.600000000000001
209.75,116,5.400607186744276,51.364070715463249,5.4226828996991028,1.139843564322323,0.11143200007591812,34.98404653339437,4.6954699323005196,108.64652507020797,1.3824313845573892,234.61756861544271,0.0003625893620520103,972.99963741063823,972.99963741063823,907.58274455291723,4270.4172554470879,4270.4172554470879,16.600000000000001
210,116,5.4076427111960292,51.426012628674549,5.3885229113647712,1.1363864680481728,0.11131769535204368,34.918640496729331,4.6871982027103414,108.75793422579554,1.3752070593372794,234.62479294066284,0.00035715923313716025,972.99964284076725,972.99964284076725,905.96354834369913,4272.0364516563059,4272.0364516563059,16.600000000000001
210.25,116,5.4146803285475835,51.487930423702892,5.3545373391280116,1.1329334198680485,0.11120328266294732,34.853252545218659,4.6789264678229827,108.86914694529955,1.3680338071343108,234.6319661928658,0.00035182029080932804,972.99964817970954,972.99964817970954,904.35008822912653,4273.649911770879,4273.649911770879,16.600000000000001
210.5,116,5.4217199792213373,51.549823655769856,5.3207256148128002,1.1294844444963967,0.11108876209153026,34.78788315842101,4.6706547908336855,108.98016322934477,1.3609112189205363,234.63908878107958,0.00034657087238237802,972.99965342912799,972.99965342912799,902.74234383368901,4275.2576561663163,4275.2576561663163,16.600000000000001
210.75,116,5.4287616037347641,51.611691881044699,5.2870871698568997,1.1260395666115315,0.11097413372976515,34.722532814879372,4.6623832348667023,109.09098308005593,1.353838889230117,234.64616111077001,0.0003414093475201788,972.99965859065287,972.99965859065287,901.14029485045489,4276.8597051495508,4276.8597051495508,16.600000000000001
211,116,5.4358051427006027,51.673534656656059,5.2536214353267319,1.1225988108538696,0.11085939767864293,34.657201992110956,4.6541118629740161,109.20160650105599,1.3468164161265099,234.65318358387358,0.00033633411757558304,972.99966366588274,972.99966366588274,899.54392104087117,4278.4560789591342,4278.4560789591342,16.600000000000001
211.25,116,5.4428505368270583,51.735351540703718,5.2203278419322734,1.1191622018242124,0.11074455404805739,34.591891166597073,4.6458407381342637,109.31203349746433,1.3398434011699434,234.66015659883018,0.00033134361491737754,972.99966865638532,972.99966865638532,897.95320223456667,4280.046797765438,4280.046797765438,16.600000000000001
211.5,116,5.44989772691802,51.797142092270306,5.1872058200419531,1.1157297640820338,0.11062960295669953,34.526600813773065,4.6375699232516121,109.42226407589483,1.3329194493852086,234.66708055061491,0.00032643630227553809,972.99967356369802,972.99967356369802,896.36811832915419,4281.6318816708499,4281.6318816708499,16.600000000000001
211.75,116,5.4569466538733087,51.858905871432682,5.1542547996975214,1.1123015221436767,0.11051454453214994,34.46133140801831,4.6292994811540122,109.53229824445452,1.3260441692298399,234.6739558307703,0.00032161067218424626,972.9996783893281,972.9996783893281,894.78864929002657,4283.2113507099775,4283.2113507099775,16.600000000000001
212,116,5.4639972586889183,51.920642439273614,5.1214742106289606,1.1088775004806779,0.11039937891075208,34.396083422646164,4.6210294745921372,109.64213601274152,1.3192171725625093,234.68078282743761,0.00031686524634568571,972.99968313475404,972.99968313475404,893.21477515016079,4284.7852248498439,4284.7852248498439,16.600000000000001
212.25,116,5.4710494824572793,51.982351357893279,5.088863482269395,1.1054577235180676,0.11028410623755072,34.330857329893952,4.612759966238122,109.75177739184311,1.3124380746117483,234.68756192538837,0.00031219857503477459,972.99968780142535,972.99968780142535,891.64647600991998,4286.3535239900848,4286.3535239900848,16.600000000000001
212.5,116,5.4781032663675235,52.044032190420729,5.0564220437699925,1.1020422156326835,0.11016872666623147,34.265653600912962,4.6044910186842865,109.86122239433405,1.3057064939449698,234.69429350605515,0.00030760923651757384,972.99969239076381,972.99969239076381,890.08373203685528,4287.9162679631499,4287.9162679631499,16.600000000000001
212.75,116,5.4851585517057826,52.105684501025344,5.0241493240148767,1.0986310011514968,0.11005324035905986,34.200472705758443,4.5962226944418632,109.97047103427445,1.2990220524377867,234.70097794756234,0.0003030958364824383,972.99969690416378,972.99969690416378,888.52652346550894,4289.4734765344965,4289.4734765344965,16.600000000000001
213,116,5.4922152798554791,52.167307854928183,4.9920447516360378,1.0952241043499373,0.10993764748683131,34.135315113379697,4.5879550559396911,110.07952332720801,1.2923843752436182,234.7076156247565,0.00029865700748035089,972.99970134299281,972.99970134299281,886.97483059721674,4291.0251694027884,4291.0251694027884,16.600000000000001
213.25,116,5.4992733922976509,52.228901818413192,4.960107755028246,1.0918215494501153,0.10982194822892778,34.07018129161024,4.5796881655225965,110.18837929016007,1.2857930907635444,234.71420690923657,0.00029429140834664086,972.99970570859193,972.99970570859193,885.42863379990808,4292.5713662000971,4292.5713662000971,16.600000000000001
213.5,116,5.506332830611262,52.290465958838666,4.9283377623639462,1.0884233606193274,0.10970614277312567,34.00507170715774,4.5714220854504966,110.29703894163555,1.2792478306165476,234.72075216938359,0.00028999772370628631,972.99971000227663,972.99971000227663,883.88791350791291,4294.1120864920922,4294.1120864920922,16.600000000000001
213.75,116,5.5133935364735436,52.351999844648418,4.896734201608151,1.0850295619684069,0.10959023131555493,33.939986825594197,4.5631568778970522,110.40550230161682,1.2727482296099717,234.72725177039015,0.00028577466344735947,972.99971422533679,972.99971422533679,882.3526502217652,4295.6473497782399,4295.6473497782399,16.600000000000001
214,116,5.5204554516603377,52.413503045382946,4.86529650053334,1.0816401775500817,0.10947421406066604,33.874927111346096,4.5548926049483089,110.51376939156169,1.2662939257102712,234.73370607428984,0.00028162096220357968,972.99971837903809,972.99971837903809,880.82282450800665,4297.1771754919982,4297.1771754919982,16.600000000000001
214.25,116,5.5275185180464623,52.474975131690584,4.8340240867343445,1.0782552313573623,0.10935809122117666,33.809893027684538,4.546629328601389,110.62184023440138,1.2598845600140374,234.74011543998608,0.00027753537885411418,972.99972246462141,972.99972246462141,879.29841699899055,4298.7015830010141,4298.7015830010141,16.600000000000001
214.5,116,5.5345826776060818,52.53641567533856,4.8029163876432266,1.0748747473219469,0.10924186301801871,33.744885036715516,4.5383671107631871,110.7297148545383,1.2535197767193083,234.7464802232808,0.00027351669603429727,972.99972648330424,972.99972648330424,877.77940839268706,4300.2205916073181,4300.2205916073181,16.600000000000001
214.75,116,5.5416478724130807,52.597824249224018,4.7719728305441445,1.0714987493126311,0.10912552968028609,33.679903599370114,4.5301060132490516,110.83739327784396,1.2471992230971471,234.75280077690297,0.00026956371965708214,972.99973043628074,972.99973043628074,876.26577945248755,4301.734220547517,4301.734220547517,16.600000000000001
215,116,5.5487140446414625,52.659200427385052,4.7411928425882293,1.0681272611338206,0.10900909144513511,33.614949175394656,4.5218460977815749,110.94487553165676,1.2409225494634657,234.75907745053667,0.00026567527842198744,972.99973432472189,972.99973432472189,874.75751100701177,4303.2424889929935,4303.2424889929935,16.600000000000001
215.25,116,5.5557811365657477,52.720543785011628,4.7105758508084241,1.0647603065239803,0.10889254855772404,33.550022223341038,4.5135874259892983,111.05216164477973,1.2346894091511369,234.765310590849,0.00026185022335284967,972.99973814977704,972.99973814977704,873.25458394991267,4304.745416050092,4304.745416050092,16.600000000000001
215.5,116,5.5628490905613912,52.781853898456355,4.6801212821343015,1.061397909153966,0.10877590127123217,33.485123200557176,4.5053300594052406,111.15925164747827,1.2284994584824251,234.7715005415177,0.00025808742738340704,972.99974191257286,972.99974191257286,871.75697923968232,4306.2430207603229,4306.2430207603229,16.600000000000001
215.75,116,5.5699178491052077,52.843130345245314,4.6498285634068885,1.0580400926255589,0.1086591498467669,33.420252563177272,4.4970740594656737,111.26614557147802,1.2223523567416084,234.77764764325852,0.00025438578489889792,972.99974561421539,972.99974561421539,870.26467789945798,4307.7353221005469,4307.7353221005469,16.600000000000001
216,116,5.5769873547758015,52.904372704088821,4.6196971213934681,1.0546868804699476,0.10854229455330809,33.355410766112243,4.4888194875088097,111.3728434499624,1.216247766147885,234.78375223385223,0.00025074421130507214,972.99974925578897,972.99974925578897,868.77766101682948,4309.2223389831752,4309.2223389831752,16.600000000000001
216.25,116,5.5840575502540108,52.965580554892121,4.5897263828023691,1.0513382961462279,0.10842533566765263,33.290598263040103,4.4805664047734854,111.47934531757035,1.2101853518285368,234.78981464817161,0.00024716164260654981,972.99975283835772,972.99975283835772,867.29590974364601,4310.7040902563585,4310.7040902563585,16.600000000000001
216.5,116,5.5911283783233641,53.026753478766011,4.5599157742977257,1.0479943630399102,0.1083082734743589,33.225815506396479,4.4723148723978596,111.58565121039385,1.2041647817923502,234.79583521820777,0.00024363703499430853,972.99975636296529,972.99975636296529,865.81940529582437,4312.1805947041812,4312.1805947041812,16.600000000000001
216.75,116,5.5981997818705374,53.087891058037371,4.5302647225142305,1.0446551044614265,0.10819110826569278,33.161062947365089,4.4640649514181003,111.69176116597566,1.1981857269032825,234.80181427309685,0.00024016936443805155,972.99975983063587,972.99975983063587,864.34812895315645,4313.651871046849,4313.651871046849,16.600000000000001
217,116,5.6052717038858306,53.148992876259754,4.5007726540718807,1.0413205436445641,0.1080738403415825,33.096341035868377,4.4558167027671489,111.79767522330663,1.192247860854347,234.8077521391458,0.00023675762626628095,972.99976324237412,972.99976324237412,862.88206205911888,4315.1179379408868,4315.1179379408868,16.600000000000001
217.25,116,5.6123440874636445,53.210058518223761,4.4714389955906526,1.0379907037451441,0.10795647000954943,33.031650220558014,4.4475701872733167,111.90339342282351,1.1863508601418347,234.81364913985831,0.00023340083481184919,972.99976659916547,972.99976659916547,861.42118602068035,4316.5788139793258,4316.5788139793258,16.600000000000001
217.5,116,5.6194168758029752,53.271087569967428,4.4422631737051921,1.0346656078395513,0.10783899758465605,32.966990948805517,4.439325465659004,112.00891580640626,1.1804944040397163,234.81950559596041,0.0002300980230252857,972.99976990197729,972.99976990197729,859.96548230811072,4318.0345176918954,4318.0345176918954,16.600000000000001
217.75,116,5.6264900122079053,53.332079618786551,4.413244615079476,1.0313452789232846,0.1077214233894519,32.902363666692921,4.4310825985393993,112.11424241737566,1.1746781745742982,234.82532182542585,0.00022684824210003409,972.99977315175829,972.99977315175829,858.51493245479082,4319.4850675452153,4319.4850675452153,16.600000000000001
218,116,5.6335634400881203,53.393034253244984,4.3843827464214353,1.0280297399095402,0.10760374775391822,32.83776881900355,4.4228416464211762,112.21937330049057,1.1689018564991212,234.83109814350101,0.00022365056110895817,972.99977634943923,972.99977634943923,857.06951805702249,4320.9304819429826,4320.9304819429826,16.600000000000001
218.25,116,5.6406371029594142,53.453951063184753,4.3556769944975695,1.0247190136278044,0.10748597101541255,32.773206849212734,4.4146026697011918,112.32430850194548,1.1631651372700973,234.83683486273003,0.00022050406664865703,972.99977949593369,972.99977949593369,855.62922077383837,4322.3707792261675,4322.3707792261675,16.600000000000001
218.5,116,5.6477109444442188,53.514829639736213,4.3271267861475167,1.0214131228224586,0.10736809351861305,32.708678199478612,4.4063657286651869,112.42904806936781,1.1574677070208859,234.84253229297926,0.00021740786249142369,972.99978259213788,972.99978259213788,854.19402232681307,4323.8059776731925,4323.8059776731925,16.600000000000001
218.75,116,5.654784908272136,53.575669575328085,4.2987315482986155,1.0181120901514207,0.10725011561550854,32.644183310632961,4.3981308834862638,112.53359205181542,1.1518092585384694,234.84819074146168,0.00021436106922738236,972.99978563893103,972.99978563893103,852.76390449987161,4325.2360955001341,4325.2360955001341,16.600000000000001
219,116,5.6618589382804752,53.636470463697393,4.2704907079804197,1.0148159381847683,0.10713203766532929,32.579722622172149,4.3898981942236608,112.63794049977386,1.146189487239003,234.85381051276113,0.00021136282393644803,972.99978863717649,972.99978863717649,851.3388491391014,4326.6611508609049,4326.6611508609049,16.600000000000001
219.25,116,5.6689329784147979,53.697231899899485,4.2424036923391713,1.0115246894033656,0.10701386003445496,32.515296572248012,4.3816677208216248,112.74209346515357,1.1406080911439125,234.85939190885622,0.00020841227987636692,972.99979158772055,972.99979158772055,849.9188381525662,4328.0811618474399,4328.0811618474399,16.600000000000001
219.5,116,5.6760069727294686,53.757953480317802,4.2144699286522593,1.0082383661975329,0.10689558309638757,32.450905597658924,4.3734395231079919,112.84605100128709,1.1350647708561699,234.86493522914395,0.00020550860615296547,972.99979449139425,972.99979449139425,848.5038535101171,4329.4961464898879,4329.4961464898879,16.600000000000001
219.75,116,5.6830808653882237,53.818634802673664,4.1866888443426449,1.0049569908657183,0.10677720723170084,32.386550133840807,4.3652136607928655,112.94981316292646,1.1295592295368151,234.87044077046335,0.00020265098740651538,972.99979734901297,972.99979734901297,847.09387724320436,4330.9061227568009,4330.9061227568009,16.600000000000001
220,116,5.6901546006647301,53.879275466035992,4.1590598669932417,1.0016805856131812,0.10665873282798992,32.322230614858221,4.356990193467305,113.05338000624026,1.124091172881698,234.87590882711845,0.00019983862350478527,972.99980016137681,972.99980016137681,845.68889144469051,4332.3111085553146,4332.3111085553146,16.600000000000001
220.25,116,5.6972281229431694,53.939875070830922,4.1315824243612695,0.99840917255068939,0.10654016027982191,32.257947473395511,4.3487691806020123,113.15675158881088,1.1186603090984415,234.88133969090171,0.00019707072924266336,972.99980292927114,972.99980292927114,844.28887826866332,4333.7111217313422,4333.7111217313422,16.600000000000001
220.5,116,5.7043013767188082,54.00043321885137,4.104255944392567,0.99514277369323956,0.10642148998866303,32.193701140748026,4.3405506815460999,113.2599279696316,1.1132663488836156,234.88673365111651,0.00019434653404353213,972.9998056534663,972.9998056534663,842.89381993025052,4335.1061800697535,4335.1061800697535,16.600000000000001
220.75,116,5.711374306598584,54.060949513266685,4.0770798552358851,0.99188141095882154,0.10630272236274045,32.129492046813276,4.3323347555261238,113.36290920910334,1.1079090054001064,234.89209099460001,0.00019166528165384821,972.99980833471864,972.99980833471864,841.50369870543727,4336.4963012945673,4336.4963012945673,16.600000000000001
221,116,5.7184468573017089,54.121423558631818,4.050053585257098,0.98862510616709443,0.10618385781712489,32.06532062008236,4.3241214616442694,113.46569536903225,1.1025879942547723,234.89741200574537,0.00018902622988761813,972.99981097377042,972.99981097377042,840.11849693087493,4337.8815030691303,4337.8815030691303,16.600000000000001
221.25,116,5.7255189736602636,54.181854960896771,4.0231765630534033,0.98537388103815804,0.10606489677363552,32.001187287631275,4.3159108588772259,113.56828651262649,1.0973030334762557,234.90269696652388,0.00018642865034160675,972.99981357134993,972.99981357134993,838.73819700369791,4339.2618029963069,4339.2618029963069,16.600000000000001
221.5,116,5.7325906006198037,54.242243327415849,3.99644821746748,0.98212775719132273,0.10594583966077624,31.937092475112355,4.30770300607493,113.67068270449333,1.092053843493012,234.90794615650711,0.0001838718281227077,972.99981612817226,972.99981612817226,837.36278138133878,4340.6372186186663,4340.6372186186663,16.600000000000001
221.75,116,5.7396616832399694,54.302588266956853,3.9698679776016013,0.97888675614388865,0.10582668691368009,31.87303660674571,4.2994979619592941,113.77288401063602,1.0868401471115519,234.91315985288858,0.00018135506158271797,972.99981864493884,972.99981864493884,835.99223258134509,4342.0077674186596,4342.0077674186596,16.600000000000001
222,116,5.7467321666951037,54.362889389710212,3.9434352728316999,0.97565089930994031,0.10570743897405327,31.809020105310793,4.2912957851229274,113.87489049845077,1.0816616694948897,234.91833833050524,0.00017887766205872664,972.99982112233829,972.99982112233829,834.62653318119453,4343.3734668188099,4343.3734668188099,16.600000000000001
222.25,116,5.7538019962748717,54.423146307297998,3.9171495328213952,0.97242020799915141,0.10558809629011981,31.745043392137962,4.2830965340278713,113.97670223672368,1.0765181381411935,234.9234818618589,0.0001764389536188247,972.99982356104681,972.99982356104681,833.26566581811221,4344.7343341818932,4344.7343341818932,16.600000000000001
222.5,116,5.7608711173848954,54.483358632782803,3.8910101875359846,0.96919470341551561,0.10546865931665572,31.681106887100228,4.2749002670040346,114.07831929562776,1.0714092828626083,234.9285907171375,0.00017403827280009388,972.99982596172754,972.99982596172754,831.90961318888469,4346.09038681112,4346.09038681112,16.600000000000001
222.75,116,5.7679394755473812,54.543525980676691,3.8650166672563664,0.96597440665623679,0.10534912851487598,31.617211008604919,4.266707042248119,114.17974174671966,1.0663348357643305,234.93366516423578,0.00017167496837332155,972.99982832503201,972.99982832503201,830.55835804967899,4347.4416419503259,4347.4416419503259,16.600000000000001
223,116,5.7750070164017497,54.603647966950014,3.8391684025929185,0.96275933871061237,0.1052295043523407,31.553356173585392,4.2585169178224813,114.28096966293644,1.0612945312238737,234.93870546877622,0.00016934840111005971,972.99983065159927,972.99983065159927,829.21188321586203,4348.7881167841424,4348.7881167841424,16.600000000000001
223.25,116,5.7820736857052868,54.663724209040105,3.8134648244993428,0.95954952045885411,0.10510978730293913,31.489542797492916,4.2503299516537503,114.38200311859238,1.0562881058705038,234.94371189412959,0.00016705794354337255,972.99983294205686,972.99983294205686,827.87017156181741,4350.1298284381874,4350.1298284381874,16.600000000000001
223.5,116,5.7891394293337841,54.723754325859943,3.7879053642864506,0.9563449726709552,0.1049899778468394,31.425771294288584,4.2421462015315541,114.4828421893758,1.0513152985648799,234.94868470143524,0.00016480297973855163,972.99983519702062,972.99983519702062,826.53320602076394,4351.4667939792407,4351.4667939792407,16.600000000000001
223.75,116,5.7962041932821906,54.783737937806649,3.7624894536358999,0.95314571600556963,0.10487007647043885,31.362042076435255,4.2339657251072556,114.58348695234575,1.0463758503788891,234.95362414962122,0.00016258290506865089,972.99983741709536,972.99983741709536,825.20096958457475,4352.79903041543,4352.79903041543,16.600000000000001
224,116,5.8032679236652678,54.843674666770013,3.7372165246138813,0.94995177100890638,0.10475008366631473,31.2983555548896,4.2257885798926864,114.68393748592879,1.0414695045756714,234.95853049542441,0.00016039712599475958,972.99983960287443,972.99983960287443,823.87344530359621,4354.1265546964087,4354.1265546964087,16.600000000000001
224.25,116,5.8103305667182452,54.903564136140879,3.7120860096847568,0.94676315811366663,0.10462999993315492,31.234712139094157,4.2176148232589332,114.78419386991551,1.0365960065898221,234.96340399341028,0.00015824505984642073,972.99984175494046,972.99984175494046,822.55061628646865,4355.449383713536,4355.449383713536,16.600000000000001
224.5,116,5.8173920687974841,54.963405970819522,3.6870973417246495,0.94357989763803685,0.10450982577566277,31.1711122369694,4.2094445124351862,114.88425618545725,1.0317551040077695,234.96824489599234,0.00015612613460087336,972.99984387386564,972.99984387386564,821.23246569994717,4356.7675343000574,4356.7675343000574,16.600000000000001
224.75,116,5.8244523763811404,55.023199797223775,3.662249954034952,0.94040200978449251,0.10438956170459014,31.107556254906111,4.201277704507298,114.98412451506275,1.0269465465484016,234.97305345345171,0.00015403978869460956,972.9998459602117,972.9998459602117,819.91897676872043,4358.0810232312842,4358.0810232312842,16.600000000000001
225,116,5.8315114360698406,55.082945243297175,3.6375432803558012,0.93722951463879867,0.10426920823665502,31.04404459775763,4.193114456416609,115.08379894259468,1.0221700860438194,234.9778299139563,0.00015198547081405966,972.99984801452956,972.99984801452956,818.61013277523261,4359.3898672247715,4359.3898672247715,16.600000000000001
225.25,116,5.8385691945873468,55.142641938517109,3.6129767548794978,0.93406243216897966,0.1041487658944867,30.980577668832179,4.1849548249587238,115.18327955326632,1.0174254764202837,234.98257452357984,0.00014996263969647533,972.99985003736072,972.99985003736072,817.30591705950474,4360.6940829404994,4360.6940829404994,16.600000000000001
225.5,116,5.8456255987812398,55.202289513902691,3.5885498122638642,0.93090078222429873,0.10402823520657374,30.917155869885299,4.1767988667822662,115.28256643363788,1.0127124736793438,234.98728752632078,0.00014797076393560779,972.99985202923631,972.99985202923631,816.00631301895658,4361.9936869810481,4361.9936869810481,16.600000000000001
225.75,116,5.852680595623589,55.261887602022725,3.5642618876455421,0.92774458453425102,0.10390761670721224,30.853779601112329,4.1686466383876617,115.38165967161318,1.0080308358791454,234.99196916412097,0.00014600932179144422,972.9998539906785,972.9998539906785,814.71130410822911,4363.2886958917761,4363.2886958917761,16.600000000000001
226,116,5.8597341322116385,55.32143583700347,3.5401124166532374,0.92459385870756761,0.10378691093645398,30.790449261140971,4.1604981961259098,115.48055935643603,1.0033803231159117,234.99661967688422,0.00014407780100340333,972.99985592219934,972.99985592219934,813.42087383900684,4364.5791261609975,4364.5791261609975,16.600000000000001
226.25,116,5.8667861557684944,55.380933854536373,3.516100835420922,0.92144862423115614,0.10366611844006371,30.727165247024008,4.1523535961974485,115.57926557868659,0.99876069750556673,235.00123930249455,0.00014217569859477304,972.99985782430167,972.99985782430167,812.13500577984348,4365.8649942201619,4365.8649942201619,16.600000000000001
226.5,116,5.8738366136438023,55.440381291885728,3.4922265806009309,0.9183089004692121,0.10354523976945801,30.663927954231902,4.1442128946508596,115.67777843027781,0.99417172316559965,235.00582827683451,0.00014030252070678704,972.99985969747968,972.99985969747968,810.8536835559828,4367.146316444022,4367.146316444022,16.600000000000001
226.75,116,5.8808854533144457,55.499777787896157,3.4684890893770293,0.91517470666227763,0.10342427548165203,30.600737776645566,4.1360761473816616,115.776098004452,0.98961316619707396,235.01038683380307,0.00013845778242529028,972.9998615422179,972.9998615422179,809.5768908491832,4368.4231091508209,4368.4231091508209,16.600000000000001
227,116,5.8879326223852315,55.559122983000123,3.4448877994774105,0.91204606192627613,0.10330322613921022,30.537595106549258,4.127943410131123,115.87422439577689,0.98508479466678645,235.01491520533332,0.00013664100760511679,972.99986335899268,972.99986335899268,808.30461139754266,4369.6953886024621,4369.6953886024621,16.600000000000001
227.25,116,5.8949780685895847,55.618416519225285,3.4214221491876349,0.90892298525158433,0.1031820923101943,30.474500334623453,4.1198147384850765,115.97215770014223,0.98058637858960707,235.01941362141051,0.00013485172870197641,972.99986514827162,972.99986514827162,807.03682899532339,4370.9631710046806,4370.9631710046806,16.600000000000001
227.5,116,5.9020217397902446,55.677658040201763,3.3980915773635005,0.90580549550211986,0.103060874568111,30.41145384993786,4.1116901878727319,116.06989801475585,0.97611768991098435,235.02388231008914,0.00013308948660787747,972.99986691051367,972.99986691051367,805.77352749277748,4372.2264725072273,4372.2264725072273,16.600000000000001
227.75,116,5.9090635839799592,55.736847191169353,3.3748955234438527,0.90269361141443971,0.10293957349185974,30.348456039944487,4.1035698135654961,116.16744543814004,0.97167850248961618,235.02832149751052,0.00013135383049003047,972.99986864616983,972.99986864616983,804.51469079597234,4373.4853092040321,4373.4853092040321,16.600000000000001
228,116,5.9161035492821856,55.795983618984636,3.3518334274633212,0.89958735159685499,0.10281818966568014,30.285507290470751,4.0954536706757967,116.26480007012778,0.96726859208028459,235.03273140791984,0.00012964431763318174,972.99987035568267,972.99987035568267,803.26030286661728,4374.7396971333874,4374.7396971333874,16.600000000000001
228.25,116,5.923141583951792,55.855066972127922,3.3289047300650081,0.89648673452854066,0.10269672367911539,30.222607985712731,4.0873418141558613,116.36196201185892,0.96288773631683011,235.0371122636833,0.00012796051327848833,972.99987203948706,972.99987203948706,802.0103477218895,4375.9896522781146,4375.9896522781146,16.600000000000001
228.5,116,5.9301776363757632,55.914096900710213,3.3061088725131289,0.89339177855861118,0.10257517612702147,30.159758508228496,4.079234298796333,116.45893136577659,0.95853571469523013,235.0414642853049,0.00012630199044614372,972.99987369800999,972.99987369800999,800.7648094342594,4377.2351905657442,4377.2351905657442,16.600000000000001
228.75,116,5.9372116550738907,55.97307305648004,3.2834452967054957,0.89030250190537963,0.10245354760941557,30.09695923893138,4.0711311792254712,116.55570823562303,0.95421230855703965,235.04578769144308,0.00012466832982963174,972.99987533167052,972.99987533167052,799.52367213132084,4378.4763278686833,4378.4763278686833,16.600000000000001
229,116,5.9442435886994902,56.031995092830222,3.2609134451860142,0.88721892265548996,0.10233183873145733,30.034210557083444,4.0630325099078819,116.65229272643589,0.94991730107282146,235.05008269892733,0.00012305911963664563,972.99987694088065,972.99987694088065,798.28691999561852,4379.713080004386,4379.713080004386,16.600000000000001
229.25,116,5.9512733860400937,56.090862664804497,3.2385127611570912,0.88414105876308802,0.10221005010340643,29.971512840289019,4.0549383451433467,116.74868494454422,0.94565047722576046,235.05434952277437,0.00012147395544319751,972.99987852604488,972.99987852604488,797.05453726447547,4380.945462735529,4380.945462735529,16.600000000000001
229.5,116,5.9583009960181617,56.149675429104079,3.216242688491965,0.88106892804901271,0.10208818234057321,29.908866464488273,4.046848739065668,116.84488499756468,0.94141162379544185,235.05858837620468,0.00011991244005359915,972.99988008756031,972.99988008756031,795.82650822982259,4382.1734917701815,4382.1734917701815,16.600000000000001
229.75,116,5.9653263676917927,56.208433044094129,3.1941026717469732,0.87800254820000012,0.10196623606327013,29.846271803950913,4.0387637456415293,116.9408929943975,0.93720052934178177,235.06279947065835,0.00011837418336334857,972.99988162581701,972.99988162581701,794.60281723802666,4383.397182761978,4383.397182761978,16.600000000000001
230,116,5.9723494502554209,56.267135169810111,3.1720921561737438,0.87494193676790177,0.10184421189676307,29.783729231269902,4.0306834186693674,117.03670904522249,0.9330169841891085,235.06698301581102,0.00011685880222487699,972.9998831411981,972.9998831411981,793.38344868972104,4384.6165513102833,4384.6165513102833,16.600000000000001
230.25,116,5.9793701930405305,56.325781467964106,3.1502105877313182,0.87188711116891537,0.10172211047122322,29.721239117355328,4.0226078117782338,117.13233326149516,0.92886078041039444,235.07113921958975,0.00011536592031611283,972.9998846340801,972.9998846340801,792.16838703963481,4385.83161296037,4385.83161296037,16.600000000000001
230.5,116,5.9863885455163599,56.384371601951024,3.1284574130982112,0.8688380886828817,0.10159993242163559,29.658801831428207,4.0145369784268121,117.22776575594243,0.92473171181159497,235.07526828818854,0.00011389516800046726,972.9998861048324,972.9998861048324,790.95761679642499,4387.0423832035785,4387.0423832035785,16.600000000000001
230.75,116,5.9934044572906018,56.442905236854699,3.1068320796843927,0.86579488645255709,0.10147767838774037,29.596417741014502,4.0064709719023348,117.32300664255865,0.9206295739161654,235.07937042608395,0.00011244618219801163,972.99988755381821,972.99988755381821,789.75112252250779,4388.2488774774956,4388.2488774774956,16.600000000000001
231,116,6.0004178781101229,56.501382039453873,3.0853340356431582,0.86275752148278773,0.10135534901406233,29.534087211939259,3.998409845319232,117.41805603660168,0.9165541639498036,235.08344583605032,0.00011101860628217353,972.99988898139407,972.99988898139407,788.54888883388719,4389.4511111661168,4389.4511111661168,16.600000000000001
231.25,116,6.0074287578616632,56.559801678228055,3.0639627298829724,0.85972601063984844,0.10123294494981955,29.47181060832072,3.9903536516181699,117.51291405458865,0.9125052808252252,235.08749471917491,0.00010961208994756633,972.99989038791045,972.99989038791045,787.35090039998772,4390.6490996000166,4390.6490996000166,16.600000000000001
231.5,116,6.0144370465725485,56.61816382336341,3.0427176120792203,0.856700370650745,0.10111046684887222,29.409588292564525,3.982302443564961,117.60758081429185,0.90848272512711914,235.09151727487301,0.00010822628909080513,972.99989177371128,972.99989177371128,786.15714194348732,4391.8428580565169,4391.8428580565169,16.600000000000001
231.75,116,6.0214426944113884,56.676468146758474,3.0215981326858836,0.85368061810252882,0.10098791536967182,29.347420625358041,3.9742562737494911,117.70205643473456,0.90448629909724443,235.09551370090287,0.00010686086569386363,972.99989313913466,972.99989313913466,784.96759824014953,4393.032401759855,4393.032401759855,16.600000000000001
232,116,6.0284456516887914,56.734714322029753,3.0006037429471397,0.85066676944162689,0.10086529117520997,29.285307965664721,3.966215194584648,117.79634103618685,0.90051580661966557,235.09948419338045,0.00010551548770985038,972.99989448451277,972.99989448451277,783.78225411865685,4394.2177458813476,4394.2177458813476,16.600000000000001
232.25,116,6.0354458688580603,56.792902024517311,2.979733894908883,0.84765884097318367,0.10074259493296739,29.223250670718585,3.958179258305262,117.8904347401613,0.89657105320612884,235.10342894679403,0.0001041898289511683,972.99989581017144,972.99989581017144,782.6010944604443,4395.3989055395596,4395.3989055395596,16.600000000000001
232.5,116,6.0424432965159056,56.851030931290154,2.958988041430171,0.84465684886041437,0.10061982731486464,29.161249096018761,3.9501485169670469,117.98433766940893,0.89265184598157032,235.10734815401855,0.00010288356897926954,972.9998971164315,972.9998971164315,781.42410419953239,4396.5758958004708,4396.5758958004708,16.600000000000001
232.75,116,6.0494378854031456,56.909100721151574,2.9383656361946144,0.84166080912388119,0.10049698899726982,29.09930359532423,3.9421230224453954,118.07804994791479,0.88875799366969233,235.11124200633046,0.00010159639297791199,972.9998984036074,972.9998984036074,780.25126832236253,4397.7487316776405,4397.7487316776405,16.600000000000001
233,116,6.0564295864054092,56.967111074644421,2.9178661337216378,0.83867073764096478,0.10037408066089112,29.037414520648415,3.9341028264344939,118.17157170089379,0.88488930657881326,235.11511069342134,0.00010032799166667971,972.99989967200884,972.99989967200884,779.08257186763046,4398.9174281323731,4398.9174281323731,16.600000000000001
233.25,116,6.0634183505538326,57.025061674056282,2.8974889893776909,0.8356866501452731,0.10025110299071811,28.975582222253987,3.9260879804463147,118.26490305478619,0.88104559658779469,235.11895440341235,9.9078061200617439e-05,972.99990092193923,972.99990092193923,777.91799992612334,4400.0820000738795,4400.0820000738795,16.600000000000001
233.5,116,6.0704041290257669,57.082952203424533,2.8772336593873811,0.83270856222601852,0.10012805667599069,28.913807048647779,3.9180785358095425,118.35804413725347,0.87722667713206282,235.12277332286808,9.7846303062810332e-05,972.99990215369735,972.99990215369735,776.75753764055446,4401.2424623594488,4401.2424623594488,16.600000000000001
233.75,116,6.0773868731454685,57.140782348541308,2.8570996008445224,0.82973648932743738,0.10000494241015039,28.852089346575731,3.91007454366855,118.4509950771738,0.87343236318978412,235.12656763681036,9.6632423964917121e-05,972.99990336757639,972.99990336757639,775.60117020539894,4402.3988297946044,4402.3988297946044,16.600000000000001
234,116,6.0843665343848023,57.198551796958327,2.8370862717231047,0.82677044674822031,0.099881760890792121,28.790429461017954,3.9020760549823943,118.54375600463771,0.86966247126816942,235.13033752873196,9.5436135749731022e-05,972.99990456386467,972.99990456386467,774.44888286673108,4403.5511171332728,4403.5511171332728,16.600000000000001
234.25,116,6.0913430643639321,57.256260237991732,2.8171931308881759,0.82381044964095851,0.099758512819615716,28.728827735183856,3.8940831205238053,118.63632705094378,0.8659168193899065,235.13408318061025,9.4257155295736464e-05,972.99990574284516,972.99990574284516,773.3006609220605,4404.6993390779435,4404.6993390779435,16.600000000000001
234.5,116,6.098316414852019,57.313907362726731,2.7974196381066507,0.82085651301160023,0.099635198902378097,28.667284510507368,3.8860957908781981,118.72870834859398,0.86219522707972041,235.13780477292045,9.3095204423631115e-05,972.99990690479592,972.99990690479592,772.15648972017016,4405.843510279833,4405.843510279833,16.600000000000001
234.75,116,6.1052865377679097,57.371492864022194,2.7777652540580302,0.81790865171893512,0.099511819848839472,28.605800126642219,3.8781141164426822,118.82090003128948,0.85849751535104368,235.1415024846491,9.1950009801706768e-05,972.99990804999061,972.99990804999061,771.01635466095331,4406.9836453390508,4406.9836453390508,16.600000000000001
235,116,6.1122533851808267,57.429016436515163,2.7582294403450573,0.81496688047413102,0.099388376372692877,28.54437492145729,3.8701381474250978,118.91290223392591,0.85482350669277296,235.14517649330739,9.0821302844009246e-05,972.99990917869752,972.99990917869752,769.88024119525301,4408.1197588047507,4408.1197588047507,16.600000000000001
235.25,116,6.1192169093110573,57.486477776625193,2.7388116595042491,0.81203121384014554,0.099264869191553029,28.483009231032145,3.862167933843025,119.00471509258907,0.85117302505628711,235.14882697494386,8.9708819641796616e-05,972.99991029118075,972.99991029118075,768.74813482469915,4409.2518651753053,4409.2518651753053,16.600000000000001
235.5,116,6.1261770625306369,57.543876582558724,2.719511375016376,0.80910166623126356,0.099141299026896806,28.421703389652578,3.8542035255228297,119.09633874455024,0.84754589584247497,235.15245410415767,8.861230087100061e-05,972.99991138769951,972.99991138769951,767.62002110154856,4410.3799788984552,4410.3799788984552,16.600000000000001
235.75,116,6.1331337973640352,57.601212554313186,2.7003280513168524,0.8061782519126286,0.099017666604012358,28.360457729806242,3.8462449720987104,119.18777332826174,0.84394194588890115,235.15605805411127,8.7531491705985877e-05,972.99991246850868,972.99991246850868,766.49588562852455,4411.5041143714798,4411.5041143714798,16.600000000000001
236,116,6.1400870664888361,57.658485393681175,2.6812611538060374,0.80326098499978016,0.098893972651950837,28.299272582178357,3.8382923230117529,119.2790189833523,0.84036100345709985,235.15963899654307,8.6466141736391824e-05,972.9999135338586,972.9999135338586,765.37571405865606,4412.6242859413487,4412.6242859413487,16.600000000000001
236.25,116,6.1470368227364123,57.715694804254447,2.6623101488594538,0.80034987945820502,0.098770217903478411,28.238148275647553,3.830345627508994,119.3700758506225,0.83680289821998666,235.16319710178016,8.541600488565885e-05,972.99991458399552,972.99991458399552,764.25949209511862,4413.7405079048858,4413.7405079048858,16.600000000000001
236.5,116,6.153983019092605,57.772840491427836,2.643474503837921,0.79744494910290054,0.098646403095028173,28.177085137281733,3.8224049346424942,119.46094407204012,0.83326746124938678,235.16673253875078,8.4380839331213393e-05,972.99991561916113,972.99991561916113,763.14720549107494,4414.8527945089299,4414.8527945089299,16.600000000000001
236.75,116,6.1609256086983946,57.829922162403022,2.6247536870975994,0.79454620759795203,0.098522528966652312,28.116083492334074,3.814470293268418,119.55162379073548,0.8297545250036813,235.17024547499648,8.336040742628691e-05,972.99991663959293,972.99991663959293,762.03884004951578,4415.9611599504888,4415.9611599504888,16.600000000000001
237,116,6.1678645448505725,57.886939526192357,2.6061471679999575,0.79165366845611973,0.098398596261961332,28.055143664239093,3.8065417520462157,119.64211515099683,0.82626392331553289,235.17373607668463,8.2354475616586254e-05,972.99991764552476,972.99991764552476,760.93438162310315,4417.0656183769006,4417.0656183769006,16.600000000000001
237.25,116,6.1747997810024025,57.943892293622376,2.5876544169216475,0.78876734503844115,0.098274605728072603,27.994265974608801,3.7986193594377524,119.73241829826546,0.82279549137975094,235.17720450862041,8.1362814363368892e-05,972.99991863718594,972.99991863718594,759.83381611401285,4418.1661838859918,4418.1661838859918,16.600000000000001
237.5,116,6.1817312707642929,58.000780177337418,2.5692749052642787,0.78588725055384989,0.098150558115586262,27.933450743228946,3.7907031637062398,119.82253337913127,0.81934906574134225,235.18065093425881,8.038519808218375e-05,972.99991961480225,972.99991961480225,758.73712947377385,4419.2628705262305,4419.2628705262305,16.600000000000001
237.75,116,6.1886589679044501,58.057602891803015,2.5510081054641254,0.78301339805880243,0.098026454178524111,27.872698288055307,3.7827932129154558,119.91246054132796,0.81592448428357522,235.18407551571659,7.9421405063979209e-05,972.99992057859527,972.99992057859527,757.6443077031131,4420.355692296891,4420.355692296891,16.600000000000001
238,116,6.1955828263495434,58.114360153309207,2.5328534910017391,0.78014580045691806,0.097902294674280979,27.812008925210151,3.7748895549288743,120.00219993372822,0.81252158621618775,235.18747841378396,7.8471217404002029e-05,972.99992152878292,972.99992152878292,756.55533685179887,4421.444663148206,4421.444663148206,16.600000000000001
238.25,116,6.2025028001853535,58.171051679973836,2.5148105364114697,0.77728447049863347,0.097778080363575839,27.751382968978696,3.7669922374088123,120.091751706339,0.8091402120637049,235.19085978793646,7.7534420932177901e-05,972.99992246557929,972.99992246557929,755.4702030184842,4422.5297969815201,4422.5297969815201,16.600000000000001
238.5,116,6.2094188436574242,58.227677191745684,2.4968787172909033,0.77442942078086807,0.097653812010402963,27.690820731805722,3.7591013078155826,120.18111601029671,0.80578020365386505,235.19421979634629,7.6610805144894454e-05,972.99992338919526,972.99992338919526,754.3888923505516,4423.6111076494526,4423.6111076494526,16.600000000000001
238.75,116,6.2163309111717115,58.284236410407473,2.4790575103102079,0.77158066374670375,0.097529490381983136,27.630322524292222,3.751216813406661,120.2702929978624,0.80244140410615405,235.19755859589401,7.5700163138165937e-05,972.99992429983718,972.99992429983718,753.31139104395743,4424.6886089560476,4424.6886089560476,16.600000000000001
239,116,6.2232389572952274,58.340729059578912,2.4613463932213904,0.76873821168507395,0.097405116248716714,27.569888655192166,3.7433388012358479,120.35928282241697,0.7991236578204437,235.2008763421797,7.4802291541782665e-05,972.99992519770888,972.99992519770888,752.23768534307658,4425.7623146569276,4425.7623146569276,16.600000000000001
239.25,116,6.2301429367566827,58.397154864719369,2.4437448448674686,0.76590207673041799,0.097280690384193805,27.509519431409437,3.7354673181521774,120.44808563845648,0.79582681046568438,235.20417318953449,7.3916990444985943e-05,972.99992608300988,972.99992608300988,751.16776154054628,4426.8322384594585,4426.8322384594585,16.600000000000001
239.5,116,6.2370428044471229,58.45351355313079,2.4262523451915454,0.76307227086244411,0.09715621356508998,27.449215157994651,3.7276024107993728,120.53670160158708,0.79255070896880586,235.20744929103137,7.3044063343142391e-05,972.9999269559371,972.9999269559371,750.10160597711399,4427.89839402289,4427.89839402289,16.600000000000001
239.75,116,6.2439385154205542,58.509804853960361,2.4088683752458038,0.7602488059058663,0.09703168657110918,27.388976138142205,3.7197441256150898,120.6251308685201,0.78929520150368015,235.21070479849647,7.218331707756151e-05,972.99992781668323,972.99992781668323,749.03920504148357,4428.9607949585206,4428.9607949585206,16.600000000000001
240,116,6.250830024894575,58.566028498203039,2.3915924172004028,0.75743169353012652,0.096907110184955791,27.328802673187397,3.711892508830033,120.71337359706726,0.78606013748015935,235.21393986251999,7.1334561771581163e-05,972.99992866543869,972.99992866543869,747.98054517016215,4430.0194548298423,4430.0194548298423,16.600000000000001
