model_time,CD95,FADD,DISC,p55free,DISCp55,p30,p43,p18,p18inactive,Bid,tBid,PrNES_mCherry,PrNES,mCherry,PrER_mGFP,PrER,mGFP,CD95L
0,12,90,0,127,0,0,0,0,0,224,0,1909,0,0,3316,0,0,16.600000000000001
0.25,12,89.910579189734349,0.088725977141604864,126.99930516687596,0.00069417142195648293,6.6169118120963371e-07,1.0908727594196937e-11,1.444049617571909e-14,5.4696143280186429e-17,223.99999999999994,5.6651937293388259e-14,1908.9999999999986,1.3904304507730447e-12,1.3904304507730447e-12,3316,2.9070418731958578e-15,2.9070418731958578e-15,16.600000000000001
0.5,12,89.821371763061563,0.17586551339290676,126.99723727645362,0.0027574571874064038,5.2660164691383793e-06,3.4165168750777066e-10,8.6717141593358677e-13,5.9969770625995282e-15,223.99999999999659,3.4043467206463633e-12,1908.9999999999168,8.355420081862624e-11,8.355420081862624e-11,3315.9999999999995,3.1873295607456767e-13,3.1873295607456767e-13,16.600000000000001
0.75,12,89.732375281240309,0.26144567466369828,126.99382095589424,0.0061613609861784178,1.7680544278117629e-05,2.565518096636832e-09,9.7194057439248165e-12,9.9707493115215308e-14,223.99999999996172,3.8309323031898597e-11,1908.99999999906,9.4024056081592771e-10,9.4024056081592771e-10,3315.999999999995,5.299347269742827e-12,5.299347269742827e-12,16.600000000000001
1,12,89.643587345972094,0.34549310793947935,126.98908045385699,0.010877843262022655,4.1692135954383717e-05,1.0690444220912608e-08,5.3884514831922665e-11,7.3677308138619527e-13,223.9999999997867,2.1332115592817398e-10,1908.9999999947647,5.235623796240133e-09,5.235623796240133e-09,3315.9999999999613,3.9158706083927334e-11,3.9158706083927334e-11,16.600000000000001
1.25,12,89.555005598770919,0.42803404595046557,126.98303964451506,0.016879314790701944,8.1008226822948737e-05,3.2261087023887664e-08,2.0287284620642855e-10,3.4702145871381455e-12,223.99999999919331,8.0669399244344203e-10,1908.999999980201,1.9799003266850727e-08,1.9799003266850727e-08,3315.9999999998158,1.8443821645903433e-10,1.8443821645903433e-10,16.600000000000001
1.5,12,89.466627720340796,0.50909431187316101,126.97572203160372,0.024138630320759556,0.00013925808310926224,7.9382158848974618e-08,5.979711703684584e-10,1.2292156259707434e-11,223.99999999761175,2.3882613741701615e-09,1908.9999999413842,5.8616024405672925e-08,5.8616024405672925e-08,3315.9999999993474,6.5331503860852753e-10,6.5331503860852753e-10,16.600000000000001
1.75,12,89.378451429960307,0.58869932406145031,126.96715075249755,0.032629082273083573,0.00021999403644182348,1.6966869675645264e-07,1.4884762187255958e-09,3.5753551306081003e-11,223.99999999402885,5.9711498554805124e-09,1908.9999998534477,1.4655224484176349e-07,1.4655224484176349e-07,3315.999999998101,1.9002632457973517e-09,1.9002632457973517e-09,16.600000000000001
2,12,89.290474484874522,0.66687410080280796,126.95734858231332,0.042324394501623147,0.00032669269590699247,3.2712512561985552e-07,3.2740290772518286e-09,9.0022092213315736e-11,223.99999998680801,1.3191991786908972e-08,1908.999999676224,3.2377616657406601e-07,3.2377616657406601e-07,3315.9999999952161,4.7845785074103513e-09,4.7845785074103513e-09,16.600000000000001
2.25,12,89.202694679694275,0.74364326509472622,126.94633793803372,0.053198716115271771,0.00046275613841315961,5.8295729646057868e-07,6.5523063196631855e-09,2.0300873127304739e-10,223.9999999734826,2.6517400123214872e-08,1908.9999993491733,6.5082682718486387e-07,6.5082682718486387e-07,3315.9999999892107,1.0789698268322451e-08,1.0789698268322451e-08,16.600000000000001
2.5,12,89.115109845802891,0.81903104943738747,126.93414088264913,0.06522661536166216,0.00063151307774914739,9.7632030040388545e-07,1.2171504487221377e-08,4.1967962587705632e-10,223.99999995052491,4.9475099955776539e-08,1908.9999987857138,1.2142865505723841e-06,1.2142865505723841e-06,3315.9999999776946,2.2305525994729373e-08,2.2305525994729373e-08,16.600000000000001
2.75,12,89.027717850770159,0.89306130063782441,126.92077912931239,0.078383073573446274,0.00083622001288952087,1.5550056776660585e-06,2.1286940404004462e-08,8.0867905294170453e-10,223.9999999130923,8.6907712213157006e-08,1908.9999978669905,2.133009658579768e-06,2.133009658579768e-06,3315.9999999570196,4.2980432035583553e-08,4.2980432035583553e-08,16.600000000000001
3,12,88.940516597773808,0.96575748462245214,126.9062740455046,0.092643479177360863,0.0010800623559214951,2.3760704606531458e-06,3.5421340102481496e-08,1.4703311038665956e-09,223.9999998547521,1.4524787083895433e-07,1908.9999964351255,3.5648747783385126e-06,3.5648747783385126e-06,3315.9999999218539,7.8146535203704514e-08,7.8146535203704514e-08,16.600000000000001
3.25,12,88.8535040250283,1.0371426912543005,126.89064665720821,0.1079836217664497,0.0013661555400315373,3.5064109076012429e-06,5.6528310052719378e-08,2.5461035918508478e-09,223.99999976718692,2.3281309995716711e-07,1908.9999942859779,5.7140221264887641e-06,5.7140221264887641e-06,3315.9999998646776,1.3532269938920348e-07,1.3532269938920348e-07,16.600000000000001
3.5,12,88.766678105221118,1.1072396391505648,126.87391765308369,0.12437968623585065,0.0016975461080818205,5.0232843740334181e-06,8.7058393004214301e-08,4.2296271815605757e-09,223.99999963988142,3.6011859749842184e-07,1908.9999911614698,8.8385302783454964e-06,8.8385302783454964e-06,3315.9999997752006,2.248001885873513e-07,2.248001885873513e-07,16.600000000000001
3.75,12,88.680036844956263,1.1760706804979533,126.85610738864754,0.14180824698226091,0.0020772127821055237,7.0147814139521188e-06,1.3002738701052571e-07,6.7793025899708714e-09,223.99999945979317,5.4020682468580924e-07,1908.9999867414947,1.3258505409366602e-05,1.3258505409366602e-05,3315.9999996396878,3.6031272622064358e-07,3.6031272622064358e-07,16.600000000000001
4,12,88.59357828420525,1.2436578058623591,126.8372358904486,0.16024626216730353,0.0025080675141607093,9.580250927259292e-06,1.8908647284443673e-07,1.0532553390135789e-08,223.99999921100761,7.8899240673903621e-07,1908.9999806354538,1.9364546325126837e-05,1.9364546325126837e-05,3315.9999994402065,5.5979401650612127e-07,5.5979401650612127e-07,16.600000000000001
4.25,12,88.507300495765435,1.310022648989895,126.8173228602398,0.17967106804491709,0.0029929565189333149,1.2830680825545742e-05,2.6859377326000552e-07,1.5921762344739493e-08,223.99999887437895,1.1256210533712371e-06,1908.9999723734466,2.7626553583506065e-05,2.7626553583506065e-05,3315.9999991537757,8.4622474363908637e-07,8.4622474363908637e-07,16.600000000000001
4.5,12,88.421201584725623,1.3751864915964651,126.79638767914318,0.20006037335283397,0.0035346612884715922,1.6889036612932931e-05,3.7368699463055426e-07,2.3491919286864235e-08,223.99999842715874,1.5728412654949566e-06,1908.9999613971477,3.8602852432301355e-05,3.8602852432301355e-05,3315.9999987514298,1.2485705378888306e-06,1.2485705378888306e-06,16.600000000000001
4.75,12,88.335279687939035,1.4391702681430782,126.77444941180529,0.22139225376821273,0.0041358995894315931,2.1890560258190544e-05,5.1035680453642737e-07,3.392000831768566e-08,223.99999784261243,2.1573875986790693e-06,1908.9999470504008,5.2949599386675856e-05,5.2949599386675856e-05,3315.9999981971878,1.8028123845354478e-06,1.8028123845354478e-06,16.600000000000001
5,12,88.249532973503463,1.5019945705945432,126.75152681054119,0.2436451464273526,0.0047993264431809958,2.7983031470828669e-05,6.8552067531996159e-07,4.8036138387990269e-08,223.99999708962559,2.9103744320931263e-06,1908.9999285695535,7.1430446643900181e-05,7.1430446643900181e-05,3315.9999974469306,2.5530696917953729e-06,2.5530696917953729e-06,16.600000000000001
5.25,12,88.163959640248791,1.5636796531591088,126.72763831946457,0.26679784450944721,0.005527535089115126,3.5326993546736149e-05,9.0709690822071399e-07,6.6846425994418263e-08,223.99999613230088,3.8676991533932436e-06,1908.9999050735623,9.4926437593347306e-05,9.4926437593347306e-05,3315.999996447184,3.5528164817706658e-06,3.5528164817706658e-06,16.600000000000001
5.5,12,88.078557917231592,1.6242454370065127,126.70280207860193,0.29082949188438073,0.0063230579315430094,4.4095945979220505e-05,1.1840785317840494e-06,9.1557649220854526e-08,223.9999949295464,5.070453640229526e-06,1908.9998755538941,0.00012444610594849079,0.00012444610594849079,3315.9999951338086,4.8661917264922091e-06,4.8661917264922091e-06,16.600000000000001
5.75,12,87.993326063236978,1.683711514962744,126.67703592798917,0.31571957782428839,0.0071883674704442419,5.4476505563861342e-05,1.5266069198677399e-06,1.2360363928942829e-07,223.9999934346568,6.5653432417124505e-06,1908.9998388642412,0.000161135758946477,0.000161135758946477,3315.9999934305979,6.5694020307270161e-06,6.5694020307270161e-06,16.600000000000001
6,12,87.908262366287488,1.7420971561791396,126.65035741174837,0.3414479317788503,0.0081258772164429626,6.6668538089726455e-05,1.9460448452947844e-06,1.6467342360032429e-07,223.99999159488783,8.4051122012592055e-06,1908.9997937100813,0.00020628991863208714,0.00020628991863208714,3315.9999912477824,8.7522174045179453e-06,8.7522174045179453e-06,16.600000000000001
6.25,12,87.823365143159208,1.7994213107741883,126.62278378214349,0.36799471821404867,0.0091379425902910101,8.08852622777098e-05,2.45504881813481e-06,2.1674109071921743e-07,223.99998935102528,1.0648974749390309e-05,1908.9997386380976,0.00026136190229008606,0.00026136190229008606,3315.9999884804415,1.1519558555358987e-05,1.1519558555358987e-05,16.600000000000001
6.5,12,87.738632738904727,1.8557026144461495,126.594332003613,0.39534043151420234,0.010226861807171826,9.7353327768407618e-05,3.067640510365982e-06,2.8209736344494268e-07,223.99998663694905,1.3363051003666208e-05,1908.9996720254792,0.00032797452084684702,0.00032797452084684702,3315.9999850068252,1.4993174962952475e-05,1.4993174962952475e-05,16.600000000000001
6.75,12,87.654063526383197,1.9109593930548707,126.56501875677813,0.4234658909470313,0.011394876746115234,0.00011631286879208685,3.7992771088754684e-06,3.6338285682891475e-07,223.99998337919314,1.6620806913965011e-05,1908.9995920691235,0.00040793087654019994,0.00040793087654019994,3315.9999806865876,1.9313412507266013e-05,1.9313412507266013e-05,16.600000000000001
7,12,87.569655905797362,1.9652096671712642,126.53486044242521,0.45235223569147204,0.012644173804807585,0.00013801753510143914,4.6669204554776109e-06,4.6362299138769705e-07,223.99997949650253,2.0503497520661764e-05,1908.9994967747582,0.00050322524187710455,0.00050322524187710455,3315.9999753589309,2.4641069068224732e-05,2.4641069068224732e-05,16.600000000000001
7.25,12,87.485408304237296,2.0184711565929927,126.50387318546093,0.48198091992795722,0.013976884740074179,0.000162734501681512,5.6891048402539905e-06,5.8626453329187251e-07,223.99997489938721,2.5100612835699739e-05,1908.9993839459971,0.0006160540029386967,0.0006160540029386967,3315.9999688406638,3.1159336597301942e-05,3.1159336597301942e-05,16.600000000000001
7.5,12,87.401319175231166,2.0707612848250299,126.47207283883914,0.51233370799084232,0.01539508749430182,0.00019074445867702848,6.8860033334719235e-06,7.3521372788627799e-07,223.99996948967433,3.0510325699404622e-05,1908.999251173349,0.00074882665114358584,0.00074882665114358584,3315.9999609241722,3.9075827872764639e-05,3.9075827872764639e-05,16.600000000000001
7.75,12,87.317386998302524,2.122097183523866,126.43947498745786,0.54339266958263654,0.016900807008061416,0.00022234158290471032,8.2794925576079478e-06,9.1487598874090782e-07,223.99996316005902,3.6839941007579879e-05,1908.9990958231913,0.00090417680860289853,0.00090417680860289853,3315.9999513753137,4.8624685929452852e-05,4.8624685929452852e-05,16.600000000000001
8,12,87.23361027853467,2.1724956969041833,126.40609495202595,0.57514017504969495,0.018496016019185661,0.0002578334922764568,9.8932158032301662e-06,1.1301971067921915e-06,223.99995579365429,4.4206345725410624e-05,1908.9989150267274,0.0010849732727383269,0.0010849732727383269,3315.999939931226,6.0068774279395226e-05,6.0068774279395226e-05,16.600000000000001
8.25,12,87.149987546141134,2.2219733861069542,126.37194779289776,0.60755889071899249,0.020182635848546893,0.0002975411843745508,1.1752644414725165e-05,1.3867059376683537e-06,223.99994726354083,5.2736459157755387e-05,1908.9987056689331,0.0012943310671361889,0.0012943310671361889,3315.9999262980546,7.370194569589798e-05,7.370194569589798e-05,16.600000000000001
8.5,12,87.066517356043306,2.2705465335280106,126.33704831387541,0.64063177429557872,0.021962537172772092,0.0003417989603501343,1.3885137385461878e-05,1.6905585228109394e-06,223.99993743231701,6.2567682984334547e-05,1908.9984643775135,0.0015356224865653808,0.0015356224865653808,3315.9999101486133,8.9851387201848618e-05,8.9851387201848618e-05,16.600000000000001
8.75,12,86.983198287454101,2.3182311471060975,126.3014110659775,0.67434207032034954,0.023837540784134744,0.00039095433533174235,1.6319999084933085e-05,2.0485836086704766e-06,223.99992615164945,7.3848350550024476e-05,1908.9981875118763,0.0018124881236331722,0.0018124881236331722,3315.9998911199614,0.00010888003936345728,0.00010888003936345728,16.600000000000001
9,12,86.900028943468456,2.3650429645696618,126.26505035117351,0.70867330568768439,0.025809418337844014,0.00044536793637293433,1.9088535088105851e-05,2.4683295129205665e-06,223.99991326182501,8.6738175003878653e-05,1908.997871152133,0.0021288478670942372,0.0021288478670942372,3315.9998688109131,0.00013118908717577672,0.00013118908717577672,16.600000000000001
9.25,12,86.817007950659942,2.4109974576416522,126.22798022608323,0.7436092852225159,0.027879893086950786,0.00050541338895726041,2.222410607218641e-05,2.9581122902066672e-06,223.99989859130415,0.00010140869588116406,1908.9975110881383,0.002488911861840692,0.002488911861840692,3315.9998427794803,0.00015722052001609102,0.00015722052001609102,16.600000000000001
9.5,12,86.73413395868387,2.4561098362015654,126.19021450564055,0.77913408731641753,0.030050640605090467,0.00057147719307327756,2.5762179733482568e-05,3.5270651577233566e-06,223.99988195627625,0.00011804372371571502,1908.9971028085797,0.002897191420426264,0.002897191420426264,3315.9998125402417,0.00018745975855458531,0.00018745975855458531,16.600000000000001
9.75,12,86.651405639886576,2.5003950524041882,126.15176676672091,0.81523205962224277,0.032323289497267323,0.00064395858975050161,2.9740380713188717e-05,4.1851891295726502e-06,223.99986316021767,0.00013683978234983594,1908.9966414901221,0.0033585098779405744,0.0033585098779405744,3315.9997775616539,0.0002224383459089492,0.0002224383459089492,16.600000000000001
10,12,86.568821688920863,2.543867804754484,126.11265035173203,0.85188781480684483,0.034699422098883777,0.00072326941893210376,3.4198538518094484e-05,4.9434048113648321e-06,223.99984199345138,0.00015800654861285288,1908.9961219866179,0.0038780133821406178,0.0038780133821406178,3315.9997372632997,0.00026273670046281998,0.00026273670046281998,16.600000000000001
10.25,12,86.486380822367749,2.5865425421380825,126.07287837216711,0.88908622636143508,0.037180575163217107,0.00080983396954093347,3.9178733413620854e-05,5.8136053129168745e-06,223.99981823271094,0.00018176728904142366,1908.9955388183896,0.0044611816107937583,0.0044611816107937583,3315.9996910130722,0.00030898692810777284,0.00030898692810777284,16.600000000000001
10.5,12,86.404081778363917,2.6284334678070671,126.03246371212045,0.92681242446904755,0.039768240537527928,0.00090408882246005627,4.472534031518865e-05,6.808710219538356e-06,223.99979164070658,0.00020835929341137048,1908.9948861615896,0.0051138384105586443,0.0051138384105586443,3315.9996381243095,0.00036187569074554952,0.00036187569074554952,16.600000000000001
10.75,12,86.321923316235555,2.6695545433205177,125.99141903176485,0.96505179192869472,0.042463865828000401,0.0010064826872541854,5.0885070641602144e-05,7.9427205901369641e-06,223.99976196569523,0.00023803430475349911,1908.9941578376511,0.0058421623493360433,0.0058421623493360433,3315.9995778528714,0.00042214712936163945,0.00042214712936163945,16.600000000000001
11,12,86.239904216137788,2.7099194924396484,125.94975677079034,1.0037899601356515,0.045268855053687058,0.0011174762332536723,5.7707012175303763e-05,9.2307749190001482e-06,223.99972894105431,0.00027105894568010038,1908.9933473028225,0.0066526971778088128,0.0066526971778088128,3315.9995093941625,0.0004906058383136511,0.0004906058383136511,16.600000000000001
11.25,12,86.158023278700099,2.7495418049771581,125.90748915180431,1.0430128051174159,0.04818456928964486,0.0012375419157136477,6.5242666917833143e-05,1.0689206024120763e-05,223.99969228485921,0.00030771514076636587,1908.9924476378062,0.0075523621938607486,0.0075523621938607486,3315.9994318801118,0.00056811988886039334,0.00056811988886039334,16.600000000000001
11.5,12,86.0762793246775,2.7884347406006462,125.86462818369236,1.0827064436248117,0.051212327299432793,0.0013671637976432607,7.3545986971863302e-05,1.2335598808919115e-05,223.99965169946515,0.00034830053481269295,1908.9914515374944,0.0085484625055684427,0.0085484625055684427,3315.9993443761018,0.00065562389910616705,0.00065562389910616705,16.600000000000001
11.75,12,85.994671194607363,2.8266113325898625,125.82118566493992,1.1228572292777395,0.054353406157144853,0.0015068373679090303,8.2673408462310185e-05,1.4188848854182017e-05,223.99960687109316,0.00039312890679447341,1908.9903513008119,0.0096486991879820173,0.0096486991879820173,3315.9992458778529,0.00075412214806464515,0.00075412214806464515,16.600000000000001
12,12,85.913197748471987,2.8640843915477001,125.77717318691437,1.1634517487650491,0.057609041859143124,0.0016570693561541302,9.2683883527574541e-05,1.6269221791267009e-05,223.99955746942064,0.00044253057934870845,1908.9891388206697,0.010861179329955872,0.010861179329955872,3315.9991353082696,0.00086469173123964653,0.00086469173123964653,16.600000000000001
12.25,12,85.831857865366473,2.9008665090648047,125.73260213710746,1.2044768180980261,0.060980429925655513,0.0018183775450622485,0.00010363891040378731,1.8598413413452686e-05,223.99950314717634,0.00049685282364693949,1908.9878055740326,0.012194425967291934,0.012194425967291934,3315.9990115142455,0.00098848575543018075,0.00098848575543018075,16.600000000000001
12.5,12,85.750650443172447,2.9369700613377732,125.68748370233813,1.2459194789169572,0.064468725992396197,0.0019912905804468353,0.00011560256163702332,2.1199610478732919e-05,223.99944353974044,0.00055646025953185092,1908.9863426121005,0.013657387899137612,0.013657387899137612,3315.9988732634306,0.0011267365702764258,0.0011267365702764258,16.600000000000001
12.75,12,85.669574398236875,2.9724072127409049,125.64182887191517,1.2877669948502599,0.068075046392365793,0.0021763477796301364,0.00012864151045389766,2.4097552161179409e-05,223.99937826474917,0.00062173525079842445,1908.984740550615,0.015259449384664218,0.015259449384664218,3315.9987192409667,0.0012807590342666997,0.0012807590342666997,16.600000000000001
13,12,85.588628665056333,3.0071899193515352,125.59564844076044,1.3300068479256428,0.071800468727982958,0.0023740989385362976,0.00014282505532876762,2.7318592106554422e-05,223.99930692170446,0.00069307829552407729,1908.9829895602822,0.017010439717625787,0.017010439717625787,3315.9985480461878,0.0014519538128485673,0.0014519538128485673,16.600000000000001
13.25,12,85.507812195966665,3.0413299324289933,125.54895301249184,1.3726267350327668,0.0756460324336969,0.0025851041379033979,0.000158225142783795,3.0890761050529987e-05,223.99922909158866,0.00077090841135966915,1908.9810793573233,0.018920642676577278,0.018920642676577278,3315.9983581892948,0.0016418107064292934,0.0016418107064292934,16.600000000000001
13.5,12,85.427123960837662,3.0748388018472745,125.50175300246653,1.4156145644368778,0.079612739329226995,0.002809933548987187,0.00017491638846239371,3.4843829957744856e-05,223.99914433648428,0.00085566351570957281,1908.9789991941509,0.021000805848927665,0.021000805848927665,3315.9981480879956,0.0018519120060440182,0.0018519120060440182,16.600000000000001
13.75,12,85.346562946772963,3.1077278794815233,125.45405864078433,1.4589584523428756,0.083701554163572681,0.0030491672391098081,0.0001929760965162887,3.9209373641366548e-05,223.99905219919927,0.00094780080073636475,1908.9767378501726,0.023262149827179879,0.023262149827179879,3315.9979160641269,0.0020839358745462101,0.0020839358745462101,16.600000000000001
14,12,85.266128157814961,3.1400083225484772,125.40587997525127,1.5026467195092887,0.087913405149934065,0.003303394977379589,0.00021248427734860516,4.4020834823724e-05,223.99895220289685,0.0010477971031397225,1908.9742836227238,0.025716377276049765,0.025716377276049765,3315.9976603402501,0.0023396597512225091,0.0023396597512225091,16.600000000000001
14.25,12,85.185818614654821,3.1716910969010477,125.35722687430352,1.5466678879116114,0.092249184491678779,0.0035732160408706143,0.00023352366376245537,4.931358859739691e-05,223.99884385073133,0.0011561492686805888,1908.9716243181301,0.02837568186967853,0.02837568186967853,3315.9973790362237,0.0026209637776710162,0.0026209637776710162,16.600000000000001
14.5,12,85.10563335434729,3.2027869802771791,125.30810902989168,1.5910106774544823,0.096709748899494533,0.0038592390215782192,0.00025617972554520599,5.5125007254690716e-05,223.99872662548862,0.0012733745113938807,1908.9687472429025,0.031252757097467866,0.031252757097467866,3315.997070165758,0.0029298342432365026,0.0029298342432365026,16.600000000000001
14.75,12,85.025571430030396,3.233306565503256,125.25853596032567,1.6356640027321552,0.1012959200998538,0.00416208163436945,0.00028054068255260761,6.1494525441610419e-05,223.99859998923247,0.0014000107675012272,1908.9656391950612,0.034360804938733482,0.034360804938733482,3315.9967316329535,0.0032683670476667129,0.0032683670476667129,16.600000000000001
15,12,84.945631910649908,3.2632602636522643,125.20851701308025,1.680616969836735,0.10600848533492438,0.0044823705261931397,0.0003066975163238496,6.8463705607724225e-05,223.99846338295603,0.00153661704399063,1908.9622864555945,0.037713544405279319,0.037713544405279319,3315.9963612288216,0.0036387711794671823,0.0036387711794671823,16.600000000000001
15.25,12,84.865813880688592,3.2926583071569375,125.15806136756156,1.7258588732136488,0.11084819785405287,0.0048207410867776735,0.00033474398027870313,7.607630371433414e-05,223.99831622623813,0.0016837737618593028,1908.9586747800481,0.041325219951701915,0.041325219951701915,3315.995956627793,0.0040433722079532778,0.0040433722079532778,16.600000000000001
15.5,12,84.78611643990007,3.3215107528781922,125.10717803783456,1.7713791925638067,0.11581577739694522,0.0051778372610104522,0.00036477660854553285,8.4378335167403242e-05,223.998157916906,0.0018420830940294383,1908.9547893902463,0.045210609753566333,0.045210609753566333,3315.9955153842143,0.0044846157872130109,0.0044846157872130109,16.600000000000001
15.75,12,84.706538703047102,3.3498274851291767,125.05587587531188,1.8171675897919242,0.1209119106686644,0.0055543113631496112,0.00039689472346809881,9.3418140945602756e-05,223.99798783070202,0.0020121692979654764,1908.9506149661456,0.049385033854059145,0.049385033854059145,3315.9950349288306,0.0049650711704028669,0.0049650711704028669,16.600000000000001
16,12,84.627079799644704,3.3776182186550776,125.00416357140409,1.8632139060004962,0.1261372518065777,0.0059508238931660837,0.00043120044182224808,0.0001032464538910648,223.99780532095704,0.0021946790429404877,1908.9461356378222,0.053864362177701387,0.053864362177701387,3315.9945125652685,0.0054874347326475401,0.0054874347326475401,16.600000000000001
16.25,12,84.54773887370736,3.4048925015692766,124.95204966013171,1.9095081585288456,0.13149242283935247,0.006368043355167545,0.00046779867981943247,0.00011391646513244384,223.99760971826788,0.0023902817320906205,1908.9413349775853,0.058665022414448209,0.058665022414448209,3315.9939454665,0.0060545335009270732,0.0060545335009270732,16.600000000000001
16.5,12,84.468515083500904,3.4316597182459136,124.89954252069934,1.9560405380367734,0.1369780141381387,0.006806646078258205,0.00050679715691008618,0.00012548389061326236,223.99740033018082,0.0025996698191651031,1908.936195992228,0.063804007771752325,0.063804007771752325,3315.993330671311,0.0066693286895071879,0.0066693286895071879,16.600000000000001
16.75,12,84.389407601298515,3.457929092169377,124.84665038003178,2.0028014056322445,0.14259458486003859,0.0072673160398239508,0.00054830639845465353,0.00013800703769683133,223.99717644087991,0.0028235591200852293,1908.9307011154024,0.069298884597269003,0.069298884597269003,3315.9926650807611,0.0073349192393842343,0.0073349192393842343,16.600000000000001
17,12,84.310415613140961,3.4837096887410808,124.79338131527295,2.049781290042596,0.14834266338397922,0.0077507446913751927,0.0005924397373053504,0.00015154687182125599,223.99693731088064,0.0030626891193414143,1908.9248322001272,0.075167799872781743,0.075167799872781743,3315.9919454546407,0.0080545453603312039,0.0080545453603312039,16.600000000000001
17.25,12,84.231538318601224,3.5090104180437307,124.73974325624748,2.0969708848287687,0.15422274773910963,0.0082576307871600335,0.00063931331432680793,0.00016616708317976361,223.99668217672877,0.0033178232712087774,1908.9185705114212,0.081429488578713002,0.081429488578713002,3315.9911684079266,0.0088315920742211996,0.0088315920742211996,16.600000000000001
17.5,12,84.152774930552994,3.53384003756375,124.68574398788547,2.1443610456419941,0.16023530602581199,0.0087886802154351906,0.0006890460779303434,0.0001819341534014804,223.99641025070406,0.0035897492959449076,1908.9118967190668,0.088103280933124598,0.088103280933124598,3315.9903304072432,0.0096695927583039798,0.0096695927583039798,16.600000000000001
17.75,12,84.074124674943405,3.5582071548719338,124.63139115261055,2.1919427875224757,0.1663807768294589,0.0093446058327123164,0.0007417597826319055,0.00019891742220906435,223.99612072052912,0.0038792794708863475,1908.9047908904968,0.095209109502969277,0.095209109502969277,3315.9894277673143,0.010572232687170547,0.010572232687170547,16.600000000000001
18,12,83.995586790569632,3.5821202302630049,124.57669225269196,2.239707282239507,0.17265956962700219,0.0099261273008439972,0.0007975789867048455,0.00021718915403197062,223.9958127490834,0.0041872509166141578,1908.8972324838082,0.10276751619165236,0.10276751619165236,3315.9884566474293,0.011543352572275158,0.011543352572275158,16.600000000000001
18.25,12,83.917160528859483,3.6055875793543182,124.52165465256036,2.2876458556725359,0.17907206518651125,0.010533970927135233,0.00085663104895340541,0.00023682460455300329,223.99548547412181,0.0045145258781754093,1908.8892003408976,0.11079965910239307,0.11079965910239307,3315.9874130479034,0.012586952097816772,0.012586952097816772,16.600000000000001
18.5,12,83.838845153655896,3.6286173756441498,124.46628558108827,2.335749985232666,0.18561861595976176,0.011168869507511425,0.00091904612465166396,0.00025790208716785162,223.99513800799855,0.004861992001433022,1908.8806726807209,0.11932731927900024,0.11932731927900024,3315.9862928065495,0.013707193451893876,0.013707193451893876,16.600000000000001
18.75,12,83.760639941005124,3.6512176530301086,124.41059213383525,2.3840112973240792,0.19229954646796923,0.01183156217269902,0.00098495716069759787,0.0002805030393402712,223.99476943739535,0.0052305626046530796,1908.8716270926734,0.12837290732657242,0.12837290732657242,3315.9850915951488,0.014908404852004399,0.014908404852004399,16.600000000000001
19,12,83.682544178948802,3.6733963082878818,124.35458127525791,2.432421564844895,0.19911515368078253,0.012522794237615927,0.0010544998900047667,0.00030471208883092016,223.99437882305469,0.0056211769453057246,1908.8620405300887,0.13795946991132729,0.13795946991132729,3315.9838049159375,0.016195084063709266,0.016195084063709266,16.600000000000001
19.25,12,83.604557167319612,3.6951611035109577,124.29825984088565,2.4809727047269474,0.20606570738862298,0.013243317053841023,0.0011278128251871178,0.00033061711978606281,223.99396519951779,0.0060348004822326521,1908.851889303857,0.14811069614315062,0.14811069614315062,3315.9824280980893,0.017571901911721418,0.017571901911721418,16.600000000000001
19.5,12,83.526678217540592,3.7165196685117019,124.24163453946211,2.5296567755139905,0.21315145056847085,0.013993887865228137,0.0012050372515706111,0.00035830933866825188,223.99352757486676,0.0064724251332254268,1908.8411490761584,0.15885092384174576,0.15885092384174576,3315.9809562942187,0.019043705782458571,0.019043705782458571,16.600000000000001
19.75,12,83.448906652428064,3.7374795031841197,124.18471195505266,2.5784659749778562,0.2203725997432022,0.014775269666749602,0.0012863172195588122,0.00038788334001272192,223.99306493047197,0.0069350695280412959,1908.8297948543134,0.17020514568681311,0.17020514568681311,3315.9793844768838,0.020615523117181924,0.020615523117181924,16.600000000000001
20,12,83.371241805997997,3.7580479798288531,124.1274985491185,2.6273926377720578,0.22772934533456715,0.015588231066510971,0.0013717995363988892,0.00041943717199457114,223.99257622074302,0.007423779256968726,1908.8178009847454,0.18219901525482743,0.18219901525482743,3315.9777074351064,0.022292564894919788,0.022292564894919788,16.600000000000001
20.25,12,83.293683023275946,3.7782323454408924,124.07000066255769,2.6764292331223567,0.23522185200989815,0.016433546150900754,0.001461633757381002,0.00045307240179606192,223.99206037288496,0.0079396271150286735,1908.8051411470558,0.19485885294428013,0.19485885294428013,3315.9759197708963,0.02408022910459549,0.02408022910459549,16.600000000000001
20.5,12,83.216229660110216,3.7980397239603381,124.01222451771335,2.7255683625538123,0.24285025902265364,0.017311994352965453,0.0015559721765032901,0.00048889418075523817,223.99151628665817,0.0084837133418408962,1908.7917883482103,0.20821165178990744,0.20821165178990744,3315.9740158957957,0.02598410420534954,0.02598410420534954,16.600000000000001
20.75,12,83.13888108298859,3.8174771184867446,123.95417622034945,2.7748027576538541,0.25061468054687841,0.018224360323924799,0.0016549698166315925,0.0005270113092901076,223.99094283414274,0.0090571658572549309,1908.7777149168321,0.22228508316806858,0.22228508316806858,3315.9719900274263,0.028009972574734004,0.028009972574734004,16.600000000000001
21,12,83.061636668858114,3.8365514134574679,123.89586176159486,2.8241252778708752,0.25851520600567857,0.019171433807849775,0.0017587844191934703,0.00056753630158095096,223.99033885950718,0.009661140492817669,1908.7628924976052,0.23710750239484552,0.23710750239484552,3315.9698361860574,0.030163813943842578,0.030163813943842578,16.600000000000001
21.25,12,82.984495804948352,3.85526937679048,123.83728701985544,2.8735289083478914,0.26655190039379806,0.020154009519468212,0.0018675764334310629,0.00061058545000360575,223.98970317878081,0.010296821219147725,1908.7472920457819,0.25270795421830328,0.25270795421830328,3315.9675481911818,0.03245180881897914,0.03245180881897914,16.600000000000001
21.5,12,82.907457888597605,3.8736376619920989,123.77845776269521,2.9230067577908132,0.27472480459438497,0.021172887025073601,0.0019815090052424235,0.00065627888930342045,223.9890345796307,0.01096542036929069,1908.7308838217937,0.2691161782064686,0.2691161782064686,3315.9651196581117,0.034880341889301489,0.034880341889301489,16.600000000000001
21.75,12,82.830522327082491,3.8916628102300859,123.71937964868647,2.9725520563708394,0.28303393569004021,0.022228870626528421,0.0021007479656446793,0.00070474066049736658,223.98833182114186,0.011668178858130858,1908.7136373859676,0.28636261403264929,0.28636261403264929,3315.9625439945808,0.037456005419762656,0.037456005419762656,16.600000000000001
22,12,82.75368853745033,3.9093512523725682,123.66005822922958,3.0221581536605489,0.29147928726822814,0.023322769248299083,0.0022254618188781413,0.000756098774500941,223.98759363360207,0.012406366397933823,1908.6955215933406,0.30447840665958598,0.30447840665958598,3315.9598143973712,0.040185602629148616,0.040185602629148616,16.600000000000001
22.25,12,82.67695594635488,3.9267093109932434,123.60049895034253,3.0718185166032099,0.30006082972114217,0.024455396327507359,0.0023558217301825357,0.00081048527546823059,223.9868187182899,0.013181281710092333,1908.6765045885761,0.32349541142395205,0.32349541142395205,3315.9569238489476,0.043076151052579253,0.043076151052579253,16.600000000000001
22.5,12,82.600323989894733,3.9437432023432883,123.54070715442096,3.1215267275148531,0.30877851054011302,0.02562756970700289,0.0024920015132807167,0.00086803630383122524,223.98600574726686,0.013994252733147071,1908.6565538009772,0.34344619902279372,0.34344619902279372,3315.9538651141124,0.046134885887725414,0.046134885887725414,16.600000000000001
22.75,12,82.523792113454832,3.9604590382905882,123.48068808196885,3.1712764821185684,0.31763225460465844,0.02684011153132735,0.0026341776175810203,0.00092889215904208317,223.98515336317283,0.01484663682717903,1908.6356359395966,0.36436406040368635,0.36436406040368635,3315.9506307366755,0.049369263324895871,0.049369263324895871,16.600000000000001
23,12,82.447359771550907,3.9768628282265088,123.42044687330035,3.2210615876108677,0.32662196446620034,0.028093848145496883,0.002782529115093219,0.00099319736202501687,223.9842601790254,0.015739820974604829,1908.6137169884412,0.3862830115591121,0.3862830115591121,3315.9472130361391,0.052786963861327647,0.052786963861327647,16.600000000000001
23.25,12,82.371026427676625,3.9929604809394217,123.35998857021171,3.270875960760562,0.33574752062638258,0.029389609996985512,0.0029372376871105135,0.0010611007172926592,223.98332477802276,0.01667522197726392,1908.5907622017767,0.40923779822358475,0.40923779822358475,3315.9436041044023,0.056395895597382846,0.056395895597382846,16.600000000000001
23.5,12,82.294791554153377,4.0087578064610838,123.29931811762899,3.3207136260347014,0.34500878181099531,0.030728231539818174,0.003098487610812938,0.0011327553747337805,223.9823457133493,0.017654286650742108,1908.5667360995089,0.4332639004912639,0.4332639004912639,3315.9397958024856,0.060204197514626849,0.060204197514626849,16.600000000000001
23.75,12,82.21865463198337,4.0242605178747075,123.23844036522162,3.3705687137620139,0.35440558523755306,0.032110551142344727,0.0032664657453799159,0.0012083188911378717,223.98132150798585,0.018678492014183937,1908.54160246268,0.45839753732015048,0.45839753732015048,3315.9357797572598,0.064220242739892769,0.064220242739892769,16.600000000000001
24,12,82.142615150704643,4.0394742330998721,123.177360068995,3.4204354583193366,0.36393774687926045,0.033537410996873261,0.003441361518260942,0.0012879532913119666,223.98025065452205,0.019749345477974595,1908.5153243290304,0.48467567096973879,0.48467567096973879,3315.9315473582128,0.068452641786859128,0.068452641786859128,16.600000000000001
24.25,12,82.066672608249206,4.0544044766440903,123.11608189285329,3.4703081963509028,0.37360506172350211,0.03500965703230003,0.0036233669111432418,0.0013718251289025556,223.97913161497232,0.020868385027688143,1908.4878639886599,0.51213601134039044,0.51213601134039044,3315.9270897542178,0.072910245781652894,0.072910245781652894,16.600000000000001
24.5,12,81.99082651080397,4.0690566813205429,123.05461041013206,3.5201813650209339,0.38340730402477174,0.036528138829777672,0.0038126764455879325,0.0014601055469305657,223.97796282059579,0.022037179404220657,1908.4591829797876,0.54081702021266775,0.54081702021266775,3315.9223978503264,0.077602149672913789,0.077602149672913789,16.600000000000001
24.75,12,81.915076372673326,4.0834361899477587,122.99295010511423,3.5700495002843207,0.3933442275549236,0.038093709539672595,0.0040094871690390431,0.001552970337866419,223.97674267171743,0.023257328282567297,1908.429242084565,0.57075791543507515,0.57075791543507515,3315.9174623045828,0.08253769541631481,0.08253769541631481,16.600000000000001
25,12,81.839421716145594,4.0975482570049184,122.931105374507,3.6199072352007393,0.40341556584594107,0.039707225802797744,0.0042139986400641059,0.0016506000035184615,223.97546953755489,0.024530462445167128,1908.3980013250198,0.60199867498047488,0.60199867498047488,3315.9122735248498,0.087726475149462829,0.087726475149462829,16.600000000000001
25.25,12,81.763862071360577,4.1113980502742082,122.8690805289063,3.6697492982620585,0.41362103243094284,0.041369547672214527,0.0044264129141205061,0.0017531798144377146,223.97414175604541,0.025858243954620035,1908.3654199590362,0.63458004096397713,0.63458004096397713,3315.9068216656592,0.093178334339631547,0.093178334339631547,16.600000000000001
25.5,12,81.688396976180471,4.1249906524435174,122.80687979422619,3.7195705117585631,0.42396032107857945,0.043081538538858807,0.0046469345287994974,0.0018608998690699523,223.97275763367827,0.027242366321743278,1908.3314564764548,0.66854352354533053,0.66854352354533053,3315.9010966250817,0.09890337491816828,0.09890337491816828,16.600000000000001
25.75,12,81.613025976062929,4.1383310626866949,122.744507313108,3.7693657901676283,0.43443310602393181,0.044844065058798704,0.0048757704891733335,0.0019739551525262329,223.97131544532851,0.0286845546715143,1908.2960685952366,0.70393140476347693,0.70393140476347693,3315.895088041606,0.10491195839364742,0.10491195839364742,16.600000000000001
26,12,81.537748623935968,4.1514241982191571,122.68196714630704,3.819130138566905,0.44503904219552259,0.046657997082427488,0.005113130253179699,0.0020925455949829257,223.96981343409345,0.030186565906591138,1908.2592132577024,0.74078674229776531,0.74078674229776531,3315.8887852910548,0.11121470894451357,0.11121470894451357,16.600000000000001
26.25,12,81.46256448007621,4.1642748958176119,122.61926327404747,3.8688586510827068,0.45577776543639981,0.048524207587055994,0.0053592257166478422,0.0022168761297895671,223.96824981113329,0.031750188866754847,1908.2208466268748,0.77915337312509314,0.77915337312509314,3315.8821774835037,0.11782251649610305,0.11782251649610305,16.600000000000001
26.5,12,81.387473111987887,4.1768879133279828,122.55639959736608,3.9185465093508354,0.4666488927236494,0.050443572609624426,0.0056142711987263163,0.0023471567511488193,223.9666227555123,0.033377244487716159,1908.180924082865,0.81907591713496686,0.81907591713496686,3315.8752534602263,0.12474653977313845,0.12474653977313845,16.600000000000001
26.75,12,81.312474094286159,4.1892679311272198,122.49337993941521,3.9681889810221382,0.47765202238013843,0.052416971184335304,0.0058784834267112882,0.0024836025715327045,223.96493041404557,0.035069585954482667,1908.1394002193822,0.86059978061784159,0.86059978061784159,3315.8680017906604,0.13199820933896378,0.13199820933896378,16.600000000000001
27,12,81.237567008580982,4.201419553574234,122.43020804675535,4.0177814182797231,0.48878673428485186,0.054445285280196397,0.0061520815212462937,0.0026264338786845974,223.96317090114593,0.036829098854142324,1908.0962288402891,0.90377115971088318,0.90377115971088318,3315.8604107693886,0.13958923061081224,0.13958923061081224,16.600000000000001
27.25,12,81.162751443362254,4.2133473104465908,122.36688759063492,4.0673192563709977,0.50005259008121539,0.056529399738927365,0.0064352869817785744,0.0027758761922268881,223.96134229867249,0.038657701327565193,1908.0513629562079,0.94863704379191427,0.94863704379191427,3315.8524684131471,0.14753158685238102,0.14753158685238102,16.600000000000001
27.5,12,81.088026993890338,4.2250556583177366,122.30342216821697,4.1167980121968775,0.51144913337523701,0.058670202219801688,0.0067283236711445848,0.0029321603200363252,223.95944265578606,0.040557344213970475,1908.0047547812801,0.99524521871985439,0.99524521871985439,3315.8441624578436,0.15583754215602041,0.15583754215602041,16.600000000000001
27.75,12,81.013393262085785,4.2365489819393742,122.23981530381022,4.166213282897731,0.52297588993514865,0.060868583141949185,0.0070314178008361421,0.0030955224141728799,223.95746998880313,0.042530011196915553,1907.9563557299364,1.043644270063592,1.043644270063592,3315.8354803556017,0.16451964439775021,0.16451964439775021,16.600000000000001
28,12,80.938849856421299,4.2478315955983339,122.17607045007702,4.2155607444647396,0.53463236788700641,0.063125435628613141,0.0073447979162101149,0.0032662040264640488,223.95542228105242,0.044577718947645457,1907.9061164137479,1.0938835862518854,1.0938835862518854,3315.8264092718264,0.17359072817308321,0.17359072817308321,16.600000000000001
28.25,12,80.864396391818005,4.2589077444251853,122.11219098919823,4.2648361503977732,0.54641805790210618,0.065441655456917588,0.0076686948812509526,0.0034444521637749209,223.95329748273699,0.046702517263031228,1907.8539866383967,1.1460133616030992,1.1460133616030992,3315.8169360822822,0.18306391771748978,0.18306391771748978,16.600000000000001
28.5,12,80.790032489540877,4.269781605709384,122.04818023404361,4.314035330358891,0.5583324333861982,0.067818141004627547,0.0080033418638328496,0.0036305193428803873,223.95109351079526,0.048906489204766077,1907.7999154006661,1.2000845993338169,1.2000845993338169,3315.8070473701978,0.19295262980169264,0.19295262980169264,16.600000000000001
28.75,12,80.715757777097195,4.2804572901798226,121.98404142931128,4.3631541888596512,0.5703749506629946,0.07025579320032703,0.0083489743208088139,0.0038246636449965786,223.94880824876515,0.05119175123488108,1907.7438508855255,1.2561491144744288,1.2561491144744288,3315.7967294233908,0.20327057660894809,0.20327057660894809,16.600000000000001
29,12,80.641571888138202,4.2909388432483793,121.91977775263375,4.4121887039844863,0.58254504915152461,0.072755515477406343,0.0087058299829105741,0.0040271487699715842,223.9464395466527,0.053560453347334107,1907.6857404633106,1.3142595366889775,1.3142595366889775,3315.7859682314051,0.2140317685946122,0.2140317685946122,16.600000000000001
29.25,12,80.567474462360082,4.3012302462593546,121.85539231568943,4.4611349261103266,0.59484215154523468,0.075318213724993227,0.0090741488399688486,0.0042382440901030643,223.94398522079959,0.056014779200442219,1907.6255306869389,1.3744693130608787,1.3744693130608787,3315.7747494826781,0.22525051732148443,0.22525051732148443,16.600000000000001
29.5,12,80.493465145408592,4.3113354176972853,121.79088816527639,4.5099889766665466,0.60726566398405402,0.077944796243503187,0.0094541731259592948,0.0044582247036087999,223.94144305375499,0.058556946245022688,1907.5631672892182,1.4368327107814991,1.4368327107814991,3315.7630585617217,0.23694143827780198,0.23694143827780198,16.600000000000001
29.75,12,80.419543588785785,4.3212582143698883,121.72626828436395,4.558747046919704,0.61981497622253001,0.080636173702085978,0.0098461473040287635,0.004687371487743534,223.93881079415002,0.061189205850010635,1907.4985951802373,1.5014048197623227,1.5014048197623227,3315.750880546324,0.2491194536755422,0.2491194536755422,16.600000000000001
30,12,80.345709449756214,4.3310024325935288,121.6615355931466,4.6074053967576658,0.63248946179916832,0.083393259093411623,0.010250318051644386,0.0049259711515639249,223.9360861565718,0.063913843428221637,1907.4317584448031,1.5682415551964402,1.5682415551964402,3315.7382002047743,0.26179979522554886,0.26179979522554886,16.600000000000001
30.25,12,80.271962391257418,4.3405718093327428,121.59669295005624,4.6559603535180694,0.64528847819786772,0.086216967693893323,0.010666934245660892,0.0051743162883335792,223.93326682144237,0.066733178557635123,1907.3626003399725,1.6373996600273586,1.6373996600273586,3315.7250019931043,0.27499800689553427,0.27499800689553427,16.600000000000001
30.5,12,80.198302081811335,4.3499700233253273,121.53174315276175,4.7044083108318802,0.65821136700739458,0.08910821702405583,0.011096246947402888,0.0054327054275756358,223.93035043489894,0.069649565101124494,1907.2910632926501,1.7089367073495458,1.7089367073495458,3315.711270052353,0.28872994764702592,0.28872994764702592,16.600000000000001
30.75,12,80.124728195435779,4.3592006962057992,121.46668893916714,4.7527457274701916,0.67125745408135751,0.092067926806855452,0.011538509387728248,0.005701443086775065,223.92733460867441,0.072665391325633225,1907.2170888972555,1.7829111027439959,1.7829111027439959,3315.6969882058502,0.3030117941493658,0.3030117941493658,16.600000000000001
31,12,80.051240411560158,4.3682673935810543,121.40153298836644,4.8009691262370842,0.68442604968983856,0.095097018931833574,0.011993976952141537,0.0059808398227216468,223.924216919983,0.075783080017052987,1907.1406179134676,1.8593820865320514,1.8593820865320514,3315.6821399565224,0.31786004347734104,0.31786004347734104,16.600000000000001
31.25,12,79.977838414941345,4.3771736261017997,121.3362779215949,4.8490750928681257,0.69771644867106097,0.098196417417635767,0.012462907165843045,0.0062712122825001665,223.92099491140584,0.079005088594204451,1907.0615902640409,1.9384097359586525,1.9384097359586525,3315.6667084842138,0.33329151578594851,0.33329151578594851,16.600000000000001
31.5,12,79.904521895579904,4.3859228505280869,121.27092630317529,4.8970602749360213,0.71112793058282175,0.10136704837314095,0.012945559678665362,0.0065728832541247523,223.91766609077843,0.082333909221653276,1906.9799450327,2.0200549672995876,2.0200549672995876,3315.6506766430375,0.34932335696218725,0.34932335696218725,16.600000000000001
31.75,12,79.831290548641576,4.3945184707361884,121.20548064141072,4.9449213808124686,0.72465975984332531,0.10460983996642807,0.013442196250295916,0.0068861817168229308,223.91422793108214,0.08577206891793264,1906.8956204620956,2.1043795379039727,2.1043795379039727,3315.6340269587358,0.36597304126346686,0.36597304126346686,16.600000000000001
32,12,79.758144074378109,4.4029638387303525,121.13994338948228,4.9926551786271549,0.7383111858738981,0.10792572239046794,0.013953080735300523,0.0072114428909624169,223.9106778703368,0.089322129663286148,1906.8085539518418,2.1914460481579443,2.1914460481579443,3315.6167416260687,0.38325837393105233,0.38325837393105233,16.600000000000001
32.25,12,79.685082178047224,4.4112622556625602,121.07431694635443,5.0402584952209226,0.75208144324428039,0.11131562782499718,0.014478479067823196,0.0075490082876060495,223.90701331149322,0.092986688506849907,1906.7186820566408,2.2813179433588897,2.2813179433588897,3315.5988025062229,0.40119749377679531,0.40119749377679531,16.600000000000001
32.5,12,79.61210456983568,4.4194169728151973,121.00860365764679,5.0877282151351269,0.76596975181151239,0.11478049040245811,0.015018659246459511,0.0078992257577210814,223.90323162232929,0.096768377670784028,1906.6259404844743,2.3740595155252984,2.3740595155252984,3315.5801911242461,0.41980887575313997,0.41980887575313997,16.600000000000001
32.75,12,79.539210964788168,4.4274311925204053,120.942805816448,5.1350612796616231,0.77997531684719623,0.11832124618259295,0.01557389131958983,0.008262449541057643,223.89933013535017,0.100669864649895,1906.5302640948432,2.4697359051565257,2.4697359051565257,3315.5608886664872,0.4391113335121799,0.4391113335121799,16.600000000000001
33,12,79.466401082732716,4.4353080691128559,120.87692566416091,5.1822546858632359,0.79409732917240217,0.12193883311875826,0.016144447370106018,0.0086390403146391261,223.89530614768799,0.10469385231208561,1906.4315868971114,2.5684131028883712,2.5684131028883712,3315.5408759780676,0.45912402193227331,0.45912402193227331,16.600000000000001
33.25,12,79.39367464820559,4.4430507098894969,120.81096539135483,5.2293054855892489,0.80833496529525151,0.12563419102037873,0.016730601499520735,0.0090293652408214627,223.8911569210029,0.10884307899717746,1906.3298420489753,2.6701579510242421,2.6701579510242421,3315.5201335603861,0.4798664396135498,0.4798664396135498,16.600000000000001
33.5,12,79.321031390383283,4.4506621759867642,120.74492713854175,5.2762107845696189,0.82268738753256387,0.12940826152775783,0.017332629813233604,0.0094337980151270907,223.88687968138831,0.1131203186117616,1906.2249618549165,2.7750381450831481,2.7750381450831481,3315.4986415686258,0.50135843137402336,0.50135843137402336,16.600000000000001
33.75,12,79.248471043014078,4.4581454832617764,120.67881299695691,5.3229677415070293,0.83715374413345045,0.13326198808364523,0.017950810405349443,0.0098527189136760861,223.88247161927737,0.11752838072270677,1906.1168777647588,2.8831222352407551,2.8831222352407551,3315.4763798092827,0.52362019071731092,0.52362019071731092,16.600000000000001
34,12,79.175993344349152,4.4655036031784787,120.61262500934455,5.3695735671658325,0.85173316940512822,0.13719631590139253,0.018585423342962263,0.010286514840191479,223.87792988935092,0.12207011064913582,1906.0055203723455,2.9944796276542363,2.9944796276542363,3315.4533277377295,0.54667226227015153,0.54667226227015153,16.600000000000001
34.25,12,79.103598037072814,4.4727394636981321,120.54636517074866,5.4160255234582868,0.86642478384094057,0.14121219192980908,0.019236750649817193,0.010735579372549695,223.87325161044754,0.12674838955253631,1905.8908194143396,3.1091805856603227,3.1091805856603227,3315.4294644558122,0.57053554418777874,0.57053554418777874,16.600000000000001
34.5,12,79.031284868241357,4.4798559500762858,120.48003542921668,5.462320922620318,0.88122769422969016,0.14531056483233157,0.019905076291768162,0.01120031280926157,223.86843386547611,0.13156613452395463,1905.7727037689435,3.2272962310561661,3.2272962310561661,3315.4047687094267,0.59523129057301871,0.59523129057301871,16.600000000000001
34.75,12,78.959053589218271,4.4868559056964425,120.41363768653854,5.5084571263541777,0.89614099377402623,0.14949238495707284,0.020590686160863549,0.011681122215386083,223.86347370133021,0.13652629866982749,1905.6511014548098,3.348898545189805,3.348898545189805,3315.3792188861507,0.62078111384914514,0.62078111384914514,16.600000000000001
35,12,78.886903955609242,4.4937421329044369,120.34717379898709,5.5544315449716697,0.91116376221048834,0.15375860430415242,0.021293868058732981,0.012178421467932053,223.85836812880484,0.14163187119520235,1905.5259396300924,3.474060369907396,3.474060369907396,3315.3527930129026,0.64720698709749158,0.64720698709749158,16.600000000000001
35.25,12,78.814835727200204,4.5005173938081029,120.28064557802692,5.6002416365716483,0.92629506592323663,0.15811017649679843,0.022014911680456002,0.012692631301013155,223.85311412251482,0.14688587748521656,1905.3971445915233,3.6028554084762403,3.6028554084762403,3315.325468753615,0.67453124638492612,0.67453124638492612,16.600000000000001
35.5,12,78.742848667899523,4.5071844110291099,120.21405479097851,5.6458849062642056,0.94153395804854711,0.16254805675861347,0.022754108599339185,0.013224179350850377,223.84770862081493,0.15229137918511781,1905.2646417734734,3.7353582265262242,3.7353582265262242,3315.2972234069098,0.7027765930901958,0.7027765930901958,16.600000000000001
35.75,12,78.670942545677732,4.5137458684796306,120.14740316170705,5.6913589053726188,0.95687947858625322,0.16707320188374489,0.023511752250283572,0.013773500200118123,223.84214852572259,0.15785147427745863,1905.1283557472198,3.8716442527800088,3.8716442527800088,3315.2680339038197,0.7319660961804072,0.7319660961804072,16.600000000000001
36,12,78.599117132506535,4.520204412147085,120.08069237132003,5.7366612306286857,0.97233065451473411,0.17168657020294259,0.02428813791203889,0.01434103542163564,223.83643070284418,0.16356929715586263,1904.9882102204081,4.0117897795916626,4.0117897795916626,3315.2378768055592,0.76212319444117693,0.76212319444117693,16.600000000000001
36.25,12,78.527372204303987,4.5265626508061176,120.01392405879635,5.7817895234388645,0.98788649989056432,0.17638912156045497,0.025083562691555428,0.014927233622268025,223.83055198130072,0.16944801869931783,1904.844128036362,4.1558719636375034,4.1558719636375034,3315.2067283012652,0.79327169873510961,0.79327169873510961,16.600000000000001
36.5,12,78.455707540879175,4.5328231567370825,119.94709982162273,5.8267414691453796,1.0035460159512311,0.18118181728712826,0.025898325507364775,0.015532550486227627,223.82450915365661,0.17549084634342585,1904.6960311735663,4.3039688264332083,4.3039688264332083,3315.1745642057822,0.82543579421797475,0.82543579421797475,16.600000000000001
36.75,12,78.384122925876255,4.5389884664481555,119.88022121643469,5.8715147962849725,1.0193081912203674,0.18606562017023398,0.026732727072027666,0.016157448817758154,223.81829897585166,0.18170102414839448,1904.5438407453225,4.4561592546771287,4.4561592546771287,3315.141359957488,0.85864004251208981,0.85864004251208981,16.600000000000001
37,12,78.312618146718236,4.5450610813994681,119.813289759661,5.9161072758466942,1.0351720016152552,0.19104149442032037,0.02758706987362761,0.016802398583163413,223.81191816713658,0.18808183286345215,1904.3874769995869,4.6125230004127742,4.6125230004127742,3315.1070906161654,0.89290938383481644,0.89290938383481644,16.600000000000001
37.25,12,78.241192994557494,4.5510434686507057,119.74630692809498,5.9605167206047076,1.0511364105374483,0.19611040564962151,0.028461658159936197,0.017467876953361237,223.80536341000609,0.19463658999396755,1904.2268593185709,4.7731406814287158,4.7731406814287158,3315.0717308608237,0.92826913917670617,0.92826913917670617,16.600000000000001
37.5,12,78.16984726422335,4.5569380615392507,119.67927415949693,6.0047409844226403,1.0672003689725396,0.20127332084221397,0.029356797920356573,0.018154368345385238,223.7986313501371,0.20136864986294031,1904.0619062186659,4.9380937813337766,4.9380937813337766,3315.0352549875975,0.96474501240249377,0.96474501240249377,16.600000000000001
37.75,12,78.098580754168637,4.5627472603673738,119.61219285320672,6.0487779615498765,1.08336281559428,0.20653120831983163,0.030272796866383529,0.018862364462963938,223.79171859633271,0.20828140366732598,1903.8925353506218,5.1074646493777811,5.1074646493777811,3314.9976369077117,1.0023630922883642,1.0023630922883642,16.600000000000001
38,12,78.027393266420518,4.5684734330419001,119.54506437071144,6.0926255859651928,1.0996226768584407,0.21188503771393527,0.031209964413653677,0.019592364337385294,223.78462172046403,0.21537827953602096,1903.7186634995996,5.2813365004000916,5.2813365004000916,3314.9588501454136,1.0411498545865725,1.0411498545865725,16.600000000000001
38.25,12,77.956284606534652,4.5741189156751663,119.47789003617628,6.1362818307591125,1.115978867088671,0.21733577994239492,0.032168611665125975,0.020344874368472526,223.77733725741152,0.22266274258853525,1903.5402065851499,5.4597934148496492,5.4597934148496492,3314.9188678358955,1.081132164104142,1.081132164104142,16.600000000000001
38.5,12,77.885254583546327,4.579686013215583,119.41067113700598,6.1797447074882257,1.1324302885718547,0.22288440717800034,0.033149051391746821,0.021120408364263769,223.76986170501362,0.23013829498644264,1903.3570796615732,5.6429203384265252,5.6429203384265252,3314.877662723311,1.122337276688941,1.122337276688941,16.600000000000001
38.75,12,77.81430300992352,4.5851770000581089,119.34340892438809,6.2230122655499569,1.1489758316502963,0.22853189281811481,0.034151598013213956,0.021919487580391188,223.76219152401688,0.23780847598318586,1903.1691969183335,5.8308030816661143,5.8308030816661143,3314.8352071588006,1.1647928411989186,1.1647928411989186,16.600000000000001
39,12,77.743429701512227,4.5905941207338117,119.2761046139161,6.266082591480072,1.1656143748368124,0.234279211437074,0.035176567573167283,0.02274264075683188,223.75432313804109,0.24567686195898128,1902.9764716812492,6.0235283187503095,6.0235283187503095,3314.7914730987181,1.2085269012811646,1.2085269012811646,16.600000000000001
39.25,12,77.672634477499869,4.595939590403372,119.20875938601996,6.3089538084443824,1.182344784880071,0.24012733877229323,0.036224277724723038,0.023590404158623894,223.74625293352162,0.25374706647844641,1902.7788164124386,6.2211835875608923,6.2211835875608923,3314.7464321025491,1.253567897450492,1.253567897450492,16.600000000000001
39.5,12,77.601917160371286,4.6012155954282941,119.14137438647515,6.3516240756545574,1.199165916852474,0.24607725169337638,0.037295047710515193,0.02446332161398734,223.73797725966656,0.26202274033351652,1902.5761427110294,6.4238572889700603,6.4238572889700603,3314.7000553310195,1.2999446689803118,1.2999446689803118,16.600000000000001
39.75,12,77.531277575864223,4.6064242939451612,119.07395072691625,6.3940915877816868,1.2160766142408626,0.25212992816805446,0.038389198341562389,0.025361944551639377,223.72949242841821,0.2705075715818574,1902.3683613140845,6.6316386859148739,6.6316386859148739,3314.6523135442608,1.3476864557386616,1.3476864557386616,16.600000000000001
40,12,77.460715552924839,4.6115678164382414,119.00648948535112,6.4363545743717845,1.2330757090394087,0.25828634722570937,0.039507051974937354,0.026286832037101308,223.72079471442046,0.27920528557961821,1902.1553820977715,6.8446179022278431,6.8446179022278431,3314.6031771000416,1.3968228999579437,1.3968228999579437,16.600000000000001
40.25,12,77.390230923660482,4.6166482663391788,118.93899170670414,6.4784112992346561,1.2501620218525682,0.26454748891310437,0.040648932488434548,0.027238550807157619,223.71188035499634,0.28811964500372655,1901.9371140790161,7.0628859209832822,7.0628859209832822,3314.5526159521219,1.4473840478776876,1.4473840478776876,16.600000000000001
40.5,12,77.31982352330779,4.6216677204592971,118.87145840319215,6.5202600600013199,1.2673343619524102,0.270914334279174,0.04181516526561594,0.028217675309398182,223.70274555009678,0.2972544499033184,1901.7134654157667,7.2865345842327534,7.2865345842327534,3314.50059964825,1.4994003517495158,1.4994003517495158,16.600000000000001
40.75,12,77.24949319018998,4.6266282295371886,118.80389055481869,6.5618991875662473,1.284591527371266,0.27738786533530502,0.043006077171785867,0.029224787736768575,223.69338646227732,0.30661353772275274,1901.4843434085928,7.5156565914065423,7.5156565914065423,3314.4470973285065,1.5529026714932472,1.5529026714932472,16.600000000000001
41,12,77.179239765677579,4.6315318187464731,118.7362891098299,6.6033270455701523,1.3019323049852785,0.28396906502050834,0.044221996531568011,0.030260478062656655,223.68379921667227,0.31620078332778895,1901.2496545021238,7.7503454978753963,7.7503454978753963,3314.3920777236053,1.6079222763943088,1.6079222763943088,16.600000000000001
41.25,12,77.109063094144588,4.6363804882496122,118.66865498521972,6.6445420298358364,1.3193554706145294,0.29065891715542552,0.045463253101669432,0.031325344072883309,223.67397990098547,0.32602009901456208,1901.0093042872552,7.9906957127438982,7.9906957127438982,3314.3355091534095,1.6644908465901767,1.6644908465901767,16.600000000000001
41.5,12,77.038963022931569,4.6411762136766077,118.60098906715997,6.6855425678812823,1.3368597891028435,0.29745840640767768,0.046730178048198012,0.032419991400079839,223.66392456546816,0.33607543453189292,1900.7631975027502,8.2368024972490801,8.2368024972490801,3314.2773595252747,1.7226404747244874,1.7226404747244874,16.600000000000001
41.75,12,76.968939402313651,4.6459209465494764,118.53329221137678,6.7263271184885616,1.3544440143836225,0.30436851826467126,0.048023103926921454,0.033545033559510801,223.65362922288836,0.34637077711169023,1900.5112380364712,8.4887619635280629,8.4887619635280629,3314.2175963322957,1.7824036677037955,1.7824036677037955,16.600000000000001
42,12,76.898992085461728,4.650616614775605,118.46556524359963,6.7668941712025221,1.3721068895691413,0.31139023899098978,0.049342364656980366,0.034701091980802679,223.64308984852346,0.35691015147657085,1900.2533289276344,8.7466710723648191,8.7466710723648191,3314.1561866518255,1.8438133481742256,1.8438133481742256,16.600000000000001
42.25,12,76.829120928406553,4.655265123109344,118.3978089599802,6.8072422458621453,1.389847147032869,0.31852455558907306,0.050688295495742677,0.035888796040015165,223.63230238015063,0.36769761984944965,1899.9893723689634,9.0106276310359377,9.0106276310359377,3314.0930971439743,1.906902856025162,1.906902856025162,16.600000000000001
42.5,12,76.759325789997177,4.6598683536700483,118.33002412757276,6.8473698920727673,1.4076635085131841,0.32577245574681385,0.052061233007333015,0.037108783087200094,223.62126271806179,0.37873728193828438,1899.7192697098974,9.2807302901017135,9.2807302901017135,3314.0282940504089,1.9717059495902913,1.9717059495902913,16.600000000000001
42.75,12,76.689606531872954,4.6644281663152851,118.26221148466435,6.8872756888301661,1.4255546851721712,0.33313492780940424,0.053461515042548272,0.038361698481420493,223.60996672503816,0.39003327496190288,1899.4429214580648,9.5570785419345388,9.5570785419345388,3313.9617431926449,2.0382568073542857,2.0382568073542857,16.600000000000001
43,12,76.619963018429971,4.6689463990716451,118.19437174116815,6.9269582440842923,1.4435193776761976,0.34061296073788544,0.054889480712346145,0.039648195621188355,223.59841022634947,0.40158977365060561,1899.1602272818227,9.839772718176512,9.839772718176512,3313.8934099706471,2.1065900293521751,2.1065900293521751,16.600000000000001
43.25,12,76.550395116787016,4.673424868565573,118.12650557901894,6.9664161943030249,1.4615562762792933,0.34820754406508098,0.056345470359974573,0.040968935973747012,223.58658900975965,0.41341099024040778,1898.8710860130741,10.128913986925159,10.128913986925159,3313.8232593615066,2.1767406384927082,2.1767406384927082,16.600000000000001
43.5,12,76.4809026967515,4.6778653704546675,118.05861365257195,7.0056482040349142,1.4796640609100755,0.3559196678488355,0.057829825531488105,0.04232458910279447,223.57449882554101,0.42550117445908708,1898.5753956504163,10.424604349583266,10.424604349583266,3313.7512559182187,2.2487440817804267,2.2487440817804267,16.600000000000001
43.75,12,76.411485630782977,4.6822696798790355,117.99069658902589,7.0446529654501626,1.4978414012688959,0.36375032261892598,0.059342888942846735,0.043715832693339528,223.56213538650309,0.43786461349698158,1898.2730533629201,10.726946637079187,10.726946637079187,3313.6773637686506,2.322636231348906,2.322636231348906,16.600000000000001
44,12,76.342143793969427,4.6866395517804458,117.9227549887061,7.0834291980233202,1.5160869568809536,0.37170049934585686,0.060885004458474057,0.045143352585353867,223.54949436797602,0.45050563202407273,1897.9639554920304,11.036044507969111,11.036044507969111,3313.6015466139206,2.3984533860787964,2.3984533860787964,16.600000000000001
44.25,12,76.272877063994287,4.6909767213131852,117.85478942544908,7.1219756481172896,1.5343993771851678,0.379771189390052,0.062456517059396338,0.046607842799067926,223.53657140783724,0.46342859216285787,1897.6479975552718,11.352002444727834,11.352002444727834,3313.5237677273362,2.4762322726629247,2.4762322726629247,16.600000000000001
44.5,12,76.203685321106519,4.6952829042227364,117.78680044695486,7.1602910886016771,1.5527773016146535,0.38796338445440132,0.06405777281306789,0.04811000556139941,223.52336210653303,0.47663789346707774,1897.3250742497282,11.674925750271495,11.674925750271495,3313.4439899532513,2.556010046747887,2.556010046747887,16.600000000000001
44.75,12,76.134568448086696,4.699559797258968,117.71878857518028,7.1983743184323918,1.5712193596938957,0.39627807652802438,0.065689118837908705,0.049650551327546519,223.50986202712471,0.4901379728753682,1896.9950794565179,12.004920543481671,12.004920543481671,3313.3621757062397,2.6378242937598988,2.6378242937598988,16.600000000000001
45,12,76.065526330219058,4.7038090785301812,117.65075430666997,7.2362241622960859,1.5897241711165089,0.40471625783814347,0.067350903272651821,0.05123019880670069,223.49606669531417,0.50393330468592734,1896.6579062444537,12.34209375554599,12.34209375554599,3313.2782869699981,2.7217130300013546,2.7217130300013546,16.600000000000001
45.25,12,75.996558855266869,4.7080324078185587,117.5826981128473,7.273839470296692,1.6082903458115072,0.41327892080635403,0.069043475248287717,0.052849674989921151,223.48197159945798,0.51802840054211707,1896.3134468732817,12.686553126717904,12.686553126717904,3313.1922852961097,2.8077147038898431,2.8077147038898431,16.600000000000001
45.5,12,75.927665913442752,4.7122314269451309,117.51462044036302,7.3112191175867451,1.626916484031963,0.42196705799339856,0.070767184853132228,0.054509715171790929,223.46757219061425,0.53242780938584378,1895.9615927982047,13.038407201795041,13.038407201795041,3313.1041318032089,2.895868196790679,2.895868196790679,16.600000000000001
45.75,12,75.858847397381041,4.7164077601108536,117.44652171142039,7.3483620040244002,1.645601176437987,0.43078166204570784,0.07252238309886351,0.056211062972721153,223.45286388258592,0.54713611741418289,1895.6022346742825,13.397765325717028,13.397765325717028,3313.0137871761058,2.9862128238931858,2.9862128238931858,16.600000000000001
46,12,75.790103202105641,4.720563014279656,117.37840232415077,7.3852670537818312,1.6643430042008309,0.43972372563203321,0.074309421880015283,0.057954470354591815,223.43784205199756,0.56215794800253216,1895.2352623621332,13.764737637866498,13.764737637866498,3312.9212116653434,3.0787883346557248,3.0787883346557248,16.600000000000001
46.25,12,75.721433225008838,4.7246987794505575,117.3102626528669,7.4219332150791155,1.6831405390644019,0.44879424139707386,0.076128653944804295,0.059740697647764761,223.42250203831605,0.57749796168404322,1894.8605649314914,14.139435068508286,14.139435068508286,3312.8263650860113,3.1736349139877293,3.1736349139877293,16.600000000000001
46.5,12,75.652837365825363,4.7288166289742648,117.24210304836946,7.4583594598666476,1.7019923434289466,0.45799420190475282,0.077980432859120541,0.061570513571136701,223.40683914390601,0.59316085609410729,1894.4780306661241,14.521969333875367,14.521969333875367,3312.7292068170177,3.2707931829812891,3.2707931829812891,16.600000000000001
46.75,12,75.584315526606304,4.7329181198682804,117.17392383825495,7.4945447835084167,1.7208969704377439,0.46732459957923106,0.07986511296905574,0.063444695250655686,223.39084863409323,0.60915136590688224,1894.0875470690653,14.912452930934418,14.912452930934418,3312.6296958004555,3.3703041995435732,3.3703041995435732,16.600000000000001
47,12,75.515867611692599,4.7370047931324537,117.10572532722789,7.5304882044632988,1.7398529640681915,0.47678642664345489,0.081783049361600302,0.065364028235634336,223.37452573723917,0.62547426276092,1893.689000868269,15.310999131730645,15.310999131730645,3312.5277905411112,3.472209458888369,3.472209458888369,16.600000000000001
47.25,12,75.447493527686802,4.7410781740780932,117.03750779743184,7.5661887639492251,1.7588588592329111,0.48638067505296617,0.083734597821934237,0.067329306511188194,223.35786564483439,0.64213435516568507,1893.2822780229985,15.717721977001055,15.717721977001055,3312.4234491062207,3.5765508937788781,3.5765508937788781,16.600000000000001
47.5,12,75.379193183435163,4.7451397725571782,116.96927150866779,7.6016455257238276,1.7779131818397911,0.49610833644404112,0.085720114801531438,0.069341332523093505,223.34086351153255,0.65913648846754125,1892.8672637280167,16.132736271982786,16.132736271982786,3312.316629124432,3.6833708755675385,3.6833708755675385,16.600000000000001
47.75,12,75.310966490001945,4.7491910832605466,116.90101669869584,7.6368575757827193,1.7970144488870008,0.50597040206778077,0.087739957375912919,0.07140091719081211,223.32351445524185,0.67648554475824929,1892.4438424199391,16.556157580060471,16.556157580060471,3312.207287785523,3.7927122144763308,3.7927122144763308,16.600000000000001
48,12,75.242813360646366,4.7532335859899639,116.83274358351008,7.6718240220874083,1.816161168550128,0.51596786272612372,0.089794483203972417,0.073508879922361645,223.30581355720815,0.69418644279192199,1892.0118977832915,16.988102216708239,16.988102216708239,3312.0953818400039,3.9046181599954219,3.9046181599954219,16.600000000000001
48.25,12,75.174733710795707,4.7572687459612819,116.76445235765405,7.7065439942537193,1.8353518402886531,0.52610170870062345,0.091884050481416929,0.075666048621612664,223.28775586213399,0.71224413786608132,1891.5713127578933,17.428687242106314,17.428687242106314,3311.9808675992003,4.0191324007992844,4.0191324007992844,16.600000000000001
48.5,12,75.106727458024594,4.7612980140484753,116.69614319446924,7.7410166433108634,1.854584954927919,0.53637292968813644,0.094009017900266945,0.077873259703643963,223.26933637826025,0.73066362173982524,1891.1219695449197,17.878030455080157,17.878030455080157,3311.863700934824,4.1362990651753941,4.1362990651753941,16.600000000000001
48.75,12,75.038794522035147,4.7653228270155283,116.62781624633251,7.7752411414738756,1.8738589947393907,0.54678251473604622,0.096169744608204571,0.080131358110044237,223.25055007744888,0.74944992255120046,1890.6637496130129,18.336250386986787,18.336250386986787,3311.7438372785505,4.2561627214490194,4.2561627214490194,16.600000000000001
49,12,74.97093482463417,4.7693446077734762,116.5594716449272,7.8092166818838624,1.8931724335373128,0.5573314521711672,0.098366590162832321,0.082441197317710879,223.23139189529644,0.7686081047036436,1890.1965337055447,18.803466294454914,18.803466294454914,3311.6212316220058,4.3787683779935502,4.3787683779935502,16.600000000000001
49.25,12,74.90314828971151,4.7733647656230396,116.49110950150076,7.8429424783640904,1.9125237367727352,0.56802072952860538,0.10059991448605482,0.084803639347825213,223.21185673124722,0.78814326875284924,1889.7202018478788,19.279798152120769,19.279798152120769,3311.4958385167474,4.5041614832520356,4.5041614832520356,16.600000000000001
49.5,12,74.83543484321433,4.7773846965311675,116.42272990716819,7.8764177651311895,1.9319113616497205,0.57885133347356754,0.10287007781202613,0.087219554765385038,223.19193944874976,0.8080605512503084,1889.2346333561934,19.765366643806125,19.765366643806125,3311.3676120748382,4.6323879251613684,4.6323879251613684,16.600000000000001
49.75,12,74.767794413131654,4.7814057833114907,116.35433293310052,7.9096417966265227,1.9513337571958049,0.58982424973451042,0.10517744064645329,0.08968982269624895,223.17163487533483,0.82836512466526324,1888.7397068435641,20.260293156435569,20.260293156435569,3311.2365059683175,4.7634940316817227,4.7634940316817227,16.600000000000001
50,12,74.700226929473672,4.7854293958487011,116.2859186307717,7.9426138472899108,1.9707893643598768,0.6009404630278149,0.10752236371809203,0.092215330832663464,223.15093780274611,0.84906219725395704,1888.2353002279347,20.764699772064901,20.764699772064901,3311.1024734294019,4.8975265705975559,4.8975265705975559,16.600000000000001
50.25,12,74.632732324251137,4.7894568913200635,116.21748703220545,7.9753332113351778,1.9902766161130054,0.61220095698060573,0.10990520792884399,0.094796975436984413,223.12984298708005,0.87015701292004211,1887.7212907404307,21.278709259568743,21.278709259568743,3310.9654672507959,5.0345327492036445,5.0345327492036445,16.600000000000001
50.5,12,74.565310531455665,4.7934896144034802,116.14903815020956,8.0077992025409142,2.0097939375467062,0.62360671405321233,0.11232633430389781,0.097435661345781813,223.10834514892406,0.8916548510760296,1887.1975549336635,21.802445066336155,21.802445066336155,3310.8254397859851,5.1745602140143809,5.1745602140143809,16.600000000000001
50.75,12,74.497961487039376,4.797528897490615,116.08057197862082,8.0400111540320207,2.0293397459788953,0.63515871545907454,0.11478610393934149,0.10013230196990244,223.08643897351379,0.91356102648630366,1886.6639686906949,22.336031309304811,22.336031309304811,3310.6823429497808,5.3176570502183678,5.3176570502183678,16.600000000000001
51,12,74.430685128891795,4.8015760609177214,116.01208849257694,8.0719684180348619,2.0489124510748327,0.64685794108077799,0.11728487794546105,0.10288781928719624,223.06411911092269,0.93588088907739519,1886.1204072351507,22.879592764848955,22.879592764848955,3310.5361282193271,5.4638717806719512,5.4638717806719512,16.600000000000001
51.25,12,74.363481396826671,4.8056324131092421,115.94358764868019,8.1036703657484708,2.0685104549225151,0.658705369393082,0.11982301740051846,0.10570314385529483,223.04138017616569,0.95861982383439159,1885.5667451384527,23.43325486154713,23.43325486154713,3310.386746633852,5.6132533661470916,5.6132533661470916,16.600000000000001
51.5,12,74.296350232561352,4.8096992507822147,115.87506938524369,8.1351163871309229,2.0881321521478866,0.67070197737759429,0.12240088329414359,0.10857921480583475,223.01821674938418,0.98178325061589156,1885.0028563298465,23.997143670153264,23.997143670153264,3310.2341487955837,5.7658512044154344,5.7658512044154344,16.600000000000001
51.75,12,74.229291579697858,4.8137778591325446,115.8065336225183,8.1663058907079868,2.1077759300243226,0.6828487404372684,0.12501883647146864,0.11151697984073104,222.99462337602316,1.0053766239769399,1884.4286141061998,24.571385893799899,24.571385893799899,3310.0782848705398,5.9217151294591908,5.9217151294591908,16.600000000000001
52,12,74.162305383704293,4.8178695120142896,115.73798026291462,8.1972383033890388,2.1274401685828068,0.69514663230955676,0.1276772375764357,0.11451739522760691,222.97059456701271,1.0294054329873725,1883.8438911419921,25.15610885800762,25.15610885800762,3309.9191045893713,6.0808954106274804,6.0808954106274804,16.600000000000001
52.25,12,74.095391591900238,4.8219754720790711,115.66940919118262,8.2279130703276877,2.1471232407085288,0.70759662498444709,0.1303764469988605,0.11758142579791331,222.94612479893513,1.0538752010649479,1883.2485594987209,25.751440501279077,25.751440501279077,3309.7565572480266,6.2434427519722693,6.2434427519722693,16.600000000000001
52.5,12,74.028550153440889,4.8260969909239462,115.60082027460437,8.2583296547712699,2.1668235122453496,0.72019968861852046,0.13311682481851325,0.12071004494202575,222.92120851420711,1.0787914857929568,1882.6424906349157,26.357509365084031,26.357509365084031,3309.5905917086102,6.4094082913886679,6.4094082913886679,16.600000000000001
52.75,12,73.961781019292886,4.8302353093152979,115.53221336327815,8.2884875378210126,2.1865393421381434,0.73295679143263293,0.13589873073678843,0.12390423459333365,222.89584012132016,1.1041598786799096,1882.0255554184339,26.974444581565926,26.974444581565926,3309.4211564009638,6.5788435990349896,6.5788435990349896,16.600000000000001
53,12,73.895084142220071,4.8343916573153285,115.46358829029356,8.3183862183034449,2.2062690825360698,0.74586889962506686,0.13872252402016166,0.12716498522175781,222.87001399503021,1.1299860049699042,1881.3976241367509,27.602375863249058,27.602375863249058,3309.2481993236233,6.7518006763754519,6.7518006763754519,16.600000000000001
53.25,12,73.828459476766369,4.8385672544319096,115.39494487193734,8.3480252126133347,2.2260110789103678,0.7589369772779897,0.14158856343858528,0.13049329582243999,222.84372447657211,1.1562755234279587,1880.7585665082352,28.241433491764386,28.241433491764386,3309.0716680450901,6.9283319549088702,6.9283319549088702,16.600000000000001
53.5,12,73.761906979239015,4.8427633097633889,115.32628290789675,8.3774040545610173,2.245763670174084,0.77216198626247445,0.14449720720279283,0.13389017390294342,222.816965873882,1.1830341261180883,1880.1082516937045,28.891748306295252,28.891748306295252,3308.8915097051959,7.1084902948028379,7.1084902948028379,16.600000000000001
53.75,12,73.695426607695794,4.8469810220996274,115.25760218141538,8.406522295267715,2.2655251887858525,0.78554488615099749,0.14744881290626641,0.13735663547383994,222.78973246179987,1.2102675382001704,1879.4465483072001,29.553451692799637,29.553451692799637,3308.707671016246,7.2923289837527978,7.2923289837527978,16.600000000000001
54,12,73.629018321926537,4.8512215800768441,115.18890245951575,8.4353795029988223,2.2852939608828127,0.79908663411496195,0.15044373745736864,0.14089370503034185,222.76201848232031,1.2379815176797631,1878.7733244286585,30.22667557134103,30.22667557134103,3308.5200982647411,7.4799017352577462,7.4799017352577462,16.600000000000001
54.25,12,73.562682083435178,4.8554861623235812,115.12018349321501,8.4639752630058069,2.3050683064137214,0.8127881848216908,0.15348233701095404,0.14450241553288098,222.73381814484699,1.2661818551530797,1878.0884476167598,30.911552383239687,30.911552383239687,3308.3287373131684,7.6712626868302589,7.6712626868302589,16.600000000000001
54.5,12,73.496417855425179,4.8597759375699674,115.0514450177015,8.4923091774080905,2.3248465392594175,0.82665049033731586,0.15656496690360225,0.14818380839013981,222.70512562643421,1.2948743735658612,1877.3917849211953,31.608215078804438,31.608215078804438,3308.1335336016282,7.8664663983704806,7.8664663983704806,16.600000000000001
54.75,12,73.430225602783892,4.8640920647655168,114.98268675252496,8.5203808650638599,2.3446269673615463,0.84067450002515531,0.15969198158574646,0.15193893343880097,222.6759350720445,1.3240649279555674,1876.683202895593,32.316797104406675,32.316797104406675,3307.9344321496696,8.0655678503285984,8.0655678503285984,16.600000000000001
55,12,73.364105292067109,4.8684356931905866,114.91390840178303,8.5481899614464272,2.3644078928526904,0.85486116044316562,0.16286373455301364,0.15576884892173493,222.64624059481363,1.3537594051864503,1875.9625676107009,33.037432389298452,33.037432389298452,3307.7313775582284,8.2686224417699972,8.2686224417699972,16.600000000000001
55.25,12,73.298056891485345,4.8728079625480456,114.84510965428879,8.5757361185401013,2.3841876121817336,0.86921141524475865,0.1660805782795928,0.15967462146509229,222.61603627631717,1.3839637236828999,1875.2297446674943,33.770255332505037,33.770255332505037,3307.5243140116127,8.4756859883855853,8.4756859883855853,16.600000000000001
55.5,12,73.23208037088699,4.8772100030828236,114.77629018377368,8.6030190047059314,2.4039644162563736,0.88372620506786048,0.16934286414366809,0.16365732605254654,222.58531616685846,1.4146838331416196,1874.484599211386,34.515400788613505,34.515400788613505,3307.3131852797073,8.6868147202907355,8.6868147202907355,16.600000000000001
55.75,12,73.166175701743498,4.8816429356782889,114.70744964906775,8.6300383045703999,2.4237365905793427,0.89840646742845076,0.17265094235560069,0.16771804599851992,222.55407428575677,1.4459257142433064,1873.7269959462828,35.273004053716697,35.273004053716697,3307.0979347202206,8.9020652797778244,8.9020652797778244,16.600000000000001
56,12,73.100342857134748,4.8861078719466526,114.63858769427647,8.6567937189191859,2.4435024153862406,0.91325313661314789,0.17600516188527499,0.17185787291974694,222.52230462164329,1.4776953783567879,1872.9567991489125,36.043200851087072,36.043200851087072,3306.8785052810331,9.1214947189651809,9.1214947189651809,16.600000000000001
56.25,12,73.034581811734398,4.8906059143173728,114.56970394895907,8.6832849645917882,2.46326016578683,0.92826714356958395,0.17940587038777506,0.17607790670500706,222.49000113276617,1.5099988672339133,1872.1738726835194,36.826127316480111,36.826127316480111,3306.6548395026703,9.3451604973280329,9.3451604973280329,16.600000000000001
56.5,12,72.968892541795469,4.8951381561193923,114.50079802830335,8.7095117743810455,2.4830081119075933,0.9434494157964749,0.18285341412881986,0.18037925548278691,222.4571577473034,1.5428422526966554,1871.3780800168063,37.621919983193202,37.621919983193202,3306.4268795208936,9.5731204791047446,9.5731204791047446,16.600000000000001
56.75,12,72.903275025136423,4.8997056816553641,114.43186953329443,8.7354738969391779,2.5027445190344015,0.95880087723459828,0.18634813791095417,0.18476303558649748,222.42376836368319,1.5762316363168762,1870.5692842330491,38.430715766950577,38.430715766950577,3306.1945670694367,9.8054329305612988,9.8054329305612988,16.600000000000001
57,12,72.837729241126155,4.9043095662836231,114.3629180508976,8.7611710966764083,2.5224676477652173,0.97432244814856872,0.18989038499212368,0.18923037152014155,222.38982685091602,1.610173149084051,1869.7473480499975,39.252651950002054,39.252651950002054,3305.9578434827563,10.042156517241978,10.042156517241978,16.600000000000001
57.25,12,72.772255170669951,4.9089508764859264,114.29394315422729,8.7866031536714679,2.5421757541589911,0.99001504501362547,0.19348049700838663,0.19378239592030216,222.35532704893274,1.6446729510673361,1868.9121338347106,40.087866165288979,40.087866165288979,3305.7166496989757,10.283350301022772,10.283350301022772,16.600000000000001
57.5,12,72.706852796195591,4.9136306699327923,114.2249444027174,8.8117698635835406,2.5618670898881999,1.0058795803998377,0.1971188138944725,0.1984202495166216,222.32026276893163,1.6797372310684255,1868.0635036197828,40.936496380216894,40.936496380216894,3305.4709262629353,10.529073737063273,10.529073737063273,16.600000000000001
57.75,12,72.641522101639282,4.9183499955448893,114.15592134229078,8.8366710375669619,2.5815399023940535,1.0219169628547777,0.20080567380305087,0.20314508109044196,222.2846277937345,1.715372206265571,1867.2013191199042,41.798680880095525,41.798680880095525,3305.2206133293566,10.779386670642062,10.779386670642062,16.600000000000001
58,12,72.576263072432027,4.9231098935487685,114.08687350552498,8.8613065021897448,2.6011924350420679,1.0381280967873607,0.20454141302429724,0.20795804743161744,222.2484158781493,1.7515841218507504,1866.3254417485641,42.674558251435698,42.674558251435698,3304.9656506661127,11.034349333885602,11.034349333885602,16.600000000000001
58.25,12,72.511075695485957,4.9279113955289171,114.01780041181777,8.8856760993546917,2.6208229272809103,1.0545138823495031,0.20832636590384337,0.2128603132933389,222.21162074934284,1.7883792506572131,1865.4357326351421,43.56426736485767,43.56426736485767,3304.7059776576289,11.294022342369619,11.294022342369619,16.600000000000001
58.5,12,72.445959959180257,4.9327555244789076,113.94870156755809,8.9097796862213272,2.6404296148086446,1.0710752153108483,0.21216086475639778,0.21785305134475635,222.17423610722653,1.8257638927735178,1864.5320526427365,44.467947357263071,44.467947357263071,3304.4415333084344,11.558466691563897,11.558466691563897,16.600000000000001
58.75,12,72.380915853347744,4.937643294844734,113.87957646628871,8.933617135132808,2.6600107297359465,1.0878129869387558,0.21604523978198187,0.22293744212185856,222.13625562484637,1.8637443751536884,1863.6142623858475,45.385737614152262,45.385737614152262,3304.172256246809,11.827743753189583,11.827743753189583,16.600000000000001
59,12,72.315943369261291,4.9425757125652376,113.81042458887042,8.9571883335447513,2.6795645007535822,1.104728083875103,0.219979818979958,0.22811467397624835,222.09767294878341,1.9023270512166555,1862.6822222485287,46.317777751470942,46.317777751470942,3303.8980847285598,12.101915271438477,12.101915271438477,16.600000000000001
59.25,12,72.251042499620453,4.9475537751084939,113.74124540364514,8.9804931839566695,2.6990891533024426,1.1218213880119186,0.22396492806201601,0.23338594302186483,222.05848169956354,1.9415183004365175,1861.7357924028686,47.264207597131261,47.264207597131261,3303.6189566409344,12.381043359064371,12.381043359064371,16.600000000000001
59.5,12,72.186213238538315,4.9525784715015115,113.67203836659294,9.0035316038488684,2.7185829097417398,1.1390937763695443,0.22800089036737245,0.23875245307959139,222.01867547207183,1.9813245279282325,1860.7748328274361,48.225167172563644,48.225167172563644,3303.3348095066349,12.665190493363509,12.665190493363509,16.600000000000001
59.75,12,72.121455581528039,4.9576507823601439,113.60280292149646,9.0263035256171893,2.7380439895265027,1.1565461209680892,0.23208802677199761,0.24421541561981749,221.97824783598321,2.0217521640168479,1859.7992033266037,49.200796673396113,49.200796673396113,3303.0455804880021,12.954419511996125,12.954419511996125,16.600000000000001
60,12,72.056769525489344,4.962771679914872,113.53353850010431,9.0488088965103497,2.7574706093872847,1.1741792886981199,0.23622665559712372,0.24977604970286871,221.93719233620229,2.0628076637977539,1858.8087635501627,50.1912364498369,50.1912364498369,3302.7512063913209,13.248793608677396,13.248793608677396,16.600000000000001
60.25,12,71.992155068695311,4.9679421280305123,113.46424452228925,9.0710476785719809,2.776860983508878,1.1919941411932835,0.24041709251941487,0.25543558191725285,221.89550249330875,2.1044975066912985,1857.8033730129789,51.196626987020593,51.196626987020593,3302.4516236712484,13.548376328749843,13.548376328749843,16.600000000000001
60.5,12,71.927612210779273,4.9731630822231043,113.39492039620774,9.0930198485837828,2.7962133237132405,1.2099915347005719,0.24465965047898822,0.2611952463157402,221.85317180401387,2.1468281959861844,1856.7828911151041,52.217108884895659,52.217108884895659,3302.1467684353843,13.853231564613976,13.853231564613976,16.600000000000001
60.75,12,71.863140952721579,4.9784354896728917,113.32556551845826,9.1147253980110374,2.8155258396443252,1.2281723199501293,0.24895463958696706,0.2670562843493387,221.81019374162577,2.1898062583742854,1855.7471771621506,53.252822837848854,53.252822837848854,3301.8365764489663,14.163423551031906,14.163423551031906,16.600000000000001
61,12,71.79874129683715,4.9837602892319088,113.25617927423249,9.1361643329529176,2.834796738948655,1.2465373420293331,0.25330236703677067,0.27301994479988989,221.76656175651493,2.2334382434851427,1854.6960903853778,54.303909614621631,54.303909614621631,3301.5209831396219,14.479016860376531,14.479016860376531,16.600000000000001
61.25,12,71.734413246761505,4.9891384114321102,113.18676103748234,9.1573366740878779,2.8540242274754419,1.2650874402430305,0.25770313700298847,0.27908748370837178,221.72226927661211,2.2777307233879518,1853.629489963625,55.370510036374441,55.370510036374441,3301.199923602459,14.800076397539675,14.800076397539675,16.600000000000001
61.5,12,71.670156807437792,4.9945707784873585,113.11731017107662,9.1782424566250782,2.8732065094689747,1.2838234479807664,0.26215725054639616,0.28526016430220008,221.67730970790222,2.3226902920978274,1852.5472350446421,56.452764955357281,56.452764955357281,3300.8733326051733,15.126667394825173,15.126667394825173,16.600000000000001
61.75,12,71.60597198510375,5.0000583042918114,113.0478260269572,9.1988817302576518,2.8923417877635114,1.3027461925832402,0.26666500551818684,0.29153925692026472,221.63167643492756,2.3683235650724952,1851.4491847667337,57.550815233265794,57.550815233265794,3300.5411445932955,15.458855406703124,15.458855406703124,16.600000000000001
62,12,71.541858787278642,5.0056018944152063,112.97830794629616,9.2192545591170294,2.9114282639823448,1.321856495206744,0.27122669646229852,0.29792603893547498,221.58536282130297,2.4146371786970851,1850.3351982808674,58.664801719132107,58.664801719132107,3300.2032936955943,15.796706304403953,15.796706304403953,16.600000000000001
62.25,12,71.47781722275009,5.0112024460947238,112.90875525965316,9.239361021728822,2.9304641387396906,1.3411551706866498,0.27584261451677888,0.30442179467495561,221.53836221024125,2.4616377897588189,1849.2051347731265,59.794865226873021,59.794865226873021,3299.859713729631,16.140286270367412,16.140286270367412,16.600000000000001
62.5,12,71.413847301560963,5.0168608482234021,112.83916728713172,9.2592012109704473,2.9494476118445956,1.3606430274005454,0.28051304731474802,0.311027815337999,221.49066792508737,2.5093320749126926,1848.0588534874289,60.941146512570434,60.941146512570434,3299.5103382074417,16.489661792556873,16.489661792556873,16.600000000000001
62.75,12,71.349949034997948,5.0225779813324039,112.76954333851697,9.2787752340376706,2.9683768824865746,1.3803208671453566,0.28523827889853282,0.31774539891494519,221.44227326983273,2.5577267301673396,1846.8962137466422,62.103786253357519,62.103786253357519,3299.1551003410705,16.844899658927638,16.844899658927638,16.600000000000001
63,12,71.286122435576829,5.0283547175755015,112.69988271344963,9.2980832123978701,2.9872501494649701,1.400189484984784,0.29001858960558469,0.32457585009721629,221.39317152969832,2.6068284703017421,1845.7170749778104,63.282925022189083,63.282925022189083,3298.7939330488352,17.206066951162658,17.206066951162658,16.600000000000001
63.25,12,71.222367517029184,5.0341919207082197,112.63018470158597,9.3171252817501653,3.0060656114052815,1.420249669107106,0.29485425596411541,0.33152048018741254,221.34335597170559,2.6566440282944974,1844.5212967362636,64.478703263735767,64.478703263735767,3298.4267689615131,17.573231038485361,17.573231038485361,16.600000000000001
63.5,12,71.158684294289642,5.0400904460624218,112.56044858274865,9.3359015919904866,3.0248214669678033,1.4405022006895982,0.29974555059489771,0.33858060700860637,221.29281984524221,2.7071801547578671,1843.3087387290909,65.691261270908456,65.691261270908456,3298.0535404285265,17.946459571471841,17.946459571471841,16.600000000000001
63.75,12,71.095072783482749,5.0460511405186077,112.4906736270832,9.3544123071754637,3.0435159150653548,1.4609478537577907,0.30469274210805664,0.34575755481017784,221.24155638264764,2.7584436173524396,1842.0792608395327,66.920739160466894,66.920739160466894,3297.6741795243761,18.325820475622088,18.325820475622088,16.600000000000001
64,12,71.031533001909636,5.0520748424751547,112.42085909521469,9.3726576054873192,3.0621471550838253,1.4815873950440093,0.3096960949990501,0.353052654171153,221.18955879980871,2.8104412001913666,1840.8327231517096,68.167276848289774,68.167276848289774,3297.2886180552196,18.71138194477836,18.71138194477836,16.600000000000001
64.25,12,70.968064968034966,5.0581623818145491,112.35100423840466,9.3906376791997008,3.0807133871054657,1.5024215838452739,0.31475586954391188,0.36046724190104834,221.13682029676579,2.8631797032342607,1839.5689859756833,69.431014024316099,69.431014024316099,3296.8967875656062,19.10321243439147,19.10321243439147,16.600000000000001
64.5,12,70.904668701474577,5.0643145798683777,112.28110829869354,9.408352734649613,3.0992128121148932,1.5234511718924917,0.31987232170621749,0.36800266094330264,221.08333405829541,2.916665941704625,1838.2879098708727,70.712090129126622,70.712090129126622,3296.4986193449581,19.501380655040045,19.501380655040045,16.600000000000001
64.75,12,70.84134422298176,5.0705322493769023,112.21117050906507,9.4258029922024136,3.1176436322373346,1.5446769032015466,0.32504570302503538,0.37566026026866239,221.02909325455312,2.9709067454469529,1836.9893556727011,72.010644327298408,72.010644327298408,3296.0940444348007,19.905955565197615,19.905955565197615,16.600000000000001
65,12,70.778091554432947,5.0768161944454118,112.14119009361396,9.4429886862164079,3.1360040509838689,1.5660995139213203,0.33027626049956127,0.38344139476493183,220.97409104173386,3.0259089582661933,1835.6731845199854,73.326815480014005,73.326815480014005,3295.6829936362396,20.31700636375836,20.31700636375836,16.600000000000001
65.25,12,70.71491071881492,5.0831672104998677,112.07116626769636,9.4599100650144194,3.1542922734750949,1.587719732195644,0.33556423648820149,0.39134742513034337,220.91832056270221,3.0816794372978529,1834.3392578802643,74.660742119735062,74.660742119735062,3295.2653975170983,20.734602482899742,20.734602482899742,16.600000000000001
65.5,12,70.651801740211354,5.0895860842389791,112.00109823808758,9.476567390853365,3.1725065066772475,1.6095382780190008,0.34090986860099531,0.39937971776186532,220.86177494764891,3.1382250523511548,1832.9874375764027,76.01256242359652,76.01256242359652,3294.8411864194072,21.158813580591239,21.158813580591239,16.600000000000001
65.75,12,70.588764643789247,5.0960735935835766,111.93098520314062,9.4929609398942851,3.19064495964107,1.6315558630917693,0.34631338959141716,0.40753964464089459,220.80444731475845,3.1955526852415939,1831.617585813525,77.382414186474605,77.382414186474605,3294.4102904670535,21.58970953294471,21.58970953294471,16.600000000000001
66,12,70.525799455785332,5.1026305076233607,111.86082635294491,9.5090910021727666,3.2087058437434566,1.6537731906750344,0.3517750272475737,0.4158285832163135,220.74633077088723,3.2536692291128393,1830.2295652062705,78.770434793728882,78.770434793728882,3293.9726395735929,22.027360426405149,22.027360426405149,16.600000000000001
66.25,12,70.462906203493347,5.1092575865642385,111.79062086947434,9.5249578815740872,3.2266873729144492,1.6761909554538255,0.3572950042931739,0.42424791629018371,220.68741841222098,3.3125815877790625,1828.8232388046358,80.176761195363682,80.176761195363682,3293.5281634498087,22.471836550189508,22.471836550189508,16.600000000000001
66.5,12,70.400084915250559,5.1159555816709448,111.72036792674366,9.540561895805558,3.2445877638789691,1.6988098433939176,0.36287353828081881,0.43279903189713093,220.6277033249649,3.3722966750351522,1827.3984701213333,81.601529878666128,81.601529878666128,3293.0767916117152,22.923208388283303,22.923208388283303,16.600000000000001
66.75,12,70.337335620422337,5.1227252352008614,111.65006669098858,9.5559033763601384,3.2624052364358569,1.7216305315807539,0.36851084146419377,0.44148332317052819,220.56717858610565,3.4328214138943909,1825.9551231629421,83.044876837057387,83.044876837057387,3292.6184533895348,23.381546610463481,23.381546610463481,16.600000000000001
67,12,70.274658349389128,5.1295672803438217,111.57971632081605,9.5709826684918848,3.2801380136937617,1.7446536880813661,0.37420712069706369,0.45030218821993412,220.50583726410264,3.4941627358974232,1824.4930624567753,84.506937543224339,84.506937543224339,3292.1530779357622,23.846922064236118,23.846922064236118,16.600000000000001
67.25,12,70.212053133532464,5.1364824411568231,111.50931596736513,9.5858001311875771,3.2977843223245626,1.7678799717985165,0.3799625773229775,0.45925703000130719,220.44367241961609,3.5563275803839565,1823.0121530795514,85.98784692044832,85.98784692044832,3291.6805942337351,24.31940576626279,24.31940576626279,16.600000000000001
67.5,12,70.14952000522112,5.1434714324964537,111.43886477446864,9.6003561371382684,3.3153423928194865,1.7913100323246276,0.38577740706453739,0.46834925618449258,220.38067710624634,3.6193228937537065,1821.5122606863799,87.487739313619713,87.487739313619713,3291.2009311063748,24.799068893623282,24.799068893623282,16.600000000000001
67.75,12,70.087058997796746,5.1505349599490753,111.36836187881562,9.6146510727107284,3.3328104597478174,1.8149445097955841,0.39165179991231464,0.47758027901799405,220.31684437128334,3.6831556287167273,1819.9932515400494,89.006748459950117,89.006748459950117,3290.714017225082,25.285982774916096,25.285982774916096,16.600000000000001
68,12,70.024670145560478,5.1576737197623101,111.29780641010682,9.6286853379218034,3.3501867620056318,1.83878403474972,0.39758594002053244,0.48695151519555557,220.25216725644242,3.7478327435576193,1818.4549925393173,90.545007460682157,90.545007460682157,3290.219781118461,25.780218881537024,25.780218881537024,16.600000000000001
68.25,12,69.962353483759514,5.1648883987763847,111.22719749120694,9.64245934641432,3.3674695430599515,1.8628292279897614,0.4035800056064931,0.49646438572258605,220.18663879859696,3.8133612014030613,1816.8973512467587,92.102648753240899,92.102648753240899,3289.7181511810095,26.281848818988475,26.281848818988475,16.600000000000001
68.5,12,69.900109048570684,5.1721796743367374,111.15653423833379,9.6559735254174495,3.3846570512556524,1.887080700419411,0.40963416881570414,0.50612031575804139,220.12025203063897,3.8797479693610653,1815.3201959231426,93.679804076856897,93.679804076856897,3289.2090556836092,26.79094431638875,26.79094431638875,16.600000000000001
68.75,12,69.837936877086818,5.1795482142209996,111.08581576121283,9.6692283157215062,3.4017475400657906,1.9115390529048288,0.41574859562018152,0.51592073447492426,220.05299998223498,3.9470000177650451,1813.7233955559852,95.276604444014168,95.276604444014168,3288.6924227825748,27.307577217422942,27.307577217422942,16.600000000000001
69,12,69.775837007302229,5.1869946765597259,111.01504116324192,9.6822241716483752,3.4187392683599613,1.9362048761296422,0.42192344570777818,0.5258670749123876,219.98487568062311,4.0151243193769188,1812.106819889998,96.893180110001438,96.893180110001438,3288.1681805292906,27.831819470707288,27.831819470707288,16.600000000000001
69.25,12,69.713809478098156,5.1945197097550055,110.94420954165768,9.6949615610210955,3.4356305006760013,1.9610787504496918,0.42815887237085526,0.53596077382473295,219.91587215142218,4.0841278485778565,1810.470339457913,98.529660542086447,98.529660542086447,3287.6362568800332,28.363743119964699,28.363743119964699,16.600000000000001
69.5,12,69.651854329227817,5.2021239523972875,110.87331998770266,9.7074409651328448,3.4524195074940107,1.9861612457479814,0.43445502239490219,0.54620327152765935,219.84598241945136,4.1540175805486834,1808.8138256115778,100.18617438842168,100.18617438842168,3287.0965797059594,28.90342029403876,28.90342029403876,16.600000000000001
69.75,12,69.589971601302082,5.209808033183168,110.80237158678875,9.7196628787175214,3.4691045655044759,2.011452921292693,0.44081203595129559,0.55659601174533591,219.77519950954303,4.2248004904570235,1807.1371505524462,101.86284944755332,101.86284944755332,3286.5490768029922,29.450923197005871,29.450923197005871,16.600000000000001
70,12,69.528161335775835,5.217572570838926,110.73136341864866,9.7316278099258984,3.485683957855974,2.036954325603312,0.44723004650159365,0.5671404414646336,219.70351644731855,4.2964835526814991,1805.4401873599222,103.55981264007733,103.55981264007733,3285.9936759011516,30.006324098846463,30.006324098846463,16.600000000000001
70.25,12,69.46642357493063,5.2254181740172019,110.66029455753248,9.7433362802793404,3.5021559744823247,2.0626659962904497,0.45370918066268212,0.57783801075279018,219.63092626013574,4.3690737398642989,1803.7228100281613,105.27718997183821,105.27718997183821,3285.4303046764981,30.569695323499612,30.569695323499612,16.600000000000001
70.5,12,69.404758361860218,5.233345441212621,110.58916407236944,9.7547888246401548,3.5185189123693186,2.0885884599176374,0.46024955810381307,0.58869017259970502,219.55742197791571,4.4425780220843043,1801.9848934964748,107.01510650352456,107.01510650352456,3284.8588907612516,31.141109238746274,31.141109238746274,16.600000000000001
70.75,12,69.34316574045539,5.2413549606723366,110.51797102693708,9.7659859911778444,3.5347710758346684,2.114722231859715,0.46685129143815862,0.59969838275260479,219.4829966340032,4.5170033659968354,1800.2263136811594,108.77368631884015,108.77368631884015,3284.2793617544189,31.720638245578595,31.720638245578595,16.600000000000001
71,12,69.281645755388553,5.2494473103042232,110.44671448003314,9.7769283413335266,3.5509107768129469,2.1410678161606995,0.47351448611308872,0.61086409954667054,219.40764326604284,4.5923567339572058,1798.4469475078724,110.55305249212711,110.55305249212711,3283.6916452326814,32.308354767316523,32.308354767316523,16.600000000000001
71.25,12,69.220198452098217,5.2576230575837783,110.37539348564842,9.7876164497832825,3.5669363351424663,2.1676257053922074,0.48023924030074333,0.62218878373293962,219.33135491686559,4.6686450831344208,1796.6466729442334,112.35332705576604,112.35332705576604,3283.0956687614303,32.904331238567508,32.904331238567508,16.600000000000001
71.5,12,69.158823876773496,5.2658827594613502,110.30400709313824,9.7980509044018547,3.5828460788495815,2.1943963805136728,0.4870256447911005,0.63367389830560228,219.25412463537518,4.7458753646248653,1794.8253690321621,114.17463096783739,114.17463096783739,3282.4913599058145,33.508640094182695,33.508640094182695,16.600000000000001
71.75,12,69.097522076340127,5.2742269622797089,110.23255434737631,9.8082323062362011,3.5986383444019068,2.2213803107420094,0.49387378290138723,0.64532090834224365,219.17594547737133,4.8240545226287121,1792.9829159168833,116.01708408311626,116.01708408311626,3281.8786462408093,34.12135375918821,34.12135375918821,16.600000000000001
72,12,69.036293098442371,5.2826562016618759,110.1610342889559,9.8181612694502274,3.6143114770454199,2.2485779534000536,0.5007837303461441,0.65713128080230998,219.096810506564,4.9031894934360185,1791.1191948849746,117.880805115025,117.880805115025,3281.2574553642553,34.742544635742043,34.742544635742043,16.600000000000001
72.25,12,68.975136991427348,5.291171002416684,110.08944595436195,9.8278384212862182,3.6298638310896001,2.2759897537800966,0.50775555513379089,0.66910648434840969,219.01671279547867,4.9832872045213845,1789.2340883968322,119.76591160316731,119.76591160316731,3280.6277149082166,35.372285091780505,35.372285091780505,16.600000000000001
72.5,12,68.914053804329228,5.2997718784431429,110.01778837614452,9.8372644020246209,3.6452937701949422,2.3036161450080237,0.51478931746338286,0.68124798916456963,218.9356454263725,5.0643545736275408,1787.3274801194052,121.67251988059448,121.67251988059448,3279.9893525505104,36.010647449487088,36.010647449487088,16.600000000000001
72.75,12,68.853043586852934,5.3084593326318483,109.94606058309691,9.8464398649403968,3.6605996676680768,2.3314575479067017,0.5218850696190469,0.69355726676894225,218.85360149217371,5.1463985078263264,1785.3992549597579,123.6007450402419,123.6007450402419,3279.3422960265948,36.657703973402761,36.657703973402761,16.600000000000001
73,12,68.792106389357826,5.3172338567656272,109.87426160043459,9.8553654762578535,3.6757799067583465,2.359514370860297,0.52904285586510391,0.70603578982386828,218.77057409742949,5.2294259025705507,1783.4492990988001,125.55070090119952,125.55070090119952,3278.686473141609,37.313526858388293,37.313526858388293,16.600000000000001
73.25,12,68.731242262841221,5.3260959314201175,109.80239044997454,9.8640419151046856,3.6908328809540349,2.3877870096798919,0.53626271234266742,0.71868503194425259,218.68655635925916,5.3134436407409025,1781.4775000249858,127.52249997501349,127.52249997501349,3278.0218117824907,37.978188217506577,37.978188217506577,16.600000000000001
73.5,12,68.670451258923634,5.3350460258768004,109.73044615029468,9.8724698734789875,3.7057569942434569,2.4162758474770731,0.54354466698262049,0.73150646752324866,218.60154140823056,5.3984585917694918,1779.4837465641583,129.51625343584126,129.51625343584126,3277.3482399288287,38.651760071168773,38.651760071168773,16.600000000000001
73.75,12,68.609733429830214,5.3440845980093172,109.65842771693605,9.880650056185365,3.7205506614503605,2.4449812545246856,0.55088873938820504,0.74450157151540253,218.51552238941687,5.4844776105831823,1777.467928917559,131.53207108244052,131.53207108244052,3276.6656856666855,39.334314333311781,39.334314333311781,16.600000000000001
74,12,68.549088828373698,5.3532120941807708,109.58633416258779,9.8885831807820814,3.7352123085386055,2.4739035881247973,0.55829494073215369,0.75767181923464566,218.42849246338696,5.5715075366131028,1775.4299386964713,133.57006130352835,133.57006130352835,3275.9740772013311,40.025922798666443,40.025922798666443,16.600000000000001
74.25,12,68.488517507937814,5.3624289491460946,109.5141644972647,9.8962699775325955,3.7497403729027181,2.5030431924807259,0.56576327366128376,0.77101868615803215,218.34044480716875,5.6595551928313128,1773.3696689553126,135.6303310446867,135.6303310446867,3275.2733428695242,40.726657130473036,40.726657130473036,16.600000000000001
74.5,12,68.428019522460289,5.3717355859505345,109.44191772849163,9.9037111893512524,3.7641333036694715,2.5324003985684049,0.5732937321978353,0.78454364772145668,218.25137261524446,5.7486273847555962,1771.2870142259451,137.71298577405435,137.71298577405435,3274.5634111523268,41.43658884767089,41.43658884767089,16.600000000000001
74.75,12,68.367594926415464,5.3811324158279543,109.36959286148873,9.9109075717471597,3.7783895620003283,2.5619755240090445,0.5808863016419209,0.79824817911288259,218.16126910055388,5.8387308994461726,1769.181870552078,139.81812944792151,139.81812944792151,3273.8442106880434,42.155789311953782,42.155789311953782,16.600000000000001
75,12,68.307243774796973,5.3906198380991137,109.29718889935771,9.9178598927662858,3.7925076213944093,2.591768872943172,0.58854095847523735,0.81213375506325236,218.07012749550498,5.929872504495072,1767.0541355237349,141.94586447626483,141.94586447626483,3273.1156702852945,42.884329714703298,42.884329714703298,16.600000000000001
75.25,12,68.246966123101885,5.4001982400811732,109.22470484325005,9.9245689329477766,3.8064859679595338,2.6217807359095726,0.59625767027825494,0.82620184965487753,217.97794105291086,6.0220589470891834,1764.9037083081582,144.0962916918414,144.0962916918414,3272.3777189348157,43.622281065182115,43.622281065182115,16.600000000000001
75.5,12,68.186762027312156,5.4098679969799166,109.15213969256564,9.9310354852534513,3.8203231007341323,2.6520113897202902,0.60403639562982581,0.8404539360967167,217.8847030470599,6.1152969529401782,1762.7304896863873,146.26951031361227,146.26951031361227,3271.6302858235404,44.369714176457563,44.369714176457563,16.600000000000001
75.75,12,68.126631543875718,5.4196294717817839,109.07949244515311,9.9372603549948106,3.8340175320105971,2.6824610973370384,0.61187708400780016,0.85489148649670521,217.7904067747954,6.2095932252046788,1760.5343820899921,148.46561791000755,148.46561791000755,3270.8733003488369,45.126699651160649,45.126699651160649,16.600000000000001
76,12,68.066574729689435,5.4294830151581479,109.00676209749061,9.943244359775214,3.8475677876242451,2.7131301077528951,0.61977967570412096,0.86951597165297212,217.69504555651602,6.3049544434840321,1758.315289633975,150.68471036602463,150.68471036602463,3270.1066921313932,45.893307868604325,45.893307868604325,16.600000000000001
76.25,12,68.006591642081133,5.4394289653649537,108.9339476448762,9.9489883294228481,3.8609724072569338,2.7440186558740738,0.62774410173602146,0.88432886083398587,217.59861273721884,6.4013872627812098,1756.0731181513036,152.92688184869621,152.92688184869621,3269.3303910288264,46.669608971171172,46.669608971171172,16.600000000000001
76.5,12,67.946682338791362,5.4494676481427788,108.86104808161903,9.9544931059216122,3.8742299447408342,2.7751269624033625,0.63577028375878786,0.8993316215564392,217.5011016875491,6.4988983124509527,1753.8077752274571,155.19222477254235,155.19222477254235,3268.5443271494119,47.455672850585763,47.455672850585763,16.600000000000001
76.75,12,67.886846877955165,5.4595993766173789,108.78806240123163,9.9597595433398141,3.8873389683623079,2.8064552337252784,0.6438581339801428,0.91452571936089133,217.40250580485679,6.5974941951432591,1751.519170234985,157.48082976501462,157.48082976501462,3267.7484308659245,48.251569134073257,48.251569134073257,16.600000000000001
77,12,67.827085318085153,5.4698244512087228,108.71498959660725,9.9647885077723153,3.9002980611405058,2.8380036617932385,0.65200755508401531,0.92991261760274024,217.30281851419159,6.6971814858084411,1749.2072143651906,159.79278563480904,159.79278563480904,3266.9426328283871,49.057367171610665,49.057367171610665,16.600000000000001
77.25,12,67.767397718052678,5.4801431595315098,108.64182866021655,9.9695808772622847,3.9131058211352028,2.8697724240182572,0.66021844014711073,0.94549377722065775,217.20203326938309,6.7979667306169427,1746.8718206631311,162.12817933686853,162.12817933686853,3266.1268639783252,49.873136021672543,49.873136021672543,16.600000000000001
77.5,12,67.707784137067591,5.490555776289499,108.56857858431921,9.97413754170692,3.9257608617766242,2.9017616831592932,0.66849067255052419,0.96127065648748278,217.1001435541867,6.8998564458133398,1744.512904065102,164.48709593489761,164.48709593489761,3265.3010555641836,50.698944435814319,50.698944435814319,16.600000000000001
77.75,12,67.648244634660472,5.5010625631844423,108.49523836114882,9.9784594027881273,3.9382618121509458,2.9339715872159444,0.67682412590664665,0.97724471078956954,216.99714288331705,7.0028571166829945,1742.1303814310936,166.86961856890602,166.86961856890602,3264.4651391547472,51.534860845250329,51.534860845250329,16.600000000000001
78,12,67.58877927066375,5.511663768821033,108.42180698310848,9.9825473738911459,3.9506073173010599,2.9664022693229515,0.68521866398322806,0.99341739239319338,216.89302480352922,7.1069751964708274,1739.7241715789726,169.27582842102703,169.27582842102703,3263.6190466534117,52.380953346586018,52.380953346586018,16.600000000000001
78.25,12,67.529388105192723,5.5223596286129011,108.34828344296729,9.9864023800208468,3.9627960385267409,2.9990538476467243,0.69367414062946853,1.0097901502089925,216.78778289470515,7.2122171052948847,1737.2941953185907,171.70580468140912,171.70580468140912,3262.7627103125396,53.237289687458258,53.237289687458258,16.600000000000001
78.5,12,67.470071198626499,5.5331503646897158,108.27466673405766,9.9900253577156661,3.9748266536841341,3.0319264252839271,0.70219039970419384,1.0263644295544729,216.68141077094521,7.3185892290548349,1734.8403754858084,174.15962451419125,174.15962451419125,3261.8960627479119,54.103937252085835,54.103937252085835,16.600000000000001
78.75,12,67.410828611589949,5.5440361858105529,108.20095585046022,9.9934172549740623,3.9866978574650678,3.0650200901603157,0.71076727501041892,1.0431416719299758,216.57390208160777,7.4260979183922569,1732.3626369741955,176.63736302580415,176.63736302580415,3261.0190369522293,54.980963047768711,54.980963047768711,16.600000000000001
79,12,67.351660404934847,5.555017287275418,108.12714978719762,9.9965790311692793,3.998408361687499,3.0983349149328956,0.71940459022949244,1.0601233147832663,216.46525051238888,7.5347494876111716,1729.8609067680029,179.1390932319967,179.1390932319967,3260.1315663093355,55.868433690662165,55.868433690662165,16.600000000000001
79.25,12,67.292566639718203,5.5660938508273725,108.05324754045763,9.9995116569298848,4.0099568956262379,3.1318709568982475,0.72810215884848528,1.0773107912395783,216.35544978652658,7.6445502134734449,1727.3351139797692,181.66488602023037,181.66488602023037,3259.233584610733,56.766415389264992,56.766415389264992,16.600000000000001
79.5,12,67.233547377183811,5.5772660445699769,107.97924810778039,10.002216114058674,4.0213422062894795,3.1656282578980126,0.73685978410152797,1.0947055298719772,216.2444936658548,7.7555063341452142,1724.7851898816816,184.21481011831807,184.21481011831807,3258.3250260693299,57.674973930667946,57.674973930667946,16.600000000000001
79.75,12,67.174602678742673,5.5885340228818627,107.90515048825823,10.004693395436052,4.0325630587110526,3.1996068442283043,0.7456772589098456,1.1123089544565707,216.13237595191023,7.867624048089807,1722.2110679387404,186.78893206125923,186.78893206125923,3257.4058253341741,58.594174665823878,58.594174665823878,16.600000000000001
80,12,67.115732605953326,5.5998979263329396,107.83095368273612,10.006944504920824,4.0436182362413753,3.2338067265514732,0.75455436582425028,1.13012248372602,216.01909048704317,7.9809095129568615,1719.6126838417688,189.38731615823073,189.38731615823073,3256.4759175052509,59.524082494747212,59.524082494747212,16.600000000000001
80.25,12,67.05693722050195,5.6113578816023519,107.75665669401273,10.008970457248536,4.054506540836857,3.268227899810253,0.76349087697018669,1.148147531121501,215.9046311555318,8.095368844468231,1716.9899755402373,192.01002445976223,192.01002445976223,3255.5352381483449,60.464761851653094,60.464761851653094,16.600000000000001
80.5,12,66.998216584183368,5.6229140014003471,107.68225852703208,10.010772277940289,4.0652267933348387,3.3028703431411031,0.77248655399646571,1.1663855045552955,215.78899188465681,8.2110081153431977,1714.3428832733848,194.65711672661513,194.65711672661513,3254.5837233091593,61.416276690838423,61.416276690838423,16.600000000000001
80.75,12,66.939570758882155,5.6345663843922598,107.6077581890747,10.012351003210245,4.0757778337255797,3.3377340197897216,0.78154114802677455,1.1848378061730471,215.67216664577515,8.3278333542248664,1711.6713496009884,197.32865039901139,197.32865039901139,3253.6213095274138,62.378690472583926,62.378690472583926,16.600000000000001
81,12,66.880999806549724,5.6463151151167894,107.53315468998738,10.013707679822053,4.086158521470213,3.3728188770411771,0.79065439960991057,1.2035058320693404,215.55414945555373,8.445850544446289,1708.9753194395396,200.02468056046018,200.02468056046018,3252.6479338539721,63.352066146026104,63.352066146026104,16.600000000000001
81.25,12,66.822503789185447,5.6581602639145281,107.45844704237331,10.014843364993949,4.096367735766191,3.408124846139835,0.79982603867705493,1.2223909720497337,215.43493437703907,8.5650656229609439,1706.254740092239,202.74525990776075,202.74525990776075,3251.6635338648666,64.336466135131488,64.336466135131488,16.600000000000001
81.5,12,66.76408276881638,5.6701018868563677,107.38363426179421,10.015759126286758,4.1064043758249484,3.4436518422155031,0.80905578450070537,1.2414946093779395,215.31451552077601,8.6854844792240051,1703.5095612804273,205.49043871957232,205.49043871957232,3250.6680476762604,65.33195232373744,65.33195232373744,16.600000000000001
81.75,12,66.705736807476882,5.6821400256741068,107.30871536697325,10.016456041488858,4.1162673611477665,3.4793997642123418,0.81834334565650124,1.2608181205213571,215.19288704592955,8.807112954070476,1700.7397351748023,208.2602648251974,208.2602648251974,3249.6614139594685,66.338586040529208,66.338586040529208,16.600000000000001
82,12,66.647465967188225,5.6942747076934372,107.23368937999822,10.016935198498658,4.1259556317991875,3.5153684948204305,0.82768841998804432,1.2803628748955187,215.07004316140782,8.9299568385922132,1697.9452164263432,211.05478357365655,211.05478357365655,3248.6435719560068,67.356428043991045,67.356428043991045,16.600000000000001
82.25,12,66.589270309938854,5.7065059457693508,107.15855532651781,10.017197695215403,4.135468148670058,3.5515579004062898,0.83709069457377416,1.3001302346167414,214.94597812695568,9.0540218730443396,1695.1259621959935,213.87403780400643,213.87403780400643,3247.6144614920727,68.385538507925631,68.385538507925631,16.600000000000001
82.5,12,66.531149897665159,5.7188337382240331,107.08331223592978,10.01724463943903,4.1448038937295841,3.5879678309421301,0.84654984569589109,1.3201215542636489,214.8206862542167,9.1793137457833147,1692.2819321830223,216.71806781697751,216.71806781697751,3246.5740229924122,69.425977007585914,69.425977007585914,16.600000000000001
82.75,12,66.473104792228142,5.7312580687876977,107.00795914161388,10.017077148704008,4.153961870320197,3.6245981199599009,0.85606553881833392,1.3403381805837482,214.69416190797224,9.3058380920277752,1689.4130886585494,219.58691134145036,219.58691134145036,3245.5221974976607,70.477802502337369,70.477802502337369,16.600000000000001
83,12,66.41513505539362,5.7437789065418645,106.93249508112392,10.016696350169356,4.1629411034073041,3.6614485844878044,0.86563742856256087,1.3607814522491293,214.566399507217,9.4336004927829968,1686.5193964936395,222.48060350636018,222.48060350636018,3244.4589266784897,71.541073321508307,71.541073321508307,16.600000000000001
83.25,12,66.357240748811734,5.7563962058655074,106.85691909639014,10.016103380491906,4.1717406398361989,3.6985190249946056,0.87526515868794552,1.3814526995992742,214.43739352627404,9.562606473725964,1683.6008231882672,225.39917681173253,225.39917681173253,3243.3841528505368,72.615847149461686,72.615847149461686,16.600000000000001
83.5,12,66.299421933996072,5.7691099063841094,106.7812302339226,10.015299385695759,4.1803595485867184,3.7358092253372774,0.8849483620756472,1.4023532443820654,214.30713849591257,9.6928615040874746,1680.6573389000148,228.34266109998504,228.34266109998504,3242.2978189893993,73.702181010598977,73.702181010598977,16.600000000000001
83.75,12,66.241678672302882,5.7819199329216859,106.70542754501457,10.014285521039326,4.1887969210245064,3.7733189527115414,0.89468666071588654,1.423484399494243,214.17562900446461,9.8243709955354248,1677.6889164723684,231.31108352763138,231.31108352763138,3241.1998687456221,74.800131254376154,74.800131254376154,16.600000000000001
84,12,66.184011024910561,5.7948261954544131,106.62951008594081,10.013062950888322,4.1970518711449518,3.8110479576017027,0.90447966569649285,1.444847468727797,214.04285969892084,9.9571403010791695,1674.6955314621205,234.30446853787933,234.30446853787933,3240.0902464592664,75.909753540731913,75.909753540731913,16.600000000000001
84.25,12,66.126419052800571,5.807828589063786,106.55347691814316,10.011632848606943,4.2051235358041232,3.8489959737245112,0.91432697718957634,1.4664437465317537,213.90882528597615,10.09117471402385,1671.6771621651621,237.32283783483763,237.32283783483763,3238.9688971734881,77.031102826510363,77.031102826510363,16.600000000000001
84.5,12,66.068902816733626,5.820926993905859,106.47732710846132,10.00999639637323,4.2130110749793603,3.8871627180078718,0.92422818446099708,1.4882745177172845,213.77352053324495,10.226479466755077,1668.6337896460282,240.36621035397172,240.36621035397172,3237.8357666515521,78.164233348445919,78.164233348445919,16.600000000000001
84.75,12,66.011462377229435,5.8341212751731755,106.40105972932611,10.008154785052666,4.2207136719983867,3.9255478905462837,0.93418286586759203,1.510341057209051,213.63694027033222,10.363059729667794,1665.5653977635147,243.43460223648515,243.43460223648515,3236.6908013909569,79.309198609041317,79.309198609041317,16.600000000000001
85,12,65.954097794546016,5.8474112830620939,106.32467385895957,10.006109214057942,4.2282305337696053,3.9641511745642846,0.9441905888610731,1.5326446297875906,213.49907938992882,10.500920610071185,1662.4719731964758,246.52802680352397,246.52802680352397,3235.5339486380535,80.466051361944665,80.466051361944665,16.600000000000001
85.25,12,65.896809128658575,5.8607968527440155,106.24816858157675,10.003860891203873,4.2355608910093991,4.0029722363840703,0.95425090999631912,1.5551864898296586,213.3599328489093,10.640067151090719,1659.3535054692711,249.64649453072857,249.64649453072857,3234.3651564027468,81.634843597251233,81.634843597251233,16.600000000000001
85.5,12,65.839596439238449,5.874277804340144,106.17154298758668,10.001411032560084,4.2427039984650934,4.0420107253961817,0.9643633749434235,1.5779678810486146,213.21949566942612,10.780504330573878,1656.209986976701,252.79001302329894,252.79001302329894,3233.1843734731387,82.815626526859518,82.815626526859518,16.600000000000001
85.75,12,65.782459785632241,5.8878539428977206,106.09479617379013,9.9987608623074067,4.249659135132358,4.0812662740302192,0.97452751850092156,1.6009900362390426,213.07776293998887,10.922237060011126,1653.0414130082506,255.95858699174909,255.95858699174909,3231.991549429873,84.008450570125504,84.008450570125504,16.600000000000001
86,12,65.725399226842796,5.9015250583601571,106.01792724356186,9.9959116126195244,4.2564256044628337,4.1207384977146218,0.98474286460076477,1.6242541770404735,212.93472981648677,11.065270183513228,1649.8477817710516,259.15221822894802,259.15221822894802,3230.7866346593196,85.213365340679204,85.213365340679204,16.600000000000001
86.25,12,65.668414821505337,5.9152909255686872,105.94093530707484,9.9928645234646787,4.2630027345817707,4.1604269948794554,0.9950089263515387,1.6477615136477848,212.79039152335437,11.209608476645627,1646.6290944143893,262.37090558561027,262.37090558561027,3229.5695803697977,86.430419630200745,86.430419630200745,16.600000000000001
86.5,12,65.61150662786703,5.9291513042474886,105.86381948149291,9.9896208424622621,4.2693898784900473,4.2003313469331145,1.0053252060604427,1.6715132445612884,212.64474335462398,11.355256645376036,1643.3853550520932,265.61464494790636,265.61464494790636,3228.3403386054433,87.659661394555414,87.659661394555414,16.600000000000001
86.75,12,65.554674703766125,5.9431059389949601,105.78657889116624,9.9861818247309806,4.2755864142624338,4.240451118245443,1.0156911952620455,1.6955105563329229,212.49778067498465,11.502219325015366,1640.11657078451,268.88342921548963,268.88342921548963,3227.0988622602395,88.901137739759136,88.901137739759136,16.600000000000001
87,12,65.497919106610965,5.9571545592804362,105.7092126678285,9.9825487327308409,4.2815917452415322,4.2807858561361565,1.0261063747528896,1.7197546233101593,212.34949892084347,11.650501079156532,1636.8227517199834,272.17724828001622,272.17724828001622,3225.8451050921303,90.154894907868282,90.154894907868282,16.600000000000001
87.25,12,65.441239893358926,5.9712968794449139,105.63171995079324,9.9787228361031666,4.2874053002264958,4.3213350908664365,1.0365702146301297,1.744246607380602,212.19989360138055,11.800106398619468,1633.5039109957136,275.49608900428615,275.49608900428615,3224.57902173703,91.420978262968603,91.420978262968603,16.600000000000001
87.5,12,65.384637120495469,5.9855325987037613,105.55409988714784,9.9747054115124794,4.2930265336567599,4.3620983356314733,1.0470821743318728,1.7689876577196444,212.04896029959193,11.951039700408103,1630.1600647980006,278.83993520199925,278.83993520199925,3223.3005677226101,92.69943227738888,92.69943227738888,16.600000000000001
87.75,12,65.328110844015072,5.9998614011363021,105.47635163193175,9.9704977425173986,4.2984549257932558,4.4030750865379025,1.0576417026621672,1.7939789105576025,211.89669467328142,12.103305326718594,1626.7912323820187,282.20876761798098,282.20876761798098,3222.0096994809878,93.990300519010702,93.990300519010702,16.600000000000001
88,12,65.271661119398047,6.0142829557214164,105.39847434834958,9.9661011193648452,4.3036899828868371,4.444264822628794,1.0682482378672638,1.819221488902752,211.74309245615262,12.256907543847385,1623.3974360904881,285.60256390951162,285.60256390951162,3220.7063743636895,95.293625636309088,95.293625636309088,16.600000000000001
88.25,12,65.215288001589812,6.0287969163509452,105.32046720796073,9.9615168388298407,4.3087312373455431,4.4856670058837995,1.0789012076862134,1.8447165022939525,211.58814945882511,12.4118505411749,1619.978701371942,289.02129862805776,289.02129862805776,3219.3905506549718,96.609449345027059,96.609449345027059,16.600000000000001
88.5,12,65.158991544980481,6.0434029218470009,105.24232939086754,9.9567462040543031,4.3135782478960847,4.527281081222073,1.0896000294052011,1.8704650465548733,211.43186156984174,12.56813843015828,1616.5350567983048,292.46494320169484,292.46494320169484,3218.0621875849952,97.937812415003734,97.937812415003734,16.600000000000001
88.75,12,65.102771803383973,6.0581005959869376,105.16406008590532,9.9517905243782945,4.3182305997388264,4.569106476511906,1.1003441099197921,1.8964682035459437,211.27422475667595,12.725775243324055,1613.0665340817263,295.9334659182735,295.9334659182735,3216.7212453430466,99.278754656951946,99.278754656951946,16.600000000000001
89,12,65.046628830017298,6.0728895475327205,105.08565849083105,9.9466511151696881,4.322687904696668,4.6111426025835653,1.1111328458014003,1.9227270409176949,211.11523506673035,12.884764933269665,1609.5731680906915,299.42683190930813,299.42683190930813,3215.3676850906181,100.6323149093806,100.6323149093806,16.600000000000001
89.25,12,64.990562677479886,6.0877693702627464,105.0071238125101,9.9413292976548053,4.3269498013588494,4.6533888532436389,1.1219656233658502,1.949242611866834,210.95488862832369,13.045111371676352,1606.0549968655098,302.94500313449009,302.94500313449009,3214.0014689742752,101.99853102572365,101.99853102572365,16.600000000000001
89.5,12,64.934573397735008,6.1027396429786238,104.92845526708669,9.935826398784231,4.3310159552343803,4.6958446052676814,1.1328418187147939,1.9760159549122926,210.79318165163548,13.206818348364536,1602.5120616347131,306.48793836528682,306.48793836528682,3212.6225601375604,103.37743986243876,103.37743986243876,16.600000000000001
89.75,12,64.878661042086904,6.1177999295826044,104.84965208018617,9.9301437510152049,4.3348860588634066,4.7385092184518083,1.1437607978516688,2.0030480936317994,210.63011042971462,13.369889570285396,1598.9444068269722,310.05559317302766,310.05559317302766,3211.2309227345472,104.76907726545201,104.76907726545201,16.600000000000001
90,12,64.822825661160394,6.1329497791239449,104.77071348709802,9.9242826921368863,4.3385598319412786,4.7813820356374253,1.1547219167640428,2.0303400364224218,210.46567133943759,13.534328660562441,1595.3520800842412,313.64791991575856,313.64791991575856,3209.826521942246,106.17347805775319,106.17347805775319,16.600000000000001
90.25,12,64.767067304880968,6.1481887258422203,104.69163873295346,9.9182445651038993,4.3420370214401771,4.8244623827326736,1.1657245215020615,2.0578927762677894,210.29986084244771,13.700139157552288,1591.7351322745476,317.26486772545223,317.26486772545223,3208.4093239726194,107.5906760273799,107.5906760273799,16.600000000000001
90.5,12,64.711386022454462,6.1635162892229856,104.61242707290569,9.9120307178590892,4.3453174017198517,4.867749568743549,1.1767679482693874,2.0857072905025005,210.13267548609215,13.867324513907855,1588.0936175035454,320.90638249645446,320.90638249645446,3206.9792960846257,109.02070391537343,109.02070391537343,16.600000000000001
90.75,12,64.655781862346871,6.1789319740582016,104.53307777230815,9.9056425031550948,4.3484007746315001,4.911242885808254,1.1878515235184886,2.1137845405785924,209.96411190434713,14.035888095652885,1584.4275931252523,324.5724068747474,324.5724068747474,3205.5364065960753,110.46359340392354,110.46359340392354,16.600000000000001
91,12,64.600254872264259,6.1944352705114687,104.45359010689141,9.8990812783747337,4.3512869696146854,4.9549416092347762,1.1989745640503173,2.1421254718341571,209.79416681873192,14.205833181268096,1580.7371197519544,328.26288024804546,328.26288024804546,3204.0806248952913,111.91937510470807,111.91937510470807,16.600000000000001
91.25,12,64.544805099132759,6.2100256541856194,104.37396336293745,9.8923484053527826,4.3539758437888958,4.9988449975398641,1.2101363771158062,2.1707310132652777,209.62283703920937,14.377162960790645,1577.0222612634529,331.97773873654683,331.97773873654683,3202.6119214525283,113.38807854747087,113.38807854747087,16.600000000000001
91.5,12,64.489432589082043,6.2257025861279089,104.29419683742879,9.8854452502638548,4.3564672820845862,5.0429522924415329,1.2213362604518672,2.1996020773294491,209.45011946503999,14.549880534960028,1573.2830848205458,335.71691517945402,335.71691517945402,3201.1302678301863,114.86973216981279,114.86973216981279,16.600000000000001
91.75,12,64.434137387422368,6.2414655129751591,104.21428983824265,9.8783731833745474,4.3587611972733438,5.087262718954511,1.2325735024620526,2.2287395596929724,209.27601108569169,14.7239889143083,1569.5196608674294,339.48033913257041,339.48033913257041,3199.6356366948203,116.36436330517874,116.36436330517874,16.600000000000001
92,12,64.37891953862443,6.2573138670493078,104.13424168432441,9.8711335788491148,4.3608575300284862,5.1317754854485944,1.2438473823449598,2.258144339004506,209.100508981709,14.899491018291013,1565.732063137347,343.26793686265262,343.26793686265262,3198.1280018281191,117.87199817187999,117.87199817187999,16.600000000000001
92.25,12,64.323779086300917,6.2732470664227256,104.05405170584679,9.8637278145894349,4.3627562490026266,5.1764897836842225,1.255157170190486,2.2878172766865199,208.92361032555058,15.07638967444943,1561.9203686600063,347.07963133999368,347.07963133999368,3196.6073381371298,119.3926618628691,119.3926618628691,16.600000000000001
92.5,12,64.268716073187264,6.2892645150100268,103.97371924437446,9.8561572720527728,4.3644573508827733,5.221404788867094,1.2665021271027948,2.3177592167201819,208.74531238242434,15.254687617575664,1558.0846577664668,350.91534223353307,350.91534223353307,3195.0736216645719,120.9263783354269,120.9263783354269,16.600000000000001
92.75,12,64.213730541122445,6.3053656026647955,103.89324365302666,9.8484233360689597,4.3659608604378715,5.2665196597058612,1.2778815053275632,2.3479709854331583,208.56561251110799,15.434387488892021,1554.2250140931278,354.77498590687202,354.77498590687202,3193.5268295989085,122.47317040109078,122.47317040109078,16.600000000000001
93,12,64.158822531029998,6.3215497052812806,103.81262429663751,9.8405273946570517,4.3672668305586688,5.3118335384729303,1.2892945483835214,2.3784533912904031,208.38450816475509,15.61549183524493,1550.3415245847923,358.65847541520748,358.65847541520748,3191.9669402841691,124.03305971583025,124.03305971583025,16.600000000000001
93.25,12,64.103992082899211,6.3378161848999559,103.73186055191395,9.8324708388422017,4.368375342290876,5.3573455510676773,1.3007404911972034,2.4092072246881622,208.2019968916868,15.798003108313221,1546.434279496925,362.56572050307466,362.56572050307466,3190.3939332295299,125.60606677046884,125.60606677046884,16.600000000000001
93.5,12,64.04923923576807,6.3541643897487665,103.65095180758404,9.824255062514835,4.3692865049258129,5.4030548070424373,1.3122185601743328,2.4402332577586114,208.01807633620231,15.981923663797707,1542.5033724044658,366.49662759553382,366.49662759553382,3188.8077891190742,127.19221088092475,127.19221088092475,16.600000000000001
93.75,12,63.994564027703483,6.370593654412704,103.56989746455601,9.8158814622135715,4.3700004559669496,5.4489603997032221,1.3237279733957938,2.4715322441645338,207.83274423931331,16.167255760686707,1538.5489001963642,370.4510998036356,370.4510998036356,3187.2084898204989,128.79151017950005,128.79151017950005,16.600000000000001
94,12,63.939966495782301,6.3871032999832718,103.48869693607233,9.8073514369233781,4.3705173611121282,5.4950614061988432,1.3352679407933166,2.5031049189000738,207.64599843947488,16.35400156052512,1534.5709630718745,374.42903692812524,374.42903692812524,3185.5960183937182,130.40398160628084,130.40398160628084,16.600000000000001
94.25,12,63.885446676073926,6.403692634154118,103.40734964785494,9.7986663879098099,4.3708374142832387,5.5413568875788357,1.3468376642719555,2.5349519981012989,207.45783687332906,16.542163126670967,1530.5696645422513,378.43033545774836,378.43033545774836,3183.9703590995582,132.02964090044063,132.02964090044063,16.600000000000001
94.5,12,63.831004603622333,6.4203609513496476,103.32585503825075,9.789827718535923,4.3709608376214177,5.5878458888706026,1.3584363378640338,2.5670741788573364,207.26825757641794,16.731742423582091,1526.5451114284488,382.45488857155112,382.45488857155112,3182.3314974079954,133.66850259200345,133.66850259200345,16.600000000000001
94.75,12,63.77664031242842,6.4371075328585849,103.2442125583748,9.7808368340792669,4.3708878814741787,5.6345274391594762,1.3700631478871668,2.5994721390251927,207.07725868388027,16.922741316119733,1522.4974138578484,386.50258614215142,386.50258614215142,3180.679420006104,135.3205799938948,135.3205799938948,16.600000000000001
95,12,63.722353835432457,6.4539316469724906,103.16242167225039,9.7716951415489621,4.3706188243743531,5.6814005516716568,1.3817172731063589,2.6321465370483548,206.88483843113076,17.115161568869254,1518.426685260009,390.57331473999062,390.57331473999062,3179.0141148057128,136.9858851942864,136.9858851942864,16.600000000000001
95.25,12,63.668145204496859,6.4708325491289882,103.08048185694683,9.7624040495030844,4.3701539730110861,5.7284642238599082,1.3933978848998962,2.6650980117792606,206.69099515452194,17.309004845478068,1514.3330423614575,394.6669576385425,394.6669576385425,3177.3355709507628,138.66442904923585,138.66442904923585,16.600000000000001
95.5,12,63.61401445039003,6.4878094819823158,102.99839260271362,9.7529649679000325,4.3694936622736718,5.775717437453876,1.4051041473553636,2.69832718230351,206.49572729205863,17.504272707941386,1510.2166051889069,398.78339481109299,398.78339481109299,3175.6437788255789,140.3562211744198,140.3562211744198,16.600000000000001
95.75,12,63.55996160276905,6.5048616755967537,102.91615341311255,9.7433793078990156,4.368638255163817,5.8231591585712916,1.4168352174818839,2.731834647771517,206.29903338398768,17.700966616012337,1506.0774970571626,402.92250294283724,402.92250294283724,3173.9387300609819,142.06126993901677,142.06126993901677,16.600000000000001
96,12,63.505986690162288,6.5219883476609439,102.83376380514714,9.7336484816540185,4.3675881426828553,5.8707883378398193,1.4285902454414794,2.7656209872347626,206.10091207335518,17.899087926644842,1501.9158445540811,407.08415544591873,407.08415544591873,3172.2204175398456,143.77958246015316,143.77958246015316,16.600000000000001
96.25,12,63.452089739953614,6.5391887036066558,102.75122330938829,9.7237739021519172,4.3663437438155368,5.9186039104722061,1.4403683746886964,2.7996867594834294,205.90136210663547,18.09863789336455,1497.7317775367137,411.26822246328612,411.26822246328612,3170.4888354038953,145.51116459610316,145.51116459610316,16.600000000000001
96.5,12,63.398270778366246,6.5564619367730845,102.66853147009719,9.7137569830335142,4.364905505462902,5.966604796364174,1.452168742152758,2.834032502889535,205.70038233430463,18.299617665695401,1493.5254291215008,415.47457087849909,415.47457087849909,3168.7439790595508,147.2560209404476,147.2560209404476,16.600000000000001
96.75,12,63.344529830446973,6.5738072285759008,102.58568784534513,9.7035991384153206,4.3632739023667959,6.0147899001949394,1.4639904784233897,2.8686587352544914,205.49797171139468,18.50202828860531,1489.2969356734593,419.70306432654058,419.70306432654058,3166.9858451834375,149.01415481656139,149.01415481656139,16.600000000000001
97,12,63.290866920050455,6.5912237486810579,102.50269200713015,9.6933017827120924,4.3614494370259518,6.0631581115303694,1.4758327079403066,2.9035659536611926,205.29412929802871,18.7058707019713,1485.0464367943559,423.95356320564412,423.95356320564412,3165.2144317275629,150.78556827243526,150.78556827243526,16.600000000000001
97.25,12,63.237282069823991,6.6087106551833648,102.41954354149044,9.6828663304602571,4.3594326396035799,6.1117083049287304,1.4876945491863478,2.9387546343307167,205.0888542599356,18.911145740064406,1480.7740753098549,428.22592469014501,428.22592469014501,3163.4297379241611,152.57026207583743,152.57026207583743,16.600000000000001
97.5,12,63.183775301192355,6.6262670947187825,102.33624204862363,9.6722941961571216,4.3572240679106411,6.1604393400210293,1.499575114818618,2.974225232469025,204.8821458690494,19.117854130950622,1476.4799972655858,432.52000273441428,432.52000273441428,3161.6317642921435,154.36823570785521,154.36823570785521,16.600000000000001
97.75,12,63.130346634343013,6.643892202664917,102.25278714299208,9.66158679408362,4.3548243072815849,6.2093500616268011,1.511473511880258,3.0099781821357339,204.67400350396565,19.32599649603436,1472.1643519104887,436.83564808951127,436.83564808951127,3159.8205126409043,156.17948735909471,156.17948735909471,16.600000000000001
98,12,63.076996088211679,6.6615851034184042,102.16917845341517,9.6507455381130587,4.3522339703559441,6.2584392999008465,1.5233888420823594,3.0460138961326999,204.46442665027183,19.535573349728185,1467.8272916690232,441.17270833097683,441.17270833097683,3157.9959860717686,158.00401392823045,158.00401392823045,16.600000000000001
98.25,12,63.023723680468066,6.6793449105376403,102.08541562317643,9.6397718415501732,4.3494536970164717,6.3077058704275775,1.5353202019606933,3.0823327658687285,204.25341490106064,19.746585098939377,1463.4689721318391,445.53102786816083,445.53102786816083,3156.1581889829386,159.84181101706039,159.84181101706039,16.600000000000001
98.5,12,62.970529427501965,6.6971707269404286,102.00149831012057,9.6286671169608766,4.3464841542590591,6.3571485743376002,1.5472666830822424,3.1189351612397322,204.04096795734881,19.959032042651216,1459.0895520383724,449.91044796162737,449.91044796162737,3154.3071270726846,161.69287292731431,161.69287292731431,16.600000000000001
98.75,12,62.917413344409574,6.7150616451059904,101.91742618674688,9.6174327760034188,4.3433260360542905,6.4067661984266531,1.5592273722548498,3.1558214305139725,203.82708562847478,20.172914371525263,1454.6891932584281,454.31080674157192,454.31080674157192,3152.4428073421759,163.5571926578225,163.5571926578225,16.600000000000001
99,12,62.864375444980226,6.7330167472813489,101.83319894029931,9.6060702292609523,4.3399800632005716,6.4565575152768337,1.571201351739949,3.1929919002224652,203.61176783247512,20.388232167524901,1450.2680607727461,458.73193922725386,458.73193922725386,3150.5652380979486,165.43476190205061,165.43476190205061,16.600000000000001
99.25,12,62.811415741683319,6.7510351056920666,101.74881627285252,9.5945808860756188,4.3364469831688144,6.5065212833801116,1.5831876994683423,3.2304468750546533,203.39501459643955,20.604985403560484,1445.826322652548,463.17367734745199,463.17367734745199,3148.6744289539938,167.32557104600505,167.32557104600505,16.600000000000001
99.5,12,62.758534245654936,6.7691157826961765,101.66427790140975,9.5829661543848825,4.3327275700185783,6.5566562472453533,1.5951854892063164,3.268186637735202,203.17682605696385,20.823173943036188,1441.3641500476251,467.63584995237483,467.63584995237483,3146.7703908359217,169.22960916407717,169.22960916407717,16.600000000000001
99.75,12,62.705730966685259,6.7872578309867562,101.57958355798549,9.5712274405590296,4.3288226242477208,6.6069611375211617,1.6071937907628957,3.3062114489237788,202.95720246049396,21.042797539506068,1436.8817171664596,472.11828283354049,472.11828283354049,3144.8531359829649,171.14686401703386,171.14686401703386,16.600000000000001
100,12,62.653005913207849,6.8054602939265383,101.49473298965354,9.5593661492390414,4.3247329724664105,6.6574346711600869,1.6192116703100499,3.3445215471709449,202.73614416339652,21.263855836603501,1432.3792012353085,476.62079876469136,476.62079876469136,3142.9226779445135,173.07732205548527,173.07732205548527,16.600000000000001
100.25,12,62.600359092287206,6.8237222057135334,101.40972595863337,9.5473836831781096,4.3204594672891812,6.7080755515318913,1.6312381905565103,3.3831171488110106,202.51365163234723,21.486348367652784,1427.8567824833806,481.14321751661936,481.14321751661936,3140.9790315831642,175.02096841683462,175.02096841683462,16.600000000000001
100.5,12,62.547790509607367,6.842042591607763,101.32456224235878,9.535281443084429,4.3160029871439827,6.7588824685563846,1.643272410973406,3.4219984478831043,202.2897254445846,21.710274555415435,1423.3146441180616,485.68535588193845,485.68535588193845,3139.0222130751099,176.97778692488893,176.97778692488893,16.600000000000001
100.75,12,62.495300169460776,6.8604204681623369,101.23924163354249,9.5230608274659225,4.3113644360724654,6.8098540988384215,1.65531338802275,3.4611656160580351,202.06436628814023,21.935633711859801,1418.7529722990821,490.24702770091778,490.24702770091778,3137.0522399101269,178.94776008987185,178.94776008987185,16.600000000000001
101,12,62.44288807473761,6.8788548434582895,101.15376394023693,9.5107232324770088,4.3065447435221627,6.8609891058048538,1.6673601753882861,3.5006188025708376,201.83757496204674,22.162425037953266,1414.1719561117027,494.82804388829703,494.82804388829703,3135.0691308911769,180.93086910882189,180.93086910882189,16.600000000000001
101.25,12,62.390554226915384,6.8973447173431808,101.06812898589099,9.4982700517674292,4.3015448641305234,6.9122861398434061,1.6794118242086493,3.5403581341590766,201.60935237652271,22.390647623477307,1409.5717875389116,499.42821246108821,499.42821246108821,3133.0729061336178,182.9270938663808,182.9270938663808,16.600000000000001
101.5,12,62.338298626047809,6.9158890816240497,100.98233660942024,9.4857026763250953,4.2963657775707906,6.9637438384321699,1.6914673832710052,3.5803837149807727,201.37969955325289,22.620300446747123,1404.9526614410615,504.04733855893824,504.04733855893824,3131.0635870664496,184.93641293354909,184.93641293354909,16.600000000000001
101.75,12,62.286121270754244,6.9344869202719774,100.89638666527031,9.4730224943224624,4.2910084883784814,7.0153608262727607,1.7035258992135958,3.6206956265424566,201.14861762562643,22.8513823743736,1400.3147755331652,508.68522446683477,508.68522446683477,3129.0411964327691,186.95880356722938,186.95880356722938,16.600000000000001
102,12,62.234022158213236,6.9531372097985162,100.8102790234166,9.4602308909931079,4.2854740255312196,7.0671357154638459,1.7155864168727628,3.6612939277225469,200.91610783854742,23.08389216145261,1395.658330332484,513.34166966751604,513.34166966751604,3127.0057582815575,188.99424171844112,188.99424171844112,16.600000000000001
102.25,12,62.182001284152278,6.9718389194454424,100.72401356942709,9.44732924847915,4.2797634422901494,7.1190671056329018,1.7276479794710371,3.7021786546997468,200.68217154867872,23.317828451321319,1390.9835291376075,518.01647086239257,518.01647086239257,3124.9572979684126,191.04270203158632,191.04270203158632,16.600000000000001
102.5,12,62.130058642839096,6.9905910114348391,100.63759020450109,9.4343189456905172,4.2738778159527229,7.1711535840827478,1.739709628855268,3.7433498209177229,200.44681022452531,23.553189775474721,1386.2905779968512,522.70942200314857,522.70942200314857,3122.8958421530838,193.10415784691506,193.10415784691506,16.600000000000001
102.75,12,62.078194227073404,7.0093924412240405,100.55100884550303,9.4212013581669645,4.2678182475953896,7.2233937259401211,1.7517704057378423,3.784807417056721,200.21002544649042,23.789974553509605,1381.579685675433,527.42031432456679,527.42031432456679,3120.8214187965291,195.17858120346941,195.17858120346941,16.600000000000001
103,12,62.026408028179084,7.028242157763616,100.46426942499222,9.4079778579425977,4.2615858618087543,7.2757860943058663,1.7638293499394113,3.8265514110112262,199.97181890690817,24.028181093091849,1376.8510636217311,532.14893637826867,532.14893637826867,3118.7340571575764,197.26594284242225,197.26594284242225,16.600000000000001
103.25,12,61.974700035996698,7.0471391037583349,100.37737189124839,9.3946498134129968,4.2551818064252007,7.3283292404066955,1.7758855006330543,3.8685817478737503,199.73219241005276,24.267807589947278,1372.1049259326296,536.89507406737016,536.89507406737016,3116.6337877891856,199.36621221081293,199.36621221081293,16.600000000000001
103.5,12,61.923070238875049,7.0660822158943377,100.29031620831124,9.3812185891906079,4.2486072522965861,7.3810217037433441,1.7879378965613422,3.9108983498969483,199.49114787223462,24.508852127765397,1367.3414893249399,541.65851067506014,541.65851067506014,3114.5206425366518,201.47935746334699,201.47935746334699,16.600000000000001
103.75,12,61.871518623662439,7.085070425048408,100.20310235602619,9.3676855459547372,4.2418633930970149,7.4338620122373245,1.7999855762385877,3.9535011164462208,199.24868732193565,24.751312678064387,1362.5609731098657,546.4390268901343,546.4390268901343,3112.3946545367226,203.60534546327671,203.60534546327671,16.600000000000001
104,12,61.820045175705111,7.104102656685952,100.11573032999314,9.3540520403770628,4.2349514448266454,7.4868486824051521,1.8120275782984021,3.9963899240996805,199.00481289935897,24.995187100641068,1357.7635991311665,551.23640086883347,551.23640086883347,3110.2558582044812,205.74414179551786,205.74414179551786,16.600000000000001
104.25,12,61.768649878839298,7.1231778310757985,100.02820014160356,9.3403194249772437,4.2278726455995947,7.5399802195079877,1.8240629416982637,4.0395646266134255,198.75952685651592,25.24047314348411,1352.9495917378129,556.05040826218715,556.05040826218715,3108.1042892316559,207.89571076834278,207.89571076834278,16.600000000000001
104.5,12,61.717332715385488,7.1422948635571002,99.940511818048577,9.3264890480007683,4.2206282553469787,7.5932551177095897,1.8360907059634364,4.0830250549307348,198.51283155713935,25.487168442860675,1348.1191777463348,560.88082225366543,560.88082225366543,3105.9399845813709,210.06001541862778,210.06001541862778,16.600000000000001
104.75,12,61.666093666143226,7.161452664811998,99.852665402320923,9.3125622533010191,4.2132195555076208,7.6466718602360597,1.8481099114343009,4.1267710172001548,198.26472947656291,25.735270523437126,1343.2725864016704,565.72741359832969,565.72741359832969,3103.7629824822848,212.23701751771421,212.23701751771421,16.600000000000001
105,12,61.614932710386341,7.180650141140446,99.764660953212854,9.2985403802242157,4.2056478487120685,7.700228919536853,1.8601195995142581,4.1708022987998277,198.01522320157679,25.98477679842323,1338.4100493371991,570.58995066280102,570.58995066280102,3101.5733224223404,214.42667757765886,214.42667757765886,16.600000000000001
105.25,12,61.563849825858576,7.1998861947371049,99.676498545309613,9.2844247634972898,4.1979144584599357,7.7539247574470158,1.8721188129181192,4.2151186623681092,197.76431543026013,26.235684569739917,1333.5318005339593,575.46819946604069,575.46819946604069,3099.3710451421234,216.62895485787541,216.62895485787541,16.600000000000001
105.5,12,61.512844988768293,7.2191597239450882,99.588178268995335,9.2702167331027105,4.1900207288344591,7.8077578253493725,1.8841065959029983,4.2597198478152203,197.51200897188306,26.487991028116962,1328.6380762844044,580.36192371559582,580.36192371559582,3097.1561926298291,218.84380737016994,218.84380737016994,16.600000000000001
105.75,12,61.461918173781562,7.238469623473085,99.499700230480201,9.2559176141317661,4.1819680242775501,7.8617265643359611,1.8960819944721146,4.3046055723024912,197.25830674692924,26.741693253070782,1323.7291151635329,585.27088483646742,585.27088483646742,3094.9288081188879,221.07119188111122,221.07119188111122,16.600000000000001
106,12,61.411069354025329,7.2578147847955341,99.41106455170295,9.2415287267565809,4.1737577290429622,7.9158294053795135,1.908044056707646,4.349775530410442,197.00321178641815,26.996788213581858,1318.805157960772,590.19484203922821,590.19484203922821,3092.6889360708151,223.31106392918355,223.31106392918355,16.600000000000001
106.25,12,61.360298501082312,7.2771940963905442,99.322271370337688,9.2270513861006265,4.1653912469285155,7.9700647694979265,1.9199918329870806,4.3952293941482559,196.74672723181544,27.253272768184576,1313.8664476458839,595.13355235411655,595.13355235411655,3090.4366221706869,225.56337782931226,225.56337782931226,16.600000000000001
106.5,12,61.309605584988233,7.2966064440166951,99.233320839771835,9.2124869021362024,4.1568700009371922,8.0244310679216042,1.9319243762260434,4.4409668130072042,196.48885633478011,27.511143665219901,1308.9132293261964,600.0867706738037,600.0867706738037,3088.1719133192587,227.82808668074031,227.82808668074031,16.600000000000001
106.75,12,61.258990574229841,7.3160507109964659,99.144213129076121,9.1978365795883796,4.1481954329231829,8.0789267022620521,1.943840742124628,4.4869874140257222,196.22960245686903,27.770397543130986,1303.9457502019993,605.05424979800102,605.05424979800102,3085.8948576242974,230.10514237570155,230.10514237570155,16.600000000000001
107,12,61.208453435743344,7.3355257785008297,99.054948422970313,9.1831017178420513,4.1393690032322903,8.1335500646814065,1.9557399894133138,4.5332908018607148,195.96896906921822,28.031030930781796,1298.9642595212467,610.03574047875338,610.03574047875338,3083.6055043915335,232.39449560846546,232.39449560846546,16.600000000000001
107.25,12,61.157994134913224,7.3550305258349198,98.965526921784758,9.1682836108521268,4.1303921903367788,8.1882995380628785,1.9676211800983738,4.5798765588651706,195.70695975220121,28.2930402477988,1293.9690085335822,615.03099146641807,615.03099146641807,3081.3039041152456,234.69609588475345,234.69609588475345,16.600000000000001
107.5,12,61.10761263557032,7.3745638307094161,98.875948841431736,9.1533835470416562,4.1212664904954561,8.2431734961830845,1.9794833796974165,4.6267442451507552,195.4435781951382,28.556421804861802,1288.9602504474437,620.03974955255637,620.03974955255637,3078.990108470055,237.00989152994339,237.00989152994339,16.600000000000001
107.75,12,61.057308899986872,7.3941245694690663,98.786214413412779,9.1384028091594818,4.1119934174963779,8.2981703038881278,1.9913256574477067,4.6738933985956175,195.17882819619379,28.821171803806191,1283.9382403972654,625.0617596027347,625.0617596027347,3076.6641703068872,239.33582969311149,239.33582969311149,16.600000000000001
108,12,61.007082888884206,7.4137116174755864,98.696323884680055,9.12334267429463,4.1025745020852895,8.3532883172602173,2.0031470866067167,4.7213235350731786,194.91271366150821,29.087286338491808,1278.9032353722703,630.09676462772984,630.09676462772984,3074.3261436326343,241.67385636736395,241.67385636736395,16.600000000000001
108.25,12,60.956934561430735,7.4333238493646103,98.606277517610138,9.10820441376746,4.0930112916436228,8.4085258837934997,2.0149467446750235,4.7690341485103538,194.64523860491806,29.354761395081962,1273.85549417576,635.1445058242399,635.1445058242399,3071.9760836025862,244.02391639741225,244.02391639741225,16.600000000000001
108.5,12,60.906863875242308,7.4529601393256444,98.516075589952848,9.0929892930465748,4.0833053498162926,8.4638813425691115,2.0267237136317608,4.8170247109835023,194.37640714754585,29.623592852454156,1268.7952773782645,640.20472262173575,640.20472262173575,3069.6140465101571,246.38595348984146,246.38595348984146,16.600000000000001
108.75,12,60.856870786383389,7.4726193613888086,98.425718394770016,9.0776985716754073,4.0734582561218362,8.5193530244304956,2.0384770801727403,4.8652946728296005,194.10622351733559,29.893776482664428,1263.7228472685301,645.27715273146998,645.27715273146998,3067.2400897756002,248.75991022439857,248.75991022439857,16.600000000000001
109,12,60.806955249368741,7.4923003897116933,98.335206240369928,9.0623335032019448,4.0634716055581697,8.5749392521593819,2.0502059359471696,4.9138434627634915,193.83469204856632,30.165307951433686,1258.6384678039719,650.36153219602829,650.36153219602829,3064.8542719343768,251.14572806562171,251.14572806562171,16.600000000000001
109.25,12,60.757117217165529,7.5120020988662501,98.244539450237852,9.0468953351116976,4.0533470082040681,8.6306383406523874,2.0619093777928654,4.9626704880012369,193.56181718134408,30.438182818655935,1253.5424045605939,655.45759543940619,655.45759543940619,3062.4566526251897,253.5433473748088,253.5433473748088,16.600000000000001
109.5,12,60.707356641194849,7.5317233641177816,98.153718362972995,9.0313853087512879,4.0430860888359392,8.6864485971000711,2.0735865079667914,5.0117751343730053,193.28760346112523,30.712396538874756,1248.4349246847814,660.56507531521856,660.56507531521856,3060.0472925788263,255.95270742117276,255.95270742117276,16.600000000000001
109.75,12,60.657673471329012,7.5514630616662188,98.062743332273627,9.0158046591951901,4.0326904866340145,8.7423683211754941,2.0852364343592162,5.0611567663625392,193.01205553847623,30.987944461523782,1243.3162968560271,665.68370314397316,665.68370314397316,3057.6262536121944,258.37374638780432,258.37374638780432,16.600000000000001
110,12,60.608067655903042,7.5712200689968956,97.971614726765722,9.000154615291784,4.0221618546111078,8.7983958051970994,2.0968582707489172,5.1108147273854652,192.73517816805645,31.26482183194355,1238.1867912157079,670.81320878429221,670.81320878429221,3055.193598605852,260.80640139414635,260.80640139414635,16.600000000000001
110.25,12,60.558539141716317,7.5909932651489065,97.880332929941105,8.9844363995812078,4.0115018592418528,8.8545293343116462,2.1084511370244079,5.160748339899869,192.45697620814343,31.543023791856552,1233.0466793203882,675.95332067961203,675.95332067961203,3052.7493914932825,263.25060850671633,263.25060850671633,16.600000000000001
110.5,12,60.509087874035778,7.610781530991833,97.788898340079328,8.9686512282307902,4.0007121800660723,8.910767186675459,2.1200141594065816,5.2109569055418579,192.17745462007488,31.822545379925128,1227.8962340919502,681.10376590804981,681.10376590804981,3050.2936972485286,265.70630275147033,265.70630275147033,16.600000000000001
110.75,12,60.459713796600354,7.6305837495081601,97.697311370156427,8.9528003109839478,3.9897945092728877,8.9671076336345887,2.1315464706716507,5.2614397052805915,191.89661846762559,32.103381532374399,1222.7357297653639,686.26427023463623,686.26427023463623,3047.8265818725754,268.17341812742347,268.17341812742347,16.600000000000001
111,12,60.410416851625818,7.650398806074751,97.605572447749964,8.9368848511121328,3.9787505512818324,9.0235489399053961,2.1430472103717371,5.3121959995790231,191.61447291636446,32.385527083635523,1217.565441836083,691.43455816391713,691.43455816391713,3045.3481123794309,270.651887620568,270.651887620568,16.600000000000001
111.25,12,60.36119697981011,7.6702255887432917,97.513682014940187,8.9209060453698985,3.9675820223211078,9.0800893637555191,2.154515525053001,5.3632250285603682,191.33102323299076,32.668976767009241,1212.3856470070857,696.61435299291452,696.61435299291452,3042.8583567819105,273.14164321808812,273.14164321808812,16.600000000000001
111.5,12,60.312054120338281,7.6900629885167806,97.421640528214795,8.9048650839440047,3.9562906500138699,9.1367271571869964,2.1659505684716698,5.4145260121687651,191.04627478468564,32.953725215314378,1207.1966231368876,701.80337686311248,701.80337686311248,3040.3573840778777,275.64261592212119,275.64261592212119,16.600000000000001
111.75,12,60.26298821088232,7.7099098996028257,97.329448458428544,8.8887631503350075,3.944878173046023,9.1934605661337567,2.1773515018110157,5.466098150245756,190.7602330387187,33.23976696128129,1201.9986491974889,707.0013508025113,707.0013508025113,3037.8452642420211,278.15473575797785,278.15473575797785,16.600000000000001
112,12,60.213999187615734,7.7297652197216467,97.237106290608963,8.8726014214226971,3.9333463406164104,9.250287830623444,2.1887174938862421,5.5179406228423451,190.4729035613307,33.527096438669311,1196.7920052057677,712.20799479423226,712.20799479423226,3035.322068202433,280.67793179756569,280.67793179756569,16.600000000000001
112.25,12,60.165086985219041,7.74962785037535,97.144614523857797,8.8563810674147003,3.9216969120274983,9.3072071849633495,2.2000477213526439,5.5700525903841127,190.18429201706326,33.815707982936715,1191.5769721720051,717.42302782799493,717.42302782799493,3032.787867826803,283.21213217319536,283.21213217319536,16.600000000000001
112.5,12,60.116251536885713,7.7694966971158346,97.051973671248078,8.8401032517990021,3.9099316562729722,9.3642168579264169,2.2113413689107162,5.6224331938429222,189.89440416806644,34.10559583193352,1186.3538320480218,722.64616795197833,722.64616795197833,3030.2427359082699,285.75726409172859,285.75726409172859,16.600000000000001
112.75,12,60.067492774329743,7.7893706698153684,96.959184259705566,8.8237691313138029,3.898052351606387,9.4213150729346307,2.2225976295074106,5.6750815549323077,189.60324587333079,34.396754126669201,1181.1228676729966,727.87713232700366,727.87713232700366,3027.6867461498227,288.31325385017595,288.31325385017595,16.600000000000001
113,12,60.018810627793563,7.809248682935233,96.86624682988672,8.8073798559202334,3.8860607851083078,9.4785000482426014,2.2338157045341793,5.7279967763080615,189.31082308790124,34.689176912098745,1175.8843627190897,733.11563728091039,733.11563728091039,3025.1199731484576,290.88002685154066,290.88002685154066,16.600000000000001
113.25,12,59.970205026056341,7.8291296557922916,96.773161936053157,8.7909365687778731,3.8739587522520793,9.5357699971213439,2.2449948040216867,5.7811779417739659,189.01714186207315,34.982858137926826,1170.6386016368897,738.36139836311031,738.36139836311031,3022.5424923790933,293.45750762090518,293.45750762090518,16.600000000000001
113.5,12,59.921675896442316,7.8490125128233235,96.679930145947182,8.7744404062175327,3.8617480564732345,9.5931231280435263,2.2561341468330913,5.8346241164855313,188.72220834059041,35.277791659409573,1165.3858696012892,743.61413039871059,743.61413039871059,3019.9543801786667,296.04561982133202,296.04561982133202,16.600000000000001
113.75,12,59.873223164823393,7.8688961838461315,96.586552040723717,8.7578924976438657,3.8494305088008804,9.6505576448856711,2.2672329608796535,5.8883343470663174,188.42602876209185,35.573971237908154,1160.1264524648702,748.87354753512955,748.87354753512955,3017.3557137355151,298.6442862644833,298.6442862644833,16.600000000000001
114,12,59.824846755635967,7.888779604320348,96.493028214742182,8.7412939656075572,3.8370079273441013,9.7080717470919708,2.2782904832735715,5.942307661940724,188.12860945793204,35.871390542067928,1154.8606366936874,754.13936330631248,754.13936330631248,3014.7465710659249,301.25342893407355,301.25342893407355,16.600000000000001
114.25,12,59.776546591890373,7.9086617156045076,96.399359275432332,8.7246459257860227,3.8244821368590856,9.7656636298599491,2.2893059605104984,5.9965430715522263,187.82995685132875,36.17004314867124,1149.5887093128335,759.41129068716646,759.41129068716646,3012.1270309975794,303.87296900241876,303.87296900241876,16.600000000000001
114.5,12,59.728322595179442,7.9285414652102926,96.305545843169298,8.7079494869513798,3.8118549683290786,9.8233314843297492,2.3002786486537232,6.0510395685668819,187.5300774565489,36.469922543451077,1144.3109578535486,764.68904214645124,764.68904214645124,3009.4971731539658,306.50282684603258,306.50282684603258,16.600000000000001
114.75,12,59.680174685688868,7.9484178070542209,96.211588551130802,8.6912057509590781,3.7991282585284698,9.8810734977693002,2.3112078135080485,6.1057961281044113,187.22897787801313,36.771022121986846,1139.0276702983929,769.97232970160701,769.97232970160701,3006.8570779372117,309.14292206278662,309.14292206278662,16.600000000000001
115,12,59.632102782208058,7.9682897017064702,96.117488045151219,8.6744158127389905,3.7863038495868544,9.9388878537595655,2.3220927307897137,6.1608117079737674,186.92666480938394,37.073335190616056,1133.7391350264022,775.26086497359756,775.26086497359756,3004.2068265107405,311.79317348925804,311.79317348925804,16.600000000000001
115.25,12,59.58410680214125,7.9881561166366728,96.023244983572681,8.6575807602889707,3.7733835885532474,9.9967727323797941,2.332932686292255,6.2160852489131617,186.62314503263835,37.376854967361659,1128.4456407582518,780.55435924174822,780.55435924174822,3001.5465007817384,314.45349921825999,314.45349921825999,16.600000000000001
115.5,12,59.536186661518826,8.0080160264575309,95.928860037095532,8.640701674668005,3.7603693269620804,10.054726310393505,2.343726976050212,6.271615674830775,186.31842541713516,37.68157458286484,1123.147476501618,785.85252349838208,785.85252349838208,2998.8761833836484,317.12381661634981,317.12381661634981,16.600000000000001
115.75,12,59.488342275002985,8.0278684131866633,95.834333888680973,8.6237796299249698,3.7472629204343582,10.112746761450968,2.354474906545307,6.327401892963521,186.01251291889923,37.98748708110076,1117.844931500734,791.15506849926624,791.15506849926624,2996.1959576631007,319.80404233689728,319.80404233689728,16.600000000000001
116,12,59.440573555906049,8.047712266461021,95.73966723333767,8.6068156931669346,3.7340662282082357,10.1708322562577,2.3651757948123171,6.3834427942172569,185.70541457941374,38.294585420586252,1112.538295177493,796.46170482250704,796.46170482250704,2993.5059076572111,322.49409234278693,322.49409234278693,16.600000000000001
116.25,12,59.392880416203695,8.067546583767168,95.644860777954946,8.5898109245697007,3.7207811127016144,10.228980962757769,2.3758289685825589,6.4397372534335258,185.39713752460676,38.602862475393216,1107.227857076369,801.77214292363124,801.77214292363124,2990.8061180748696,325.19388192512872,325.19388192512872,16.600000000000001
116.5,12,59.345262766545829,8.0873703706779434,95.549915241158971,8.5727663773597431,3.7074094390917769,10.287191046324653,2.3864337664444801,6.4962841296204887,185.08768896393119,38.912311036068822,1101.91390681136,807.08609318864001,807.08609318864001,2988.0966742800128,327.90332571998545,327.90332571998545,16.600000000000001
116.75,12,59.297720516269671,8.1071826410789356,95.45483135314926,8.5556830978186849,3.6939530748856657,10.34546066994699,2.3969895379854846,6.5530822662140222,184.77707618935963,39.22292381064036,1096.5967340118045,812.40326598819547,812.40326598819547,2985.3776622733571,330.62233772664155,330.62233772664155,16.600000000000001
117,12,59.250253573413083,8.1269824173912415,95.359609855532781,8.538562125289765,3.6804138894916045,10.403787994414246,2.4074956439292099,6.610130491342499,184.46530657436685,39.534693425633137,1091.276628268354,817.72337173164624,817.72337173164624,2982.6491686740028,333.35083132599578,333.35083132599578,16.600000000000001
117.25,12,59.202861844728318,8.1467687307904111,95.264251501155556,8.521404492186317,3.6667937537926223,10.462171178502278,2.4179514562681561,6.6674276180951821,184.15238757289873,39.847612427101261,1085.9538790791278,823.04612092087223,823.04612092087223,2979.9112807009274,336.08871929907076,336.08871929907076,16.600000000000001
117.5,12,59.155545235695854,8.166540621422266,95.168757053932737,8.5042112240011392,3.6530945397216441,10.520608379159038,2.4283563583928478,6.7249724447927122,183.8383267183325,40.16167328166749,1080.6287757960774,828.37122420392268,828.37122420392268,2977.1640861544311,338.83591384556667,338.83591384556667,16.600000000000001
117.75,12,59.108303650533422,8.1862971386556893,95.073127288722333,8.4869833392640128,3.6393181198431614,10.579097751703662,2.4387097452788096,6.7827637551881441,183.52313162260694,40.476868377393082,1075.3016075720254,833.69839242797457,833.69839242797457,2974.4076734008072,341.59232659919098,341.59232659919098,16.600000000000001
118,12,59.061136992214855,8.2060373412563159,94.977362991112528,8.469721849599404,3.625466366928713,10.637637450000659,2.4490110235541671,6.840800318804642,183.20680997500705,40.793190024992953,1069.9726633071125,839.0273366928875,839.0273366928875,2971.6421313508281,344.35786864916969,344.35786864916969,16.600000000000001
118.25,12,59.014045162486951,8.225760297575178,94.881464957228374,8.4524277597607984,3.611541153536765,10.696225626640247,2.4592596115916106,6.8990808912423169,182.8893695410228,41.110630458977198,1064.6422315957179,844.35776840428196,844.35776840428196,2968.8675494397089,347.13245056028927,347.13245056028927,16.600000000000001
118.5,12,58.967028061882445,8.2454650857646374,94.785433993571573,8.4351020676253921,3.5975443515985512,10.754860433128918,2.4694549396436205,6.9576042144320596,182.5708181613364,41.429181838663574,1059.3106006740129,849.68939932598721,849.68939932598721,2966.0840176095417,349.91598239045618,349.91598239045618,16.600000000000001
118.75,12,58.920085589735294,8.2651507939742661,94.689270916840755,8.4177457642109808,3.5834778320047893,10.813540020074614,2.4795964499487555,7.0163690169202217,182.25116375072955,41.748836249270454,1053.9780583676404,855.02194163235947,855.02194163235947,2963.2916262904,352.70837370959799,352.70837370959799,16.600000000000001
119,12,58.873217644196323,8.2848165205423374,94.592976553749779,8.4003598336943668,3.5693434641952027,10.872262537371714,2.4896835968329647,7.0753740141560826,181.9304142969799,42.069585703020103,1048.6448920397204,860.35510796027961,860.35510796027961,2960.4904663813754,355.50953361862264,355.50953361862264,16.600000000000001
119.25,12,58.82642412224908,8.3044613741828108,94.496551740844197,8.3829452534312399,3.5551431157510125,10.931026134385801,2.4997158468058638,7.1346179087819976,181.60857785974815,42.391422140251841,1043.3113885391933,865.68861146080656,865.68861146080656,2957.6806292315705,358.3193707684274,358.3193707684274,16.600000000000001
119.5,12,58.779704919725987,8.3240844741680373,94.399997324316047,8.3655029939772696,3.5408786519904312,10.989828960138224,2.5096926786523057,7.1940993909258317,181.28566256945584,42.714337430544163,1037.9778341495157,871.02216585048416,871.02216585048416,2954.8622066210573,361.13779337894056,361.13779337894056,16.600000000000001
119.75,12,58.733059931320376,8.3436849505610517,94.303314159850899,8.3480340190739728,3.5265519355453776,11.048669163499167,2.5196135835897771,7.2538171384409313,180.96167662627866,43.038323373721333,1032.6445145349837,876.35548546501627,876.35548546501627,2952.0352907437118,363.96470925628643,363.96470925628643,16.600000000000001
120,12,58.686489050605701,8.3632619443574168,94.206503112419512,8.3305392856937139,3.5121648259765057,11.107544893366612,2.5294780653084725,7.3137698172352872,180.63662829893383,43.363371701066157,1027.3117146918014,881.6882853081986,881.6882853081986,2949.1999741869995,366.80002581299857,366.80002581299857,16.600000000000001
120.25,12,58.639992170055201,8.3828146076186449,94.109565056065989,8.3130197440883524,3.4977191793932922,11.166454298844453,2.539285640001423,7.3739560816065977,180.31052592345054,43.689474076549473,1021.9797188997504,887.02028110024958,887.02028110024958,2946.3563499116185,369.64365008837945,369.64365008837945,16.600000000000001
120.5,12,58.593569181056793,8.40234210366493,94.012500873734083,8.2954763377958116,3.4832168480517769,11.22539552943063,2.5490358364733394,7.4343745745144698,179.9833779020797,44.016622097920312,1016.6488106710436,892.35118932895637,892.35118932895637,2943.5045112333883,372.49548876660975,372.49548876660975,16.600000000000001
120.75,12,58.547219973930261,8.4218436072362088,93.915311457075731,8.2779100036657649,3.4686596799670748,11.284366735200638,2.5587281962091919,7.4950239278817188,179.65519270213454,44.344807297865444,1011.3192727009874,897.68072729901257,897.68072729901257,2940.6445518041946,375.35544819580338,375.35544819580338,16.600000000000001
121,12,58.500944437944661,8.4413183046483162,93.817997706258083,8.2603216718863095,3.4540495185299145,11.343366066990743,2.5683622734375953,7.5559027628974702,179.32597885482389,44.674021145176091,1005.9913868191131,903.00861318088687,903.00861318088687,2937.7765655929438,378.22343440705407,378.22343440705407,16.600000000000001
121.25,12,58.45474246133606,8.460765393944115,93.720560529769443,8.2427122660115852,3.4393882021273567,11.402391676580828,2.5779376351889476,7.6170096903219662,178.99574495407833,45.004255045921646,1000.6654339407958,908.33456605920412,908.33456605920412,2934.9006468665311,381.09935313346705,381.09935313346705,16.600000000000001
121.5,12,58.40861393132537,8.4801840850395749,93.623000844223867,8.2250827029902513,3.4246775637678502,11.461441716876905,2.5874538613482523,7.6783433107929833,178.66449965537004,45.335500344629949,995.34169401937959,913.65830598062041,913.65830598062041,2932.0168901708312,383.98310982916695,383.98310982916695,16.600000000000001
121.75,12,58.362558734133273,8.499573599923739,93.525319574185986,8.2074338931758266,3.4099194306702154,11.520514342096888,2.5969105447726144,7.7399022150985735,178.33225167459514,45.667748325404851,990.02044599390081,918.97955400609919,918.97955400609919,2929.1253903123229,386.87460968767545,386.87460968767545,16.600000000000001
122,12,58.316576754999417,8.5189331727790343,93.42751765196796,8.1897667403617103,3.3951156239083833,11.5796077079514,2.6063072913151202,7.8016849844955312,177.99900978686327,46.000990213136724,984.70196774356134,924.29803225643866,924.29803225643866,2926.2262423389902,389.77375766100818,389.77375766100818,16.600000000000001
122.25,12,58.270667878204193,8.5382620500485409,93.329596017408647,8.1720821418322753,3.3802679580937451,11.638719971821191,2.6156437197866618,7.8636901910575867,177.66478282522561,46.335217174774392,979.38653604674892,929.61346395325097,929.61346395325097,2923.3195415207861,392.68045847921258,392.68045847921258,16.600000000000001
122.5,12,58.224831987085203,8.5575594906035768,93.23155561768948,8.1543809883806517,3.3653782409898207,11.697849292940692,2.6249194620376208,7.9259163979618306,177.32957967952126,46.670420320478776,974.07442653181579,934.92557346818421,934.92557346818421,2920.4053833312214,395.59461666877729,395.59461666877729,16.600000000000001
122.75,12,58.179068964055929,8.5768247658669896,93.13339740713576,8.1366641643395976,3.3504482731587295,11.756993832578695,2.6341341629879462,7.9883621597993697,176.99340929517305,47.006590704826976,968.76591363169712,940.23408636830288,940.23408636830288,2917.4838634286207,398.51613657137733,398.51613657137733,16.600000000000001
123,12,58.133378690624596,8.5960571599311795,93.035122347017136,8.1189325476128378,3.3354798476127168,11.816151754218616,2.6432874806519999,8.0510260228867931,176.65628067197943,47.343719328020576,963.46127053912164,945.53872946087836,945.53872946087836,2914.5550776374489,401.44492236254916,401.44492236254916,16.600000000000001
123.25,12,58.087761047413153,8.6152559696708266,92.936731405347658,8.1011870097068108,3.3204747494708879,11.875321223738259,2.6523790861581493,8.1139065255783365,176.31820286290207,47.681797137097931,958.16076916243151,950.83923083756849,950.83923083756849,2911.6191219297107,404.38087807028734,404.38087807028734,16.600000000000001
123.5,12,58.042215914176495,8.6344205048502314,92.838225556685202,8.0834284157627714,3.3054347556212953,11.934500409589145,2.6614086637630381,8.1770021985786538,175.97918497284988,48.020815027150121,952.86468008203019,956.13531991796981,956.13531991796981,2908.6760924064415,407.3239075935569,407.3239075935569,16.600000000000001
123.75,12,57.996743169820157,8.6535500882690091,92.739605781938479,8.0656576245852776,3.2903616343504138,11.993687482975083,2.6703759109091361,8.2403115652417167,175.63923615747993,48.360763842520086,947.57327250293054,961.42672749706946,961.42672749706946,2905.7260852790309,410.27391472096792,410.27391472096792,16.600000000000001
124,12,57.951342692419239,8.6726440558742297,92.640873068168546,8.0478754886734016,3.2752571450026817,12.052880618030397,2.6792805382457741,8.3038331418793092,175.29836562198244,48.701634378017594,942.28681421087458,966.71318578912542,966.71318578912542,2902.7691968508111,413.23080314918735,413.23080314918735,16.600000000000001
124.25,12,57.906014359240501,8.6917017567812014,92.542028408374392,8.0300828542598328,3.2601230377203936,12.112077991998015,2.6881222695496541,8.367565438097829,174.95658261982402,49.043417380175995,937.00557153802833,971.99442846197167,971.99442846197167,2899.8055234992567,416.1944765007421,416.1944765007421,16.600000000000001
124.5,12,57.86075804676063,8.710722553400311,92.44307280129857,8.0122805613401056,3.2449610530924087,12.171277785406494,2.6969008417638012,8.4315069570987315,174.6138964515398,49.386103548460227,931.72980931778852,977.27019068221148,977.27019068221148,2896.8351616576383,419.16483834236038,419.16483834236038,16.600000000000001
124.75,12,57.81557363068584,8.729705821522991,92.344007251226415,7.9944694437050288,3.2297729218394924,12.230478182246596,2.7056160049920677,8.495656195990513,174.27031646350724,49.729683536492765,926.45979084394844,982.54020915605156,982.54020915605156,2893.8582077970141,422.14179220298445,422.14179220298445,16.600000000000001
125,12,57.770460985971603,8.7486509504024141,92.244832767785013,7.9766503289731334,3.2145603645054623,12.289677370147327,2.7142675224886634,8.5600116461004987,173.925852046719,50.07414795328102,921.19577783054433,987.80422216945567,987.80422216945567,2890.8747584083412,425.12524159165753,425.12524159165753,16.600000000000001
125.25,12,57.725419986842553,8.7675573428285425,92.145550365742068,7.9588240386235798,3.199325091154094,12.348873540551176,2.7228551706421107,8.6245717932870818,173.58051263555265,50.419487364447384,915.93803037237728,993.0619696276226,993.0619696276226,2887.8849099846816,428.11509001531635,428.11509001531635,16.600000000000001
125.5,12,57.680450506813571,8.7864244151870778,92.046161064794376,7.9409913880413754,3.1840688010723492,12.408064888885576,2.7313787389370323,8.6893351182693959,173.23430770650367,50.765692293496365,910.68680690625263,998.31319309374726,998.31319309374726,2884.8887590027534,431.11124099724492,431.11124099724492,16.600000000000001
125.75,12,57.635552418708741,8.8052515975344505,91.94666588937676,7.9231531865382356,3.1687931824786517,12.467249614739863,2.7398380299450213,8.7543000969215772,172.88724677698889,51.112753223011119,905.44236417285936,1003.5576358271405,1003.5576358271405,2881.8864019061702,434.11359809382753,434.11359809382753,16.600000000000001
126,12,57.590725594681317,8.8240383336586241,91.847065868462636,7.9053102373833957,3.1534999122376406,12.526425922038968,2.7482328592964667,8.8194652005810052,172.53933940412,51.460660595880029,900.20495717939002,1008.7950428206099,1008.7950428206099,2878.8779350881919,437.12206491180638,437.12206491180638,16.600000000000001
126.25,12,57.545969906234177,8.8427840811300236,91.747362035360837,7.8874633378393142,3.1381906555813308,12.585592019215099,2.75656305564031,8.8848288963632136,172.19059518346211,51.809404816537949,894.97483916290446,1014.0251608370954,1014.0251608370954,2875.8634548742853,440.13654512571321,440.13654512571321,16.600000000000001
126.5,12,57.501285224240149,8.8614883113499712,91.647555427515513,7.8696132791938282,3.1228670658364726,12.644746119379525,2.7648284606035118,8.9503896474712512,171.84102374780258,52.158976252197448,889.75226155442726,1019.2477384455726,1019.2477384455726,2872.8430575050688,443.15694249492924,443.15694249492924,16.600000000000001
126.75,12,57.456671418962287,8.8801505095936886,91.547647086306398,7.8517608467919926,3.1075307841583601,12.703886440493612,2.7730289287455916,9.0161459135041468,171.49063476592076,52.509365234079262,884.53747394380446,1024.4625260561954,1024.4625260561954,2869.8168391194204,446.18316088057765,446.18316088057765,16.600000000000001
127,12,57.412128360073808,8.8987701750655575,91.44763805685136,7.8339068200676323,3.0921834392543115,12.763011205538627,2.7811643275279585,9.0820961507602096,171.13943794136034,52.86056205863968,879.33072404340817,1029.6692759565917,1029.6692759565917,2866.7848957375663,449.21510426243196,449.21510426243196,16.600000000000001
127.25,12,57.36765591667681,8.9173468209920586,91.34752938781368,7.8160519725746678,3.0768266470727732,12.822118642683638,2.7892345373262,9.1482388125291525,170.78744301120815,53.212556988791853,874.13225764795186,1034.8677423520478,1034.8677423520478,2863.747323243892,452.25267675610644,452.25267675610644,16.600000000000001
127.5,12,57.323253957325164,8.9358799745590289,91.247322131195503,7.7981970720173202,3.0614620106419639,12.881206985456469,2.7972394512708894,9.2145723494179599,170.43465974485838,53.565340255141621,868.94231861135893,1040.0576813886407,1040.0576813886407,2860.7042173715472,455.29578262845155,455.29578262845155,16.600000000000001
127.75,12,57.278922350044127,8.954369176966356,91.147017342143968,7.7803428802803412,3.0460911197984464,12.940274472910675,2.8051789752199294,9.2810952096467396,170.0810979427921,53.918902057207895,863.76114881112449,1045.2388511888753,1045.2388511888753,2857.6556736859256,458.34432631407287,458.34432631407287,16.600000000000001
128,12,57.234660962350489,8.9728139834542731,91.04661607875579,7.7624901534585691,3.0307155509443762,12.999319349792234,2.8130530277006955,9.3478058393484371,169.72676743535689,54.273232564643116,858.58898811596896,1050.4110118840308,1050.4110118840308,2854.6017875685939,461.39821243140454,461.39821243140454,16.600000000000001
128.25,12,57.190469661273013,8.9912139633194972,90.946119401882356,7.7446396418858372,3.0153368668161242,13.058339866705472,2.8208615398422703,9.4147026828680414,169.37167808154868,54.628321918451348,853.42607435481557,1055.5739256451843,1055.5739256451843,2851.5426542014702,464.45734579852802,464.45734579852802,16.600000000000001
128.5,12,57.146348313372698,9.0095686999264224,90.845528374935839,7.7267920901632303,2.9999566162594808,13.117334280278111,2.8286044553035108,9.4817841830599345,169.01583976779673,54.984160232203266,848.27264328654405,1060.7273567134559,1060.7273567134559,2848.4783685512157,467.52163144878307,467.52163144878307,16.600000000000001
128.75,12,57.102296784763837,9.0278777907208418,90.744844063687893,7.708948237199138,2.9845763339940277,13.17630085332209,2.8362817301988112,9.5490487815981524,168.65926240672005,55.340737593279968,843.12892856841097,1065.8710714315889,1065.8710714315889,2845.4090253527447,470.5909746472534,470.5909746472534,16.600000000000001
129,12,57.058314941134419,9.0461408472319125,90.644067536077117,7.6911088162372989,2.9691975403999322,13.235237854996377,2.8438933330181255,9.6164949192712523,168.30195593591611,55.698044064083909,837.99516172716926,1071.0048382728305,1071.0048382728305,2842.3347190939412,473.66528090605738,473.66528090605738,16.600000000000001
129.25,12,57.014402647765486,9.0643574950587382,90.543199862029354,7.6732745548668291,2.9538217413355659,13.294143560973316,2.8514392445404293,9.684121036254604,167.94393031679868,56.056069683201343,832.87157213390765,1076.1284278660919,1076.1284278660919,2839.2555440020783,476.74445599792051,476.74445599792051,16.600000000000001
129.5,12,56.970559769552011,9.0825273738677748,90.442242113261557,7.6554461750575857,2.9384504279254458,13.353016253597119,2.8589194577469481,9.7519255724114657,167.58519553337214,56.414804466627878,827.75838697526808,1081.2416130247316,1081.2416130247316,2836.1715940282079,479.82840597179057,479.82840597179057,16.600000000000001
129.75,12,56.926786171023146,9.1006501373800059,90.341195363092794,7.6376243931859866,2.9230850763671978,13.411854222043599,2.8663339777291279,9.8199069675813995,167.22576159103312,56.774238408966916,822.65583122695159,1086.3441687730481,1086.3441687730481,2833.0829628325337,482.91703716746503,482.91703716746503,16.600000000000001
130,12,56.883081716362476,9.11872545335323,90.240060686256825,7.619809920060038,2.9077271477453421,13.470655762478847,2.8736828215926633,9.88806366186639,166.86563851537659,57.134361484623426,817.56412762802995,1091.4358723719697,1091.4358723719697,2829.9897437700088,486.01025622998969,486.01025622998969,16.600000000000001
130.25,12,56.839446269428265,9.1367530035617595,90.138839158715257,7.6020034609444815,2.8923780878489724,13.529419178216466,2.8809660183596133,9.9563940959153197,166.50483635100494,57.495163648995053,812.48349665573528,1096.5165033442643,1096.5165033442643,2826.8920298760763,489.10797012392243,489.10797012392243,16.600000000000001
130.5,12,56.795879693773635,9.1547324838064323,90.037531857465197,7.5842057155994009,2.8770393269512531,13.588142779869221,2.8881836088971915,10.02489671121784,166.14336516030542,57.856634839694578,807.41415649596195,1101.5858435040375,1101.5858435040375,2823.789913851143,492.21008614885551,492.21008614885551,16.600000000000001
130.75,12,56.752381852666623,9.1726636038472957,89.936139860363141,7.5664173782884436,2.8617122796888124,13.646824885508764,2.8953356457798347,10.093569950371121,165.78123502230852,58.218764977691478,802.35632302511431,1106.643676974885,1106.643676974885,2820.6834880483893,495.31651195160919,495.31651195160919,16.600000000000001
131,12,56.708952609110192,9.190546087367343,89.834664245942975,7.5486391378007225,2.8463983449021004,13.705463820819581,2.9024221931786736,10.162412257356056,165.41845603151498,58.581543968485029,797.31020978757363,1111.6897902124258,1111.6897902124258,2817.5728444602923,498.42715553970606,498.42715553970606,16.600000000000001
131.25,12,56.665591825862172,9.2083796719416675,89.733106093233772,7.5308716774759281,2.8310989054697071,13.764057919250462,2.9094433267561444,10.231422077814093,165.05503829671829,58.944961703281706,792.27602797251745,1116.7239720274818,1116.7239720274818,2814.4580747049713,501.54192529502745,501.54192529502745,16.600000000000001
131.5,12,56.622299365455156,9.2261641089938262,89.631466481580702,7.5131156752251851,2.8158153281600531,13.822605522165713,2.9163991335499904,10.300597859318465,164.69099193984198,59.309008060158007,787.25398639274533,1121.7460136072541,1121.7460136072541,2811.3392700131271,504.66072998687133,504.66072998687133,16.600000000000001
131.75,12,56.579075090216278,9.243899163747674,89.52974649046773,7.4953718035509969,2.8005489634898737,13.881104978995117,2.9232897118538741,10.369938051642521,164.32632709478332,59.673672905216691,782.24429146431191,1126.7557085356877,1126.7557085356877,2808.216521215239,507.78347878475978,507.78347878475978,16.600000000000001
132,12,56.535918862286969,9.261584615183752,89.427947199339442,7.4776407295696332,2.7853011455773289,13.939554647382257,2.9301151711042275,10.43944110702723,163.96105390625286,60.038946093747114,777.24714718566099,1131.7528528143384,1131.7528528143384,2805.0899187286595,510.91008127133927,510.91008127133927,16.600000000000001
132.25,12,56.492830543642825,9.2792202560068855,89.326069687420002,7.4599231150384426,2.7700731919807327,13.997952893331053,2.9368756317804703,10.509105480449417,163.59518252860255,60.404817471397422,772.2627551152915,1136.7372448847079,1136.7372448847079,2801.959552544371,514.0404474556276,514.0404474556276,16.600000000000001
132.5,12,56.44980999611267,9.2968058925458337,89.224115033552835,7.4422196163582299,2.7548664036303676,14.056298091352842,2.9435712252345421,10.578929629871306,163.2287231247368,60.771276875263204,767.29131435951558,1141.7086856404837,1141.7086856404837,2798.8255122164592,517.17448778353946,517.17448778353946,16.600000000000001
132.75,12,56.406857081398051,9.3143413447033137,89.122084316026005,7.4245308845952183,2.7396820646929725,14.114588624610382,2.9502020935754238,10.648912016500105,162.86168586496572,61.138314135034271,762.33302155305614,1146.6669784469432,1146.6669784469432,2795.6878868497374,520.31211315026087,520.31211315026087,16.600000000000001
133,12,56.363971661092563,9.331826445890032,89.01997861240315,7.4068575654975763,2.7245214424589475,14.172822885060818,2.9567683895382411,10.719051105041387,162.49408092588033,61.505919074119646,757.38807084217012,1151.6119291578293,1151.6119291578293,2792.546765088096,523.45323491190231,523.45323491190231,16.600000000000001
133.25,12,56.321153596700952,9.3492610429529215,88.917798999356705,7.3892002995102697,2.7093857872386025,14.230999273597197,2.9632702763487351,10.789345363948609,162.12591848923734,61.874081510762664,752.45665386882536,1156.5433461311741,1156.5433461311741,2789.4022351031813,526.59776489681713,526.59776489681713,16.600000000000001
133.5,12,56.27840274965812,9.3666449960993141,88.815546552503434,7.3715597217889099,2.6942763322650647,14.289116200188539,2.9697079275850444,10.859793265669131,161.75720874085209,62.242791259147907,747.53895975567946,1161.46104024432,1161.46104024432,2786.2543845833507,529.74561541664798,529.74561541664798,16.600000000000001
133.75,12,56.23571898134891,9.3839781788323684,88.713222346229827,7.3539364622304602,2.6791942935740609,14.347172084014149,2.9760815270406833,10.930393286910938,161.38796186945061,62.612038130549386,742.6351750883689,1166.3648249116304,1166.3648249116304,2783.1033007211795,532.89669927881926,532.89669927881926,16.600000000000001
134,12,56.193102153126709,9.4012604778654048,88.610827453533304,7.3363311454827205,2.6641408699239562,14.405165353601145,2.9823912685806651,11.001143908878321,161.01818806558566,62.981811934414324,737.74548390253506,1171.2545160974644,1171.2545160974644,2779.9490702031826,536.05092979681592,536.05092979681592,16.600000000000001
134.25,12,56.150552126331149,9.4184917930193937,88.508362945875874,7.3187443909374013,2.6491172427479714,14.46309444696403,2.988637355991882,11.072043617482969,160.64789752060389,63.352102479396123,732.87006767463834,1176.1299323253609,1176.1299323253609,2776.7917792012859,539.20822079871255,539.20822079871255,16.600000000000001
134.5,12,56.108068762307056,9.435672037142032,88.405829893019799,7.3011768127521188,2.6341245760631584,14.520957811735579,2.9948200028374639,11.143090903592002,160.27710042553912,63.722899574460882,728.00910530773206,1180.9908946922674,1180.9908946922674,2773.6315133616999,542.36848663829846,542.36848663829846,16.600000000000001
134.75,12,56.065651922422894,9.4528011360141768,88.30322936287277,7.2836290198608777,2.6191640164034169,14.578753905298575,3.0009394323065632,11.214284263257921,159.90580697004401,64.094193029955974,723.16277312007389,1185.8372268799255,1185.8372268799255,2770.4683577950827,545.53164220491612,545.53164220491612,16.600000000000001
135,12,56.02330146808891,9.469879028252711,88.200562421335079,7.2661016159835894,2.6042366927589087,14.636481194915826,3.0069958770619083,11.285622197944814,159.53402734133044,64.465972658669557,718.33124483451115,1190.6687551654884,1190.6687551654884,2767.3023970669701,548.69760293302875,548.69760293302875,16.600000000000001
135.25,12,55.981017260775211,9.4869056652118484,88.097830132148232,7.2485951996356697,2.5893437165186999,14.694138157858516,3.0129895790871317,11.357103214751886,159.16177172311524,64.838228276884735,713.51469156830467,1195.4853084316944,1195.4853084316944,2764.1337151883768,551.86628481162177,551.86628481162177,16.600000000000001
135.5,12,55.938799162030371,9.5038810109041147,87.995033556734469,7.2311103641482086,2.5744861813836315,14.751723281533618,3.018920789554187,11.428725826646017,158.78905029453216,65.210949705467797,708.71328181992453,1200.2867181800748,1200.2867181800748,2760.9623956054238,555.03760439457449,555.03760439457449,16.600000000000001
135.75,12,55.896647033498354,9.5208050418673285,87.892173754063478,7.2136476976619344,2.5596651633645773,14.809235063607748,3.024789768640284,11.500488552662103,158.41587322914845,65.584126770851526,703.92718146492587,1205.0728185350733,1205.0728185350733,2757.7885211919693,558.2114788080288,558.2114788080288,16.600000000000001
136,12,55.854560736936079,9.5376777470564171,87.789251780507627,7.1962077831342652,2.544881720742989,14.866672012130199,3.0305967853699269,11.572389918115119,158.0422506939382,65.957749306061771,699.15655374796256,1209.8434462520368,1209.8434462520368,2754.6121742410028,561.38782575899575,561.38782575899575,16.600000000000001
136.25,12,55.812540134230886,9.5544991277358999,87.686268689697727,7.17879119834737,2.5301368940315494,14.924032645654245,3.0363421174589234,11.644428454810313,157.66819284825854,66.331807151741415,694.40155927491435,1214.5984407250849,1214.5984407250849,2751.4334364561055,564.56656354389327,564.56656354389327,16.600000000000001
136.5,12,55.770585087417743,9.5712691973644404,87.583225532383594,7.1613985159128921,2.5154317059484361,14.98131549335643,3.0420260511521562,11.71660270124662,157.29370984284466,66.706290157155294,689.66235600655068,1219.3376439934489,1219.3376439934489,2748.2523889434519,567.74761105654648,567.74761105654648,16.600000000000001
136.75,12,55.728695458696215,9.587987981476422,87.480123356297071,7.1440303032757617,2.5007671613976012,15.038519095153944,3.0476488810598434,11.788911202815918,156.91881181881516,67.081188181184814,684.93909925293008,1224.0609007470691,1224.0609007470691,2745.0691122040876,570.93088779591096,570.93088779591096,16.600000000000001
137,12,55.686871110447669,9.6046555175655879,87.37696320601178,7.1266871227235304,2.4861442474433684,15.095642001819783,3.0532109099936928,11.861352512007988,156.54350890666601,67.456491093333995,680.23194166722635,1228.7680583327729,1228.7680583327729,2741.8836861258255,574.11631387417242,574.11631387417242,16.600000000000001
137.25,12,55.645111905252918,9.6212718549717255,87.273746122798883,7.1093695314022582,2.4715639332774217,15.152682775095615,3.0587124488032451,11.933925188622716,156.16781122525015,67.832188774749838,675.54103323876393,1233.4589667612354,1233.4589667612354,2738.696189974667,577.30381002533136,577.30381002533136,16.600000000000001
137.5,12,55.603417705906772,9.6378370547349039,87.170473144518681,7.0920780812937494,2.4570271702601314,15.209639987804385,3.0641538162032389,12.006627799919945,155.79172888089442,68.208271119105561,670.8665212944594,1238.1334787055398,1238.1334787055398,2735.5067023903498,580.49329760964838,580.49329760964838,16.600000000000001
137.75,12,55.561788375434965,9.6543511894738376,87.067145305484587,7.0748133192261111,2.4425348919056922,15.26651222395934,3.0695353386068045,12.079458920817604,155.4152719664124,68.584728033587581,666.20855049402428,1242.7914495059752,1242.7914495059752,2732.3153013786941,583.68469862130416,583.68469862130416,16.600000000000001
138,12,55.520223777110239,9.6708143432552731,86.963763636336765,7.0575757868753275,2.428088013887721,15.323298078871382,3.0748573499559213,12.152417134073014,155.03845056015544,68.961549439844532,661.567262827528,1247.4327371724712,1247.4327371724712,2729.122064305046,586.87793569495216,586.87793569495216,16.600000000000001
138.25,12,55.478723774468172,9.6872266114602308,86.860329163919204,7.0403660207652559,2.4136874340519041,15.379996159254375,3.0801201915507295,12.225501030458656,154.66127472507731,69.33872527492268,656.94279761382154,1252.0572023861776,1252.0572023861776,2725.927067888083,590.07293211191507,590.07293211191507,16.600000000000001
138.5,12,55.437288231322789,9.7035881006478366,86.756842911159168,7.0231845522668683,2.3993340324340919,15.436605083328361,3.085324211877956,12.298709208933687,154.2837545078095,69.716245492190453,652.33529149963726,1256.6647085003619,1256.6647085003619,2722.7303881938851,593.26961180611363,593.26961180611363,16.600000000000001
138.75,12,55.395917011782892,9.7198989284275434,86.65330589693707,7.0060319076078708,2.3850286712592816,15.49312348092235,3.0904697664421716,12.372040276831397,153.90589993770047,70.094100062299489,647.7448784567199,1261.2551215432793,1261.2551215432793,2719.5321006289714,596.46789937102744,596.46789937102744,16.600000000000001
139,12,55.354609980267007,9.7361592233149992,86.549719135975067,6.9889086078669473,2.3707721949783087,15.549549993572679,3.0955572175915465,12.445492850015585,153.52772102592809,70.472278974071884,643.17168978311929,1265.8283102168798,1265.8283102168798,2716.3322799353305,599.6677200646684,599.6677200646684,16.600000000000001
139.25,12,55.313367001517413,9.7523691245810618,86.446083638733612,6.9718151689624221,2.3565654303205923,15.605883274618451,3.1005869343413877,12.519065553023667,153.14922776464454,70.850772235355421,638.61585410631062,1270.3841458936886,1270.3841458936886,2713.1310001862889,602.86899981370993,602.86899981370993,16.600000000000001
139.5,12,55.272187940615495,9.7685287821130693,86.342400411294207,6.9547521016551181,2.3424091863192076,15.662121989297049,3.1055592922020052,12.592757019232545,152.77043012606893,71.229569873931027,634.07749738341943,1274.9225026165798,1274.9225026165798,2709.9283347809014,606.07166521909755,606.07166521909755,16.600000000000001
139.75,12,55.231072662996269,9.784638356268772,86.238670455250983,6.9377199115450034,2.3283042543533408,15.718264814836559,3.1104746730043251,12.666565891009929,152.3913380616149,71.60866193838504,629.55674290341915,1279.4432570965801,1279.4432570965801,2706.7243564392584,609.27564356074026,609.27564356074026,16.600000000000001
140,12,55.19002103446266,9.8006980177284042,86.13489476760482,6.9207190990672274,2.3142514081957253,15.774310440545923,3.1153334647251549,12.740490819861282,152.01196150102984,71.988038498970127,625.05371128996035,1283.9462887100387,1283.9462887100387,2703.5191371980582,612.48086280194059,612.48086280194059,16.600000000000001
140.25,12,55.149032921199776,9.8167079473457317,86.031074340658577,6.903750159488804,2.3002514040623643,15.830257567903267,3.120136061312226,12.81453046657491,151.63231035153945,72.367689648460527,620.56852050453881,1288.4314794954603,1288.4314794954603,2700.3127484062861,615.68725159371252,615.68725159371252,16.600000000000001
140.5,12,55.108108189790137,9.8326683360042164,85.927210161900291,6.8868135829156376,2.2863049806440214,15.886104910645932,3.1248828625093816,12.888683501384875,151.25239449695241,72.747605503047566,616.10128584775737,1292.8987141522418,1292.8987141522418,2697.1052607198244,618.89473928017401,618.89473928017401,16.600000000000001
140.75,12,55.067246707225692,9.8485793844556753,85.823303213922983,6.8699098542735753,2.2724128591961605,15.941851194848834,3.1295742736809431,12.96294860407766,150.8722237968972,73.127776203102798,611.65211996707455,1297.3478800329244,1297.3478800329244,2693.896744099422,622.10325590057653,622.10325590057653,16.600000000000001
141,12,55.026448340921434,9.8644413031670819,85.719354474326238,6.8530394533044312,2.2585757436008129,15.99749515900618,3.1342107056365203,13.037324464125966,150.49180808599695,73.508191914003035,607.2211328615706,1301.7788671384285,1301.7788671384285,2690.6872678070276,625.31273219297054,625.31273219297054,16.600000000000001
141.25,12,54.985712958728769,9.8802543121663149,85.615364915619992,6.8362028545621314,2.244794320431712,16.053035554111013,3.1387925744559322,13.111809780819355,150.11115717305353,73.888842826946444,602.80843188716324,1306.191568112836,1306.191568112836,2687.4769004023096,628.523099597689,628.523099597689,16.600000000000001
141.5,12,54.945040428948516,9.8960186408852469,85.511335505133431,6.8194005274063612,2.2310692590281982,16.10847114373162,3.1433203013142412,13.186403263386298,149.73028084025287,74.269719159747098,598.41412176287406,1310.5858782371249,1310.5858782371249,2684.2657097396668,631.73429026033148,631.73429026033148,16.600000000000001
141.75,12,54.904430620343547,9.9117345280015918,85.407267204926498,6.8026329359957849,2.2174012115734767,16.163800704085542,3.1477943123070489,13.261103631111805,149.34918884238212,74.650811157617838,594.03830457766526,1314.9616954223338,1314.9616954223338,2681.0537629655009,634.94623703449781,634.94623703449781,16.600000000000001
142,12,54.863883402152076,9.9274022212814064,85.303160971695746,6.785900539286442,2.2037908131658321,16.21902302411419,3.1522150382722018,13.335909613465738,148.96789090602613,75.032109093973858,589.6810797965735,1319.3189202034257,1319.3189202034257,2677.8411265149166,638.15887348508204,638.15887348508204,16.600000000000001
142.25,12,54.823398644100983,9.9430219774211857,85.199017756679368,6.7692037910319671,2.1902386818895976,16.274136905556212,3.1565829146103779,13.410819950232623,148.58639672876279,75.413603271237193,585.34254426690336,1323.657455733096,1323.657455733096,2674.6278661083625,641.37213389163594,641.37213389163594,16.600000000000001
142.5,12,54.78297621641493,9.9585940618802162,85.094838505605296,6.7525431397568827,2.1767454189440558,16.329141163003865,3.1608983811248628,13.485833391565185,148.20471597852659,75.795284021473378,581.0227922309665,1327.9772077690325,1327.9772077690325,2671.4140467523471,644.58595324765145,644.58595324765145,16.600000000000001
142.75,12,54.742615989829289,9.9741187487209455,84.990624158600525,6.7359190287568182,2.1633116087211195,16.384034623971779,3.1651618818427241,13.560948698107177,147.82285829282412,76.177141707175878,576.72191533319631,1332.2780846668029,1332.2780846668029,2668.1997327364611,647.80026726353753,647.80026726353753,16.600000000000001
143,12,54.70231783560169,9.9895963204460365,84.88637565011453,6.719331896090921,2.1499378189021883,16.438816128959115,3.1693738648419396,13.636164641091444,147.44083327800581,76.559166721994174,572.44000262948771,1336.5599973705116,1336.5599973705116,2664.9849876317253,651.01501236827312,651.01501236827312,16.600000000000001
143.25,12,54.662081625523214,10.005027067834501,84.782093908846036,6.702782174573513,2.1366246005597995,16.493484531508919,3.1735347820795878,13.71148000243228,147.05865050855277,76.941349491447184,568.17714059716195,1340.8228594028374,1340.8228594028374,2661.7698742892467,654.23012571075174,654.23012571075174,16.600000000000001
143.5,12,54.62190723192937,10.020411289777108,84.677779857672462,6.6862702917654833,2.1233724882630565,16.548038698264932,3.1776450892208614,13.786893574813352,146.67631952637586,77.323680473624094,563.93341314543989,1345.0665868545593,1345.0665868545593,2658.554454839109,657.44554516088965,657.44554516088965,16.600000000000001
143.75,12,54.581794527710706,10.035749293111229,84.573434413582035,6.6697966699654527,2.1101820001867608,16.6024775090258,3.1817052454689865,13.862404161771117,146.29384984012711,77.706150159872863,559.70890162642127,1349.2910983735778,1349.2910983735778,2655.3387906895009,660.66120931049761,660.66120931049761,16.600000000000001
144,12,54.541743386323887,10.051041392455584,84.469058487602709,6.6533617262039559,2.097053638217087,16.656799856799434,3.1857157133930163,13.938010577783954,145.91125092450113,78.088749075498882,555.50368484576404,1353.4963151542349,1353.4963151542349,2652.1229425255597,663.87705747443908,663.87705747443908,16.600000000000001
144.25,12,54.501753681807429,10.066287910048652,84.364652984683318,6.6369658722648808,2.0839878880009945,16.711004647877985,3.1896769587303915,14.013711648442577,145.52853221935874,78.471467780641262,551.31783906715975,1357.682160932839,1357.682160932839,2648.9069703040418,667.0930296959566,667.0930296959566,16.600000000000001
144.5,12,54.461825288784404,10.08148917557636,84.260218803705357,6.6206095146370894,2.0709852191508782,16.765090801851215,3.1935894502573765,14.089506210398246,145.14570312934626,78.854296870653769,547.15143803427225,1361.8485619657267,1361.8485619657267,2645.6909332594023,670.30906674059588,670.30906674059588,16.600000000000001
144.75,12,54.421958082473211,10.09664552600622,84.15575683741362,6.6042930545114684,2.0580460853532494,16.819057251655799,3.1974536596170378,14.165393111448987,144.76277302321108,79.237226976788918,543.00455298203099,1365.995447017968,1365.995447017968,2642.4748899027882,673.52511009721081,673.52511009721081,16.600000000000001
145,12,54.382151938698229,10.111757305421392,84.051267972348839,6.5880168877783873,2.0451709244795682,16.872902943622375,3.2012700611480258,14.241371210622956,144.37975123312677,79.620248766873232,538.87725264825542,1370.1227473517436,1370.1227473517436,2639.2588980211731,676.74110197882578,676.74110197882578,16.600000000000001
145.25,12,54.34240673389904,10.126824864853706,83.946753088793542,6.5717814050192276,2.03236015871299,16.926626837514981,3.2050391317203197,14.31743937823909,143.99664705407076,80.003352945929237,534.76960328715597,1374.2303967128428,1374.2303967128428,2636.0430146776612,679.95698532233735,679.95698532233735,16.600000000000001
145.5,12,54.302722345139465,10.141848562116694,83.842213060720496,6.5555869914979228,2.0196141946780304,16.980227906567833,3.20876135057234,14.393596495963537,143.61346974321486,80.386530256785164,530.68166868325693,1378.3183313167422,1378.3183313167422,2632.8272962119936,683.1727037880047,683.1727037880047,16.600000000000001
145.75,12,54.263098650116262,10.15682876163863,83.737648755743706,6.5394340271525415,2.0069334235730758,17.033705137519433,3.2124371991495111,14.469841456861884,143.23022851932748,80.769771480672517,526.61351016573178,1382.386489834267,1382.386489834267,2629.6117982412643,686.38820175873457,686.38820175873457,16.600000000000001
146,12,54.223535527167599,10.17176583429571,83.633061035071961,6.5233228865869508,1.9943182213056028,17.087057530644074,3.2160671609442906,14.546173165447263,142.84693256218847,81.153067437811529,522.56518662314056,1386.4348133768585,1386.4348133768585,2626.3965756608354,689.60342433916253,689.60342433916253,16.600000000000001
146.25,12,54.184032855285366,10.18666015723163,83.52845075342735,6.5072539390729727,1.9817689486032275,17.140284099806745,3.2196517213029141,14.622590537786937,142.4635910118752,81.536408988124805,518.53675451521178,1390.463245484787,1390.463245484787,2623.1816826426725,692.8183173573259,692.8183173573259,16.600000000000001
146.5,12,54.144590514121191,10.201512113697458,83.423818759020662,6.4912275485375677,1.9692859511662566,17.193383872477469,3.2231913672843917,14.699092501513805,142.08021296826516,81.919787031734856,514.52826788986999,1394.4717321101289,1394.4717321101289,2619.9671726379147,696.03282736208359,696.03282736208359,16.600000000000001
146.75,12,54.105208383990707,10.216322092897279,83.319165893544195,6.4752440735460715,1.9568695598332793,17.246355889732605,3.2266865875349575,14.775677995809042,141.69680749060629,82.303192509393696,510.53977840195671,1398.4602215980422,1398.4602215980422,2616.7530983807578,699.24690161924013,699.24690161924013,16.600000000000001
147,12,54.065886345883442,10.231090489814019,83.214492992111843,6.4593038673009024,1.9445200907096816,17.299199206291895,3.2301378721130143,14.852345971472813,141.31338359689286,82.686616403107152,506.57133532739425,1402.4286646726046,1402.4286646726046,2613.5395118884171,702.46048811158141,702.46048811158141,16.600000000000001
147.25,12,54.026624281470163,10.245817705043686,83.109800883223315,6.4434072776344635,1.9322378453139324,17.351912890537694,3.2335457123360527,14.929095390954689,140.92995026333455,83.070049736665439,502.62298557963754,1406.3770144203613,1406.3770144203613,2610.3264644628912,705.67353553710711,705.67353553710711,16.600000000000001
147.5,12,53.987422073109904,10.260504144630202,83.00509038873075,6.4275546470023093,1.9200231107259913,17.404496024531532,3.2369106006293835,15.005925228380171,140.54651642383806,83.453483576161943,498.69477372646418,1410.3052262735348,1410.3052262735348,2607.1140066929147,708.88599330708371,708.88599330708371,16.600000000000001
147.75,12,53.948279603856747,10.275150219900819,82.900362323807727,6.4117463124765921,1.9078761597377474,17.456947704028028,3.2402330303767575,15.082834469573299,140.16309096950005,83.836909030499996,494.78674200709185,1414.2132579929071,1414.2132579929071,2603.9021884560816,712.09781154391681,712.09781154391681,16.600000000000001
148,12,53.909196757466383,10.289756347302248,82.795617496920499,6.3959826057398192,1.895797251005402,17.50926703848609,3.2435134957729423,15.159822112075389,139.77968274811244,84.220317251887565,490.89893034961551,1418.1010696503834,1418.1010696503834,2600.6910589211489,715.30894107884956,715.30894107884956,16.600000000000001
148.25,12,53.870173418404008,10.304322948227618,82.690856709787269,6.3802638530802671,1.8837866291979453,17.561453151090099,3.2467524916593002,15.236887165185273,139.39630056362279,84.603699436377198,487.03137638788667,1421.9686236121122,1421.9686236121122,2597.4806665495148,718.51933345048326,718.51933345048326,16.600000000000001
148.5,12,53.831209471853995,10.318850448833176,82.586080757323089,6.3645903753892172,1.871844525140975,17.613505178782582,3.2499505133402109,15.314028650024079,139.01295317554278,84.987046824457209,483.18411547772416,1425.8158845222747,1425.8158845222747,2594.271059095759,721.72894090423949,721.72894090423949,16.600000000000001
148.75,12,53.792304803718302,10.33333927991927,82.481290427680648,6.3489624881501996,1.8599711559988692,17.665422272213299,3.2531080565228851,15.391245599434253,138.62964929873232,85.370350701267682,479.35718071894615,1429.6428192810529,1429.6428192810529,2591.0622836146954,724.93771638530291,724.93771638530291,16.600000000000001
149,12,53.753459300625018,10.347789876752483,82.37648650220514,6.3333805014365669,1.8481667254238954,17.717203595761976,3.2562256171448909,15.468537058027684,138.24639760285243,85.753602397147574,475.55060297246166,1433.4493970275371,1433.4493970275371,2587.8543864626013,728.14561353739703,728.14561353739703,16.600000000000001
149.25,12,53.71467284993399,10.362202678903442,82.271669755413043,6.3178447199075798,1.8364314237152668,17.768848327539661,3.2593036912319047,15.545902082192697,137.8632067119141,86.136793288085883,471.76441087890765,1437.2355891210914,1437.2355891210914,2584.6474133000652,731.35258669993323,731.35258669993323,16.600000000000001
149.5,12,53.675945339742029,10.376578130087307,82.166840954975427,6.3023554428047497,1.8247654279804904,17.820355659385363,3.2623427747607536,15.623339740093366,137.48008520384789,86.519914796152108,467.99863087768404,1441.0013691223148,1441.0013691223148,2581.4414090951514,734.55859090484682,734.55859090484682,16.600000000000001
149.75,12,53.637276658887821,10.390916678005375,82.062000861703453,6.2869129639486951,1.8131689022979611,17.871724796860093,3.2653433635246456,15.70084911166531,137.09704161008497,86.902958389915042,464.25328722623283,1444.7467127737661,1444.7467127737661,2578.2364181267139,737.76358187328447,737.76358187328447,16.600000000000001
150,12,53.598666696956585,10.405218774187848,81.957150229535898,6.2715175717365232,1.8016419978807166,17.922954959238265,3.2683059530006773,15.778429288608065,136.71408441514976,87.285915584850244,460.52840201955064,1448.4715979804482,1448.4715979804482,2575.0324839878481,740.96751601214999,740.96751601214999,16.600000000000001
150.25,12,53.560115344284846,10.419484873834849,81.852289805526453,6.2561695491390168,1.7901848532416749,17.974045379499554,3.271231038215173,15.856079374378272,136.33122205625349,87.668777943746491,456.82399520990731,1452.1760047900916,1452.1760047900916,2571.8296495893596,744.17035041063821,744.17035041063821,16.600000000000001
150.5,12,53.521622491968976,10.433715435620064,81.747420329800875,6.2408691736886803,1.7787975943652301,18.024995304356985,3.2741191135539633,15.933798484234426,135.94846292276509,88.051537077234912,453.14008462652123,1455.8599153734776,1455.8599153734776,2568.6279571617019,747.37204283829601,747.37204283829601,16.600000000000001
150.75,12,53.48318803186411,10.447910921585354,81.642542535590565,6.2256167174909063,1.7674803348672723,18.075803994192292,3.2769706727081069,16.011585745151013,135.56581535600409,88.434184643995906,449.47668599603804,1459.5233140039611,1459.5233140039611,2565.4274482609039,750.57255173909391,750.57255173909391,16.600000000000001
151,12,53.444811856588132,10.462071796985443,81.537657149225723,6.2104124472228586,1.7562331761631542,18.126470723040352,3.2797862085457594,16.089440295802305,135.18328764886698,88.816712351133049,445.83381296286262,1463.1661870371363,1463.1661870371363,2562.22816377242,753.77183622757798,753.77183622757798,16.600000000000001
151.25,12,53.406493859526343,10.476198530126144,81.432764890123792,6.1952566241310141,1.7450562076374603,18.176994778578976,3.2825662129748241,16.167361286554087,134.80088804543706,89.199111954562937,442.21147710962492,1466.788522890374,1466.788522890374,2559.0301439147634,756.96985608523471,756.96985608523471,16.600000000000001
151.5,12,53.368233934834862,10.490291592213847,81.327866470787995,6.18014950403182,1.7339495068130535,18.227375462106355,3.2853111768224532,16.245347879438487,134.41862474063944,89.581375259360541,438.60968797788712,1470.3903120221119,1470.3903120221119,2555.8334282436813,760.16657175631678,760.16657175631678,16.600000000000001
151.75,12,53.330031977443724,10.504351457206468,81.222962596807719,6.1650913373130063,1.7229131395206643,18.277612088516076,3.2880215897169784,16.323399248125714,134.03650587990651,89.963494120093472,435.02845308901664,1473.9715469109824,1473.9715469109824,2552.6380556564454,763.36194434355241,763.36194434355241,16.600000000000001
152,12,53.291887883059822,10.518378601666015,81.118053966860913,6.1500823689356059,1.7119471600689309,18.327703986269569,3.290697939972318,16.401514577892812,133.65453955885451,90.345460441145505,431.46777796521673,1477.5322220347823,1477.5322220347823,2549.4440643962548,766.55593560374302,766.55593560374302,16.600000000000001
152.25,12,53.253801548169555,10.53237350461275,81.013141272718187,6.135122838436688,1.701051611414804,18.377650497366137,3.2933407144749056,16.479693065589434,133.27273382297074,90.727266177029236,427.92766615070366,1481.0723338492953,1481.0723338492953,2546.2514920567478,769.74850794325027,769.74850794325027,16.600000000000001
152.5,12,53.215772870044233,10.546336647342081,80.908225199228411,6.1202129799209475,1.6902265253524376,18.427450977340236,3.2959503985218266,16.557933919636284,132.89109666722533,91.108903332774673,424.40811923399338,1484.5918807660057,1484.5918807660057,2543.0603755858224,772.93962441417523,772.93962441417523,16.600000000000001
152.75,12,53.177801746741764,10.560268513288156,80.803306424329762,6.1053530220667778,1.6794719226812693,18.477104795221965,3.2985274757207796,16.636236359979602,132.50963603579294,91.490363964207049,420.90913686919657,1488.0908631308025,1488.0908631308025,2539.870751290483,776.12924870951474,776.12924870951474,16.600000000000001
153,12,53.139888077105084,10.574169587932548,80.698385619084902,6.090543188146289,1.6687878133539968,18.526611333462011,3.3010724279496566,16.714599618003284,132.1283598218819,91.871640178118085,417.43071679635568,1491.5692832036434,1491.5692832036434,2536.6826548426648,779.31734515733251,779.31734515733251,16.600000000000001
153.25,12,53.102031760766224,10.588040358634206,80.593463447676172,6.0757836960215972,1.6581741966622081,18.575969987915709,3.3035857352126721,16.793022936511786,131.74727586739445,92.252724132605536,413.97285486389865,1495.0271451361004,1495.0271451361004,2533.4961212835146,782.50387871648297,782.50387871648297,16.600000000000001
153.5,12,53.064232698147983,10.60188131449026,80.488540567417303,6.0610747581507489,1.647631061408426,18.625180167802522,3.3060678755373223,16.87150556968383,131.36639196266239,92.633608037337623,410.53554505047174,1498.4644549495274,1498.4644549495274,2530.3111850283462,785.68881497165125,785.68881497165125,16.600000000000001
153.75,12,53.026490790465523,10.615692946198651,80.38361762876697,6.0464165815944533,1.6371583860780794,18.674241295663229,3.3085193248738749,16.950046783023542,130.98571584619236,93.014284153807637,407.11877948686782,1501.8812205131314,1501.8812205131314,2527.1278798716917,788.87212012830571,788.87212012830571,16.600000000000001
154,12,52.988805939727634,10.62947574592258,80.278695275343964,6.0318093680236213,1.6267561390113165,18.723152807314783,3.3109405569974069,17.028645853309055,130.60525520442175,93.394744795578234,403.7225484780414,1505.2774515219576,1505.2774515219576,2523.9462389924283,792.05376100756939,792.05376100756939,16.600000000000001
154.25,12,52.951178048737802,10.643230207156881,80.173774143943774,6.017253313727748,1.6164242785745826,18.771914151802921,3.3133320434124265,17.10730206853869,130.22501767148424,93.774982328515733,400.3468405251997,1508.6531594747994,1508.6531594747994,2520.7662949589853,795.23370504101229,795.23370504101229,16.600000000000001
154.5,12,52.913607021095963,10.656956824581602,80.068854864551952,6.0027486096172424,1.6061627533418905,18.820524791363233,3.3156942532425346,17.186014727883293,129.84501082895915,94.154989171040882,396.99164234870437,1512.0083576512945,1512.0083576512945,2517.588079734594,798.41192026540398,798.41192026540398,16.600000000000001
154.75,12,52.876092761201683,10.670656093887498,79.96393806034861,5.9882954412125313,1.5959715022961707,18.868984201402046,3.3180276530868129,17.264783141653989,129.46524220557657,94.534757794423427,393.65693891254898,1515.3430610874502,1515.3430610874502,2514.4116246825301,801.58837531746758,801.58837531746758,16.600000000000001
155,12,52.838635174250221,10.684328511727399,79.859024347756488,5.9738939886920921,1.5858504549458745,18.917291870384339,3.3203327070266786,17.343606631194685,129.08571927715479,94.914280722845191,390.34271344264403,1518.6572865573551,1518.6572865573551,2511.236960571734,804.76303942826394,804.76303942826394,16.600000000000001
155.25,12,52.801234166234437,10.697974575561402,79.754114336453839,5.9595444268906466,1.5757995315146962,18.965447299798747,3.3226098765061991,17.422484528836019,128.70644946635284,95.293550533647164,387.04894745060199,1521.951052549397,1521.951052549397,2508.0641175822252,807.93588241777263,807.93588241777263,16.600000000000001
155.5,12,52.763889643945269,10.711594783526719,79.649208629396355,5.9452469253088491,1.5658186431153034,19.013450004103792,3.3248596202420519,17.501416177833807,128.32744014247356,95.672559857526423,383.77562075641646,1525.2243792435825,1525.2243792435825,2504.8931253106389,811.10687468935873,811.10687468935873,16.600000000000001
155.75,12,52.726601514971733,10.725189634313974,79.544307822841844,5.9310016481258936,1.5559076919194761,19.061299510668857,3.3270823941412653,17.580400932302812,127.94869862128397,96.051301378716019,380.52271151095255,1528.4772884890467,1528.4772884890467,2501.7240127758291,814.2759872241686,814.2759872241686,16.600000000000001
156,12,52.689369687700797,10.738759627045491,79.439412506376513,5.9168087542129868,1.5460665713275765,19.108995359713077,3.3292786512215113,17.659438157148486,127.57023216484464,96.42976783515536,377.29019621846055,1531.7098037815385,1531.7098037815385,2498.5568084245247,817.44319157547307,817.44319157547307,16.600000000000001
156.25,12,52.65219407131702,10.75230526115571,79.334523262942241,5.902668397147723,1.5362951661372592,19.156537104242222,3.3314488415339722,17.738527227996737,127.19204798134857,96.807952018651434,374.07804975910506,1534.9219502408941,1534.9219502408941,2495.39154013704,820.60845986295783,820.60845986295783,16.600000000000001
156.5,12,52.61507457580214,10.765827036270846,79.229640668864775,5.8885807252280147,1.5265933527137117,19.203924309985222,3.3335934120856803,17.817667531122748,126.81415322496539,97.185846775034605,370.88624541168116,1538.1137545883178,1538.1137545883178,2492.2282352330526,823.77176476694558,823.77176476694558,16.600000000000001
156.75,12,52.578011111936959,10.779325452032282,79.12476529387105,5.8745458814595253,1.516960999207096,19.251156555364069,3.3357128067004123,17.896858463397994,126.43655499562171,97.563445004378281,367.71475488003443,1541.2852451199647,1541.2852451199647,2489.066920477876,826.93307952212228,826.93307952212228,16.600000000000001
157,12,52.541003591297823,10.792801008046235,79.019897701133289,5.8605640036022244,1.507397965666899,19.298233431386748,3.3378074660181882,17.976099432192811,126.05926033894553,97.940739661054465,364.56354831160382,1544.4364516883952,1544.4364516883952,2485.9076220878192,830.09237791217902,830.09237791217902,16.600000000000001
157.25,12,52.504051926255414,10.806254203776774,78.915038447302123,5.8466352241902841,1.4979041042036931,19.34515454157377,3.3398778274328986,18.055389855297385,125.6822762461462,98.317723753853798,361.43259431967897,1547.56740568032,1547.56740568032,2482.7503657360357,833.24963426396221,833.24963426396221,16.600000000000001
157.5,12,52.467156029974312,10.819685538417332,78.810188082536129,5.8327596705417539,1.4884792591693687,19.39191950189716,3.3419243250065116,18.134729160849233,125.30560965387316,98.694390346126838,358.32186000713881,1550.6781399928602,1550.6781399928602,2479.5951765585928,836.4048234414056,836.4048234414056,16.600000000000001
157.75,12,52.430315816411806,10.833095510781721,78.705347150535871,5.8189374647772789,1.479123267322022,19.438527940707111,3.343947389404804,18.214116787253072,124.92926744410518,99.070732555894807,355.23131098906504,1553.7686890109342,1553.7686890109342,2476.4420791604334,839.55792083956499,839.55792083956499,16.600000000000001
158,12,52.393531200316325,10.846484619197289,78.600516188579107,5.8051687238396941,1.4698359579897518,19.484979498656866,3.3459474478355622,18.29355218309917,124.55325644404788,99.446743555952125,352.16091141532434,1556.8390885846745,1556.8390885846745,2473.2910976213752,842.70890237862284,842.70890237862284,16.600000000000001
158.25,12,52.356802097225966,10.859853361400244,78.49569572755702,5.7914535595145207,1.4606171532333039,19.531273828625896,3.3479249239892477,18.373034807080163,124.17758342603969,99.822416573960297,349.11062399311317,1559.8893760068859,1559.8893760068859,2470.1422555021313,845.85774449786697,845.85774449786697,16.600000000000001
158.5,12,52.320128423466635,10.873202234433192,78.390886292011416,5.7777920784513617,1.451466668007485,19.577410595641261,3.3498802379821613,18.452564127906463,123.80225510746617,100.19774489253383,346.08041000945502,1562.919589990544,1562.919589990544,2466.9955758503515,849.00442414964664,849.00442414964664,16.600000000000001
158.75,12,52.28351009615097,10.886531734519791,78.28608840017057,5.76418438217393,1.4423843103450582,19.623389476810182,3.3518138062756706,18.532139624224754,123.42727815065763,100.57272184934236,343.07022935557359,1565.9297706444254,1565.9297706444254,2463.8510812070858,852.14891879291235,852.14891879291235,16.600000000000001
159,12,52.246947033176674,10.899842356954201,78.181302563987103,5.7506305670971338,1.4333698815274409,19.669210161244482,3.3537260416111008,18.611760784532912,123.05265916280754,100.94734083719246,340.08004055024247,1568.9199594497568,1568.9199594497568,2460.7087936130624,855.29120638693564,855.29120638693564,16.600000000000001
159.25,12,52.210439153223,10.913134596047023,78.076529289182091,5.7371307245715863,1.4244231762026254,19.714872349955698,3.3556173530042339,18.691427107083928,122.67840469595177,101.32159530404822,337.10980075889643,1571.8901992411024,1571.8901992411024,2457.5687346141208,858.4312653858774,858.4312653858774,16.600000000000001
159.5,12,52.173986375749173,10.926408945007122,77.97176907528366,5.7236849408965762,1.4155439825645477,19.760375755782512,3.357488145672356,18.771138099800506,122.3045212468909,101.6954787531091,334.15946581777388,1574.8405341822252,1574.8405341822252,2454.4309252677062,861.56907473229217,861.56907473229217,16.600000000000001
159.75,12,52.137588620992055,10.939665895845982,77.867022415668316,5.7102932973438554,1.4067320825117944,19.805720103306239,3.3593388209850787,18.850893280184867,121.93101525714,102.06898474286,331.22899025642221,1577.7710097435768,1577.7710097435768,2451.2953861490519,864.70461385094643,864.70461385094643,16.600000000000001
160,12,52.101245809963658,10.952905939284067,77.762289797603145,5.6969558701822054,1.3979872518050274,19.850905128764968,3.3611697764173201,18.930692175227509,121.55789311288595,102.44210688711404,328.31832732013771,1580.6816726798613,1580.6816726798613,2448.1621373573703,867.8378626426279,867.8378626426279,16.600000000000001
160.25,12,52.064957864448182,10.966129564667927,77.657571702290483,5.6836727307059842,1.3893092602160457,19.895930579961789,3.3629814055150198,19.010534321310846,121.18516114496255,102.81483885503744,325.42742899181496,1583.572571008184,1583.572571008184,2445.031198522041,870.96880147795684,870.96880147795684,16.600000000000001
160.5,12,52.028724706998091,10.979337259908613,77.552868604917506,5.6704439452715905,1.3806978716598164,19.940796216161822,3.3647740978864817,19.090419264102952,120.8128256288565,103.1871743711435,322.55624601256437,1586.4437539874348,1586.4437539874348,2441.9025888087822,874.09741119121566,874.09741119121566,16.600000000000001
160.75,12,51.99254626093299,10.992529511353235,77.448180974692107,5.6572695753091553,1.3721528443811319,19.985501808023415,3.3665482391120505,19.170346558482301,120.4408927846367,103.5591072153633,319.70472790638121,1589.295272093618,1589.295272093618,2438.7763269259058,877.22367307409206,877.22367307409206,16.600000000000001
161,12,51.956422450336014,11.005706803715086,77.343509274891289,5.6441496773559185,1.3636739310939154,20.030047137498993,3.3683042107246144,19.250315768435428,120.06936877695934,103.93063122304066,316.87282300134018,1592.127176998659,1592.127176998659,2435.6524311305079,880.34756886949003,880.34756886949003,16.600000000000001
161.25,12,51.920353200050528,11.018869619994792,77.238853962907868,5.6310843030862925,1.3552608791279845,20.074431997740334,3.3700423901788552,19.330326466958844,119.69825971506647,104.30174028493353,314.06047845135538,1594.9395215486438,1594.9395215486438,2432.5309192346663,883.46908076533202,883.46908076533202,16.600000000000001
161.5,12,51.884338435676817,11.032018441401668,77.134215490297336,5.6180734993419668,1.3469134305758286,20.118656193003645,3.3717631508202888,19.410378235961108,119.32757165278927,104.67242834721073,311.26764025795541,1597.7323597420436,1597.7323597420436,2429.4118086116346,886.58819138836293,886.58819138836293,16.600000000000001
161.75,12,51.848378083568825,11.045153747273064,77.029594302825117,5.6051173081613817,1.3386313224415627,20.162719538555088,3.3734668618517096,19.490470666165315,118.95731058855438,105.04268941144562,308.49425329223868,1600.5057467077606,1600.5057467077606,2426.2951162020654,889.70488379793278,889.70488379793278,16.600000000000001
162,12,51.812472070832236,11.058276014948518,76.924990840508784,5.5922157667936672,1.3304142868315181,20.206621860593984,3.3751538882470067,19.570603357025206,118.58748246535545,105.41251753464455,305.74026132002922,1603.25973867997,1603.25973867997,2423.1808585205717,892.81914147942655,892.81914147942655,16.600000000000001
162.25,12,51.7766203253192,11.071385719748209,76.820405537672613,5.5793689077485382,1.3222620510497829,20.250362996134186,3.3768245907853021,19.650775916609753,118.21809317082129,105.78190682917871,303.00560701976701,1605.9943929802323,1605.9943929802323,2420.0690516615109,895.93094833848681,895.93094833848681,16.600000000000001
162.5,12,51.740822775624821,11.084483334897243,76.715838822996119,5.5665767588275816,1.3141743377435036,20.293942792906773,3.3784793260220556,19.730987961504134,117.84914853724108,106.15085146275892,300.290232004215,1608.7097679957842,1608.7097679957842,2416.9597113051759,899.04028869482249,899.04028869482249,16.600000000000001
162.75,12,51.705079351083647,11.097569331444458,76.611291119562466,5.5538393431536601,1.3061508650534086,20.337361109264748,3.3801184462534368,19.811239116712454,117.48065434158927,106.51934565841073,297.59407684256934,1611.4059231574299,1611.4059231574299,2413.8528527240205,902.14714727597755,902.14714727597755,16.600000000000001
163,12,51.669389981765924,11.110644178192491,76.506762844908096,5.5411566792042422,1.2981913467542081,20.380617814083056,3.3817422994933266,19.891529015557243,117.11261630556488,106.88738369443512,294.91708108179722,1614.0829189182018,1614.0829189182018,2410.7484907888061,905.251509211192,905.251509211192,16.600000000000001
163.25,12,51.633754598473658,11.123708341629793,76.402254411073088,5.5285287808453676,1.2902954923934158,20.423712786657692,3.3833512294521522,19.971857299578456,116.74504009563697,107.25495990436303,292.2591832678562,1616.740816732143,1616.740816732143,2407.6466399747201,908.35336002527822,908.35336002527822,16.600000000000001
163.5,12,51.598173132735717,11.136762285879049,76.297766224657934,5.5159556573667397,1.28246300742091,20.466645916597503,3.3849455755403732,20.052223618416701,116.37793132311523,107.62206867688477,289.62032096652621,1619.3796790334729,1619.3796790334729,2404.5473143679706,911.45268563202819,911.45268563202819,16.600000000000001
163.75,12,51.562645516804146,11.149806472626942,76.193298686872041,5.5034373135167751,1.2746935933277299,20.509417103724324,3.3865256728413198,20.13262762971798,116.0112955441993,107.98870445580069,287.0004307844863,1621.999569215513,1621.999569215513,2401.4505276716573,914.54947232834127,914.54947232834127,16.600000000000001
164,12,51.527171683650515,11.162841361053289,76.088852193581388,5.4909737495382061,1.2669869477845195,20.552026257973392,3.3880918520818923,20.213068999040765,115.64513826003061,108.35486173996939,284.3994483903046,1624.6005516096945,1624.6005516096945,2398.3562932115406,917.64370678845796,917.64370678845796,16.600000000000001
164.25,12,51.491751566961227,11.175867407778004,75.984427135363518,5.4785649612048291,1.259342764769904,20.594473299285958,3.3896444396299468,20.293547399746014,115.27946491677091,108.72053508322908,281.81730853500096,1627.1826914649982,1627.1826914649982,2395.2646239423102,920.7353760576882,920.7353760576882,16.600000000000001
164.5,12,51.456385101133151,11.188885066803811,75.880023897559965,5.4662109398586578,1.2517607347003654,20.636758157503934,3.3911837574837707,20.374062512893474,114.91428090567823,109.08571909432176,279.25394507257795,1629.7460549274213,1629.7460549274213,2392.1755324536243,923.82446754637431,923.82446754637431,16.600000000000001
164.75,12,51.421072221269121,11.201894789460979,75.775642860329199,5.4539116724477044,1.2442405445583133,20.678880772263799,3.3927101232633969,20.454614027137758,114.54959156318851,109.45040843681149,276.70929098040216,1632.290709019597,1632.290709019597,2389.089030976113,926.91096902388529,926.91096902388529,16.600000000000001
165,12,51.385812863173534,11.214897024346445,75.671284398700138,5.4416671415610915,1.2367818780267468,20.720841092892101,3.3942238501969317,20.535201638623146,114.18540217100033,109.81459782899967,274.18327838014125,1634.8167216198578,1634.8167216198578,2386.0051313875574,929.99486861244122,929.99486861244122,16.600000000000001
165.25,12,51.350606963347786,11.227892217264355,75.566948882626093,5.4294773254645161,1.2293844156227136,20.762639078300545,3.3957252471081572,20.615825050878151,113.82171795616482,110.17828204383518,271.67583855859755,1637.3241614414019,1637.3241614414019,2382.9238452190416,933.07615478095715,933.07615478095715,16.600000000000001
165.5,12,51.315454458985414,11.240880811194467,75.46263667703731,5.4173421981474323,1.2220478348000881,20.804274696872511,3.3972146184291323,20.696483974713693,113.45854409118918,110.5414559088108,269.18690198595459,1639.8130980140447,1639.8130980140447,2379.8451836603958,936.1548163396028,936.1548163396028,16.600000000000001
165.75,12,51.28035528796741,11.253863246235531,75.358348141895519,5.4052617293591858,1.2147718100805109,20.845747926357287,3.3986922641902959,20.77717812811737,113.09588569413685,110.90411430586315,266.71639833638937,1642.2836016636099,1642.2836016636099,2376.7691575663102,939.23084243368828,939.23084243368828,16.600000000000001
166,12,51.245309388857429,11.266839959558101,75.254083632247998,5.3932358846489326,1.2075560131740302,20.887058753761423,3.4001584800190559,20.85790723614873,112.73374782873508,111.26625217126491,264.26425650780902,1644.7357434921903,1644.7357434921903,2373.6957774622106,942.30422253778772,942.30422253778772,16.600000000000001
166.25,12,51.210316700896982,11.279811385359462,75.149843498281882,5.3812646254061605,1.2004001130976916,20.928207175239621,3.4016135571401653,20.938671030834644,112.37213550448766,111.62786449551234,261.83040464140493,1647.1695953585943,1647.1695953585943,2370.6250535500926,945.37494644990591,945.37494644990591,16.600000000000001
166.5,12,51.17537716400048,11.292777954818307,75.045628085378823,5.3693479089021094,1.1933037762945102,20.969193195984506,3.4030577823746295,21.019469251065605,112.0110536767917,111.98894632320828,259.41477014121625,1649.5852298587831,1649.5852298587831,2367.556995714313,948.44300428568488,948.44300428568488,16.600000000000001
166.75,12,51.14049071875047,11.305740096043818,74.941437734170194,5.3574856883332336,1.1862666667587132,21.010016830113685,3.4044914381289635,21.100301642495396,111.6505072470564,112.3494927529436,257.01727969416737,1651.9827203058321,1651.9827203058321,2364.4916135273429,951.50838647265539,951.50838647265539,16.600000000000001
167,12,51.105657306392359,11.318698234047943,74.837272780590936,5.3456779128605696,1.1792884461357787,21.05067810056326,3.4059148024181978,21.181167957431427,111.29050106283452,112.70949893716546,254.6378592880807,1654.3621407119188,1654.3621407119188,2361.428916255476,954.57108374452207,954.57108374452207,16.600000000000001
167.25,12,51.07087686882948,11.331652790703364,74.7331335559346,5.333924527652969,1.1723687738381323,21.091177038975967,3.4073281488661653,21.262067954732345,110.93103991795267,113.06896008204733,252.27643423090447,1656.7235657690949,1656.7235657690949,2358.3689128644983,957.63108713549991,957.63108713549991,16.600000000000001
167.5,12,51.036149348617961,11.344604184705416,74.629020386908181,5.3222254739302963,1.1655073071565998,21.131513685589638,3.4087317467104956,21.34300139970496,110.57212855264645,113.42787144735355,249.93292916957333,1659.067070830426,1659.067070830426,2355.3116120253012,960.68838797469709,960.68838797469709,16.600000000000001
167.75,12,51.001474688961586,11.357552831536598,74.524933595687116,5.310580689006887,1.1587037013690449,21.171688089125794,3.4101258608102825,21.423968064001045,110.21377165370059,113.78622834629941,247.60726810861408,1661.3927318913854,1661.3927318913854,2352.2570221194519,963.74297788054673,963.74297788054673,16.600000000000001
168,12,50.966852833706582,11.370499143432797,74.420873499970426,5.2989901063349851,1.1519576098475308,21.211700306678008,3.4115107516557575,21.50496772551347,109.85597385459388,114.14402614540612,245.29937442862521,1663.7006255713743,1663.7006255713743,2349.2051512447606,966.79484875523804,966.79484875523804,16.600000000000001
168.25,12,50.932283727335715,11.383443529352874,74.316840413041973,5.2874536555404976,1.1452686841696478,21.251550403601168,3.4128866753935521,21.586000168253335,109.49873973566093,114.50126026433905,243.00917090552025,1665.9908290944791,1665.9908290944791,2346.1560072217308,969.84399277826742,969.84399277826742,16.600000000000001
168.5,12,50.897767314963609,11.396386394946504,74.212834643820031,5.2759712624748225,1.1386365742164988,21.291238453398474,3.4142538838253578,21.667065182264992,109.14207382423352,114.85792617576647,240.73657972776891,1668.2634202722304,1668.2634202722304,2343.1095975981552,972.89040240184306,972.89040240184306,16.600000000000001
168.75,12,50.863303542331458,11.409328142525078,74.108856496911756,5.2645428492602431,1.1320609282738867,21.330764537609241,3.4156126244198521,21.748162563525195,108.78598059479665,115.21401940520335,238.48152251424807,1670.5184774857514,1670.5184774857514,2340.06592965444,975.93407034555867,975.93407034555867,16.600000000000001
169,12,50.82889235580155,11.422269171034825,74.004906272670013,5.2531683343326536,1.1255413931338931,21.370128745696984,3.4169631403311453,21.8292921138355,108.43046446915312,115.56953553084686,236.24392033225672,1672.7560796677428,1672.7560796677428,2337.0250104092243,978.9749895907745,978.9749895907745,16.600000000000001
169.25,12,50.794533702351806,11.435209876031099,73.900984267248475,5.2418476324865537,1.1190776141931991,21.409331174937243,3.4183056704149442,21.910453640719762,108.07552981658897,115.92447018341103,234.02369371511924,1674.9763062848801,1674.9763062848801,2333.986846624724,982.01315337527456,982.01315337527456,16.600000000000001
169.5,12,50.760227529570564,11.448150649652781,73.797090772655437,5.2305806549193514,1.1126692355493935,21.448371930307815,3.4196404492434933,21.991646957324694,107.72118095403559,116.2788190459644,231.82076267944962,1677.1792373205496,1677.1792373205496,2330.9514448119289,985.04855518806971,985.04855518806971,16.600000000000001
169.75,12,50.725973785650339,11.461091880599017,73.693226076816146,5.2193673092839479,1.1063159001046472,21.487251124361951,3.420967707124011,22.072871882309482,107.3674221462734,116.6325778537266,229.63504674373917,1679.3649532562602,1679.3649532562602,2327.9188112362431,988.08118876375556,988.08118876375556,16.600000000000001
170,12,50.691772419383931,11.474033954096386,73.589390463614947,5.2082074997259316,1.1000172496559935,21.525968877137664,3.4222876700985467,22.154128239767104,107.01425760604877,116.98574239395123,227.46646494401,1681.5335350559892,1681.5335350559892,2324.8889519218587,991.11104807814002,991.11104807814002,16.600000000000001
170.25,12,50.657623380157425,11.486977251897066,73.485584212960788,5.1971011269344043,1.0937729249806432,21.56452531603037,3.4236005599936639,22.235415859100321,106.66169149430725,117.33830850569275,225.31493585123076,1683.6850641487686,1683.6850641487686,2321.8618726576451,994.13812734235398,994.13812734235398,16.600000000000001
170.5,12,50.623526617945238,11.499922152251784,73.38180760083813,5.1860480881873086,1.0875825659300808,21.602920575685499,3.4249065944279544,22.316734574931214,106.30972792035699,117.69027207964299,223.1803775879898,1685.8196224120095,1685.8196224120095,2318.837579001939,997.16242099805959,997.16242099805959,16.600000000000001
170.75,12,50.58948208330456,11.512869029892403,73.278060899361691,5.1750482773982567,1.0814458115185754,21.641154797886102,3.4262059868337675,22.398084227001785,105.95837094205606,118.04162905794394,221.06270784505907,1687.9372921549402,1687.9372921549402,2315.8160762875773,1000.1839237124216,1000.1839237124216,16.600000000000001
171,12,50.555489727369839,11.525818256015826,73.174344376830916,5.1641015851635457,1.0753623000099553,21.679228131440738,3.4274989464797221,22.479464660075308,105.60762456600244,118.39237543399756,218.96184389776164,1690.0381561022377,1690.0381561022377,2312.7973696268582,1003.2026303731407,1003.2026303731407,16.600000000000001
171.25,12,50.521549501846877,11.538770198269289,73.070658297786792,5.1532078988075884,1.0693316690057981,21.717140732070352,3.4287856784978819,22.560875723831764,105.2574927477321,118.7425072522679,216.87770262259889,1692.1222973774006,1692.1222973774006,2309.78146391678,1006.218536083219,1006.218536083219,16.600000000000001
171.5,12,50.487661359006907,11.551725220737037,72.967002923069813,5.1423671024276647,1.0633535555334008,21.754892762294894,3.4300663839135783,22.642317272760828,104.90797939192237,119.09202060807763,214.81020051390144,1694.1897994860981,1694.1897994860981,2306.7683638443723,1009.2316361556268,1009.2316361556268,16.600000000000001
171.75,12,50.453825251681948,11.564683683927711,72.863378509864532,5.1315790769475242,1.0574275961165109,21.792484391326209,3.4313412596569046,22.723789166088505,104.55908835257348,119.44091164742652,212.75925369804159,1696.2407463019579,1696.2407463019579,2303.7580738903389,1012.2419261096602,1012.2419261096602,16.600000000000001
172,12,50.420041133258806,11.577645944763608,72.759785311757042,5.1208437001624461,1.05155342685991,21.829915794955134,3.4326104985942014,22.805291267671453,104.21082343321785,119.78917656678215,210.72477794970416,1698.2752220502953,1698.2752220502953,2300.7505983342744,1015.2494016657246,1015.2494016657246,16.600000000000001
172.25,12,50.386308957673442,11.590612356571111,72.656223578788698,5.1101608467868207,1.045730683528066,21.867187155440462,3.4338742895551535,22.886823445900976,103.86318838712567,120.13681161287431,208.70668870735523,1700.2933112926441,1700.2933112926441,2297.7459412593798,1018.2540587406191,1018.2540587406191,16.600000000000001
172.5,12,50.352628679405385,11.603583269072379,72.552693557509357,5.0995303885020631,1.0399590016217866,21.904298661398293,3.4351328173603379,22.968385573608341,103.51618691751294,120.48381308248706,206.70490108847594,1702.2950989115236,1702.2950989115236,2294.7441065570865,1021.2558934429123,1021.2558934429123,16.600000000000001
172.75,12,50.319000253472041,11.616559028378362,72.449195491030295,5.0889521940046807,1.0342380164531519,21.941250507691663,3.4363862628495765,23.049977527970821,103.16982267775229,120.83017732224771,204.71932990460317,1704.2806700953963,1704.2806700953963,2291.7450979316222,1024.2549020683766,1024.2549020683766,16.600000000000001
173,12,50.285423635423051,11.629539976981912,72.345729619078327,5.0784261290532342,1.0285673632216346,21.978042895320073,3.4376348029119717,23.131599190414935,102.8240992715881,121.1759007284119,202.74988967649972,1706.2501103234997,1706.2501103234997,2288.7489189047105,1027.251081095289,1027.251081095289,16.600000000000001
173.25,12,50.251898781333558,11.642526453742246,72.24229617806084,5.0679520565047929,1.022946677112583,22.014676031306724,3.4388786105241622,23.213250446491088,102.47902025336344,121.52097974663654,200.7964946518091,1708.2035053481902,1708.2035053481902,2285.7555728218399,1030.2444271781592,1030.2444271781592,16.600000000000001
173.5,12,50.218425647799883,11.655518793895922,72.138895401102232,5.0575298363785937,1.0173755933329349,22.051150128592571,3.4401178547705844,23.29493118582327,102.13458912822702,121.86541087177298,198.85905881572694,1710.1409411842724,1710.1409411842724,2282.7650628543465,1033.2349371456523,1033.2349371456523,16.600000000000001
173.75,12,50.185004191933672,11.668517329052746,72.035527518098704,5.0471593259023289,1.0118537471848308,22.087465405926327,3.4413527008767315,23.376641302011265,101.79080935235787,122.20919064764213,196.9374959058855,1712.0625040941138,1712.0625040941138,2279.7773920041095,1036.2226079958893,1036.2226079958893,16.600000000000001
174,12,50.151634371355996,11.681522387192807,71.932192755772718,5.0368403795584031,1.0063807741379318,22.123622087754764,3.4425833102433367,23.45838069253303,101.44768433319335,122.55231566680665,195.03171942709116,1713.968280572908,1713.968280572908,2276.7925631082207,1039.2074368917783,1039.2074368917783,16.600000000000001
174.25,12,50.118316144191674,11.694534292666914,71.828891337725096,5.0265728491325845,1.0009563098950112,22.159620404113721,3.4438098404798168,23.540149258653958,101.10521742965798,122.89478257034202,193.14164266531182,1715.8583573346873,1715.8583573346873,2273.8105788432508,1042.1894211567483,1042.1894211567483,16.600000000000001
174.5,12,50.085049469063534,11.707553366198258,71.725623484486775,5.0163565837627928,0.99557999045587964,22.195460590519438,3.4450324454385286,23.62194690533676,100.76341195239529,123.23658804760471,191.26717870147621,1717.732821298523,1717.732821298523,2270.8314417294637,1045.1685582705354,1045.1685582705354,16.600000000000001
174.75,12,50.051834305086743,11.720579924885282,71.622389413570517,5.0061914299879708,0.99025145217973487,22.231142887860177,3.4462512752497423,23.703773541152042,100.4222711640025,123.5777288359975,189.40824042509013,1719.591759574909,1719.591759574909,2267.8551541349721,1048.1448458650275,1048.1448458650275,16.600000000000001
175,12,50.018670611864735,11.733614282169214,71.519189339513886,4.9960772317748114,0.98497033187516181,22.266667542315982,3.4474664763219613,23.785629078198387,100.08179827917381,123.91820172082619,187.5647405489382,1721.435259451061,1721.435259451061,2264.8817182802259,1051.1182817197734,1051.1182817197734,16.600000000000001
175.25,12,49.985558349482702,11.746656747857431,71.416023473934573,4.9860138305778392,0.97973626684477277,22.302034805237163,3.4486781913959237,23.867513432009918,99.741996464987039,124.25800353501295,185.73659162169992,1723.2634083782993,1723.2634083782993,2261.911136241868,1054.0888637581318,1054.0888637581318,16.600000000000001
175.5,12,49.952497478500469,11.759707628158774,71.3128920255878,4.9760010654061224,0.97454889491965024,22.33724493301489,3.4498865596097286,23.949426521462001,99.402868841220638,124.59713115877936,183.92370604000814,1725.0762939599908,1725.0762939599908,2258.9434099564101,1057.0565900435895,1057.0565900435895,16.600000000000001
175.75,12,49.919487959947794,11.772767225670263,71.209795200412259,4.966038772859787,0.9694078545320457,22.372298186990019,3.4510917165165029,24.031368268689572,99.064418480545342,124.93558151945466,182.12599606205345,1726.8740039379456,1726.8740039379456,2255.9785412243928,1060.0214587756066,1060.0214587756066,16.600000000000001
176,12,49.886529755318634,11.785835839384866,71.106733201580383,4.956126787178686,0.96431278477060411,22.407194833347116,3.4522937941219971,24.113338599001398,98.726648408769805,125.2733515912302,180.34337382031481,1728.6566261796843,1728.6566261796843,2253.0165317142728,1062.9834682857265,1062.9834682857265,16.600000000000001
176.25,12,49.853622826565477,11.798913764700439,71.003706229548257,4.9462649402911589,0.95926332543399917,22.441935143008831,3.453492920922915,24.195337440795026,98.389561605088645,125.61043839491136,178.57575133410555,1730.4242486658936,1730.4242486658936,2250.0573829662571,1065.9426170337422,1065.9426170337422,16.600000000000001
176.5,12,49.820767136093643,11.812001293429834,70.9007144821054,4.936453061862875,0.95425911708297984,22.476519391530577,3.4546892219459608,24.277364725472395,98.053161002333411,125.94683899766659,176.8230405219355,1732.1769594780635,1732.1769594780635,2247.1010963960816,1068.8989036039181,1068.8989036039181,16.600000000000001
176.75,12,49.787962646757286,11.825098713785902,70.797758154413458,4.9266909793293268,0.94929980110614676,22.510947859021236,3.4558828187585982,24.359420387371419,97.717449487144222,126.28255051285574,175.08515321375356,1733.9148467862458,1733.9148467862458,2244.147673298573,1071.8523267014268,1071.8523267014268,16.600000000000001
177,12,49.755209321856881,11.83820631034548,70.694837439035496,4.9169785179145578,0.94438501979705214,22.545220830085924,3.4570738294560726,24.441504363711076,97.382429900075067,126.61757009992489,173.36200116306094,1735.6379988369383,1735.6379988369383,2241.1971148510293,1074.8028851489707,1074.8028851489707,16.600000000000001
177.25,12,49.722507125126818,11.851324364165405,70.591952526027242,4.9073155007441747,0.9395144163419018,22.579338593621596,3.4582623688154821,24.523616594449788,97.048105036171535,126.95189496382844,171.65349605846737,1737.3465039415319,1737.3465039415319,2238.2494221174393,1077.7505778825605,1077.7505778825605,16.600000000000001
177.5,12,49.689856020732485,11.864453152754626,70.489103602968257,4.8977017488678349,0.93468763489013207,22.613301442754821,3.4594485482905837,24.605757022228545,96.714477645099393,127.28552235490058,169.9595495354217,1739.0404504645774,1739.0404504645774,2235.3045960517848,1080.6954039482146,1080.6954039482146,16.600000000000001
177.75,12,49.657255973264917,11.877592950084308,70.38629085500817,4.8881370813048113,0.92990432060196526,22.647109674743895,3.4606324760479223,24.687925592293421,96.381550431390622,127.61844956860935,168.28007318766711,1740.719926812332,1740.719926812332,2232.3626375015033,1083.637362498496,1083.637362498496,16.600000000000001
178,12,49.624706947735291,11.890744026602322,70.283514464913807,4.8786213150916424,0.92516411969251344,22.680763590878126,3.4618142570072106,24.770122252416872,96.049326054702021,127.95067394529795,166.61497857850424,1742.3850214214951,1742.3850214214951,2229.4235472109162,1086.5764527890835,1086.5764527890835,16.600000000000001
178.25,12,49.592208909569365,11.903906649248762,70.180774613116284,4.8691542653297644,0.92046667947438243,22.714263496377622,3.4629939928822631,24.852346952819868,95.717807130076068,128.2821928699239,164.96417725187027,1744.035822748129,1744.035822748129,2226.4873258245984,1089.5126741754016,1089.5126741754016,16.600000000000001
178.5,12,49.559761824602354,11.917081081465403,70.078071477754946,4.8597357452291003,0.91581164840334661,22.747609700299691,3.4641717822148665,24.934599646098231,95.386996228182724,128.61300377181723,163.32758074332338,1745.672419256676,1745.672419256676,2223.5539738906782,1092.4460261093211,1092.4460261093211,16.600000000000001
178.75,12,49.527365659078235,11.930267583133549,69.975405234695145,4.8503655661103142,0.9111986761692098,22.780802515508586,3.4653477203313434,25.016880287185565,95.056895875345546,128.94310412465438,161.7051005917512,1747.2948994082483,1747.2948994082483,2220.6234918639275,1095.3765081360721,1095.3765081360721,16.600000000000001
179,12,49.495020379638419,11.943466410688329,69.872776057608732,4.8410435375068541,0.90662741367240129,22.813842258493896,3.4665218994877329,25.099188833230553,94.727508554096346,129.2724914459036,160.09664834870182,1748.9033516512975,1748.9033516512975,2217.6958801091619,1098.3041198908379,1098.3041198908379,16.600000000000001
179.25,12,49.462725953316962,11.956677817127131,69.770184118015763,4.8317694672061853,0.9020975130677662,22.846729249281854,3.4676944089009627,25.181525243527656,94.398836703411419,129.60116329658851,158.50213558886733,1750.4978644111318,1750.4978644111318,2214.7711389043666,1101.2288610956332,1101.2288610956332,16.600000000000001
179.5,12,49.430482347536184,11.96990205201109,69.667629585323041,4.8225431612864469,0.8976086278120281,22.879463811354146,3.4688653347719547,25.263889479452555,94.070882718925958,129.92911728107399,156.92147392048429,1752.0785260795151,1752.0785260795151,2211.8492684437415,1104.1507315562576,1104.1507315562576,16.600000000000001
179.75,12,49.398289530101351,11.983139361483916,69.565112626868398,4.8133644241623994,0.89316041269923008,22.912046271553006,3.4700347603268291,25.346281504390298,93.743648953199752,130.25635104680018,155.3545749953451,1753.6454250046543,1753.6454250046543,2208.9302688407288,1107.0697311592703,1107.0697311592703,16.600000000000001
180,12,49.366147469195312,11.996389988291618,69.462633407964432,4.8042330586312794,0.88875252389478254,22.944476959986911,3.4712027658584894,25.428701283664285,93.417137715984637,130.58286228401531,153.80135051862806,1755.1986494813714,1755.1986494813714,2206.0141401309784,1109.9858598690209,1109.9858598690209,16.600000000000001
180.25,12,49.334056133373245,12.009654171803049,69.360192091941855,4.7951488659185157,0.88438461896814025,22.976756209936944,3.4723694287685514,25.511148784466172,93.091351274493576,130.90864872550642,152.26171225854645,1756.738287741453,1756.738287741453,2203.1008822752615,1112.8991177247383,1112.8991177247383,16.600000000000001
180.5,12,49.302015491560375,12.022932147973521,69.25778884017663,4.7861116456927597,0.88005635696684203,23.008884357806394,3.4735348235510939,25.593623975806466,92.766291853505791,131.23370814649419,150.73557205743737,1758.2644279425622,1758.2644279425622,2200.1904951626084,1115.8095048373912,1115.8095048373912,16.600000000000001
180.75,12,49.270025513045596,12.036224149387651,69.155423812138281,4.7771211961222892,0.87576739843118345,23.040861743013178,3.474699021856186,25.676126828439049,92.441961635698448,131.55803836430155,149.22284184047004,1759.7771581595293,1759.7771581595293,2197.2829786130064,1118.7170213869933,1118.7170213869933,16.600000000000001
181,12,49.238086167473327,12.049530405338171,69.053097165448008,4.768177313949904,0.8715174053815451,23.072688707856944,3.4758620925893484,25.758657314774428,92.118362762080267,131.8816372379197,147.72343362318819,1761.2765663768112,1761.2765663768112,2194.3783323798671,1121.6216676201323,1121.6216676201323,16.600000000000001
181.25,12,49.206197424840305,12.062851141812038,68.950809055909943,4.7592797945181538,0.86730604137353795,23.104365597455857,3.4770241019165895,25.841215408826102,91.795497332159158,132.20450266784084,146.2372595214955,1762.7627404785039,1762.7627404785039,2191.4765561528993,1124.5234438471005,1124.5234438471005,16.600000000000001
181.5,12,49.174359255490423,12.076186581512658,68.848559637552228,4.7504284318131615,0.86313297152565882,23.135892759657992,3.4781851133055621,25.92380108614557,91.47336740421224,132.52663259578776,144.76423176046976,1764.2357682395295,1764.2357682395295,2188.5776495607452,1127.4223504392544,1127.4223504392544,16.600000000000001
181.75,12,49.142571630109693,12.089536943882866,68.746349062667548,4.7416230185082542,0.85899786254566635,23.167270544953414,3.4793451875669494,26.006414323758339,91.151974995557552,132.84802500444243,143.30426268299934,1765.6957373170001,1765.6957373170001,2185.6816121735687,1130.3183878264308,1130.3183878264308,16.600000000000001
182,12,49.110834519721223,12.102902445128592,68.644177481853262,4.7328633460074032,0.85490038275567493,23.198499306387006,3.4805043828960724,26.089055100100754,90.831322082826844,133.16867791717314,141.8572647582422,1767.1427352417572,1767.1427352417572,2182.7884435055807,1133.2115564944188,1133.2115564944188,16.600000000000001
182.25,12,49.079147895681054,12.11628329822288,68.542045044047043,4.7241492044786302,0.85084020213290112,23.229579399484429,3.4816627548955985,26.171723394961592,90.511410602184071,133.4885893978159,140.42315059078868,1768.5768494092106,1768.5768494092106,2179.8981430177573,1136.1018569822422,1136.1018569822422,16.600000000000001
182.5,12,49.047511729675961,12.129679712869219,68.439951896553652,4.7154803828671632,0.84681699238358399,23.26051118220397,3.4828203565595612,26.254419189432262,90.19224244943176,133.80775755056823,139.00183293143957,1769.9981670685597,1769.9981670685597,2177.0107101210024,1138.9892898789972,1138.9892898789972,16.600000000000001
182.75,12,49.015925993713161,12.143091895646263,68.337898185108159,4.7068566689959201,0.84283042686532827,23.291295014779227,3.4839772384273484,26.337142465824204,89.873819480613207,134.12618051938676,137.59322467998572,1771.4067753200136,1771.4067753200136,2174.1261441770698,1141.8738558229297,1141.8738558229297,16.600000000000001
183,12,48.984390660117874,12.156520049978397,68.235884053903106,4.6982778495811086,0.83888018065362679,23.32193125966889,3.4851334485736323,26.419893207619829,89.556143512137339,134.44385648786266,136.1972388953796,1772.8027611046195,1772.8027611046195,2171.2444445015444,1144.7555554984551,1144.7555554984551,16.600000000000001
183.25,12,48.952905701528429,12.169964376162346,68.133909645626517,4.6897437102744535,0.83496593056106927,23.352420281473599,3.4862890326505149,26.502671399414037,89.239216321056375,134.7607836789436,134.81378880333375,1774.1862111966655,1774.1862111966655,2168.365610366096,1147.6343896339033,1147.6343896339033,16.600000000000001
183.5,12,48.921471090891465,12.183425071392339,68.031975101499199,4.6812540357041765,0.8310873551570791,23.382762446854837,3.487444033927853,26.585477026857042,88.923039645338918,135.07696035466108,133.44278780383601,1775.5572121961632,1775.5572121961632,2165.4896410007041,1150.5103589992955,1150.5103589992955,16.600000000000001
183.75,12,48.890086801457201,12.196902329785896,67.930080561311499,4.6728086095157595,0.82724413478643022,23.412958124454615,3.4885984933337384,26.668310076598139,88.607615184143981,135.39238481585602,132.08414947849053,1776.9158505215087,1776.9158505215087,2162.6165355958283,1153.3834644041717,1153.3834644041717,16.600000000000001
184,12,48.858752806774845,12.210396342405563,67.828226163459135,4.664407214410434,0.82343595159088978,23.443007684818163,3.4897524494910841,26.751170536230507,88.292944598083707,135.70705540191625,130.73778759796213,1778.262212402037,1778.262212402037,2159.7462933046122,1156.2537066953876,1156.2537066953876,16.600000000000001
184.25,12,48.827469080690321,12.223907297221992,67.7264120449709,4.6560496321575071,0.81966248958446442,23.472911500345607,3.4909059387032881,26.834058394238433,87.979029509328925,136.020970490671,129.40361613275746,1779.5963838672419,1779.5963838672419,2156.8789132461916,1159.121086753808,1159.121086753808,16.600000000000001
184.5,12,48.79623559733885,12.237435379214315,67.624638341553677,4.6477356436662465,0.8159234346010561,23.502669945179427,3.492058995057763,26.916973639942025,87.665871502080364,136.33412849791958,128.08154925573785,1780.9184507442615,1780.9184507442615,2154.0143945062814,1161.9856054937186,1161.9856054937186,16.600000000000001
184.75,12,48.765052331140552,12.250980770392694,67.522905187626748,4.6394650290232082,0.81221847431345784,23.53228339512998,3.4932116504620114,26.999916263444785,87.353472122831803,136.64652787716815,126.7715013491041,1782.2284986508953,1782.2284986508953,2151.1527361392318,1164.8472638607673,1164.8472638607673,16.600000000000001
185,12,48.733919256796511,12.264543649809436,67.42121271635429,4.6312375675240647,0.80854729826227156,23.561752227607609,3.4943639346694675,27.082886255582508,87.041832880601831,136.95816711939815,125.47338701191937,1783.5266129880799,1783.5266129880799,2148.2939371702755,1167.706062829724,1167.706062829724,16.600000000000001
185.25,12,48.702836349284283,12.278124193585088,67.319561059679131,4.6230530377114869,0.80490959787033967,23.591076821548704,3.4955158753178259,27.165883607872711,86.730955247205159,137.2690447527948,124.18712106660713,1784.8128789333921,1784.8128789333921,2145.4379965974231,1170.5620034025762,1170.5620034025762,16.600000000000001
185.5,12,48.671803583853475,12.291722574934736,67.217950348356354,4.6149112174125984,0.80130506645634469,23.620257557342743,3.4966674979671493,27.248908312465023,86.42084065752384,137.57915934247609,122.91261856529798,1786.0873814347015,1786.0873814347015,2142.5849133933252,1173.4150866066743,1173.4150866066743,16.600000000000001
185.75,12,48.640820936021427,12.305338964194487,67.116380711985954,4.6068118837760039,0.79773339924760578,23.649294816760378,3.4978188261377094,27.331960362092552,86.111490509778235,137.88850949022171,121.64979479602739,1787.3502052039721,1787.3502052039721,2139.7346865070785,1176.265313492921,1176.265313492921,16.600000000000001
186,12,48.609888381568808,12.318973528847831,67.014852279045485,4.5987548133083198,0.79419429339239767,23.678188982882535,3.498969881347374,27.415039750024093,85.802906165797268,138.19709383420269,120.39856528881282,1788.6014347111866,1788.6014347111866,2136.8873148659982,1179.1126851340018,1179.1126851340018,16.600000000000001
186.25,12,48.579005896535733,12.332626433531058,66.913365176923904,4.5907397819055431,0.79068744799671731,23.706940440030834,3.5001206831342508,27.498146470008948,85.495088951237946,138.50491104876201,119.15884582386315,1789.8411541761361,1789.8411541761361,2134.042797378153,1181.9572026218473,1181.9572026218473,16.600000000000001
186.5,12,48.548173457217267,12.346297840074895,66.811919531951645,4.5827665648920055,0.78721256411709517,23.735549573698627,3.501271249103739,27.581280516237086,85.188040155890889,138.81195984410905,117.93055243573379,1791.0694475642656,1791.0694475642656,2131.2011329334646,1184.7988670665354,1184.7988670665354,16.600000000000001
186.75,12,48.517391040159104,12.359987907541434,66.710515469430547,4.5748349370577603,0.78376934475839644,23.764016770483195,3.5024215949719513,27.664441883298345,84.881761033973888,139.11823896602607,116.71360141785243,1792.2863985821471,1792.2863985821471,2128.3623204049436,1187.6376795950559,1187.6376795950559,16.600000000000001
187,12,48.486658622153605,12.373696792240722,66.609153113665243,4.5669446726909442,0.78035749489530326,23.792342418019309,3.5035717345947912,27.747630566134596,84.576252804376381,139.42374719562355,115.50790932910547,1793.4920906708937,1793.4920906708937,2125.5263586506635,1190.4736413493363,1190.4736413493363,16.600000000000001
187.25,12,48.455976180235751,12.387424647756449,66.507832587993221,4.5590955456116475,0.77697672148225194,23.820526904913788,3.5047216800028456,27.830846559996449,84.27151665092498,139.72848334907496,114.31339299929797,1794.6866070007015,1794.6866070007015,2122.6932465153391,1193.3067534846609,1193.3067534846609,16.600000000000001
187.5,12,48.42534369167911,12.401171624971496,66.406554014814219,4.5512873292052172,0.77362673346289135,23.848570620681173,3.5058714414357368,27.914089860400953,83.967553722647992,140.03244627735194,113.1299695344871,1795.8700304655124,1795.8700304655124,2119.8629828318658,1196.137017168134,1196.137017168134,16.600000000000001
187.75,12,48.394761133991906,12.414937872093248,66.30531751561935,4.5435197964549916,0.77030724177909737,23.876473955680638,3.5070210273759037,27.99736046309021,83.664365134038761,140.3356348659612,111.95755632219168,1797.0424436778078,1797.0424436778078,2117.0355664228214,1198.9644335771784,1198.9644335771784,16.600000000000001
188,12,48.36422848491317,12.428723534678705,66.20412321101945,4.5357927199744319,0.76701795937957873,23.904237301054003,3.5081704445817774,28.080658363990953,83.361951965317886,140.63804803468204,110.79607103647923,1798.2039289635202,1798.2039289635202,2114.2109961019246,1201.7890038980754,1201.7890038980754,16.600000000000001
188.25,12,48.333745722406675,12.442528755701847,66.102971220784497,4.5281058720599185,0.76375860119643024,23.931861048635017,3.5093196981645951,28.163983559159728,83.060315262805872,140.93968473719403,109.64543164177968,1799.3545683582197,1799.3545683582197,2111.3892706753045,1204.6107293246957,1204.6107293246957,16.600000000000001
188.5,12,48.30331282465685,12.456353675586049,66.0018616638732,4.5204590247255876,0.76052888414714748,23.959345590884254,3.5104687916284756,28.247336044741527,82.759456039203371,141.24054396079654,108.50555639752062,1800.4944436024789,1800.4944436024789,2108.5703889428573,1207.4296110571429,1207.4296110571429,16.600000000000001
188.75,12,48.272929770068743,12.470198432155401,65.900794658440148,4.5128519496971959,0.75732852719642685,23.98669132088212,3.5116177268258046,28.330715816958481,82.459375273657471,141.54062472634246,107.37636386483611,1801.6236361351635,1801.6236361351635,2105.7543496998642,1210.2456503001356,1210.2456503001356,16.600000000000001
189,12,48.242596537262244,12.48406316070038,65.799770321873538,4.5052844184626455,0.75415725133229827,24.013898632242313,3.5127665040312324,28.414122872058165,82.160073912128141,141.83992608787176,106.25777291005119,1802.7422270899483,1802.7422270899483,2102.9411517381518,1213.0588482618482,1213.0588482618482,16.600000000000001
189.25,12,48.212313105068375,12.497947994004777,65.698788770821764,4.4977562023026971,0.75101477957052032,24.040967919053514,3.5139151219750682,28.497557206276628,81.861552867652208,142.13844713234772,105.14970270909294,1803.8502972909066,1803.8502972909066,2100.1307938473574,1215.8692061526428,1215.8692061526428,16.600000000000001
189.5,12,48.182079452525535,12.511853062372273,65.59785012121975,4.4902670723210356,0.74790083695871601,24.06789957582232,3.5150635778759356,28.58101881580242,81.563813020605622,142.43618697939431,104.05207275179031,1804.9479272482092,1804.9479272482092,2097.3232748161595,1218.6767251838403,1218.6767251838403,16.600000000000001
189.75,12,48.151895558875928,12.525778493652817,65.496954488314671,4.4828167994737873,0.74481515058008718,24.094693997417266,3.5162118674729577,28.664507696741413,81.266855218964835,142.73314478103509,102.96480284605742,1806.0351971539421,1806.0351971539421,2094.5185934334768,1221.4814065665237,1221.4814065665237,16.600000000000001
190,12,48.121761403561933,12.539724413268848,65.396101986691178,4.4754051545984925,0.74175744955672651,24.121351579013886,3.5173599850574226,28.748023845082482,80.970680278566959,143.02931972143296,101.88781312196215,1807.1121868780374,1807.1121868780374,2091.7167484896245,1224.2832515103753,1224.2832515103753,16.600000000000001
190.25,12,48.091676966221812,12.553690944256461,65.295292730300318,4.4680319084525211,0.73872746504110764,24.147872716027987,3.5185079235181145,28.831567256660147,80.675288983414333,143.32471101658558,100.82102403528397,1808.1789759647154,1808.1789759647154,2088.9177387772952,1227.0822612227048,1227.0822612227048,16.600000000000001
190.5,12,48.061642226684747,12.567678207319915,65.194526832491732,4.460696831759857,0.73572493019699081,24.174257804038376,3.5196556743987624,28.915137927114476,80.380682086018666,143.61931791398126,99.764356370605185,1809.2356436293942,1809.2356436293942,2086.1215630923557,1229.8784369076445,1229.8784369076445,16.600000000000001
190.75,12,48.031657164970497,12.581686320797431,65.093804406021249,4.4533996951989971,0.73274958024674175,24.200507238786219,3.5208032278722965,28.998735851874699,80.086860307478119,143.91313969252181,98.717731246610882,1810.2822687533885,1810.2822687533885,2083.3282202355167,1232.6717797644831,1232.6717797644831,16.600000000000001
191,12,48.001721761284685,12.595715400712015,64.993125563081151,4.4461402694465004,0.72980115245397859,24.226621416102709,3.5219505727942217,29.082361026121625,79.793824337809397,144.2061756621905,97.681070119045302,1811.3189298809541,1811.3189298809541,2080.5377090131055,1235.4622909868945,1235.4622909868945,16.600000000000001
191.25,12,47.971835996015301,12.609765560800458,64.89249041532436,4.4389183252057514,0.72687938612217318,24.252600731856205,3.5230976967352929,29.166013444756423,79.501574836213635,144.49842516378629,96.654294784126051,1812.3457052158733,1812.3457052158733,2077.7500282380179,1238.2499717619819,1238.2499717619819,16.600000000000001
191.5,12,47.941999849729314,12.623836912540179,64.791899073887194,4.4317336332339021,0.72398402259438499,24.278445581902108,3.5242445860118488,29.249693102370745,79.210112431335304,144.78988756866462,95.637327381902139,1813.3626726180973,1813.3626726180973,2074.9651767306682,1241.0348232693316,1241.0348232693316,16.600000000000001
191.75,12,47.912213303169359,12.637929565175902,64.691351649412255,4.4245859643683429,0.72111480525260441,24.304156362033684,3.5253912257157096,29.333399993217597,78.919437721520282,145.08056227847965,94.630090399504226,1814.3699096004952,1814.3699096004952,2072.1831533198992,1243.8168466801005,1243.8168466801005,16.600000000000001
192,12,47.882476337250445,12.652043625746208,64.590848252070387,4.4174750895526804,0.71827147951672199,24.329733467933835,3.5265375997436208,29.41713411118295,78.629551275072828,145.37044872492709,93.632506674288052,1815.3674933257114,1815.3674933257114,2069.4039568438643,1246.5960431561357,1246.5960431561357,16.600000000000001
192.25,12,47.852788933056537,12.666179199113577,64.490388991583671,4.410400779864438,0.71545379284057031,24.355177295124761,3.5276836908300466,29.500895449756719,78.340453630520614,145.65954636947933,92.644499396824003,1816.3555006031752,1816.3555006031752,2066.6275861508716,1249.3724138491284,1249.3724138491284,16.600000000000001
192.5,12,47.823151071836278,12.680336388011371,64.389973977252993,4.4033628065524839,0.71266149469569362,24.380488238904061,3.5288294805971665,29.5846840019978,78.052145296920116,145.94785470307986,91.66599211355593,1817.3340078864435,1817.3340078864435,2063.8540401001769,1252.1459598998233,1252.1459598998233,16.600000000000001
192.75,12,47.793562735001409,12.69451529303978,64.289603317969934,4.3963609410436035,0.70989433659024037,24.405666694324857,3.5299749495518786,29.668499760519687,77.764626754037721,146.23537324596222,90.696908730032689,1818.3030912699667,1818.3030912699667,2061.08331756281,1254.9166824371896,1254.9166824371896,16.600000000000001
193,12,47.764023904123285,12.708716012699906,64.189277122239702,4.389394954971511,0.70715207206079078,24.430713056144402,3.5311200771219533,29.752342717461829,77.477898452622853,146.5221015473771,89.737173513529711,1819.2628264864695,1819.2628264864695,2058.3154174223264,1257.6845825776732,1257.6845825776732,16.600000000000001
193.25,12,47.734534560929582,12.722938643423266,64.088995498202493,4.3824646202027147,0.7044344566669557,24.455627718777375,3.5322648416871507,29.836212864463505,77.191960814669187,146.80803918533078,88.786711095629727,1820.2132889043696,1820.2132889043696,2055.5503385755278,1260.449661424472,1260.449661424472,16.600000000000001
193.5,12,47.70509468730129,12.737183279598165,63.98875855365339,4.3755697088601853,0.70174124798769522,24.480411076252558,3.5334092206068743,29.920110192639495,76.90681423366776,147.0931857663322,87.845446474743994,1821.1545535252553,1821.1545535252553,2052.7880799331647,1263.2119200668351,1263.2119200668351,16.600000000000001
193.75,12,47.675704265269673,12.75145001359591,63.888566396062018,4.3687099933465747,0.69907220561731387,24.505063522170417,3.5345531902473994,30.004034692556473,76.622459074859208,147.37754092514075,86.913305018536036,1822.0866949814633,1822.0866949814633,2050.0286404206086,1265.9713595793914,1265.9713595793914,16.600000000000001
194,12,47.646363277013329,12.765738935796882,63.788419132591748,4.3618852463669828,0.69642709116114077,24.529585449661553,3.5356967260086831,30.087986354210084,76.338895675484892,147.66110432451507,85.990212466249432,1823.0097875337499,1823.0097875337499,2047.272018978493,1268.727981021507,1268.727981021507,16.600000000000001
194.25,12,47.617071704855206,12.780050134617246,63.688316870118818,4.3550952409514823,0.69380566823037448,24.553977251345589,3.5368398023520267,30.171965167001908,76.056124345038583,147.94387565496137,85.076094930940684,1823.9239050690585,1823.9239050690585,2044.5182145633516,1271.4817854366481,1271.4817854366481,16.600000000000001
194.5,12,47.587829531258805,12.794383696550168,63.588259715255916,4.3483397504805987,0.69120770242747043,24.578239319282851,3.537982392849103,30.255971119704263,75.774145365543575,148.22585463445634,84.170878901612099,1824.8291210983873,1824.8291210983873,2041.7672261485131,1274.2327738514869,1274.2327738514869,16.600000000000001
194.75,12,47.558636738826365,12.808739706174867,63.488247774364801,4.3416185487029022,0.68863296135125118,24.602372044944506,3.5391244701830145,30.34000420045372,75.492958991771019,148.50704100822892,83.274491245268138,1825.7255087547312,1825.7255087547312,2039.0190527243403,1276.9809472756594,1276.9809472756594,16.600000000000001
195,12,47.529493310296019,12.823118246181801,63.388281153574013,4.334931409755951,0.68608121459153337,24.626375819174591,3.5402660061732143,30.424064396730891,75.212565451486654,148.78743454851326,82.386859208873929,1826.6131407911255,1826.6131407911255,2036.2736932987675,1279.7263067012323,1279.7263067012323,16.600000000000001
195.25,12,47.500399228538782,12.837519397402467,63.288359958797713,4.3282781081879103,0.68355223372048779,24.650251032150255,3.5414069718071648,30.508151695336672,74.93296494570518,149.06703505429476,81.507910421222661,1827.4920895787766,1827.4920895787766,2033.5311468979069,1282.4688531020929,1282.4688531020929,16.600000000000001
195.5,12,47.471354476555831,12.851943238834973,63.188484295752914,4.3216584189777736,0.68104579228626672,24.67399807334505,3.5425473372656038,30.592266082372586,74.654157648936149,149.34584235106379,80.637572894717607,1828.3624271052815,1828.3624271052815,2030.7914125665516,1285.2085874334482,1285.2085874334482,16.600000000000001
195.75,12,47.442359037475789,12.866389847669458,63.088654269976352,4.315072117555169,0.678561665806375,24.697617331493106,3.5436870719474447,30.676407543221757,74.376143709428902,149.62385629057104,79.775775027068363,1829.2242249729311,1829.2242249729311,2028.0544893686592,1287.9455106313405,1287.9455106313405,16.600000000000001
196,12,47.413412894552039,12.880859299313293,62.988869986840932,4.3085189798196977,0.6760996317607928,24.721109194554071,3.5448261444943188,30.760576062530383,74.098923249416387,149.90107675058354,78.922445602902485,1830.0775543970967,1830.0775543970967,2025.3203763878084,1290.6796236121913,1290.6796236121913,16.600000000000001
196.25,12,47.384516031160118,12.895351667416156,62.889131551571985,4.3019987821598944,0.67365946958484979,24.744474049678868,3.5459645228147205,30.844771624189885,73.822496365357893,150.17750363464205,78.07751379529374,1830.9224862047054,1830.9224862047054,2022.5890727276351,1293.4109272723649,1293.4109272723649,16.600000000000001
196.5,12,47.355668430795156,12.909867023896462,62.789439069262684,4.2955113014801691,0.67124096065927741,24.767712283168827,3.5471021741018482,30.928994211327389,73.546863128194474,150.45313687180547,77.240909167105144,1831.7590908328941,1831.7590908328941,2019.8605775118335,1296.1394224881662,1296.1394224881662,16.600000000000001
196.75,12,47.326870077069238,12.924405438965103,62.689792644889778,4.2890563152140153,0.66884388830415142,24.790824280447382,3.548239064860446,31.013243806284425,73.272023583581486,150.72797641641847,76.412561672415308,1832.5874383275839,1832.5874383275839,2017.1348898847898,1298.86511011521,1298.86511011521,16.600000000000001
197,12,47.298120953709002,12.938966981148846,62.590192383328969,4.2826336013361086,0.66646803777284536,24.813810426033086,3.5493751609337467,31.097520390595445,72.997977752118942,151.00202224788097,75.592401657874348,1833.4075983421249,1833.4075983421249,2014.4120090122256,1301.5879909877742,1301.5879909877742,16.600000000000001
197.25,12,47.269421044553098,12.953551717315445,62.490638389369543,4.2762429383841241,0.66411319624265908,24.836671103504564,3.5505104275228834,31.181823944976422,72.724725629597287,151.27527437040266,74.780359863857626,1834.2196401361416,1834.2196401361416,2011.6919340813261,1304.3080659186737,1304.3080659186737,16.600000000000001
197.5,12,47.240770333549769,12.968159712697718,62.391130767728896,4.2698841054759153,0.66177915280656863,24.859406695469918,3.5516448292088874,31.266154449310005,72.452267187234852,151.5477328127651,73.976367425595228,1835.023632574404,1835.023632574404,2008.9746643010551,1307.0253356989447,1307.0253356989447,16.600000000000001
197.75,12,47.212168804754477,12.982791030917413,62.291669623066689,4.2635568823263075,0.65946569846480108,24.882017583536889,3.5527783299742772,31.350511882631235,72.180602371914503,151.81939762808545,73.180355874226819,1835.8196441257724,1835.8196441257724,2006.2601989024506,1309.7398010975494,1309.7398010975494,16.600000000000001
198,12,47.183616442327533,12.997445734008844,62.192255059998679,4.2572610492634713,0.65717262611624483,24.904504148283795,3.5539108932242423,31.434896223113764,71.90973110641886,152.09026889358108,72.39225713778265,1836.6077428622164,1836.6077428622164,2003.5485371388984,1312.4514628611016,1312.4514628611016,16.600000000000001
198.25,12,47.155113230531775,13.012123882442282,62.092887183110278,4.2509963872449239,0.65489973054970796,24.9268667692312,3.5550424818074151,31.519307448056676,71.639653289664437,152.36034671033548,71.612003542092893,1837.3879964579064,1837.3879964579064,2000.8396782863883,1315.1603217136117,1315.1603217136117,16.600000000000001
198.5,12,47.126659153730003,13.026825535153661,61.993566096971243,4.2447626778743803,0.65264680843006651,24.949105824811781,3.5561730580448754,31.603745533867855,71.370368796946792,152.62963120305318,70.839527811480067,1838.160472188519,1838.160472188519,1998.1336216437976,1317.8663783562022,1317.8663783562022,16.600000000000001
198.75,12,47.098254196382555,13.041550749570472,61.89429190614927,4.23855970341753,0.65041365828697928,24.97122169234235,3.5573025837540508,31.688210456050019,71.101877480177706,152.89812251982227,70.074763069461852,1838.9252369305373,1838.9252369305373,1995.4303665331299,1320.5696334668698,1320.5696334668698,16.600000000000001
199,12,47.069898343045807,13.056299581620751,61.795064715219475,4.2323872468142447,0.648200080516114,24.99321474800297,3.5584310202502012,31.772702189197197,70.834179168090145,153.16582083190983,69.317642839756587,1839.6823571602426,1839.6823571602426,1992.7299122996187,1323.2700877003811,1323.2700877003811,16.600000000000001
199.25,12,47.041591578369612,13.071072085762797,61.695884628778352,4.2262450916944116,0.6460058773643359,25.015085366808734,3.5595583283752257,31.857220706979145,70.5672736664811,153.43272633351884,68.568101046754933,1840.4318989532442,1840.4318989532442,1990.0322583119637,1325.9677416880361,1325.9677416880361,16.600000000000001
199.5,12,47.013333887095158,13.085868315007946,61.596751751455905,4.2201330223921021,0.64383085291986819,25.036833922584812,3.5606844685172123,31.941765982130295,70.301160758440744,153.69883924155923,67.826072016075074,1841.1739279839242,1841.1739279839242,1987.3374039624998,1328.6625960375,1328.6625960375,16.600000000000001
199.75,12,46.985125254052868,13.100688320943012,61.497666187927514,4.2140508239593437,0.64167481310240604,25.058460787942256,3.5618094006295031,32.026337986439174,70.035840204580026,153.96415979541993,67.091490475055679,1841.9085095249434,1841.9085095249434,1984.6453486673524,1331.3546513326473,1331.3546513326473,16.600000000000001
200,12,46.956965664160286,13.115532153752493,61.398628042925424,4.2079982821795285,0.63953756565311715,25.079966334254461,3.5629330842493947,32.110936690738278,69.771311743257229,154.22868825674277,66.364291553185396,1842.6357084468139,1842.6357084468139,1981.9560918665754,1334.0439081334243,1334.0439081334243,16.600000000000001
200.25,12,46.928855102420052,13.13039986224055,61.299637421250011,4.2019751835804273,0.63741892012453594,25.101350931634322,3.5640554785164844,32.195562064894418,69.507575090803172,154.49242490919679,65.644410782470416,1843.3555892175286,1843.3555892175286,1979.2696330242752,1336.7303669757246,1336.7303669757246,16.600000000000001
200.5,12,46.900793553917794,13.145291493854797,61.200694427780981,4.1959813154479679,0.63531868786834356,25.122614948910982,3.565176542192412,32.280214077799513,69.244629941750517,154.75537005824944,64.931784097637106,1844.068215902362,1844.068215902362,1976.5859716286673,1339.4140283713327,1339.4140283713327,16.600000000000001
200.75,12,46.87278100382003,13.16020709471282,61.10179916748838,4.1900164658411887,0.63323668202017402,25.143758753605674,3.5662962336827402,32.364892697362045,68.982475969069313,155.01752403093067,64.22634783612628,1844.7736521638728,1844.7736521638728,1973.9051071920442,1342.0948928079556,1342.0948928079556,16.600000000000001
201,12,46.84481743737247,13.175146709613921,61.002951745442381,4.1840804235991191,0.63117271749851844,25.164782711915855,3.5674145110462088,32.449597890498119,68.721112824364198,155.27888717563579,63.528038738761325,1845.4719612612378,1845.4719612612378,1971.2270392510966,1344.7729607489032,1344.7729607489032,16.600000000000001
201.25,12,46.816902839898027,13.19011038206391,60.904152266823687,4.1781729783543629,0.62912661099058598,25.185687188693002,3.5685313320148673,32.534329623123696,68.460540138104378,155.53945986189561,62.836793949689763,1846.1632060503096,1846.1632060503096,1968.5517673668844,1347.4482326331154,1347.4482326331154,16.600000000000001
201.5,12,46.789037196794879,13.205098154296545,60.805400836933572,4.1722939205446892,0.62709818094110592,25.206472547422663,3.5696466540112604,32.619087860146905,68.200757519844231,155.79924248015575,62.152551016424454,1846.8474489835748,1846.8474489835748,1965.8792911248759,1350.1207088751239,1350.1207088751239,16.600000000000001
201.75,12,46.761220493534651,13.220110067294335,60.706697561203462,4.1664430414240492,0.62508724754146183,25.227139150205389,3.5707604341649239,32.703872565460912,67.94176455844179,156.05823544155817,61.475247889850593,1847.5247521101485,1847.5247521101485,1963.2096101349809,1352.7903898650188,1352.7903898650188,16.600000000000001
202,12,46.733452715660533,13.235146160809109,60.608042545204462,4.1606201330732695,0.6230936327187595,25.247687357738208,3.5718726293285541,32.788683701936947,67.683560822275979,156.31643917772399,60.804822924178602,1848.1951770758203,1848.1951770758203,1960.5427240315748,1355.4572759684249,1355.4572759684249,16.600000000000001
202.25,12,46.705733848785556,13.250206473382313,60.50943589465642,4.1548249884103816,0.62111716012483398,25.268117529296795,3.5729831960938521,32.873521231417911,67.426145859462366,156.57385414053761,60.141214876844387,1848.8587851231548,1848.8587851231548,1957.8786324735092,1358.1213675264908,1358.1213675264908,16.600000000000001
202.5,12,46.678063878590748,13.265291042365915,60.410877715436932,4.1490574012012562,0.61915765512431453,25.288430022717655,3.574092090807131,32.958385114712918,67.169519198069722,156.83048080193029,59.484362908300632,1849.5156370916984,1849.5156370916984,1955.2173351440649,1360.7826648559349,1360.7826648559349,16.600000000000001
202.75,12,46.65044279082332,13.280399903947796,60.312368113589756,4.1433171660735724,0.61721494477726846,25.308625194377932,3.5751992695851853,33.043275311596489,66.91368034634587,157.08631965365413,58.834206581411891,1850.1657934185871,1850.1657934185871,1952.5588317506306,1363.4411682493692,1363.4411682493692,16.600000000000001
203,12,46.622870571295131,13.295533093163744,60.213907195333569,4.1376040785203152,0.61528885783660481,25.3287033991841,3.5763046883292362,33.128191780796378,66.65862879291268,157.34137120708735,58.190685861752932,1850.8093141382462,1850.8093141382462,1949.9031220251031,1366.0968779748966,1366.0968779748966,16.600000000000001
203.25,12,46.595347205880941,13.310690643918536,60.115495067070086,4.1319179349101702,0.6133792247349189,25.348664990555321,3.5774083027396868,33.213134479990025,66.404364006980884,157.59563599301913,57.553741117181573,1851.4462588828173,1851.4462588828173,1947.2502057237568,1368.7497942762432,1368.7497942762432,16.600000000000001
203.5,12,46.567872680516793,13.325872589006186,60.017131835391972,4.1262585324971131,0.61148587757202721,25.368510320407768,3.5785100683304898,33.298103365800827,66.150885438562085,157.84911456143791,56.923313117410864,1852.0766868825881,1852.0766868825881,1944.6000826271345,1371.3999173728653,1371.3999173728653,16.600000000000001
203.75,12,46.540446981198365,13.341078960129005,59.918817607090652,4.1206256694289936,0.60960865010347987,25.388239739140044,3.5796099404430746,33.383098393793951,65.898192518677547,158.10180748132245,56.299343033599726,1852.7006569663993,1852.7006569663993,1941.9527525399833,1374.0472474600165,1374.0472474600165,16.600000000000001
204,12,46.513070093979394,13.356309787916455,59.820552489163767,4.11501914475582,0.60774737772904441,25.407853595619176,3.5807078742599741,33.468119518472427,65.646284659565637,158.35371534043435,55.681772437898189,1853.3182275621009,1853.3182275621009,1939.3082152911763,1376.6917847088237,1376.6917847088237,16.600000000000001
204.25,12,46.485742004970106,13.371565101943734,59.722336588822451,4.109438758437757,0.60590189748116763,25.427352237167124,3.5818038248181208,33.553166693273575,65.395161254888023,158.60483874511198,55.070543302948259,1853.9294566970507,1853.9294566970507,1936.6664707336261,1379.3335292663737,1379.3335292663737,16.600000000000001
204.5,12,46.458462700335708,13.38684493075038,59.624170013498485,4.1038843113527941,0.60407204801316972,25.446736009547841,3.5828977470221806,33.638239870565727,65.144821679935205,158.85517832006477,54.465598001324338,1854.5344019986749,1854.5344019986749,1934.0275187441873,1381.9724812558125,1381.9724812558125,16.600000000000001
204.75,12,46.431232166294684,13.402149301864348,59.526052870851181,4.0983556053036043,0.60225766958151683,25.466005256955739,3.5839895956655168,33.723339001642643,64.895265291845575,159.10473470815438,53.866879304522463,1855.1331206954765,1855.1331206954765,1931.391359223504,1384.6086407764958,1384.6086407764958,16.600000000000001
205,12,46.404050389117486,13.417478241814051,59.427985268773952,4.0928524430252109,0.60045860404027018,25.485160322002873,3.5850793254344802,33.808464036723414,64.646491429792604,159.3535085702074,53.274330382751522,1855.7256696172476,1855.7256696172476,1928.7579920959433,1387.2420079040564,1387.2420079040564,16.600000000000001
205.25,12,46.376917355125151,13.432831776145296,59.329967315400751,4.0873746281918768,0.59867469483019731,25.504201545707367,3.5861668909195745,33.893614924950434,64.398499415184148,159.60150058481582,52.687894804315192,1856.3121051956839,1856.3121051956839,1926.1274173094785,1389.8725826905213,1389.8725826905213,16.600000000000001
205.5,12,46.349833050687778,13.44820992944069,59.231999119112338,4.0819219654234882,0.59690578696512053,25.523129267482812,3.5872522466300398,33.978791614386388,64.151288551867353,159.84871144813263,52.10751653476359,1856.8924834652353,1856.8924834652353,1923.4996348355444,1392.5003651644554,1392.5003651644554,16.600000000000001
205.75,12,46.322797462223136,13.463612725337025,59.134080788542306,4.0764942602918115,0.59515172702009222,25.541943825127827,3.5883353470057138,34.063994052012447,63.90485812632776,160.09514187367222,51.533139936132869,1857.4668600638661,1857.4668600638661,1920.8746446688976,1395.1253553311021,1395.1253553311021,16.600000000000001
206,12,46.295810576195308,13.479040186542434,59.036212432582936,4.0710913193264719,0.5934123631195698,25.560645554816098,3.5894161464286145,34.149222183726508,63.659207407887109,160.34079259211288,50.964709766147045,1858.035290233852,1858.035290233852,1918.2524468274723,1397.7475531725274,1397.7475531725274,16.600000000000001
206.25,12,46.26887237911334,13.494492334853318,58.938394160390814,4.0657129500206768,0.59168754492559628,25.579234791086961,3.5904945992342698,34.234475954341875,63.41433564889978,160.58566435110021,50.402171177383231,1858.5978288226158,1858.5978288226158,1915.633041352226,1400.3669586477738,1400.3669586477738,16.600000000000001
206.5,12,46.241982857529877,13.509969191171026,58.840626081392358,4.0603589608366635,0.58997712362598753,25.597711866836335,3.5915706597227781,34.319755307586078,63.170242084948121,160.82975791505189,49.845469716400856,1859.154530283598,1859.154530283598,1913.0164283069814,1402.9835716930183,1402.9835716930183,16.600000000000001
206.75,12,46.215141998039947,13.525470775520994,58.742908305288168,4.05502916121306,0.58828095191855445,25.61607711330733,3.5926442821680893,34.405060186104997,62.926925935043386,161.07307406495661,49.294551322469559,1859.7054486775294,1859.7054486775294,1910.4026077779961,1405.5973922220039,1405.5973922220039,16.600000000000001
207,12,46.188349787279655,13.540997107067872,58.645240942058543,4.0497233615689243,0.58659888400096805,25.634330860082468,3.5937154208291804,34.490390531460115,62.684386401815502,161.31561359818448,48.749362326781657,1860.2506376732174,1860.2506376732174,1907.7915798739004,1408.2084201260993,1408.2084201260993,16.600000000000001
207.25,12,46.161606211924877,13.556548204129191,58.547624101969035,4.044441373306519,0.58493077556245321,25.65247343507685,3.5947840299616751,34.575746284123667,62.442622671698452,161.55737732830153,48.209849451798469,1860.7901505482005,1860.7901505482005,1905.1833447257507,1410.8166552742491,1410.8166552742491,16.600000000000001
207.5,12,46.13491125869011,13.572124084192819,58.450057895574737,4.0391830088171243,0.58327648376954178,25.670505164530294,3.595850063826922,34.661127383481578,62.201633915124788,161.7983660848752,47.675959810014717,1861.3240401899841,1861.3240401899841,1902.577902486679,1413.4220975133208,1413.4220975133208,16.600000000000001
207.75,12,46.108264914327229,13.587724763932622,58.352542433724714,4.0339480814853301,0.58163586725416405,25.688426373000546,3.5969134767017041,34.746533767833739,61.961419286714808,162.03858071328517,47.147640902904946,1861.852359097094,1861.852359097094,1899.9752533316923,1416.0247466683074,1416.0247466683074,16.600000000000001
208,12,46.081667165624317,13.603350259223914,58.255077827566396,4.0287364056930999,0.58000878610176554,25.70623738335679,3.5979742228877023,34.831965374394443,61.721977925464508,162.27802207453547,46.624840619839098,1862.3751593801599,1862.3751593801599,1897.3753974574659,1418.6246025425341,1418.6246025425341,16.600000000000001
208.25,12,46.055117999404523,13.619000585158673,58.157664188549745,4.0235477968236042,0.57839510183945275,25.723938516773632,3.5990322567207076,34.917422139293066,61.483308954932234,162.51669104506774,46.107507236968281,1862.8924927630308,1862.8924927630308,1894.7783350821308,1421.221664917869,1421.221664917869,16.600000000000001
208.5,12,46.028617402524937,13.634675756060519,58.060301628431233,4.0183820712648215,0.57679467742417134,25.741530092725441,3.6000875325795869,35.002903997574947,61.245411483424022,162.75458851657595,45.595589416081701,1863.4044105839173,1863.4044105839173,1892.1840664450574,1423.8159335549424,1423.8159335549424,16.600000000000001
208.75,12,46.002165361875413,13.6503757855017,57.96299025927734,4.0132390464126146,0.57520737722811344,25.759012428982054,3.6011400048968683,35.08841088320321,61.008284604183423,162.99171539581658,45.089036203175567,1863.9109637968234,1863.9109637968234,1889.592591806552,1426.407408193448,1426.407408193448,16.600000000000001
209,12,45.975761864377525,13.666100686318099,57.865730193468167,4.0081185406738236,0.57363306702637751,25.776385841604068,3.6021896281676189,35.173942729060144,60.771927395575489,163.22807260442451,44.587797027200011,1864.4122029727989,1864.4122029727989,1887.0039114476097,1428.9960885523901,1428.9960885523901,16.600000000000001
209.25,12,45.949406896983525,13.681850470619697,57.76852154370156,4.0030203734697647,0.57207161399016326,25.79365064493674,3.603236356954457,35.25949946694751,60.536338921258448,163.46366107874155,44.091821699287856,1864.9081783007111,1864.9081783007111,1884.4180256698337,1431.5819743301663,1431.5819743301663,16.600000000000001
209.5,12,45.923100446675285,13.697625149806841,57.67136442299617,3.9979443652386522,0.57052288667234363,25.81080715160677,3.604280145897405,35.345081027588854,60.301518230369552,163.69848176963043,43.601060411248504,1865.3989395887504,1865.3989395887504,1881.8349347951157,1434.1650652048841,1434.1650652048841,16.600000000000001
209.75,12,45.896842500463237,13.713424734584294,57.57425894469462,3.9928903374381099,0.56898675499564344,25.827855672518613,3.6053209497218286,35.43068734063138,60.067464357704594,163.93253564229542,43.115463734273774,1865.8845362657253,1865.8845362657253,1879.2546391653955,1436.7453608346045,1436.7453608346045,16.600000000000001
210,12,45.870633045385411,13.729249234975041,57.477205222466566,3.9878581125474715,0.56746309024087693,25.84479651685109,3.606358723246144,35.516318334648055,59.834176323895939,164.16582367610405,42.634982617620956,1866.365017382378,1866.365017382378,1876.6771391424109,1439.3228608575891,1439.3228608575891,16.600000000000001
210.25,12,45.844472068506441,13.745098660333905,57.380203370311555,3.9828475140698845,0.56595176503523226,25.861629992054432,3.6073934213893137,35.601973937139775,59.601653135589494,164.39834686441051,42.159568387272145,1866.8404316127269,1866.8404316127269,1874.1024351074498,1441.8975648925502,1441.8975648925502,16.600000000000001
210.5,12,45.818359556916576,13.760973019360923,57.283253502561863,3.9778583665342104,0.5644526533406049,25.878356403847583,3.6084249991781348,35.687654074537804,59.369893785620341,164.63010621437965,41.689172744571067,1867.310827255428,1867.310827255428,1871.5305274610955,1444.4694725389043,1444.4694725389043,16.600000000000001
210.75,12,45.792295497730791,13.776872320115537,57.186355733884547,3.9728904954965962,0.56296563044027703,25.894976056216695,3.6094534117546058,35.773358672207472,59.138897253190571,164.86110274680945,41.223747764640152,1867.7762522353587,1867.7762522353587,1868.961416622891,1447.0385833771088,1447.0385833771088,16.600000000000001
211,12,45.766279878087857,13.792796570030658,57.08951017928343,3.9679437275418401,0.561490572925467,25.911489251414064,3.6104786143831284,35.85908765445226,58.908662504046241,165.09133749595378,40.763245894755443,1868.2367541052436,1868.2367541052436,1866.3951030309886,1449.6048969690112,1449.6048969690112,16.600000000000001
211.25,12,45.740312685149419,13.808745775922503,56.992716954102875,3.9630178902851361,0.5600273586888419,25.927896289953996,3.6115005624563339,35.944840944513004,58.679188490639099,165.32081150936094,40.307619953500186,1868.6923800464988,1868.6923800464988,1863.8315871421285,1452.1684128578715,1452.1684128578715,16.600000000000001
211.5,12,45.714393906099055,13.824719944004539,56.895976174029336,3.95811281237303,0.55857586691069472,25.944197470612576,3.61251921150197,36.030618464572591,58.450474152302078,165.54952584769794,39.856823129042958,1869.143176870956,1869.143176870956,1861.2708694312623,1454.7291305687374,1454.7291305687374,16.600000000000001
211.75,12,45.688523528141495,13.840719079899966,56.799287955093313,3.9532283234843701,0.55713597804730508,25.960393090426756,3.613534517189235,36.116420135759213,58.222518415419174,165.77748158458084,39.410808977642567,1869.5891910223565,1869.5891910223565,1858.7129503912772,1457.2870496087228,1457.2870496087228,16.600000000000001
212,12,45.662701538501722,13.856743188653986,56.702652413671373,3.9483642543310915,0.55570757381945213,25.976483444693635,3.6145464353349124,36.202245878149732,57.995320193593976,166.00467980640605,38.969531422144961,1870.0304685778542,1870.0304685778542,1856.1578305327178,1459.8421694672822,1459.8421694672822,16.600000000000001
212.25,12,45.636927924424171,13.872792274745818,56.606069666487834,3.9435204366588232,0.55429053720098642,25.992468826970089,3.6155549219093164,36.288095610773141,57.768878387816883,166.23112161218313,38.532944750461965,1870.467055249537,1870.467055249537,1853.6055103835126,1462.3944896164874,1462.3944896164874,16.600000000000001
212.5,12,45.611202673171881,13.888866342100561,56.509539830616504,3.9386967032473335,0.55288475240746549,26.008349529072646,3.6165599330420615,36.373969251614177,57.543191886631227,166.45680811336879,38.101003614032656,1870.8989963859663,1870.8989963859663,1851.0559904886939,1464.9440095113059,1464.9440095113059,16.600000000000001
212.75,12,45.585525772025754,13.904965394101433,56.413063023481847,3.9338928879108215,0.5514901048837616,26.024125841078117,3.6175614250272958,36.45986671761834,57.318259566299616,166.68174043370041,37.673663026136794,1871.3263369738622,1871.3263369738622,1848.5092714100522,1467.4907285899476,1467.4907285899476,16.600000000000001
213,12,45.559897208283786,13.92108943360274,56.316639362859618,3.9291088254980702,0.55010648129015194,26.039798051325146,3.6185593543282422,36.545787924698963,57.094080290971625,166.90591970902838,37.250878360001195,1871.7491216399978,1871.7491216399978,1845.9653537256893,1470.0346462743105,1470.0346462743105,16.600000000000001
213.25,12,45.534316969260246,13.937238462938296,56.220268966879694,3.9243443518923371,0.54873376949617048,26.055366446412844,3.6195536775840833,36.631732787735061,56.870652912838608,167.12934708716142,36.832605347818031,1872.167394652181,1872.167394652181,1843.4242380300468,1472.575761969953,1472.575761969953,16.600000000000001
213.5,12,45.508785042284941,13.953412483933613,56.123951954026722,3.9195993040111872,0.54737185856752257,26.070831311202625,3.6205443516143876,36.717701220577752,56.647976272297832,167.35202372770217,36.418800078904127,1872.5811999210948,1872.5811999210948,1840.8859249334987,1475.1140750665011,1475.1140750665011,16.600000000000001
213.75,12,45.483301414702538,13.96961149791697,56.027688443141052,3.9148735198061568,0.54602063875468609,26.086192928819543,3.621531333423897,36.803693136054861,56.426049198113056,167.57395080188695,36.009418998041149,1872.9905810019577,1872.9905810019577,1838.3504150620472,1477.6495849379526,1477.6495849379526,16.600000000000001
214,12,45.45786607387177,13.985835505730181,55.931478553419687,3.9101668382622643,0.54468000148180329,26.101451580653872,3.6225145802072216,36.889708445975344,56.204870507573375,167.79512949242664,35.604418903828517,1873.3955810961706,1873.3955810961706,1835.8177090570268,1480.1822909429732,1480.1822909429732,16.600000000000001
214.25,12,45.432479007164822,14.002084507739179,55.835322404417141,3.9054790993973825,0.54334983933563807,26.116607546362864,3.6234940493533738,36.975747061133788,55.984439006651094,168.01556099334891,35.20375694702291,1873.796243052976,1873.796243052976,1833.2878075748108,1482.7121924251892,1482.7121924251892,16.600000000000001
214.5,12,45.407140201966605,14.01835850384442,55.739220116046155,3.9008101442614733,0.54203004605460581,26.131661103872791,3.6244696984501421,37.061808891315025,55.764753490158242,168.23524650984177,34.807390628865093,1874.192609371134,1874.192609371134,1830.7607112865155,1485.2392887134843,1485.2392887134843,16.600000000000001
214.75,12,45.38184964567408,14.034657493491336,55.643171808578096,3.8961598149353769,0.54072051651731157,26.14661252938177,3.6254414852884587,37.14789384529918,55.545812741903099,168.45418725809691,34.415277799313301,1874.5847222006857,1874.5847222006857,1828.2364208776803,1487.7635791223195,1487.7635791223195,16.600000000000001
215,12,45.356607325695776,14.050981475681565,55.547177602642435,3.891527954528359,0.5394211467291099,26.161462097365074,3.6264093678671734,37.234001830868046,55.327615534849826,168.67238446515017,34.027376654967028,1874.9726233450319,1874.9726233450319,1825.7149370478567,1490.2850629521431,1490.2850629521431,16.600000000000001
215.25,12,45.331413229450909,14.067330448981005,55.451237619228792,3.8869144071791126,0.53813183381533214,26.176210080573522,3.6273733043958942,37.320132754807538,55.110160631263206,168.8898393687368,33.643645737937462,1875.3563542620614,1875.3563542620614,1823.196260510485,1492.8037394895148,1492.8037394895148,16.600000000000001
215.5,12,45.306267344368898,14.083704411530045,55.355351979686802,3.8823190180538054,0.5368524760093869,26.190856750037749,3.6283332532990871,37.406286522913362,54.893446782862988,169.10655321713705,33.264043933952209,1875.7359560660468,1875.7359560660468,1820.6803919925476,1495.3196080074524,1495.3196080074524,16.600000000000001
215.75,12,45.281169657888718,14.100103361053273,55.259520805726154,3.8777416333444288,0.53558297264171539,26.205402375071753,3.6292891732198269,37.492463039996316,54.677472730975452,169.32252726902456,32.888530470563367,1876.1114695294355,1876.1114695294355,1818.1673322342508,1497.832667765749,1497.832667765749,16.600000000000001
216,12,45.256120157458312,14.116527294868861,55.163744219416706,3.8731821002671998,0.53432322412914746,26.219847223276364,3.6302410230233209,37.578662209887455,54.462237206683135,169.53776279331689,32.517064915393433,1876.4829350846055,1876.4829350846055,1815.6570819887249,1500.3429180112751,1500.3429180112751,16.600000000000001
216.25,12,45.231118830534029,14.132976209897771,55.068022343188524,3.8686402670608455,0.53307313196433126,26.234191560542907,3.6311887618002969,37.664883935443285,54.247738930973341,169.75226106902667,32.14960717437183,1876.8503928256271,1876.8503928256271,1813.1496420217227,1502.8503579782771,1502.8503579782771,16.600000000000001
216.5,12,45.206165664580034,14.149450102672814,54.972355299831804,3.864115982984774,0.53183259870524013,26.248435651057015,3.6321323488702641,37.751128118551087,54.033976614885596,169.96602338511443,31.786117489963075,1877.213882510036,1877.213882510036,1810.6450131113197,1505.3549868886801,1505.3549868886801,16.600000000000001
216.75,12,45.181260647067795,14.165948969347623,54.876743212496578,3.859609098317053,0.53060152796446503,26.262579757302952,3.6330717437844684,37.83739466013467,53.820948959658224,170.17905104034176,31.426556439341709,1877.5734435606573,1877.5734435606573,1808.1431960475941,1507.8568039524057,1507.8568039524057,16.600000000000001
217,12,45.156403765475581,14.18247280570629,54.781186204691295,3.8551194643517088,0.52937982439632247,26.276624140069977,3.6340069063273415,37.923683460163538,53.608654656877157,170.39134534312282,31.070884932209069,1877.92911506779,1877.92911506779,1805.6441916321469,1510.3558083678531,1510.3558083678531,16.600000000000001
217.25,12,45.131595007287885,14.199021607170746,54.685684400284025,3.8506469333973961,0.52816739368985444,26.290569058453997,3.6349377965213745,38.009994417653537,53.397092388615143,170.60290761138486,30.719064209504296,1878.2809357904948,1878.2809357904948,1803.1480006780344,1512.8519993219656,1512.8519993219656,16.600000000000001
217.5,12,45.106834359994878,14.21559536880936,54.590237923501782,3.8461913587749823,0.52696414255804258,26.304414769862618,3.6358643746295098,38.096327430673256,53.186260827575502,170.8137391724245,30.371055841509758,1878.6289441584893,1878.6289441584893,1800.6546240094269,1515.3453759905728,1515.3453759905728,16.600000000000001
217.75,12,45.082121811091938,14.232194085345377,54.494846898929787,3.8417525948150426,0.52576997872713938,26.31816153002039,3.6367866011574446,38.18268239635038,52.976158637234548,171.02384136276547,30.026821725956076,1878.973178274043,1878.973178274043,1798.1640624612737,1517.8359375387263,1517.8359375387263,16.600000000000001
218,12,45.057457348079147,14.248817751165015,54.399511451510904,3.8373304968553699,0.5245848109265413,26.331809592973809,3.6377044368560969,38.269059210877465,52.76678447198227,171.23321552801772,29.686324086193178,1879.3136759138058,1879.3136759138058,1795.6763168789985,1520.3236831210013,1520.3236831210013,16.600000000000001
218.25,12,45.032840958460852,14.265466360325433,54.304231706544904,3.8329249212383956,0.52340854887873889,26.345359211096458,3.6386178427239568,38.355457769517734,52.558136977261924,171.44186302273809,29.349525469355694,1879.6504745306434,1879.6504745306434,1793.1913881181993,1522.8086118818007,1522.8086118818007,16.600000000000001
218.5,12,45.008272629745171,14.282139906562527,54.209007789687796,3.8285357253085173,0.5222411032893457,26.358810635094319,3.6395267800093265,38.441877966610882,52.350214789708438,171.64978521029155,29.016388744523351,1879.9836112554758,1879.9836112554758,1790.7092770443451,1525.2907229556547,1525.2907229556547,16.600000000000001
218.75,12,44.98375234944352,14.2988383832986,54.11383982695088,3.8241627674092622,0.52108238583709188,26.372164114011401,3.6404312102124168,38.528319695579135,52.143016537285931,171.85698346271403,28.686877100856712,1880.3131228991422,1880.3131228991422,1788.2299845324721,1527.7700154675276,1527.7700154675276,16.600000000000001
219,12,44.95928010507032,14.315561783650477,54.018727944698817,3.8198059068790298,0.51993230916190414,26.385419895238151,3.6413310950867159,38.614782848935576,51.936540839427366,172.06345916057262,28.360954045379192,1880.6390459546199,1880.6390459546199,1785.7535114667555,1530.2464885332442,1530.2464885332442,16.600000000000001
219.25,12,44.934855884142387,14.332310100436212,53.923672269649771,3.8154650040496456,0.51879078685739,26.398578224514242,3.6422263966415978,38.701267318287542,51.730786307166021,172.26921369283397,28.038583401513723,1880.9614165984851,1880.9614165984851,1783.279858740347,1532.720141259653,1532.720141259653,16.600000000000001
219.5,12,44.910479674178589,14.349083326182283,53.828672928874504,3.811139920243368,0.51765773346122113,26.411639345934418,3.6431170771441512,38.787772994342525,51.525751543269465,172.47424845673052,27.719729307233269,1881.280270692766,1881.280270692766,1780.809027255081,1535.1909727449188,1535.1909727449188,16.600000000000001
219.75,12,44.886151462699388,14.365881453130841,53.733730049794893,3.80683051776938,0.5165330644449263,26.424603501955346,3.6440030991207033,38.874299766914945,51.321435142373531,172.67856485762644,27.404356213091347,1881.5956437869077,1881.5956437869077,1778.3410179211435,1537.6589820788563,1537.6589820788563,16.600000000000001
220,12,44.861871237226474,14.382704473246628,53.638843760182766,3.8025366599205608,0.51541669620431785,26.437470933401894,3.6448844253584167,38.960847524932234,51.117835691114195,172.88216430888579,27.092428880346397,1881.9075711196526,1881.9075711196526,1775.8758316567712,1540.1241683432286,1540.1241683432286,16.600000000000001
220.25,12,44.837638985282389,14.399552378223804,53.54401418815867,3.7982582109701979,0.51430854604999432,26.450241879473491,3.6457610189067955,39.047416156441038,50.914951768258533,173.08504823174144,26.783912379083652,1882.2160876209155,1882.2160876209155,1773.4134693879585,1542.5865306120413,1542.5865306120413,16.600000000000001
220.5,12,44.813454694390096,14.416425159492594,53.449241462190528,3.793995036168611,0.51320853219792439,26.462916577750654,3.6466328430790935,39.134005548613374,50.712781944834454,173.28721805516551,26.47877208633497,1882.521227913664,1882.521227913664,1770.9539320481599,1545.0460679518399,1545.0460679518399,16.600000000000001
220.75,12,44.789318352072655,14.433322808225812,53.354525711092307,3.7897470017396948,0.51211657376008191,26.475495264201641,3.6474998614536212,39.220615587752846,50.511324784259529,173.48867521574044,26.176973684191143,1882.823026315808,1882.823026315808,1768.497220577998,1547.5027794220018,1547.5027794220018,16.600000000000001
221,12,44.765229945852923,14.450245315345381,53.259867064021449,3.7855139748761424,0.51103259073366558,26.487978173191767,3.6483620378739672,39.30724615930319,50.31057884247101,173.68942115752898,25.878483157599433,1883.1215168423996,1883.1215168423996,1766.0433359248595,1549.9566640751402,1549.9566640751402,16.600000000000001
221.25,12,44.741189463253164,14.467192671528489,53.165265650478332,3.7812958237368788,0.50995650399312575,26.500365537488225,3.649219336450952,39.39389714785267,50.110542668050527,173.88945733194944,25.583266792732054,1883.4167332072673,1883.4167332072673,1763.5922790426951,1552.4077209573047,1552.4077209573047,16.600000000000001
221.5,12,44.717196891794615,14.484164867213673,53.070721600305035,3.7770924174438734,0.50888823528159921,26.512657588266123,3.650071721564049,39.48056843713951,49.91121480234883,174.08878519765113,25.291291175212884,1883.7087088247863,1883.7087088247863,1761.1440508917688,1554.855949108231,1554.855949108231,16.600000000000001
221.75,12,44.69325221899723,14.501161892606865,52.976235043683339,3.7729036260779103,0.50782770720124915,26.524854555116629,3.6509191578619462,39.567259910059107,49.71259377961124,174.28740622038873,25.002523188097623,1883.9974768119014,1883.9974768119014,1758.6986524383267,1557.3013475616733,1557.3013475616733,16.600000000000001
222,12,44.669355432379334,14.518183737687259,52.881806111133031,3.7687293206747836,0.50677484320426402,26.536956666054245,3.6517616102634149,39.653971448670447,49.514678127101227,174.48532187289874,24.716930009975702,1884.2830699900235,1884.2830699900235,1756.256084654309,1559.743915345691,1559.743915345691,16.600000000000001
222.25,12,44.645506519457307,14.535230392213064,52.787434933510212,3.7645693732214358,0.5057295675839375,26.548964147524128,3.6525990439581011,39.740702934202375,49.317466365222941,174.68253363477703,24.434479113072189,1884.5655208869271,1884.5655208869271,1753.8163485170639,1562.1836514829358,1562.1836514829358,16.600000000000001
222.5,12,44.621705467745308,14.552301845727115,52.693121642005451,3.7604236566520459,0.50469180546582593,26.560877224409577,3.6534314244072417,39.827454247060039,49.120957007642602,174.87904299235737,24.155138261350331,1884.8448617386489,1884.8448617386489,1751.3794450090629,1564.6205549909371,1564.6205549909371,16.600000000000001
222.75,12,44.59795226475493,14.569398087562375,52.598866368142048,3.7562920448440575,0.50366148279898482,26.572696120039538,3.6542587173443133,39.914225266831252,48.925148561409024,175.07485143859094,23.878875508614648,1885.1211244913848,1885.1211244913848,1748.9453751176193,1567.0546248823807,1567.0546248823807,16.600000000000001
223,12,44.574246897994968,14.586519106847426,52.504669243773172,3.7521744126131051,0.50263852634601058,26.584421056198376,3.6550808887744477,40.001015872295078,48.730039527074481,175.2699604729255,23.605659196342096,1885.3943408036573,1885.3943408036573,1746.5141398345099,1569.4858601654898,1569.4858601654898,16.600000000000001
223.25,12,44.55058935497118,14.603664892511654,52.410530401080457,3.7480706357094364,0.50162286367502584,26.59605225313258,3.655897904975479,40.087825941427205,48.535628398812435,175.46437160118751,23.335457951914563,1885.664542048085,1885.664542048085,1744.0857401557444,1571.9142598442556,1571.9142598442556,16.600000000000001
223.5,12,44.526979623185873,14.620835433290321,52.316449972572734,3.7439805908147257,0.50061442315226434,26.607589929556696,3.6567097324993818,40.174655351404382,48.341913664533635,175.65808633546632,23.068240686964401,1885.9317593130347,1885.9317593130347,1741.6601770813718,1574.339822918628,1574.339822918628,16.600000000000001
223.75,12,44.503417690137681,14.638030717729627,52.222428091083522,3.7399041555372432,0.49961313393281453,26.619034302662516,3.6575163381719187,40.261503978612168,48.148893806003422,175.85110619399654,22.803976595310719,1886.1960234046885,1886.1960234046885,1739.2374516151494,1576.7625483848503,1576.7625483848503,16.600000000000001
224,12,44.479903543321321,14.655250734191647,52.128464889768914,3.7358412084076211,0.49861892595220314,26.630385588127094,3.6583176890929052,40.348371698651448,47.956567298957196,176.04343270104275,22.542635151060903,1886.4573648489384,1886.4573648489384,1736.8175647642652,1579.1824352357346,1579.1824352357346,16.600000000000001
224.25,12,44.456437170227332,14.672495470859102,52.034560502105478,3.7317916288745741,0.49763172991805577,26.64164400012082,3.6591137526364204,40.435258386344834,47.76493261321486,176.23506738678509,22.2841861067146,1886.7158138932848,1886.7158138932848,1734.4005175390662,1581.5994824609336,1581.5994824609336,16.600000000000001
224.5,12,44.433018558341828,14.68976491574008,51.940715061888113,3.7277552973005834,0.49665147730183612,26.652809751315562,3.6599044964509502,40.522163915743135,47.573988212794234,176.42601178720574,22.0285994912707,1886.9714005087287,1886.9714005087287,1731.9863109527901,1584.0136890472099,1584.0136890472099,16.600000000000001
224.75,12,44.409647695146234,14.707059056672582,51.846928703227839,3.7237320949575503,0.49567810033066467,26.663883052892853,3.6606898884594847,40.609088160131797,47.38373255602356,176.6162674439764,21.775845608337594,1887.2241543916616,1887.2241543916616,1729.5749460212949,1586.4250539787049,1586.4250539787049,16.600000000000001
225,12,44.386324568117118,14.724377881328994,51.7532015605494,3.7197219040222049,0.49471153197904927,26.674864114552513,3.6614698968593919,40.696030992037628,47.1941640956532,176.80583590434676,21.52589503420457,1887.4741049657946,1887.4741049657946,1727.1664237627842,1588.8335762372158,1588.8335762372158,16.600000000000001
225.25,12,44.36304916472605,14.741721377220198,51.659533768587472,3.7157246075694141,0.49375170595900908,26.685753144525211,3.6622444901206386,40.782992283238443,47.005281278968539,176.99471872103143,21.278718615486667,1887.7212813845126,1887.7212813845126,1724.7607451973961,1591.2392548026039,1591.2392548026039,16.600000000000001
225.5,12,44.339821472439226,14.759089531700134,51.565925462386303,3.7117400895705726,0.49279855671442957,26.696550349575521,3.6630136369879174,40.869971904765443,46.81708254789659,177.18291745210337,21.034287467834194,1887.9657125321653,1887.9657125321653,1722.357911347126,1593.6420886528738,1593.6420886528738,16.600000000000001
225.75,12,44.316641478717237,14.776482331969923,51.472376777297136,3.7077682348887597,0.49185201941289575,26.707255935011066,3.6637773064802439,40.956969726910081,46.629566339114831,177.37043366088514,20.792572973982686,1888.2074270260168,1888.2074270260168,1719.9579232355461,1596.0420767644537,1596.0420767644537,16.600000000000001
226,12,44.293509171014939,14.793899765081854,51.378887848975481,3.7038089292736842,0.49091202993744354,26.717870104691968,3.6645354678903579,41.04398561923125,46.442731084159547,177.55726891584041,20.553546781766613,1888.4464532182326,1888.4464532182326,1717.5607818875155,1598.4392181124845,1598.4392181124845,16.600000000000001
226.25,12,44.270424536781192,14.811341817943335,51.285458813378639,3.6998620593570783,0.48997852487878357,26.72839306103949,3.6652880907844527,41.131019450561737,46.256575209532514,177.74342479046746,20.317180802238628,1888.6828191977606,1888.6828191977606,1715.1664883289216,1600.8335116710782,1600.8335116710782,16.600000000000001
226.5,12,44.247387563458737,14.82880847732074,51.192089806763263,3.6959275126480766,0.48905144152759888,26.738825005044731,3.6660351450018562,41.218071089014657,46.071097136806799,177.92890286319314,20.083447207793334,1888.9165527922059,1888.9165527922059,1712.775043586427,1603.2249564135727,1603.2249564135727,16.600000000000001
226.75,12,44.2243982384839,14.846299729843169,51.098780965682842,3.6920051775285634,0.48813071786691903,26.749166136277324,3.6667766006546731,41.305140401989867,45.886295282731645,178.11370471726832,19.852318430295785,1889.1476815697035,1889.1476815697035,1710.3864486872176,1605.6135513127822,1605.6135513127822,16.600000000000001
227,12,44.201456549286512,14.863815562006092,51.005532426985134,3.6880949432485073,0.48721629256456817,26.759416652894203,3.6675124281273783,41.392227256180398,45.702168059336401,178.29783194066357,19.623767159215173,1889.3762328407843,1889.3762328407843,1708.0007046587532,1607.9992953412466,1607.9992953412466,16.600000000000001
227.25,12,44.178562483289681,14.881355960174758,50.912344327809265,3.6841966999206894,0.4863081049653068,26.769576751649442,3.6682425980757878,41.479331517579695,45.51871387403385,178.48128612596611,19.397766339644537,1889.6022336603548,1889.6022336603548,1705.6178125284848,1610.382187471515,1610.382187471515,16.600000000000001
227.5,12,44.155716027909776,14.898920910587336,50.819216805582258,3.6803103385148646,0.48540609508267746,26.779646627905226,3.6689670814254165,41.566453051489745,45.335931129723036,178.66406887027691,19.174289170210777,1889.8257108297887,1889.8257108297887,1703.237773323538,1612.7622266764618,1612.7622266764618,16.600000000000001
227.75,12,44.132917170555984,14.916510399358986,50.72614999801818,3.6764357508554415,0.48451020359327129,26.789626475636194,3.6696858493734115,41.653591722523686,45.153818224888902,178.84618177511106,18.953309101721992,1890.0466908982773,1890.0466908982773,1700.8605880706259,1615.1394119293739,1615.1394119293739,16.600000000000001
228,12,44.110165898630299,14.934124412484852,50.633144043114825,3.6725728296157429,0.48362037182880846,26.799516487440187,3.6703988733869704,41.740747394613656,44.972373553703129,179.02762644629684,18.734799835116231,1890.265200164883,1890.265200164883,1698.4862577957458,1617.513742204254,1617.513742204254,16.600000000000001
228.25,12,44.087462199527288,14.951762935843227,50.540199079150895,3.6687214683131053,0.48273654176886299,26.809316854547401,3.6711061252026034,41.82791993101732,44.791595506123628,179.20840449387634,18.518735319593922,1890.4812646804055,1890.4812646804055,1696.1147835239358,1619.885216476064,1619.885216476064,16.600000000000001
228.5,12,44.064806060634005,14.969425955198659,50.447315244683338,3.6648815613040591,0.48185865603371691,26.819027766829446,3.6718075768254455,41.915109194324181,44.611482467993,179.38851753200694,18.305089750774407,1890.6949102492251,1890.6949102492251,1693.7461662790365,1622.2538337209633,1622.2538337209633,16.600000000000001
228.75,12,44.042197469329786,14.98711345620495,50.354492678544545,3.6610530037794922,0.48098665787728684,26.828649412808364,3.6725032005285403,42.002315046461959,44.43203282113604,179.56796717886394,18.093837568858664,1890.9061624311407,1890.9061624311407,1691.3804070834585,1624.6195929165415,1624.6195929165415,16.600000000000001
229,12,44.019636412986131,15.004825424408098,50.261731519839643,3.6572356917598081,0.48012049118012223,26.83818197966572,3.6731929688520886,42.089537348702812,44.253244943456536,179.74675505654341,17.884953456798545,1891.1150465432008,1891.1150465432008,1689.0175069579504,1626.9824930420493,1626.9824930420493,16.600000000000001
229.25,12,43.997122878966536,15.022561845249133,50.169031907943655,3.653429522090069,0.47926010044247525,26.847625653251672,3.6738768546026659,42.176775961669648,44.075117209033003,179.92488279096696,17.678412338472576,1891.3215876615268,1891.3215876615268,1686.657466921371,1629.3425330786288,1629.3425330786288,16.600000000000001
229.5,12,43.974656854626446,15.040322704066492,50.076393982497805,3.6496343924336738,0.47840543077661257,26.85698061809666,3.6745548308511604,42.264030745344265,43.89764798821426,180.10235201178568,17.474189376593777,1891.5258106234055,1891.5258106234055,1684.3002879903866,1631.6997120096132,1631.6997120096132,16.600000000000001
229.75,12,43.952238327313118,15.058107986098859,49.983817883407035,3.6458502012680856,0.47755642790036462,26.866247057419454,3.6752268709324447,42.351301559072802,43.720835647713201,180.27916435228673,17.272259971011231,1891.7277400289881,1891.7277400289881,1681.9459711792783,1634.0540288207214,1634.0540288207214,16.600000000000001
230,12,43.929867284365343,15.075917676488155,49.891303750838084,3.6420768478813481,0.47671303813119326,26.875425153133843,3.6758929484456968,42.438588261570011,43.54467855069943,180.45532144930053,17.07259975716719,1891.9274002428324,1891.9274002428324,1679.594517499796,1636.405482500204,1636.405482500204,16.600000000000001
230.25,12,43.907543713113391,15.093751760281798,49.798851725215989,3.6383142323662327,0.47587520837898867,26.884515085859476,3.6765530372526722,42.525890710926831,43.369175056891962,180.630824943108,16.875184604117273,1892.124815395882,1892.124815395882,1677.2459279608881,1638.7540720391116,1638.7540720391116,16.600000000000001
230.5,12,43.885267600878898,15.111610222435132,49.706461947221172,3.6345622556152968,0.47504288613945572,26.893517034931101,3.6772071114767355,42.613208764616417,43.194323522650755,180.80567647734918,16.67999061273018,1892.3200093872692,1892.3200093872692,1674.9002035684855,1641.0997964315143,1641.0997964315143,16.600000000000001
230.75,12,43.863038934974739,15.129493047813806,49.614134557786528,3.630820819315939,0.47421601948756692,26.902431178407834,3.6778551455018671,42.700542279500453,43.020122301067317,180.97987769893265,16.486994113894585,1892.5130058861048,1892.5130058861048,1672.5573453252837,1643.4426546747161,1643.4426546747161,16.600000000000001
231,12,43.840857702704902,15.147400221196042,49.521869698094427,3.6270898259454576,0.47339455707108397,26.911257693082401,3.6784971139716478,42.787891111835165,42.846569742054506,181.15343025794544,16.296171666733475,1892.7038283332658,1892.7038283332658,1670.2173542305329,1645.7826457694671,1645.7826457694671,16.600000000000001
231.25,12,43.818723891364371,15.165331727274863,49.429667509573825,3.6233691787661031,0.4725784481041464,26.919996754490395,3.6791329917882218,42.87525511727749,42.673664192435517,181.32633580756442,16.107500056826101,1892.8924999431731,1892.8924999431731,1667.880231279825,1648.119768720175,1648.119768720175,16.600000000000001
231.5,12,43.79663748823905,15.183287550660182,49.337528133897116,3.6196587818199921,0.47176764236087121,26.928648536919788,3.6797627541111102,42.962634150891304,42.50140399603201,181.49859600396795,15.920956294412923,1893.0790437055866,1893.0790437055866,1665.5459774648832,1650.4540225351168,1650.4540225351168,16.600000000000001
231.75,12,43.774598480605732,15.20126767588016,49.245451712976127,3.6159585399224468,0.47096209016840085,26.937213213423142,3.680386376354591,43.05002806715548,42.329787493751574,181.67021250624836,15.736517612333545,1893.263482387666,1893.263482387666,1663.214593773278,1652.785406226722,1652.785406226722,16.600000000000001
232,12,43.752606855731869,15.219272087384091,49.153438388960403,3.6122683586591493,0.47016174240151248,26.94569095582326,3.6810038341884828,43.137436719967376,42.158813023674014,181.84118697632593,15.554161464637387,1893.4458385353621,1893.4458385353621,1660.8860811883203,1655.1139188116797,1655.1139188116797,16.600000000000001
232.25,12,43.730662600875476,15.237300769544229,49.061488304234047,3.608588144380982,0.46936655047638232,26.954081934722815,3.6816151035368283,43.224859962649134,41.988478921136966,182.01152107886298,15.373865524797729,1893.6261344752018,1893.6261344752018,1658.5604406888526,1657.4395593111471,1657.4395593111471,16.600000000000001
232.5,12,43.708765703285053,15.255353706657493,48.969601601412428,3.6049178041986569,0.46857646634433253,26.962386319514351,3.6822201605763683,43.312297647954047,41.81878351882083,182.18121648117909,15.195607683897212,1893.8043923161024,1893.8043923161024,1656.2376732490329,1659.7623267509668,1659.7623267509668,16.600000000000001
232.75,12,43.686916150199494,15.273430882947249,48.877778423339095,3.6012572459777372,0.46779144248579207,26.970604278389615,3.6828189817353487,43.399749628072598,41.6497251468328,182.35027485316715,15.019366048888218,1893.9806339511115,1893.9806339511115,1653.9177798381374,1662.0822201618623,1662.0822201618623,16.600000000000001
233,12,43.665113928847973,15.291532282565038,48.7860189130827,3.5976063783336607,0.46701143190432198,26.97873597834889,3.6834115436923054,43.487215754638306,41.48130213279012,182.51869786720982,14.845118940861481,1894.1548810591382,1894.1548810591382,1651.6007614203688,1664.3992385796309,1664.3992385796309,16.600000000000001
233.25,12,43.6433590264499,15.309657889592224,48.694323213933906,3.5939651106267712,0.46623638812070334,26.986781585210284,3.6839978233748423,43.574695878733678,41.313512801902469,182.6864871980975,14.672844893323058,1894.3271551066764,1894.3271551066764,1649.2866189546642,1666.7133810453356,1666.7133810453356,16.600000000000001
233.5,12,43.621651430214762,15.327807688041604,48.602691469402266,3.5903333529573613,0.46546626516708822,26.994741263619066,3.6845777979583878,43.662189850896013,41.146355477053682,182.85364452294627,14.502522650479859,1894.4974773495196,1894.4974773495196,1646.9753533945077,1669.0246466054923,1669.0246466054923,16.600000000000001
233.75,12,43.599991127342122,15.345981661858689,48.511123823212813,3.5867110161602485,0.4647010175810582,27.002615177057766,3.6851514448644607,43.749697521123835,40.97982847888251,183.02017152111745,14.334131165448159,1894.6658688345512,1894.6658688345512,1644.6669656877229,1671.3330343122768,1671.3330343122768,16.600000000000001
234,12,43.578378105021592,15.364179794922661,48.419620419302262,3.58309801179883,0.46394060039956747,27.010403487857236,3.685718741758373,43.837218738883919,40.813930125862541,183.18606987413742,14.167649598373639,1894.8323504016259,1894.8323504016259,1642.3614567762465,1673.6385432237532,1673.6385432237532,16.600000000000001
234.25,12,43.556812350432587,15.382402071048871,48.32818140181724,3.579494252162216,0.46318496915396196,27.01810635720225,3.6862796665500768,43.924753353114433,40.648658734381861,183.35134126561809,14.003057315118241,1894.9969426848813,1894.9969426848813,1640.0588275960397,1675.9411724039601,1675.9411724039601,16.600000000000001
234.5,12,43.535293850744289,15.400648473989762,48.236806915110606,3.5758996502594655,0.46243407986409935,27.025723945142275,3.6868341973920158,44.012301212231719,40.484012618821438,183.51598738117852,13.840333885427537,1895.1596661145718,1895.1596661145718,1637.7590790768727,1678.2409209231271,1678.2409209231271,16.600000000000001
234.75,12,43.513822593115599,15.418918987436101,48.145497103738215,3.5723141198145547,0.46168788903276525,27.033256410600863,3.6873823126776992,44.099862164136091,40.319990091632874,183.68000990836708,13.679459081236686,1895.3205409187626,1895.3205409187626,1635.4622121421453,1680.5377878578547,1680.5377878578547,16.600000000000001
235,12,43.492398564695065,15.437213595018212,48.054252112455721,3.5687375752614323,0.46094635364017611,27.040703911384998,3.6879239910403485,44.187436056217514,40.156589463415443,183.84341053658451,13.52041287500005,1895.4795871249994,1895.4795871249994,1633.1682277087111,1682.8317722912886,1682.8317722912886,16.600000000000001
235.25,12,43.471021752620764,15.45553228030715,47.963072086215384,3.565169931739089,0.46020943113854085,27.048066604194339,3.6884592113515366,44.27502273536129,39.993809042992325,184.00619095700765,13.363175438029717,1895.6368245619697,1895.6368245619697,1630.8771266867082,1685.1228733132916,1685.1228733132916,16.600000000000001
235.5,12,43.449692144020261,15.473875026815801,47.871957170162915,3.5616111050866448,0.45947707944668231,27.055344644630491,3.6889879527198213,44.362622047953629,39.831647137486108,184.16835286251384,13.207727138843103,1895.7922728611563,1895.7922728611563,1628.5889099793862,1687.4110900206135,1687.4110900206135,16.600000000000001
235.75,12,43.428409726010543,15.492241817999968,47.780907509634211,3.5580610118384453,0.4587492569447163,27.062538187206211,3.689510194489368,44.450233839887225,39.670102052393581,184.32989794760638,13.054048541519673,1895.9459514584798,1895.9459514584798,1626.3035784829433,1689.6964215170565,1689.6964215170565,16.600000000000001
236,12,43.407174485697986,15.510632637258857,47.689923250151573,3.5545195692180545,0.45802592246851537,27.069647385356472,3.6900259162376776,44.537857956567883,39.509172091659387,184.49082790834058,12.902120403891193,1896.0978795961084,1896.0978795961084,1624.0211330863231,1691.9788669136769,1691.9788669136769,16.600000000000001
236.25,12,43.385986410178283,15.529047467936218,47.599004537420676,3.550986695133775,0.45730703530459926,27.076672391447005,3.6905350977745091,44.625494242919615,39.348855557749431,184.65114444225054,12.7519236759781,1896.2480763240214,1896.2480763240214,1621.7415746710665,1694.2584253289333,1694.2584253289333,16.600000000000001
236.5,12,43.364845486536304,15.547486293321803,47.508151517328002,3.5474623081749574,0.45659255518526781,27.083613356781555,3.6910377191414114,44.713142543388983,39.189150751723822,184.81084924827613,12.603439498555417,1896.3965605014441,1896.3965605014441,1619.464904111192,1696.535095888808,1696.535095888808,16.600000000000001
236.75,12,43.343751701846031,15.565949096651865,47.417364335937215,3.5439463276063718,0.45588244228331704,27.0904704316123,3.6915337606096967,44.800802701951284,39.030055973308457,184.96994402669151,12.456649201422893,1896.5433507985767,1896.5433507985767,1617.1911222730112,1698.8088777269886,1698.8088777269886,16.600000000000001
237,12,43.322705043170558,15.584435861109949,47.326643139485853,3.5404386733633428,0.45517665720699085,27.097243765149045,3.6920232026790067,44.888474562115945,38.871569520966112,185.12843047903385,12.3115343018006,1896.688465698199,1896.688465698199,1614.9202300149757,1701.0797699850241,1701.0797699850241,16.600000000000001
237.25,12,43.301705497561976,15.602946569827649,47.235988074382135,3.5369392660468963,0.45447516099498753,27.103933505568378,3.6925060260758662,44.976157966931922,38.713689691966884,185.28631030803308,12.168076502733772,1896.8319234972657,1896.8319234972657,1612.652228187522,1703.3477718124777,1703.3477718124777,16.600000000000001
237.5,12,43.280753052061335,15.621481205885306,47.145399287201634,3.5334480269189301,0.45377791511152177,27.110539800022796,3.6929822117522408,45.063852758993065,38.556414782457814,185.44358521754216,12.026257691507025,1896.9737423084925,1896.9737423084925,1610.387117632923,1705.6128823670767,1705.6128823670767,16.600000000000001
237.75,12,43.259847693698553,15.640039752312671,47.054876924684073,3.5299648778973975,0.45308488144143994,27.117062794649822,3.6934517408840914,45.151558780443359,38.399743087531917,185.60025691246804,11.886059938068035,1897.1139400619315,1897.1139400619315,1608.1248991851382,1707.8751008148615,1707.8751008148615,16.600000000000001
238,12,43.238989409492412,15.658622192089449,46.964421133729985,3.5264897415514134,0.45239602228537579,27.123502634581239,3.6939145948698173,45.239275872982347,38.243672901296385,185.75632709870357,11.747465493443551,1897.252534506556,1897.252534506556,1605.8655736696653,1710.1344263303345,1710.1344263303345,16.600000000000001
238.25,12,43.218178186450523,15.677228508145113,46.874032061396697,3.523022541095338,0.4517113003548196,27.129859463954091,3.6943707553276317,45.327003877871604,38.088202516939447,185.9117974830605,11.610456787991454,1897.3895432120082,1897.3895432120082,1603.6091419033589,1712.3908580966411,1712.3908580966411,16.600000000000001
238.5,12,43.197414011569222,15.695858683360319,46.783709854895932,3.5195632003853499,0.45103067876757219,27.136133425917425,3.6948202040954818,45.414742635938424,37.933330226798098,186.06666977320185,11.475016430075058,1897.5249835699246,1897.5249835699246,1601.3556046943329,1714.6443953056669,1714.6443953056669,16.600000000000001
238.75,12,43.17669687183345,15.714512700567363,46.693454661590501,3.5161116439146713,0.45035412104306694,27.142324662641332,3.6952629232295582,45.502491987581045,37.779054322424372,186.22094567757557,11.341127204517944,1897.6588727954818,1897.6588727954818,1599.1049628418239,1716.8950371581761,1716.8950371581761,16.600000000000001
239,12,43.156026754216775,15.733190542550407,46.603266628990838,3.5126677968085116,0.44968159109770262,27.148433315326496,3.6956988950024918,45.590251772774138,37.625373094650556,186.37462690534937,11.208772071018123,1897.7912279289815,1897.7912279289815,1596.8572171360408,1719.1427828639592,1719.1427828639592,16.600000000000001
239.25,12,43.135403645681279,15.751892192045855,46.513145904751681,3.5092315848193394,0.44901305324026985,27.154459524213149,3.6961281019018641,45.678021831073877,37.472284833654157,186.52771516634579,11.077934162622853,1897.9220658373767,1897.9220658373767,1594.6123683580317,1721.387631641968,1721.387631641968,16.600000000000001
239.5,12,43.114827533177554,15.7706176317427,46.423092636668784,3.5058029343221753,0.44834847216742657,27.16040342859004,3.6965505266287235,45.76580200162303,37.319787829021969,186.68021217097797,10.948596784213006,1898.0514032157866,1898.0514032157866,1592.370417279551,1723.629582720449,1723.629582720449,16.600000000000001
239.75,12,43.094298403644608,15.789366844282831,46.333106972675637,3.5023817723099051,0.44768781295922511,27.166265166803324,3.6969661520960986,45.853592123155984,37.167880369813645,186.8321196301863,10.820743410997,1898.1792565890025,1898.1792565890025,1590.1313646629283,1725.8686353370715,1725.8686353370715,16.600000000000001
240,12,43.073816244009819,15.808139812261295,46.243189060840159,3.4989680263886176,0.44703104107468827,27.172044876265467,3.6973749614275131,45.941392034003734,37.016560744624556,186.9834392553754,10.694357687014469,1898.3056423129851,1898.3056423129851,1587.8952112609422,1728.1047887390575,1728.1047887390575,16.600000000000001
