model_time,CD95,FADD,DISC,p55free,DISCp55,p30,p43,p18,p18inactive,Bid,tBid,PrNES_mCherry,PrNES,mCherry,PrER_mGFP,PrER,mGFP,CD95L
0,116,93,0,155,0,0,0,0,0,236,0,973,0,0,5178,0,0,16.600000000000001
0.25,116,91.876040356892162,1.1132933193093002,154.98933367619824,0.010656151182209616,1.0170067533005876e-05,2.548767472059696e-09,3.2325408864454845e-12,1.1018972457215277e-14,235.99999999998664,1.3307527597685715e-11,972.99999999984186,1.5800644695684845e-10,1.5800644695684845e-10,5178,9.1449893615694786e-13,9.1449893615694786e-13,16.600000000000001
0.5,116,90.767215692073748,2.1905836850541673,154.95779937692393,0.04211990446367788,8.0638421571824768e-05,7.9986805685237367e-08,2.0264097510779356e-10,1.3820790381704185e-12,235.99999999916179,8.3811694381961382e-10,972.99999999004842,9.9513511773488934e-09,9.9513511773488934e-09,5177.9999999998863,1.1470305557067052e-10,1.1470305557067052e-10,16.600000000000001
0.75,116,89.673292931669948,3.2327938401710918,154.90608676955614,0.093642900811446786,0.00026973170057399541,5.9564690055060524e-07,2.2617635672364804e-09,2.3196717051806515e-11,235.9999999906014,9.398484098466061e-09,972.99999988840739,1.1159256054306971e-07,1.1159256054306971e-07,5177.9999999980764,1.9251679908062747e-09,1.9251679908062747e-09,16.600000000000001
1,116,88.594043109520427,4.2408321513146774,154.83487524821243,0.1644886236484201,0.00063365413124751176,2.4613851843366807e-06,1.2452010674253178e-08,1.7071201538101051e-10,235.99999994801408,5.1985799851086296e-08,972.99999938274834,6.1725151157352545e-07,6.1725151157352545e-07,5177.9999999858337,1.4167923285142884e-08,1.4167923285142884e-08,16.600000000000001
1.25,116,87.529241296919253,5.2155921338832787,154.74483338346062,0.25393268491749632,0.001226518596725593,7.3656832066497606e-06,4.6542280443653846e-08,7.9965663695497987e-10,235.99999980477796,1.9522194656813866e-07,972.99999768203907,2.3179607101928593e-06,2.3179607101928593e-06,5177.9999999336351,6.6366001605043725e-08,6.6366001605043725e-08,16.600000000000001
1.5,116,86.478666532583048,6.1579520432269641,154.63661843682735,0.36126307489117493,0.002100377463634626,1.7971835140137927e-05,1.3616794301261768e-07,2.8147270436205711e-09,235.9999994261583,5.7384162643534235e-07,972.99999318651203,6.8134877524120101e-06,6.8134877524120101e-06,5177.9999997663972,2.3360298765603852e-07,2.3360298765603852e-07,16.600000000000001
1.75,116,85.442101752935059,7.0687745281288823,154.51087593650348,0.48578037734223201,0.0033052532054628132,3.8088388304255644e-05,3.3642613506434503e-07,8.1343804363189256e-09,235.99999857556355,1.4244363980788155e-06,972.99998308700594,1.691299388615333e-05,1.691299388615333e-05,5177.999999324903,6.7509763580119004e-07,6.7509763580119004e-07,16.600000000000001
2,116,84.419333722786291,7.9489063427335864,154.36823931070418,0.62679795164351204,0.0048891688531045047,7.2813983459534305e-05,7.3446743589142409e-07,2.0348258392978842e-08,235.99999687563658,3.1243633584716749e-06,972.99996290298498,3.7097014716458853e-05,3.7097014716458853e-05,5177.9999983112348,1.6887655107810043e-06,1.6887655107810043e-06,16.600000000000001
2.25,116,83.410152966488226,8.7991781131888285,154.20932957521256,0.78364208332457241,0.0068981782969462268,0.00012865870137782949,1.4588761009599461e-06,4.558839965062479e-08,235.99999376491931,6.2350806015891767e-06,972.99992596799791,7.4032001861300012e-05,7.4032001861300012e-05,5177.9999962164757,3.7835236568780658e-06,3.7835236568780658e-06,16.600000000000001
2.5,116,82.414353699626474,9.6204041553738708,154.0347550717172,0.95565210457633609,0.009376396458428176,0.00021364396484149824,2.6896524170134462e-06,9.3630712175079527e-08,235.99998845076951,1.1549230403438752e-05,972.99986287063723,0.00013712936259547783,0.00013712936259547783,5177.9999922292945,7.7707052035880674e-06,7.7707052035880674e-06,16.600000000000001
2.75,116,81.431733761317659,10.413382340202988,153.84511125365054,1.1421804861619029,0.01236602934280609,0.00033738297459955942,4.6686311005937102e-06,1.7923898963959852e-07,235.99997985915147,2.0140848446284716e-05,972.99976085838432,0.00023914161537889246,0.00023914161537889246,5177.9999851243965,1.4875603487008444e-05,1.4875603487008444e-05,16.600000000000001
3,116,80.462094547167098,11.17889400311614,153.64098051633428,1.342592902161164,0.015907403978946522,0.00051114357659819197,7.7101889020495955e-06,3.2376004967709718e-07,235.999966581867,3.3418132902164945e-05,972.99960321106187,0.00039678893785800341,0.00039678893785800341,5177.9999731301423,2.6869857546265047e-05,2.6869857546265047e-05,16.600000000000001
3.25,116,79.50524094293921,11.91770389449797,153.42293206834916,1.5562682689479193,0.020038998246458019,0.00074789536839013474,1.2212112714082241e-05,5.5697529781733236e-07,235.99994682173917,5.3178260733142594e-05,972.99936858998069,0.00063141001906302601,0.00063141001906302601,5177.9999537748827,4.6225119177291278e-05,4.6225119177291278e-05,16.600000000000001
3.5,116,78.560981258987198,12.630560167899779,153.19152184115939,1.7825987597702604,0.024797470585363655,0.0010623427573435472,1.8666516404649145e-05,9.1921117119955228e-07,235.99991833621021,8.1663789671119179e-05,972.99903036826618,0.00096963173357153478,0.00096963173357153478,5177.9999237117963,7.6288205205797232e-05,7.6288205205797232e-05,16.600000000000001
3.75,116,77.629127165484192,13.318194403075298,152.94729243414068,2.0209897962774237,0.030217689578871967,0.0014709455841541354,2.7670710341155811e-05,1.4637084450142616e-06,235.99987837976693,0.00012162023297928904,972.99855594726773,0.0014440527319289796,0.0014440527319289796,5177.999878522267,0.00012147773354596115,0.00012147773354596115,16.600000000000001
4,116,76.70949362849295,13.981321660979024,152.69077309228163,2.2708600183087397,0.036332763395647977,0.0019919288235813633,3.9937942077897762e-05,2.2592482854130701e-06,235.99982364555993,0.00017635443997793729,972.99790606341458,0.0020939365850837148,0.0020939365850837148,5177.9998124979338,0.00018750206737870435,0.00018750206737870435,16.600000000000001
4.25,116,75.801898846907079,14.620640568014132,152.42247971395005,2.5316412332322979,0.043174069074310865,0.0026452827721329458,5.630794002047614e-05,3.3930311546271899e-06,235.99975020654139,0.00024979345849958736,972.99703408936784,0.0029659106316933677,0.0029659106316933677,5177.9997184017566,0.00028159824420361163,0.00028159824420361163,16.600000000000001
4.5,116,74.906164190292614,15.236833426954711,152.14291488624008,2.8027783460922846,0.050771281629702146,0.0034527550306236508,7.7757204052106695e-05,4.9738032000184775e-06,235.9996534564041,0.00034654359579796272,972.99588533284532,0.0041146671543675533,0.0041146671543675533,5177.9995872085574,0.00041279144415930571,0.00041279144415930571,16.600000000000001
4.75,116,74.022114137654995,15.830566352103572,151.85256794553686,3.0837292717944482,0.059152402957770342,0.0044378354891611562,0.00010540899814051111,7.135223563633152e-06,235.99952805056793,0.00047194943197552663,972.9943963360455,0.0056036639542347798,0.0056036639542347798,5177.9994078255486,0.00059217445278136828,0.00059217445278136828,16.600000000000001
5,116,73.149576217152301,16.402489426381166,151.55191506105845,3.3739648305286982,0.06834379051368783,0.0056257354240995885,0.0001405430098962568,1.003946510041693e-05,235.99936784742516,0.00063215257475290301,972.99249417819647,0.0075058218030695052,0.0075058218030695052,5177.9991667935064,0.00083320649460625208,0.00083320649460625208,16.600000000000001
5.25,116,72.288380946773245,16.953236878172824,151.2414193392548,3.6729686275963571,0.07837018573603545,0.0070433617214882152,0.00018460465096672624,1.3881040269061318e-05,235.9991658500235,0.00083414997642112588,972.99009578337063,0.0099042166290406151,0.0099042166290406151,5177.9988479692474,0.0011520307538619395,0.0011520307538619395,16.600000000000001
5.5,116,71.438361775994096,17.483427275890094,150.92153094706063,3.980236918777142,0.089254742188537614,0.0087192871500764262,0.00023921398007827749,1.8890843435241124e-05,235.99891414833675,0.0010858516631667633,972.98710723536294,0.012892764636774709,0.012892764636774709,5177.9984321901475,0.0015678098548958508,0.0015678098548958508,16.600000000000001
5.75,116,70.599355028426501,17.993663738326667,150.5926872521151,4.29527846233748,0.10101905338988215,0.010683717519408551,0.00030617423753562213,2.5340400480995424e-05,235.99860386224617,0.0013961377537196353,972.98342310112389,0.016576898875780854,0.016576898875780854,5177.9978969214562,0.0021030785461666835,0.0021030785461666835,16.600000000000001
6,116,69.77119984546519,18.484534159010376,150.25531297817298,4.6176143587474661,0.11368318030158024,0.012968456475334969,0.00038747998612199746,3.3546316419995098e-05,235.99822508533134,0.0017749146685627781,972.97892576394486,0.021074236054749659,0.021074236054749659,5177.9972158871869,0.0027841128153895892,0.0027841128153895892,16.600000000000001
6.25,116,68.953738130941787,18.956611442869523,149.90982037404098,4.9467778791386374,0.12726567844359729,0.015606868606393619,0.00048532485864950651,4.3874911666826016e-05,235.99776682954709,0.0022331704528367486,972.97348476734601,0.026515232653667262,0.026515232653667262,5177.9963586853437,0.0036413146589734822,0.0036413146589734822,16.600000000000001
6.5,116,68.146814496789062,19.410453753643967,149.55660939447833,5.2823142834989909,0.14178362460757249,0.018633841460340726,0.00060210891697686083,5.674703766648271e-05,235.99721697084419,0.0027830291557228099,972.96695617038677,0.033043829612910462,0.033043829612910462,5177.9952903882695,0.0047096117335027922,0.0047096117335027922,16.600000000000001
6.75,116,67.35027620971718,19.84660477057913,149.19606789160233,5.623780629565343,0.15725264313782472,0.022085747000442697,0.00074044563116926578,7.264306275420693e-05,235.99656219577335,0.0034378042265918716,972.95918191492012,0.040818085079577383,0.040818085079577383,5177.9939711288725,0.0060288711303744672,0.0060288711303744672,16.600000000000001
7,116,66.563973138902085,20.265593953044238,148.82857181543622,5.9707455733365018,0.17368693175098288,0.026000402966120557,0.00090316849069823246,9.2108019359683364e-05,235.99578794909627,0.0042120509036909625,972.94998920513194,0.050010794867811049,0.050010794867811049,5177.9923556734675,0.0076443265346447936,0.0076443265346447936,16.600000000000001
7.25,116,65.787757704683742,20.667936811814414,148.45448542233191,6.3227891620938106,0.19109928686595465,0.03041703454200094,0.0010933372622091264,0.00011575690398562058,235.99487838241527,0.0051216175847320832,972.93918989955648,0.060810100443274215,0.060810100443274215,5177.9903929819466,0.0096070180550171368,0.0096070180550171368,16.600000000000001
7.5,116,65.021484828270914,21.054135185849976,148.07416149008861,6.6795026207786945,0.20950112841703325,0.035376236683315007,0.0013142439104797316,0.00014428012176095307,235.99381630381944,0.006183696180561471,972.92657991562623,0.073420084373548827,0.073420084373548827,5177.9880257559589,0.011974244042214465,0.011974244042214465,16.600000000000001
7.75,116,64.265011882446885,21.424677523495088,147.68794153867336,7.0404881325400037,0.22890252412421047,0.040919937393724792,0.0015694182007988445,0.00017844906778401322,235.99258312853678,0.0074168714632493879,972.9119386467022,0.088061353297581607,0.088061353297581607,5177.9851899757532,0.014810024246952717,0.014810024246952717,16.600000000000001
8,116,63.51819864326999,21.780039167102537,147.29615605553244,7.4053586142273033,0.24931221319619845,0.047091362203886031,0.0018626330021577287,0.00021912183791833611,235.99115883057146,0.0088411694285591286,972.89502839144006,0.10497160855964674,0.10497160855964674,5177.9818144262954,0.018185573705300766,0.018185573705300766,16.600000000000001
8.25,116,62.78090724276052,22.12068264017087,146.89912472455779,7.7737374875700933,0.27073762944323804,0.053935000055192278,0.0021979093114091537,0.00026724906217462748,235.9895218953001,0.010478104699939579,972.8755937952717,0.1244062047279513,0.1244062047279513,5177.9778202132229,0.022179786777655548,0.022179786777655548,16.600000000000001
8.5,116,62.05300212256558,22.447057936155666,146.497156657848,8.1452584467472473,0.29318492377846755,0.061496570752945144,0.0025795210189581718,0.00032387985429522425,235.98764927299294,0.0123507270070652,972.8533613037232,0.14663869627646384,0.14663869627646384,5177.9731202691937,0.026879730806903278,0.026879730806903278,16.600000000000001
8.75,116,61.334349988591541,22.759602808187488,146.09055062947075,8.5195652230159062,0.31665898608843573,0.069822994116531936,0.0030119994366210219,0.00039016787164946048,235.98551633322342,0.014483666776567709,972.82803862724825,0.17196137275135615,0.17196137275135615,5177.9676188510985,0.032381148901355392,0.032381148901355392,16.600000000000001
9,116,60.624819766593184,23.05874305899593,145.67959531050101,8.8963113470348443,0.34116346645523254,0.078962360920716776,0.0035001376080905722,0.00046737748003415359,235.98309682012385,0.016903179876143752,972.79931421722699,0.20068578277271704,0.20068578277271704,5177.9612110286125,0.038788971387435686,0.038788971387435686,16.600000000000001
9.25,116,59.924282558707922,23.344892830401598,145.26456950466914,9.2751599094839214,0.36670079571469211,0.088963905691775813,0.0040489944219743368,0.00055689001845551,235.98036280844428,0.019637191555681745,972.76685675276167,0.23314324723791752,0.23314324723791752,5177.9537821644835,0.046217835516063073,0.046217835516063073,16.600000000000001
9.5,116,59.232611600922567,23.618454891796688,144.84574238401316,9.6557833205488794,0.39327220533716006,0.099877981394612611,0.004663898546679781,0.00066021015943413565,235.97728466036941,0.022715339630582095,972.73031463790255,0.26968536209698135,0.26968536209698135,5177.9452073869543,0.054792613044132438,0.054792613044132438,16.600000000000001
9.75,116,58.549682221459598,23.879820927089515,144.42337372398282,10.037863068809367,0.42087774661941602,0.11175603602201171,0.0053504522055214544,0.00077897236082258195,235.97383098304692,0.026169016953084795,972.6893155089366,0.31068449106297646,0.31068449106297646,5177.9353510546498,0.064648945348358827,0.064648945348358827,16.600000000000001
10,116,57.875371800069217,24.129371819639665,143.99771413749403,10.42108948003793,0.44951630917849206,0.1246505910745965,0.0061145348093441399,0.000914947405548764,235.96996858678278,0.030031413217254613,972.64346575139666,0.35653424860281652,0.35653424860281652,5177.9240662142347,0.075933785762494377,0.075933785762494377,16.600000000000001
10.25,116,57.209559728213257,24.367477934758021,143.56900530748251,10.805161476388653,0.47918563874031528,0.13861522189964898,0.0069623064627156867,0.0010700490260947115,235.96566244385767,0.034337556142369142,972.59235002647301,0.4076499735266873,0.4076499735266873,5177.9111940511375,0.08880594886021502,0.08880594886021502,16.600000000000001
10.5,116,56.552127370126328,24.594499399390227,143.13748021754736,11.189786336426485,0.50988235421833228,0.15370453983853058,0.0079002113583590688,0.0012463406108852914,235.96087564792217,0.039124352077866117,972.53553080654137,0.46446919345825538,0.46446919345825538,5177.8965633335629,0.10343666643453384,0.10343666643453384,16.600000000000001
10.75,116,55.902958024739391,24.810786378643421,142.70336338031979,11.574679456421736,0.54160196407953332,0.1699741761158223,0.0089349810729830188,0.0014460419900921813,235.95556937392922,0.04443062607079095,972.47254791957596,0.52745208042355318,0.52745208042355318,5177.8799898500474,0.12001014995012234,0.12001014995012234,16.600000000000001
11,116,55.261936888450819,25.016679348853991,142.26687106323013,11.959564113309206,0.57433888199758831,0.18748076738830832,0.010073637776047214,0.0016715362986517964,235.94970283856611,0.050297161433889785,972.40291810225506,0.59708189774451059,0.59708189774451059,5177.8612758407307,0.13872415926717571,0.13872415926717571,16.600000000000001
11.25,116,54.628951018729346,25.212509366929464,141.82821151138302,12.344171229687579,0.60808644179512938,0.2062819428583825,0.011323497361274099,0.0019253769145495835,235.94323326115088,0.056766738849163501,972.32613456163563,0.67386543836405144,0.67386543836405144,5177.8402094225439,0.15979057745422787,0.15979057745422787,16.600000000000001
11.5,116,54.003889298533814,25.39859833572995,141.38758516728424,12.72823914121237,0.64283691167956458,0.22643631284420762,0.012692172508905562,0.0022102944706345893,235.93611582496214,0.06388417503787279,972.24166654533565,0.75833345466397295,0.75833345466397295,5177.8165640084753,0.18343599152238529,0.18343599152238529,16.600000000000001
11.75,116,53.386642401533642,25.575259265284537,140.94518488719501,13.111513366714616,0.67858150777919579,0.24800345868791421,0.014187575684803859,0.0025292039383964212,235.92830363897633,0.071696361023685679,972.14895892023503,0.85104107976470122,0.85104107976470122,5177.7900977210729,0.20990227892471414,0.20990227892471414,16.600000000000001
12,116,52.777102758114872,25.74279652966537,140.50119615391748,13.493746381357912,0.71531040698882231,0.27104392387293097,0.015817922080534185,0.0028852117822567584,235.91974769998905,0.080252300010970223,972.04743175978103,0.95256824021850339,0.95256824021850339,5177.760552800326,0.23944719967154579,0.23944719967154579,16.600000000000001
12.25,116,52.175164522155583,25.901506119367333,140.05579728584343,13.874697393128043,0.75301275913646326,0.29561920621248172,0.01759173249652022,0.0032816231830044402,235.91039685510495,0.089603144895082545,971.93647994007563,1.0635200599239532,1.0635200599239532,5177.7276550060815,0.27234499391570355,0.27234499391570355,16.600000000000001
12.5,116,51.580723538555311,26.051675889063912,139.60915964212194,14.25413212293255,0.79167669848531519,0.32179175096282925,0.019517836168267473,0.0037219493290247298,235.90019776458405,0.09980223541600737,971.81547274499883,1.1845272550007977,1.1845272550007977,5177.6911130151366,0.30888698486002697,0.30888698486002697,16.600000000000001
12.75,116,50.993677311502488,26.193585800630842,139.16144782382591,14.631822588571918,0.83128935458758524,0.34962494470707817,0.02160537353349341,0.0042099147739505776,235.8890948650392,0.11090513496086279,971.68375348072868,1.316246519270897,1.316246519270897,5177.6506178131631,0.34938218683403399,0.34938218683403399,16.600000000000001
13,116,50.413924973464539,26.327508161347975,138.71281987101744,15.007546892829742,0.87183686250940595,0.37918310984824727,0.023863798935786662,0.004749464859284098,235.8770303329855,0.12296966701455936,971.54063910010734,1.4593608998921477,1.4593608998921477,5177.6058420816198,0.39415791837602165,0.39415791837602165,16.600000000000001
13.25,116,49.841367254884752,26.453707857206762,138.26342745563295,15.381089015916144,0.91330437244864926,0.41053149954361157,0.026302883258156773,0.0053447732004072894,235.86394404874866,0.13605595125139355,971.38541983741004,1.614580162589496,1.614580162589496,5177.5564395798538,0.4435604201419831,0.4435604201419831,16.600000000000001
13.5,116,49.275906454570624,26.572442581266163,137.81341607012507,15.7522386124869,0.95567605877012274,0.443736292906101,0.028932716477519365,0.0060002492342154986,235.84977356074654,0.15022643925350382,971.21735885417991,1.7826411458195854,1.7826411458195854,5177.5020445225528,0.49795547744282609,0.49795547744282609,16.600000000000001
13.75,116,48.717446410758384,26.68396305701344,137.36292521181667,16.120790813450064,0.99893512848534272,0.47886459029267114,0.03176371012879952,0.0067205458263649249,235.83445405016511,0.16554594983496901,971.03569189690563,1.9643081030938925,1.9643081030938925,5177.4422709528098,0.55772904718647076,0.55772904718647076,16.600000000000001
14,116,48.165892472838188,26.78851325669854,136.91208856293599,16.486546032762359,1.0430638292068584,0.51598440849396121,0.034806599664930132,0.0075105669358299923,235.81791829605714,0.18208170394290152,970.83962696742981,2.1603730325696899,2.1603730325696899,5177.3767121110241,0.62328788897178233,0.62328788897178233,16.600000000000001
14.25,116,47.621151473725178,26.886330614621492,136.46103416631601,16.849309779409076,1.0880434566099244,0.55516467563423444,0.038072446696571914,0.0083754753341133761,235.8000966409009,0.1999033590991777,970.62834400710085,2.3716559928988108,2.3716559928988108,5177.3049397999503,0.69506020004657509,0.69506020004657509,16.600000000000001
14.5,116,47.083131702861358,26.977646235362258,136.00988459675469,17.208892474753664,1.1338543614372136,0.59647522558542376,0.041572641092895858,0.0093207003760487558,235.78091695666154,0.21908304333850517,970.4009945957979,2.5990054042017459,2.5990054042017459,5177.2265037461939,0.77349625380279707,0.77349625380279707,16.600000000000001
14.75,116,46.551742879833519,27.062685096948666,135.55875712804144,17.565109275437916,1.1804759560852789,0.63998679169453032,0.045318902922184226,0.010351945818602371,235.76030461141013,0.23969538858994588,970.15670166709606,2.843298332903569,2.843298332903569,5177.1409309585642,0.85906904143124718,0.85906904143124718,16.600000000000001
15,116,46.026896128592746,27.141666248968477,135.10776389566905,17.917779902006011,1.227886720814418,0.68577099961826182,0.049323284208523353,0.011475197683644028,235.73818243655904,0.26181756344104223,969.89455924095375,3.1054407590459538,3.1054407590459538,5177.0477250836802,0.95227491631613992,0.95227491631613992,16.600000000000001
15.25,116,45.508503952260931,27.214803005635009,134.65701205525778,18.266728473422525,1.2760642096267369,0.73390035905471362,0.053598170478183452,0.012696732160004408,235.71447069478558,0.28552930521451103,969.61363217544886,3.3863678245507454,3.3863678245507454,5176.9463657593087,1.0536342406884287,1.0536342406884287,16.600000000000001
15.5,116,44.99648020851032,27.282303133821284,134.20660393672551,18.611783347650562,1.3249850558604126,0.78444825415733721,0.058156282066645054,0.014023123539464017,235.68908704872163,0.31091295127845875,969.31295593922459,3.6870440607749768,3.6870440607749768,5176.836307966003,1.1636920339938395,1.1636920339938395,16.600000000000001
15.75,116,44.490740085501912,27.344369036082046,133.75663719424878,18.952776968452483,1.3746249775513728,0.83748893241209688,0.063010675154577214,0.015461252180611281,235.6619465304982,0.33805346950189674,968.99153640643942,4.0084635935602249,4.0084635935602249,5176.7169813776318,1.2830186223653475,1.2830186223653475,16.600000000000001
16,116,43.991200078369047,27.401197928686702,133.30720495206361,19.289545718572732,1.4249587826168726,0.89309749175455488,0.068174742498388632,0.017018312493772024,235.63296151224213,0.36703848775795561,968.64834967616014,4.351650323839432,4.351650323839432,5176.587789711476,1.4122102885211971,1.4122102885211971,16.600000000000001
16.25,116,43.497777966232483,27.452982014687539,132.85839594616252,19.621929779461173,1.4759603739188911,0.95134986569982427,0.073662213818223757,0.018701820939293894,235.60204167763285,0.39795832236725426,968.28234191828085,4.7176580817187261,4.7176580817187261,5176.4481100786716,1.5518899213246766,1.5518899213246766,16.600000000000001
16.5,116,43.010392789733601,27.499908652049829,132.41029466194931,19.949772997693191,1.5276027542687041,1.0123228062545926,0.07948715580356161,0.020519624030572038,235.56909399463606,0.43090600536402679,967.89242924819087,5.107570751808594,5.107570751808594,5176.2972923358375,1.7027076641588283,1.7027076641588283,16.600000000000001
16.75,116,42.528964829072549,27.542160516871554,131.96298146791804,20.272922758241471,1.5798580314374362,1.0760938643769047,0.085663971693855021,0.022479906332246953,235.53402268954252,0.46597731045757734,967.47749763256536,5.5225023674341838,5.5225023674341838,5176.1346584388157,1.8653415611811777,1.8653415611811777,16.600000000000001
17,116,42.053415582538356,27.579915761721114,131.51653274542764,20.591229864753359,1.6326974232409428,1.1427413677461464,0.092207400388906527,0.024591198442975814,235.49672922244872,0.50327077755138006,967.03640282879144,5.9635971712080815,5.9635971712080815,5175.9595017995671,2.0404982004288357,2.0404982004288357,16.600000000000001
17.25,116,41.583667745518113,27.613348169120044,131.07102101464631,20.904548426987581,1.6860912627710301,1.2123443956031401,0.0991325150409509,0.026862384950979579,235.45711226432869,0.54288773567142334,966.56797036069872,6.4320296393008185,6.4320296393008185,5175.7710866473617,2.2289133526346578,2.2289133526346578,16.600000000000001
17.5,116,41.119645189972729,27.64262730019907,130.62651505674458,21.212735755562324,1.7400090038485063,1.2849827504172793,0.10645472107773996,0.029302712349543882,235.41506767585483,0.58493232414527108,966.07099553339788,6.929004466601584,6.929004466601584,5175.5686473954756,2.4313526045209826,2.4313526045209826,16.600000000000001
17.75,116,40.661272944366736,27.66791863855434,130.18308003241944,21.515652264166182,1.7944192267771792,1.3607369261354756,0.11418975360325072,0.031921796898433275,235.37048848813745,0.62951151186264254,965.54424349018348,7.4557565098160055,7.4557565098160055,5175.3513880147702,2.6486119852261534,2.6486119852261534,16.600000000000001
18,116,40.208477174040006,27.689383729322607,129.74077759682743,21.81316137938536,1.8492896444820843,1.4396880727698482,0.12235367412012534,0.03472963241511226,235.3232648855645,0.67673511443558276,964.98644931459944,8.0135506854000305,8.0135506854000305,5175.1184814156632,2.8815185843329556,2.8815185843329556,16.600000000000001
18.25,116,39.761185162009298,27.707180313509213,129.29966601102316,22.105129458292414,1.9045871091175248,1.5219179570714645,0.13096286651523192,0.037736597980179677,235.27328419092967,0.72671580907039934,964.39631818089629,8.6036818191032172,8.6036818191032172,5174.8690688399865,3.1309311600098173,3.1309311600098173,16.600000000000001
18.5,116,39.319325290187642,27.721462457579701,128.85980024998213,22.391425713948404,1.9602776192356717,1.607508919048491,0.14003403224759242,0.040953465537670201,235.2204308530533,0.77956914694677892,963.772525556255,9.2274744437444163,9.2274744437444163,5174.6022592645559,3.3977407354409399,3.3977407354409399,16.600000000000001
18.75,116,38.882827021010122,27.732380678338902,128.42123210730259,22.671922148963329,2.0163263276088252,1.6965438240787298,0.14958418467528578,0.044391407371183321,235.16458643710706,0.83541356289301882,963.11371745828251,9.8862825417168771,9.8862825417168771,5174.3171288182521,3.6828711817451429,3.6828711817451429,16.600000000000001
19,116,38.451620879454239,27.74008206311105,127.98401029667511,22.946493497258938,2.0726975498025202,1.7891060103731609,0.15963064245594469,0.048062003434284933,235.10562961786667,0.89437038213345699,962.41851077140495,10.58148922859449,10.58148922859449,5174.0127202146386,3.9872797853581243,3.9872797853581243,16.600000000000001
19.25,116,38.025638435443639,27.744710385236854,127.54818055021434,23.215017174172615,2.1293547735993679,1.8852792315474334,0.17019102195352709,0.051977248512663825,235.04343617612454,0.95656382387557326,961.68549362589522,11.314506374104239,11.314506374104239,5173.6880422022323,4.3119577977651726,4.3119577977651726,16.600000000000001
19.5,116,37.60481228662394,27.746406214895849,127.11378571374473,23.477373235040861,2.1862606693775635,1.9851475940616881,0.18128322858171977,0.0561495591933888,234.97787899850866,1.0221210014914612,960.91322584340924,12.086774156590161,12.086774156590161,5173.3420690347175,4.6579309652794105,4.6579309652794105,16.600000000000001
19.75,116,37.189076041499611,27.745307025263582,126.68086583913433,23.733444342390136,2.2433771015498385,2.0887954892967349,0.19292544701362407,0.060591780615282441,234.90882808095918,1.0911719190409404,960.10023945295791,12.899760547041426,12.899760547041426,5172.9737399635542,5.0262600364425927,5.0262600364425927,16.600000000000001
20,116,36.778364302920892,27.741547294008122,126.24945827377186,23.983115741863049,2.3006651411728893,2.1963075200349529,0.20513613018461568,0.065317192972584343,234.8361505361288,1.1638494638713033,959.24503928139393,13.754960718605375,13.754960718605375,5172.5819587555379,5.4180412444583652,5.4180412444583652,16.600000000000001
20.25,116,36.372612651910089,27.735258600130511,125.81959774728202,24.226275246991378,2.3580850798377719,2.3077684211301546,0.21793398701613473,0.070339517742502453,234.75971060497696,1.2402893950231542,958.34610362247679,14.653896377522459,14.653896377522459,5172.1655932380654,5.8344067619310707,5.8344067619310707,16.600000000000001
20.5,116,35.971757631816452,27.726569716147086,125.39131645557357,24.462813232930166,2.4155964449567842,2.4232629741494165,0.23133796878483925,0.07567292360516957,234.6793696728426,1.3206303271575324,957.4018849887633,15.598115011236077,15.598115011236077,5171.7234748750025,6.2765251249941105,6.2765251249941105,16.600000000000001
20.75,116,35.575736732789231,27.715606695615058,124.9646441423168,24.692622639241996,2.4731580165607161,2.5428759157929006,0.24536725406428636,0.081332032023237244,234.59498629028172,1.4050137097183886,956.41081095046025,16.589189049539101,16.589189049539101,5171.2543983761925,6.745601623803851,6.745601623803851,16.600000000000001
21,116,35.184488376558392,27.702492955994447,124.53960817794422,24.915598981824473,2.5307278457259299,2.6666918398966621,0.26004123216267483,0.08733192244598878,234.50641619897104,1.4935838010291167,955.37128506557769,17.628714934421605,17.628714934421605,5170.757121343835,7.2428786561613396,7.2428786561613396,16.600000000000001
21.25,116,34.797951901512768,27.687349356844678,124.11623363627105,25.131640374042505,2.5882632747471486,2.7947950928528087,0.27537948498465065,0.093688137101763116,234.41351236297606,1.5864876370240539,954.28168790552877,18.718312094470527,18.718312094470527,5170.2303639590591,7.7696360409368443,7.7696360409368443,16.600000000000001
21.5,116,34.41606754806547,27.67029427334602,123.69454336882973,25.340647557128268,2.645720959177337,2.9272696622828143,0.29140176724183553,0.10041668533996199,234.31612500569963,1.6838749943004974,953.14037818051145,19.859621819487774,19.859621819487774,5169.6728087122519,8.3271912877439362,8.3271912877439362,16.600000000000001
21.75,116,34.038776444296495,27.651443665142164,123.2745580770132,25.542523939876745,2.7030568918509719,3.0641990588335402,0.30812798494248295,0.10753404748300666,234.21410165281813,1.7858983471820262,951.94569396875795,21.0543060312413,21.0543060312413,5169.0831001807546,8.9168998192414008,8.9168998192414008,16.600000000000001
22,116,33.666020591862534,27.630911140493591,122.85629638212131,25.737175647659573,2.7602264290110976,3.2056661909731199,0.32557817208870471,0.1150571781461463,234.10728718152905,1.8927128184711035,950.69595405385473,22.304045946144559,22.304045946144559,5168.4598448577763,9.5401551422201614,9.5401551422201614,16.600000000000001
22.25,116,33.297742852164269,27.608808015737317,122.43977489340369,25.924511580744259,2.8171843186551309,3.3517532326989379,0.34377246551583257,0.12300350898208456,233.99552387642547,2.0044761235746975,949.38945937407641,23.610540625922877,23.610540625922877,5167.8016110364333,10.198388963562609,10.198388963562609,16.600000000000001
22.5,116,32.933886932761283,27.585243370045326,122.02500827419219,26.104443481890623,2.8738847312154752,3.502541484087208,0.36273107780914732,0.13139095080529864,233.8786514923205,2.1213485076796439,948.02449458766807,24.975505412331245,24.975505412331245,5167.1069287530181,10.893071246978579,10.893071246978579,16.600000000000001
22.75,116,32.574397374025047,27.560324095478503,121.61200930621476,26.276886013161992,2.9302812926860891,3.6581112246482919,0.38247426823901343,0.1402378950497955,233.75650732434099,2.2434926756591946,946.59932975776314,26.400670242236171,26.400670242236171,5166.3742897936618,11.625710206334597,11.625710206334597,16.600000000000001
23,116,32.219219536020496,27.534154942334073,121.20078895218241,26.441756841861938,2.9863271203031636,3.818541559480237,0.40302231165957225,0.14956321451261709,233.62892628560692,2.3710737143932494,945.11222216045564,27.887777839543677,27.887777839543677,5165.6021477687209,12.397852231275824,12.397852231275824,16.600000000000001
23.25,116,31.868299585606795,27.506838559787635,120.79135641673908,26.598976735474022,3.0419748608839732,3.983910258247497,0.42439546532143813,0.15938626333393749,233.49574099281259,2.5042590071875703,943.56141821932181,29.438581780677548,29.438581780677548,5164.7889182592762,13.211081740720937,13.211081740720937,16.600000000000001
23.5,116,31.521584483747919,27.478475531836711,120.38371920586381,26.748469665444404,3.0971767319203169,4.1542935870505691,0.44661393355674595,0.1697268761640793,233.35678186001218,2.6432181399879857,941.94515556933527,31.054844430664076,31.054844430664076,5163.9329790402126,14.067020959783386,14.067020959783386,16.600000000000001
23.75,116,31.179021973024103,27.449164408554878,119.97788318481322,26.8901629196131,3.1518845655195835,4.3297661332882527,0.46969783029986728,0.18060536646590838,233.21187720091365,2.7881227990865058,940.2616652529158,32.738334747083421,32.738334747083421,5163.0326703844812,14.967329615516208,14.967329615516208,16.600000000000001
24,116,30.840560565334954,27.419001732675756,119.57385263469034,27.023987223053741,3.2060498552740149,4.5104006236614493,0.49366713941873946,0.19204252390165,233.06085333996288,2.9391466600372897,938.50917405031714,34.490825949682119,34.490825949682119,5162.0862954530385,15.91370454695827,15.91370454695827,16.600000000000001
24.25,116,30.50614952978545,27.388082061528088,119.17163030772565,27.149876867043542,3.2596238061354867,4.6962677355073517,0.51854167283696606,0.20405961075093457,232.90353473249976,3.0964652675004101,936.6859069463469,36.314093053652321,36.314093053652321,5161.0921207752272,16.907879224770127,16.907879224770127,16.600000000000001
24.5,116,30.175738880746067,27.356497984357311,118.77121748135308,27.267769845834746,3.3125573873563043,4.8874359017054871,0.54434102644167981,0.21667835730864055,232.73974409423789,3.2602559057622704,934.79008973471957,38.209910265279682,38.209910265279682,5160.0483768240547,17.951623175942508,17.951623175942508,16.600000000000001
24.75,116,29.849279366078459,27.324340135071722,118.37261401116304,27.377608000853552,3.3648013885523587,5.0839711094438247,0.57108453377849011,0.2299209562086563,232.56930254031764,3.4306974596825288,932.81995176107978,40.180048238919497,40.180048238919497,5158.9532586911446,19.046741308852607,19.046741308852607,16.600000000000001
25,116,29.526722455518282,27.291697200468722,117.97581838281211,27.479337171900994,3.4163064789243838,5.2859366931875309,0.5987912175522152,0.24381005562268546,232.3920297341426,3.6079702658575759,930.77372880490566,42.226271195093474,42.226271195093474,5157.8049268657378,20.195073134258202,20.195073134258202,16.600000000000001
25.25,116,29.208020329206953,27.258655924001364,117.58082776296699,27.572907354876424,3.4670232696667891,5.4933931222483805,0.62747973896045484,0.25836875128087355,232.20774404620497,3.7922559537951899,928.64966610015119,44.350333899848074,44.350333899848074,5156.6015081223723,21.398491877623627,21.398491877623627,16.600000000000001
25.5,116,28.893125866364283,27.225301105162725,117.18763804935837,27.658272865491359,3.5169023795727883,5.7063977834087538,0.65716834490467424,0.27362057726396855,232.01626272306456,3.983737276935595,926.44602149363823,46.553978506361034,46.553978506361034,5155.3410965215153,22.65890347848082,22.65890347848082,16.600000000000001
25.75,116,28.581992634094249,27.19171559457881,116.79624392001723,27.735392508385473,3.5658945038286931,5.9250047591126851,0.68787481313819088,0.28958949551763657,231.817402066618,4.1825979333821648,924.16106873953117,48.838931260468101,48.838931260468101,5154.0217545273508,23.978245472645451,23.978245472645451,16.600000000000001
26,116,28.274574876316212,27.157980284913396,116.40663888176435,27.804229750996363,3.6139504859747467,6.1492646017991905,0.71961639542520384,0.30629988404005826,231.61097762376886,4.3890223762313143,921.79310092753508,51.206899072464125,51.206899072464125,5152.6415142468095,25.358485753186649,25.358485753186649,16.600000000000001
26.25,116,27.970827502814366,27.124174097705524,116.0188153180202,27.864752901481154,3.661021392988955,6.3792241050099099,0.75240975880275596,0.32377652369693605,231.39680438656734,4.6031956134328569,919.34043404160298,53.659565958396271,53.659565958396271,5151.1983787936306,26.801621206364988,26.801621206364988,16.600000000000001
26.5,116,27.670706078398297,27.090373966278616,115.63276453599987,27.916935289923615,3.7070585934286777,6.6149260719707028,0.78627092505678209,0.34204458362024653,231.17469700284747,4.8253029971527148,916.80141064502982,56.198589354969435,56.198589354969435,5149.6903237809984,28.309676218998245,28.309676218998245,16.600000000000001
26.75,116,27.374166812167854,27.056654814876314,115.2484768133542,27.960755452007088,3.7520138385450821,6.8564090824035739,0.82121520854018981,0.36112960514977133,230.94446999735098,5.0555300026492258,914.17440368698658,58.825596313012603,58.825596313012603,5148.1152989459952,29.884701054000391,29.884701054000391,16.600000000000001
27,116,27.081166546875973,27.023089534199052,114.86594144431469,27.996197314271839,3.7958393462624089,7.1037072583906369,0.85725715248074186,0.38105748427958974,230.7059380032801,5.294061996720119,911.45782042458507,61.542179575414167,61.542179575414167,5146.4712299088233,31.52877009117195,31.52877009117195,16.600000000000001
27.25,116,26.791662748383253,26.98974895353679,114.48514678539675,28.023250380016933,3.8384878878887614,7.3568500301741775,0.8944104639475573,0.40185445257573388,230.45891600417124,5.5410839958289611,908.65010645353868,64.349893546460606,64.349893546460606,5144.7560200692587,33.24397993073665,33.24397993073665,16.600000000000001
27.5,116,26.505613495198592,26.95670180971133,114.106080300711,28.041909914858024,3.8799128774023317,7.6158619028296313,0.93268794766343854,0.4235470565354757,230.20321958593101,5.796780414069195,905.7497498395478,67.250250160451529,67.250250160451529,5142.9675526424408,35.032447357554126,35.032447357554126,16.600000000000001
27.75,116,26.222977468100439,26.924014713064704,113.72872860692914,28.052177130887081,3.9200684631297729,7.8807622248179099,0.97210143887301548,0.44616213536298488,229.93866519882087,6.0613348011793349,902.7552853414229,70.244714658576399,70.244714658576399,5141.1036928356152,36.896307164380303,36.896307164380303,16.600000000000001
28,116,25.94371393983381,26.891752110749312,113.35307751794582,28.054059368342365,3.9589096216088007,8.1515649594656203,1.0126617354954042,0.46972679714188509,229.66507042911999,6.334929570880198,899.66529871597186,73.33470128402746,73.33470128402746,5139.1622901668698,38.837709833124698,38.837709833124698,16.600000000000001
28.25,116,25.667782764878421,26.859976247598308,112.97911208927415,28.047570273640993,3.996392253399736,8.4282784604824492,1.0543785298120578,0.49426839339051826,229.38225428013578,6.6177457198643976,896.47843109356154,76.521568906437693,76.521568906437693,5137.1411809264055,40.858819073588641,40.858819073588641,16.600000000000001
28.5,116,25.395144369284047,26.828747124876287,112.60681666220697,28.032729972584427,4.0324732805834369,8.710905252671715,1.0972603399612793,0.51981449199208218,229.09003746216874,6.9099625378314338,893.19338341217554,79.806616587823683,79.806616587823683,5135.038190780193,42.961809219802156,42.961809219802156,16.600000000000001
28.75,116,25.125759740569332,26.798122457229514,112.23617490777187,28.009565237518441,4.067110745658721,8.9994418190239092,1.1413144415284995,0.5463928484984576,228.78824269097788,7.2117573090223042,889.80892089680651,83.191079103192763,83.191079103192763,5132.8511375152621,45.148862484732383,45.148862484732383,16.600000000000001
29,116,24.859590417681165,26.768157628179527,111.86716987050215,27.978109647180567,4.1002639115217105,9.2938783954369502,1.1865467995448595,0.57403137581365693,228.47669499422241,7.5233050057777655,886.32387756980017,86.676122430199115,86.676122430199115,5130.5778339251501,47.422166074844363,47.422166074844363,16.600000000000001
29.25,116,24.596598481011981,26.738905644519956,111.49978401204095,27.938403737961305,4.131893362187995,9.5941987743186736,1.23296200122052,0.6027581122704716,228.15522202529482,7.8447779747053676,882.73716077690767,90.262839223091561,90.262839223091561,5128.2160908332571,49.783909166736763,49.783909166736763,16.600000000000001
29.5,116,24.336746542473072,26.710417089998607,111.13399925459035,27.890495145273714,4.1619611038901141,9.9003801183644047,1.2805631897595648,0.63260118812176214,227.8236543838895,8.1763456161106891,879.04775571267464,93.952244287324689,93.952244287324689,5125.763720251146,52.236279748847409,52.236279748847409,16.600000000000001
29.75,116,24.079997735622449,26.682740078684738,110.76979702421177,27.834438733719008,4.1904306661586261,10.212392785815092,1.3293519996189083,0.66358879047650732,227.48182594258387,8.5181740574163261,875.25472992783602,97.745270072163379,97.745270072163379,5123.2185386679321,54.781461332062825,54.781461332062825,16.600000000000001
30,116,23.8263157058465,26.655920208435159,110.40715829397784,27.770296714742667,4.2172672024755684,10.530200168500018,1.3793284935847505,0.69574912671906375,227.12957417864692,8.8704258213532778,871.35723780061528,101.64276219938398,101.64276219938398,5120.5783704661299,57.421629533864433,57.421629533864433,16.600000000000001
30.25,116,23.575664600595193,26.630000514893695,110.04606362697076,27.698138750465461,4.242437590061181,10.853758543984386,1.4304911020583571,0.729110386459769,226.76674051021416,9.2332594897860094,867.35452495272807,105.64547504727128,105.64547504727128,5117.8410514584111,60.158948541582539,60.158948541582539,16.600000000000001
30.5,116,23.328009059671249,26.605021426463864,109.68649321911603,27.618042042414515,4.2659105283436682,11.183016943106614,1.4828365649454196,0.76370070207366492,226.39317063591588,9.6068293640842732,863.24593259044855,109.75406740955073,109.75406740955073,5115.0044325388562,62.995567461137867,62.995567461137867,16.600000000000001
30.75,116,23.083314205574347,26.581020720712463,109.32842694183471,27.530091403885965,4.2876566356370951,11.517917034190043,1.5363598765578594,0.79954810789424324,226.00871487697103,9.9912851230291171,859.03090175014029,113.96909824985902,113.96909824985902,5112.0663834413717,65.933616558622873,65.933616558622873,16.600000000000001
31,116,22.84154563390198,26.558033482665799,108.97184438449139,27.434379314723436,4.3076485435422152,11.858393025166478,1.5910542339377414,0.83668049813864365,225.61322852070546,10.386771479294689,854.70897742724082,118.29102257275845,118.29102257275845,5109.024796597032,68.975203402962521,68.975203402962521,16.600000000000001
31.25,116,22.602669403809351,26.536092065465105,108.6167248966099,27.331005957344708,4.3258609885742381,12.204371584806506,1.6469109890145002,0.87512558365006343,225.20657216439864,10.79342783560152,850.27981256728003,122.72018743271931,122.72018743271931,5105.8775910812319,72.122408918762261,72.122408918762261,16.600000000000001
31.5,116,22.366652028531171,26.515226053855219,108.26304762982191,27.22007923290138,4.3422709005069953,12.555771784205144,1.7039196050103949,0.91491084755408092,224.78861205829844,11.211387941701735,845.74317189694602,127.25682810305327,127.25682810305327,5102.622716640517,75.377283359477872,75.377283359477872,16.600000000000001
31.75,116,22.133460465968959,26.495462230971309,107.91079157950993,27.101714756545128,4.3568574869273888,12.912505059587119,1.7620676174966978,0.9560634999336447,224.35922044661334,11.64077955338681,841.09893557339615,131.90106442660311,131.90106442660311,5099.2581577882374,78.741842211757344,78.741842211757344,16.600000000000001
32,116,21.903062109348035,26.476824548892814,107.55993562609873,26.976035830841969,4.3696023134826429,13.274475197434445,1.8213406005033046,0.99861043163880714,223.91827590522936,12.081724094770808,836.34710262957708,136.65289737042224,136.65289737042224,5095.7819379571365,82.218062042858449,82.218062042858449,16.600000000000001
32.25,116,21.675424777949004,26.459334103418865,107.21045857594606,26.843173396485334,4.380489379312932,13.641578342833771,1.8817221380664173,1.0425781673553876,223.465663674875,12.534336325125141,831.4877941937259,141.51220580627347,141.51220580627347,5092.1921236962417,85.807876303753716,85.807876303753716,16.600000000000001
32.5,116,21.450516707919014,26.44300911351047,106.86233920177746,26.703265959557189,4.3895051871657769,14.013703031847456,1.9431938015861046,1.0879928180659282,223.00127598842448,12.998724011575671,826.52125646139291,146.47874353860644,146.47874353860644,5088.4868288986427,89.513171101352071,89.513171101352071,16.600000000000001
32.75,116,21.228306543168799,26.427864905830322,106.51555628260569,26.556459494708605,4.3966388076971752,14.390730248595002,2.0057351333473745,1.1348800330460516,222.52501239099573,13.474987609004424,821.44786339867983,151.55213660131955,151.55213660131955,5084.6642190458651,93.335780954129376,93.335780954129376,16.600000000000001
33,116,21.008763326361844,26.413913904786565,106.17008864307212,26.402907323755965,4.4018819374860385,14.77253350760949,2.0693236365311285,1.183264951545155,222.03678005150334,13.96321994849681,816.26811915626217,156.73188084373731,156.73188084373731,5080.722515454072,97.277484545923002,97.277484545923002,16.600000000000001
33.25,116,20.791856490002651,26.401165628469066,105.82591519214195,26.242769969326982,4.4052289503006872,15.158978961900518,2.1339347720193809,1.2331721543103857,221.53649406429702,14.463505935703109,810.98266017426579,162.01733982573364,162.01733982573364,5076.6599995064716,101.34000049352304,101.34000049352304,16.600000000000001
33.5,116,20.577555847631444,26.38962669083508,105.48301496108297,26.076214983343448,4.4066769411847604,15.549925537005171,2.1995419622646089,1.2846256151189297,221.02407773952598,14.975922260474153,805.59225695922044,167.40774304077885,167.40774304077885,5072.4750168558303,105.52498314416431,105.52498314416431,16.600000000000001
33.75,116,20.365831585133012,26.379300810469235,105.14136714065586,25.903416750255385,4.4062257629604407,15.945225091181836,2.2661166024595922,1.3376486524867781,220.49946288089421,15.500537119105934,800.09781551556398,172.90218448443531,172.90218448443531,5068.165981580787,109.83401841920771,109.83401841920771,16.600000000000001
34,116,20.156654252167783,26.370188826209422,104.80095111743893,25.724556265138499,4.4038780547751726,16.344722601709027,2.3336280792058623,1.3922638817323827,219.96259004946236,16.037409950537761,794.50037841529627,178.49962158470316,178.49962158470316,5063.7313802788312,114.26861972116417,114.26861972116417,16.600000000000001
34.25,116,19.949994753733598,26.362288719893872,104.461746509211,25.539820886892493,4.399639262354194,16.748256377125745,2.4020437968419657,1.4484931675744972,219.41340881219401,16.586591187806103,788.80112549088369,184.19887450911577,184.19887450911577,5059.169776078822,118.83022392117316,118.83022392117316,16.600000000000001
34.5,116,19.745824341866655,26.355595646434068,104.12373319931385,25.349404066974973,4.3935176496708888,17.155658295053321,2.4713292115398255,1.506357577447025,218.85187797398987,17.148122026010249,783.00137413849848,189.99862586150093,189.99862586150093,5054.4798125557691,123.5201874442258,123.5201874442258,16.600000000000001
34.75,116,19.544114607490439,26.35010197138304,103.78689136991599,25.153505054247152,4.3855243017808547,17.566754065098419,2.541447873240795,1.5658773357166671,218.27796579198622,17.722034208013902,777.10257922009441,195.89742077990499,195.89742077990499,5049.6602175304142,128.33978246958083,128.33978246958083,16.600000000000001
35,116,19.344837472421439,26.345797316111504,103.4512015340987,24.952328576701667,4.3756731186237747,17.981363516141521,2.612361475444867,1.6270717789893452,217.69165017096398,18.308349829036104,771.10633255517143,201.893667444828,201.893667444828,5044.7098067363304,133.29019326366424,133.29019326366424,16.600000000000001
35.25,116,19.147965181540631,26.342668610663669,103.11664456668653,24.746084500992271,4.3639807996374964,18.399300907165838,2.6840299128249092,1.6899593126928285,217.09291883876242,18.907081161237706,765.01436199476734,207.98563800523203,207.98563800523203,5039.6274873372531,138.37251266274259,138.37251266274259,16.600000000000001
35.5,116,18.953470295139404,26.34070015430261,102.78320173374661,24.534987470857196,4.3504668190943843,18.820375260606312,2.756411346576491,1.7545573691188856,216.48176950069157,19.518230499308533,758.82853007288998,214.17146992710934,214.17146992710934,5034.4122612779211,143.58773872207399,143.58773872207399,16.600000000000001
35.75,116,18.761325681448728,26.339873683710039,102.45085472068183,24.319256525687095,4.3351533921154406,19.244390717038598,2.8294622773683487,1.8208823671085577,215.85820997199812,20.141790028001971,752.55083223250483,220.44916776749443,220.44916776749443,5029.0632284518761,148.936771548119,148.936771548119,16.600000000000001
36,116,18.571504509359997,26.340168448745459,102.11958565884757,24.099114700633759,4.3180654313827045,19.671146909877979,2.9031376257004236,1.8889496735574332,215.22225828754972,20.777741712450389,746.18339462589142,226.81660537410798,226.81660537410798,5023.5795896704367,154.42041032955785,154.42041032955785,16.600000000000001
36.25,116,18.383980241345853,26.341561295618241,101.78937715062293,23.874788609816939,4.2992304946237052,20.10043935859516,2.9773908194252701,1.9587735669158677,214.57394278798463,21.42605721201549,739.72847149139363,233.27152850860574,233.27152850860574,5017.960649417485,160.03935058250985,160.03935058250985,16.600000000000001
36.5,116,18.198726626588773,26.344026757270761,101.46021229287385,23.646508014292184,4.2786787230039849,20.532059878844198,3.0521738881367662,2.0303672028489017,213.91330218169932,22.08669781830077,733.18844211124133,239.81155788875819,239.81155788875819,5012.2058183758027,165.79418162419154,165.79418162419154,16.600000000000001
36.75,116,18.015717694324984,26.347537150715375,101.13207469874811,23.414505376604311,4.256442770622348,20.965797007732885,3.1274375640756116,2.1037425822166016,213.24038558214173,22.759614417858355,726.56580735755711,246.43419264244238,246.43419264244238,5006.3146157113006,171.6853842886932,171.6853842886932,16.600000000000001
37,116,17.83492774741055,26.352062681020705,100.80494851774931,23.179015403811057,4.2325577253583306,21.401436442399259,3.2031313891585218,2.1789105215233948,212.55525252000848,23.444747479991634,719.86318583606783,253.13681416393152,253.13681416393152,5000.2866711027773,177.71332889721788,177.71332889721788,16.600000000000001
37.25,116,17.656331356116244,26.357571551583366,100.47881845404066,22.940274581016453,4.2070610213856616,21.838761489898172,3.2792038276806057,2.2558806259783148,211.85797293005865,24.142027069941467,713.083309639714,259.91669036028532,259.91669036028532,4994.1217265056848,183.87827349430935,183.87827349430935,16.600000000000001
37.5,116,17.479903352156811,26.364030080286057,100.15366978293801,22.698520697463415,4.1799923437091726,22.277553526384441,3.3556023842111977,2.3346612652936232,211.14862711238561,24.851372887614506,706.22901972637362,266.77098027362575,266.77098027362575,4987.8196376399201,190.18036236007518,190.18036236007518,16.600000000000001
37.75,116,17.305618822959897,26.371402821081382,99.82948836555633,22.453992367376252,4.1513935251505876,22.717592463431785,3.4322737261448526,2.4152595523400722,210.42730566811852,25.572694331881578,699.30326093776307,273.69673906223647,273.69673906223647,4981.3803751926516,196.61962480734331,196.61962480734331,16.600000000000001
38,116,17.133453106178944,26.379652690519169,99.506260661581919,22.206928547704919,4.1213084362386985,23.158657219358162,3.5091638103542255,2.4976813247619427,209.69410940964502,26.305890590355087,692.30907667808412,280.69092332191536,280.69092332191536,4974.8040257288567,203.19597427113911,203.19597427113911,16.600000000000001
38.25,116,16.963381784453812,26.388741098673684,99.183973740150236,21.957568055041452,4.0897828685289035,23.600526193302045,3.5862180133344492,2.5819311296427845,208.94914924559234,27.050850754407762,685.24960327392876,287.75039672607062,287.75039672607062,4968.0907923034802,209.90920769651456,209.90920769651456,16.600000000000001
38.5,116,16.795380680421758,26.398628083920698,98.862615288815732,21.706149083895021,4.0568644118917305,24.04297773987069,3.6633812642294687,2.6680122112972247,208.19254604090833,27.807453959091788,678.1280640378759,294.87193596212347,294.87193596212347,4961.2409947707756,216.75900522922075,216.75900522922075,16.600000000000001
38.75,116,16.62942585198093,26.409272450955889,98.542173620609901,21.452908728599269,4.0226023263782089,24.4857906420856,3.740598180077594,2.7559265022493018,207.42443045254197,28.575569547458159,670.94776306113954,302.05223693885983,302.05223693885983,4954.2550697878933,223.7449302121027,223.7449302121027,16.600000000000001
39,116,16.465493587807334,26.42063191145429,98.222637679189376,21.198082511005083,3.9870474092688863,24.928744580464301,3.8178132026291824,2.8456746174430383,206.64494274130581,29.355057258694274,663.71207876092944,309.28792123906999,309.28792123906999,4947.1335705113115,230.86642948868467,230.86642948868467,16.600000000000001
39.25,116,16.303560403125498,26.43266322671797,97.903997042086658,20.941903916158623,3.9502518579769399,25.371620596020865,3.8949707360435539,2.9372558517132372,205.85423256067008,30.145767439329997,656.42445721096908,316.57554278903041,316.57554278903041,4939.8771659864506,238.12283401354611,238.12283401354611,16.600000000000001
39.5,116,16.14360303573217,26.445322351681238,97.586241922080987,20.684603938018046,3.9122691294599612,25.814201545108475,3.9720152848012384,3.0306681805311584,205.05245872329502,30.94754127670506,649.08840528330984,323.91159471668971,323.91159471668971,4932.4866402321277,245.51335976786916,245.51335976786916,16.600000000000001
39.75,116,15.985598442271337,26.458564579599205,97.269363166718549,20.4264106372611,3.8731537968504499,26.256272544017804,4.0488915911323202,3.1259082640196607,204.23978894627993,31.760211053720141,641.70748363208565,331.29251636791389,331.29251636791389,4924.9628910235297,253.03710897646712,253.03710897646712,16.600000000000001
40,116,15.829523794758146,26.472344686778712,96.953352256014625,20.167548713076517,3.8329614039866646,26.697621401399861,4.1255447713009437,3.2229714542212617,203.41639957613737,32.583600423862741,634.28529954899932,338.714700451,338.714700451,4917.3069283783525,260.69307162164426,260.69307162164426,16.600000000000001
40.25,116,15.675356477348155,26.48661707667975,96.638201298382882,19.908239090776803,3.7917483185690544,27.138039036626136,4.2019204500645184,3.3218518055804824,202.58247529466834,33.417524705331751,626.8254997224135,346.17450027758588,346.17450027758588,4909.5198727529851,268.48012724701135,268.48012724701135,16.600000000000001
40.5,116,15.523074083347817,26.501335922756464,96.323903024838728,19.64869852691162,3.7495715846297717,27.577319882354217,4.277964892672113,3.4225420885934184,201.73820880692085,34.261791193079247,619.33176293062195,353.66823706937743,353.66823706937743,4901.6029529562729,276.3970470437223,276.3970470437223,16.600000000000001
40.75,116,15.372654412460795,26.51645530939135,96.010450781536562,19.389139233448354,3.7064887750310898,28.015262269668309,4.3536251337614402,3.5250338065540983,200.88380051256894,35.11619948743116,611.80779270139931,361.19220729860007,361.19220729860007,4893.5575037907047,284.4424962092919,284.4424962092919,16.600000000000001
41,116,15.224075468264418,26.531929370320881,95.697838520701339,19.129768522441971,3.6625578446654363,28.451668794307189,4.4288491025622596,3.6293172153216711,200.01945816203337,35.980541837966676,604.25730996832249,368.74269003167689,368.74269003167689,4885.3849634311819,292.61503656881399,292.61503656881399,16.600000000000001
41.25,116,15.077315455909297,26.547712423952813,95.38606079002615,18.870788472452787,3.6178369850401682,28.886346662644833,4.5035857438266884,3.7353813460092424,199.14539649880027,36.854603501199819,596.68404575518218,376.31595424481714,376.31595424481714,4877.086870553836,300.91312944615942,300.91312944615942,16.600000000000001
41.5,116,14.932352780034774,26.563759105021674,95.075112720609809,18.612395617820113,3.5723844808853737,29.319108016237962,4.5777851339571525,3.8432140304894498,198.26183688937263,37.738163110627433,589.09173391811294,383.90826608188638,383.90826608188638,4868.6648612276049,309.33513877239034,309.33513877239034,16.600000000000001
41.75,116,14.78916604289185,26.58002449204896,94.764990013516126,18.354780661714692,3.526258569412803,29.749770233931592,4.6513985918320593,3.9528019295925851,197.36900694238366,38.630993057616415,581.48410397499913,391.51589602500025,391.51589602500025,4860.1206655831547,317.87933441684089,317.87933441684089,16.600000000000001
42,116,14.647734042665585,26.596464230104189,94.455688925032845,18.098128213883395,3.479517302819231,30.178156210527497,4.7243787838571309,4.0641305638797576,196.46714011831608,39.532859881684018,573.86487405006892,399.13512594993045,399.13512594993045,4851.4561042728164,326.54389572717906,326.54389572717906,16.600000000000001
42.25,116,14.508035771986108,26.613034648443296,94.147206250732012,17.842616553394922,3.4322184145736525,30.604094611601919,4.7966798228753822,4.1771843468219734,195.55647533150076,40.443524668499336,566.23774396065323,406.76225603934625,406.76225603934625,4842.6730847400831,335.32691525991243,335.32691525991243,16.600000000000001
42.5,116,14.370050416620259,26.629692872553406,93.839539308408135,17.588417417235615,3.3844191900471698,31.027420103543452,4.8682573604986805,4.2919466202668097,194.63725654579392,41.362743454206161,558.60638847237453,414.39361152762478,414.39361152762478,4833.7735973121235,344.22640268787137,344.22640268787137,16.600000000000001
42.75,116,14.233757354331839,26.646396930313724,93.532685920002436,17.335695814579829,3.3361763418985615,31.44797355887594,4.9390686726398423,4.4083996920032469,193.70973236556685,42.290267634433278,550.97445074506811,422.02554925493138,422.02554925493138,4824.7597111352825,353.2402888647124,353.2402888647124,16.600000000000001
43,116,14.099136153901492,26.663105851851146,93.226644392597464,17.084609867321518,3.2875458907333672,31.86560223619237,5.0090727378682089,4.5265248752869223,192.77415562345689,43.225844376543215,543.34553599425089,429.65446400574854,429.65446400574854,4815.6335699686315,362.36643003136368,362.36643003136368,16.600000000000001
43.25,116,13.966166574293828,26.679779762914706,92.921413498590667,16.835310676349806,3.2385830513350626,32.280159935106489,5.0782303084890907,4.6463025301287475,191.83078296641813,44.169217033582001,535.72320538585132,437.27679461414817,437.27679461414817,4806.3973878557126,371.60261214428238,371.60261214428238,16.600000000000001
43.5,116,13.834828563961626,26.696379971441324,92.616992455138586,16.587942213762137,3.1893421249004081,32.6915071259344,5.1465039740756175,4.7677121061887133,190.87987444152469,45.120125558475436,528.11097018587793,444.88902981412156,444.88902981412156,4797.0534446911188,380.9465553088769,380.9465553088769,16.600000000000001
43.75,116,13.70510226027532,26.712869047207288,92.313380902974075,16.342641240388765,3.1398763974997492,33.099511054628778,5.2138582174228914,4.8907321870856233,189.92169308291736,46.078306917082799,520.51228617912898,452.48771382087057,452.48771382087057,4787.6040817008106,390.39591829918402,390.39591829918402,16.600000000000001
44,116,13.576967989066562,26.729210894377282,92.010578884693686,16.099537248308529,3.0902380450610347,33.504045823186495,5.2802594628047803,5.0153405359453442,188.95650450129361,47.043495498706548,512.93054837359432,460.06945162640523,460.06945162640523,4778.0516968541306,399.9483031458642,399.9483031458642,16.600000000000001
44.25,116,13.450406264274447,26.745370816877262,91.708586822613071,15.858752427702944,3.0404780450609699,33.904992446084265,5.3456761165337747,5.1415141420048416,187.98457647723541,48.015423522764742,505.36908600264383,467.63091399735572,467.63091399735572,4768.3987402254343,409.60125977456039,409.60125977456039,16.600000000000001
44.5,116,13.325397787682837,26.76131557656872,91.407405496287112,15.620401657235984,2.9906460950556109,34.302238883456745,5.4100785998785659,5.2692292680858639,187.00617855962059,48.993821440379563,497.83115783502853,475.16884216497101,475.16884216497101,4758.6477093234089,419.35229067658582,419.35229067658582,16.600000000000001
44.75,116,13.201923448737698,26.777013444161554,91.107036019788652,15.384592517316538,2.940790538218319,34.69568005156578,5.4734393743489402,5.3984614987616348,186.02158167034335,49.978418329656797,490.31994780368643,482.68005219631311,482.68005219631311,4748.8011444052217,429.19885559477291,429.19885559477291,16.600000000000001
45,116,13.07996432443333,26.792434243001097,90.807479818836143,15.151425325041975,2.8909582958513287,35.085217811672159,5.5357329595632363,5.5291857890350311,185.03105771636305,50.968942283637084,482.8385609563453,490.16143904365424,490.16143904365424,4738.8616237923297,439.13837620766503,439.13837620766503,16.600000000000001
45.25,116,12.959501679256435,26.807549385689782,90.508738607861673,14.920993190113576,2.8411948070136006,35.470760937926499,5.5969359437320376,5.6613765133524767,184.03487921025837,51.965120789741789,475.39001973762544,497.60998026237411,497.60998026237411,4728.8317592048179,449.16824079517636,449.16824079517636,16.600000000000001
45.5,116,12.840516965177716,26.822331903793341,90.21081436710061,14.693382090328685,2.7915439751055713,35.852225065594581,5.6570269870855405,5.7950075147848761,183.03331890006584,52.966681099934313,467.97726059995409,505.02273940004534,505.02273940004534,4718.7141911291701,459.28580887082421,459.28580887082421,16.600000000000001
45.75,116,12.722991821680214,26.836756470656667,89.913709319790556,14.468670965765979,2.7420481214847716,36.229532620412265,5.7159868183439251,5.9300521542023734,182.02664940947759,53.97335059052255,460.60313094996792,512.39686905003157,512.39686905003157,4708.5115842357491,469.48841576424519,469.48841576424519,16.600000000000001
46,116,12.606908075815102,26.850799417624479,89.617425909549937,14.24693183025712,2.6927479458953205,36.602612730407863,5.7737982245973773,6.06648335929225,181.01514288899418,54.984857111005986,453.27038642457876,519.72961357542079,519.72961357542079,4698.2266228587687,479.77337714122552,479.77337714122552,16.600000000000001
46.25,116,12.492247742274719,26.864438743793826,89.321966778017426,14.028229899040168,2.6436824936754761,36.971401121215692,5.8304460347967222,6.2042736732543666,179.99907067892329,56.000929321076882,445.9816884985816,527.018311501418,527.018311501418,4687.8620065537671,490.13799344622691,490.13799344622691,16.600000000000001
46.5,116,12.378993023474342,26.877654119598539,89.027334742814716,13.812623731257824,2.5948891295126031,37.335839996156579,5.8859170972208519,6.3433953030372967,178.97870298470812,57.021297015292028,438.73960241678793,534.26039758321167,534.26039758321167,4677.4204457438336,500.57955425616188,500.57955425616188,16.600000000000001
46.75,116,12.267126309633614,26.89042688445608,88.733532775901807,13.600165386035036,2.5464035175927759,37.695877902282383,5.9402002512206371,6.4838201669672246,177.95430856522654,58.045691434773609,431.54659544714656,541.45340455285293,541.45340455285293,4666.9046574672939,511.0953425327009,511.0953425327009,16.600000000000001
47,116,12.156630178849703,26.902740038767636,88.440563982382514,13.390900590856237,2.4982596079176855,38.051469583608622,5.9932862935922522,6.6255199416425441,176.92615443448389,59.073845565516251,424.40503544752141,548.59496455247813,548.59496455247813,4656.317361237142,521.68263876285334,521.68263876285334,16.600000000000001
47.25,116,12.047487397154622,26.914578230581657,88.148431579813916,13.18486892093258,2.4504896285390307,38.402575822791995,6.0451679399507601,6.7684661079715882,175.89450557706581,60.105494422934335,417.31718973770791,555.6828102622917,555.6828102622917,4645.6612750218828,532.33872497811183,532.33872497811183,16.600000000000001
47.5,116,11.939680918549227,26.92592773721173,87.857138878074068,12.982103988288181,2.403124083479351,38.749163272471399,6.0958397814547318,6.912629996232134,174.85962467772995,61.140375322270174,410.28522426896978,562.71477573102982,562.71477573102982,4634.9391113575166,543.06088864247943,543.06088864247943,16.600000000000001
47.75,116,11.83319388500799,26.936776442160802,87.566689259825822,12.78263363933133,2.3561917560289993,39.091204277470766,6.1452982372829767,7.0579828300599718,173.82177186524393,62.178228134756218,403.31120307913181,569.68879692086796,569.68879692086796,4624.1535735970301,553.84642640296431,553.84642640296431,16.600000000000001
48,116,11.728009626447541,26.947113807658184,87.277086161626514,12.586480159611677,2.3097197171682282,39.428676689114255,6.193541503227399,7.2044957692517881,172.78120447078444,63.218795529215704,396.39708802447376,576.6029119755259,576.6029119755259,4613.3073523064268,564.69264769356687,564.69264769356687,16.600000000000001
48.25,116,11.624111660654721,26.956930843164372,86.988333055707272,12.393660484678175,2.2637333387847116,39.761563672717898,6.2405694967947554,7.3521399513170271,171.73817680080984,64.261823199190289,389.54473877469587,583.45526122530384,583.45526122530384,4602.4031218107957,575.59687818919997,575.59687818919997,16.600000000000001
48.5,116,11.521483693167848,26.966220070177023,86.700433432464877,12.204186415729755,2.2182563114006535,40.089853509524609,6.2863837992034535,7.500886531676513,170.69293992460268,65.30706007539743,382.7559130603816,590.244086939618,590.244086939618,4591.4435368980621,586.55646310193333,586.55646310193333,16.600000000000001
48.75,116,11.420109617107716,26.974975483677472,86.413390783683241,12.018064839059267,2.1733106660884496,40.413539394066987,6.3309875946467473,7.6507067224551761,169.64574147632803,66.354258523672087,376.03226715917839,596.96773284082144,596.96773284082144,4580.4312296828111,597.56877031718398,597.56877031718398,16.600000000000001
49,116,11.319973512954656,26.983192510556798,86.127208586504906,11.835297948240683,2.1289168002573473,40.732619227990398,6.3743856071953235,7.8015718298112002,168.59682547149083,67.403174528509297,369.37535660728702,603.62464339271276,603.62464339271276,4569.3688066331188,608.6311933668768,608.6311933668768,16.600000000000001
49.25,116,11.221059648267236,26.990867965356692,85.841890288178163,11.655883467921925,2.0850935070040078,41.04709541145003,6.4165840357133836,7.9534532897323675,167.54643213776109,68.453567862239012,362.78663712373583,610.21336287626389,610.21336287626389,4558.2588457646516,619.74115423534408,619.74115423534408,16.600000000000001
49.5,116,11.123352477340264,26.99800000365266,85.557439291588352,11.479814878319779,2.0418580077078246,41.356974632979366,6.4575904871398233,8.1063227022647411,166.49479775991009,69.505202240090057,356.26746573323555,616.73253426676411,616.73253426676411,4547.1038940027493,630.89610599724699,630.89610599724699,16.600000000000001
49.75,116,11.026836640800429,27.004588073397148,85.273858941575966,11.307081639616024,1.9992259875551757,41.662267658631123,6.4974139084697633,8.2601518641518172,165.44215453852291,70.557845461477228,349.81910207315218,623.18089792684759,623.18089792684759,4535.9064647119467,642.09353528804957,642.09353528804957,16.600000000000001
50,116,10.931496965136841,27.010632864535008,84.991152512054427,11.137669415295493,1.9572116336935053,41.962989121339042,6.5360645177759924,8.4149127998414084,164.38873046230992,71.611269537690205,343.44270987161588,629.55729012838378,629.55729012838378,4524.6690353946642,653.33096460533216,653.33096460533216,16.600000000000001
50.25,116,10.83731846216493,27.016136257192983,84.709323193928668,10.97156029363552,1.9158276757142434,42.259157311292213,6.573553734588363,8.5705777908408614,163.33474919369266,72.665250806307441,337.13935858293308,635.86064141706663,635.86064141706663,4513.3940455584261,664.60595444157093,664.60595444157093,16.600000000000001
50.5,116,10.74428632842344,27.021101268726579,84.428374083807469,10.8087330067242,1.8750854281712783,42.550793967954398,6.6098941099220401,8.7271194034204935,162.28042996723053,73.719570032769582,330.91002516619625,642.08997483380347,642.08997483380347,4502.0838947491475,675.91610525084843,675.91610525084843,16.600000000000001
50.75,116,10.652385944503504,27.025531999904281,84.148308173507303,10.649163146284273,1.8349948348520544,42.837924074455778,6.6450992562469002,8.8845105146535577,161.2259875005463,74.774012499453832,324.75559599387105,648.24440400612866,648.24440400612866,4490.7409407493105,687.25905925068469,687.25905925068469,16.600000000000001
51,116,10.561602874309463,27.029433580488149,83.869128340340822,10.492823375704049,1.7955645145331061,43.120575654965123,6.6791837776641421,9.0427243367926362,160.17163191735128,75.828368082648851,318.67686887743093,654.32313112256873,654.32313112256873,4479.3674979387215,698.63250206127384,698.63250206127384,16.600000000000001
51.25,116,10.471922864251788,27.03281211446059,83.590837338177508,10.339683637753989,1.7568018079553442,43.398779575578182,6.7121632005413669,9.20173443999348,159.11756868211395,76.882431317886187,312.67455519693772,660.32544480306194,660.32544480306194,4467.9658358145944,710.03416418540155,710.03416418540155,16.600000000000001
51.5,116,10.383331842372614,27.035674625126532,83.313437789263446,10.189711357501436,1.7187128257735949,43.672569349225718,6.7440539048349857,9.3615147734006925,158.06399854592868,77.936001454071473,306.749282122198,666.25071787780166,666.25071787780166,4456.5381776674931,721.46182233250317,721.46182233250317,16.600000000000001
51.75,116,10.295815917404575,27.038029000310811,83.036932176785371,10.042871640000426,1.6813024972434298,43.941980945040655,6.7748730563179365,9.5220396846120661,157.01111750312478,78.988882496875377,300.90159491352284,672.09840508647687,672.09840508647687,4445.0866994094704,732.91330059052518,732.91330059052518,16.600000000000001
52,116,10.209361377763999,27.039883937857546,82.761322838162073,9.8991274623847652,1.6445746194179307,44.207052602575651,6.8046385399142109,9.6832839375452409,155.95911675813429,80.040883241865885,295.13195929033822,677.8680407096615,677.8680407096615,4433.6135285501887,744.38647144980723,744.38647144980723,16.600000000000001
52.25,116,10.123954690479948,27.041248891610444,82.486611959042975,9.758439860051455,1.6085319066518065,44.467824651206236,6.8333688943101123,9.8452227287372818,154.90818270214274,81.091817297857389,289.44076385674015,683.55923614325957,683.55923614325957,4422.1207433163245,755.87925668367063,755.87925668367063,16.600000000000001
52.5,116,10.039582500060622,27.042134018052234,82.212801567993651,9.6207681066603215,1.5731760402109822,44.724339335015728,6.861083248011032,10.007831702108154,153.85849689903191,82.141503100968222,283.82832257321598,689.17167742678362,689.17167742678362,4410.6103719095536,767.38962809044176,767.38962809044176,16.600000000000001
52.75,116,9.9562316272988394,27.042550123760531,81.939893531846764,9.4860698877410385,1.5385077178050515,44.976640643394433,6.8878012569889222,10.171086962223672,152.8102360801231,83.189763919877024,278.29487726450463,694.70512273549502,694.70512273549502,4399.0843918980745,778.91560810192027,778.91560810192027,16.600000000000001
53,116,9.873889068018725,27.042508613817251,81.667889551694685,9.3543014677296359,1.5045267028776672,45.224774147556609,6.9135430440429113,10.334965086098368,151.76357214724035,84.236427852759803,272.84060015416645,700.15939984583315,700.15939984583315,4387.5447297363744,790.45527026362095,790.45527026362095,16.600000000000001
53.25,116,9.7925419917656402,27.042021441308279,81.396791159499912,9.2254178502967648,1.4712318734905416,45.468786843138673,6.9383291399943499,10.499443133579637,150.71867218359407,85.281327816406048,267.46559641654369,705.53440358345586,705.53440358345586,4375.9932604078122,802.00673959218318,802.00673959218318,16.600000000000001
53.5,116,9.7121777404416889,27.041101058020146,81.126599715298653,9.0993729318868084,1.4386212706654344,45.70872699898581,6.9621804268054985,10.664498656357674,149.67569847201648,86.32430152798365,262.16990673797761,710.83009326202193,710.83009326202193,4364.4318071845637,813.56819281543221,813.56819281543221,16.600000000000001
53.75,116,9.6327838268892787,27.03976036643563,80.857316404971442,8.9761196484078134,1.4066921460521764,45.944644012214994,6.9851180827043162,10.830109705649141,148.63480852006677,87.365191479933358,256.95350987922507,716.04649012077459,716.04649012077459,4352.862141499164,825.13785850083127,825.13785850083127,16.600000000000001
54,116,9.5543479334251753,27.038012673117191,80.588942238555603,8.8556101150515794,1.3754410088042126,46.176588269601737,7.0071635293848864,10.996254838601857,147.59615509154278,88.40384490845733,251.81632523172715,721.18367476827245,721.18367476827245,4341.2859829220897,836.71401707790596,836.71401707790596,16.600000000000001
54.25,116,9.4768579103276647,27.03587164355384,80.321478049073178,8.737795759257871,1.3448636715558975,46.404611015304624,7.0283383813378277,11.162913123470481,146.55988624393913,89.44011375606101,246.75821536088282,726.24178463911676,726.24178463911676,4329.7049992396333,848.29500076036197,848.29500076036197,16.600000000000001
54.5,116,9.4003017742795372,27.033351258534008,80.054924491847814,8.6226274468583988,1.3149552954082335,46.628764224919713,7.0486643973510885,11.330064143614612,145.52614537140758,90.473854628592534,241.77898853002509,731.22101146997443,731.22101146997443,4318.1208066263707,859.87919337362462,859.87919337362462,16.600000000000001
54.75,116,9.3246677067695938,27.030465772093397,79.789282044284406,8.5100556014711621,1.2857104338435694,46.84910048582217,7.0681634342070057,11.497688000371564,144.49507125278973,91.504928747210386,236.87840119943277,736.12159880056674,736.12159880056674,4306.5349699065009,871.46503009349453,871.46503009349453,16.600000000000001
55,116,9.2499440524554313,27.027229671083543,79.524551006084906,8.4000303172297706,1.2571230754933795,47.065672883737768,7.0868574025982118,11.665765314855831,143.46679810429501,92.533201895705147,232.05616049493869,740.94383950506085,740.94383950506085,4294.9490028984546,883.05099710153979,883.05099710153979,16.600000000000001
55.25,116,9.1761193174902491,27.023657636389718,79.260731499875092,8.2925014649616973,1.2291866857007347,47.27853489545749,7.1047682252672111,11.834277228737628,142.44145563642476,93.558544363575351,227.31192664150504,745.68807335849453,745.68807335849453,4283.3643688372686,894.63563116272587,894.63563116272587,16.600000000000001
55.5,116,9.1031821678165059,27.019764505822124,78.997823472215501,8.1874187919421928,1.2018942468232869,47.487740287595777,7.1219177973688721,12.003205404054235,141.41916911474362,94.580830885256532,222.64531535730001,750.35468464269957,750.35468464269957,4271.7824808691385,906.21751913085632,906.21751913085632,16.600000000000001
55.75,116,9.0311214274291167,27.015565238691266,78.735826694971948,8.0847320153691253,1.1752382972374134,47.693343021272966,7.1383279490425497,12.172532022105869,140.40005942413032,95.599940575869852,218.05590020460824,754.94409979539137,754.94409979539137,4260.204702612933,917.79529738706151,917.79529738706151,16.600000000000001
56,116,8.9599260766110351,27.011074882076034,78.474740767020421,7.9843909097192629,1.1492109690056844,47.895397162587876,7.1540204101774822,12.342239781489155,139.38424313613771,96.615756863862416,213.54321489394746,759.45678510605217,759.45678510605217,4248.6323487833006,929.36765121669316,929.36765121669316,16.600000000000001
56.25,116,8.8895852501438046,27.00630853877993,78.214565116262222,7.8863453881549415,1.1238040241850329,48.093956798736187,7.1690167773423052,12.512311895319195,138.37183257912733,97.628167420872799,209.10675553857743,763.89324446142211,763.89324446142211,4237.0666858703944,940.93331412960015,940.93331412960015,16.600000000000001
56.5,116,8.8200882354959411,27.001281336968596,77.955299001925198,7.7905455781672295,1.0990088897542696,48.289075959613861,7.1833384828468079,12.682732087692523,137.36293591083708,98.637064089163047,204.74598285660332,768.25401714339625,768.25401714339625,4225.5089328710928,952.49106712890182,952.49106712890182,16.600000000000001
56.75,116,8.751424470991541,26.99600840147318,77.696941517128721,7.6969418916378736,1.0748166911511872,48.480808544746118,7.1970067658968295,12.853484589439157,136.35765719308415,99.642342806915991,200.46032431860939,772.53967568139024,772.53967568139024,4213.9602620671585,964.03973793283569,964.03973793283569,16.600000000000001
57,116,8.6835835439618805,26.990504826739784,77.439491591689304,7.605485089526149,1.0512182844121511,48.669208255359933,7.2100426457974454,13.024554133214913,135.35609646829096,100.64390353170921,196.24917623876922,776.75082376123032,776.75082376123032,4202.4217998454624,975.57820015453194,975.57820015453194,16.600000000000001
57.25,116,8.6165551888823995,26.98478565139925,77.18294799514581,7.5161263413713701,1.0282042869162031,48.854328531430681,7.2224668971553463,13.195925947980468,134.35834983756786,101.64165016243227,192.1119058080138,780.88809419198583,780.88809419198583,4190.8946275560129,987.10537244398051,987.10537244398051,16.600000000000001
57.5,116,8.550329285497579,26.978865834427484,76.927309339982855,7.4288172798289844,1.0057651067385023,49.036222493507346,7.2343000270263369,13.367585752915852,133.36450954007358,102.63549045992654,188.04785306788773,784.95214693211187,784.95214693211187,4179.3797824033136,998.62021759667994,998.62021759667994,16.600000000000001
57.75,116,8.4848958569359922,26.972760232864243,76.672574085032934,7.3435100504332054,0.98389097062358688,49.214942889142876,7.2455622539538735,13.539519750813414,132.37466403341793,103.62533596658221,184.05633282422971,788.94366717576986,788.94366717576986,4167.8782583671764,1010.1217416328166,1010.1217416328166,16.600000000000001
58,116,8.420245067817909,26.966483581051424,76.418740539037387,7.2601573568110958,0.96257195059405443,49.390542043725418,7.2562734888358804,13.711714620996057,131.3888980748589,104.61110192514124,180.136636499909,792.8633635000906,792.8633635000906,4156.3910071488463,1021.6089928511477,1021.6089928511477,16.600000000000001
58.25,116,8.3563672223575658,26.960050471353128,76.165806864348497,7.1787125015401463,0.94179798921258939,49.563071815536468,7.2664533175610053,13.884157511801167,130.40729280308821,105.59270719691196,176.28803392622081,796.71196607377885,796.71196607377885,4144.9189391389,1033.0810608610939,1033.0810608610939,16.600000000000001
58.5,116,8.2932527624623145,26.953475336312533,75.913771080754273,7.0991294228746682,0.92155892352105484,49.732583554829333,7.2761209853468767,14.056836032673681,129.42992582038735,106.57007417961282,172.5097750727023,800.49022492729728,800.49022492729728,4133.4629244031885,1044.5370755968049,1044.5370755968049,16.600000000000001
58.75,116,8.2308922658305761,26.946772432204423,75.662631069409997,7.0213627275292883,0.90184450767996438,49.899128066755658,7.2852953827193874,14.229738245905597,128.45687127497638,107.54312872502378,168.80109171536103,804.19890828463861,804.19890828463861,4122.0237936836556,1055.9762063163382,1055.9762063163382,16.600000000000001
59,116,8.1692764440506505,26.93995582393341,75.41238457685985,6.9453677197412151,0.8826444343389348,50.06275557793569,7.2939950330616883,14.4028526580625,127.4881999433666,108.51180005663358,165.16119904352627,807.83880095647328,807.83880095647328,4110.6023394106442,1067.3976605893492,1067.3976605893492,16.600000000000001
59.25,116,8.1083961407021441,26.933039371234106,75.163029219134302,6.8711004267939542,0.86394835476583398,50.223515706503868,7.3022380816705548,14.576168211131373,126.52397931256334,109.47602068743683,161.58929720564436,811.41070279435519,811.41070279435519,4099.1993167239034,1078.8006832760905,1078.8006832760905,16.600000000000001
59.5,116,8.0482423294618535,26.926036716120802,74.914562485908064,6.7985176212157148,0.84574589776986164,50.38145743543167,7.31004228624791,14.749674273426669,125.5642736619598,110.43572633804035,158.08457279459643,814.91542720540315,814.91542720540315,4087.8154444992756,1090.1845555007183,1090.1845555007183,16.600000000000001
59.75,116,7.9888061122156842,26.918961271542759,74.666981744706334,6.727576839822798,0.82802668744840002,50.536629088970265,7.3174250087665254,14.923360630285556,124.60914414479159,111.39085585520857,154.64620027309655,818.35379972690305,818.35379972690305,4076.4514063786578,1101.5485936213361,1101.5485936213361,16.600000000000001
60,116,7.9300787171783451,26.911826211186519,74.420284245145069,6.6582363998289109,0.81078035980009133,50.689078312006039,7.3244032086320034,15.09721747458776,123.65864886901213,112.34135113098803,151.27334334015168,821.72665665984789,821.72665665984789,4065.1078518004279,1112.892148199566,1112.892148199566,16.600000000000001
60.25,116,7.8720514970221398,26.904644460385775,74.174467123194987,6.5904554121630063,0.79399657823219638,50.838852052196792,7.3309934370869865,15.271235397125906,122.71284297748694,113.28715702251323,147.96515623925012,825.03484376074937,825.03484376074937,4053.7853970284023,1124.2146029715918,1124.2146029715918,16.600000000000001
60.5,116,7.8147159270163504,26.897428688081437,73.929527405457236,6.5241937921986199,0.77766504800571823,50.985996544697777,7.3372118327827698,15.44540537685775,121.7717787273926,114.22822127260756,144.72078500946787,828.27921499053161,828.27921499053161,4042.4846261769462,1135.5153738230476,1135.5153738230476,16.600000000000001
60.75,116,7.7580636031785497,26.890191299784128,73.685462013440457,6.4594122680591726,0.76177552965465167,51.130557299323407,7.3430741184555135,15.619718771066683,120.8355055687267,115.16449443127345,141.53936868053114,831.46063131946835,831.46063131946835,4031.2060922303035,1146.7939077696906,1146.7939077696906,16.600000000000001
61,116,7.7020862404389785,26.882944431493247,73.442267767830003,6.3960723866520262,0.7463178514148604,51.272579090000789,7.3485955986473002,15.7941673054549,119.90407022184546,116.0959297781547,138.42004041291153,834.57995958708796,834.57995958708796,4019.9503180543979,1158.0496819455959,1158.0496819455959,16.600000000000001
61.25,116,7.646775670819312,26.875699944515382,73.199941392739404,6.3341365176175906,0.73128192070855846,51.412105946339054,7.3537911583994076,15.968743064195865,118.97751675394714,117.02248324605303,135.36192858443954,837.63807141556003,837.63807141556003,4008.7177973992289,1169.2822026007648,1169.2822026007648,16.600000000000001
61.5,116,7.5921238416266554,26.868469421146571,72.958479519937086,6.2735678553062488,0.71665773471229466,51.549181147208117,7.3586752628713228,16.1434384799648,118.05588665443972,117.94411334556044,132.36415782435597,840.63584217564369,840.63584217564369,3997.5089958905878,1180.4910041094054,1180.4910041094054,16.600000000000001
61.75,116,7.538122813663958,26.861264161158722,72.71787869303941,6.2143304189675206,0.7024353900580278,51.683847216151669,7.3632619578112974,16.318246323971955,117.13921890912803,118.86078109087214,129.42584999653508,843.57415000346452,843.57415000346452,3986.3243520094425,1191.6756479905507,1191.6756479905507,16.600000000000001
62,116,7.484764759457625,26.85409517905385,72.478135371663882,6.1563890512631065,0.68860509169687101,51.816145918528434,7.3675648708317842,16.493159696015791,116.22755007316916,119.77244992683102,126.54612513292558,846.45387486707398,846.45387486707398,3975.1642780578673,1202.8357219421257,1202.8357219421257,16.600000000000001
62.25,116,7.4320419615032369,26.846973202035606,72.239245935535678,6.0997094152518416,0.67515716096844047,51.946118260240766,7.3715972134274148,16.668172014575728,115.32091434275132,120.67908565724885,123.72410231881177,849.27589768118787,849.27589768118787,3964.029161110303,1213.9708388896897,1213.9708388896897,16.600000000000001
62.5,116,7.379946810530102,26.839908668655237,72.001206688541615,6.0442579899711824,0.66208204291224304,52.073804487931127,7.3753717836824091,16.843277006961291,114.41934362545732,121.58065637454285,120.95890053128144,852.04109946871813,852.04109946871813,3952.9193639491118,1225.0806360508807,1225.0806360508807,16.600000000000001
62.75,116,7.3284718037853303,26.832911728093119,71.7640138627266,5.9900020647267809,0.64937031285446234,52.199244090540205,7.3789009696192176,17.018468699532615,113.5228676092789,122.47713239072127,118.24963943220304,854.75036056779652,854.75036056779652,3941.8352259835542,1236.1647740164381,1236.1647740164381,16.600000000000001
63,116,7.2776095433381034,26.8259922400274,71.52766362222718,5.9369097322230777,0.63701268231287966,52.322475802098431,7.3821967531298469,17.19374140800846,112.6315138302579,123.36848616974225,115.59544011743411,857.40455988256542,857.40455988256542,3930.7770641512989,1247.2229358486936,1247.2229358486936,16.600000000000001
63.25,116,7.2273527344046258,26.819159775058637,71.292152067138588,5.884949880621261,0.6250000042469146,52.443537605668467,7.3852707144514982,17.369089727873178,111.74530773872915,124.25469226127102,112.99542582336139,860.00457417663813,860.00457417663813,3919.7451738018299,1258.2548261981631,1258.2548261981631,16.600000000000001
63.5,116,7.1776941836943111,26.81242361564351,71.057475237310726,5.8340921846470781,0.61332327769525297,52.562466738319756,7.3881340371305741,17.544508524896507,110.86427276415371,125.13572723584646,110.44872259256769,862.55127740743183,862.55127740743183,3908.7398295610856,1269.2601704389074,1269.2601704389074,16.600000000000001
63.75,116,7.1286267977776347,26.805792757506833,70.823629116070492,5.7843070958322782,0.60197365182842155,52.679299697054731,7.3907975134376418,17.719992925776342,109.98843037852578,126.01156962147439,107.95445989979072,865.04554010020888,865.04554010020888,3897.7612861768184,1280.2387138231743,1280.2387138231743,16.600000000000001
64,116,7.0801435814760145,26.799275911492749,70.590609633866549,5.7355658319879996,0.59094242945225073,52.79407224559089,7.3932715501870927,17.895538308915114,109.11780015834908,126.88219984165109,105.51177123975472,867.48822876024485,867.48822876024485,3886.8097793442325,1291.1902206557602,1291.1902206557602,16.600000000000001
64.25,116,7.0322376362740648,26.792881505821001,70.358412671834984,5.6878403659959007,0.58022106999370371,52.90681942191523,7.3955661749211465,18.071140295338925,108.25239984517856,127.7476001548216,103.11979467827989,869.8802053217197,869.8802053217197,3875.8855265115321,1302.1144734884608,1302.1144734884608,16.600000000000001
64.5,116,6.9849021587544975,26.786617688718152,70.127034065282743,5.6411034139921208,0.56980119199703416,53.017575546538104,7.3976910424226601,18.246794739767235,107.39224540472537,128.6077545952748,100.77767336794466,872.22232663205511,872.22232663205511,3864.9887276650984,1313.0112723348943,1313.0112723348943,16.600000000000001
64.75,116,6.9381304390558975,26.780492331387677,69.896469607087738,5.595328423028783,0.55967457516452679,53.126374231363023,7.3996554415149998,18.422497721840834,106.53735108453382,129.46264891546633,98.484556029896254,874.51544397010343,874.51544397010343,3854.1195660940975,1323.8804339058954,1323.8804339058954,16.600000000000001
65,116,6.8919158593535546,26.774513031294287,69.66671505101354,5.5504895582753315,0.54983316196496446,53.233248389111772,7.4014683021198566,18.598245537514437,105.68772947022862,130.31227052977155,96.2395974028952,876.76040259710453,876.76040259710453,3843.2782091343079,1334.7217908656851,1334.7217908656851,16.600000000000001
65.25,116,6.8462518923634965,26.768687115728952,69.437766114937986,5.5065616898332381,0.54026905884242571,53.338230243231791,7.403138202534925,18.774034690619537,104.84339154035003,131.15660845965016,94.041958661174021,878.95804133882564,878.95804133882564,3832.4648088911504,1345.5351911088424,1345.5351911088424,16.600000000000001
65.5,116,6.8011320998698164,26.763021645631039,69.209618483994177,5.4635203792206761,0.53097453704808284,53.441351338230291,7.4046733769041824,18.949861884602488,104.00434671978138,131.99565328021876,91.890807802216784,881.10919219778282,881.10919219778282,3821.6795029418181,1356.3204970581749,1356.3204970581749,16.600000000000001
65.75,116,6.7565501312753566,26.757523419639934,68.982267813623878,5.4213418655871664,0.52194203312234266,53.542642550375106,7.4060817228495477,19.125724014441865,103.17060293178693,132.82939706821321,89.785320005830187,883.21467999416939,883.21467999416939,3810.9224150165633,1367.077584983429,1367.077584983429,16.600000000000001
66,116,6.712499722175763,26.752198978351302,68.755709732542371,5.3800030517121593,0.51316414905205698,53.642134098708624,7.4073708092359585,19.301618158748727,102.34216664867559,133.65783335132457,87.724677965762538,885.27532203423709,885.27532203423709,3800.1936556592045,1377.8063443407882,1377.8063443407882,16.600000000000001
66.25,116,6.6689746929569216,26.747054608756891,68.529939845614933,5.3394814898343785,0.50463365212375477,53.739855556327953,7.4085478840461301,19.47754157205274,101.51904294110344,134.48095705889673,85.708072194950716,887.29192780504889,887.29192780504889,3789.493322866907,1388.5066771330858,1388.5066771330858,16.600000000000001
66.5,116,6.6259689474157186,26.742096348842868,68.304953736644862,5.2997553673606328,0.49634347449870264,53.835835861881975,7.4096198823375721,19.65349167727614,100.70123552604208,135.29876447395807,83.734701305762698,889.26529869423689,889.26529869423689,3778.8215027094784,1399.1784972905141,1399.1784972905141,16.600000000000001
66.75,116,6.5834764714040492,26.737329992328984,68.080746971073253,5.2608034924943574,0.48828671252761052,53.930103331244894,7.4105934342621165,19.829466058397653,99.888746813424021,136.11125318657616,81.803772266185163,891.19622773381457,891.19622773381457,3768.1782699282553,1409.8217300717372,1409.8217300717372,16.600000000000001
67,116,6.5414913314959886,26.732761093526705,67.857315098591059,5.2226052798239113,0.48045662582805082,54.022685669325234,7.4114748731244404,20.005462453307199,99.081577951494538,136.91842204850565,79.914500633223852,893.08549936677593,893.08549936677593,3757.5636885148929,1420.4363114851001,1420.4363114851001,16.600000000000001
67.25,116,6.5000076736779988,26.728394972299263,67.634653655663939,5.1851407359057964,0.47284663614238776,54.113609981974449,7.4122702434610064,20.181478746852321,98.279728870888036,137.72027112911215,78.06611076450092,894.9338892354989,894.9338892354989,3746.9778122702396,1431.0221877297531,1431.0221877297531,16.600000000000001
67.5,116,6.4590197220620107,26.724236719106234,67.412758167970665,5.1483904448752789,0.46545032599476938,54.202902787961605,7.4129853091209643,20.357512964076605,97.483198327452754,138.51680167254742,76.25783600910313,896.74216399089653,896.74216399089653,3736.4206853435971,1441.5793146563958,1441.5793146563958,16.600000000000001
67.75,116,6.4185217776212324,26.720291200115703,67.19162415275612,5.1123355541142272,0.45826143716564655,54.290590030983083,7.4136255613312319,20.533563263649583,96.691983943851739,139.30801605614843,74.488918878751463,898.51108112124825,898.51108112124825,3725.8923427526811,1452.1076572473116,1452.1076572473116,16.600000000000001
68,116,6.3785082169484735,26.716563062370234,66.971247121099324,5.0769577600041966,0.45127386899870991,54.376697091678288,7.4141962267311099,20.709627931488271,95.906082249958189,140.09391775004198,72.758611200160558,900.241388799839,900.241388799839,3715.3928108845471,1462.6071891154463,1462.6071891154463,16.600000000000001
68.25,116,6.3389734910367919,26.71305673899111,66.751622580098569,5.0422392937877802,0.44448167655773624,54.461248799626482,7.4147022753608454,20.88570537456847,95.12548872207843,140.87451127792175,71.066174249650516,901.933825750349,901.933825750349,3704.9221079778977,1473.0778920220953,1473.0778920220953,16.600000000000001
68.5,116,6.2999121240822333,26.709776454408875,66.532746034973897,5.0081629075619629,0.43787906864668824,54.544269445300145,7.4151484285916034,21.061794114925593,94.350197821021069,141.64980217897912,69.410878870815395,903.58912112918415,903.58912112918415,3694.4802445870573,1483.5197554129352,1483.5197554129352,16.600000000000001
68.75,116,6.2613187123084257,26.706726229607298,66.31461299108885,4.974711860422194,0.43146040570797217,54.625782791954009,7.4155391669842068,21.237892783842661,93.580203029043176,142.41979697095698,67.792005576190377,905.20799442380917,905.20799442380917,3684.0672240280269,1493.9327759719658,1493.9327759719658,16.600000000000001
69,116,6.2231879228127713,26.703909887369552,66.097218955892671,4.9418699047755821,0.42522019761183294,54.705812087430161,7.4158787380655893,21.414000116224063,92.815496885697755,143.18450311430243,66.208844633741762,906.79115536625784,906.79115536625784,3673.6830428069934,1504.3169571929993,1504.3169571929993,16.600000000000001
69.25,116,6.185514492433974,26.701331057516352,65.88055944078431,4.9096212728396686,0.4191531013490305,54.784380075860881,7.4161711640129253,21.590114945153083,92.056071022607469,143.94392897739274,64.660696138969399,908.3393038610302,908.3393038610302,3663.3276910316631,1514.6723089683298,1514.6723089683298,16.600000000000001
69.5,116,6.1482932266406278,26.698993182126063,65.664629962900165,4.8779506633389476,0.41325391863911853,54.861509009255144,7.4164202492361913,21.766236196630334,91.301916197194998,144.6980838028052,63.146870073453293,909.85312992654633,909.85312992654633,3653.0011528058799,1524.9988471941133,1524.9988471941133,16.600000000000001
69.75,116,6.1115189984405802,26.696899520728067,65.44942604682636,4.8468432284142846,0.40751759346464311,54.937220658952327,7.4166295878508341,21.942362884491434,90.553022325390543,145.44697767460966,61.666686350531705,911.33331364946798,911.33331364946798,3642.70340660785,1535.296593392143,1535.296593392143,16.600000000000001
70,116,6.0751867473107559,26.695053155461167,65.234943226238173,4.8162845607530675,0.40193920954213003,55.011536326932777,7.4168025710333554,22.118494105500378,89.809378513348079,146.19062148665213,60.219474848888211,912.78052515111142,912.78052515111142,3632.4344256524855,1545.565574347507,1545.565574347507,16.600000000000001
70.25,116,6.0392914781471845,26.693456996189468,65.021177045467255,4.7862606809515809,0.39651398773918872,55.084476856972486,7.4169423942529971,22.294629034616378,89.070973088192432,146.92902691180777,58.804575434699927,914.19542456529973,914.19542456529973,3622.1941782382046,1555.8058217617886,1555.8058217617886,16.600000000000001
70.5,116,6.0038282602348696,26.692113785568996,64.808123060999122,4.756758025116369,0.39123728344686881,55.156062645632794,7.4170520643738884,22.470766920430833,88.337793627824581,147.6622063721756,57.421337973025025,915.5786620269746,915.5786620269746,3611.9826280786483,1566.0173719213442,1566.0173719213442,16.600000000000001
70.75,116,5.9687922262372188,26.69102610405886,64.595776842902183,4.727763432710776,0.38610458391574953,55.226313653077291,7.417134406622611,22.646907080771257,87.609826989811324,148.39017301018887,56.069122329070659,916.93087767092902,916.93087767092902,3601.7997346197562,1576.2002653802365,1576.2002653802365,16.600000000000001
71,116,5.9341785712047139,26.690196374871167,64.3841339761901,4.699264134654082,0.38111150556351253,55.295249413706422,7.4171920714164488,22.82304889846931,86.887059339381608,149.11294066061859,54.747298359927676,918.25270164007202,918.25270164007202,3591.6454533425531,1586.3545466574394,1586.3545466574394,16.600000000000001
71.25,116,5.8999825516024842,26.68962686885498,64.173190062119389,4.6712477416746214,0.3762537912613802,55.362889046606433,7.4172275410491357,22.999191817288924,86.169476176558462,149.83052382344169,53.455245897381936,919.54475410261773,919.54475410261773,3581.5197360521638,1596.4802639478289,1596.4802639478289,16.600000000000001
71.5,116,5.8661994843564633,26.68931970930937,63.962940719423663,4.6437022329230269,0.37152730760620511,55.429251265804837,7.4172431362303168,23.175335338011827,85.457062362447004,150.54293763755314,52.192354722334521,920.80764527766519,920.80764527766519,3571.4225311533896,1606.5774688466029,1606.5774688466029,16.600000000000001
71.75,116,5.8328247459178195,26.689276876721895,63.753381585486778,4.6166159448459911,0.36692804218445102,55.49435439032974,7.4172410224765883,23.351479014676325,84.749802144705342,151.25019785529483,50.958024531377291,922.04197546862235,922.04197546862235,3561.3537839133278,1616.6462160866649,1616.6462160866649,16.600000000000001
72,116,5.7998537713453056,26.689500213428659,63.544508317455907,4.5899775603237192,0.36245210083395007,55.558216354068264,7.4172232163516592,23.527622450966369,84.047679182219795,151.9523208177803,49.751664896022142,923.24833510397764,923.24833510397764,3551.3134367113944,1626.6865632885979,1626.6865632885979,16.600000000000001
72.25,116,5.7672820534052107,26.689991428193061,63.336316593297106,4.5637760980697779,0.35809570490877279,55.620854715423071,7.4171915915544799,23.703765296746663,83.350676569010503,152.64932343098963,48.572695215084309,924.42730478491546,924.42730478491546,3541.3014292772286,1636.6985707227636,1636.6985707227636,16.600000000000001
72.5,116,5.735105141688579,26.69075210070045,63.128802112794382,4.5380009022953187,0.35385518855205228,55.682286666763495,7.4171478848538897,23.879907244740735,82.658776857386812,153.3412231426133,47.420544660660504,925.57945533933923,925.57945533933923,3531.3176989168142,1646.6823010831786,1646.6823010831786,16.600000000000001
72.75,116,5.7033186417453932,26.691783685966016,62.921960598494415,4.5126416326368384,0.34972699598164747,55.742529043670011,7.4170937018688221,24.056048027348147,81.971962080376912,154.02803791962319,46.29465211816656,926.70534788183318,926.70534788183318,3521.3621807272552,1656.637819272737,1656.637819272737,16.600000000000001
73,116,5.6719182142353395,26.693087518654714,62.715787796598448,4.4876882543448549,0.34570767879219988,55.801598333972784,7.4170305226945663,24.232187413597014,81.290213773452592,154.70978622654752,45.194466120831272,927.80553387916848,927.80553387916848,3511.4348078006069,1666.5651921993856,1666.5651921993856,16.600000000000001
73.25,116,5.6408995740948962,26.694664817310617,62.510279477803103,4.4631310287339172,0.34179389327815313,55.859510686582311,7.4169597073739837,24.408325206228398,80.61351299557063,155.38648700442948,44.119444779074811,928.88055522092498,928.88055522092498,3501.5355114171175,1676.464488582875,1676.464488582875,16.600000000000001
73.5,116,5.6102584897203505,26.696516688495272,62.305431438091716,4.4389605038897821,0.33798239778044226,55.916281920114052,7.4168825012151283,24.584461238908741,79.941840349551512,156.05815965044854,43.06905570512648,929.93094429487326,929.93094429487326,3491.6642212283009,1686.3357787716918,1686.3357787716918,16.600000000000001
73.75,116,5.5799907821664867,26.698644130833387,62.101239499477934,4.4151675056327244,0.33427005006052424,55.971927531306775,7.4168000399551328,24.76059537356678,79.275176001815765,156.72482399818429,42.042775933263599,930.95722406673622,930.95722406673622,3481.820865430182,1696.1791345698105,1696.1791345698105,16.600000000000001
74,116,5.550092324360576,26.701048038965421,61.897699510703006,4.3917431287331956,0.33065380470433714,56.026462703236376,7.4167133547716588,24.936727497851301,78.613499701497219,157.38650029850285,41.040091836008344,931.95990816399149,931.95990816399149,3472.0053709270996,1705.9946290728928,1705.9946290728928,16.600000000000001
74.25,116,5.5205590403313787,26.703729207406539,61.694807347888641,4.3686787283764597,0.3271307105586963,56.079902313326834,7.4166233771432184,25.112857522706026,77.956790798953293,158.04320920104678,40.060499036610501,932.93950096338938,932.93950096338938,3462.2176634864227,1715.7823365135698,1715.7823365135698,16.600000000000001
74.5,116,5.4913869044528338,26.706688334311444,61.492558915146674,4.3459659118734617,0.32369790820269284,56.13226094115948,7.4165309435592883,25.288985380058289,77.305028263690062,158.69497173631001,39.103502318136513,933.89649768186348,933.89649768186348,3452.4576678845247,1725.5423321154685,1725.5423321154685,16.600000000000001
74.75,116,5.4625719407021309,26.709926025145428,61.290950145147306,4.3235965306125745,0.32035262745562532,56.183552876084143,7.4164368000826384,25.465111020617591,76.658190701721125,159.34180929827895,38.168615529444132,934.8313844705558,934.8313844705558,3442.7253080443679,1735.2746919556248,1735.2746919556248,16.600000000000001
75,116,5.4341102219318573,26.713442796261177,61.089976999647284,4.3015626722500295,0.31709218492394636,56.233792124632892,7.4163416067646981,25.641234411781017,76.016256372377242,159.98374362762283,37.255361488348271,935.74463851165171,935.74463851165171,3433.0205071650275,1744.979492834965,1744.979492834965,16.600000000000001
75.25,116,5.4059978691559127,26.717239078382455,60.889635469979659,4.2798566531325406,0.31391398158792078,56.282992417741077,7.4162459419171718,25.817355535641507,75.37920320458467,160.6207967954154,36.363271882212651,936.63672811778736,936.63672811778736,3423.3431878434826,1754.6568121565101,1754.6568121565101,16.600000000000001
75.5,116,5.3782310508489051,26.721315219994167,60.689921577506254,4.2584710109501565,0.31081550043038442,56.33116721777629,7.4161503062406515,25.993474387096143,74.747008812628266,161.25299118737183,35.491887166258245,937.50811283374173,937.50811283374173,3413.6932721889884,1764.3067278110043,1764.3067278110043,16.600000000000001
75.75,116,5.3508059822587191,26.725671490640494,60.490831374034599,4.2373984976121166,0.30779430410771041,56.378329725380851,7.4160551268139701,26.169590972050614,74.119650511416054,161.88034948858402,34.640756459786921,938.35924354021301,938.35924354021301,3404.0706819303514,1773.9293180696411,1773.9293180696411,16.600000000000001
76,116,5.32371892473199,26.730308084130787,60.29236094220051,4.2166320723435193,0.30484803266501925,56.424492886128576,7.4159607609452838,26.345705305716951,73.497105331260983,162.50289466873909,33.809437440587971,939.190562559412,939.190562559412,3394.4753385163926,1783.5246614835996,1783.5246614835996,16.600000000000001
76.25,116,5.2969661850521543,26.735225121655962,60.094506395817689,4.1961648949941779,0.3019744012947293,56.469669397002875,7.4158674998896572,26.521817411000736,72.879350032194267,163.1206499678058,32.997496237671697,940.00250376232839,940.00250376232839,3384.9071632099112,1793.0928367900813,1793.0928367900813,16.600000000000001
76.5,116,5.2705441147898746,26.740422654812697,59.897263880195574,4.175990319562171,0.29917119814259535,56.513871712692563,7.4157755724312668,26.697927316975701,72.266361117827032,163.73363888217304,32.204507322676001,940.79549267732409,940.79549267732409,3375.366077175398,1802.6339228245943,1802.6339228245943,16.600000000000001
76.75,116,5.2444491096654788,26.74590066854131,59.700629572426855,4.1561018879177478,0.29643628215726203,56.5571120517181,7.4156851483386665,26.874035057441233,71.6581148487723,164.34188515122779,31.430053399950975,941.56994660004909,941.56994660004909,3365.8520015608196,1812.1479984391729,1812.1479984391729,16.600000000000001
77,116,5.2186776089231932,26.751659083975532,59.504599681645914,4.1364933237285291,0.29376758098659789,56.59940240238604,7.4155963416921908,27.05014066956058,71.054587255642872,164.94541274435721,30.673725295623328,942.32627470437671,942.32627470437671,3356.3648575737075,1821.6351424262853,1821.6351424262853,16.600000000000001
77.25,116,5.1932260947169082,26.757697761204934,59.309170449259135,4.117158526581866,0.29116308892150095,56.640754528574689,7.4155092140858203,27.22624419257685,70.455754151638573,165.5442458483615,29.935121845829855,943.06487815417017,943.06487815417017,3346.9045665518224,1831.0954334481705,1831.0954334481705,16.600000000000001
77.5,116,5.1680910915071747,26.764016501954899,59.114338149148537,4.0980915662929247,0.28862086488399508,56.681179975360905,7.4154237777103651,27.402345666603136,69.861591144733936,166.13840885526616,29.213849784134979,943.78615021586495,943.78615021586495,3337.4710500286442,1840.528949971349,1840.528949971349,16.600000000000001
77.75,116,5.1432691654692357,26.770615052180606,58.920099087849742,4.0792866774024805,0.28613903046444078,56.720690074483137,7.4153399983151251,27.578445131484933,69.272073649482238,166.72792635051783,28.509523628495554,944.49047637150454,944.49047637150454,3328.0642297939271,1849.9357702060656,1849.9357702060656,16.600000000000001
78,116,5.1187569239117963,26.777493104580945,58.726449604705401,4.0607382538515253,0.28371576800346515,56.759295949652163,7.4152577980560954,27.754542625731208,68.687176898444932,167.31282310155515,27.821765567722021,945.17823443227803,945.17823443227803,3318.6840279495577,1859.3159720504352,1859.3159720504352,16.600000000000001
78.25,116,5.0945510147062949,26.784650301031704,58.533386071995096,4.0424408438316322,0.28134931872063845,56.797008521709628,7.4151770582310803,27.930638185511789,68.106875953259888,167.89312404674021,27.150205347668127,945.84979465233187,945.84979465233187,3309.330366960935,1868.669633039058,1868.669633039058,16.600000000000001
78.5,116,5.0706481257264784,26.792086234938861,58.340904895042897,4.0243891448073486,0.27903798089037557,56.833838513636842,7.41509762190383,28.106731843718574,67.531145715360722,168.46885428463938,26.494480157307517,946.50551984269259,946.50551984269259,3300.003169704109,1877.9968302958837,1877.9968302958837,16.600000000000001
78.75,116,5.0470449842979734,26.799800453516568,58.149002512303404,4.0065779987009362,0.27678010806179948,56.86979645542263,7.4150192964235231,28.282823629087584,66.959960936355216,169.04003906364488,25.854234514677028,947.14576548532295,947.14576548532295,3290.7023595088572,1887.2976404911351,1887.2976404911351,16.600000000000001
79,116,5.0237383566577023,26.807792459987699,57.957675395427394,3.9890023872405505,0.2745741073259973,56.904892688787953,7.4149418558382809,28.458913565379699,66.393296228077602,169.60670377192247,25.229120152980354,947.77087984701973,947.77087984701973,3281.427860197944,1896.5721398020485,1896.5721398020485,16.600000000000001
79.25,116,5.0007250474228586,26.816061715711612,57.766920049307913,3.9716574274626089,0.27241843762713974,56.939137371775679,7.4148650432090211,28.635001670617505,65.831126072321652,170.16887392767845,24.618795906803395,948.38120409319674,948.38120409319674,3272.1795961227176,1905.8204038772751,1905.8204038772751,16.600000000000001
79.5,116,4.9780018990692616,26.824607642239542,57.576733012107816,3.9545383673656165,0.27031160811833876,56.972540483207148,7.4147885728250644,28.811087956375893,65.273424830265867,170.72657516973422,24.022927598606717,948.97707240139334,948.97707240139334,3262.9574921952558,1915.0425078047372,1915.0425078047372,16.600000000000001
79.75,116,4.9555657914188602,26.833429623298432,57.387110855269526,3.9376405817119826,0.26825217656250033,57.005111827008129,7.4147121323235492,28.987172427124186,64.720166751601838,171.27983324839826,23.441187925625453,949.5588120743746,949.5588120743746,3253.7614739172514,1924.2385260827411,1924.2385260827411,16.600000000000001
80,116,4.9334136411361769,26.842527006707432,57.198050183507959,3.920959567969915,0.26623874777510875,57.036861036411267,7.4146353847181423,29.163255079617482,64.171325983371347,171.8286740166287,22.87325634713703,950.12674365286296,950.12674365286296,3244.5914674057749,1933.4085325942174,1933.4085325942174,16.600000000000001
80.25,116,4.9115424012334961,26.851899106225748,57.009547634787417,3.904490942394848,0.26426997211131881,57.067797578034487,7.4145579703367863,29.339335902335016,63.626876578526215,172.37312342147388,22.318818972330497,950.6811810276696,950.6811810276696,3235.4473994161326,1942.5526005838601,1942.5526005838601,16.600000000000001
80.5,116,4.889949060584585,26.861545203335762,56.821599880283216,3.8882304362434401,0.26234454399445101,57.097930755841666,7.4144795086734732,29.515414874963636,63.086792504215097,172.91320749578497,21.777568448730925,951.2224315512691,951.2224315512691,3226.3291973619353,1951.6708026380575,1951.6708026380575,16.600000000000001
80.75,116,4.8686306434467665,26.871464548962237,56.634203624328762,3.8721738921168001,0.26046120048603477,57.12726971498806,7.4143996001560382,29.691491967924179,62.551047649808069,173.44895235019203,21.249203851293231,951.75079614870674,951.75079614870674,3217.2367893325581,1960.7632106674341,1960.7632106674341,16.600000000000001
81,116,4.8475842089911483,26.881656365128734,56.447355604349063,3.8563172604295755,0.25861871989743712,57.155823445553004,7.4143178278319546,29.867567141938846,62.019615834667711,173.98038416533237,20.733430572270766,952.26656942772922,952.26656942772922,3208.1701041081483,1969.8298958918438,1969.8298958918438,16.600000000000001
81.25,116,4.8268068508408186,26.892119846554476,56.261052590780935,3.840656595998948,0.25681592044044277,57.183600786165222,7.4142337589765805,30.043640347637758,61.492470815671417,174.50752918432866,20.229960211811129,952.7700397881888,952.7700397881888,3199.1290711722822,1978.8709288277103,1978.8709288277103,16.600000000000001
81.5,116,4.8062956966168331,26.90285416219141,56.0752913869811,3.8251880547516932,0.25505165891827514,57.210610427521701,7.4141469466244523,30.219711525202669,60.969586294496736,175.03041370550335,19.738510469462831,953.26148953053712,953.26148953053712,3190.1136207224645,1987.8863792775278,1987.8863792775278,16.600000000000001
81.75,116,4.7860479074918212,26.913858456704681,55.89006882912247,3.8099078905439252,0.25332482945447932,57.236860915805003,7.4140569310277531,30.395780604046262,60.450935924673466,175.54906407532661,19.258805036535637,953.7411949634643,953.7411949634643,3181.1236836785561,1996.8763163214367,1996.8763163214367,16.600000000000001
82,116,4.7660606777510353,26.925131851897568,55.705381786079307,3.794812452090246,0.25163436225948799,57.262360656001569,7.4139632410439829,30.571847502525291,59.936493318410726,176.06350668158933,18.790573489397545,954.20942651060238,954.20942651060238,3172.1591916892571,2005.8408083107347,2005.8408083107347,16.600000000000001
82.25,116,4.7463312343606638,26.936673448081315,55.5212271593022,3.7798981799995617,0.24997922243550885,57.287117915122856,7.4138653954541693,30.747912127685591,59.426232053209077,176.57376794679098,18.333551183840779,954.66644881615912,954.66644881615912,3163.2200771368402,2014.7799228631513,2014.7799228631513,16.600000000000001
82.5,116,4.7268568365432726,26.948482325393869,55.337601882682861,3.7651616039121785,0.24835840881600788,57.311140825334583,7.4137629042163313,30.923974375037929,58.920125678257804,177.07987432174227,17.887479150371693,955.11252084962825,955.11252084962825,3154.306273140116,2023.6937268598758,2023.6937268598758,16.600000000000001
82.75,116,4.7076347753602024,26.960557545067189,55.154502922409783,3.7505993397360755,0.24677095284123826,57.334437386995205,7.4136552696548241,31.100034128362754,58.418147720628809,177.58185227937125,17.452103990603408,955.5478960093966,955.5478960093966,3145.4177135558434,2032.5822864441486,2032.5822864441486,16.600000000000001
83,116,4.6886623733007378,26.972898150644763,54.971927276815265,3.7362080869788308,0.2452159174689808,57.357015471606594,7.4135419875879709,31.276091259542238,57.920271691273356,178.07972830872671,17.027177774785713,955.97282222521426,955.97282222521426,3136.554332978691,2041.445667021301,2041.445667021301,16.600000000000001
83.25,116,4.6699369838779639,26.985503169152132,54.789871976213895,3.7219846261713263,0.24369239611790031,57.378882824680588,7.413422548397377,31.452145628418794,57.426471090823163,178.57352890917693,16.612457940376473,956.38754205962346,956.38754205962346,3127.7160667397579,2050.2839332602343,2050.2839332602343,16.600000000000001
83.5,116,4.6514559912311046,26.998371612220382,54.60833408273357,3.7079258163806661,0.2421995116447519,57.400047068523008,7.4132964380398665,31.628197082678017,56.936719415206682,179.06328058479338,16.207707191825669,956.79229280817435,956.79229280817435,3118.9028509038517,2059.0971490961406,2059.0971490961406,16.600000000000001
83.75,116,4.6332168097342086,27.011502477164619,54.427310690139237,3.6940285928090169,0.24073641535389956,57.420515704938168,7.413163139004622,31.804245457754934,56.450990161084576,179.54900983891548,15.812693401543999,957.18730659845608,957.18730659845608,3110.1146222655852,2067.8853777344066,2067.8853777344066,16.600000000000001
84,116,4.6152168836110885,27.024894748019623,54.246798923649642,3.6802899644752243,0.23930228603724768,57.440296117856718,7.4130221312182787,31.980290576762759,55.969256831106399,180.03074316889365,15.427189511997486,957.57281048800269,957.57281048800269,3101.3513183443097,2076.6486816556826,2076.6486816556826,16.600000000000001
84.25,116,4.5974536865563085,27.038547396532685,54.066795939747962,3.666707011976464,0.23789632904574282,57.459395575888706,7.4128728928989149,32.156332250442091,55.491492938999428,180.50850706100061,15.05097343909242,957.94902656090767,957.94902656090767,3092.6128773780838,2085.387122621908,2085.387122621908,16.600000000000001
84.5,116,4.5799247213621497,27.052459383115927,53.887298925986393,3.6532768853271356,0.23651777539026719,57.477821234804424,7.4127149013616442,32.332370277130011,55.017672014490714,180.98232798550936,14.683827976761053,958.31617202323912,958.31617202323912,3083.8992383166751,2094.1007616833172,2094.1007616833172,16.600000000000001
84.75,116,4.5626275195513992,27.066629657759382,53.708305100785189,3.6399968018722992,0.2351658808712602,57.495580139945567,7.4125476337776508,32.50840444274791,54.54776760806697,181.45223239193311,14.32554070277074,958.6744592972293,958.6744592972293,3075.2103408136668,2102.7896591863255,2102.7896591863255,16.600000000000001
85,116,4.5455596410158146,27.081057160905591,53.529811713226657,3.6268640442726405,0.23383992523718125,57.512679228568679,7.4123705678882983,32.684434520806427,54.081753295580974,181.91824670441906,13.975903885848052,959.02409611415203,959.02409611415203,3066.5461252178225,2111.4538747821694,2111.4538747821694,16.600000000000001
85.25,116,4.5287186736601903,27.095740824287617,53.351816042844341,3.6138759585590514,0.23253921136990591,57.529125332123144,7.4121831826763716,32.860460272427076,53.619602682704162,182.38039731729589,13.634714394022504,959.36528560597753,959.36528560597753,3057.9065325636711,2120.0934674363211,2120.0934674363211,16.600000000000001
85.5,116,4.5121022330518832,27.11067957173141,53.174315399407689,3.6010299522539611,0.23126306449690356,57.544925178465746,7.4119849589961051,33.036481446379476,53.161289409232126,182.83871059076796,13.301773604255844,959.6982263957442,959.6982263957442,3049.29150456143,2128.7084954385623,2128.7084954385623,16.600000000000001
85.75,116,4.4957079620756542,27.125872319923527,52.997307122702892,3.5883234925567966,0.23001083142978063,57.560085394014152,7.4117753801636521,33.212497779132612,52.706787153249103,183.29321284675098,12.97688731339414,960.02311268660594,960.02311268660594,3040.7009835863646,2137.2990164136272,2137.2990164136272,16.600000000000001
86,116,4.4795335305937796,27.141317979145942,52.820788582309739,3.57575410459203,0.22878187982746251,57.57461250584069,7.4115539325098352,33.38850899492013,52.256069635150993,183.74393036484906,12.659865650354728,960.34013434964527,960.34013434964527,3032.1349126675445,2145.8650873324477,2145.8650873324477,16.600000000000001
86.25,116,4.4635766351112638,27.157015453978637,52.644757177375077,3.5633193697168206,0.22757559748416209,57.58851294370902,7.411320105896662,33.564514805818156,51.80911062153487,184.19088937846522,12.350522989635868,960.64947701036419,960.64947701036419,3023.5932354761335,2154.4067645238588,2154.4067645238588,16.600000000000001
86.5,116,4.4478349984460559,27.172963643971233,52.469210336383298,3.5510169238861375,0.22639139164123523,57.601793042055242,7.4110733941992954,33.74051491183468,51.365883928958205,184.63411607104186,12.048677866137622,960.9513221338625,960.9513221338625,3015.0758963132607,2162.9241036867315,2162.9241036867315,16.600000000000001
86.75,116,4.4323063694042109,27.189161444284803,52.294145516923741,3.5388444560742083,0.22522868832178183,57.614459041914905,7.4108132957546715,33.916509001010589,50.92636342756866,185.07363657243141,11.754152891233382,961.24584710876661,961.24584710876661,3006.5828400974469,2171.4171599025453,2171.4171599025453,16.600000000000001
87,116,4.4169885224598362,27.205607746304846,52.119560205455628,3.526799706748986,0.22408693168793722,57.626517092798309,7.4105393137786182,34.092496749530419,50.490523044611926,185.50947695538812,11.466774670177051,961.53322532982293,961.53322532982293,2998.1140123517303,2179.885987648262,2179.885987648262,16.600000000000001
87.25,116,4.4018792574397585,27.222301438226474,51.945451917070649,3.5148804663984272,0.2229655834198376,57.637973254515416,7.4102509567526749,34.268477821842886,50.058336767819263,185.94166323218082,11.186373720797008,961.81362627920305,961.81362627920305,2989.6693591904809,2188.3306408095109,2188.3306408095109,16.600000000000001
87.5,116,4.386976399212827,27.239241405612898,51.771818195253417,3.5030845741070098,0.22186412211546386,57.64883349895171,7.4099477387818862,34.444451870790402,49.629778648676663,186.37022135132338,10.91278439345631,962.08721560654374,962.08721560654374,2981.2488273059266,2196.7511726940652,2196.7511726940652,16.600000000000001
87.75,116,4.3722777973837061,27.256426531928039,51.598656611640088,3.4914099161795908,0.22078204271114371,57.659103711797428,7.4096291799252496,34.620418537746382,49.204822805582445,186.79517719441762,10.645844792336902,962.35415520766321,962.35415520766321,2972.8523639545006,2205.1476360454917,2205.1476360454917,16.600000000000001
88,116,4.3577813259911364,27.273855699044347,51.42596476577539,3.4798544248119909,0.21971885592171767,57.668789694230711,7.4092948064996644,34.79637745276041,48.783443426893349,187.21655657310671,10.385396697984053,962.61460330201601,962.61460330201601,2964.4799169429762,2213.5200830570157,2213.5200830570157,16.600000000000001
88.25,116,4.3434848832105351,27.291527787726604,51.25374028486808,3.468416076806244,0.21867408769985933,57.677897164556661,7.4089441513587575,34.972328234710282,48.365614773862937,187.63438522613714,10.131285491123668,962.86871450887634,962.86871450887634,2956.1314346144454,2221.8685653855464,2221.8685653855464,16.600000000000001
88.5,116,4.3293863910608392,27.309441678092796,51.081980823545408,3.457092892328208,0.21764727871408643,57.686431759803973,7.4085767541480871,35.148270491460117,47.951311183477131,188.04868881652294,9.8833600777767856,963.11663992222327,963.11663992222327,2947.8068658342168,2230.1931341657755,2230.1931341657755,16.600000000000001
88.75,116,4.3154837951155525,27.327596250052665,50.910684063606332,3.4458829337072667,0.21663798384464181,57.69439903727978,7.4081921615372615,35.324203820024607,47.540507071186752,188.45949292881335,9.6414728156083189,963.35852718439173,963.35852718439173,2939.5061599755809,2238.4938400244114,2238.4938400244114,16.600000000000001
89,116,4.3017750642178791,27.345990383724981,50.739847713773919,3.4347843042756701,0.21564577169682939,57.701804476084547,7.4077899274305175,35.500127806738398,47.133176933541904,188.86682306645815,9.405479441541555,963.5945205584585,963.5945205584585,2931.2292669055396,2246.7707330944522,2246.7707330944522,16.600000000000001
89.25,116,4.2882581901998629,27.3646229598343,50.569469509447259,3.4237951472459267,0.21467022413125461,57.708653478588566,7.4073696131568916,35.676042027429986,46.729295350731299,189.27070464926877,9.1752390006343703,963.82476099936571,963.82476099936571,2922.9761369705161,2255.0238630294762,2255.0238630294762,16.600000000000001
89.5,116,4.2749311876054961,27.383492860087856,50.399547212452561,3.4129136446259771,0.21371093581029657,57.714951371870285,7.4069307876404364,35.851946047600322,46.328836989026641,189.67116301097343,8.9506137761645412,964.04938622383554,964.04938622383554,2914.7467209820256,2263.2532790179666,2263.2532790179666,16.600000000000001
89.75,116,4.2617920934176636,27.402598967533557,50.230078610794116,3.4021380161695118,0.21276751376040573,57.720703409118769,7.4064730275521304,36.027839422604949,45.931776603137429,190.06822339686266,8.7314692209621629,964.26853077903786,964.26853077903786,2906.5409702023849,2271.4590297976074,2271.4590297976074,16.600000000000001
90,116,4.2488389667888953,27.421940166899702,50.061061518404948,3.3914665183606139,0.21183957694966279,57.725914771001037,7.4059959174441667,36.203721697839462,45.53808903847743,190.46191096152265,8.517673889960605,964.48232611003948,964.48232611003948,2898.3588363304652,2279.641163669527,2279.641163669527,16.600000000000001
90.25,116,4.2360698887758508,27.441515344917022,49.892493774897389,3.3808974434322194,0.21092675588008961,57.730590566994721,7.4054990498671351,36.379592408928332,45.147749233344214,190.85225076665589,8.3090993739318684,964.69090062606824,964.69090062606824,2890.2002714874752,2287.799728512517,2287.799728512517,16.600000000000001
90.5,116,4.223482962077445,27.461323390623949,49.724373245313693,3.3704291184159465,0.210028692194241,57.73473583668833,7.4049820254716359,36.55545108191604,44.760732221015957,191.23926777898413,8.1056202344341948,964.89437976556587,964.89437976556587,2882.0652282028414,2295.9347717971509,2295.9347717971509,16.600000000000001
90.75,116,4.2110763107765372,27.481363195655792,49.556697819876959,3.3600599042223793,0.20914503829559333,57.738355551049615,7.4044444530950528,36.731297233460296,44.377013131767633,191.62298686823243,7.9071139399517039,965.09288606004839,965.09288606004839,2873.9536594002038,2304.0463405997884,2304.0463405997884,16.600000000000001
91,116,4.198848080085182,27.501633654518098,49.389465413742187,3.34978819475185,0.20827545698228245,57.741454613662498,7.4038859498336178,36.907130371027449,43.996567194806616,192.00343280519346,7.7134608031796921,965.2865391968204,965.2865391968204,2865.8655183834817,2312.1344816165101,2312.1344816165101,16.600000000000001
91.25,116,4.1867964360933092,27.522133664845242,49.222673966747848,3.3396124160332672,0.20741962109372464,57.744037861934373,7.4033061411013374,37.082949993089343,43.619369740132214,192.38063025986787,7.5245439194836967,965.47545608051644,965.47545608051644,2857.8007588230939,2320.1992411768979,2320.1992411768979,16.600000000000001
91.5,116,4.1749195655208124,27.542862127644568,49.056321443167818,3.3295310253909602,0.2065772131696296,57.746110068273943,7.4027046606759921,37.258755589321552,43.245396200319348,192.75460379968072,7.3402491064863256,965.65975089351377,965.65975089351377,2849.7593347422899,2328.2406652577024,2328.2406652577024,16.600000000000001
91.75,116,4.1632156754729506,27.563817947526861,48.890405831464122,3.319542510637512,0.20574792512114823,57.747675941241447,7.4020811507333839,37.434546640802274,42.874622112230668,193.12537788776942,7.1604648448085353,965.83953515519158,965.83953515519158,2841.7412005036699,2336.2587994963224,2336.2587994963224,16.600000000000001
92,116,4.1516829931990396,27.585000032923524,48.724925144040306,3.3096453892924473,0.20493145791359618,57.748740126671308,7.4014352618701551,37.610322620212074,42.507023118657081,193.49297688134297,6.9850822199190841,966.01491778008096,966.01491778008096,2833.7463107958552,2344.2536892041371,2344.2536892041371,16.600000000000001
92.25,116,4.1403197658543469,27.606407296291142,48.559877416995498,3.299838207825784,0.20412752126034051,57.749307208768307,7.4007666531158538,37.78608299203411,42.142574969888656,193.85742503011139,6.8139948650777464,966.18600513492242,966.18600513492242,2825.7746206203137,2352.2253793796785,2352.2253793796785,16.600000000000001
92.5,116,4.1291242602651588,27.628038654303857,48.395260709879487,3.2901195409250659,0.20333583332760499,57.749381711178238,7.4000749919351216,37.961827212754372,41.781253525219327,194.21874647478074,6.6470989053854446,966.35290109461459,966.35290109461459,2817.8260852784015,2360.1739147215908,2360.1739147215908,16.600000000000001
92.75,116,4.1180947626969333,27.649893028034118,48.23107310544875,3.280487990785323,0.20255612044972759,57.748968098033814,7.3993599542204338,38.137554731061833,41.42303475438603,194.57696524561399,6.4842929029100507,966.51570709708994,966.51570709708994,2809.9006603585894,2368.0993396414028,2368.0993396414028,16.600000000000001
93,116,4.1072295786255166,27.671969343122225,48.067312709423369,3.2709421864216353,0.20178811685445017,57.748070774976092,7.3986212242757592,38.313264988048587,41.06789473894316,194.93210526105688,6.3254778028556506,966.67452219714437,966.67452219714437,2801.9983017238683,2376.0016982761235,2376.0016982761235,16.600000000000001
93.25,116,4.0965270325113714,27.694266529935152,47.903977650245082,3.2614807830026598,0.20103156439800432,57.746694090152737,7.3978584947920751,38.488957417409331,40.715809673575897,195.28419032642415,6.170556880793721,966.8294431192063,966.8294431192063,2794.1189654993809,2383.8810345006109,2383.8810345006109,16.600000000000001
93.5,116,4.0859854675767107,27.716783523715208,47.741066078836646,3.2521024612045166,0.20028621230963073,57.744842335193852,7.3970714668151771,38.664631445640062,40.366755867353561,195.63324413264644,6.01943569093552,966.98056430906456,966.98056430906456,2786.2626080602795,2391.7373919397128,2391.7373919397128,16.600000000000001
93.75,116,4.0756032455855689,27.739519264718822,47.578576168362225,3.2428059265849045,0.19955181694511889,57.742519746165499,7.3962598497060714,38.840286492236061,40.020709744923529,195.97929025507648,5.8720220154096339,967.12797798459042,967.12797798459042,2778.4291860197864,2399.5708139802059,2399.5708139802059,16.600000000000001
94,116,4.0653787466267017,27.762472698345899,47.416506113989136,3.2335899089762723,0.19882814154911174,57.739730504501935,7.3954233610945792,39.015921969888858,39.677647847648203,196.32235215235181,5.7282258145472937,967.27177418545284,967.27177418545284,2770.6186562174844,2407.3813437825079,2407.3813437825079,16.600000000000001
94.25,116,4.0553103688992946,27.785642775260229,47.254854132650898,3.2244531618972867,0.19811495602589843,57.736478737917203,7.3945617268266544,39.191537284681942,39.337546834686613,196.66245316531339,5.5879591781630618,967.41204082183697,967.41204082183697,2762.8309757078409,2415.1690242921513,2415.1690242921513,16.600000000000001
94.5,116,4.0453965285014197,27.809028451501227,47.093618462811669,3.2153944619822301,0.19741203671832885,57.73276852129672,7.3936746809057405,39.367131836285196,39.000383484021647,196.99961651597835,5.4511362778056709,967.54886372219437,967.54886372219437,2755.0661017489665,2422.9338982510258,2422.9338982510258,16.600000000000001
94.75,116,4.0356356592212101,27.832628688587423,46.932797364232059,3.206412608427494,0.19671916619461394,57.728603877569178,7.3927619654285959,39.542705018147949,38.666134693434515,197.33386530656549,5.317673319969062,967.682326680031,967.682326680031,2747.3239917915989,2430.6760082083933,2430.6760082083933,16.600000000000001
95,116,4.0260262123306987,27.856442453612125,46.77238911773641,3.197506422454707,0.1960361330426833,57.723988778559715,7.391823330516134,39.718256217690239,38.334777481428183,197.66522251857182,5.1874885002534246,967.81251149974662,967.81251149974662,2739.6046034683445,2438.3953965316477,2438.3953965316477,16.600000000000001
95.25,116,4.0165666563822713,27.880468719331471,46.612392024981659,3.1886747467898218,0.19536273167187129,57.71892714582448,7.3908585342394826,39.893784816492563,38.006288988100735,197.99371101189925,5.060501958454565,967.93949804154545,967.93949804154545,2731.907894583147,2446.0921054168452,2446.0921054168452,16.600000000000001
95.5,116,4.0072554770077087,27.904706464245368,46.452804408227522,3.1799164451578901,0.19469876212161225,57.713422851467342,7.389867342541713,40.069290190483798,37.680646475969979,198.31935352402999,4.9366357345679859,968.06336426543203,968.06336426543203,2724.2338231010053,2453.7661768989869,2453.7661768989869,16.600000000000001
95.75,116,3.99809117671977,27.929154672671419,46.293624610108481,3.1712304017923749,0.19404402987699249,57.707479718939361,7.3888495291555616,40.244771710127104,37.357827330751057,198.64217266924891,4.8158137256991846,968.18418627430083,968.18418627430083,2716.5823471379344,2461.4176528620578,2461.4176528620578,16.600000000000001
96,116,3.989072274716265,27.953812334812362,46.134850993407191,3.1626155209590592,0.19339834569082245,57.701101523821414,7.3878048755174746,40.42022874060391,37.037809062087881,198.96219093791211,4.6979616438590863,968.302038356141,968.302038356141,2708.9534249511744,2469.0465750488179,2469.0465750488179,16.600000000000001
96.25,116,3.9801973066865952,27.978678446817113,45.976481940829579,3.1540707264936985,0.19276152541206262,57.694291994590451,7.3867331706782444,40.595660641995849,36.72056930423966,199.27943069576034,4.5830069746317825,968.41699302536824,968.41699302536824,2701.347014929639,2476.6529850703532,2476.6529850703532,16.600000000000001
96.5,116,3.9714648246207145,28.003752010835925,45.818515854781531,3.1455949613532281,0.1921333898203032,57.687054813369748,7.3856342112106308,40.771066769464433,36.40608581672403,199.59391418327598,4.470878936702201,968.52912106329779,968.52912106329779,2693.7630755846162,2484.2369244153761,2484.2369244153761,16.600000000000001
96.75,116,3.9628733966204686,28.029032035069719,45.660951157147331,3.1371871871798436,0.19151376446613175,57.679393616663759,7.3845078011142027,40.946446473428601,36.094336484917683,199.90566351508232,4.3615084422276427,968.63849155777234,968.63849155777234,2686.2015655407122,2491.7984344592801,2491.7984344592801,16.600000000000001
97,116,3.9544216067132925,28.054517533813971,45.503786289069694,3.1288463838777432,0.19090247951715089,57.671311996077769,7.3833537517175971,41.121799099739924,35.785299320615593,200.21470067938441,4.2548280580370443,968.74517194196301,968.74517194196301,2678.6624435270351,2499.3375564729572,2499.3375564729572,16.600000000000001
97.25,116,3.946108054668207,28.080207527497404,45.347019710731516,3.1205715492018147,0.19029936960946167,57.662813499023031,7.3821718815785697,41.297123989855478,35.478952462550211,200.52104753744979,4.150771967647894,968.84922803235213,968.84922803235213,2671.1456683686297,2506.8543316313621,2506.8543316313621,16.600000000000001
97.5,116,3.9379313558140994,28.106101042715657,45.190649901139416,3.1123616983579829,0.18970427370440432,57.653901629407777,7.3809620163820053,41.472420481008285,35.175274176871554,200.82472582312846,4.0492759340849691,968.95072406591498,968.95072406591498,2663.6511989781525,2514.3488010218398,2514.3488010218398,16.600000000000001
97.75,116,3.9298901408602429,28.132197112260219,45.034675357908903,3.1042158636149173,0.18911703495035775,57.64457984831418,7.3797239888361315,41.647687906375381,34.874242857589195,201.12575714241081,3.9502772634853205,969.04972273651458,969.04972273651458,2656.1789943477838,2521.8210056522084,2521.8210056522084,16.600000000000001
98,116,3.9219830557190263,28.158494775142845,44.879094597051349,3.0961330939266194,0.18853750054942123,57.634851574662015,7.3784576385671627,41.822925595243312,34.575837026977318,201.4241629730227,3.8537147694774245,969.14628523052249,969.14628523052249,2648.7290135413841,2529.2709864586081,2529.2709864586081,16.600000000000001
98.25,116,3.9142087613308543,28.184993076615665,44.723906152762709,3.0881124545655543,0.18796552162879723,57.624720185859054,7.3771628120125818,41.998132873171173,34.280035335943737,201.71996466405628,3.759528738320947,969.24047126167898,969.24047126167898,2641.3012156868872,2536.6987843131051,2536.6987843131051,16.600000000000001
98.5,116,3.9065659334911986,28.21169106818714,44.569108577213996,3.0801530267659643,0.18740095311673263,57.614189018438886,7.3758393623131822,42.173309062151105,33.986816564363984,202.01318343563605,3.6676608947916387,969.33233910520835,969.33233910520835,2633.895559968923,2544.1044400310689,2544.1044400310689,16.600000000000001
98.75,116,3.8990532626797529,28.238587807634151,44.414700440343509,3.0722539073770165,0.18684365362280858,57.603261368686191,7.374487149204171,42.348453480766175,33.696159621381234,202.30384037861879,3.5780543688001032,969.42194563119983,969.42194563119983,2626.5120056216842,2551.4879943783076,2551.4879943783076,16.600000000000001
99,116,3.8916694538916725,28.265682359010359,44.260680329650853,3.06441420852549,0.18629348532243631,57.591940493249965,7.3731060389054521,42.523565444345671,33.40804354567328,202.59195645432675,3.4906536627302431,969.50934633726979,969.50934633726979,2619.150511922011,2558.8494880779813,2558.8494880779813,16.600000000000001
99.25,116,3.8844132264708606,28.292973792651026,44.107046849992777,3.0566330572877485,0.18575031384539201,57.58022960974489,7.3716959040112577,42.6986442651178,33.122447505687106,202.87755249431291,3.4054046194824847,969.5945953805176,969.5945953805176,2611.8110381827141,2566.1889618172781,2566.1889618172781,16.600000000000001
99.5,116,3.877283313945282,28.320461185174459,43.953798623380699,3.0489095953705396,0.18521400816828607,57.56813189734136,7.3702566233792499,42.873689252359746,32.839350799842286,203.16064920015774,3.3222543912119606,969.67774560878809,969.67774560878809,2604.4935437461145,2573.5064562538773,2573.5064562538773,16.600000000000001
99.75,116,3.8702784638642602,28.348143619480251,43.800934288780098,3.041242978800434,0.1846844405107857,57.555650497344196,7.3687880820192833,43.048699712545087,32.558732856703962,203.44126714329607,3.2411514087464051,969.7588485912537,969.7588485912537,2597.1979879778141,2580.8020120221781,2580.8020120221781,16.600000000000001
100,116,3.8633974376377438,28.376020184744473,43.648452501911692,3.0336323776215286,0.18416148623547363,57.542788513760705,7.3672901709819234,43.223674949488561,32.280573235126177,203.71942676487384,3.1620453516714075,969.8379546483286,969.8379546483286,2589.9243302606765,2588.0756697393153,2588.0756697393153,16.600000000000001
100.25,116,3.8566390103775037,28.404089976411996,43.496351935054307,3.0260769756013794,0.18364502375119393,57.529549013857846,7.3657627872468918,43.398614264488252,32.004851624366395,203.99514837563362,3.084887119070733,969.91511288092931,969.91511288092931,2582.6725299890295,2595.3274700109628,2595.3274700109628,16.600000000000001
100.5,116,3.8500019707402435,28.432352096186058,43.344631276849682,3.0185759699446431,0.18313493441975262,57.515935028709222,7.3642058336115479,43.573516956465028,31.731547844172194,204.26845215582782,3.0096288009092289,969.99037119909076,969.99037119909076,2575.4425465630784,2602.5574534369134,2602.5574534369134,16.600000000000001
100.75,116,3.8434851207725802,28.460805652015289,43.19328923210891,3.0111285710142894,0.18263110246584041,57.501949553731926,7.3626192185795727,43.748382322099339,31.460641844840779,204.53935815515922,2.9362236500460508,970.06377634995397,970.06377634995397,2568.2343393835317,2609.7656606164605,2609.7656606164605,16.600000000000001
101,116,3.8370872757578964,28.489449758078138,43.042324521620742,3.0037340020602059,0.18213341489015067,57.487595549213538,7.3610028562497494,43.923209655965493,31.192113707251945,204.80788629274809,2.864626054865155,970.1353739451348,970.1353739451348,2561.0478678464256,2616.9521321535663,2616.9521321535663,16.600000000000001
101.25,116,3.8308072640650037,28.518283534765089,42.891735881961637,2.9963914989547646,0.18164176138543117,57.472875940829631,7.3593566662052581,44.097998250663139,30.925943642875612,205.07405635712442,2.7947915125128433,970.2052084874872,970.2052084874872,2553.8830913381616,2624.1169086618306,2624.1169086618306,16.600000000000001
101.5,116,3.8246439269986201,28.547306108658645,42.74152206530762,2.9891003099353273,0.18115603425546339,57.457793620151868,7.357680573403349,44.272747396946237,30.662111993754401,205.33788800624563,2.7266766027290572,970.27332339727093,970.27332339727093,2546.7399692307322,2631.2600307692601,2631.2600307692601,16.600000000000001
101.75,116,3.8185961186516248,28.576516612511114,42.591681839247812,2.9818596953534682,0.18067612833685762,57.442351445146855,7.3559745080654997,44.447456383849371,30.400599232461875,205.59940076753819,2.6602389622607707,970.33976103773909,970.33976103773909,2539.6184608771505,2638.3815391228418,2638.3815391228418,16.600000000000001
102,116,3.8126627057590641,28.60591418522057,42.442213986599818,2.9746689274304834,0.18020194092348685,57.426552240666318,7.354238405568303,44.622124498811459,30.141385962037575,205.85861403796247,2.5954372598473663,970.40456274015264,970.40456274015264,2532.518525607069,2645.4814743929232,2645.4814743929232,16.600000000000001
102.25,116,3.8068425675538906,28.635497971804806,42.293117305226843,2.9675272900192673,0.17973337169355771,57.410398798928398,7.3524722063349364,44.796751027796866,29.884452915899018,206.11554708410102,2.5322311717650128,970.46776882823497,970.46776882823497,2525.4401227225835,2652.5598772774088,2652.5598772774088,16.600000000000001
102.5,116,3.8011345956244096,28.665267123373578,42.144390607856479,2.9604340783722236,0.1792703226391717,57.393893879990536,7.3506758557274194,44.971335255414033,29.629780957731665,206.37021904226839,2.4705813579196918,970.52941864208037,970.52941864208037,2518.383211494227,2659.6167885057653,2659.6167885057653,16.600000000000001
102.75,116,3.7955376937734027,28.695220797099211,41.996032721901337,2.9533885989149535,0.17881269799824126,57.377040212214105,7.3488493039398,45.145876465031407,29.377351081357475,206.62264891864257,2.4104494384782336,970.58955056152172,970.58955056152172,2511.3477511571414,2666.6522488428509,2666.6522488428509,16.600000000000001
103,116,3.790050777878923,28.725358156185557,41.848042489281333,2.946390169025749,0.17836040418879359,57.359840492720885,7.346992505892068,45.320373938891017,29.127144410582524,206.8728555894175,2.351797971025464,970.64820202897454,970.64820202897454,2504.333700907428,2673.6662990925643,2673.6662990925643,16.600000000000001
103.25,116,3.7846727757567229,28.755678369835529,41.700418766247694,2.9394381168205301,0.17791334974547235,57.342297387841661,7.3451054211251092,45.494826958219384,28.879142199024436,207.12085780097559,2.2945904282376879,970.70540957176229,970.70540957176229,2497.3410198986671,2680.6589801013247,2680.6589801013247,16.600000000000001
103.5,116,3.779402627024298,28.786180613217191,41.553160423208709,2.9325317809430684,0.17747144525817671,57.324413533557184,7.3431880136966639,45.669234803336053,28.633325829920334,207.36667417007968,2.2387911760618477,970.7612088239382,970.7612088239382,2490.3696672386168,2687.6303327613755,2687.6303327613755,16.600000000000001
103.75,116,3.7742392829665303,28.816864067428568,41.406266344557146,2.9256705103605336,0.17703460331281434,57.306191535931468,7.3412402520782543,45.843596753759641,28.389676815915568,207.61032318408445,2.1843654523895166,970.81563454761044,970.81563454761044,2483.4196019860674,2694.5803980139249,2694.5803980139249,16.600000000000001
104,116,3.7691817064029043,28.847727919461221,41.259735428499383,2.9188536641639611,0.17660273843401258,57.287633971537815,7.3392621090532666,46.017912088311419,28.148176798834225,207.85182320116581,2.131279346216179,970.86872065378373,970.86872065378373,2476.4907831478649,2701.5092168521273,2701.5092168521273,16.600000000000001
104.25,116,3.7642288715562757,28.878771362162649,41.113566586886172,2.9120806113736091,0.17617576702975349,57.268743387877628,7.3372535616161683,46.192180085216528,27.908807549431685,208.09119245056834,2.0794997772754695,970.9205002227244,970.9205002227244,2469.5831696760924,2708.4168303238998,2708.4168303238998,16.600000000000001
104.5,116,3.759379763923175,28.909993594197616,40.967758745045138,2.905350730749106,0.17575360733790046,57.249522303792112,7.3352145908728152,46.366400022202782,27.671550967129868,208.32844903287017,2.0289944761385175,970.97100552386132,970.97100552386132,2462.6967204654043,2715.303279534588,2715.303279534588,16.600000000000001
104.75,116,3.7546333801456249,28.941393820008454,40.822310841614851,2.8986634106041085,0.17533617937446863,57.229973209867254,7.3331451819420268,46.540571176597147,27.436389079735797,208.56361092026421,1.9797319647689138,971.02026803523097,971.02026803523097,2455.8313943505136,2722.1686056494782,2722.1686056494782,16.600000000000001
105,116,3.7499887278844493,28.972971249774417,40.677221828380581,2.8920180486254967,0.17492340488365132,57.210098568831896,7.3310453238583326,46.714692825419895,27.203304043143831,208.79669595685618,1.9316815375230838,971.06831846247678,971.06831846247678,2448.9871501038278,2729.012849896164,2729.012849896164,16.600000000000001
105.25,116,3.7454448256940607,29.004725099370155,40.532490670111734,2.8854140516968467,0.17451520728948219,57.189900815949365,7.3289150094760123,46.888764245476416,26.972278141022247,209.02772185897774,1.8848132425885049,971.11518675741127,971.11518675741127,2442.1639464332256,2735.8360535667666,2735.8360535667666,16.600000000000001
105.5,116,3.7410007028986962,29.036654590323376,40.388116344400771,2.8788508357260927,0.17411151164908989,57.169382359402654,7.3267542353744162,47.062784713446831,26.743293784484671,209.25670621551532,1.8390978638478597,971.160902136152,971.160902136152,2435.3617419799807,2742.6382580200111,2742.6382580200111,16.600000000000001
105.75,116,3.7366553994700951,29.068758949771741,40.244097841503894,2.8723278254772913,0.17371224460750606,57.148545580673279,7.3245630017645578,47.236753505973326,26.516333511746755,209.48366648825325,1.7945069031611753,971.20549309683872,971.20549309683872,2428.5804953168135,2749.4195046831787,2749.4195046831787,16.600000000000001
106,116,3.7324079659065994,29.101037410418943,40.100434164183199,2.8658444544064414,0.17331733435400232,57.12739283491392,7.3223413123969747,47.410669899745322,26.291379987768394,209.70862001223159,1.7510125630620845,971.2489874369378,971.2489874369378,2421.8201649460866,2756.1798350539052,2756.1798350539052,16.600000000000001
106.25,116,3.728257463113636,29.133489210490357,39.95712432755046,2.8594001645009208,0.17292671057974227,57.105926451315256,7.320089174471069,47.584533171582407,26.068416003882756,209.93158399611727,1.7085877298459147,971.29141227015407,971.29141227015407,2415.0807092981217,2762.9192907018705,2762.9192907018705,16.600000000000001
106.5,116,3.7242029622856099,29.166113593687793,39.814167358912506,2.85299440612294,0.1725403044369557,57.084148733466613,7.3178065985456051,47.758342598515235,25.847424477411298,210.15257552258873,1.667205957060246,971.33279404293967,971.33279404293967,2408.3620867296495,2769.6379132703423,2769.6379132703423,16.600000000000001
106.75,116,3.7202435447891338,29.198909809143935,39.671562297618081,2.8466266378564229,0.17215804849933417,57.062061959711087,7.315493598450713,47.932097457864209,25.628388451266499,210.37161154873354,1.626841449371411,971.37315855062855,971.37315855062855,2401.6642555223775,2776.3357444776148,2776.3357444776148,16.600000000000001
107,116,3.7163783020476187,29.231877111376136,39.529308194906314,2.8402963263574725,0.17177987672373846,57.039668383494941,7.3131501912012089,48.105797027316171,25.411291093542005,210.58870890645798,1.5874690468087072,971.41253095319121,971.41253095319121,2394.9871738816814,2783.0128261183108,2783.0128261183108,16.600000000000001
107.25,116,3.7126063354272025,29.265014760239715,39.387404113756666,2.8340029462083969,0.17140572441320426,57.016970233711397,7.3107763969112227,48.279440584998973,25.19611569709053,210.80388430290947,1.549064209380498,971.45093579061938,971.45093579061938,2388.3307999354147,2789.6692000645776,2789.6692000645776,16.600000000000001
107.5,116,3.7089267561239696,29.298322020880978,39.245849128740417,2.8277459797748046,0.17103552818100737,56.99396971503915,7.3083722387103558,48.453027409554117,24.982845679090786,211.01715432090921,1.5116030020398235,971.48839699796008,971.48839699796008,2381.6950917328245,2796.3049082671678,2796.3049082671678,16.600000000000001
107.75,116,3.705338685052495,29.331798163689644,39.104642325873677,2.8215249170662657,0.17066922591603712,56.970669008275472,7.3059377426610421,48.626556780207366,24.771464580602547,211.22853541939745,1.4750620800137733,971.5249379199862,971.5249379199862,2375.0800072435854,2802.9199927564064,2802.9199927564064,16.600000000000001
108,116,3.7018412527356452,29.365442464251093,38.963782802471798,2.8153392555998495,0.17030675674913923,56.947070270664184,7.3034729376774523,48.800027976837434,24.561956066111584,211.43804393388842,1.4394186744658413,971.56058132553414,971.56058132553414,2368.4855043569351,2809.5144956430568,2809.5144956430568,16.600000000000001
108.25,116,3.6984335991956616,29.399254203298195,38.82326966700537,2.8091885002668948,0.16994806102060911,56.923175636218545,7.3009778554456872,48.973440280042752,24.354303923063895,211.6456960769361,1.4046505785014241,971.59534942149855,971.59534942149855,2361.9115408809171,2816.0884591190752,2816.0884591190752,16.600000000000001
108.5,116,3.6951148738464852,29.433232666662878,38.683102038957564,2.8030721632027409,0.16959308024870709,56.898987216039103,7.2984525303453776,49.146792971206366,24.148492061389909,211.8515079386101,1.3707361335015253,971.62926386649838,971.62926386649838,2355.3580745417194,2822.6419254582729,2822.6419254582729,16.600000000000001
108.75,116,3.6918842353873127,29.467377145227484,38.543279048683026,2.7969897636592695,0.16924175709911368,56.874507098626729,7.2958969993727107,49.320085332559003,23.944504513019464,212.05549548698053,1.3376542157736073,971.66234578422632,971.66234578422632,2348.8250629831182,2829.1749370168741,2829.1749370168741,16.600000000000001
109,116,3.6887408516973865,29.501686934875806,38.403799837268153,2.7909408278804824,0.16889403535545813,56.849737350190779,7.293311302064736,49.493316647240242,23.742325431386828,212.25767456861317,1.3053842235273425,971.69461577647257,971.69461577647257,2342.3124637660089,2835.6875362339829,2835.6875362339829,16.600000000000001
109.25,116,3.6856838997319596,29.536161336444113,38.264663556392726,2.7849248889804845,0.16854985989059068,56.824680014952762,7.2906954804252182,49.666486199358069,23.541939090927922,212.45806090907209,1.2739060641414555,971.72609393585844,971.72609393585844,2335.8202343680337,2842.1797656319586,2842.1797656319586,16.600000000000001
109.5,116,3.6827125654194637,29.570799655671951,38.125869368193079,2.7789414868243134,0.16820917663883569,56.79933711544534,7.2880495788517736,49.839593274046507,23.343329886568473,212.65667011343152,1.24320014173947,971.75679985826059,971.75679985826059,2329.3483321832919,2848.6516678167004,2848.6516678167004,16.600000000000001
109.75,116,3.6798260435598831,29.605601203152542,37.987416445126556,2.7729901679117366,0.1678719325692952,56.77371065280645,7.2853736440641832,50.012637157521631,23.146482333202819,212.85351766679716,1.213247345077703,971.78675265492234,971.78675265492234,2322.8967145221472,2855.1032854778446,2855.1032854778446,16.600000000000001
110,116,3.6770235377242422,29.640565294283419,37.849303969837351,2.7670704852630661,0.16753807565971474,56.74780260706946,7.2826677250343339,50.185617137135921,22.951381065166473,213.04861893483354,1.1840290356949839,971.81597096430494,971.81597096430494,2316.4653386111108,2861.5346613888814,2861.5346613888814,16.600000000000001
110.25,116,3.6743042601552571,29.675691249216868,37.711531135023783,2.7611819983076304,0.16720755487124522,56.721614937448898,7.2799318729173965,50.358532501430894,22.758010835700556,213.24198916429944,1.155527036352251,971.84447296364772,971.84447296364772,2310.0541615928005,2867.9458384071913,2867.9458384071913,16.600000000000001
110.5,116,3.6716674316691118,29.710978392810318,37.574097143306858,2.7553242727745824,0.16688032012394549,56.695149582621937,7.2771661409844066,50.531382540188119,22.566356516409158,213.43364348359083,1.1277236197462037,971.87227638025377,971.87227638025377,2303.6631405259891,2874.3368594740032,2874.3368594740032,16.600000000000001
110.75,116,3.6691122815583608,29.746426054576684,37.437001207100138,2.7494968805861126,0.1665563222730651,56.668408461005683,7.2743705845561273,50.704166544478724,22.376403096709534,213.62359690329046,1.1006014974933436,971.89939850250664,971.89939850250664,2297.2922323857169,2880.7077676142753,2880.7077676142753,16.600000000000001
111,116,3.6666380474959466,29.782033568634549,37.300242548481052,2.7436993997531256,0.16623551308614284,56.641393471030135,7.2715452609381135,50.876883806711277,22.188135683275252,213.81186431672475,1.0741438093831324,971.92585619061686,971.92585619061686,2290.9413940634863,2887.058605936506,2887.058605936506,16.600000000000001
111.25,116,3.6642439754402871,29.817800273658563,37.163820399063347,2.7379314142728686,0.16591784522065958,56.614106491407526,7.2686902293572482,51.04953362067819,22.001539499473736,213.99846050052625,1.0483341128778179,971.95166588712209,971.95166588712209,2284.6105823675211,2893.3894176324711,2893.3894176324711,16.600000000000001
111.5,116,3.6619293195414326,29.853725512829872,37.027733999871018,2.7321925140285783,0.16560327220228052,56.586549381397738,7.2658055508996728,51.222115281600551,21.816599884798219,214.18340011520175,1.0231563728562945,971.97684362714358,971.97684362714358,2278.2997540230895,2899.7002459769028,2899.7002459769028,16.600000000000001
111.75,116,3.65969334204833,29.889808633786327,36.891982601213357,2.7264822946918055,0.16529174840405528,56.558723981069384,7.2628912884496408,51.394628086171601,21.633302294292189,214.36669770570779,0.99859495162751044,972.00140504837236,972.00140504837236,2272.0088656729054,2905.9911343270869,2905.9911343270869,16.600000000000001
112,116,3.6575353132171062,29.926048988572909,36.756565462561376,2.720800357626401,0.16498322902602905,56.530632111557459,7.2599475066298966,51.567071332598694,21.45163229796955,214.54836770203045,0.97463459916645179,972.02536540083349,972.02536540083349,2265.7378738775778,2912.262126122414,2912.262126122414,16.600000000000001
112.25,116,3.6554545112203862,29.962445933592356,36.621481852425411,2.7151463097943846,0.16467767007538919,56.502275575317384,7.2569742717433696,51.739444320643905,21.271575580229953,214.72842441977002,0.95126044357869532,972.0487395564212,972.0487395564212,2259.486735116132,2918.5132648838603,2918.5132648838603,16.600000000000001
112.5,116,3.6534502220576592,29.998998829555632,36.48673104823407,2.7095197636641148,0.16437502834738821,56.4736561563751,7.2539716517159096,51.911746351663261,21.093117939268065,214.90688206073193,0.92845798180878214,972.07154201819117,972.07154201819117,2253.2554057865796,2924.7445942134127,2924.7445942134127,16.600000000000001
112.75,116,3.6515217394666535,30.035707041432595,36.352312336214268,2.7039203371202132,0.16407526140674675,56.444775620573687,7.2509397160403335,52.083976728644593,20.91624528647861,215.08375471352139,0.90621307056538203,972.09378692943449,972.09378692943449,2247.0438422065517,2930.9561577934405,2930.9561577934405,16.600000000000001
113,116,3.6496683648357031,30.072569938402836,36.218225011272622,2.698347653375234,0.16377832756955324,56.415635715816578,7.2478785357217665,52.256134756244094,20.74094364585709,215.2590563541429,0.88451191746251634,972.11548808253735,972.11548808253735,2240.8520006139856,2937.1479993860066,2937.1479993860066,16.600000000000001
113.25,116,3.6478894071171135,30.109586893806583,36.084468376877943,2.6928013408832601,0.16348418588574143,56.386238172307202,7.2447881832240961,52.428219740821604,20.567199153396064,215.43280084660395,0.86334107237681579,972.1366589276231,972.1366589276231,2234.6798371678588,2943.3201628321335,2943.3201628321335,16.600000000000001
113.5,116,3.6461841827415093,30.146757285095731,35.951041744944945,2.6872810332552821,0.16319279612208609,56.356584702785291,7.2416687324176108,52.600230990474628,20.394998056477419,215.60500194352258,0.84268741901369926,972.15731258098617,972.15731258098617,2228.5273079489748,2949.4726920510175,2949.4726920510175,16.600000000000001
113.75,116,3.6445520155331388,30.184080493785064,35.817944435719198,2.681786369176252,0.16290411874566252,56.32667700275978,7.2385202585278279,52.772167815071121,20.224326713260968,215.77567328673902,0.82253816667564428,972.17746183332429,972.17746183332429,2222.3943689607986,2955.6056310391937,2955.6056310391937,16.600000000000001
114,116,3.6429922366261454,30.221555905403598,35.68517577766314,2.6763169923238381,0.16261811490779043,56.296516750738526,7.2353428380854687,52.944029526281078,20.055171592069534,215.94482840793046,0.80288084222961464,972.19711915777043,972.19711915777043,2216.2809761303351,2961.7190238696571,2961.7190238696571,16.600000000000001
114.25,116,3.6415041843817741,30.259182909446114,35.552735107343302,2.6708725512888147,0.16233474642844536,56.266105608454751,7.2321365488775706,53.115815437606969,19.887519270770486,216.1124807292295,0.78370328227004293,972.21629671772985,972.21629671772985,2210.1870853090522,2967.81291469094,2967.81291469094,16.600000000000001
114.5,116,3.6400872043065182,30.29696089932488,35.420621769318672,2.6654526994970484,0.16205397578110581,56.235445221090345,7.2289014698997169,53.287524864412951,19.721356436154352,216.27864356384563,0.76499362547052419,972.23500637452935,972.23500637452935,2204.1126522738455,2973.8873477261468,2973.8873477261468,16.600000000000001
114.75,116,3.638740648971182,30.334889272321547,35.288835116030178,2.6600570951329967,0.16177576607800423,56.204537217496167,7.2256376813094123,53.459157123953084,19.556669883310551,216.44333011668945,0.7467403051198398,972.25325969488017,972.25325969488017,2198.0576327280446,2979.9423672719472,2979.9423672719472,16.600000000000001
115,116,3.6374638779308577,30.372967429539255,35.157374507691287,2.6546854010648309,0.16150008105584471,56.173383210409114,7.2223452643804738,53.630711535398298,19.3934465150002,216.60655348499978,0.72893204184159466,972.27106795815837,972.27106795815837,2192.0219823024554,2985.9780176975364,2985.9780176975364,16.600000000000001
115.25,116,3.6362562576458068,30.411194775854909,35.026239312179683,2.6493372847709913,0.161226885061893,56.141984796666286,7.2190243014585329,53.802187419862449,19.231673341026561,216.76832665897345,0.71155783648930804,972.28844216351069,972.28844216351069,2186.005656556441,2991.9943434435513,2991.9943434435513,16.600000000000001
115.5,116,3.6351171614032234,30.449570719871723,34.895428904930078,2.6440124182681708,0.16095614304044384,56.110343557416329,7.2156748759176095,53.97358410042721,19.071337477603205,216.92866252239676,0.69460696321320692,972.30539303678677,972.30539303678677,2180.0086109790345,2997.9913890209577,2997.9913890209577,16.600000000000001
115.75,116,3.6340459692398821,30.488094673871935,34.764942668828084,2.6387104780407551,0.16068782051968425,56.078461058327633,7.2122970721176936,54.144900902165986,18.912426146719906,217.08757385328011,0.67806896269728079,972.32193103730265,972.32193103730265,2174.0308009900882,3003.9691990099036,3003.9691990099036,16.600000000000001
116,116,3.6330420678656554,30.52676605376978,34.634779994105145,2.6334311449716439,0.16042188359891829,56.046338849793891,7.2088909753633601,54.316137152166881,18.754926675506603,217.2450733244934,0.66193363556083651,972.33806636443921,972.33806636443921,2168.0721819414516,3009.9278180585407,3009.9278180585407,16.600000000000001
116.25,116,3.6321048505878868,30.56558427906468,34.504940278234528,2.6281741042744007,0.1601582989361276,56.013978467136795,7.2054566718634012,54.487292179554579,18.598826495595709,217.40117350440431,0.64619103591969951,972.35380896408037,972.35380896408037,2162.1327091181838,3015.867290881808,3015.867290881808,16.600000000000001
116.5,116,3.6312337172366158,30.604548772794676,34.375422925828381,2.6229390454267349,0.15989703373587857,55.981381430805982,7.2019942486914461,54.658365315511411,18.44411314248266,217.55588685751732,0.6308314651049256,972.36916853489504,972.36916853489504,2156.2123377397857,3021.7876622602062,3021.7876622602062,16.600000000000001
116.75,116,3.6304280740906401,30.643658961490111,34.246227348535768,2.6177256621052898,0.15963805573757292,55.948549246576277,7.1985037937475314,54.829355893297404,18.290774254885079,217.70922574511494,0.61584546553599406,972.38415453446396,972.38415453446396,2150.311022961469,3027.6889770385233,3027.6889770385233,16.600000000000001
117,116,3.6296873338044069,30.682914275127544,34.117352964941794,2.6125336521216673,0.15938133320399975,55.915483405742265,7.194985395720658,55.000263248269448,18.138797574100661,217.86120242589936,0.60122381474237208,972.39877618525759,972.39877618525759,2144.4287198754441,3033.5712801245481,3033.5712801245481,16.600000000000001
117.25,116,3.6290109153357264,30.72231414708396,33.988799200467717,2.6073627173596559,0.15912683491018959,55.882185385310358,7.1914391440522865,55.171086717899634,17.988170943364018,218.011829056636,0.58695751953076536,972.41304248046913,972.41304248046913,2138.5653835122348,3039.434616487757,3039.434616487757,16.600000000000001
117.5,116,3.6283982438742903,30.761858014091167,33.860565487272019,2.6022125637137283,0.15887453013259151,55.848656648188104,7.1878651289007376,55.341825641792653,17.838882307202383,218.16111769279763,0.57303781029703993,972.42696218970286,972.42696218970286,2132.7209688420148,3045.279031157977,3045.279031157977,16.600000000000001
117.75,116,3.6278487507709971,30.801545316190534,33.732651264152508,2.597082901028668,0.15862438863852302,55.814898643371166,7.1842634411065118,55.512479361702461,17.690919710790627,218.30908028920939,0.55945613547618422,972.44054386452365,972.44054386452365,2126.8954307759664,3051.1045692240259,3051.1045692240259,16.600000000000001
118,116,3.6273618734680619,30.841375496687935,33.605055976449414,2.5919734430403514,0.15837638067589335,55.780912806127645,7.1806341721585074,55.683047221548023,17.544271299305645,218.45572870069435,0.54620415612741402,972.45379584387251,972.45379584387251,2121.0887241676564,3056.9112758323358,3056.9112758323358,16.600000000000001
118.25,116,3.6269370554299134,30.881348002109,33.477779075949385,2.5868839073176564,0.15813047696321342,55.746700558180109,7.1769774141611089,55.853528567428356,17.398925317280082,218.60107468271991,0.53327374065383826,972.46672625934605,972.46672625934605,2115.3008038144362,3062.699196185556,3062.699196185556,16.600000000000001
118.5,116,3.6265737460748615,30.921462282154604,33.350820020790536,2.5818140152054743,0.15788664867986357,55.712263307885088,7.1732932598021284,56.023922747636739,17.254870107955732,218.74512989204428,0.52065695965111902,972.47934304034868,972.47934304034868,2109.531624458853,3068.4683755411388,3068.4683755411388,16.600000000000001
118.75,116,3.6262714007075303,30.961717789656703,33.224178275368324,2.5767634917687521,0.15764486745660097,55.677602450410312,7.1695818023216171,56.194229112674236,17.112094112636761,218.88790588736327,0.50834608088138566,972.49165391911845,972.49165391911845,2103.7811407900836,3074.2188592099087,3074.2188592099087,16.600000000000001
119,116,3.6260294804520417,31.00211398053434,33.097853310242471,2.5717320657376281,0.15740510536632965,55.642719367909557,7.1658431354814818,56.364447015262371,16.970585870042719,219.02941412995727,0.49633356437209303,972.50366643562779,972.50366643562779,2098.0493074453766,3079.9506925546157,3079.9506925546157,16.600000000000001
119.25,116,3.6258474521859543,31.04265031375002,32.971844602044754,2.5667194694535951,0.1571673349151137,55.607615429695208,7.1620773535359152,56.53457581035525,16.830334015661499,219.16966598433854,0.48461205763582837,972.5153879423641,972.5153879423641,2092.3360790115166,3085.6639209884756,3085.6639209884756,16.600000000000001
119.5,116,3.6257247884749311,31.083326251266339,32.846151633387713,2.5617254388166457,0.15693152903341293,55.572291992408566,7.158284551202633,56.704614855150872,16.69132728110252,219.3086727188975,0.47317439100706338,972.52682560899279,972.52682560899279,2086.6414100262959,3091.3585899736963,3091.3585899736963,16.600000000000001
119.75,116,3.6256609675081437,31.124141258002886,32.720773892774297,2.5567497132333701,0.1566976610675285,55.536750400187962,7.1544648236349007,56.87456350910179,16.553554493450196,219.44644550654985,0.46201357309208757,972.53798642690765,972.53798642690765,2080.965254979998,3097.0347450199938,3097.0347450199938,16.600000000000001
120,116,3.6256554730343851,31.165094801793487,32.595710874508342,2.5517920355660193,0.15646570477127233,55.500991984834734,7.1506182663943356,57.044421133925141,16.417004574617781,219.58299542538225,0.45112278633177194,972.54887721366799,972.54887721366799,2075.307568316895,3102.6924316830969,3102.6924316830969,16.600000000000001
120.25,116,3.6257077942989122,31.206186353343657,32.470962078606028,2.5468521520825629,0.15623563429787338,55.465018065976885,7.1467449754244257,57.214187093612068,16.28166654070148,219.71833345929855,0.44049538267656552,972.55950461732323,972.55950461732323,2069.6683044367524,3108.3316955632399,3108.3316955632399,16.600000000000001
120.5,116,3.6258174259809812,31.247415386188404,32.346527010708108,2.5419298124075973,0.15600742419205807,55.428829951230853,7.1428450470248235,57.383860754436405,16.147529501335352,219.8524704986647,0.43012487936502325,972.56987512063472,972.56987512063472,2064.0474176963439,3113.9525823036483,3113.9525823036483,16.600000000000001
120.75,116,3.6259838681320811,31.288781376650299,32.222405181993089,2.5370247694741881,0.15578104938234391,55.392428936360979,7.1389185778263418,57.553441484962903,16.014582659046848,219.98541734095321,0.42000495480780836,972.57999504519194,972.57999504519194,2058.4448624109773,3119.5551375890145,3119.5551375890145,16.600000000000001
121,116,3.6262066261148584,31.33028380379783,32.098596109091226,2.5321367794766094,0.15555648517353146,55.35581630543706,7.1349656647666482,57.722928656054769,15.882815308613088,220.11718469138694,0.41012944457368111,972.58987055542616,972.58987055542616,2052.86059285602,3125.1394071439718,3125.1394071439718,16.600000000000001
121.25,116,3.6264852105427181,31.371922149404092,31.97509931399938,2.5272656018238568,0.15533370723935463,55.318993330989876,7.1309864050667011,57.892321640880681,15.752216836418169,220.24778316358189,0.40049233747303087,972.59950766252678,972.59950766252678,2047.2945632684391,3130.7054367315532,3130.7054367315532,16.600000000000001
121.5,116,3.6268191372200982,31.413695897905729,31.851914323996699,2.5224109990940731,0.15511269161533334,55.281961274164658,7.1269808962078276,58.061619814921251,15.622776719811384,220.37722328018867,0.39108777173941434,972.60891222826046,972.60891222826046,2041.7467278483391,3136.2532721516527,3136.2532721516527,16.600000000000001
121.75,116,3.6272079270834126,31.455604536362216,31.729040671561155,2.5175727369897656,0.15489341469179865,55.24472138487269,7.1229492359094806,58.230822555974953,15.494484526466531,220.50551547353351,0.38191003130553619,972.61808996869422,972.61808996869422,2036.2170407605111,3141.782959239481,3141.782959239481,16.600000000000001
122,116,3.6276511061426469,31.497647554415369,31.606477894286883,2.5127505842938187,0.15467585320709809,55.207274901940956,7.1188915221076439,58.399929244163452,15.367329913742347,220.63267008625766,0.37295354217252463,972.62704645782719,972.62704645782719,2030.7054561359826,3147.2945438640099,3147.2945438640099,16.600000000000001
122.25,116,3.6281482054236038,31.539824444249231,31.484225534802327,2.5079443128263228,0.15445998424093915,55.169623053259791,7.1148078529338878,58.568939261936578,15.241302628044375,220.75869737195566,0.36421286886614573,972.63578713113361,972.63578713113361,2025.2119280735694,3152.7880719264226,3152.7880719264226,16.600000000000001
122.5,116,3.6286987609107944,31.58213470055021,31.362283140689208,2.5031536974021398,0.15424578520790991,55.131767055928833,7.110698326695049,58.737851994076699,15.116392504188092,220.88360749581196,0.35568271098263171,972.64431728901718,972.64431728901718,2019.7364106414316,3158.2635893585607,3158.2635893585607,16.600000000000001
122.75,116,3.6293023134909577,31.624577820467533,31.240650264402273,2.4983785157892409,0.154033233851154,55.093708116401004,7.1065630418535148,58.906666827702651,14.992589464763476,221.00741053523657,0.34735789981997278,972.65264210017972,972.65264210017972,2014.2788578786287,3163.7211421213628,3163.7211421213628,16.600000000000001
123,116,3.6299584088972194,31.667153303573965,31.119326463189857,2.4936185486678095,0.1538223082362194,55.055447430624682,7.1024020970080999,59.075383152273176,14.869883519500995,221.13011648049905,0.33923339509494399,972.66076660490478,972.66076660490478,2008.8392237966818,3169.16077620331,3169.16077620331,16.600000000000001
123.25,116,3.6306665976538568,31.709860651826869,30.99831129901516,2.488873579589999,0.15361298674500959,55.016986184184162,7.0982155908755384,59.244000359589975,14.748264764639384,221.25173523536068,0.33130428173731719,972.66869571826237,972.66869571826237,2003.4174623811268,3174.5825376188654,3174.5825376188654,16.600000000000001
123.5,116,3.6314264350216874,31.752699369529559,30.877604338478363,2.4841433949404372,0.15340524806990119,54.978325552438307,7.0940036222725418,59.412517843800295,14.627723382295033,221.37227661770501,0.3235657667659172,972.67643423323375,972.67643423323375,1998.0135275930738,3179.986472406918,3179.986472406918,16.600000000000001
123.75,116,3.6322374809440574,31.795668963292929,30.757205152739477,2.4794277838974192,0.15319907120799936,54.939466700657483,7.0897662900984022,59.580935001399055,14.508249639833087,221.49175036016698,0.31601317624220693,972.68398682375755,972.68398682375755,1992.627373370764,3185.3726266292274,3185.3726266292274,16.600000000000001
124,116,3.6330992999934346,31.83876894199738,30.637113317441951,2.474726538394791,0.15299443545553615,54.900410784158744,7.0855036933181594,59.749251231230659,14.389833889240354,221.61016611075971,0.30864195230003744,972.69135804769974,972.69135804769974,1987.2589536311245,3190.741046368867,3190.741046368867,16.600000000000001
124.25,116,3.6340114613185923,31.881998816755079,30.517328412637006,2.4700394530844729,0.15279132040238413,54.86115894843936,7.0812159309463008,59.917465934490309,14.272466566500139,221.72753343349993,0.30144765024816972,972.69855234975159,972.69855234975159,1981.90822227132,3196.0917777286718,3196.0917777286718,16.600000000000001
124.5,116,3.6349735385923765,31.925358100872465,30.39785002270872,2.4653663252996454,0.15258970592670235,54.821712329308696,7.0769031020309985,60.085578514725071,14.156138190969035,221.84386180903101,0.29442593574518255,972.70557406425462,972.70557406425462,1976.5751331703027,3201.4248668296891,3201.4248668296891,16.600000000000001
124.75,116,3.6359851099600538,31.968846309813106,30.278677736299866,2.4607069550185714,0.15238957218970872,54.782072053018453,7.0725653056388458,60.253588377834397,14.040839364755721,221.95916063524433,0.28757258204481667,972.71242741795493,972.71242741795493,1971.2596401903588,3206.740359809633,3206.740359809633,16.600000000000001
125,116,3.6370457579882354,32.012462961160821,30.15981114623844,2.4560611448290151,0.15219089963056853,54.742239236391256,7.0682026408401164,60.421494932070445,13.926560772101825,222.07343922789823,0.28088346730986907,972.71911653268978,972.71911653268978,1965.9616971786531,3212.0383028213387,3212.0383028213387,16.600000000000001
125.25,116,3.6381550696143599,32.056207574583084,30.041249849464901,2.4514286998932979,0.15199366896140171,54.702214986947745,7.0638152066945032,60.589297588037994,13.81329317876493,222.18670682123513,0.27435457199280355,972.72564542800694,972.72564542800694,1960.6812579687639,3217.3187420312279,3217.3187420312279,16.600000000000001
125.5,116,3.6393126360967432,32.100079671794788,29.922993446960163,2.4468094279139527,0.15179786116240346,54.662000403032003,7.0594031022373311,60.756995758693982,13.701027431403807,222.29897256859624,0.26798197628155418,972.73201802371818,972.73201802371818,1955.4182763822189,3222.5817236177732,3222.5817236177732,16.600000000000001
125.75,116,3.6405180529651751,32.144078776522221,29.805041543674236,2.4422031390999459,0.15160345747707321,54.621596573935477,7.0549664264662644,60.924588859346848,13.589754456965871,222.41024554303422,0.26176185760900134,972.73823814239063,972.73823814239063,1950.1727062300222,3227.8272937699699,3227.8272937699699,16.600000000000001
126,116,3.641770919972068,32.188204414467386,29.68739374845558,2.437609646133517,0.15141043940755783,54.581004580019361,7.0505052783284361,61.09207630765539,13.47946526207695,222.52053473792313,0.25569048822475876,972.74430951177499,972.74430951177499,1944.9445013141774,3233.0554986858142,3233.0554986858142,16.600000000000001
126.25,116,3.643070841044147,32.232456113272619,29.570049673981156,2.4330287641375579,0.15121878871009548,54.540225492835475,7.0460197567080476,61.259457523627511,13.370150932433388,222.62984906756668,0.24976423282733456,972.75023576717228,972.75023576717228,1939.7336154292041,3238.266384570788,3238.266384570788,16.600000000000001
126.5,116,3.6444174242346659,32.276833402485444,29.453008936687134,2.4284603106435041,0.15102848739055408,54.499260375245719,7.0415099604144213,61.426731929618505,13.261802632196609,222.73819736780348,0.24397954625498974,972.75602045374467,972.75602045374467,1934.5400023636455,3243.4599976363465,3243.4599976363465,16.600000000000001
126.75,116,3.6458102816761633,32.321335813523838,29.336271156700295,2.4239041055598198,0.15083951770007714,54.458110281539994,7.0369759881704539,61.593898950329198,13.154411603390086,222.84558839661,0.23833297123457928,972.76166702876503,972.76166702876503,1929.3636159015739,3248.6363840984181,3248.6363840984181,16.600000000000001
127,116,3.647249029533735,32.365962879641636,29.21983595777008,2.4193599711409748,0.15065186213082196,54.416776257552719,7.0324179386015055,61.760958012803727,13.047969165298833,222.95203083470125,0.23282113618646472,972.76717886381323,972.76717886381323,1924.2044098240847,3253.7955901759069,3253.7955901759069,16.600000000000001
127.25,116,3.6487332879588221,32.410714135894352,29.103702967201315,2.4148277319569291,0.15046550341179052,54.375259340778001,7.0278359102246997,61.927908546427098,12.94246671387142,223.05753328612866,0.22744075308422113,972.77255924691553,972.77255924691553,1919.0623379107858,3258.9376620892062,3258.9376620892062,16.600000000000001
127.5,116,3.6502626810435141,32.455589119105198,28.98787181578755,2.4103072148631912,0.15028042450475504,54.333560560483228,7.0232300014386011,62.094749982922508,12.837895721124612,223.16210427887546,0.22218861536766013,972.77781138463206,972.77781138463206,1913.9373539412745,3264.0626460587173,3264.0626460587173,16.600000000000001
127.75,116,3.6518368367753551,32.500587367831507,28.8723421377451,2.4057982489713123,0.15009660860026883,54.291680937821447,7.0186003105133068,62.261481756348395,12.734247734550591,223.26575226544949,0.21706159590803104,972.78293840409174,972.78293840409174,1908.8294116966115,3269.1705883033801,3269.1705883033801,16.600000000000001
128,116,3.6534553869926492,32.545708422331295,28.757113570647682,2.401300665619897,0.14991403911376519,54.249621485942285,7.0139469355809005,62.428103303095291,12.631514376526873,223.36848562347322,0.21205664502410493,972.7879433549756,972.7879433549756,1903.7384649607829,3274.2615350392084,3274.2615350392084,16.600000000000001
128.25,116,3.6551179673402583,32.590951824530194,28.642185755361691,2.3968142983461078,0.14973269968174516,54.20738321010159,7.0092699746262763,62.594614061882424,12.529687343728915,223.4703126562712,0.20717078854806606,972.79282921145159,972.79282921145159,1898.6644675221539,3279.3355324778377,3279.3355324778377,16.600000000000001
128.5,116,3.6568242172258927,32.636317117988739,28.527558335982107,2.3923389828575874,0.14955257415803586,54.164967107769641,7.0045695254783427,62.761013473754112,12.428758406545459,223.57124159345463,0.20240112593911563,972.79759887406055,972.79759887406055,1893.6073731749134,3284.3926268250784,3284.3926268250784,16.600000000000001
128.75,116,3.6585737797768787,32.681803847869752,28.413230959769031,2.3878745570048792,0.14937364661013658,54.122374168738247,6.9998456858015627,62.927300982075977,12.328719408496669,223.67128059150343,0.19774482844465519,972.80225517155498,972.80225517155498,1888.567135720509,3289.4328642794831,3289.4328642794831,16.600000000000001
129,116,3.6603663017974091,32.727411560906226,28.299203277084818,2.3834208607542906,0.1491959013156407,54.079605375226315,6.9950985530878471,63.093476032530923,12.229562265655042,223.77043773434508,0.19319913730737195,972.8068008626924,972.8068008626924,1883.5437089690724,3294.4562910309196,3294.4562910309196,16.600000000000001
129.25,116,3.6622014337262585,32.773139805369325,28.185474941331826,2.3789777361612119,0.14901932275873203,54.036661701984357,6.9903282246487821,63.259538073114925,12.131278966069182,223.86872103393094,0.18876136201725691,972.81123863798246,972.81123863798246,1878.5370467408354,3299.4629532591566,3299.4629532591566,16.600000000000001
129.5,116,3.6640788295949736,32.818988131036761,28.072045608890754,2.3745450273438466,0.14884389562675668,53.993544116397551,6.9855347976081781,63.425486554132739,12.033861569190419,223.96613843080971,0.18442887860712254,972.81557112139262,972.81557112139262,1873.5471028675336,3304.452897132458,3304.452897132458,16.600000000000001
129.75,116,3.6659981469865177,32.86495608916136,27.958914939059614,2.3701225804573851,0.14866960480686539,53.950253578587748,6.980718368894947,63.591320928193269,11.937302205302343,224.06269779469775,0.1801991279908754,972.81980087200895,972.81980087200895,1868.5738311938017,3309.4261688061902,3309.4261688061902,16.600000000000001
130,116,3.6679590469943766,32.911043232440093,27.846082593993223,2.3657102436685884,0.14849643538272608,53.906791041514104,6.9758790352362867,63.7570406502049,11.841593074953252,224.15840692504685,0.1760696143433621,972.82393038565647,972.82393038565647,1863.6171855785574,3314.3828144214349,3314.3828144214349,16.600000000000001
130.25,116,3.6699611941821106,32.957249114983107,27.733548238643362,2.3613078671307455,0.14832437263130799,53.863157451072624,6.9710168931511687,63.922645177370626,11.746726448391536,224.25327355160857,0.17203790352095974,972.82796209647881,972.82796209647881,1858.677119896375,3319.3228801036171,3319.3228801036171,16.600000000000001
130.5,116,3.6720042565433575,33.003573292283285,27.621311540699455,2.3569153029590848,0.14815340201972704,53.819353746194444,6.9661320389441279,64.088133969182991,11.652694665004043,224.34730533499604,0.16810162152137142,972.8318983784784,972.8318983784784,1853.7535880388461,3324.2464119611459,3324.2464119611459,16.600000000000001
130.75,116,3.6740879054622724,33.050015321185967,27.509372170529826,2.3525324052065582,0.14798350920215816,53.775380858942931,6.9612245686993282,64.253506487419031,11.559490132757443,224.44050986724264,0.16425845298209807,972.83574154701773,972.83574154701773,1848.8465439159313,3329.1534560840605,3329.1534560840605,16.600000000000001
131,116,3.6762118156744061,33.096574759858953,27.397729801123546,2.3481590298399935,0.14781468001681133,53.731239714609721,6.9562945782749281,64.418762196134821,11.467105327642603,224.53289467235749,0.16050613971654212,972.83949386028326,972.83949386028326,1843.9559414572986,3334.0440585426932,3334.0440585426932,16.600000000000001
131.25,116,3.6783756652280131,33.143251167762784,27.286384108032848,2.3437950347166985,0.14764690048296866,53.686931231809425,6.9513421632976966,64.583900561660201,11.375532793122002,224.62446720687808,0.15684247928692602,972.84315752071279,972.84315752071279,1839.0817346136523,3338.918265386339,3338.918265386339,16.600000000000001
131.5,116,3.6805791354457873,33.190044105621311,27.175334769316056,2.3394402795613622,0.14748015679808182,53.642456322573345,6.9463674191579186,64.748921052593076,11.284765139580179,224.71523486041991,0.15326532361273468,972.84673467638709,972.84673467638709,1834.223877358048,3343.7761226419439,3343.7761226419439,16.600000000000001
131.75,116,3.6828219108870179,33.236953135392532,27.064581465481098,2.335094625943325,0.14731443533492811,53.597815892442092,6.9413704410045431,64.913823139793848,11.194795043777303,224.80520495622278,0.14977257761401402,972.85022742238573,972.85022742238573,1829.3823236871967,3348.6176763127946,3348.6176763127946,16.600000000000001
132,116,3.6851036793101639,33.28397782023967,26.95412387942957,2.3307579372542451,0.14714972263882323,53.553010840556986,6.9363513237405945,65.078606296379618,11.10561524830579,224.89438475169433,0.14636219788875646,972.85363780211105,972.85363780211105,1824.5570276227579,3353.4429723772341,3353.4429723772341,16.600000000000001
132.25,116,3.6874241316358378,33.331117724502583,26.84396169640133,2.3264300786860592,0.14698600542489132,53.508042059750515,6.9313101620188364,65.243269997718215,11.017218561050067,224.98278143895004,0.14303219142348039,972.85696780857631,972.85696780857631,1819.7479432126186,3358.2520567873735,3358.2520567873735,16.600000000000001
132.5,116,3.6897829619101983,33.378372413669382,26.734094603919615,2.3221109172093151,0.1468232705753883,53.46291043663561,6.926247050237655,65.407813721422258,10.929597854649401,225.07040214535073,0.13978061433605615,972.86021938566375,972.86021938566375,1814.9550245321623,3363.0449754678298,3363.0449754678298,16.600000000000001
132.75,116,3.69217986726875,33.425741454348312,26.62452229173671,2.3178003215518781,0.14666150513707749,53.417616851693872,6.9211620825371956,65.5722369473431,10.842746065963937,225.15725393403616,0.13660557064994183,972.86339442934991,972.86339442934991,1810.1782256855231,3367.8217743144687,3367.8217743144687,16.600000000000001
133,116,3.6946145479005335,33.473224414239994,26.515244451780134,2.3134981621779183,0.14650069631865809,53.372162179362782,6.9160553527957189,65.736539157564636,10.756656195543837,225.24334380445626,0.13350521109924884,972.86649478890058,972.86649478890058,1805.4175008068305,3372.5824991931613,3372.5824991931613,16.600000000000001
133.25,116,3.6970867070127151,33.520820862109808,26.406260778099352,2.3092043112672518,0.14634083148824556,53.32654728812188,6.9109269546261736,65.900719836396959,10.671321307101582,225.32867869289851,0.13047773196381307,972.86952226803601,972.86952226803601,1800.6728040614382,3377.3271959385534,3377.3271959385534,16.600000000000001
133.5,116,3.6995960507955674,33.568530367760587,26.297570966813009,2.3049186426950108,0.14618189817090185,53.280773040577827,6.9057769813729886,66.064778470370101,10.586734526987478,225.41326547301261,0.12752137393350627,972.87247862606625,972.87247862606625,1795.944089647144,3382.0559103528481,3382.0559103528481,16.600000000000001
133.75,116,3.702142288387829,33.616352502005633,26.189174716056652,2.3006410320115749,0.14602388404621033,53.23484029354865,6.9006055261090751,66.228714548227686,10.502889043668301,225.49711095633177,0.12463442100075262,972.87536557899898,972.87536557899898,1791.2313117953934,3386.7686882045987,3386.7686882045987,16.600000000000001
134,116,3.7047251318424537,33.664286836641885,26.081071725930997,2.2963713564228527,0.14586677694590111,53.188749898146803,6.8954126816330348,66.392527560920257,10.419778107209181,225.58022189279092,0.12181519938103803,972.87818480061867,972.87818480061867,1786.5344247724729,3391.4655752275189,3391.4655752275189,16.600000000000001
134.25,116,3.7073442960927263,33.712332944423473,25.973261698450639,2.2921094947708585,0.14571056485152045,53.142502699861318,6.8901985404665584,66.556217001598966,10.337395028758648,225.66260497124142,0.11906207646045763,972.88093792353914,972.88093792353914,1781.8533828806906,3396.1466171193015,3396.1466171193015,16.600000000000001
134.5,116,3.7099994989187608,33.76049039903539,25.865744337493364,2.2878553275145861,0.14555523589214081,53.096099538639024,6.8849631948520429,66.719782365608708,10.255733180036906,225.74426681996317,0.11637345976972932,972.88362654023001,972.88362654023001,1777.1881404595426,3400.8118595404489,3400.8118595404489,16.600000000000001
134.75,116,3.7126904609143616,33.808758775067545,25.758519348749839,2.2836087367111664,0.14540077834212423,53.049541248964708,6.8797067367503502,66.883223150481683,10.174785992827305,225.82521400717278,0.11374779598372387,972.88625220401593,972.88625220401593,1772.5386518868679,3405.4613481131241,3405.4613481131241,16.600000000000001
135,116,3.7154169054542483,33.85713764798902,25.651586439673849,2.2793696059973203,0.14524718061892117,53.002828659940391,6.874429257838786,67.046538855930592,10.094546958471055,225.90545304152903,0.11118356994622915,972.88881643005345,972.88881643005345,1767.9048715799884,3410.0951284200037,3410.0951284200037,16.600000000000001
135.25,116,3.7181785586616463,33.905626594122559,25.544945319433044,2.2751378205710786,0.14509443128091423,52.955962595363694,6.8691308495092427,67.209728983841885,10.015009627365153,225.98499037263491,0.10867930371916203,972.89132069628056,972.89132069628056,1763.2867539968379,3414.7132460031544,3414.7132460031544,16.600000000000001
135.5,116,3.7209751493762253,33.954225190619375,25.438595698860102,2.2709132671737526,0.1449425190253128,52.908943873805235,6.8638116028664937,67.372793038268966,9.9361676084635153,226.06383239153655,0.10623355565576048,972.8937664443439,972.8937664443439,1758.6842536370775,3419.315746362915,3419.315746362915,16.600000000000001
135.75,116,3.7238064091224015,34.002933015434117,25.332537290404439,2.2666958340722294,0.14479143268606737,52.861773308685073,6.8584716087266919,67.53573052542535,9.858014568781396,226.14198543121867,0.10384491949672695,972.89615508050304,972.89615508050304,1754.0973250431978,3423.9026749567943,3423.9026749567943,16.600000000000001
136,116,3.726672072077974,34.051749647300227,25.226769808084331,2.2624854110414994,0.14464116123183601,52.814451708348358,6.8531109576160061,67.698540953677835,9.7805442329029919,226.21945576709709,0.10151202348920969,972.89848797651052,972.89848797651052,1749.5259228016091,3428.4740771983834,3428.4740771983834,16.600000000000001
136.25,116,3.7295718750431206,34.100674665705398,25.121292967439555,2.2582818893474403,0.14449169376398796,52.766979876139956,6.8477297397694166,67.861223833539498,9.7037503824923146,226.29624961750775,0.099233529527859007,972.90076647047192,972.90076647047192,1744.9700015437161,3433.0299984562766,3433.0299984562766,16.600000000000001
136.5,116,3.732505557409723,34.149707650867384,25.016106485484446,2.2540851617299116,0.14434301951463627,52.719358610478253,6.8423280451296797,68.023778677662946,9.6276268558072626,226.37237314419281,0.097008132317597126,972.9029918676822,972.9029918676822,1740.4295159469823,3437.5704840530107,3437.5704840530107,16.600000000000001
136.75,116,3.7354728611310346,34.198848183710027,24.911210080661476,2.2498951223860368,0.1441951278447165,52.671588704928091,6.8369059633464202,68.186205000833127,9.5521675472169889,226.44783245278308,0.094834558557160026,972.90516544144259,972.90516544144259,1735.90442073598,3442.0955792640125,3442.0955792640125,16.600000000000001
137,116,3.7384735306916794,34.248095845839543,24.806603472795228,2.2457116669537389,0.14404800824209971,52.623670948272846,6.8314635837753723,68.348502319960573,9.477366406722453,226.52263359327762,0.092711566143118887,972.90728843385671,972.90728843385671,1731.3946706834281,3446.6053293165646,3446.6053293165646,16.600000000000001
137.25,116,3.7415073130779843,34.297450219521004,24.702286383046864,2.2415346924955468,0.14390165031973626,52.575606124585626,6.8260009954777665,68.510670154074319,9.403217439480251,226.59678256051981,0.090637943393965539,972.90936205660591,972.90936205660591,1726.9002206112148,3451.0997793887782,3451.0997793887782,16.600000000000001
137.5,116,3.7445739577486306,34.34691088765517,24.598258533869043,2.2373640974826086,0.14375604381383769,52.52739501329966,6.8205182872198442,68.672708024314886,9.3297147053296676,226.67028529467041,0.08861250829367287,972.91138749170614,972.91138749170614,1722.42102539141,3455.5789746085825,3455.5789746085825,16.600000000000001
137.75,116,3.7476732166056332,34.396477433755436,24.49451964896123,2.2331997817789229,0.14361117858209296,52.479038389277818,6.8150155474725089,68.834615453927299,9.2568523183229399,226.74314768167713,0.086634107754258213,972.91336589224557,972.91336589224557,1717.9570399472636,3460.0429600527291,3460.0429600527291,16.600000000000001
138,116,3.7508048439656396,34.446149441925151,24.391069453225558,2.2290416466258751,0.14346704460190962,52.430537022881339,6.8094928644111032,68.996391968254102,9.1846244462588018,226.81537555374129,0.084701616896640713,972.91529838310328,972.91529838310328,1713.5082192541902,3464.4917807458028,3464.4917807458028,16.600000000000001
138.25,116,3.7539685965315375,34.495926496835047,24.287907672722998,2.2248895946269265,0.14332363196869344,52.381891680037704,6.8039503259153058,69.158037094728243,9.1130253102192267,226.88697468978083,0.082813938349692764,972.91718606165023,972.91718606165023,1709.0745183407407,3468.9254816592525,3468.9254816592525,16.600000000000001
138.5,116,3.7571642333643807,34.545808183701055,24.185034034630071,2.2207435297325531,0.14318093089415801,52.333103122307762,6.7983880195691553,69.319550362866167,9.0420491841094037,226.95795081589068,0.080970001566841671,972.91902999843307,972.91902999843307,1704.6558922895633,3473.3441077104294,3473.3441077104294,16.600000000000001
138.75,116,3.7603915158556225,34.595794088262252,24.082448267195925,2.2166033572254182,0.14303893170466775,52.284172106951949,6.792806032661165,69.48093130426075,8.9716903942009054,227.02830960579917,0.079168762159969458,972.92083123783993,972.92083123783993,1700.2522962383487,3477.7477037616441,3477.7477037616441,16.600000000000001
139,116,3.7636502076996496,34.64588379675908,23.980150099699873,2.212468983705715,0.14289762483960577,52.23509938699587,6.7872044521845867,69.642179452574226,8.9019433186781498,227.09805668132191,0.07740920124970059,972.92259079875021,972.92259079875021,1695.8636853807639,3482.1363146192293,3482.1363146192293,16.600000000000001
139.25,116,3.766940074866624,34.696076895911801,23.878139262409356,2.2083403170767424,0.14275700084977441,52.185885711294972,6.7815833648377479,69.803294343531277,8.8328023871879964,227.16719761281206,0.075690324832147382,972.92430967516771,972.92430967516771,1691.4900149673731,3486.5099850326201,3486.5099850326201,16.600000000000001
139.5,116,3.7702608855756177,34.746372972899216,23.776415486538315,2.2042172665306881,0.1426170503958244,52.136531824598563,6.7759428570245142,69.964275514911947,8.7642620803925873,227.23573791960749,0.074011163161523896,972.92598883683831,972.92598883683831,1687.1312403065454,3490.8687596934474,3490.8687596934474,16.600000000000001
139.75,116,3.7736124102680453,34.796771615337612,23.674978504205978,2.2000997425346158,0.14247776424670278,52.087038467612935,6.7702830148548596,70.125122506544784,8.696316929525377,227.30368307047468,0.072370770148318067,972.9276292298515,972.9276292298515,1682.7873167653504,3495.2126832346426,3495.2126832346426,16.600000000000001
140,116,3.7769944215813891,34.847272411259894,23.573828048396077,2.1959876568166474,0.14233913327813749,52.037406377063839,6.7646039241455211,70.285834860299644,8.6289615159503725,227.37103848404968,0.070768222772442796,972.92923177722741,972.92923177722741,1678.4581997704408,3499.5418002295523,3499.5418002295523,16.600000000000001
140.25,116,3.7804066943232102,34.897874949095034,23.472963852916482,2.1918809223523379,0.14220114847115009,51.987636285758178,6.7589056704207433,70.446412120080979,8.5621904707245324,227.43780952927551,0.069202620511066015,972.93079737948869,972.93079737948869,1674.1438448089227,3503.8561551910707,3503.8561551910707,16.600000000000001
140.5,116,3.7838490054454463,34.948578817647693,23.372385652359217,2.1877794533512507,0.1420638009105874,51.937728922644929,6.7531883389131293,70.606853831820757,8.4959984741633825,227.50400152583669,0.067673084780851198,972.93232691521905,972.93232691521905,1669.8442074292113,3508.1557925707816,3508.1557925707816,16.600000000000001
140.75,116,3.7873211340189941,34.999383606078077,23.272093182060921,2.1836831652437003,0.1419270817836876,51.887685012875444,6.7474520145645611,70.76715954347155,8.4303802554097675,227.56961974459031,0.06617875839419439,972.93382124160564,972.93382124160564,1665.5592432418773,3512.4407567581152,3512.4407567581152,16.600000000000001
141,116,3.7908228612085684,35.05028890388207,23.172086178063648,2.1795919746676669,0.1417909823786804,51.837505277862924,6.7416967820271969,70.927328804999746,8.3653305920057832,227.63466940799429,0.064718805029143511,972.9352811949708,972.9352811949708,1661.2889079204788,3516.7110920795139,3516.7110920795139,16.600000000000001
141.25,116,3.7943539702478355,35.101294300871537,23.072364377076166,2.175505799455951,0.14165549408338179,51.787190435341202,6.7359227256645919,71.087361168378564,8.3008443094678714,227.69915569053219,0.063292408712380246,972.93670759128747,972.93670759128747,1657.0331572023804,3520.9668427976121,3520.9668427976121,16.600000000000001
141.5,116,3.7979142464148268,35.152399387154915,22.972927516435547,2.1714245586234528,0.14152060838383851,51.736741199422866,6.7301299295528665,71.2472561875813,8.23691628086506,227.76308371913504,0.061898773315320961,972.93810122668447,972.93810122668447,1652.7919468895618,3525.2080531104307,3525.2080531104307,16.600000000000001
141.75,116,3.8015034770076119,35.203603753118024,22.873775334069222,2.1673481723546475,0.14138631686298878,51.68615828065662,6.7243184774819555,71.407013418574437,8.1735414264003161,227.82645857359975,0.060537122062805211,972.9394628779371,972.9394628779371,1648.565232849412,3529.4347671505807,3529.4347671505807,16.600000000000001
142,116,3.8051214513202516,35.25490698940505,22.774907568457412,2.1632765619912844,0.14125261119932739,51.635442386083987,6.7184884529569571,71.566632419310906,8.110714712995053,227.88928528700504,0.059206697054194908,972.94079330294562,972.94079330294562,1644.3529710155135,3533.6470289844792,3533.6470289844792,16.600000000000001
142.25,116,3.8087679606190048,35.306308686899833,22.676323958595923,2.1592096500201601,0.14111948316562614,51.584594219295276,6.7126399391995148,71.726112749723384,8.0484311538767486,227.95156884612334,0.057906758796273688,972.94209324120368,972.94209324120368,1640.1551173884129,3537.8448826115796,3537.8448826115796,16.600000000000001
142.5,116,3.8124427981187994,35.35780843670733,22.578024243959351,2.1551473600611106,0.14098692462765913,51.533614480484992,6.7067730191492796,71.885453971717467,7.9866858081696668,228.01331419183043,0.056636585747931505,972.94336341425196,972.94336341425196,1635.9716280363784,3542.0283719636141,3542.0283719636141,16.600000000000001
142.75,116,3.8161457589599683,35.40940583013532,22.480008164464689,2.1510896168551716,0.14085492754294801,51.482503866506491,6.7008877754654517,72.044655649165122,7.9254737804886792,228.0745262195114,0.05539547387625246,972.94460452612361,972.94460452612361,1631.8024590961484,3546.1975409038446,3546.1975409038446,16.600000000000001
143,116,3.8198766401852322,35.461100458676313,22.382275460435228,2.1470363462528494,0.14072348395954137,51.431263070925958,6.6949842905283559,72.203717347897921,7.8647902205361664,228.13520977946391,0.054182736223776187,972.94581726377601,972.94581726377601,1627.6475667736643,3550.3524332263282,3550.3524332263282,16.600000000000001
143.25,116,3.8236352407169409,35.512891913989733,22.284825872564973,2.1429874752025868,0.14059258601480565,51.379892784075835,6.6890626464411067,72.362638635700563,7.8046303227020015,228.19536967729809,0.052997702486523315,972.94700229751334,972.94700229751334,1623.5069073447958,3554.493092655197,3554.493092655197,16.600000000000001
143.5,116,3.8274213613345642,35.564779787884262,22.187659141883298,2.1389429317394115,0.14046222593422958,51.328393693107429,6.6831229250313235,72.521419082304178,7.7449893256665963,228.25501067433348,0.051839718602529741,972.94816028139735,972.94816028139735,1619.3804371560498,3558.6195628439427,3558.6195628439427,16.600000000000001
143.75,116,3.8312348046524263,35.616763672300479,22.090775009720062,2.1349026449736912,0.14033239603026063,51.276766482043044,6.6771652078528989,72.680058259379905,7.6858625120069952,228.31413748799307,0.050708146350749043,972.94929185364913,972.94929185364913,1615.2681126252712,3562.7318873747213,3562.7318873747213,16.600000000000001
144,116,3.8350753750976927,35.668843159293615,21.994173217671072,2.1308665450800555,0.14020308870115694,51.225011831827373,6.6711895761878219,72.838555740532399,7.6272452078060056,228.37275479219406,0.049602362959991673,972.95039763703994,972.95039763703994,1611.1698902423302,3566.8301097576623,3566.8301097576623,16.600000000000001
144.25,116,3.8389428788885924,35.721017841016675,21.897853507563866,2.1268345632864976,0.14007429642985844,51.173130420378286,6.66519611104804,72.996911101293335,7.5691327822643597,228.43086721773571,0.048521760727703284,972.95147823927221,972.95147823927221,1607.0857265697987,3570.914273430194,3570.914273430194,16.600000000000001
144.5,116,3.8428371240128834,35.773287309703598,21.801815621423962,2.122806631863547,0.13994601178287902,51.121122922636999,6.6591848931773905,73.155123919115113,7.5115206473158933,228.48847935268418,0.04746574664810202,972.9525342533517,972.9525342533517,1603.0155782436148,3574.9844217563777,3574.9844217563777,16.600000000000001
144.75,116,3.8467579202065525,35.8256511576528,21.706059301441371,2.1187826841136403,0.13981822740921621,51.068990010617689,6.6531560030535601,73.313193773364418,7.4544042572457254,228.54559574275433,0.046433742049738831,972.95356625795023,972.95356625795023,1598.959401973736,3579.0405980262567,3579.0405980262567,16.600000000000001
145,116,3.850705078932755,35.878108977210879,21.610584289937524,2.1147626543606162,0.13969093603927882,51.016732353456376,6.6471095208901039,73.471120245315987,7.3977791083114246,228.60222089168866,0.045425182242092896,972.95457481775782,972.95457481775782,1594.9171545447821,3583.0828454552111,3583.0828454552111,16.600000000000001
145.25,116,3.8546784133609782,35.930660360756448,21.515390329332526,2.1107464779393492,0.13956413048381847,50.964350617459303,6.6410455266385249,73.628902918146352,7.3416407383671407,228.65835926163294,0.044439516171072703,972.95556048382878,972.95556048382878,1590.8887928166653,3587.1112071833277,3587.1112071833277,16.600000000000001
145.5,116,3.8586777383464415,35.983304900684388,21.420477162112803,2.1067340911855235,0.13943780363289993,50.911845466150652,6.6349640999903565,73.786541376927644,7.2859847264907218,228.71401527350935,0.043476206083000332,972.95652379391697,972.95652379391697,1586.8742737252098,3591.1257262747831,3591.1257262747831,16.600000000000001
145.75,116,3.8627028704097195,36.036042189390059,21.325844530799081,2.1027254314255321,0.13931194845487854,50.859217560319713,6.6288653203793046,73.944035208621372,7.2308066926137675,228.76919330738627,0.042534727197038526,972.95746527280289,972.95746527280289,1582.8735542827615,3595.1264457172315,3595.1264457172315,16.600000000000001
146,116,3.8667536277165921,36.088871819253974,21.231492177914699,2.0987204369665164,0.13918655799539065,50.806467558067418,6.6227492669834298,74.101384002072422,7.1761022971546149,228.82389770284544,0.041614567385810521,972.95838543261402,972.95838543261402,1578.8865915787849,3599.1134084212081,3599.1134084212081,16.600000000000001
146.25,116,3.8708298300581148,36.141793382626496,21.137419845954295,2.0947190470865023,0.13906162537638114,50.753596114852407,6.616616018727334,74.258587348002976,7.1218672406542414,228.87813275934582,0.040715226864039541,972.95928477313578,972.95928477313578,1574.9133427804493,3603.0866572195441,3603.0866572195441,16.600000000000001
146.5,116,3.8749312988309086,36.194806471812818,21.043627277352833,2.0907212020246808,0.13893714379513622,50.700603883536353,6.610465654284388,74.41564483900649,7.0680972634150914,228.93190273658499,0.039836217884928263,972.96016378211493,972.96016378211493,1570.9537651332057,3607.0462348667875,3607.0462348667875,16.600000000000001
146.75,116,3.8790578570176715,36.247910679058222,20.950114214454981,2.0867268429718315,0.13881310652331283,50.647491514428857,6.6042982520790421,74.572556069541861,7.0147881451427834,228.98521185485728,0.038977064444053584,972.96102293555577,972.96102293555577,1567.0078159613518,3610.9921840386414,3610.9921840386414,16.600000000000001
147,116,3.8832093291678982,36.301105596533425,20.856880399484805,2.0827359120608411,0.13868950690601017,50.594259655331726,6.5981138902891088,74.729320635927394,6.9619357045906956,229.03806429540938,0.038137301990724008,972.9618626980091,972.9618626980091,1563.075452668586,3614.9245473314072,3614.9245473314072,16.600000000000001
147.25,116,3.8873855413788165,36.354390816320212,20.763925574515842,2.0787483523573549,0.13856633836084176,50.540908951582658,6.5919126468481002,74.885938136335071,6.9095357992074264,229.09046420079267,0.037316477146530899,972.96268352285335,972.96268352285335,1559.1566327385526,3618.8433672614406,3618.8433672614406,16.600000000000001
147.5,116,3.8915863212765363,36.407765930397353,20.671249481441475,2.0747641078506023,0.13844359437699968,50.487440046098399,6.5856945994476339,75.042408170784753,6.8575843247870729,229.14241567521299,0.036514147430968397,972.96348585256897,972.96348585256897,1555.251313735376,3622.7486862646174,3622.7486862646174,16.600000000000001
147.75,116,3.8958114979973995,36.461230530626537,20.578851861945658,2.0707831234442171,0.13832126851438897,50.433853579417352,6.5794598255397698,75.198730341138486,6.8060772151223912,229.19392278487769,0.035729880993773451,972.96427011900607,972.96427011900607,1551.3594533041821,3626.6405466958113,3626.6405466958113,16.600000000000001
148,116,3.9000609021695447,36.514784208738654,20.486732457473998,2.0668053449472641,0.13819935440273592,50.380150189741691,6.573208402339433,75.354904251094737,6.7550104416607404,229.24498955833934,0.034963256354021893,972.96503674364578,972.96503674364578,1547.4810091716136,3630.5189908283796,3630.5189908283796,16.600000000000001
148.25,116,3.9043343658946705,36.568426556320283,20.394891009205121,2.0628307190653521,0.13807784574071749,50.326330512978871,6.56694040682686,75.510929506182947,6.7043800131628402,229.29561998683724,0.034213862145713057,972.96578613785414,972.96578613785414,1543.6159391463323,3634.3840608536607,3634.3840608536607,16.600000000000001
148.5,116,3.9086317227300018,36.622157164800313,20.30332725802241,2.0588591933917995,0.13795673629512942,50.272395182782653,6.5606559157500053,75.666805713757867,6.6541819753643141,229.34581802463575,0.033481296869751383,972.96651870313019,972.96651870313019,1539.7642011195107,3638.2357988804824,3638.2357988804824,16.600000000000001
148.75,116,3.9129528076704529,36.675975625436827,20.212040944486056,2.0548907163989965,0.13783601990003297,50.218344830593594,6.5543550056270465,75.822532482994134,6.6044124106400224,229.39558758936005,0.032765168652017257,972.96723483134781,972.96723483134781,1535.9257530653167,3642.0742469346769,3642.0742469346769,16.600000000000001
149,116,3.9172974571309949,36.72988152930418,20.12103180880543,2.0509252374298428,0.1377156904559263,50.164180085678943,6.5480377527488747,75.978109424880842,6.5550674376711306,229.44493256232894,0.032065095007489747,972.96793490499249,972.96793490499249,1532.1005530413854,3645.8994469586078,3645.8994469586078,16.600000000000001
149.25,116,3.9216655089292094,36.783874467280306,20.030299590811779,2.0469627066892668,0.13759574192893712,50.109901575172174,6.5417042331815916,76.133536152216124,6.5061432111149404,229.49385678888513,0.031380702610258944,972.96861929738964,972.96861929738964,1528.2885591892841,3649.7114408107091,3649.7114408107091,16.600000000000001
149.5,116,3.9260568022680427,36.837954030034162,19.939844029931276,2.0430030752358874,0.13747616835002008,50.055509924111789,6.5353545227690359,76.288812279601856,6.4576359212774319,229.54236407872264,0.030711627069287661,972.96928837293069,972.96928837293069,1524.4897297349644,3653.5102702650292,3653.5102702650292,16.600000000000001
149.75,116,3.9304711777187467,36.892119808013433,19.849664865158335,2.0390462949737662,0.13735696381416793,50.001005755479781,6.5289886971353157,76.443937423438499,6.4095417937885237,229.59045820621154,0.030057512709744535,972.96994248729015,972.96994248729015,1520.7040229892057,3657.2959770107882,3657.2959770107882,16.600000000000001
150,116,3.9349084772040106,36.94637139143245,19.759761835029281,2.035092318644212,0.13723812247964423,49.946389690239577,6.5226068316873524,76.59891120191979,6.3618570892800337,229.63814291072006,0.029418012359716448,972.97058198764023,972.97058198764023,1516.9313973480516,3661.068602651942,3661.068602651942,16.600000000000001
150.25,116,3.9393685439812822,37.000708370260227,19.670134677596348,2.0311410998177357,0.13711963856721945,49.891662347373433,6.5162090016174341,76.753733235027681,6.3145781030663173,229.68542189693375,0.028792787142286367,972.97120721285762,972.97120721285762,1513.171811293234,3664.8281887067596,3664.8281887067596,16.600000000000001
150.5,116,3.9438512226262668,37.055130334208833,19.580783130401976,2.0271925928860814,0.13700150635941927,49.836824343919304,6.5097952819057925,76.908403144527298,6.2677011648275602,229.73229883517251,0.02818150627277238,972.97181849372726,972.97181849372726,1509.4252233925879,3668.5747766074055,3668.5747766074055,16.600000000000001
150.75,116,3.9483563590166182,37.109636872721829,19.491706930453383,2.0232467530543476,0.13688372019977252,49.781876295007343,6.5033657473232083,77.062920553961803,6.2212226382957327,229.77877736170436,0.027583846861047277,972.97241615313897,972.97241615313897,1505.6915923004599,3672.3084076995337,3672.3084076995337,16.600000000000001
151,116,3.9528838003158038,37.164227574962986,19.402905814197542,2.0193035363332199,0.13676627449209511,49.726818813895811,6.4969204724335752,77.217285088647628,6.1751389209431657,229.82486107905692,0.026999493718680097,972.97300050628132,972.97300050628132,1501.9708767581046,3676.029123241889,3676.029123241889,16.600000000000001
151.25,116,3.9574333949571554,37.2189020298052,19.314379517496373,2.0153628995312793,0.13664916369976757,49.671652512006503,6.4904595315965041,77.371496375669437,6.1294464436737535,229.87055355632634,0.026428139170926346,972.973571860829,972.973571860829,1498.263035594073,3679.7369644059204,3679.7369644059204,16.600000000000001
151.5,116,3.9620049926280911,37.2736598258196,19.226127775602311,2.0114248002474078,0.13653238234502565,49.61637799895977,6.4839829989699362,77.525554043875402,6.0841416705167441,229.91585832948334,0.025869482873379358,972.9741305171267,972.9741305171267,1494.5680277245922,3683.4319722754012,3683.4319722754012,16.600000000000001
151.75,116,3.9665984442545184,37.328500551264781,19.138150323134127,2.0074891968632524,0.13641592500829383,49.560995882609049,6.4774909485126884,77.679457723872432,6.0392210983231163,229.96077890167695,0.025323231633214909,972.97467676836686,972.97467676836686,1490.8858121539347,3687.1141878460589,3687.1141878460589,16.600000000000001
152,116,3.971213601985407,37.383423794076315,19.050446894053117,2.0035560485358079,0.13629978632748876,49.505506769074884,6.4709834539870918,77.83320704802145,5.994681256464534,230.00531874353553,0.024789099234813657,972.97521090076521,972.97521090076521,1487.2163479747821,3690.7836520252113,3690.7836520252113,16.600000000000001
152.25,116,3.9758503191775358,37.438429141856453,18.963017221639525,1.9996253151900807,0.1361839609973422,49.449911262778485,6.4644605889616136,77.986801650432781,5.9505187065348384,230.04948129346522,0.024266806269720165,972.97573319373032,972.97573319373032,1483.5595943685764,3694.4404056314174,3694.4404056314174,16.600000000000001
152.5,116,3.9805084503804089,37.493516181864017,18.875861038469328,1.9956969575118204,0.13606844376875013,49.394209966474904,6.4579224268134432,78.140241166961601,5.9067300420540887,230.09326995794598,0.023756079970838031,972.97624392002922,972.97624392002922,1479.9155106058654,3698.084489394128,3698.084489394128,16.600000000000001
152.75,116,3.9851878513213408,37.548684501004466,18.788978076391292,1.9917709369403653,0.1359532294481052,49.338403481285617,6.4513690407311417,78.293525235203333,5.8633118881751045,230.13668811182495,0.023256654050748598,972.97674334594922,972.97674334594922,1476.2840560466393,3701.7159439533543,3701.7159439533543,16.600000000000001
153,116,3.9898883788907047,37.603933685820216,18.702368066504313,1.9878472156615798,0.13583831289663476,49.282492406730761,6.44480050371729,78.446653494489269,5.8202609013925217,230.17973909860754,0.022768268544041171,972.97723173145596,972.97723173145596,1472.6651901406576,3705.334809859336,3705.334809859336,16.600000000000001
153.25,116,3.994609891127352,37.659263322481053,18.616030739135113,1.9839257566007928,0.13572368902980197,49.226477340760901,6.438216888591044,78.599625585882194,5.7775737692543396,230.22242623074573,0.022290669653497245,972.97770933034644,972.97770933034644,1469.0588724277691,3708.9411275722246,3708.9411275722246,16.600000000000001
153.5,116,3.9993522472041896,37.714672996774816,18.529965823816148,1.980006523415891,0.13560935281666486,49.170358879788338,6.4316182679907739,78.752441152172025,5.7352472100759249,230.26475278992413,0.021823609600132732,972.97817639039988,972.97817639039988,1465.4650625382226,3712.5349374617708,3712.5349374617708,16.600000000000001
153.75,116,4.0041153074139189,37.77016229409827,18.44417304926391,1.9760894804904603,0.13549529927926252,49.114137618717983,6.4250047143766809,78.90509983787156,5.6932779726564773,230.3067220273436,0.021366846476945704,972.97863315352311,972.97863315352311,1461.8837201929705,3716.1162798070231,3716.1162798070231,16.600000000000001
154,116,4.0088989331549403,37.825730799448131,18.358652143357414,1.9721745929269412,0.13538152349204341,49.057814150977833,6.4183763000333416,79.057601289212272,5.6516628359979224,230.34833716400215,0.020920144106317949,972.9790798558937,972.9790798558937,1458.3148052039619,3719.6851947960313,3719.6851947960313,16.600000000000001
154.25,116,4.0137029869174095,37.881378097412302,18.273402833117071,1.9682618265399807,0.13526802058123763,49.001389068548967,6.411733097072374,79.209945154140229,5.6103986090262419,230.38960139097381,0.020483271900878137,972.97951672809904,972.97951672809904,1454.7582774744319,3723.2417225255613,3723.2417225255613,16.600000000000001
154.5,116,4.0185273322694508,37.937103772161308,18.188424844683791,1.9643511478497797,0.13515478572427836,48.944862961995078,6.4050751774350205,79.362131082311919,5.5694821303151931,230.43051786968488,0.020056004727846712,972.97994399527215,972.97994399527215,1451.2140969991799,3726.7859030008131,3726.7859030008131,16.600000000000001
154.75,116,4.0233718338435258,37.992907407439951,18.103717903298421,1.9604425240755172,0.13504181414923,48.888236420491673,6.3984026128947322,79.514158725090297,5.5289102678124236,230.47108973218766,0.01963812277673185,972.98036187722323,972.98036187722323,1447.682223864841,3730.3177761351521,3730.3177761351521,16.600000000000001
155,116,4.0282363573229611,38.04878858655907,18.019281733281414,1.9565359231288966,0.1349291011342072,48.831510031854748,6.3917154750597751,79.666027735540823,5.4886799185679491,230.51132008143213,0.0192294114303233,972.98077058856961,972.98077058856961,1444.1626182501498,3733.8373817498432,3733.8373817498432,16.600000000000001
155.25,116,4.033120769428618,38.104746892387602,17.935116058012831,1.9526313136077069,0.13481664200682109,48.774684382569149,6.3850138353757977,79.817737768427563,5.4487880084650007,230.55121199153507,0.018829661138838844,972.98117033886115,972.98117033886115,1440.6552404261963,3737.3447595737966,3737.3447595737966,16.600000000000001
155.5,116,4.0380249379057149,38.160781907344685,17.851220599912629,1.9487286647894511,0.1347044321436342,48.717760057816399,6.3782977651283934,79.969288480209357,5.4092314919531956,230.59076850804689,0.018438667297178996,972.98156133270288,972.98156133270288,1437.1600507566757,3740.8399492433177,3740.8399492433177,16.600000000000001
155.75,116,4.0429487315108101,38.216893213392133,17.767595080421188,1.9448279466250709,0.13459246696961416,48.660737641502259,6.3715673354456692,80.120679529036053,5.370007351784043,230.62999264821602,0.018056230125230232,972.98194376987465,972.98194376987465,1433.6770096981274,3744.3229903018655,3744.3229903018655,16.600000000000001
156,116,4.0478920199989066,38.27308039202692,17.684239219980171,1.9409291297327214,0.1344807419575948,48.603617716283743,6.3648226173008045,80.271910574744822,5.3311125987487431,230.66888740125131,0.017682154551128978,972.98231784544873,972.98231784544873,1430.2060778001721,3747.7939221998213,3747.7939221998213,16.600000000000001
156.25,116,4.0528546741107325,38.329343024273975,17.601152738013624,1.9370321853916019,0.13436925262774177,48.546400863595828,6.3580636815146212,80.422981278856426,5.2925442714182926,230.70745572858178,0.017316250097415123,972.98268374990255,972.98268374990255,1426.7472157057355,3751.2527842942582,3751.2527842942582,16.600000000000001
156.5,116,4.0578365655601374,38.385680690679123,17.518335352909393,1.9331370855358851,0.13425799454703927,48.489087663677694,6.3512905987580925,80.573891304571745,5.2542994358858444,230.7457005641142,0.016958330769949091,972.98304166922992,972.98304166922992,1423.3003841512698,3754.6996158487236,3754.6996158487236,16.600000000000001
156.75,116,4.0628375670216537,38.442092971302174,17.435786782000793,1.9292438027486809,0.1341469633287708,48.431678695598606,6.344503439554896,80.724640316768102,5.2163751855113434,230.78362481448872,0.01660821494960513,972.98339178505034,972.98339178505034,1419.865543966966,3758.1344560330272,3758.1344560330272,16.600000000000001
157,116,4.0678575521181788,38.498579445710277,17.353506741548554,1.9253523102560663,0.13403615463201443,48.374174537283345,6.3377022742839175,80.875227981995934,5.1787686406683902,230.82123135933168,0.016265725286627414,972.98373427471336,972.98373427471336,1416.4426560769589,3761.5573439230343,3761.5573439230343,16.600000000000001
157.25,116,4.0728963954088204,38.555139692971331,17.271494946723053,1.9214625819211633,0.1339255641611781,48.316575765537394,6.3308871731816891,81.025653968475368,5.1414769484933291,230.85852305150672,0.015930688597614352,972.98406931140244,972.98406931140244,1413.0316814995253,3764.9683185004678,3764.9683185004678,16.600000000000001
157.5,116,4.0779539723768572,38.611773291647722,17.18975111158683,1.9175745922382998,0.13381518766548273,48.258882956071524,6.3240582063449384,81.175917946092767,5.1044972826365607,230.89550271736351,0.015602935764992982,972.98439706423494,972.98439706423494,1409.6325813472768,3768.3674186527169,3768.3674186527169,16.600000000000001
157.75,116,4.0830301594178486,38.66847981979015,17.108274949077348,1.9136883163272149,0.13370502093848796,48.201096683526181,6.3172154437330423,81.326019586397564,5.0678268430160269,230.93217315698405,0.015282301638993554,972.9847176983609,972.9847176983609,1406.245316827343,3771.7546831726504,3771.7546831726504,16.600000000000001
158,116,4.0881248338278766,38.72525885493166,17.027066170990061,1.9098037299273205,0.13359505981762609,48.143217521495409,6.3103589551704786,81.475958562598947,5.031462855572892,230.96853714442719,0.014968624942036051,972.98503137505793,972.98503137505793,1402.8698492415524,3775.1301507584408,3775.1301507584408,16.600000000000001
158.25,116,4.0932378737919226,38.782109974081912,16.946124487961704,1.9059208093920568,0.13348530018369947,48.085246042550288,6.3034888103493376,81.62573454956275,4.9954025720293593,231.00459742797074,0.014661748175486516,972.98533825182449,972.98533825182449,1399.5061399866029,3778.4938600133905,3778.4938600133905,16.600000000000001
158.5,116,4.0983691583723747,38.839032753721554,16.865449609453918,1.9020395316832703,0.13337573796042548,48.027182818262261,6.2966050788317505,81.775347223808225,4.9596432696486632,231.04035673035142,0.014361517528685969,972.98563848247124,972.98563848247124,1396.1541505542277,3781.8458494457655,3781.8458494457655,16.600000000000001
158.75,116,4.1035185674976704,38.896026769796805,16.785041243737084,1.8981598743656318,0.13326636911399964,47.969028419225779,6.2897078300522686,81.924796263505073,4.9241822509971671,231.07581774900291,0.014067782790208875,972.98593221720978,972.98593221720978,1392.8138425313546,3785.1861574686391,3785.1861574686391,16.600000000000001
159,116,4.1086859819510639,38.953091597714185,16.704899097874453,1.8942818156011449,0.13315718965262904,47.910783415080864,6.2827971333203037,82.074081348470457,4.8890168437085793,231.1109831562915,0.013780397261317903,972.98621960273863,972.98621960273863,1389.4851776002574,3788.5148223997357,3788.5148223997357,16.600000000000001
159.25,116,4.1138712833595221,39.010226812335539,16.625022877706542,1.890405334143676,0.13304819562610032,47.852448374535051,6.2758730578225057,82.223202160165954,4.8541444002502745,231.14585559974981,0.01349921767154645,972.98650078232845,972.98650078232845,1386.168117538705,3791.8318824612888,3791.8318824612888,16.600000000000001
159.5,116,4.1190743541827608,39.067431987973002,16.545412287835791,1.8865304093335047,0.13293938312537584,47.794023865385242,6.2689356726250658,82.372158381694859,4.8195622976916779,231.18043770230841,0.013224104096364124,972.98677589590363,972.98677589590363,1382.8626242200967,3795.137375779897,3795.137375779897,16.600000000000001
159.75,116,4.1242950777023859,39.124706698384436,16.466067031611473,1.8826570210920281,0.1328307482821203,47.735510454538911,6.2619850466761644,82.520949697799125,4.7852679374747389,231.21473206252531,0.012954919876826948,972.98704508012327,972.98704508012327,1379.5686596136015,3798.4313403863921,3798.4313403863921,16.600000000000001
160,116,4.1295333380111723,39.18205051676884,16.38698681111488,1.8787851499164301,0.13272228726829574,47.67690870803515,6.2550212488082799,82.669575794856812,4.7512587451864361,231.24874125481364,0.01269153154122641,972.98730846845876,972.98730846845876,1376.286185784284,3801.7138142157096,3801.7138142157096,16.600000000000001
160.25,116,4.134789020002466,39.239463015761977,16.30817132714477,1.8749147768744232,0.13261399629574736,47.618219191065265,6.2480443477405005,82.818036360879134,4.7175321703333237,231.28246782966676,0.012433808728654459,972.98756619127141,972.98756619127141,1373.0151648932267,3804.9848351067667,3804.9848351067667,16.600000000000001
160.5,116,4.1400620093597054,39.296943767432289,16.229620279203075,1.8710458835990926,0.13250587161576771,47.559442467993037,6.2410544120808806,82.966331085507989,4.6840856861180882,231.31591431388196,0.012181624114460325,972.98781837588558,972.98781837588558,1369.7555591976463,3808.2444408023475,3808.2444408023475,16.600000000000001
160.75,116,4.1453521925460626,39.354492343276789,16.151333365480852,1.8671784522836981,0.13239790951871347,47.50057910237463,6.2340515103286869,83.114459660013253,4.6509167892181251,231.34908321078194,0.011934853337501545,972.98806514666251,972.98806514666251,1366.5073310510056,3811.492668948988,3811.492668948988,16.600000000000001
161,116,4.1506594567942079,39.412108314217285,16.073310282844517,1.8633124656765672,0.13229010633360505,47.441629656978222,6.2270357108766659,83.262421777290271,4.6180229995660866,231.38197700043398,0.01169337492919157,972.98830662507089,972.98830662507089,1363.2704429031178,3814.7295570968759,3814.7295570968759,16.600000000000001
161.25,116,4.15598369009619,39.469791250596728,15.995550726822314,1.8594479070760435,0.13218245842772949,47.382594693803199,6.2200070820133044,83.410217131857266,4.5854018601324045,231.41459813986768,0.01145707024428555,972.98854292975579,972.98854292975579,1360.0448573002438,3817.9551426997496,3817.9551426997496,16.600000000000001
161.5,116,4.1613247811934357,39.527540722175736,15.918054391591056,1.8555847603254487,0.13207496220625009,47.323474774099012,6.2129656919250706,83.55784541985301,4.5530509367097789,231.4469490632903,0.01122582339337078,972.98877417660674,972.98877417660674,1356.8305368851907,3821.169463114803,3821.169463114803,16.600000000000001
161.75,116,4.1666826195668643,39.585356298129255,15.840820969963115,1.8517230098081128,0.13196761411182231,47.264270458383827,6.2059116086986306,83.705306339034337,4.5209678176995967,231.47903218230047,0.010999521176997542,972.98900047882307,972.98900047882307,1353.6274443973946,3824.3725556025993,3824.3725556025993,16.600000000000001
162,116,4.1720570954271174,39.643237547043462,15.763850153373653,1.8478626404424601,0.13186041062421427,47.204982306462632,6.1988449003230413,83.852599588773842,4.4891501139002852,231.51084988609981,0.010778053021410697,972.98922194697866,972.98922194697866,1350.4355426730085,3827.5644573269851,3827.5644573269851,16.600000000000001
162.25,116,4.1774480997049013,39.701184036912771,15.687141631868137,1.8440036376771163,0.13175334825993082,47.145610877445165,6.191765634691941,83.999724870057562,4.4575954582975692,231.54240454170252,0.010561310915865653,972.98943868908418,972.98943868908418,1347.254794644977,3830.7452053550164,3830.7452053550164,16.600000000000001
162.5,116,4.182855524041444,39.759195335137065,15.610695094090071,1.8401459874860633,0.13164642357185175,47.086156729763466,6.1846738796056853,84.146681885482707,4.4263015058566317,231.57369849414346,0.010349189351475292,972.98965081064853,972.98965081064853,1344.0851633431098,3833.9148366568838,3833.9148366568838,16.600000000000001
162.75,116,4.1882792607790655,39.817271008519015,15.534510227268994,1.8362896763638357,0.13153963314889497,47.026620421189072,6.1775697027734298,84.29347033925562,4.3952659333161437,231.60473406668393,0.010141585261559578,972.98985841473848,972.98985841473848,1340.9266118941471,3837.0733881058463,3837.0733881058463,16.600000000000001
163,116,4.1937192029518551,39.875410623261686,15.458586717208732,1.8324346913207601,0.13143297361563272,46.967002508849951,6.1704531718153062,84.440089937189455,4.3644864389841747,231.6355135610159,0.0099383979634236029,972.99006160203658,972.99006160203658,1337.7791035218243,3840.2208964781694,3840.2208964781694,16.600000000000001
163.25,116,4.1991752442764589,39.933613744966181,15.382924248275904,1.8285810198782306,0.13132644163195406,46.907303549247068,6.1633243542644829,84.586540386702211,4.3339607425359468,231.66603925746415,0.0097395291015754566,972.99026047089853,972.99026047089853,1334.6426015469265,3843.3573984530676,3843.3573984530676,16.600000000000001
163.5,116,4.2046472791429776,39.991879938629559,15.307522503388642,1.8247286500640276,0.13122003389272285,46.84752409827059,6.1561833175692255,84.732821396814629,4.3036865848134207,231.69631341518667,0.0095448825923249124,972.99045511740769,972.99045511740769,1331.5170693873422,3846.4829306126512,3846.4829306126512,16.600000000000001
163.75,116,4.210135202605966,40.050208768642939,15.232381164005592,1.8208775704077065,0.13111374712739102,46.787664711215875,6.1490301290950464,84.878932678148232,4.2736617276267088,231.72633827237337,0.0093543645697453156,972.99064563543027,972.99064563543027,1328.4024705581107,3849.5975294418827,3849.5975294418827,16.600000000000001
164,116,4.2156389103755449,40.108599798789626,15.157499910115163,1.8170277699359771,0.13100757809969241,46.72772594279904,6.1418648561266718,85.024873942923307,4.2438839535572974,231.75611604644277,0.0091678833329302441,972.99083211666721,972.99083211666721,1325.2987686714634,3852.70123132853,3852.70123132853,16.600000000000001
164.25,116,4.2211582988086196,40.167052592243543,15.082878420224981,1.8131792381681406,0.13090152360730856,46.667708347172265,6.1346875658700428,85.170644904957101,4.2143510657630578,231.78564893423703,0.0089853492945425641,972.99101465070555,972.99101465070555,1322.2059274368632,3855.7940725631302,3855.7940725631302,16.600000000000001
164.5,116,4.2266932649001863,40.225566711567751,15.008516371351629,1.8093319651115747,0.13079558048152623,46.607612477938844,6.1274983254543409,85.316245279661928,4.1850608877850277,231.81493911221506,0.0088066749306179616,972.99119332506939,972.99119332506939,1319.1239106610356,3858.8760893389581,3858.8760893389581,16.600000000000001
164.75,116,4.2322437062747742,40.284141718713151,14.9344134390106,1.8054859412572162,0.13068974558694182,46.547438888167804,6.1202972019338917,85.461674784043396,4.1560112633559712,231.84398873664409,0.0086317747315960199,972.99136822526839,972.99136822526839,1316.0526822479965,3861.9473177519972,3861.9473177519972,16.600000000000001
165,116,4.2378095211779518,40.342777175017325,14.86056929720651,1.8016411575750975,0.13058401582115059,46.487188130408349,6.1130842622900934,85.606933136698643,4.1272000562106728,231.87279994378937,0.0084605651545372664,972.99153943484544,972.99153943484544,1312.9922061990774,3865.0077938009163,3865.0077938009163,16.600000000000001
165.25,116,4.2433906084679602,40.401472641203647,14.786983618423543,1.7977976055099578,0.1304783881143996,46.426860756703924,6.1058595734333991,85.752020057814619,4.0986251498979769,231.90137485010209,0.0082929645764909764,972.99170703542359,972.99170703542359,1309.942446612944,3868.0575533870497,3868.0575533870497,16.600000000000001
165.5,116,4.248986867607436,40.460227677380381,14.713656073616136,1.7939552769768377,0.13037285942929736,46.366457318605924,6.0986232022051752,85.896935269166477,4.0702844475945419,231.92971555240553,0.0081288932490074534,972.99187110675109,972.99187110675109,1306.9033676856106,3871.0966323143825,3871.0966323143825,16.600000000000001
165.75,116,4.2545981986552368,40.519041843040135,14.640586332199891,1.7901141643567333,0.13026742676050537,46.305978367187272,6.0913752153795846,86.041678494115857,4.0421758719203007,231.95782412807975,0.0079682732537531796,972.99203172674629,972.99203172674629,1303.8749337104514,3874.1250662895422,3874.1250662895422,16.600000000000001
166,116,4.2602245022583602,40.577914697059313,14.567774062042758,1.7862742604923227,0.13016208713440752,46.245424453055477,6.084115679665496,86.186249457609378,4.0142973647556159,231.98570263524445,0.0078110284592110254,972.99218897154083,972.99218897154083,1300.8571090782059,3877.1428909217875,3877.1428909217875,16.600000000000001
166.25,116,4.2658656796439658,40.636845797697831,14.495218929456412,1.7824355586836402,0.13005683760884237,46.184796126365605,6.076844661708245,86.33064788617709,3.9866468870601066,232.01335311293997,0.0076570844784128265,972.99234291552159,972.99234291552159,1297.8498582769816,3880.150141723012,3880.150141723012,16.600000000000001
166.5,116,4.2715216326114893,40.695834702598916,14.422920599187893,1.7785980526838461,0.12995167527279769,46.124093936832828,6.0695622280914723,86.474873507931008,3.9592224186931513,232.04077758130694,0.0075063686277086483,972.99249363137233,972.99249363137233,1294.8531458922503,3883.1468541077434,3883.1468541077434,16.600000000000001
166.75,116,4.2771922635248547,40.754880968789166,14.350878734411472,1.7747617366950097,0.12984659724611897,46.063318433744733,6.0622684453389084,86.618926052563609,3.9320219582360294,232.06797804176404,0.0073588098865335488,972.99264119011355,972.99264119011355,1291.866936606843,3886.1330633931502,3886.1330633931502,16.600000000000001
167,116,4.2828774753047796,40.813984152678607,14.279092996720742,1.7709266053638724,0.12974160067924548,46.002470165973385,6.0549633799160905,86.762805251346521,3.9050435228157028,232.09495647718438,0.0072143388581504308,972.99278566114185,972.99278566114185,1288.8911952009387,3889.1088047990543,3889.1088047990543,16.600000000000001
167.25,116,4.2885771714211698,40.873143810061038,14.207563046120962,1.7670926537777405,0.12963668275290449,45.941549681987027,6.0476470982321464,86.906510837129076,3.8782851479302254,232.12171485206986,0.0070728877313387039,972.99292711226872,972.99292711226872,1285.9258865520503,3892.0741134479426,3892.0741134479426,16.600000000000001
167.5,116,4.2942912558856134,40.932359496114557,14.136288541021603,1.763259877460345,0.1295318406778376,45.880557529861527,6.0403196666415004,87.050042544337046,3.8517448872757543,232.14825511272431,0.0069343902430122019,972.99306560975697,972.99306560975697,1282.9709756350055,3895.0290243649874,3895.0290243649874,16.600000000000001
167.75,116,4.3000196332439637,40.991630765402107,14.065269138229166,1.7594282723677408,0.12942707169452836,45.819494257291538,6.0329811514455578,87.193400108971318,3.825420812575163,232.17457918742494,0.0067987816417416748,972.99320121835831,972.99320121835831,1280.0264275219256,3897.9735724780676,3897.9735724780676,16.600000000000001
168,116,4.3057622085690115,41.050957171872277,13.994504492940166,1.755597834884276,0.12932237307293293,45.75836041160138,6.0256316188943604,87.336583268606745,3.7993110134082313,232.20068898659187,0.0066659986521669526,972.99333400134788,972.99333400134788,1277.0922073821982,3900.9077926177947,3900.9077926177947,16.600000000000001
168.25,116,4.3115188874532482,41.110338268860232,13.923994258734421,1.7517685618185226,0.12921774211221471,45.69715653975566,6.0182711351882263,87.479591762390811,3.7734135970434077,232.22658640295668,0.006535979440254012,972.99346402055971,972.99346402055971,1274.1682804824479,3903.831719517545,3903.831719517545,16.600000000000001
168.5,116,4.3172895760017163,41.169773609088772,13.853738087568496,1.7479404503992737,0.12911317614048384,45.635883188369633,6.01089976647937,87.622425331042606,3.7477266882711295,232.25227331172897,0.0064086635793991573,972.99359133642065,972.99359133642065,1271.2546121865028,3906.7453878134907,3906.7453878134907,16.600000000000001
168.75,116,4.3230741808249515,41.229262744669605,13.78373562976943,1.7441134982715676,0.12900867251453857,45.574540903719225,6.0035175788734811,87.765083716851635,3.7222484292386784,232.27775157076141,0.0062839920173511001,972.99371600798258,972.99371600798258,1268.3511679553567,3909.6488320446369,3909.6488320446369,16.600000000000001
169,116,4.3288726090320111,41.288805227104696,13.713986534028649,1.7402877034927282,0.12890422861958253,45.513130231750871,5.9961246384313629,87.907566663676675,3.6969769792865739,232.30302302071354,0.0061619070439321143,972.99383809295603,972.99383809295603,1265.4579133471289,3912.5420866528643,3912.5420866528643,16.600000000000001
169.25,116,4.3346847682235783,41.348400607287864,13.644490447396128,1.7364630645284487,0.1287998418689893,45.451651718091007,5.9887210111704388,88.049873916944861,3.6719105147864788,232.32808948521364,0.006042352259534086,972.99395764774044,972.99395764774044,1262.5748140170203,3915.4251859829728,3915.4251859829728,16.600000000000001
169.5,116,4.3405105664851762,41.408048435506394,13.575247015274758,1.732639580248895,0.12869550970404628,45.390105908055368,5.9813067630662768,88.192005223650526,3.6470472289806057,232.35295277101952,0.0059252725443749744,972.99407472745565,972.99407472745565,1259.7018357172653,3918.2981642827281,3918.2981642827281,16.600000000000001
169.75,116,4.3463499123804379,41.467748261442964,13.506255881414953,1.7288172499248327,0.12859122959370126,45.32849334665795,5.9738819600541184,88.333960332354323,3.6223853318226209,232.3776146681775,0.0058106140284959343,972.99418938597148,972.99418938597148,1256.8389442970797,3921.1610557029139,3921.1610557029139,16.600000000000001
170,116,4.3522027149444842,41.527499634177495,13.437516687909463,1.7249960732237644,0.12848699903435701,45.26681457861978,5.966446668030251,88.475738993182262,3.5979230498200163,232.40207695018009,0.0056983240624863662,972.99430167593755,972.99430167593755,1253.9861057026067,3924.0138942973867,3924.0138942973867,16.600000000000001
170.25,116,4.3580688836773689,41.58730210218939,13.369029075188413,1.721176050206118,0.12838281554960584,45.205070148377395,5.9590009528535219,88.617340957824823,3.5736586258779579,232.42634137412216,0.0055883511889041008,972.99441164881102,972.99441164881102,1251.1432859768586,3926.8567140231348,3926.8567140231348,16.600000000000001
170.5,116,4.3639483285376164,41.647155213359767,13.300792682014558,1.717357181321447,0.1282786766899946,45.143260600091054,5.9515448803467628,88.758765979536051,3.5495903191445781,232.45040968085553,0.0054806451143862367,972.9945193548856,972.9945193548856,1248.3104512596556,3929.6895487403376,3929.6895487403376,16.600000000000001
170.75,116,4.369840959935833,41.707058514973887,13.232807145478768,1.713539467404654,0.12817458003280144,45.081386477652721,5.9440785162981573,88.900013813132787,3.5257164048577105,232.47428359514242,0.0053751566824313587,972.99462484331752,972.99462484331752,1245.4875677875618,3932.5124322124316,3932.5124322124316,16.600000000000001
171,116,4.3757466887284009,41.767011553723734,13.165072100995721,1.7097229096722744,0.12807052318176879,45.019448324693712,5.9366019264627026,89.041084214993717,3.5020351741930553,232.49796482580706,0.0052718378468377472,972.99472816215314,972.99472816215314,1242.6746018938175,3935.3253981061762,3935.3253981061762,16.600000000000001
171.25,116,4.3816654262112591,41.827013875710762,13.097587182299801,1.7059075097187371,0.12796650376689594,44.957446684592242,5.9291151765635144,89.1819769430587,3.4785449341137555,232.52145506588636,0.0051706416457750152,972.9948293583542,972.9948293583542,1239.871520008269,3938.1284799917248,3938.1284799917248,16.600000000000001
171.5,116,4.387597084113751,41.887065026448695,13.030352021441239,1.702093269512662,0.12786251944421764,44.895382100480568,5.9216183322931473,89.32269175682805,3.4552440072213773,232.54475599277873,0.0050715221764788274,972.99492847782358,972.99492847782358,1237.078288657294,3940.9217113426994,3940.9217113426994,16.600000000000001
171.75,116,4.3935415745925646,41.947164550866567,12.963366248782446,1.6982801913931975,0.12775856789557066,44.833255115251994,5.9141114593149195,89.463228417361776,3.4321307316082845,232.56786926839183,0.0049744345705533474,972.99502556542939,972.99502556542939,1234.2948744637254,3943.7051255362685,3943.7051255362685,16.600000000000001
172,116,4.3994988102257384,42.007311993311824,12.896629492994563,1.6944682780663305,0.12765464682839767,44.771066271567605,5.9065946232641444,89.603586687278849,3.4092034607113848,232.59079653928873,0.0048793349698682958,972.99512066503007,972.99512066503007,1231.5212441467713,3946.4787558532225,3946.4787558532225,16.600000000000001
172.25,116,4.4054687040067515,42.067506897553606,12.830141381054224,1.6906575326012712,0.12755075397551949,44.708816111862745,5.8990678897494107,89.743766330756714,3.3864605631672489,232.61353943683287,0.0047861805030293778,972.99521381949694,972.99521381949694,1228.757364521932,3949.2426354780614,3949.2426354780614,16.600000000000001
172.5,116,4.4114511693386866,42.127748806786229,12.763901538240541,1.6868479584268508,0.12744688709491414,44.646505178353209,5.8915313243538261,89.883767113530553,3.3639004226685825,232.63609957733155,0.0046949292624122512,972.99530507073757,972.99530507073757,1226.0032025009157,3951.9967974990782,3951.9967974990782,16.600000000000001
172.75,116,4.4174461200284689,42.188037263632708,12.69790958813228,1.6830395593279195,0.12734304396951329,44.584134013041293,5.8839849926362078,90.023588802892689,3.3415214378220401,232.65847856217809,0.0046055402817474344,972.99539445971823,972.99539445971823,1223.2587250915487,3954.7412749084451,3954.7412749084451,16.600000000000001
173,116,4.423453470281185,42.248371810148399,12.632165152605264,1.6792323394418061,0.12723922240698726,44.521703157721525,5.8764289601322739,90.163231167692032,3.3193220220073676,232.68067797799276,0.0045179735142435798,972.99548202648566,972.99548202648566,1220.5238993976855,3957.4761006023082,3957.4761006023082,16.600000000000001
173.25,116,4.4294731346944607,42.308751987824941,12.566667851829978,1.6754263032547643,0.12713542023954255,44.459213153986191,5.8688632923557922,90.302693978333622,3.2973006032378716,232.70269939676228,0.0044321898112304617,972.99556781018873,972.99556781018873,1217.7986926191149,3960.2013073808789,3960.2013073808789,16.600000000000001
173.5,116,4.435505028252936,42.369177337594181,12.501417304269367,1.6716214555984363,0.12703163532372364,44.396664543230621,5.8612880547997062,90.441977006778046,3.2754556240221855,232.72454437597796,0.0043481509013114312,972.99565184909864,972.99565184909864,1215.0830720514623,3962.9169279485313,3962.9169279485313,16.600000000000001
173.75,116,4.4415490663227892,42.429647399832255,12.436413126676864,1.6678178016463601,0.12692786554021201,44.334057866658284,5.8537033129372382,90.581080026540945,3.2537855412273444,232.74621445877281,0.0042658193700155266,972.99573418062982,972.99573418062982,1212.3770050860919,3965.6229949139015,3965.6229949139015,16.600000000000001
174,116,4.4476051646463484,42.490161714363865,12.371654934094613,1.6640153469104726,0.12682410879362008,44.271393665285593,5.8461091322229981,90.720002812692599,3.2322888259431326,232.76771117405701,0.0041851586399362251,972.99581484136002,972.99581484136002,1209.680459210005,3968.3195407899884,3968.3195407899884,16.600000000000001
174.25,116,4.4536732393367657,42.550719820466661,12.307142339851884,1.6602140972376471,0.12672036301229445,44.208672479946529,5.8385055780940425,90.858745141857497,3.2109639633477154,232.78903603665242,0.0041061329513421849,972.99589386704849,972.99589386704849,1206.9934020057347,3971.0065979942592,3971.0065979942592,16.600000000000001
174.5,116,4.4597532068727679,42.611321256875755,12.242874955563712,1.6564140588062577,0.12661662614812608,44.145894851296994,5.830892715970899,90.997306792213919,3.1898094525745213,232.81019054742561,0.0040287073432488793,972.99597129265658,972.99597129265658,1204.3158011512407,3973.6841988487531,3973.6841988487531,16.600000000000001
174.75,116,4.4658449840934749,42.67196556178834,12.178852391129729,1.6526152381227481,0.12651289617635242,44.083061319818981,5.8232706112585975,91.135687543493489,3.168823806580388,232.83117619341974,0.0039528476349427067,972.99604715236489,972.99604715236489,1201.6476244197993,3976.3523755801943,3976.3523755801943,16.600000000000001
175,116,4.4719484881932834,42.732652272868478,12.115074254733182,1.6488176420182239,0.12640917109538413,44.020172425824533,5.8156393293476185,91.273887176980963,3.1480055520149373,232.85199444798519,0.0038785204079463376,972.99612147959181,972.99612147959181,1198.9888396798917,3979.0111603201021,3979.0111603201021,16.600000000000001
175.25,116,4.4780636367168292,42.793380927251981,12.051540152840184,1.6450212776450601,0.12630544892662476,43.957228709459407,5.8079989356148385,91.411905475513777,3.1273532290911823,232.87264677090894,0.0038056929884119346,972.99619430701148,972.99619430701148,1196.3394148950899,3981.6605851049039,3981.6605851049039,16.600000000000001
175.5,116,4.4841903475540077,42.854151061551462,11.988249690199124,1.641226152473533,0.12620172771427227,43.89423071070663,5.8003494954245074,91.549742223481843,3.1068653914573572,232.89313460854277,0.0037343334299308707,972.99626566656991,972.99626566656991,1193.69931812394,3984.3006818760537,3984.3006818760537,16.600000000000001
175.75,116,4.4903285389350662,42.914962211861486,11.925202469840315,1.6374322742884626,0.12609800552515063,43.831178969389732,5.7926910741291291,91.687397206827114,3.0865406060699456,232.91345939393017,0.003664410496754335,972.99633558950313,972.99633558950313,1191.0685175198455,3986.9314824801481,3986.9314824801481,16.600000000000001
176,116,4.4964781294257623,42.975813913763886,11.862398093075804,1.6336396511858857,0.12599428044851863,43.768074025175842,5.785023737070377,91.824870213043468,3.0663774530679118,232.93362254693221,0.0035958936474126514,972.99640410635243,972.99640410635243,1188.4469813309433,3989.5530186690498,3989.5530186690498,16.600000000000001
176.25,116,4.5026390379225862,43.036705702333158,11.799836159499403,1.6298482915697492,0.1258905505958765,43.704916417578524,5.7773475495800035,91.96216103117635,3.0463745256481145,232.95362547435204,0.0035287530187236042,972.99647124698117,972.99647124698117,1185.8346778999858,3992.1653221000079,3992.1653221000079,16.600000000000001
176.5,116,4.5088111836480511,43.097637112142024,11.737516266986898,1.6260582041486018,0.12578681410080569,43.641706685960415,5.7696625769806387,92.099269451822536,3.0265304299418943,232.97346957005823,0.0034629594101781304,972.99653704058971,972.99653704058971,1183.2315756642106,3994.768424335783,3994.768424335783,16.600000000000001
176.75,116,4.5149944861460485,43.158607677267064,11.675438011696466,1.6222693979323153,0.12568306911879054,43.578445369535665,5.7619688845866275,92.236195267130043,3.0068437848928298,232.99315621510729,0.0033984842686978528,972.99660151573119,972.99660151573119,1180.6376431552158,3997.3623568447774,3997.3623568447774,16.600000000000001
177,116,4.5211888652772689,43.219616931294532,11.613600988069264,1.6184818822287905,0.12557931382708182,43.515133007372221,5.7542665377047371,92.372938270797803,2.9873132221356409,233.01268677786447,0.003335299673753261,972.99666470032605,972.99666470032605,1178.0528489988303,3999.9471510011635,3999.9471510011635,16.600000000000001
177.25,116,4.527394241214683,43.280664407326192,11.552004788830235,1.6146956666407271,0.12547554642450243,43.451770138393783,5.7465556016349959,92.509498258075652,2.9679373858762403,233.03206261412387,0.0032733783228340273,972.996726621677,972.996726621677,1175.477161914981,4002.5228380850126,4002.5228380850126,16.600000000000001
177.5,116,4.5336105344390862,43.341749637985444,11.490649004989082,1.6109107610623792,0.12537176513129528,43.388357301381681,5.7388361416713956,92.645875025764084,2.9487149327729179,233.05128506722721,0.0032126935172632613,972.99678730648259,972.99678730648259,1172.9105507175611,4005.0894492824327,4005.0894492824327,16.600000000000001
177.75,116,4.5398376657347095,43.402872155423452,11.429533225841446,1.6071271756763701,0.12526796818892005,43.324895034976436,5.7311082231027077,92.782068372214042,2.9296445318186466,233.07035546818148,0.0031532191483495428,972.99684678085146,972.99684678085146,1170.352984314294,4007.6470156856999,4007.6470156856999,16.600000000000001
178,116,4.5460755561848822,43.464031491325407,11.368657038970264,1.6033449209504718,0.12516415385991539,43.261383877679208,5.7233719112131238,92.918078097326926,2.9107248642245014,233.08927513577564,0.0030949296838632058,972.99690507031585,972.99690507031585,1167.8044317065958,4010.1955682933981,4010.1955682933981,16.600000000000001
178.25,116,4.5523241271677719,43.525227176916928,11.308020030247324,1.599564007634422,0.12506032042773452,43.197824367853038,5.715627271282937,93.053904002554475,2.8919546233041782,233.10804537669594,0.0030378001548335438,972.99696219984492,972.99696219984492,1165.2648619894373,4012.7351380105561,4012.7351380105561,16.600000000000001
178.5,116,4.5585833003521712,43.586458742970542,11.247621783834985,1.5957844467567424,0.12495646619659651,43.134217043723844,5.7078743685891729,93.189545890898586,2.8733325143596122,233.1266674856405,0.0029818061426564791,972.99701819385712,972.99701819385712,1162.7342443512014,4015.2657556487925,4015.2657556487925,16.600000000000001
178.75,116,4.5648529976933521,43.647725719812321,11.18746188218811,1.5920062496215845,0.12485258949132733,43.070562443381299,5.7001132684062208,93.325003566911377,2.8548572545676723,233.14514274543245,0.0029269237665077506,972.99707307623328,972.99707307623328,1160.2125480735394,4017.7874519264542,4017.7874519264542,16.600000000000001
179,116,4.571133141428974,43.70902763732866,11.12753990605616,1.5882294278055957,0.12474868865719772,43.006861104779468,5.6923440360064577,93.460276836695044,2.8365275728679311,233.16347242713221,0.0028731296710536409,972.99712687032877,972.99712687032877,1157.6997425312293,4020.3002574687644,4020.3002574687644,16.600000000000001
179.25,116,4.5774236540750586,43.77036402497307,11.067855434485484,1.5844539931547923,0.12464476205977251,42.943113565737207,5.684566736660817,93.595365507901846,2.8183422098514983,233.18165779014865,0.0028204010144492445,972.99717959898533,972.99717959898533,1155.1957971920267,4022.8042028079672,4022.8042028079672,16.600000000000001
179.5,116,4.5837244584220169,43.831734411773176,11.008408044821783,1.5806799577814552,0.12454080808475666,42.879320363938483,5.6767814356393567,93.73026938973409,2.8002999176509054,233.19970008234921,0.0027687154566193254,972.9972312845432,972.9972312845432,1152.7006816165172,4025.2993183834765,4025.2993183834765,16.600000000000001
179.75,116,4.5900354775307379,43.893138326337841,10.94919731271276,1.5769073340610231,0.12443682513785125,42.815482036932444,5.6689881982117818,93.864988292944062,2.7823994598310398,233.21760054016909,0.0027180511478183721,972.99728194885199,972.99728194885199,1150.2143654579675,4027.7856345420264,4027.7856345420264,16.600000000000001
180,116,4.5963566347287284,43.954575296864263,10.890222812110943,1.5731361346290158,0.12433281164460354,42.751599122133285,5.6611870896479539,93.999522029834125,2.7646396112811047,233.23536038871902,0.0026683867174567837,972.99733161328243,972.99733161328243,1147.7368184621726,4030.2631815378209,4030.2631815378209,16.600000000000001
180.25,116,4.6026878536063185,44.016044851145359,10.831484115276696,1.5693663723779627,0.1242287660502555,42.687672156819993,5.6533781752184051,94.13387041425662,2.7470191581076113,233.25298084189251,0.0026197012631876014,972.99738029873674,972.99738029873674,1145.2680104673034,4032.7319895326905,4032.7319895326905,16.600000000000001
180.5,116,4.6090290580129167,44.077546516577158,10.772980792781389,1.5655980604543516,0.12412468681960233,42.623701678135859,5.6455615201947849,94.268033261613937,2.7295368975283836,233.27046310247172,0.0025719743402555185,972.9974280256597,972.9974280256597,1142.8079114037521,4035.1920885962413,4035.1920885962413,16.600000000000001
180.75,116,4.6153801720533263,44.139079820166302,10.714712413510773,1.561831212255588,0.12402057243684721,42.559688223087825,5.6377371898503155,94.402010388858585,2.7121916377675683,233.28780836223251,0.0025251859510926002,972.99747481404881,972.99747481404881,1140.3564912939755,4037.6435087060186,4037.6435087060186,16.600000000000001
181,116,4.6217411200841108,44.200644288537674,10.656678544668498,1.558065841426963,0.12391642140546806,42.495632328545668,5.629905249460192,94.535801614493138,2.6949821979516444,233.30501780204844,0.0024793165351557314,972.99752068346481,972.99752068346481,1137.913720252337,4040.0862797476566,4040.0862797476566,16.600000000000001
181.25,116,4.6281118267100165,44.26223944794215,10.59887875177983,1.554301961858642,0.12381223224807375,42.431534531240999,5.6220657643019898,94.669406758570403,2.6779074080064174,233.32209259199368,0.0024343469590067841,972.99756565304097,972.99756565304097,1135.479568484948,4042.5204315150459,4042.5204315150459,16.600000000000001
181.5,116,4.634492216780453,44.323864824264426,10.541312598695519,1.5505395876826624,0.12370800350626722,42.367395367766079,5.6142187996560349,94.802825642693364,2.6609661085549958,233.3390338914451,0.0023902585066241004,972.99760974149331,972.99760974149331,1133.0540062895063,4044.9459937104875,4044.9459937104875,16.600000000000001
181.75,116,4.6408822153860223,44.38551994303095,10.483979647595858,1.5467787332699496,0.12360373374050442,42.30321537457246,5.6063644208057752,94.936058090015379,2.644157150816735,233.35584284918335,0.0023470328699382141,972.99765296712997,972.99765296712997,1130.6370040551344,4047.3629959448594,4047.3629959448594,16.600000000000001
182,116,4.6472817478551054,44.447204329417985,10.426879458994893,1.5430194132273425,0.12349942152995902,42.238995087969485,5.5985026930381032,95.069103925240128,2.6274793965071401,233.37252060349297,0.0023046521395912174,972.99769534786037,972.99769534786037,1128.2285322622165,4049.7714677377776,4049.7714677377776,16.600000000000001
182.25,116,4.6536907397504947,44.508917508259763,10.370011591744831,1.5392616423946301,0.12339506547239149,42.174735044122599,5.5906336816436646,95.201962974621807,2.6109317177387283,233.38906828226138,0.0022630987959136009,972.99773690120401,972.99773690120401,1125.8285614822319,4052.1714385177625,4052.1714385177625,16.600000000000001
182.5,116,4.6601091168660878,44.570659004056708,10.313375603040578,1.5355054358416014,0.12329066418401663,42.110435779051478,5.5827574519171455,95.334635065965102,2.5945129969228242,233.40548700307724,0.0022223557001092844,972.99777764429984,972.99777764429984,1123.4370623775903,4054.5629376224033,4054.5629376224033,16.600000000000001
182.75,116,4.6665368052236262,44.632428340983765,10.256971048424466,1.5317508088651064,0.12318621629937647,42.046097828628007,5.5748740691575263,95.467120028625445,2.5782221266722982,233.42177787332778,0.0021824060856462653,972.99781759391419,972.99781759391419,1121.0540057014641,4056.94599429853,4056.94599429853,16.600000000000001
183,116,4.672973731069491,44.694225042898914,10.200797481791151,1.5279977769861339,0.12308172047120688,41.981721728574136,5.5669835986683394,95.599417693508954,2.562058009705225,233.43794199029486,0.0021432335498519791,972.99785676645001,972.99785676645001,1118.6793622976174,4059.3206377023766,4059.3206377023766,16.600000000000001
183.25,116,4.6794198208715372,44.756048633351647,10.144854455392659,1.5242463559468993,0.12297717537031136,41.917308014459479,5.5590861057578804,95.731527893072695,2.5460195587494652,233.45398044125059,0.0021048220457016049,972.99789517795409,972.99789517795409,1116.3131031002392,4061.6868968997546,4061.6868968997546,16.600000000000001
183.5,116,4.685875001316,44.817898635591639,10.089141519843599,1.520496561707946,0.1228725796854325,41.852857221698869,5.5511816557394198,95.863450461324661,2.5301056964481452,233.46989430355191,0.0020671558737963211,972.99793284412613,972.99793284412613,1113.9551991337694,4064.0448008662247,4064.0448008662247,16.600000000000001
183.75,116,4.6923391993044259,44.879774572577453,10.033658224126549,1.5167484104452542,0.12276793212312978,41.788369885549621,5.5432703139313686,95.995185233824003,2.514315355266052,233.48568464473399,0.0020302196745336258,972.99796978032532,972.99796978032532,1111.6056215127269,4066.3943784872672,4066.3943784872672,16.600000000000001
184,116,4.6988123419506707,44.941675966985407,9.9784041155975913,1.5130019185473647,0.12266323140765584,41.723846541108784,5.535352145657443,96.126732047681074,2.4986474773969105,233.50135252260316,0.0019939984204573207,972.99800600157948,972.99800600157948,1109.2643414415365,4068.7356585584571,4068.7356585584571,16.600000000000001
184.25,116,4.7052943565779399,45.00360234121846,9.9233787399920139,1.509257102612515,0.12255847628083283,41.659287723310136,5.5274272162467932,96.258090741557638,2.483101014671544,233.51689898532854,0.0019584774087830024,972.99804152259105,972.99804152259105,1106.9313302143541,4071.068669785639,4071.068669785639,16.600000000000001
184.5,116,4.7117851707158804,45.06555321741525,9.8685816414301488,1.5055139794457877,0.12245366550193018,41.594693966921042,5.5194955910341301,96.389261155666901,2.4676749284669128,233.53232507153317,0.0019236422540970851,972.99807635774573,972.99807635774573,1104.6065592148891,4073.3934407851043,4073.3934407851043,16.600000000000001
184.75,116,4.7182847120977138,45.127528117459157,9.8140123624234175,1.5017725660562669,0.12234879784754663,41.530065806539199,5.5115573353598073,96.520243131773697,2.4523681896160232,233.54763181038408,0.001889478881232895,972.99811052111863,972.99811052111863,1102.2899999162291,4075.7100000837645,4075.7100000837645,16.600000000000001
185,116,4.7247929086574239,45.189526562987545,9.7596704438804682,1.4980328796542099,0.12224387211149058,41.465403776589213,5.5036125145699035,96.65103651319464,2.4371797783186926,233.56282022168142,0.0018559735183060258,972.99814402648144,972.99814402648144,1099.9816238806607,4078.018376119333,4078.018376119333,16.600000000000001
185.25,116,4.7313096885269896,45.251548075401011,9.7055554251135145,1.4942949376482257,0.12213888710466496,41.400708411318988,5.4956611940162627,96.781641144798272,2.4221086840531609,233.57789131594694,0.001823112689909403,972.99817688730991,972.99817688730991,1097.681402759491,4080.3185972405031,4080.3185972405031,16.600000000000001
185.5,116,4.7378349800336634,45.313592175872749,9.651666843844815,1.4905587576424686,0.12203384165495053,41.335980244796048,5.4877034390565314,96.912056873005127,2.4071539054885571,233.59284609451157,0.0017908832104706878,972.99820911678933,972.99820911678933,1095.3893082928669,4082.610691707127,4082.610691707127,16.600000000000001
185.75,116,4.7443687116972937,45.375658385358008,9.5980042362132885,1.4868243574338407,0.12192873460709053,41.271219810903645,5.4797393150541671,97.042283545787896,2.3923144503981901,233.60768554960191,0.00175927217776385,972.99824072782201,972.99824072782201,1093.1053123095942,4084.8946876903992,4084.8946876903992,16.600000000000001
186,116,4.7509108122276986,45.437746224603622,9.5445671367813105,1.4830917550092086,0.12182356482257763,41.206427643336767,5.4717688873784311,97.172321012671645,2.377589335573675,233.62241066442644,0.0017282669665686843,972.99827173303322,972.99827173303322,1090.8293867269549,4087.1706132730392,4087.1706132730392,16.600000000000001
186.25,116,4.7574612105220817,45.499855214157677,9.4913550785416216,1.4793609685426281,0.12171833117953942,41.141604275597956,5.4637922214043577,97.302169124733837,2.3629775867398735,233.63702241326024,0.00169785522247358,972.99830214477731,972.99830214477731,1088.5615035505252,4089.4384964494689,4089.4384964494689,16.600000000000001
186.5,116,4.764019835662487,45.561984874379121,9.4383675929244166,1.4756320163925798,0.12161303257262879,41.076750240993064,5.4558093825127072,97.431827734604539,2.3484782384706495,233.65152176152947,0.0016680248558296259,972.99833197514397,972.99833197514397,1086.3016348739895,4091.6983651260043,4091.6983651260043,16.600000000000001
186.75,116,4.7705866169133158,45.624134725447632,9.3856042098045727,1.4719049170992164,0.12150766791291326,41.011866072626795,5.4478204360898896,97.561296696466542,2.3340903341054333,233.6659096658947,0.0016387640358404793,972.99836123596401,972.99836123596401,1084.0497528789583,4093.9502471210353,4093.9502471210353,16.600000000000001
187,116,4.7771614837188618,45.68630428737346,9.3330644575090123,1.4681796893816217,0.12140223612776607,40.94695230339817,5.4398254475278813,97.690575866055482,2.3198129256665729,233.68018707433356,0.0016100611847875469,972.99838993881508,972.99838993881508,1081.8058298347803,4096.194170165214,4096.194170165214,16.600000000000001
187.25,116,4.7837443657009171,45.748493080007336,9.2807478628242048,1.4644563521350762,0.12129673616075901,40.8820094659958,5.4318244822241057,97.819665100660004,2.3056450737774843,233.69435492622267,0.001581904972387345,972.99841809502743,972.99841809502743,1079.5698380983554,4098.4301619016387,4098.4301619016387,16.600000000000001
187.5,116,4.7903351926563991,45.810700623050508,9.2286539510038494,1.4607349244283374,0.12119116697155437,40.817038092893078,5.4238176055813119,97.94856425912181,2.2915858475815805,233.70841415241856,0.0015542843102848607,972.99844571568951,972.99844571568951,1077.3417501139493,4100.6582498860453,4100.6582498860453,16.600000000000001
187.75,116,4.7969338945550302,45.872926436064887,9.176782245776657,1.4570154255009304,0.12108552753579951,40.752038716343243,5.415804883007425,98.077273201835879,2.2776343246619759,233.72236567533818,0.0015271883466696594,972.99847281165319,972.99847281165319,1075.1215384130035,4102.8784615869909,4102.8784615869909,16.600000000000001
188,116,4.8035404015370631,45.935170038483108,9.1251322693542871,1.4532978747604464,0.12097981684502181,40.687011868374242,5.4077863799153718,98.205791790750567,2.263789590961955,233.73621040903819,0.0015006064610142773,972.99849939353885,972.99849939353885,1072.9091756139469,4105.0908243860467,4105.0908243860467,16.600000000000001
188.25,116,4.8101546439110425,45.997430949618909,9.0737035424394357,1.4495822917798524,0.12087403390652494,40.621958080783557,5.3997621617229026,98.33411988936767,2.2500507407062096,233.74994925929397,0.0014745282589363848,972.99852547174089,972.99852547174089,1070.7046344220066,4107.2953655779875,4107.2953655779875,16.600000000000001
188.5,116,4.8167765521516053,46.059708688677333,9.0224955842340453,1.4458686962948137,0.12076817774328627,40.556877885132849,5.3917322938523755,98.462257362742577,2.2364168763228203,233.76358312367734,0.0014489435671806732,972.99855105643269,972.99855105643269,1068.5078876290161,4109.4921123709782,4109.4921123709782,16.600000000000001
188.75,116,4.8234060568973298,46.122002774765178,8.9715079124476631,1.4421571082010225,0.12066224739385505,40.491771812742499,5.3836968417305391,98.590204077484358,2.2228871083659905,233.7771128916342,0.0014238424287136141,972.99857615757116,972.99857615757116,1066.3189081132246,4111.6810918867686,4111.6810918867686,16.600000000000001
189,116,4.8300430889486252,46.184312726901453,8.9207400433059174,1.438447547551539,0.12055624191225113,40.426640394686004,5.3756558707882824,98.717959901755947,2.2094605554395139,233.79053944456066,0.0013992150979285874,972.9986007849019,972.9986007849019,1064.1376688391049,4113.8623311608881,4113.8623311608881,16.600000000000001
189.25,116,4.8366875792656483,46.246638064027898,8.8701914915591562,1.4347400345541437,0.12045016036786534,40.361484161784333,5.3676094464603761,98.845524705274073,2.1961363441209829,233.80386365587921,0.0013750520359662069,972.99862494796378,972.99862494796378,1061.9641428571613,4116.0358571428314,4116.0358571428314,16.600000000000001
189.5,116,4.8433394589662813,46.308978305019536,8.8198617704911921,1.4310345895686976,0.12034400184536043,40.296303644600009,5.3595576341851876,98.972898359309497,2.1829136088867114,233.81708639111346,0.0013513439061400205,972.99864865609368,972.99864865609368,1059.7983033037362,4118.2016966962565,4118.2016966962565,16.600000000000001
189.75,116,4.8499986593241324,46.37133296869542,8.7697503919281861,1.4273312331045125,0.1202377654445731,40.231099373431242,5.3515004994043851,99.100080736687033,2.1697914920373869,233.83020850796279,0.0013280815694659727,972.99867191843043,972.99867191843043,1057.6401234008156,4120.3598765991765,4120.3598765991765,16.600000000000001
190,116,4.8566651117665796,46.433701573829296,8.7198568662476692,1.4236299858177335,0.12013145028041743,40.16587187830585,5.3434381075626165,99.227071711785641,2.1567691436244218,233.84323085637575,0.0013052560802927595,972.99869474391971,972.99869474391971,1055.4895764558346,4122.5104235441586,4122.5104235441586,16.600000000000001
190.25,116,4.8633387478728585,46.49608363916041,8.6701807023876825,1.4199308685087284,0.12002505548278809,40.100621688975096,5.3353705241071765,99.353871160538475,2.1438457213770237,233.85615427862317,0.0012828586820372357,972.99871714131791,972.99871714131791,1053.3466358614828,4124.6533641385095,4124.6533641385095,16.600000000000001
190.5,116,4.8700194993721837,46.558478683404381,8.6207214078560526,1.4162339021194903,0.1199185801964653,40.035349334907352,5.3272978144876468,99.480478960432919,2.1310203906299541,233.86897960937023,0.0012608808030141331,972.99873911919701,972.99873911919701,1051.2112750955082,4126.7887249044843,4126.7887249044843,16.600000000000001
190.75,116,4.8767072981419082,46.620886225264094,8.571478488739789,1.4125391077310461,0.11981202358102008,39.970055345281814,5.3192200441555348,99.606894990510725,2.1182923242519807,233.8817076757482,0.0012393140523600363,972.99876068594756,972.99876068594756,1049.0834677205212,4128.9165322794715,4128.9165322794715,16.600000000000001
191,116,4.8834020762057229,46.683305783440666,8.5224514497146018,1.4088465065608802,0.1197053848107205,39.904740248981881,5.3111372785638755,99.733119131367957,2.1056607025750154,233.89433929742518,0.0012181502160514639,972.99878184978388,972.99878184978388,1046.9631873837975,4131.0368126161957,4131.0368126161957,16.600000000000001
191.25,116,4.8901037657318902,46.745736876644536,8.4736397940545558,1.4051561199603615,0.1195986630744392,39.839404574588642,5.3030495831668283,99.859151265155091,2.0931247133239363,233.90687528667627,0.0011973812530161206,972.99880261874694,972.99880261874694,1044.8504078170804,4133.1495921829128,4133.1495921829128,16.600000000000001
191.5,116,4.8968122990315193,46.808179023606485,8.425043023641825,1.4014679694121868,0.11949185757556127,39.774048850374122,5.2949570234192569,99.984991275576974,2.0806835515470699,233.91931644845312,0.0011769992913304365,972.99882300070874,972.99882300070874,1042.7451028363839,4135.2548971636088,4135.2548971636088,16.600000000000001
191.75,116,4.9035276085568738,46.87063174308885,8.3766606389765954,1.3977820765278264,0.11938496753189352,39.708673604294439,5.2868596647762782,100.11063904789289,2.0683364195473488,233.93166358045286,0.0011569966245012064,972.99884300337555,972.99884300337555,1040.6472463417938,4137.3527536581987,4137.3527536581987,16.600000000000001
192,116,4.9102496268997156,46.933094553896666,8.3284921391870554,1.3940984630449886,0.11927799217557375,39.643279363982927,5.2787575726928164,100.23609446891656,2.0560825268141274,233.94391747318608,0.0011373657078378636,972.99886263429221,972.99886263429221,1038.5568123172686,4139.4431876827239,4139.4431876827239,16.600000000000001
192.25,116,4.9169782867896874,46.995566974889002,8.2805370220395389,1.3904171508250849,0.11917093075298101,39.577866656743126,5.2706508126231171,100.36135742701609,2.0439210899556497,233.95607891004457,0.0011180991549052757,972.99888190084516,972.99888190084516,1036.4737748304406,4141.5262251695522,4141.5262251695522,16.600000000000001
192.5,116,4.9237135210927301,47.058048524990177,8.2327947839487514,1.3867381618507113,0.11906378252464692,39.512436009541609,5.2625394500202658,100.48642781211393,2.0318513326321623,233.96814866736804,0.001099189734056639,972.99890081026604,972.99890081026604,1034.3981080324161,4143.6018919675762,4143.6018919675762,16.600000000000001
192.75,116,4.9304552628095308,47.120538723201193,8.1852649199881302,1.3830615182231369,0.11895654676516751,39.446987949000835,5.2544235503356749,100.61130551568698,2.0198724854896719,233.98012751451054,0.001080630365045939,972.9989193696349,972.9989193696349,1032.3297861575757,4145.670213842418,4145.670213842418,16.600000000000001
193,116,4.9372034450740125,47.183037088611165,8.1379469239003157,1.3793872421597999,0.1188492227631165,39.38152300139177,5.2463031790185557,100.73599043076638,2.0079837860943304,233.99201621390588,0.0010624141157070032,972.99893758588428,972.99893758588428,1030.2687835233726,4147.7312164766208,4147.7312164766208,16.600000000000001
193.25,116,4.943958001151854,47.245543140408692,8.090840288107735,1.3757153559918176,0.11874180982095833,39.316041692626541,5.2381784015153832,100.86048245193749,1.9961844788674599,234.00381552113274,0.0010445341987222665,972.99895546580126,972.99895546580126,1028.2150745301331,4149.7849254698594,4149.7849254698594,16.600000000000001
193.5,116,4.9507188644390414,47.308056397893452,8.0439445037232851,1.3720458821615025,0.1186343072549623,39.250544548250915,5.2300492832693397,100.98478147533993,1.9844738150211934,234.015526184979,0.0010269839684634845,972.99897301603153,972.99897301603153,1026.1686336608541,4151.8313663391391,4151.8313663391391,16.600000000000001
193.75,116,4.957485968460464,47.370576380487705,7.9972590605611495,1.3683788432198902,0.1185267143951176,39.185032093436689,5.2219158897197371,101.10888739866735,1.9728510524947307,234.02714894750548,0.0010097569178974318,972.99899024308206,972.99899024308206,1024.1294354810025,4153.8705645189902,4153.8705645189902,16.600000000000001
194,116,4.9642592468685285,47.433102607747941,7.9507834471476952,1.3647142618242751,0.11841903058504889,39.119504852974082,5.213778286301431,101.23280012116739,1.9613154558912123,234.038684544109,0.00099284667556426309,972.99900715332444,972.99900715332444,1022.0974546383126,4155.9025453616805,4155.9025453616805,16.600000000000001
194.25,116,4.9710386334418173,47.495634599376473,7.9045171507324898,1.361052160735758,0.11831125518193197,39.053963351263896,5.2056365384442209,101.35651954364164,1.9498662964151887,234.050133703585,0.00097624700262541515,972.99902375299746,972.99902375299746,1020.0726658625832,4157.9273341374101,4157.9273341374101,16.600000000000001
194.5,116,4.9778240620837781,47.558171875233164,7.8584596572994343,1.3573925628167998,0.11820338755641059,38.988408112309727,5.1974907115722271,101.48004556844533,1.9385028518106997,234.06149714818952,0.00095995178997694737,972.99904004821008,972.99904004821008,1018.0550439654764,4159.9449560345165,4159.9449560345165,16.600000000000001
194.75,116,4.9846154668214382,47.620713955347135,7.8126104515779771,1.3537354910287891,0.11809542709251462,38.92283965971,5.189340871103254,101.6033780994874,1.9272244062999389,234.07277559370027,0.00094395505542702984,972.99905604494461,972.99905604494461,1016.0445638403136,4161.9554361596793,4161.9554361596793,16.600000000000001
195,116,4.9914127818041614,47.683260359928553,7.7669690170544481,1.3500809684296156,0.11798737318757757,38.857258516649964,5.1811870824481492,101.72651704223017,1.9160302505225106,234.08396974947769,0.00092825094093839993,972.99907174905911,972.99907174905911,1014.0412004618727,4163.9587995381207,4163.9587995381207,16.600000000000001
195.25,116,4.998215941302429,47.74581060938042,7.7215348359834817,1.3464290181712548,0.11787922525215536,38.791665205893622,5.1730294110101287,101.84946230368929,1.9049196814752671,234.09508031852494,0.00091283370993214014,972.99908716629011,972.99908716629011,1012.0449288861845,4165.955071113809,4165.955071113809,16.600000000000001
195.5,116,5.0050248797066583,47.808364224310402,7.6763073893995548,1.3427796634973623,0.11777098270994674,38.7260602497755,5.1648679221841043,101.97221379243346,1.8938920024527253,234.10610799754747,0.00089769774465718133,972.99910230225532,972.99910230225532,1010.0557242503289,4167.9442757496636,4167.9442757496636,16.600000000000001
195.75,116,5.0118395315260447,47.870920725542767,7.6312861571285948,1.3391329277408759,0.11766264499771414,38.66044417019247,5.1567026813559798,102.09477141858429,1.8829465229880502,234.11705347701215,0.00088283754361775479,972.99911716245629,972.99911716245629,1008.0735617722311,4169.9264382277615,4169.9264382277615,16.600000000000001
196,116,5.0186598313874393,47.933479634130244,7.5864706177997263,1.3354888343216311,0.11755421156520204,38.594817488595361,5.1485337539019556,102.21713509381604,1.8720825587946099,234.1279174412056,0.00086824771904748979,972.99913175228096,972.99913175228096,1006.0984167504571,4171.9015832495352,4171.9015832495352,16.600000000000001
196.25,116,5.0254857140342564,47.99604047136598,7.5418602488570716,1.3318474067439818,0.11744568187505908,38.529180725980595,5.1403612051878005,102.33930473135541,1.8612994317080849,234.13870056829214,0.00085392299445161688,972.99914607700555,972.99914607700555,1004.1302645640101,4173.8697354359829,4173.8697354359829,16.600000000000001
196.5,116,5.0323171143254122,48.058602758795573,7.4974545265716692,1.3282086685944345,0.11733705540275971,38.463534402881699,5.1321851005681136,102.46128024598124,1.8505964696291366,234.14940353037107,0.00083985820220064302,972.9991601417978,972.9991601417978,1002.1690806721246,4175.8309193278683,4175.8309193278683,16.600000000000001
196.75,116,5.0391539672342898,48.12116601822899,7.4532529260534783,1.3245726435392886,0.11722833163652709,38.397879039360774,5.1240055053855755,102.58306155402428,1.8399730064666253,234.16002699353356,0.00082604828118190731,972.99917395171872,972.99917395171872,1000.2148406140627,4177.7851593859295,4177.7851593859295,16.600000000000001
197,116,5.0459962078477369,48.183729771752716,7.4092549212634697,1.3209393553222881,0.1171195100772566,38.332215154999865,5.115822484970181,102.70464857336687,1.8294283820813713,234.17057161791882,0.0008124882745073976,972.99918751172538,972.99918751172538,998.2675200089086,4179.7324799910839,4179.7324799910839,16.600000000000001
197.25,116,5.0528437713650902,48.246293541741757,7.3654599850258151,1.3173088277622838,0.11701059023843821,38.266543268892292,5.1076361046384617,102.82604122344263,1.8189619422304559,234.18103805776974,0.00079917332725545139,972.99920082667256,972.99920082667256,996.32709455536383,4181.6729054446287,4181.6729054446287,16.600000000000001
197.5,116,5.0596965930972271,48.308856850871749,7.3218675890401599,1.3136810847509031,0.11690157164608078,38.200863899633916,5.0994464296926996,102.94723942523616,1.8085730385120558,234.19142696148816,0.0007860986842778651,972.99921390131567,972.99921390131567,994.39354003154142,4183.6064599684514,4183.6064599684514,16.600000000000001
197.75,116,5.0665546084656574,48.371419222131074,7.2784772038939805,1.3100561502502308,0.11679245383863672,38.135177565314265,5.0912535254201172,103.06824310128269,1.798261028310806,234.20173897168939,0.00077325968805227465,972.99922674031188,972.99922674031188,992.46683229476082,4185.5331677052318,4185.5331677052318,16.600000000000001
198,116,5.073417753001622,48.433980178833053,7.2352882990750285,1.3064340482904993,0.11668323636692707,38.069484783507775,5.0830574570920612,103.18905217566763,1.7880252747436907,234.21197472525651,0.00076065177658327608,972.99923934822334,972.99923934822334,990.54694728134268,4187.4530527186498,4187.4530527186498,16.600000000000001
198.25,116,5.0802859623452417,48.496539244628067,7.1923003429838586,1.3028148029677884,0.11657391879406763,38.003786071264706,5.0748582899631698,103.30966657402634,1.7778651466064455,234.22213485339375,0.00074827048135301007,972.99925172951862,972.99925172951862,988.63386100640253,4189.3661389935896,4189.3661389935896,16.600000000000001
198.5,116,5.0871591722446778,48.559095943515771,7.1495128029464396,1.2991984384417348,0.11646450069539444,37.93808194510229,5.0666560892705315,103.43008622354353,1.7677800183204815,234.23221998167972,0.00073611142531029622,972.99926388857466,972.99926388857466,986.72754956364543,4191.2724504363468,4191.2724504363468,16.600000000000001
198.75,116,5.0940373185553307,48.621649799857309,7.1069251452268496,1.2955849789332508,0.11635498165839044,37.872372920995595,5.0584509202328283,103.55031105295301,1.757769269880314,234.24223073011987,0.0007241703209099193,972.99927582967905,972.99927582967905,984.82798912516012,4193.1720108748332,4193.1720108748332,16.600000000000001
199,116,5.1009203372390539,48.684200338387555,7.0645368350400402,1.2919744487222538,0.11624536128261259,37.806659514368398,5.050242848049467,103.67034099253715,1.7478322868014942,234.2521677131987,0.00071244296819464087,972.99928755703183,972.99928755703183,982.93515594121277,4195.0648440587793,4195.0648440587793,16.600000000000001
199.25,116,5.1078081643634041,48.74674708422733,7.0223473365646907,1.288366872145406,0.11613563917961946,37.740942240084109,5.0420319378997007,103.79017597412641,1.7379684600690437,234.26203153993117,0.00070092525291990326,972.99929907474689,972.99929907474689,981.04902634004168,4196.9509736599503,4196.9509736599503,16.600000000000001
199.5,116,5.1147007361009207,48.809289562895742,6.9803561129561222,1.2847622735938602,0.11602581497289982,37.675221612436445,5.0338182549417256,103.90981593109888,1.7281771860863806,234.27182281391384,0.00068961314472122366,972.99931038685509,972.99931038685509,979.16957672765011,4198.8304232723422,4198.8304232723422,16.600000000000001
199.75,116,5.1215979887284151,48.87182730032238,6.938562626359313,1.2811606775110207,0.11591588829780056,37.60949814514025,5.0256018643117919,104.02926079837975,1.718457866624737,234.28154213337547,0.00067850269532026457,972.99932149730444,972.99932149730444,977.29678358760145,4200.7032164123902,4200.7032164123902,16.600000000000001
200,116,5.1284998586263049,48.934359822859697,6.8969663379219632,1.2775621083903115,0.11580585880145576,37.543772351322104,5.017382831123272,104.14851051244082,1.7088099087730602,234.29119009122715,0.00066759003677204583,972.99933240996302,972.99933240996302,975.43062348081219,4202.5693765191791,4202.5693765191791,16.600000000000001
200.25,116,5.135406282277958,48.996886657295249,6.8555667078076397,1.2739665907729523,0.11569572614271631,37.478044743510992,5.009161220465745,104.26756501129988,1.6992327248883943,234.30076727511181,0.00065687137975096543,972.99934312862013,972.99934312862013,973.571073045346,4204.4289269546462,4204.4289269546462,16.600000000000001
200.5,116,5.1423171962690741,49.059407330864076,6.8143631952089958,1.2703741492457488,0.11558548999207967,37.412315833628895,5.0009370974040452,104.38642423452018,1.6897257325467399,234.31027426745348,0.00064634301187484005,972.99935365698798,972.99935365698798,971.71810899620766,4206.2818910037849,4206.2818910037849,16.600000000000001
200.75,116,5.1492325372870846,49.121921371261017,6.7733552583610468,1.2667848084388886,0.11547515003161918,37.346586132981258,4.9927105269773229,104.50508812320979,1.6802883544943783,234.31971164550586,0.00063600129606750414,972.99936399870376,972.99936399870376,969.87170812513693,4208.1282918748548,4208.1282918748548,16.600000000000001
201,116,5.1561522421205739,49.184428306653047,6.7325423545545409,1.2631985930237517,0.11536470595491556,37.280856152247587,4.9844815741980755,104.62355662002106,1.670920018599672,234.32907998140055,0.00062584266895514436,972.99937415733086,972.99937415733086,968.03184730040198,4209.9681526995901,4209.9681526995901,16.600000000000001
201.25,116,5.1630762476587355,49.246927665691629,6.691923940149362,1.2596155277107257,0.11525415746698797,37.2151264014718,4.9762503040511747,104.74182966914988,1.6616201578053194,234.33837984219488,0.00061586363929933452,972.9993841363605,972.9993841363605,966.19850346659382,4211.8014965333987,4211.8014965333987,16.600000000000001
201.5,116,5.1700044908908422,49.309418977525084,6.6514994705880222,1.256035637247036,0.11514350428422511,37.149397390052677,4.9680167814928868,104.85990721633507,1.6523882100810701,234.34761178991917,0.00060606078646494933,972.99939393921329,972.99939393921329,964.37165364441989,4213.6283463555719,4213.6283463555719,16.600000000000001
201.75,116,5.1769369089057449,49.371901771810954,6.611268400409207,1.2524589464145823,0.11503274613431712,37.083669626734277,4.9597810714498776,104.97778920885767,1.6432236183768927,234.35677638162335,0.00059643075892174143,972.99940356924094,972.99940356924094,962.5512749304977,4215.4487250694938,4215.4487250694938,16.600000000000001
202,116,5.1838734388913954,49.434375578728343,6.5712301832613766,1.2488854800277869,0.11492188275618859,37.017943619596153,4.9515432388182035,105.09547559554022,1.6341258305765913,234.36587416942362,0.0005869702727798107,972.99941302972707,972.99941302972707,960.73734449714868,4217.2626555028428,4217.2626555028428,16.600000000000001
202.25,116,5.190814018134386,49.49683992899034,6.5313842719164521,1.2453152629314532,0.11481091389993062,36.952219876043763,4.943303348462301,105.21296632674604,1.6250942994518696,234.37490570054837,0.00057767611035618974,972.99942232388958,972.99942232388958,958.92983959219316,4219.0701604077985,4219.0701604077985,16.600000000000001
202.5,116,5.1977585840195237,49.559294353856345,6.4917301182835274,1.2417483199986341,0.11469983932673368,36.886498902798635,4.9350614652139617,105.33026135437844,1.616128482616829,234.3838715173834,0.00056854511877330982,972.99943145488112,972.99943145488112,957.12873753874328,4220.8712624612481,4220.8712624612481,16.600000000000001
202.75,116,5.2047070740294155,49.621738385144468,6.4522671734226646,1.2381846761285105,0.11458865880882116,36.820781205888665,4.9268176538712982,105.44736063187999,1.6072278424829083,234.39277215751733,0.00055957420858871528,972.99944042579136,972.99944042579136,955.33401573499771,4222.6659842649933,4222.6659842649933,16.600000000000001
203,116,5.2116594257440809,49.684171555243886,6.4129948875587361,1.2346243562442802,0.11447737212938318,36.755067290638252,4.9185719791976972,105.56426411423159,1.5983918462142537,234.40160815378599,0.00055076035245474949,972.99944923964745,972.99944923964745,953.54565165403562,4224.4543483459565,4224.4543483459565,16.600000000000001
203.25,116,5.2186155768405875,49.746593397127235,6.3739127100953104,1.2310673852910567,0.11436597908251023,36.689357661658484,4.9103245059207694,105.6809717579518,1.5896199656835124,234.41038003431672,0.00054210058380860997,972.99945789941614,972.99945789941614,951.76362284361096,4226.2363771563814,4226.2363771563814,16.600000000000001
203.5,116,5.225575465092712,49.809003444362972,6.3350200896286148,1.2275137882337799,0.11425447947312775,36.623652822837293,4.9020752987312859,105.79748352109583,1.5809116774280572,234.41908832257218,0.00053359199559020016,972.99946640800431,972.99946640800431,949.98790692594696,4228.012093074045,4228.012093074045,16.600000000000001
203.75,116,5.2325390283706072,49.871401231127699,6.2963164739615296,1.223963590055134,0.11414287311693114,36.55795327732951,4.8938244222821039,105.91379936325472,1.5722664626066245,234.42773353739361,0.00052523173898784881,972.99947476826094,972.99947476826094,948.21848159753063,4229.7815184024612,4229.7815184024612,16.600000000000001
204,116,5.2395062046405121,49.933786292218592,6.2578013101176388,1.220416815753478,0.1140311598403206,36.492259527546977,4.8855719411870888,106.02991924555444,1.5636838069563683,234.43631619304387,0.00051701702221238789,972.99948298297761,972.99948298297761,946.45532462890731,4231.5446753710848,4231.5446753710848,16.600000000000001
204.25,116,5.2464769319644651,49.996158163065694,6.2194740443553362,1.2168734903407887,0.11391933948033665,36.426572075148592,4.8773179200200198,106.14584313065485,1.5551632007503284,234.44483679924991,0.00050894510929780227,972.99949105489054,972.99949105489054,944.6984138644749,4233.301586135517,4233.301586135517,16.600000000000001
204.5,116,5.2534511485000497,50.058516379744283,6.1813341221819655,1.2133336388406086,0.11380741188459581,36.360891421030331,4.8690624233134994,106.26157098274892,1.546704138755304,234.45329586124495,0.00050101331892868427,972.99949898668092,972.99949898668092,942.94772722227981,4235.0522727777125,4235.0522727777125,16.600000000000001
204.75,116,5.2604287925001518,50.120860478987225,6.1433809883680137,1.2097972862860082,0.11369537691122651,36.295218065315261,4.8608055155578347,106.37710276756158,1.5383061201901282,234.4616938798101,0.000493219023292971,972.99950678097662,972.99950678097662,941.20324269381035,4236.7967573061824,4236.7967573061824,16.600000000000001
205,116,5.2674098023127449,50.183189998197228,6.1056140869613529,1.2062644577175607,0.11358323442880561,36.229552507343534,4.8525472611999323,106.49243845234874,1.5299686486843496,234.47003135131587,0.00048555964695904286,972.99951444035298,972.99951444035298,939.46493834379339,4238.5350616561991,4238.5350616561991,16.600000000000001
205.25,116,5.2743941163806909,50.245504475459228,6.0680328613015213,1.2027351781813211,0.11347098431629479,36.163895245662339,4.8442877246421734,106.60757800589627,1.5216912322372997,234.47830876776294,0.00047803266577830454,972.99952196733409,972.99952196733409,937.73279230998878,4240.2672076900044,4240.2672076900044,16.600000000000001
205.5,116,5.2813816732415582,50.307803449552651,6.0306367540340418,1.1992094727268225,0.11335862646297752,36.098246778015863,4.8360269702412779,106.72252139851894,1.5134733831775602,234.48652661682266,0.00047063560581139379,972.99952936439399,972.99952936439399,936.00678280298462,4241.9932171970077,4241.9932171970077,16.600000000000001
205.75,116,5.288372411527468,50.370086459963694,5.9934252071247842,1.1956873664050789,0.11324616076839629,36.032607601335229,4.8277650623071713,106.83726860205925,1.5053146181228143,234.49468538187742,0.00046336604227778988,972.99953663395763,972.99953663395763,934.28688810599363,4243.7131118939988,4243.7131118939988,16.600000000000001
206,116,5.295366269964954,50.432353046897632,5.9563976618743615,1.1921688842665989,0.11313358714229044,35.966978211728396,4.8195020651018297,106.95181958988645,1.4972144579400817,234.50278554206014,0.00045622159853010811,972.9995437784014,972.9995437784014,932.57308657464762,4245.4269134253445,4245.4269134253445,16.600000000000001
206.25,116,5.3023631873748345,50.494602751290998,5.9195535589325781,1.1886540513594146,0.11302090550453386,35.901359104470082,4.8112380428381369,107.06617433689517,1.4891724277063383,234.51082757229389,0.00044919994504850165,972.99955080005475,972.99955080005475,930.86535663679501,4247.134643363197,4247.134643363197,16.600000000000001
206.5,116,5.3093631026721173,50.556835114823905,5.8828923383128968,1.1851428927271135,0.11290811578507268,35.835750773991663,4.8029730596787115,107.18033281950447,1.4811880566695079,234.51881194333072,0.00044229879845645122,972.99955770120141,972.99955770120141,929.16367679229518,4248.8363232076963,4248.8363232076963,16.600000000000001
206.75,116,5.3163659548659163,50.619049679932189,5.8464134394069429,1.1816354334068901,0.11279521792386384,35.770153713871011,4.7947071797347478,107.29429501565646,1.4732608782098298,234.5267391217904,0.00043551592055974885,972.99956448407931,972.99956448407931,927.46802561281618,4250.531974387176,4250.531974387176,16.600000000000001
207,116,5.3233716830593787,50.681245989819637,5.8101163009990522,1.1781316984276013,0.11268221187081362,35.70456841682244,4.7864404670648382,107.40806090481517,1.4653904298015958,234.53460957019865,0.00042884911740567299,972.9995711508825,972.9995711508825,925.7783817416306,4252.2216182583616,4252.2216182583616,16.600000000000001
207.25,116,5.3303802264496456,50.743423588470172,5.7740003612808382,1.1746317128078363,0.11256909758571661,35.638995374686502,4.7781729856737858,107.52163046796524,1.457576252975253,234.542423747025,0.00042229623836260972,972.99957770376159,972.99957770376159,924.09472389341238,4253.9052761065795,4253.9052761065795,16.600000000000001
207.5,116,5.3373915243278152,50.805582020659976,5.7380650578657901,1.1711355015539961,0.11245587503819408,35.573435078419891,4.7699047995114237,107.63500368761063,1.4498178932798675,234.55018210672037,0.00041585517522114572,972.99958414482467,972.99958414482467,922.41703085403299,4255.5829691459585,4255.5829691459585,16.600000000000001
207.75,116,5.3444055160789361,50.867720831969642,5.7023098278039139,1.1676430896583869,0.11234254420763383,35.507888018085275,4.7616359724714181,107.7481805477733,1.4421149002459515,234.55788509975429,0.00040952386131223157,972.99959047613856,972.99959047613856,920.74528148036006,4257.2547185196318,4257.2547185196318,16.600000000000001
208,116,5.3514221411820095,50.929839568796275,5.6667341075963806,1.1641545020973194,0.11222910508312975,35.442354682841142,4.7533665683900654,107.86116103399189,1.4344668273486405,234.56553317265161,0.00040330027064503166,972.99959669972918,972.99959669972918,919.07945470005325,4258.9205452999386,4258.9205452999386,16.600000000000001
208.25,116,5.3584413392100094,50.991937778365539,5.6313373332102152,1.1606697638292243,0.11211555766342153,35.376835560931681,4.7450966510450856,107.9739451333203,1.4268732319712252,234.573126768029,0.00039718241706422012,972.99960281758285,972.99960281758285,917.41952951136227,4260.5804704886295,4260.5804704886295,16.600000000000001
208.5,116,5.3654630498299216,51.054015008743754,5.5961189400929969,1.1571888997927751,0.11200190195683457,35.311331139676589,4.73682628415441,108.08653283432632,1.4193336753690338,234.58066632463121,0.00039116835342508819,972.99960883164647,972.99960883164647,915.76548498292539,4262.2345150170668,4262.2345150170668,16.600000000000001
208.75,116,5.3724872128028025,51.116070808849898,5.5610783631876028,1.1537119349050258,0.11188813798122023,35.245841905460928,4.7285555313749645,108.19892412709018,1.4118477226336552,234.58815227736662,0.00038525617078656582,972.99961474382917,972.99961474382917,914.11730025356599,4263.8826997464257,4263.8826997464257,16.600000000000001
209,116,5.3795137679838447,51.178104728467588,5.5262150369469394,1.1502388940595556,0.11177426576389686,35.180368343724993,4.7202844563014388,108.3111190032031,1.4044149426575077,234.59558505734276,0.00037944399762323259,972.99962055600224,972.99962055600224,912.47495453209206,4265.525045467899,4265.525045467899,16.600000000000001
209.25,116,5.3865426553224678,51.240116318257058,5.4915283953487366,1.1467698021246298,0.11166028534158993,35.114910938954132,4.7120131224650672,108.42311745576578,1.3970349080987461,234.60296509190152,0.00037372999905133228,972.99962627000082,972.99962627000082,910.83842709709415,4267.1615729028972,4267.1615729028972,16.600000000000001
209.5,116,5.3935738148624184,51.302105129767092,5.4570178719103248,1.143304683941367,0.11154619676037299,35.049470174668627,4.7037415933323832,108.53491947938684,1.3897071953465019,234.61029280465377,0.0003681123760728819,972.99963188762388,972.99963188762388,909.2076972967443,4268.7923027032475,4268.7923027032475,16.600000000000001
209.75,116,5.4006071867418921,51.364070715446914,5.422682899703446,1.139843564321922,0.11143200007560873,34.98404653341354,4.6954699323039897,108.64652507018143,1.3824313844864569,234.61756861551382,0.00036258936483637625,972.99963741063505,972.99963741063505,907.58274454859497,4270.4172554513971,4270.4172554513971,16.600000000000001
210,116,5.4076427111936631,51.426012628658057,5.3885229113690789,1.1363864680476781,0.1113176953518905,34.91864049674858,4.6871982027133088,108.75793422576938,1.3752070592667462,234.6247929407335,0.00035715923591309604,972.99964284076395,972.99964284076395,905.96354833937824,4272.0364516606141,4272.0364516606141,16.600000000000001
210.25,116,5.414680328545237,51.487930423686201,5.3545373391322784,1.1329334198674501,0.11120328266298368,34.853252545238,4.6789264678253319,108.86914694527387,1.3680338070641871,234.63196619293606,0.0003518202935891232,972.99964817970636,972.99964817970636,904.35008822480563,4273.6499117751855,4273.6499117751855,16.600000000000001
210.5,116,5.4217199792190138,51.549823655752952,5.3207256148170217,1.1294844444957004,0.11108876209176705,34.787883158440437,4.670654790835373,108.98016322931961,1.3609112188508263,234.63908878114941,0.0003465708751736435,972.99965342912481,972.99965342912481,902.74234382936743,4275.2576561706237,4275.2576561706237,16.600000000000001
210.75,116,5.4287616037324611,51.61169188102761,5.2870871698610777,1.1260395666107672,0.1109741337301751,34.722532814898855,4.6623832348678045,109.09098308003122,1.3538388891608146,234.64616111083944,0.00034140935031965825,972.99965859064969,972.99965859064969,901.14029484613332,4276.8597051538572,4276.8597051538572,16.600000000000001
211,116,5.4358051426983121,51.6735346566389,5.2536214353308779,1.1225988108531018,0.11085939767913998,34.657201992130418,4.6541118629747951,109.20160650103158,1.3468164160575904,234.65318358394265,0.00033633412036076208,972.99966366587955,972.99966366587955,899.54392103655266,4278.4560789634388,4278.4560789634388,16.600000000000001
211.25,116,5.4428505368247713,51.735351540686615,5.2203278419364025,1.1191622018235197,0.1107445540485338,34.591891166616435,4.6458407381350497,109.31203349743997,1.3398434011013791,234.66015659889888,0.0003313436176620618,972.99966865638225,972.99966865638225,897.95320223025476,4280.0467977697372,4280.0467977697372,16.600000000000001
211.5,116,5.4498977269157338,51.797142092253296,5.1872058200460645,1.115729764081463,0.11062960295711098,34.526600813792264,4.637569923252534,109.42226407587047,1.3329194493170038,234.66708055068324,0.00032643630498483095,972.99967356369496,972.99967356369496,896.36811832485012,4281.6318816751409,4281.6318816751409,16.600000000000001
211.75,116,5.4569466538710198,51.858905871415821,5.1542547997016133,1.1123015221432737,0.11051454453245085,34.461331408037317,4.6292994811552033,109.53229824443005,1.3260441691620017,234.67395583083825,0.00032161067486499207,972.99967838932503,972.99967838932503,894.78864928573182,4283.2113507142594,4283.2113507142594,16.600000000000001
212,116,5.4639972586866259,51.920642439256937,5.1214742106330284,1.1088775004804812,0.1103993789109005,34.39608342266493,4.6210294745937261,109.64213601271685,1.319217172495045,234.68078282750523,0.00031686524900568662,972.99968313475097,972.99968313475097,893.21477514587639,4284.7852248541158,4284.7852248541158,16.600000000000001
212.25,116,5.4710494824549789,51.982351357876816,5.0888634822734371,1.1054577235180973,0.11028410623751765,34.330857329912469,4.612759966240203,109.75177739181819,1.3124380745446633,234.68756192545558,0.00031219857768056112,972.99968780142228,972.99968780142228,891.64647600564683,4286.3535239943449,4286.3535239943449,16.600000000000001
212.5,116,5.4781032663652161,52.044032190404494,5.0564220437740071,1.1020422156329275,0.11016872666601375,34.265653600931223,4.6044910186868844,109.86122239430885,1.3057064938782643,234.69429350612199,0.00030760923915142412,972.99969239076074,972.99969239076074,890.08373203259384,4287.9162679673973,4287.9162679673973,16.600000000000001
212.75,116,5.4851585517034698,52.105684501009293,5.0241493240188673,1.0986310011518925,0.11005324035869728,34.200472705776527,4.596222694444883,109.97047103424904,1.2990220523714497,234.70097794762879,0.00030309583909804183,972.99969690416083,972.99969690416083,888.52652346125842,4289.4734765387329,4289.4734765387329,16.600000000000001
213,116,5.492215279853168,52.16730785491221,4.9920447516400106,1.0952241043503612,0.10993764748641709,34.135315113397709,4.5879550559428885,110.07952332718253,1.2923843751776238,234.70761562482261,0.0002986570100599839,972.99970134298985,972.99970134298985,886.97483059297485,4291.0251694070166,4291.0251694070166,16.600000000000001
213.25,116,5.4992733922953425,52.228901818397276,4.9601077550322028,1.0918215494504964,0.10982194822850615,34.070181291628259,4.5796881655258703,110.18837929013458,1.2857930906978916,234.71420690930236,0.00029429141089068386,972.99970570858909,972.99970570858909,885.42863379567382,4292.5713662043181,4292.5713662043181,16.600000000000001
213.5,116,5.506332830608959,52.29046595882275,4.9283377623678799,1.088423360619611,0.10970614277272549,34.00507170717583,4.5714220854537855,110.29703894161007,1.2792478305512438,234.72075216944901,0.0002899977262235629,972.99971000227367,972.99971000227367,883.88791350368558,4294.1120864963059,4294.1120864963059,16.600000000000001
213.75,116,5.5133935364712459,52.351999844632466,4.8967342016120536,1.0850295619685408,0.10959023131520773,33.939986825612422,4.5631568779002842,110.4055023015914,1.272748229545027,234.72725177045521,0.00028577466594760807,972.99971422533395,972.99971422533395,882.35265021754424,4295.6473497824472,4295.6473497824472,16.600000000000001
214,116,5.5204554516580506,52.413503045366923,4.8652965005372071,1.0816401775500233,0.10947421406040124,33.874927111364485,4.5548926049514096,110.51376939153639,1.2662939256456931,234.73370607435456,0.00028162096469566418,972.99971837903524,972.99971837903524,880.82282450379137,4297.1771754962001,4297.1771754962001,16.600000000000001
214.25,116,5.5275185180441868,52.474975131674455,4.8340240867381734,1.0782552313570932,0.10935809122101441,33.809893027703126,4.5466293286042969,110.62184023437621,1.2598845599498294,234.7401154400504,0.00027753538134320168,972.99972246461857,972.99972246461857,879.29841699478015,4298.7015830052114,4298.7015830052114,16.600000000000001
214.5,116,5.5345826776038169,52.536415675322338,4.8029163876470191,1.0748747473214881,0.10924186301795991,33.744885036734274,4.5383671107658721,110.72971485451329,1.2535197766554635,234.7464802233448,0.00027351669851765834,972.9997264833014,972.9997264833014,877.77940838848099,4300.2205916115099,4300.2205916115099,16.600000000000001
214.75,116,5.5416478724108256,52.597824249207733,4.771972830547913,1.0714987493120687,0.10912552968029908,33.679903599388943,4.5301060132515456,110.83739327781913,1.2471992230336419,234.75280077696664,0.00026956372211854373,972.99973043627779,972.99973043627779,876.26577944828625,4301.7342205517043,4301.7342205517043,16.600000000000001
215,116,5.5487140446392145,52.659200427368759,4.74119284259198,1.0681272611332464,0.10900909144518604,33.614949175413471,4.5218460977839134,110.94487553163212,1.2409225494002787,234.75907745059999,0.00026567528084773818,972.99973432471904,972.99973432471904,874.75751100281502,4303.2424889971753,4303.2424889971753,16.600000000000001
215.25,116,5.5557811365635086,52.720543784995328,4.7105758508121545,1.0647603065234306,0.10889254855781319,33.550022223359797,4.5135874259914415,111.05216164475527,1.2346894090882725,234.76531059091201,0.00026185022574854296,972.99973814977409,972.99973814977409,873.25458394572013,4304.7454160542711,4304.7454160542711,16.600000000000001
215.5,116,5.5628490905591601,52.78185389844004,4.680121282138006,1.0613979091534811,0.10877590127135565,33.485123200575842,4.5053300594071644,111.15925164745406,1.2284994584198905,234.77150054158037,0.00025808742975561987,972.99974191257002,972.99974191257002,871.75697923549342,4306.2430207644975,4306.2430207644975,16.600000000000001
215.75,116,5.5699178491029855,52.843130345228985,4.6498285634105629,1.0580400926251785,0.1086591498469163,33.42025256319581,4.4970740594673728,111.26614557145406,1.2223523566794099,234.77764764332088,0.00025438578725409203,972.99974561421266,972.99974561421266,870.26467789527237,4307.7353221047179,4307.7353221047179,16.600000000000001
216,116,5.5769873547735864,52.904372704072493,4.6196971213971105,1.0546868804697025,0.1085422945534707,33.355410766130618,4.4888194875103054,111.3728434499387,1.2162477660860274,234.78375223391424,0.00025074421364791713,972.99974925578624,972.99974925578624,868.77766101264717,4309.2223389873434,4309.2223389873434,16.600000000000001
216.25,116,5.5840575502518028,52.965580554875821,4.5897263828059804,1.0513382961461277,0.10842533566781275,33.290598263058321,4.4805664047748373,111.47934531754683,1.2101853517670191,234.78981464823326,0.00024716164493784773,972.99975283835488,972.99975283835488,867.29590973946779,4310.704090260524,4310.704090260524,16.600000000000001
216.5,116,5.5911283783211614,53.026753478749747,4.5599157743013103,1.0479943630399271,0.10830827347450009,33.225815506414548,4.4723148723991644,111.58565121037046,1.2041647817311614,234.7958352182691,0.00024363703730791926,972.99975636296244,972.99975636296244,865.81940529165138,4312.1805947083403,4312.1805947083403,16.600000000000001
216.75,116,5.5981997818683364,53.087891058021178,4.5302647225177992,1.0446551044614913,0.10819110826579896,33.161062947383073,4.4640649514195037,111.69176116595223,1.1981857268423992,234.80181427315787,0.00024016936671993706,972.99975983063302,972.99975983063302,864.34812894899062,4313.6518710510009,4313.6518710510009,16.600000000000001
217,116,5.6052717038836288,53.148992876243668,4.5007726540754334,1.0413205436446591,0.10807384034163019,33.096341035886304,4.455816702768769,111.79767522328311,1.1922478607937703,234.80775213920651,0.00023675762851739398,972.99976324237127,972.99976324237127,862.88206205496169,4315.1179379450296,4315.1179379450296,16.600000000000001
217.25,116,5.6123440874614401,53.210058518207788,4.4714389955941858,1.037990703745262,0.10795647000951476,33.031650220575884,4.4475701872752653,111.90339342279979,1.1863508600815715,234.81364913991871,0.00023340083703740129,972.99976659916274,972.99976659916274,861.42118601653317,4316.5788139834585,4316.5788139834585,16.600000000000001
217.5,116,5.6194168758007645,53.271087569951575,4.4422631737087048,1.0346656078396792,0.1078389975845197,32.966990948823337,4.439325465661379,112.00891580638229,1.1804944039797753,234.81950559602049,0.00023009802523075011,972.99976990197467,972.99976990197467,859.96548230397445,4318.0345176960172,4318.0345176960172,16.600000000000001
217.75,116,5.6264900122056893,53.332079618770862,4.4132446150829603,1.031345278923407,0.10772142338920365,32.902363666710727,4.4310825985422611,112.11424241735135,1.1746781745146861,234.82532182548559,0.00022684824429042896,972.99977315175556,972.99977315175556,858.51493245066615,4319.4850675493262,4319.4850675493262,16.600000000000001
218,116,5.633563440085898,53.39303425322943,4.3843827464248912,1.028029739909641,0.10760374775356307,32.837768819021342,4.4228416464245202,112.21937330046593,1.1689018564398399,234.83109814356041,0.00022365056328730091,972.9997763494365,972.9997763494365,857.06951805290942,4320.9304819470826,4320.9304819470826,16.600000000000001
218.25,116,5.6406371029571893,53.453951063169306,4.3556769945009979,1.024719013627871,0.10748597101497843,32.773206849230533,4.4146026697049114,112.32430850192061,1.1631651372111402,234.83683486278912,0.00022050406881325688,972.99977949593108,972.99977949593108,855.62922076973575,4322.3707792302566,4322.3707792302566,16.600000000000001
218.5,116,5.6477109444419957,53.514829639720823,4.3271267861509246,1.021413122822487,0.10736809351816043,32.708678199496418,4.4063657286690248,112.42904806934288,1.1574677069622303,234.84253229303803,0.00021740786463232545,972.99978259213526,972.99978259213526,854.19402232271807,4323.8059776772743,4323.8059776772743,16.600000000000001
218.75,116,5.6547849082699209,53.575669575312673,4.2987315483020065,1.0181120901514009,0.10725011561509619,32.644183310650789,4.3981308834899773,112.53359205179063,1.1518092584801003,234.84819074152017,0.00021436107133887336,972.99978563892853,972.99978563892853,852.76390449578162,4325.2360955042104,4325.2360955042104,16.600000000000001
219,116,5.6618589382782698,53.636470463681924,4.2704907079837913,1.0148159381846793,0.10713203766499572,32.579722622190005,4.389898194227106,112.63794049974933,1.1461894871809253,234.85381051281936,0.00021136282602294561,972.99978863717365,972.99978863717365,851.3388491350147,4326.6611508649776,4326.6611508649776,16.600000000000001
219.25,116,5.6689329784126059,53.69723189988391,4.2424036923425161,1.0115246894031891,0.1070138600342385,32.515296572265932,4.3816677208246579,112.74209346512937,1.1406080910861318,234.85939190891415,0.00020841228194316282,972.99979158771794,972.99979158771794,849.9188381484812,4328.0811618515118,4328.0811618515118,16.600000000000001
219.5,116,5.6760069727272935,53.757953480302078,4.2144699286555731,1.008238366197258,0.10689558309632,32.450905597676929,4.3734395231104894,112.84605100126335,1.1350647707986925,234.86493522920159,0.00020550860820544049,972.99979449139164,972.99979449139164,848.50385350603244,4329.4961464939606,4329.4961464939606,16.600000000000001
219.75,116,5.6830808653860663,53.818634802657783,4.1866888443459249,1.0049569908653446,0.10677720723179834,32.38655013385889,4.3652136607947574,112.9498131629032,1.1295592294796448,234.87044077052062,0.00020265098944866454,972.99979734901035,972.99979734901035,847.09387723911902,4330.9061227608736,4330.9061227608736,16.600000000000001
220,116,5.6901546006625905,53.879275466019962,4.159059866996488,1.0016805856127253,0.10665873282824113,32.322230614876361,4.3569901934686222,113.05338000621748,1.1240911728248333,234.87590882717544,0.00019983862553720372,972.9998001613742,972.9998001613742,845.68889144060495,4332.3111085593882,4332.3111085593882,16.600000000000001
220.25,116,5.6972281229410422,53.939875070814807,4.1315824243644874,0.99840917255019168,0.10654016028017227,32.257947473413665,4.3487691806029414,113.15675158878845,1.1186603090418707,234.88133969095838,0.00019707073125963754,972.99980292926853,972.99980292926853,844.28887826457947,4333.7111217354131,4333.7111217354131,16.600000000000001
220.5,116,5.7043013767166855,54.000433218835283,4.1042559443957689,0.99514277369276183,0.10642148998901897,32.193701140766123,4.3405506815469721,113.25992796960927,1.1132663488273182,234.88673365117296,0.0001943465360337179,972.9998056534638,972.9998056534638,842.89381992617189,4335.1061800738207,4335.1061800738207,16.600000000000001
220.75,116,5.7113743065964639,54.060949513250669,4.0770798552390719,0.99188141095840465,0.10630272236305889,32.129492046831281,4.3323347555270804,113.362909209081,1.1079090053440832,234.89209099465617,0.00019166528361792351,972.99980833471614,972.99980833471614,841.50369870136535,4336.4963012986273,4336.4963012986273,16.600000000000001
221,116,5.718446857299587,54.121423558615909,4.050053585260267,0.98862510616677701,0.10618385781736751,32.065320620100231,4.3241214616454346,113.46569536900982,1.10258799419903,234.89741200580124,0.00018902623182920109,972.99981097376792,972.99981097376792,840.11849692681085,4337.881503073183,4337.881503073183,16.600000000000001
221.25,116,5.7255189736581373,54.181854960881019,4.0231765630565519,0.98537388103797563,0.10606489677376495,32.001187287648982,4.3159108588787243,113.5682865126039,1.0973030334208012,234.90269696657947,0.00018642865226462405,972.99981357134743,972.99981357134743,838.73819699964281,4339.2618030003505,4339.2618030003505,16.600000000000001
221.5,116,5.7325906006176703,54.242243327400274,3.9964482174706046,0.98212775719129919,0.10594583966076344,31.937092475129869,4.3077030060768635,113.67068270447051,1.0920538434378513,234.90794615656245,0.00018387183003062998,972.99981612816975,972.99981612816975,837.36278137729391,4340.637218622699,4340.637218622699,16.600000000000001
221.75,116,5.7396616832378289,54.30258826694147,3.9698679776047006,0.97888675614402665,0.10582668691351486,31.873036606763034,4.2994979619617073,113.77288401061293,1.0868401470566866,234.91315985294361,0.00018135506347735506,972.99981864493634,972.99981864493634,835.9922325773108,4342.0077674226823,4342.0077674226823,16.600000000000001
222,116,5.7467321666929569,54.362889389694999,3.9434352728347752,0.97565089931020654,0.10570743897375802,31.809020105327956,4.291295785125766,113.87489049842743,1.0816616694403132,234.91833833055995,0.00017887766393842125,972.99982112233579,972.99982112233579,834.62653317717024,4343.3734668228226,4343.3734668228226,16.600000000000001
222.25,116,5.753801996272724,54.42314630728287,3.9171495328244559,0.97242020799946127,0.10558809628976651,31.745043392155047,4.2830965340309204,113.97670223670025,1.0765181380868849,234.92348186191339,0.00017643895547613344,972.9998235610442,972.9998235610442,833.26566581409611,4344.7343341858978,4344.7343341858978,16.600000000000001
222.5,116,5.7608711173827505,54.483358632767718,3.8910101875390315,0.96919470341580349,0.10546865931629561,31.681106887117302,4.2749002670071503,114.07831929560432,1.0714092828085588,234.92859071719172,0.00017403827463253604,972.99982596172504,972.99982596172504,831.90961318487518,4346.0903868151181,4346.0903868151181,16.600000000000001
222.75,116,5.7679394755452398,54.54352598066162,3.8650166672593946,0.96597440665646561,0.10534912851453067,31.617211008622018,4.2667070422512534,114.17974174669624,1.0663348357105449,234.93366516428972,0.00017167497018433559,972.99982832502951,972.99982832502951,830.55835804567573,4347.4416419543177,4347.4416419543177,16.600000000000001
223,116,5.7750070163996146,54.603647966934922,3.8391684025959254,0.96275933871074426,0.10522950435203481,31.553356173602555,4.2585169178255748,114.28096966291307,1.0612945311703583,234.93870546882991,0.00016934840290351691,972.99983065159688,972.99983065159688,829.21188321186446,4348.7881167881287,4348.7881167881287,16.600000000000001
223.25,116,5.7820736857031596,54.663724209024977,3.8134648245023235,0.95954952045885566,0.10510978730269668,31.489542797510182,4.2503299516567363,114.3820031185691,1.056288105817264,234.943711894183,0.00016705794532296568,972.99983294205447,972.99983294205447,827.87017155782485,4350.1298284421682,4350.1298284421682,16.600000000000001
223.5,116,5.7891394293316649,54.723754325844745,3.7879053642894029,0.95634497267080665,0.10498997784667843,31.425771294305974,4.2421462015343749,114.48284218935265,1.0513152985119192,234.94868470148836,0.00016480298150678007,972.99983519701823,972.99983519701823,826.53320601677581,4351.4667939832179,4351.4667939832179,16.600000000000001
223.75,116,5.7962041932800812,54.783737937791379,3.7624894536388238,0.9531457160052772,0.1048700764703637,31.362042076452763,4.2339657251098775,114.58348695232279,1.0463758503262046,234.95362414967408,0.00016258290682527937,972.99983741709286,972.99983741709286,825.20096958059048,4352.7990304194027,4352.7990304194027,16.600000000000001
224,116,5.8032679236631655,54.843674666754694,3.7372165246167839,0.94995177100851791,0.10475008366630595,31.298355554907179,4.2257885798951254,114.68393748590599,1.0414695045232503,234.95853049547702,0.0001603971277351337,972.99983960287193,972.99983960287193,823.87344529961604,4354.1265547003768,4354.1265547003768,16.600000000000001
224.25,116,5.81033056671615,54.90356413612556,3.7120860096876442,0.94676315811325917,0.10462999993317669,31.234712139111718,4.2176148232612372,114.78419386989286,1.0365960065376456,234.96340399346266,0.00015824506156367964,972.99984175493807,972.99984175493807,822.55061628249268,4355.4493837175005,4355.4493837175005,16.600000000000001
224.5,116,5.8173920687953959,54.963405970804203,3.6870973417275215,0.94357989763763528,0.10450982577571342,31.171112236986918,4.2094445124373232,114.88425618543478,1.0317551039558392,234.96824489604447,0.00015612613629673895,972.99984387386337,972.99984387386337,821.23246569597495,4356.7675343040182,4356.7675343040182,16.600000000000001
224.75,116,5.8244523763790594,55.023199797208449,3.662249954037804,0.9404020097841217,0.10438956170466804,31.107556254923569,4.2012777045092387,114.98412451504049,1.0269465464967231,234.97305345350358,0.00015403979037190407,972.99984596020931,972.99984596020931,819.91897676475151,4358.0810232352405,4358.0810232352405,16.600000000000001
225,116,5.8315114360677667,55.082945243281856,3.6375432803586309,0.93722951463848403,0.10426920823675531,31.044044597775002,4.1931144564183409,115.08379894257268,1.0221700859923979,234.97782991400791,0.00015198547247567974,972.99984801452717,972.99984801452717,818.61013277126665,4359.389867228726,4359.389867228726,16.600000000000001
225.25,116,5.8385691945852809,55.142641938501797,3.612976754882304,0.93406243216874318,0.10414876589460137,30.980577668849445,4.1849548249602506,115.18327955324455,1.0174254763691235,234.98257452363117,0.00014996264134475414,972.99985003735833,972.99985003735833,817.30591705554173,4360.6940829444502,4360.6940829444502,16.600000000000001
225.5,116,5.8456255987791783,55.202289513887401,3.5885498122666455,0.93090078222415173,0.10402823520669223,30.917155869902448,4.1767988667836295,115.28256643361632,1.0127124736284454,234.98728752637189,0.0001479707655713967,972.99985202923415,972.99985202923415,816.00631301499686,4361.9936869849953,4361.9936869849953,16.600000000000001
225.75,116,5.8526805956215311,55.261887602007462,3.5642618876483012,0.92774458453418485,0.10390761670732206,30.853779601129368,4.1686466383889389,115.38165967159179,1.0080308358285026,234.99196916417179,0.00014600932341323692,972.99985399067634,972.99985399067634,814.71130410427349,4363.2886958957188,4363.2886958957188,16.600000000000001
226,116,5.8597341322095842,55.321435836988265,3.5401124166559828,0.92459385870754396,0.10378691093654224,30.790449261157935,4.1604981961272305,115.48055935641466,1.0033803230655081,234.99661967693481,0.00014407780260585468,972.99985592219718,972.99985592219718,813.42087383505736,4364.5791261649356,4364.5791261649356,16.600000000000001
226.25,116,5.86678615576644,55.380933854521246,3.5161008354236505,0.92144862423117546,0.10366611844011013,30.727165247040894,4.1523535961989184,115.57926557866514,0.99876069745540608,235.00123930254492,0.00014217570017989117,972.99985782429951,972.99985782429951,812.13500577590105,4365.8649942240918,4365.8649942240918,16.600000000000001
226.5,116,5.873836613641747,55.440381291870693,3.4922265806036354,0.91830890046930014,0.10354523976943771,30.663927954248688,4.1442128946525694,115.67777843025627,0.99417172311570134,235.00582827688461,0.00014030252228180136,972.9998596974774,972.9998596974774,810.8536835520481,4367.1463164479446,4367.1463164479446,16.600000000000001
226.75,116,5.8808854533123851,55.499777787881243,3.4684890893797,0.91517470666245904,0.10342427548154054,30.600737776662239,4.1360761473837009,115.77609800443025,0.98961316614745976,235.01038683385283,0.00013845778399818211,972.99986154221574,972.99986154221574,809.57689084525714,4368.4231091547354,4368.4231091547354,16.600000000000001
227,116,5.8879326223831656,55.55912298298535,3.4448877994800395,0.91204606192657078,0.10330322613898674,30.537595106565799,4.1279434101335699,115.87422439575494,0.98508479461747833,235.01491520538283,0.00013664100918365412,972.99986335899064,972.99986335899064,808.30461139362603,4369.6953886063666,4369.6953886063666,16.600000000000001
227.25,116,5.8949780685875117,55.618416519210655,3.4214221491902137,0.90892298525200288,0.10318209230984596,30.474500334639853,4.1198147384879835,115.97215770011999,0.98058637854062292,235.01941362145971,0.00013485173029266446,972.99986514826946,972.99986514826946,807.03682899141643,4370.963171008576,4370.963171008576,16.600000000000001
227.5,116,5.9020217397881645,55.677658040187282,3.3980915773660261,0.90580549550265721,0.10306087456763859,30.411453849954128,4.1116901878761025,116.06989801473334,0.97611768986233249,235.02388231013799,0.00013308948821413161,972.99986691051151,972.99986691051151,805.77352748888029,4372.2264725111127,4372.2264725111127,16.600000000000001
227.75,116,5.9090635839778738,55.736847191155,3.3748955234463272,0.90269361141506832,0.1029395734912847,30.348456039960645,4.1035698135692611,116.1674454381173,0.97167850244128751,235.02832149755903,0.00013135383210928885,972.99986864616767,972.99986864616767,804.51469079208414,4373.4853092079084,4373.4853092079084,16.600000000000001
228,116,5.9161035492800984,55.795983618970347,3.3518334274657589,0.89958735159751502,0.10281818966505347,30.285507290486851,4.0954536706797819,116.26480007010493,0.96726859203224091,235.03273140796807,0.00012964431925328404,972.9998703556804,972.9998703556804,803.26030286273658,4374.7396971372555,4374.7396971372555,16.600000000000001
228.25,116,5.9231415839497101,55.855066972113647,3.3289047300674319,0.89648673452914651,0.10269672367851236,30.222607985728853,4.0873418141598075,116.36196201183614,0.9628877362690117,235.0371122637313,0.00012796051487978867,972.9998720394849,972.9998720394849,802.01034771801415,4375.9896522819781,4375.9896522819781,16.600000000000001
228.5,116,5.9301776363736884,55.914096900695903,3.3061088725155368,0.89339177855912022,0.10257517612647647,30.159758508244686,4.0792342988001256,116.45893136575394,0.9585357146476372,235.04146428535267,0.00012630199202873221,972.99987369800783,972.99987369800783,800.76480943038803,4377.2351905696041,4377.2351905696041,16.600000000000001
228.75,116,5.9372116550718266,55.973073056465672,3.283445296707884,0.89030250190575533,0.10245354760895814,30.096959238947669,4.071131179229015,116.5557082356006,0.95421230850968441,235.0457876914906,0.00012466833139722244,972.99987533166848,972.99987533166848,799.52367212745276,4378.4763278725413,4378.4763278725413,16.600000000000001
229,116,5.9442435886974376,56.031995092815748,3.2609134451883763,0.88721892265569746,0.1023318387311164,30.034210557099872,4.063032509911082,116.65229272641375,0.94991730102571781,235.05008269897459,0.00012305912119372421,972.99987694087872,972.99987694087872,798.28691999175248,4379.7130800082414,4379.7130800082414,16.600000000000001
229.25,116,5.9512733860380544,56.090862664789903,3.2385127611594209,0.88414105876309934,0.1022100501032065,29.971512840305614,4.0549383451461196,116.74868494452242,0.94565047717892248,235.05434952282138,0.00012147395699426769,972.99987852604283,972.99987852604283,797.05453726061057,4380.9454627393834,4380.9454627393834,16.600000000000001
229.5,116,5.9583009960161384,56.149675429089342,3.216242688494257,0.88106892804881254,0.10208818234052952,29.90886646450506,4.0468487390679568,116.84488499754328,0.94141162374888043,235.05858837625144,0.00011991244160226566,972.99988008755827,972.99988008755827,795.82650822595804,4382.173491774035,4382.173491774035,16.600000000000001
229.75,116,5.9653263676897836,56.208433044079243,3.194102671749226,0.87800254819959411,0.10196623606338218,29.846271803967877,4.038763745643327,116.94089299437648,0.93720052929550002,235.06279947070482,0.00011837418491099281,972.99988162581496,972.99988162581496,794.60281723416256,4383.3971827658306,4383.3971827658306,16.600000000000001
230,116,5.9723494502534251,56.267135169795104,3.1720921561759625,0.87494193676732634,0.10184421189700656,29.783729231287012,4.030683418670737,117.03670904520185,0.93301698414309509,235.0669830158572,0.00011685880376879268,972.99988314119605,972.99988314119605,793.38344868585784,4384.616551314135,4384.616551314135,16.600000000000001
230.25,116,5.9793701930385454,56.325781467949049,3.1502105877335165,0.87188711116824991,0.10172211047154001,29.721239117372495,4.0226078117793431,117.13233326147474,0.92886078036461495,235.07113921963568,0.0001153659218469888,972.99988463407806,972.99988463407806,792.16838703577412,4385.8316129642189,4385.8316129642189,16.600000000000001
230.5,116,5.9863885455143793,56.384371601935982,3.1284574131003993,0.86883808868221024,0.10159993242196472,29.658801831445345,4.014536978427838,117.22776575592214,0.9247317117660212,235.07526828823427,0.00011389516951075605,972.99988610483035,972.99988610483035,790.95761679256873,4387.0423832074248,4387.0423832074248,16.600000000000001
230.75,116,5.9934044572886229,56.442905236839707,3.1068320796865661,0.86579488645191804,0.10147767838805793,29.596417741031569,4.0064709719033393,117.32300664253845,0.92062957387081079,235.07937042612949,0.00011244618369203301,972.99988755381617,972.99988755381617,789.7511225186563,4388.2488774813373,4388.2488774813373,16.600000000000001
231,116,6.000417878108145,56.501382039438951,3.0853340356453112,0.86275752148222218,0.10135534901434208,29.534087211956219,3.9984098453202885,117.4180560365815,0.91655416390468469,235.08344583609559,0.00011101860776512401,972.99988898139213,972.99988898139213,788.54888883004094,4389.451111169953,4389.451111169953,16.600000000000001
231.25,116,6.0074287578596843,56.559801678213233,3.0639627298850991,0.85972601063939702,0.10123294495003482,29.471810608337535,3.9903536516193543,117.51291405456847,0.91250528078035997,235.08749471921996,0.0001096120914249488,972.99989038790841,972.99989038790841,787.35090039614738,4390.6490996038465,4390.6490996038465,16.600000000000001
231.5,116,6.0144370465705652,56.618163823348716,3.0427176120813169,0.85670037065044191,0.10111046684899919,29.409588292581159,3.982302443566347,117.60758081427163,0.90848272508252403,235.09151727491778,0.0001082262905676296,972.99989177370924,972.99989177370924,786.15714193965346,4391.8428580603395,4391.8428580603395,16.600000000000001
231.75,116,6.0214426944094015,56.676468146743915,3.0215981326879469,0.85368061810239559,0.10098791536969381,29.347420625374472,3.9742562737511364,117.70205643471425,0.90448629905292954,235.09551370094738,0.00010686086717345035,972.99989313913261,972.99989313913261,784.9675982363226,4393.0324017636704,4393.0324017636704,16.600000000000001
232,116,6.0284456516867992,56.734714322015343,3.0006037429491701,0.85066676944166253,0.10086529117512343,29.285307965680953,3.9662151945865811,117.7963410361664,0.90051580657562946,235.09948419342464,0.00010551548919228908,972.99989448451072,972.99989448451072,783.7822541148372,4394.2177458851556,4394.2177458851556,16.600000000000001
232.25,116,6.0354458688560637,56.792902024503022,2.9797338949108858,0.84765884097335353,0.10074259493278943,29.223250670734647,3.9581792583074566,117.89043474014076,0.89657105316235053,235.10342894683791,0.00010418983043138959,972.99989581016939,972.99989581016939,782.6010944566317,4395.3989055433622,4395.3989055433622,16.600000000000001
232.5,116,6.0424432965139081,56.851030931275957,2.9589880414321614,0.84465684886063896,0.10061982731464,29.161249096034734,3.9501485169694046,117.98433766938831,0.8926518459380014,235.10734815406229,0.00010288357044477978,972.99989711642945,972.99989711642945,781.42410419572661,4396.575895804267,4396.575895804267,16.600000000000001
232.75,116,6.0494378854011481,56.909100721137435,2.9383656361965951,0.84166080912411656,0.10049698899702068,29.099303595340153,3.9421230224478809,118.07804994789412,0.88875799362631913,235.11124200637397,0.00010159639442543557,972.99989840360547,972.99989840360547,780.25126831856312,4397.7487316814304,4397.7487316814304,16.600000000000001
233,116,6.0564295864034126,56.967111074630338,2.917866133723606,0.83867073764119004,0.10037408066062521,29.03741452066431,3.9341028264371105,118.17157170087305,0.88488930653564757,235.11511069346463,0.00010032799309943075,972.99989967200668,972.99989967200668,779.08257186383764,4398.9174281361556,4398.9174281361556,16.600000000000001
233.25,116,6.0634183505518395,57.025061674042249,2.8974889893796432,0.83568665014546395,0.10025110299044601,28.975582222269882,3.9260879804490556,118.2649030547654,0.88104559654485015,235.11895440345543,9.9078062622172573e-05,972.99990092193718,972.99990092193718,777.917999922337,4400.0820000776566,4400.0820000776566,16.600000000000001
233.5,116,6.0704041290237756,57.082952203410528,2.8772336593893151,0.83270856222615008,0.10012805667572518,28.913807048663696,3.9180785358123882,118.35804413723262,0.8772266770893532,235.12277332291094,9.784630447670734e-05,972.99990215369542,972.99990215369542,776.75753763677437,4401.2424623632196,4401.2424623632196,16.600000000000001
233.75,116,6.0773868731434808,57.140782348527317,2.8570996008464351,0.82973648932748634,0.10000494240990479,28.852089346591686,3.9100745436714712,118.4509950771529,0.8734323631473212,235.12656763685297,9.6632425374270129e-05,972.99990336757446,972.99990336757446,775.60117020162488,4402.3988297983688,4402.3988297983688,16.600000000000001
234,116,6.0843665343828182,57.198551796944336,2.8370862717249934,0.82677044674817124,0.099881760890578347,28.79042946103397,3.9020760549853493,118.54375600461682,0.86966247122595886,235.13033752877433,9.5436137156314029e-05,972.99990456386274,972.99990456386274,774.44888286296259,4403.5511171370308,4403.5511171370308,16.600000000000001
234.25,116,6.0913430643619533,57.256260237977742,2.8171931308900424,0.82381044964080918,0.099758512819441592,28.728827735199935,3.8940831205267457,118.63632705092292,0.86591681934794285,235.13408318065234,9.4257156698724704e-05,972.99990574284323,972.99990574284323,773.30066091829701,4404.699339081697,4404.699339081697,16.600000000000001
234.5,116,6.0983164148500464,57.313907362712733,2.7974196381084995,0.82085651301137041,0.099635198902243607,28.667284510523487,3.8860957908810674,118.72870834857324,0.86219522703797902,235.13780477296231,9.3095205817956498e-05,972.99990690479399,972.99990690479399,772.1564897164111,4405.8435102835829,4405.8435102835829,16.600000000000001
234.75,116,6.1052865377659424,57.371492864008189,2.7777652540598696,0.81790865171866312,0.099511819848737804,28.605800126658348,3.8781141164454205,118.82090003126886,0.85849751530948581,235.14150248469082,9.1950011178970332e-05,972.99990804998879,972.99990804998879,771.01635465719801,4406.9836453427961,4406.9836453427961,16.600000000000001
235,116,6.1122533851788674,57.429016436501136,2.7582294403468866,0.81496688047381871,0.099388376372633341,28.54437492147342,3.870138147427634,118.9129022339055,0.85482350665140117,235.14517649334888,9.082130420497839e-05,972.9999091786957,972.9999091786957,769.88024119150043,4408.1197588084933,4408.1197588084933,16.600000000000001
235.25,116,6.1192169093091069,57.486477776611153,2.7388116595060672,0.81203121383979193,0.099264869191546298,28.483009231048278,3.8621679338452894,119.00471509256892,0.85117302501511338,235.14882697498516,8.9708820989143045e-05,972.99991029117894,972.99991029117894,768.74813482094851,4409.2518651790451,4409.2518651790451,16.600000000000001
235.5,116,6.1261770625286971,57.543876582544641,2.7195113750181799,0.80910166623087065,0.099141299026951193,28.421703389668707,3.8542035255247615,119.09633874453041,0.84754589580151274,235.15245410419874,8.8612302207871735e-05,972.99991138769781,972.99991138769781,767.62002109779928,4410.3799789021941,4410.3799789021941,16.600000000000001
235.75,116,6.1331337973621061,57.601212554299067,2.7003280513186394,0.80617825191220183,0.099017666604132179,28.360457729822361,3.8462449721002665,119.18777332824229,0.84394194584816384,235.15605805415208,8.7531493035507114e-05,972.99991246850686,972.99991246850686,766.49588562477584,4411.5041143752178,4411.5041143752178,16.600000000000001
236,116,6.1400870664869176,57.658485393667029,2.6812611538078057,0.80326098499932852,0.098893972652134732,28.299272582194462,3.8382923230129209,119.27901898333323,0.8403610034165977,235.15963899658365,8.6466143061093444e-05,972.9999135338569,972.9999135338569,765.3757140549078,4412.6242859450858,4412.6242859450858,16.600000000000001
236.25,116,6.1470368227345027,57.715694804240286,2.6623101488612031,0.80034987945774072,0.098770217903717192,28.238148275663626,3.8303456275098071,119.3700758506038,0.83680289817972253,235.16319710182051,8.5416006206634202e-05,972.9999145839937,972.9999145839937,764.25949209137104,4413.740507908622,4413.740507908622,16.600000000000001
236.5,116,6.1539830190907034,57.772840491413675,2.6434745038396525,0.7974449491024389,0.098646403095302468,28.177085137297759,3.822404934643048,119.46094407202169,0.83326746120935047,235.16673253879091,8.4380840646942155e-05,972.9999156191592,972.9999156191592,763.14720548732885,4414.8527945126643,4414.8527945126643,16.600000000000001
236.75,116,6.1609256086964974,57.829922162388897,2.6247536870993189,0.79454620759751005,0.098522528966929812,28.116083492350043,3.8144702932688914,119.5516237907172,0.82975452496384172,235.17024547503641,8.3360408731048059e-05,972.99991663959122,972.99991663959122,762.03884004577344,4415.9611599542195,4415.9611599542195,16.600000000000001
237,116,6.1678645448486771,57.886939526178281,2.6061471680016717,0.79165366845571694,0.098398596262206706,28.055143664254988,3.8065417520468028,119.6421151509785,0.82626392327586307,235.1737360767244,8.235447690536152e-05,972.99991764552294,972.99991764552294,760.93438161936695,4417.0656183806277,4417.0656183806277,16.600000000000001
237.25,116,6.1747997810005053,57.943892293608414,2.5876544169233542,0.78876734503810042,0.098274605728261022,27.994265974624597,3.798619359438566,119.73241829824701,0.82279549134026031,235.17720450866,8.1362815638495652e-05,972.99991863718424,972.99991863718424,759.83381611028369,4418.1661838897098,4418.1661838897098,16.600000000000001
237.5,116,6.1817312707623921,58.000780177323584,2.5692749052659778,0.78588725055359365,0.098150558115692635,27.93345074324461,3.7907031637073985,119.82253337911261,0.81934906570204291,235.1806509342982,8.0385199346471497e-05,972.99991961480055,972.99991961480055,758.73712947005276,4419.2628705299412,4419.2628705299412,16.600000000000001
237.75,116,6.1886589679025441,58.05760289178933,2.5510081054658169,0.78301339805864967,0.098026454178525818,27.872698288070822,3.7827932129170678,119.912460541309,0.81592448424448016,235.18407551575578,7.9421406320385945e-05,972.99992057859356,972.99992057859356,757.64430769940122,4420.3556923005935,4420.3556923005935,16.600000000000001
238,116,6.1955828263476294,58.114360153295706,2.5328534910034231,0.78014580045688209,0.097902294674161269,27.812008925225495,3.7748895549310237,120.00219993370891,0.81252158617730919,235.18747841382296,7.8471218655223581e-05,972.99992152878121,972.99992152878121,756.555336848097,4421.4446631518977,4421.4446631518977,16.600000000000001
238.25,116,6.2025028001834315,58.171051679960527,2.5148105364131461,0.77728447049871652,0.097778080363328593,27.75138296899387,3.7669922374115368,120.09175170631929,0.80914021202505049,235.1908597879752,7.7534422180030715e-05,972.9999224655777,972.9999224655777,755.47020301479267,4422.5297969852008,4422.5297969852008,16.600000000000001
238.5,116,6.2094188436554942,58.227677191732546,2.4968787172925717,0.77442942078105736,0.097653812010038504,27.690820731820736,3.7591013078188453,120.18111601027663,0.80578020361543345,235.19421979638483,7.6610806389440302e-05,972.99992338919355,972.99992338919355,754.38889234687008,4423.6111076531242,4423.6111076531242,16.600000000000001
238.75,116,6.2163309111697771,58.28423641039447,2.4790575103118702,0.77158066374696499,0.097529490381535355,27.630322524307115,3.7512168134103185,120.27029299784208,0.8024414040679293,235.19755859593235,7.5700164376586531e-05,972.99992429983547,972.99992429983547,753.31139104028432,4424.6886089597092,4424.6886089597092,16.600000000000001
239,116,6.2232389572932956,58.340729059565959,2.4613463932230455,0.76873821168534573,0.097405116248249407,27.569888655207016,3.7433388012396174,120.35928282239661,0.79912365778239014,235.2008763422179,7.4802292767561082e-05,972.99992519770717,972.99992519770717,752.23768533940961,4425.7623146605838,4425.7623146605838,16.600000000000001
239.25,116,6.2301429367547572,58.39715486470643,2.4437448448691157,0.76590207673065613,0.097280690383749785,27.50951943142428,3.7354673181558784,120.4480856384362,0.79582681042779235,235.20417318957249,7.3916991656427548e-05,972.99992608300818,972.99992608300818,751.16776153688352,4426.8322384631101,4426.8322384631101,16.600000000000001
239.5,116,6.2370428044452062,58.45351355311783,2.426252345193185,0.76307227086261653,0.097156213564697225,27.449215158009519,3.727602410802894,120.53670160156696,0.79255070893108448,235.2074492910692,7.3044064542017171e-05,972.99992695593539,972.99992695593539,750.10160597345407,4427.8983940265389,4427.8983940265389,16.600000000000001
239.75,116,6.2439385154186473,58.509804853947351,2.4088683752474362,0.76024880590594035,0.097031686570796707,27.388976138157133,3.7197441256183144,120.62513086850026,0.78929520146614052,235.21070479853412,7.2183318265865536e-05,972.99992781668163,972.99992781668163,749.03920503782547,4428.9607949621677,4428.9607949621677,16.600000000000001
240,116,6.2508300248926831,58.566028498189958,2.3915924172020282,0.757431693530073,0.096907110184750511,27.328802673202404,3.7118925088328494,120.71337359704778,0.78606013744281278,235.21393986255748,7.1334562951311792e-05,972.99992866543698,972.99992866543698,747.98054516650473,4430.0194548334885,4430.0194548334885,16.600000000000001
