model_time,CD95,FADD,DISC,p55free,DISCp55,p30,p43,p18,p18inactive,Bid,tBid,PrNES_mCherry,PrNES,mCherry,PrER_mGFP,PrER,mGFP,CD95L
0,12,90,0,127,0,0,0,0,0,224,0,1909,0,0,3316,0,0,16.600000000000001
0.25,12,89.910579189734406,0.08872597714136711,126.99930516687576,0.00069417142235434588,6.6169108800663261e-07,1.0800045121081508e-11,1.3841169739946913e-14,4.8896212245014445e-17,223.99999999999994,5.4183177657817299e-14,1908.9999999999989,1.3298387263425044e-12,1.3298387263425044e-12,3316,2.5987817040186149e-15,2.5987817040186149e-15,16.600000000000001
0.5,12,89.821371763061535,0.17586551339303713,126.99723727645373,0.0027574571872491893,5.2660164920846467e-06,3.41668856122751e-10,8.6447233001354198e-13,5.9029242474507503e-15,223.99999999999665,3.3922105114397431e-12,1908.9999999999168,8.3256337133039688e-11,8.3256337133039688e-11,3315.9999999999995,3.1373414892780352e-13,3.1373414892780352e-13,16.600000000000001
0.75,12,89.732375281240309,0.26144567466381674,126.99382095589434,0.0061613609860077792,1.7680544306973188e-05,2.5655564272522967e-09,9.7146454804811575e-12,9.9445605579751585e-14,223.99999999996177,3.8288645409626176e-11,1908.9999999990605,9.3973306191949536e-10,9.3973306191949536e-10,3315.999999999995,5.2854282256200779e-12,5.2854282256200779e-12,16.600000000000001
1,12,89.64358734597208,0.34549310793957239,126.98908045385707,0.01087784326181594,4.169213599803619e-05,1.0690533891567751e-08,5.3875026821456791e-11,7.3598206468842409e-13,223.99999999978678,2.1328055517966128e-10,1908.9999999947656,5.2346273163358217e-09,5.2346273163358217e-09,3315.9999999999609,3.911666438729363e-11,3.911666438729363e-11,16.600000000000001
1.25,12,89.555005598770919,0.42803404595058181,126.98303964451516,0.016879314790530918,8.1008226852044007e-05,3.2261128145393471e-08,2.0286875086290045e-10,3.4694523846816794e-12,223.99999999919336,8.0667561579245243e-10,1908.9999999802014,1.979855224158451e-08,1.979855224158451e-08,3315.9999999998158,1.8439770620869641e-10,1.8439770620869641e-10,16.600000000000001
1.5,12,89.466627720340796,0.50909431187327348,126.97572203160381,0.024138630320594306,0.00013925808313710713,7.9382198591576591e-08,5.9796711607756976e-10,1.229145790505267e-11,223.99999999761181,2.3882441965702458e-09,1908.9999999413844,5.8615602809179626e-08,5.8615602809179626e-08,3315.999999999347,6.5327792180097866e-10,6.5327792180097866e-10,16.600000000000001
1.75,12,89.378451429960307,0.58869932406156622,126.96715075249766,0.032629082272919635,0.00021999403646864903,1.6966873267097849e-07,1.4884731596000122e-09,3.5752575151086852e-11,223.99999999402891,5.9711358994156693e-09,1908.9999998534481,1.4655190231265428e-07,1.4655190231265428e-07,3315.9999999980996,1.9002113641970663e-09,1.9002113641970663e-09,16.600000000000001
2,12,89.290474484874537,0.66687410080293963,126.95734858231341,0.042324394501459181,0.00032669269593134381,3.2712514818293177e-07,3.2740287121175434e-09,9.0020567788371457e-11,223.99999998680806,1.3191986103520839e-08,1908.999999676224,3.2377602708451138e-07,3.2377602708451138e-07,3315.9999999952156,4.7844974858450552e-09,4.7844974858450552e-09,16.600000000000001
2.25,12,89.202694679694289,0.74364326509492673,126.94633793803389,0.053198716115101512,0.00046275613842886097,5.8295726512141471e-07,6.5523161309702836e-09,2.030053389343183e-10,223.9999999734826,2.6517424560864485e-08,1908.9999993491726,6.5082742696783365e-07,6.5082742696783365e-07,3315.9999999892107,1.0789517969125228e-08,1.0789517969125228e-08,16.600000000000001
2.5,12,89.115109845802905,0.81903104943757687,126.93414088264929,0.06522661536149886,0.0006315130777647495,9.7632027251017041e-07,1.2171512489956712e-08,4.1967708520397393e-10,223.99999995052494,4.9475120836630731e-08,1908.9999987857132,1.2142870630599205e-06,1.2142870630599205e-06,3315.9999999776951,2.2305390960656311e-08,2.2305390960656311e-08,16.600000000000001
2.75,12,89.027717850770173,0.89306130063792877,126.92077912931246,0.078383073573299128,0.00083622001291358853,1.5550057095550838e-06,2.1286936072673667e-08,8.086792423461798e-10,223.99999991309235,8.6907699462924608e-08,1908.999997866991,2.1330093456471032e-06,2.1330093456471032e-06,3315.9999999570196,4.2980442102231391e-08,4.2980442102231391e-08,16.600000000000001
3,12,88.940516597773808,0.96575748462253352,126.90627404550465,0.092643479177219559,0.0010800623559473531,2.3760705072531644e-06,3.5421332786430986e-08,1.4703318685455347e-09,223.99999985475219,1.4524785033757459e-07,1908.9999964351259,3.56487427516733e-06,3.56487427516733e-06,3315.9999999218535,7.8146575845580046e-08,7.8146575845580046e-08,16.600000000000001
3.25,12,88.853504025028315,1.0371426912543726,126.89064665720826,0.10798362176631185,0.0013661555400577426,3.5064109591851352e-06,5.6528301799833136e-08,2.5461044828608226e-09,223.99999976718698,2.3281307731258681e-07,1908.9999942859786,5.7140215707169396e-06,5.7140215707169396e-06,3315.9999998646776,1.3532274674544072e-07,1.3532274674544072e-07,16.600000000000001
3.5,12,88.766678105221132,1.1072396391506321,126.87391765308371,0.12437968623571566,0.0016975461081079322,5.0232844277623366e-06,8.7058384360670812e-08,4.2296281207166766e-09,223.99999963988148,3.601185745332022e-07,1908.9999911614707,8.8385297147050619e-06,8.8385297147050619e-06,3315.9999997751997,2.2480023850250589e-07,2.2480023850250589e-07,16.600000000000001
3.75,12,88.680036844956277,1.1760706804980157,126.85610738864757,0.14180824698212849,0.0020772127821315632,7.0147814698925438e-06,1.3002737804560986e-07,6.7793035261624818e-09,223.9999994597932,5.4020680164496639e-07,1908.9999867414956,1.3258504843871549e-05,1.3258504843871549e-05,3315.9999996396868,3.6031277597824199e-07,3.6031277597824199e-07,16.600000000000001
4,12,88.59357828420525,1.2436578058624159,126.83723589044862,0.16024626216717389,0.0025080675141867194,9.580250985720498e-06,1.8908646345743836e-07,1.0532554354473734e-08,223.99999921100761,7.8899238325969383e-07,1908.9999806354551,1.9364545748871777e-05,1.9364545748871777e-05,3315.9999994402056,5.5979406775967399e-07,5.5979406775967399e-07,16.600000000000001
4.25,12,88.507300495765435,1.3100226489899462,126.81732286023981,0.17967106804479016,0.0029929565189593102,1.2830680886713409e-05,2.6859376341175435e-07,1.5921763360471274e-08,223.99999887437897,1.1256210294936997e-06,1908.9999723734479,2.7626552997481384e-05,2.7626552997481384e-05,3315.9999991537748,8.4622479762417869e-07,8.4622479762417869e-07,16.600000000000001
4.5,12,88.421201584725623,1.3751864915964898,126.79638767914317,0.20006037335271612,0.0035346612884991553,1.6889036689573926e-05,3.7368698067561927e-07,2.3491921474196153e-08,223.99999842715874,1.5728412330179056e-06,1908.9999613971493,3.8602851635238622e-05,3.8602851635238622e-05,3315.9999987514288,1.2485706541433153e-06,1.2485706541433153e-06,16.600000000000001
4.75,12,88.335279687939035,1.4391702681430782,126.77444941180525,0.22139225376810259,0.0041358995894606411,2.1890560349247087e-05,5.1035678703693547e-07,3.3920011393934446e-08,223.9999978426124,2.1573875587341178e-06,1908.9999470504026,5.2949598406349047e-05,5.2949598406349047e-05,3315.9999981971869,1.8028125480350148e-06,1.8028125480350148e-06,16.600000000000001
5,12,88.249532973503477,1.5019945705945572,126.75152681054116,0.24364514642723714,0.0047993264432088911,2.7983031554626177e-05,6.8552066126591152e-07,4.8036139918812559e-08,223.99999708962557,2.9103743995932002e-06,1908.9999285695553,7.1430445846311515e-05,7.1430445846311515e-05,3315.9999974469297,2.5530697731572666e-06,2.5530697731572666e-06,16.600000000000001
5.25,12,88.163959640248791,1.5636796531591401,126.72763831946455,0.26679784450932659,0.0055275350891414434,3.5326993620308414e-05,9.0709689781398017e-07,6.6846426177106012e-08,223.99999613230082,3.8676991294691486e-06,1908.9999050735639,9.4926437006233709e-05,9.4926437006233709e-05,3315.9999964471826,3.5528164914806504e-06,3.5528164914806504e-06,16.600000000000001
5.5,12,88.078557917231606,1.6242454370065738,126.70280207860193,0.29082949188425145,0.0063230579315666736,4.4095946034798904e-05,1.1840785271497687e-06,9.1557647524458682e-08,223.99999492954632,5.0704536298312411e-06,1908.9998755538952,0.00012444610569334509,0.00012444610569334509,3315.9999951338077,4.8661916363309746e-06,4.8661916363309746e-06,16.600000000000001
5.75,12,87.993326063236978,1.6837115149628175,126.67703592798918,0.31571957782415583,0.0071883674704665288,5.4476505611744995e-05,1.52660691793593e-06,1.2360363671635482e-07,223.99999343465672,6.5653432383855245e-06,1908.9998388642423,0.0001611357588649006,0.0001611357588649006,3315.999993430597,6.5694018939714707e-06,6.5694018939714707e-06,16.600000000000001
6,12,87.908262366287488,1.7420971561792162,126.65035741174839,0.34144793177871768,0.0081258772164645669,6.666853813542269e-05,1.9460448443329239e-06,1.6467342072293229e-07,223.99999159488775,8.4051122011164652e-06,1908.9997937100823,0.00020628991862867629,0.00020628991862867629,3315.9999912477815,8.7522172515883354e-06,8.7522172515883354e-06,16.600000000000001
6.25,12,87.823365143159208,1.7994213107742651,126.62278378214353,0.36799471821391677,0.0091379425903121408,8.0885262322781439e-05,2.455048817712487e-06,2.167410876377937e-07,223.99998935102519,1.0648974750931403e-05,1908.9997386380985,0.00026136190232803656,0.00026136190232803656,3315.9999884804406,1.1519558391585685e-05,1.1519558391585685e-05,16.600000000000001
6.5,12,87.738632738904712,1.8557026144462245,126.59433200361302,0.395340431514072,0.010226861807192594,9.7353327813700828e-05,3.0676405100402259e-06,2.8209736037689956e-07,223.99998663694893,1.3363051006469008e-05,1908.9996720254801,0.00032797452091578254,0.00032797452091578254,3315.9999850068243,1.4993174799890566e-05,1.4993174799890566e-05,16.600000000000001
6.75,12,87.654063526383197,1.910959393054946,126.56501875677814,0.4234658909469019,0.011394876746135511,0.00011631286883655902,3.7992771089916424e-06,3.6338285365415406e-07,223.99998337919303,1.6620806918771279e-05,1908.9995920691244,0.00040793087665833163,0.00040793087665833163,3315.9999806865867,1.9313412338532503e-05,1.9313412338532503e-05,16.600000000000001
7,12,87.569655905797362,1.9652096671713402,126.53486044242523,0.45235223569134342,0.01264417380482737,0.00013801753514481951,4.6669204561572032e-06,4.6362298803055878e-07,223.99997949650242,2.0503497527459871e-05,1908.9994967747591,0.00050322524204415658,0.00050322524204415658,3315.99997535893,2.4641068889798573e-05,2.4641068889798573e-05,16.600000000000001
7.25,12,87.485408304237311,2.0184711565930682,126.50387318546096,0.48198091992782965,0.013976884740093528,0.00016273450172428787,5.6891048412446159e-06,5.862645298757953e-07,223.9999748993871,2.5100612844185359e-05,1908.9993839459978,0.00061605400314718346,0.00061605400314718346,3315.9999688406629,3.1159336415743513e-05,3.1159336415743513e-05,16.600000000000001
7.5,12,87.401319175231166,2.0707612848251062,126.47207283883915,0.51233370799071554,0.015395087494320657,0.00019074445871861142,6.8860033350018056e-06,7.3521372432998454e-07,223.99996948967424,3.0510325710030813e-05,1908.9992511733499,0.00074882665140465099,0.00074882665140465099,3315.9999609241722,3.9075827683754597e-05,3.9075827683754597e-05,16.600000000000001
7.75,12,87.317386998302538,2.1220971835239424,126.43947498745788,0.54339266958251087,0.016900807008079798,0.00022234158294549166,8.2794925594833635e-06,9.1487598512495032e-07,223.99996316005891,3.683994101996199e-05,1908.9990958231922,0.00090417680890708945,0.00090417680890708945,3315.9999513753137,4.8624685737272325e-05,4.8624685737272325e-05,16.600000000000001
8,12,87.23361027853467,2.1724956969042606,126.40609495202597,0.57514017504957016,0.018496016019203549,0.00025783349231608206,9.8932158055755445e-06,1.1301971030762876e-06,223.99995579365418,4.4206345739801206e-05,1908.9989150267284,0.0010849732730918579,0.0010849732730918579,3315.999939931226,6.0068774081903619e-05,6.0068774081903619e-05,16.600000000000001
8.25,12,87.149987546141134,2.2219733861070412,126.37194779289779,0.60755889071886526,0.020182635848563661,0.00029754118440811965,1.1752644419389257e-05,1.386705933173556e-06,223.99994726354075,5.2736459177631978e-05,1908.9987056689338,0.0012943310676246306,0.0012943310676246306,3315.9999262980546,7.3701945457014753e-05,7.3701945457014753e-05,16.600000000000001
8.5,12,87.066517356043292,2.2705465335281039,126.33704831387544,0.64063177429545082,0.021962537172787996,0.00034179896037977054,1.3885137391541649e-05,1.6905585179130269e-06,223.9999374323169,6.2567683008081149e-05,1908.9984643775142,0.0015356224871489778,0.0015356224871489778,3315.9999101486133,8.9851386941544064e-05,8.9851386941544064e-05,16.600000000000001
8.75,12,86.983198287454087,2.3182311471061881,126.30141106597753,0.6743420703202242,0.023837540784150318,0.0003909543353616183,1.6319999090581256e-05,2.0485836041404118e-06,223.99992615164933,7.3848350574463355e-05,1908.9981875118769,0.0018124881242337785,0.0018124881242337785,3315.9998911199609,0.00010888003912270486,0.00010888003912270486,16.600000000000001
9,12,86.900028943468456,2.3650429645697497,126.26505035117354,0.70867330568756193,0.025809418337859279,0.00044536793640309748,1.9088535093274595e-05,2.4683295087851322e-06,223.9999132618249,8.6738175028981064e-05,1908.9978711521337,0.0021288478677111517,0.0021288478677111517,3315.9998688109135,0.00013118908695600019,0.00013118908695600019,16.600000000000001
9.25,12,86.817007950659928,2.4109974576417348,126.22798022608326,0.74360928522239622,0.027879893086965885,0.00050541338898865435,2.2224106076679832e-05,2.9581122864670116e-06,223.99989859130403,0.00010140869590635845,1908.9975110881389,0.0024889118624598396,0.0024889118624598396,3315.9998427794803,0.00015722051981735031,0.00015722051981735031,16.600000000000001
9.5,12,86.73413395868387,2.4561098362016414,126.19021450564055,0.77913408731630185,0.030050640605105625,0.00057147719310726784,2.5762179736761659e-05,3.527065154552659e-06,223.99988195627617,0.00011804372373993232,1908.9971028085802,0.0028971914210213739,0.0028971914210213739,3315.9998125402421,0.00018745975838608503,0.00018745975838608503,16.600000000000001
9.75,12,86.651405639886576,2.5003950524042593,126.15176676672093,0.81523205962213019,0.032323289497282401,0.00064395858978615809,2.9740380715695792e-05,4.1851891267906687e-06,223.99986316021756,0.00013683978237365421,1908.9966414901228,0.0033585098785258415,0.0033585098785258415,3315.9997775616544,0.00022243834576110886,0.00022243834576110886,16.600000000000001
10,12,86.568821688920863,2.5438678047545435,126.11265035173203,0.85188781480673792,0.03469942209889923,0.00072326941897280525,3.4198538518339114e-05,4.9434048095635996e-06,223.99984199345127,0.0001580065486335059,1908.9961219866186,0.0038780133826480444,0.0038780133826480444,3315.9997372633002,0.00026273670036710509,0.00026273670036710509,16.600000000000001
10.25,12,86.486380822367735,2.5865425421381398,126.07287837216711,0.8890862263613295,0.037180575163232338,0.00080983396958198635,3.9178733413801407e-05,5.8136053111756162e-06,223.99981823271088,0.00018176728906296269,1908.9955388183901,0.0044611816113229244,0.0044611816113229244,3315.9996910130722,0.00030898692801524622,0.00030898692801524622,16.600000000000001
10.5,12,86.404081778363903,2.6284334678071208,126.03246371212045,0.92681242446894441,0.03976824053754309,0.00090408882250249661,4.472534031482547e-05,6.8087102180592636e-06,223.99979164070652,0.00020835929343315134,1908.9948861615901,0.0051138384110937327,0.0051138384110937327,3315.9996381243095,0.00036187569066695944,0.00036187569066695944,16.600000000000001
10.75,12,86.321923316235555,2.669554543320571,125.99141903176486,0.96505179192859258,0.042463865828015313,0.0010064826872967407,5.0885070641311741e-05,7.9427205886401231e-06,223.99976196569517,0.00023803430477624445,1908.9941578376515,0.0058421623498948047,0.0058421623498948047,3315.999577852871,0.00042214712928210704,0.00042214712928210704,16.600000000000001
11,12,86.239904216137774,2.709919492439699,125.94975677079034,1.0037899601355511,0.04526885505370179,0.0011174762332966473,5.7707012174904099e-05,9.230774917555232e-06,223.99972894105426,0.00027105894570337988,1908.9933473028232,0.0066526971783807025,0.0066526971783807025,3315.999509394162,0.00049060583823688211,0.00049060583823688211,16.600000000000001
11.25,12,86.158023278700085,2.7495418049772082,125.90748915180431,1.0430128051173164,0.048184569289659335,0.0012375419157566569,6.5242666917497474e-05,1.0689206022692594e-05,223.99969228485915,0.00030771514079077576,1908.9924476378071,0.0075523621944603861,0.0075523621944603861,3315.9994318801109,0.00056811988878451567,0.00056811988878451567,16.600000000000001
11.5,12,86.076279324677486,2.7884347406006942,125.86462818369235,1.0827064436247136,0.051212327299447032,0.0013671637976865453,7.354598697142134e-05,1.2335598807613083e-05,223.99965169946509,0.00034830053483820797,1908.9914515374953,0.0085484625061952261,0.0085484625061952261,3315.9993443761014,0.00065562389903678451,0.00065562389903678451,16.600000000000001
11.75,12,85.994671194607349,2.8266113325899105,125.8211856649399,1.1228572292776424,0.054353406157158828,0.0015068373679523424,8.2673408461933628e-05,1.4188848852897448e-05,223.99960687109311,0.00039312890682116446,1908.990351300813,0.0096486991886376682,0.0096486991886376682,3315.999245877852,0.0007541221479964046,0.0007541221479964046,16.600000000000001
12,12,85.913197748471973,2.8640843915477459,125.77717318691434,1.1634517487649536,0.057609041859156898,0.0016570693561977236,9.2683883527168846e-05,1.6269221790021376e-05,223.99955746942058,0.00044253057937625656,1908.9891388206709,0.010861179330632574,0.010861179330632574,3315.9991353082687,0.0008646917311734793,0.0008646917311734793,16.600000000000001
12.25,12,85.831857865366459,2.9008665090648496,125.73260213710743,1.2044768180979317,0.060980429925669037,0.0018183775451059098,0.00010363891040344154,1.8598413412222489e-05,223.99950314717626,0.0004968528236755865,1908.9878055740337,0.012194425967995616,0.012194425967995616,3315.9990115142446,0.00098848575536483545,0.00098848575536483545,16.600000000000001
12.5,12,85.750650443172447,2.9369700613378167,125.6874837023381,1.2459194789168637,0.064468725992409479,0.0019912905804906709,0.00011560256163666303,2.1199610477571938e-05,223.99944353974038,0.00055646025956162734,1908.9863426121017,0.013657387899869016,0.013657387899869016,3315.9988732634297,0.0011267365702147623,0.0011267365702147623,16.600000000000001
12.75,12,85.669574398236861,2.972407212740948,125.64182887191514,1.2877669948501673,0.068075046392378796,0.0021763477796738618,0.00012864151045366003,2.4097552160026855e-05,223.99937826474914,0.00062173525082953173,1908.9847405506162,0.015259449385428291,0.015259449385428291,3315.9987192409658,0.001280759034205484,0.001280759034205484,16.600000000000001
13,12,85.588628665056319,3.007189919351577,125.5956484407604,1.3300068479255511,0.071800468727995712,0.0023740989385801605,0.00014282505532858307,2.7318592105415579e-05,223.99930692170443,0.00069307829555626725,1908.9829895602832,0.017010439718416443,0.017010439718416443,3315.9985480461869,0.0014519538127880825,0.0014519538127880825,16.600000000000001
13.25,12,85.50781219596665,3.0413299324290342,125.54895301249179,1.3726267350326762,0.075646032433709418,0.0025851041379473102,0.00015822514278369761,3.0890761049392225e-05,223.99922909158857,0.00077090841139300392,1908.981079357324,0.018920642677396033,0.018920642677396033,3315.9983581892934,0.0016418107063688684,0.0016418107063688684,16.600000000000001
13.5,12,85.427123960837648,3.0748388018473132,125.50175300246647,1.4156145644367883,0.079612739329239429,0.0028099335490320882,0.0001749163884619995,3.4843829956756829e-05,223.99914433648425,0.00085566351574337921,1908.9789991941518,0.021000805849758004,0.021000805849758004,3315.9981480879942,0.0018519120059915628,0.0018519120059915628,16.600000000000001
13.75,12,85.346562946772934,3.1077278794815575,125.45405864078427,1.4589584523427879,0.083701554163585143,0.003049167239156761,0.00019297609651518308,3.920937364067438e-05,223.99905219919921,0.00094780080076985618,1908.9767378501735,0.02326214982800252,0.02326214982800252,3315.997916064126,0.002083935874509502,0.002083935874509502,16.600000000000001
14,12,85.266128157814933,3.14000832254851,125.4058799752512,1.5026467195092028,0.087913405149946361,0.0033033949774270654,0.00021248427734739099,4.402083482310923e-05,223.99895220289682,0.0010477971031740906,1908.9742836227244,0.025716377276893954,0.025716377276893954,3315.9976603402488,0.0023396597511899249,0.0023396597511899249,16.600000000000001
14.25,12,85.185818614654806,3.1716910969010765,125.35722687430345,1.5466678879115274,0.09224918449169113,0.0035732160409200019,0.00023352366376044436,4.931358859714423e-05,223.99884385073125,0.0011561492687147566,1908.971624318131,0.028375681870517949,0.028375681870517949,3315.9973790362228,0.0026209637776577191,0.0026209637776577191,16.600000000000001
14.5,12,85.105633354347276,3.2027869802772058,125.30810902989161,1.5910106774543995,0.096709748899506759,0.0038592390216282018,0.00025617972554297253,5.5125007254565999e-05,223.99872662548859,0.0012733745114288249,1908.9687472429032,0.031252757098326457,0.031252757098326457,3315.9970701657571,0.002929834243230033,0.002929834243230033,16.600000000000001
14.75,12,85.025571430030382,3.2333065655032862,125.2585359603256,1.6356640027320726,0.10129592009986557,0.004162081634416461,0.00028054068255076295,6.1494525441548091e-05,223.99859998923245,0.0014000107675389631,1908.9656391950618,0.034360804939661198,0.034360804939661198,3315.9967316329526,0.0032683670476636325,0.0032683670476636325,16.600000000000001
15,12,84.945631910649908,3.2632602636522989,125.20851701308018,1.6806169698366527,0.10600848533493562,0.0044823705262362736,0.00030669751632240755,6.846370560779253e-05,223.99846338295598,0.0015366170440315175,1908.9622864555952,0.037713544406285229,0.037713544406285229,3315.9963612288207,0.0036387711794711457,0.0036387711794711457,16.600000000000001
15.25,12,84.865813880688592,3.2926583071569784,125.1580613675615,1.7258588732135658,0.11084819785406341,0.0048207410868160092,0.00033474398027819995,7.6076303714301682e-05,223.9983162262381,0.0016837737619040298,1908.9586747800488,0.041325219952802736,0.041325219952802736,3315.9959566277921,0.0040433722079519516,0.0040433722079519516,16.600000000000001
15.5,12,84.78611643990007,3.3215107528782504,125.1071780378345,1.7713791925637214,0.11581577739695427,0.0051778372610358451,0.00036477660854716191,8.4378335167265941e-05,223.99815791690594,0.0018420830940824883,1908.9547893902466,0.045210609754873315,0.045210609754873315,3315.9955153842129,0.0044846157872063018,0.0044846157872063018,16.600000000000001
15.75,12,84.706538703047116,3.3498274851292402,125.05587587531183,1.8171675897918389,0.12091191066867281,0.0055543113631704071,0.00039689472347046172,9.3418140945488495e-05,223.99798783070199,0.0020121692980218796,1908.9506149661461,0.049385033855449068,0.049385033855449068,3315.9950349288297,0.0049650711703974476,0.0049650711703974476,16.600000000000001
16,12,84.627079799644704,3.3776182186551553,125.00416357140405,1.8632139060004091,0.12613725180658464,0.0059508238931749958,0.00043120044182639336,0.00010324645389098092,223.99780532095701,0.0021946790430041989,1908.9461356378222,0.053864362179272443,0.053864362179272443,3315.9945125652675,0.0054874347326439189,0.0054874347326439189,16.600000000000001
16.25,12,84.547738873707374,3.4048925015693663,124.95204966013169,1.9095081585287581,0.1314924228393583,0.0063680433551673733,0.00046779867982484942,0.0001139164651324597,223.99760971826785,0.0023902817321598351,1908.9413349775853,0.058665022416155684,0.058665022416155684,3315.9939454664991,0.0060545335009288903,0.0060545335009288903,16.600000000000001
16.5,12,84.468515083500932,3.4316597182460109,124.89954252069933,1.9560405380366859,0.13697801413814356,0.0068066460782509912,0.00050679715691629866,0.00012548389061348841,223.99740033018077,0.002599669819238416,1908.936195992228,0.063804007773561502,0.063804007773561502,3315.9933306713101,0.0066693286895203041,0.0066693286895203041,16.600000000000001
16.75,12,84.389407601298544,3.4579290921694903,124.84665038003176,2.0028014056321557,0.1425945848600419,0.0072673160398037968,0.00054830639846249459,0.00013800703769727322,223.99717644087985,0.0028235591201657933,1908.9307011154021,0.069298884599258204,0.069298884599258204,3315.9926650807602,0.0073349192394090547,0.0073349192394090547,16.600000000000001
17,12,84.310415613140989,3.4837096887411967,124.79338131527295,2.049781290042509,0.148342663383982,0.007750744691351558,0.00059243973731332275,0.00015154687182198729,223.99693731088058,0.0030626891194235652,1908.9248322001265,0.075167799874810481,0.075167799874810481,3315.9919454546389,0.0080545453603714807,0.0080545453603714807,16.600000000000001
17.25,12,84.231538318601253,3.5090104180438599,124.73974325624749,2.0969708848286812,0.15422274773911107,0.0082576307871249106,0.00063931331433594656,0.00016616708318084968,223.99668217672871,0.0033178232712967833,1908.9185705114205,0.081429488580887402,0.081429488580887402,3315.9911684079252,0.0088315920742805757,0.0088315920742805757,16.600000000000001
17.5,12,84.152774930553022,3.5338400375638841,124.68574398788547,2.144361045641908,0.16023530602581273,0.0087886802153949069,0.0006890460779397546,0.00018193415340290027,223.996410250704,0.0035897492960350152,1908.9118967190657,0.088103280935351469,0.088103280935351469,3315.9903304072413,0.009669592758381208,0.009669592758381208,16.600000000000001
17.75,12,84.074124674943448,3.5582071548720755,124.63139115261055,2.1919427875223914,0.16638077682945865,0.0093446058326642212,0.00074175978264183907,0.00019891742221089272,223.99612072052906,0.0038792794709798344,1908.9047908904959,0.095209109505280512,0.095209109505280512,3315.989427767312,0.010572232687269676,0.010572232687269676,16.600000000000001
18,12,83.995586790569675,3.5821202302631563,124.57669225269197,2.2397072822394235,0.17265956962700085,0.0099261273007869334,0.00079757898671536313,0.0002171891540342546,223.99581274908334,0.0041872509167114116,1908.8972324838071,0.10276751619405748,0.10276751619405748,3315.988456647427,0.011543352572398705,0.011543352572398705,16.600000000000001
18.25,12,83.917160528859526,3.6055875793544723,124.52165465256037,2.2876458556724546,0.17907206518650931,0.010533970927074338,0.00085663104896392705,0.00023682460455564169,223.99548547412178,0.0045145258782734472,1908.8892003408962,0.11079965910481836,0.11079965910481836,3315.9874130479016,0.012586952097959268,0.012586952097959268,16.600000000000001
18.5,12,83.838845153655939,3.6286173756443136,124.4662855810883,2.335749985232586,0.18561861595975876,0.011168869507440967,0.00091904612466272412,0.00025790208717100719,223.99513800799849,0.0048619920015347557,1908.8806726807195,0.11932731928151809,0.11932731928151809,3315.9862928065477,0.013707193452064132,0.013707193452064132,16.600000000000001
18.75,12,83.760639941005181,3.6512176530302685,124.41059213383527,2.3840112973240029,0.19229954646796607,0.011831562172629066,0.00098495716070809945,0.00028050303934371284,223.99476943739529,0.005230562604752808,1908.8716270926718,0.12837290732904094,0.12837290732904094,3315.985091595147,0.014908404852189834,0.014908404852189834,16.600000000000001
19,12,83.682544178948859,3.6733963082880314,124.35458127525791,2.4324215648448226,0.19911515368077967,0.012522794237551467,0.0010544998900141899,0.00030471208883451191,223.99437882305463,0.0056211769454006981,1908.8620405300874,0.13795946991367802,0.13795946991367802,3315.9838049159357,0.016195084063902514,0.016195084063902514,16.600000000000001
19.25,12,83.604557167319655,3.6951611035111105,124.29825984088566,2.4809727047268764,0.20606570738861971,0.013243317053773204,0.001127812825196623,0.00033061711978988494,223.9939651995177,0.0060348004823280715,1908.8518893038554,0.14811069614551342,0.14811069614551342,3315.982428098087,0.017571901911927049,0.017571901911927049,16.600000000000001
19.5,12,83.526678217540649,3.7165196685118569,124.24163453946213,2.5296567755139212,0.21315145056846721,0.013993887865157609,0.0012050372515801679,0.00035830933867226549,223.9935275748667,0.0064724251333208487,1908.8411490761569,0.15885092384410993,0.15885092384410993,3315.9809562942164,0.019043705782674517,0.019043705782674517,16.600000000000001
19.75,12,83.448906652428107,3.7374795031842671,124.18471195505266,2.5784659749777896,0.22037259974319906,0.014775269666683891,0.0012863172195679876,0.00038788334001661225,223.99306493047192,0.0069350695281329084,1908.829794854312,0.1702051456890859,0.1702051456890859,3315.9793844768815,0.020615523117391451,0.020615523117391451,16.600000000000001
20,12,83.371241805998039,3.7580479798289956,124.12749854911851,2.6273926377719934,0.22772934533456424,0.015588231066447838,0.001371799536407797,0.00041943717199843767,223.99257622074296,0.0074237792570578604,1908.8178009847441,0.18219901525704085,0.18219901525704085,3315.9777074351036,0.02229256489512815,0.02229256489512815,16.600000000000001
20.25,12,83.293683023275975,3.7782323454410309,124.0700006625577,2.6764292331222923,0.23522185200989573,0.016433546150840739,0.0014616337573901718,0.00045307240179964494,223.99206037288494,0.0079396271151160498,1908.8051411470544,0.1948588529464545,0.1948588529464545,3315.9759197708941,0.02408022910478911,0.02408022910478911,16.600000000000001
20.5,12,83.216229660110244,3.7980397239604731,124.01222451771335,2.7255683625537497,0.24285025902265159,0.017311994352908162,0.001555972176512351,0.00048889418075871401,223.99151628665811,0.0084837133419259584,1908.7917883482091,0.20821165179202727,0.20821165179202727,3315.9740158957934,0.025984104205537616,0.025984104205537616,16.600000000000001
20.75,12,83.138881082988618,3.8174771184868757,123.95417622034945,2.7748027576537933,0.25061468054687674,0.018224360323870262,0.0016549698166406612,0.00052701130929343914,223.99094283414274,0.0090571658573379479,1908.777714916831,0.2222850831701412,0.2222850831701412,3315.971990027424,0.028009972574914645,0.028009972574914645,16.600000000000001
21,12,83.061636668858156,3.8365514134575949,123.89586176159484,2.8241252778708148,0.2585152060056774,0.019171433807798621,0.0017587844192026854,0.0005675363015840507,223.99033885950715,0.0096611404928988003,1908.7628924976041,0.23710750239687561,0.23710750239687561,3315.9698361860551,0.030163813944011197,0.030163813944011197,16.600000000000001
21.25,12,82.984495804948395,3.8552693767906043,123.83728701985544,2.8735289083478324,0.26655190039379717,0.020154009519418748,0.0018675764334402023,0.00061058545000668423,223.98970317878081,0.010296821219227382,1908.7472920457808,0.25270795422029929,0.25270795422029929,3315.9675481911795,0.032451808819146805,0.032451808819146805,16.600000000000001
21.5,12,82.907457888597648,3.8736376619922197,123.77845776269521,2.9230067577907541,0.27472480459438459,0.021172887025027412,0.0019815090052518066,0.00065627888930623233,223.98903457963067,0.010965420369368669,1908.7308838217925,0.26911617820842781,0.26911617820842781,3315.9651196581094,0.034880341889455352,0.034880341889455352,16.600000000000001
21.75,12,82.830522327082534,3.8916628102302044,123.71937964868646,2.9725520563707817,0.28303393569004004,0.022228870626483658,0.0021007479656540307,0.0007047406605001739,223.98833182114186,0.011668178858207694,1908.7136373859664,0.28636261403458274,0.28636261403458274,3315.9625439945785,0.03745600541991647,0.03745600541991647,16.600000000000001
22,12,82.753688537450387,3.9093512523726837,123.66005822922955,3.0221581536604911,0.2914792872682283,0.023322769248256971,0.0022254618188877503,0.00075609877450354731,223.98759363360207,0.012406366398009466,1908.6955215933394,0.30447840666149506,0.30447840666149506,3315.9598143973694,0.040185602629292196,0.040185602629292196,16.600000000000001
22.25,12,82.676955946354923,3.9267093109933437,123.60049895034248,3.0718185166031478,0.3000608297211444,0.024455396327484422,0.0023558217301963735,0.00081048527546806232,223.98681871828992,0.013181281710165901,1908.6765045885752,0.32349541142585958,0.32349541142585958,3315.9569238489457,0.043076151052579767,0.043076151052579767,16.600000000000001
22.5,12,82.600323989894775,3.9437432023433532,123.54070715442087,3.1215267275147962,0.30877851054011596,0.025627569707011095,0.0024920015133006374,0.00086803630382687803,223.98600574726686,0.013994252733216469,1908.6565538009763,0.34344619902468432,0.34344619902468432,3315.9538651141111,0.046134885887511211,0.046134885887511211,16.600000000000001
22.75,12,82.523792113454888,3.9604590382904643,123.48068808196861,3.1712764821186861,0.31763225460462879,0.026840111531364078,0.0026341776175940719,0.00092889215903898723,223.98515336317283,0.014846636827220171,1908.6356359395959,0.3643640604050391,0.3643640604050391,3315.9506307366737,0.049369263324759063,0.049369263324759063,16.600000000000001
23,12,82.447359771551035,3.9768628282257321,123.42044687329954,3.2210615876115938,0.32662196446605651,0.028093848145627019,0.0027825291150819554,0.00099319736202595709,223.98426017902548,0.015739820974545311,1908.6137169884425,0.3862830115585234,0.3862830115585234,3315.9472130361369,0.052786963861442028,0.052786963861442028,16.600000000000001
23.25,12,82.371026427676796,3.9929604809383132,123.3599885702106,3.2708759607615998,0.33574752062617913,0.029389609997159939,0.0029372376870856354,0.0010611007172961384,223.9833247780229,0.016675221977153435,1908.5907622017789,0.40923779822201278,0.40923779822201278,3315.9436041044005,0.056395895597650375,0.056395895597650375,16.600000000000001
23.5,12,82.294791554153676,4.0087578064587808,123.29931811762683,3.3207136260368935,0.34500878181057171,0.030728231540125894,0.0030984876107329556,0.0011327553747502001,223.98234571334962,0.017654286650442833,1908.5667360995151,0.43326390048595864,0.43326390048595864,3315.9397958024829,0.060204197515642377,0.060204197515642377,16.600000000000001
23.75,12,82.218654631983767,4.0242605178713937,123.23844036521861,3.3705687137651767,0.35440558523694271,0.032110551142769346,0.0032664657452544407,0.0012083188911637098,223.98132150798634,0.018678492013723288,1908.5416024626893,0.45839753731166666,0.45839753731166666,3315.9357797572566,0.064220242741461278,0.064220242741461278,16.600000000000001
24,12,82.142615150705126,4.0394742330957758,123.17736006899132,3.4204354583232419,0.36393774687850533,0.033537410997399035,0.0034413615181039681,0.0012879532913420422,223.98025065452265,0.019749345477388408,1908.5153243290424,0.48467567095883812,0.48467567095883812,3315.9315473582092,0.06845264178869849,0.06845264178869849,16.600000000000001
24.25,12,82.066672608249846,4.0544044766384202,123.11608189284827,3.4703081963563078,0.37360506172245755,0.035009657033020551,0.0036233669109215598,0.0013718251289438013,223.97913161497317,0.020868385026852974,1908.4878639886765,0.51213601132467268,0.51213601132467268,3315.9270897542137,0.072910245784175001,0.072910245784175001,16.600000000000001
24.5,12,81.990826510804666,4.0690566813144793,123.05461041012668,3.5201813650266964,0.38340730402365308,0.036528138830565444,0.0038126764453548711,0.0014601055469692574,223.9779628205967,0.022037179403320527,1908.4591829798055,0.54081702019577327,0.54081702019577327,3315.9223978503223,0.077602149675329621,0.077602149675329621,16.600000000000001
24.75,12,81.915076372674164,4.0834361899402456,122.9929501051076,3.5700495002914434,0.39334422755353921,0.038093709540662504,0.0040094871687551374,0.0015529703379103729,223.9767426717186,0.023257328281444438,1908.429242084587,0.57075791541403231,0.57075791541403231,3315.9174623045783,0.082537695419104329,0.082537695419104329,16.600000000000001
25,12,81.839421716146504,4.0975482569967774,122.93110537449984,3.6199072352084358,0.40341556584443938,0.039707225803892354,0.0042139986397620307,0.0016506000035600538,223.97546953755608,0.024530462443946566,1908.3980013250437,0.60199867495769144,0.60199867495769144,3315.9122735248452,0.087726475152173952,0.087726475152173952,16.600000000000001
25.25,12,81.763862071361586,4.1113980502650689,122.86908052889825,3.6697492982706703,0.4136210324292573,0.041369547673471667,0.0044264129137914108,0.0017531798144775647,223.97414175604678,0.025858243953252657,1908.3654199590628,0.63458004093863629,0.63458004093863629,3315.9068216656547,0.093178334342327251,0.093178334342327251,16.600000000000001
25.5,12,81.688396976181608,4.1249906524332118,122.80687979421715,3.7195705117682483,0.42396032107667875,0.043081538540304297,0.0046469345284383375,0.0018608998691086623,223.97275763367983,0.027242366320206383,1908.3314564764844,0.66854352351704627,0.66854352351704627,3315.9010966250767,0.098903374920893419,0.098903374920893419,16.600000000000001
25.75,12,81.613025976064122,4.1383310626759409,122.74450731309857,3.7693657901776985,0.43443310602194551,0.044844065060345085,0.0048757704888076087,0.0019739551525577736,223.97131544533011,0.028684554669917473,1908.2960685952671,0.70393140473434923,0.70393140473434923,3315.8950880416014,0.10491195839603938,0.10491195839603938,16.600000000000001
26,12,81.537748623937318,4.151424198206997,122.68196714629639,3.8191301385782572,0.44503904219327778,0.046657997084213657,0.0051131302527824222,0.0020925455950111887,223.96981343409522,0.030186565904802305,1908.2592132577358,0.74078674226549668,0.74078674226549668,3315.8887852910507,0.1112147089468512,0.1112147089468512,16.600000000000001
26.25,12,81.462564480077631,4.1642748958047084,122.61926327403616,3.8688586510947069,0.45577776543401743,0.048524207588999807,0.00535922571624138,0.0022168761298095412,223.96824981113514,0.031750188864870243,1908.2208466269099,0.77915337309143806,0.77915337309143806,3315.8821774834996,0.11782251649807372,0.11782251649807372,16.600000000000001
26.5,12,81.387473111989706,4.1768879133112087,122.55639959735137,3.9185465093664003,0.4666488927205652,0.050443572612188285,0.005614271198231398,0.0023471567511705897,223.96662275551469,0.033377244485314303,1908.1809240829084,0.8190759170927997,0.8190759170927997,3315.8752534602218,0.12474653977552916,0.12474653977552916,16.600000000000001
26.75,12,81.312474094288433,4.1892679311056806,122.49337993939631,3.9681889810421018,0.4776520223761862,0.052416971187656945,0.0058784834261067596,0.0024836025715586924,223.96493041404855,0.035069585951450495,1908.1394002194359,0.86059978056540243,0.86059978056540243,3315.8680017906549,0.13199820934198456,0.13199820934198456,16.600000000000001
27,12,81.237567008583341,4.2014195535519834,122.43020804673583,4.0177814183002649,0.48878673428076036,0.054445285283718808,0.0061520815206461323,0.0026264338786944189,223.96317090114897,0.036829098851041193,1908.0962288403432,0.90377115965800614,0.90377115965800614,3315.8604107693841,0.13958923061307402,0.13958923061307402,16.600000000000001
27.25,12,81.162751443364925,4.2133473104211614,122.36688759061258,4.0673192563943896,0.50005259007653691,0.056529399743051718,0.0064352869811409282,0.0027758761922212377,223.9613422986759,0.038657701324092429,1908.051362956267,0.94863704373408242,0.94863704373408242,3315.852468413143,0.14753158685415851,0.14753158685415851,16.600000000000001
27.5,12,81.088026993893308,4.2250556582891567,122.30342216819184,4.1167980122230849,0.51144913336997422,0.058670202224532356,0.0067283236704714982,0.002932160320014567,223.95944265578987,0.040557344210136008,1908.004754781344,0.99524521865735072,0.99524521865735072,3315.84416245784,0.1558375421572841,0.1558375421572841,16.600000000000001
27.75,12,81.01339326208884,4.2365489819100732,122.23981530378447,4.1662132829244989,0.52297588992973643,0.060868583146914068,0.0070314178001775456,0.003095522414131946,223.95746998880699,0.042530011193040763,1907.9563557299996,1.0436442700016859,1.0436442700016859,3315.8354803555985,0.1645196443981285,0.1645196443981285,16.600000000000001
28,12,80.93884985642471,4.2478315955654313,122.17607045004807,4.2155607444947467,0.53463236788091395,0.063125435634266827,0.0073447979155230924,0.003266204026408568,223.95542228105663,0.044577718943403372,1907.906116413815,1.0938835861861438,1.0938835861861438,3315.8264092718236,0.17359072817312618,0.17359072817312618,16.600000000000001
28.25,12,80.864396391821657,4.2589077443897869,122.11219098916706,4.2648361504299883,0.54641805789553166,0.065441655463092413,0.0076686948805533032,0.0034444521637045033,223.95329748274148,0.046702517258567749,1907.8539866384654,1.1460133615358241,1.1460133615358241,3315.8169360822799,0.18306391771706976,0.18306391771706976,16.600000000000001
28.5,12,80.790032489544629,4.269781605673054,122.04818023401161,4.314035330391838,0.55833243337942584,0.067818141011105157,0.0080033418631578878,0.003630519342791023,223.95109351079975,0.04890648920029235,1907.7999154007327,1.2000845992684894,1.2000845992684894,3315.8070473701964,0.19295262980045841,0.19295262980045841,16.600000000000001
28.75,12,80.715757777101274,4.2804572901399816,121.98404142927612,4.3631541888957193,0.57037495065554289,0.070255793207532419,0.0083489743201330541,0.0038246636448904373,223.94880824876989,0.051191751230138707,1907.743850885593,1.2561491144082571,1.2561491144082571,3315.7967294233899,0.20327057660732686,0.20327057660732686,16.600000000000001
29,12,80.641571888142451,4.2909388432069733,121.91977775259717,4.4121887040218732,0.58254504914374872,0.072755515485024014,0.0087058299822527982,0.0040271487698496826,223.94643954665747,0.053560453342544181,1907.6857404633763,1.3142595366248528,1.3142595366248528,3315.7859682314047,0.21403176859243744,0.21403176859243744,16.600000000000001
29.25,12,80.567474462364459,4.3012302462167566,121.85539231565176,4.461134926148671,0.59484215153719933,0.075318213732984418,0.009074148839343316,0.0042382440899637218,223.94398522080436,0.056014779195671396,1907.6255306870009,1.3744693130001988,1.3744693130001988,3315.7747494826785,0.22525051731865359,0.22525051731865359,16.600000000000001
29.5,12,80.493465145413296,4.3113354176512653,121.79088816523561,4.5099889767078958,0.60726566397534176,0.077944796252260126,0.0094541731253591863,0.0044582247034505385,223.94144305375997,0.058556946240068047,1907.5631672892787,1.436832710722618,1.436832710722618,3315.7630585617221,0.2369414382745379,0.2369414382745379,16.600000000000001
29.75,12,80.419543588790575,4.3212582143230005,121.7262682843224,4.5587470469616882,0.61981497621361681,0.080636173711186157,0.0098461473034653357,0.0046873714875689289,223.9388107941549,0.061189205845134834,1907.4985951802933,1.5014048197079937,1.5014048197079937,3315.7508805463253,0.24911945367164834,0.24911945367164834,16.600000000000001
30,12,80.345709449761145,4.3310024325451897,121.66153559310369,4.6074053968008259,0.63248946178993459,0.08339325910296605,0.010250318051126044,0.0049259711513744862,223.93608615657661,0.063913843423411693,1907.4317584448536,1.5682415551475417,1.5682415551475417,3315.7382002047761,0.26179979522122443,0.26179979522122443,16.600000000000001
30.25,12,80.271962391262647,4.3405718092811929,121.59669295001039,4.6559603535640219,0.64528847818797708,0.086216967704216316,0.010666934245191049,0.0051743162881292548,223.93326682144726,0.06673317855275937,1907.3626003400177,1.6373996599835507,1.6373996599835507,3315.7250019931062,0.27499800689104764,0.27499800689104764,16.600000000000001
30.5,12,80.198302081816607,4.3499700232734551,121.53174315271558,4.7044083108779393,0.65821136699739657,0.089108217034663706,0.011096246946980221,0.005432705427358399,223.93035043490357,0.069649565096437979,1907.2910632926887,1.7089367073125141,1.7089367073125141,3315.7112700523553,0.28872994764205495,0.28872994764205495,16.600000000000001
30.75,12,80.124728195441222,4.3592006961522545,121.46668893911944,4.7527457275176088,0.6712574540709827,0.092067926817992196,0.011538509387366384,0.0057014430865466601,223.92733460867896,0.072665391321071054,1907.2170888972867,1.7829111027147244,1.7829111027147244,3315.6969882058529,0.30301179414425689,0.30301179414425689,16.600000000000001
31,12,80.0512404115659,4.3682673935246559,121.40153298831609,4.8009691262869509,0.68442604967885368,0.095097018943714112,0.011993976951849072,0.0059808398224835725,223.92421691998749,0.075783080012551254,1907.1406179134901,1.8593820865111297,1.8593820865111297,3315.6821399565247,0.31786004347238356,0.31786004347238356,16.600000000000001
31.25,12,79.977838414947215,4.3771736260439775,121.33627792154319,4.8490750929191062,0.69771644865973947,0.098196417430025065,0.012462907165616106,0.0062712122822547924,223.92099491141013,0.079005088589892941,1907.0615902640543,1.9384097359469492,1.9384097359469492,3315.6667084842161,0.33329151578105004,0.33329151578105004,16.600000000000001
31.5,12,79.904521895586726,4.3859228504600596,121.27092630311418,4.8970602749962637,0.71112793056942103,0.10136704838760213,0.012945559678589029,0.0065728832538775603,223.917666090783,0.0823339092170398,1906.9799450326996,2.0200549673015806,2.0200549673015806,3315.650676643038,0.34932335695927241,0.34932335695927241,16.600000000000001
31.75,12,79.831290548650003,4.3945184706506515,121.20548064133349,4.9449213808887311,0.72465975982638842,0.10460983998428847,0.013442196250447054,0.006886181716580001,223.9142279310874,0.085772068912639277,1906.895620462077,2.1043795379244559,2.1043795379244559,3315.6340269587326,0.36597304126425106,0.36597304126425106,16.600000000000001
32,12,79.758144074387516,4.4029638386342347,121.13994338939528,4.9926551787129245,0.73831118585478106,0.10792572241059334,0.013953080735623411,0.0072114428907255074,223.91067787034223,0.089322129657801383,1906.8085539518047,2.1914460481966147,2.1914460481966147,3315.6167416260623,0.38325837393441947,0.38325837393441947,16.600000000000001
32.25,12,79.685082178056817,4.4112622555646004,121.07431694626564,5.0402584953080112,0.75208144322467285,0.11131562784595775,0.014478479068267896,0.0075490082873812571,223.90701331149819,0.092986688501848644,1906.7186820565837,2.2813179434174935,2.2813179434174935,3315.5988025062152,0.40119749378163794,0.40119749378163794,16.600000000000001
32.5,12,79.612104569846196,4.4194169727074124,121.00860365754879,5.0877282152309338,0.76596975178976334,0.11478049042575325,0.015018659247170435,0.0078992257575268721,223.903231622334,0.096768377666050232,1906.6259404843852,2.3740595156160533,2.3740595156160533,3315.5801911242343,0.41980887576224551,0.41980887576224551,16.600000000000001
32.75,12,79.539210964799935,4.4274311923991281,120.94280581633738,5.1350612797695296,0.77997531682254051,0.11832124620893671,0.01557389132063724,0.0082624495409057419,223.89933013535469,0.10066986464535883,1906.5302640947152,2.4697359052860404,2.4697359052860404,3315.5608886664695,0.43911133352703424,0.43911133352703424,16.600000000000001
33,12,79.466401082744781,4.4353080689885136,120.87692566404735,5.1822546859734748,0.79409732914697306,0.12193883314631244,0.016144447371312116,0.0086390403145173746,223.89530614769185,0.10469385230814948,1906.4315868969568,2.5684131030446431,2.5684131030446431,3315.5408759780466,0.45912402194997726,0.45912402194997726,16.600000000000001
33.25,12,79.393674648218052,4.4430507097610574,120.8109653912373,5.2293054857027963,0.80833496526879445,0.12563419104936199,0.016730601500936113,0.0090293652407474733,223.89115692100606,0.10884307899395322,1906.3298420487877,2.6701579512136568,2.6701579512136568,3315.520133560361,0.47986643963546394,0.47986643963546394,16.600000000000001
33.5,12,79.321031390396811,4.4506621758465394,120.74492713841305,5.2762107846936805,0.82268738750344239,0.12940826155958624,0.017332629815036943,0.0094337980151349334,223.88687968139087,0.11312031860918628,1906.2249618546789,2.7750381453224433,2.7750381453224433,3315.4986415685926,0.50135843140391212,0.50135843140391212,16.600000000000001
33.75,12,79.248471043028687,4.4581454831100542,120.6788129968173,5.322967741641313,0.83715374410171162,0.13326198811830245,0.017950810407538813,0.0098527189137751821,223.88247161927913,0.1175283807208745,1906.1168777644696,2.8831222355319595,2.8831222355319595,3315.4763798092413,0.52362019075565069,0.52362019075565069,16.600000000000001
34,12,79.175993344363775,4.4655036030267583,120.61262500920476,5.3695735672995104,0.85173316937318055,0.13719631593684897,0.018585423345283764,0.010286514840357567,223.87792988935166,0.12207011064836519,1906.0055203720226,2.9944796279789205,2.9944796279789205,3315.453327737684,0.54667226231286525,0.54667226231286525,16.600000000000001
34.25,12,79.103598037087977,4.4727394635405737,120.54636517060314,5.4160255235968746,0.86642478380747512,0.14121219196716264,0.019236750652456835,0.010735579372832137,223.87325161044703,0.12674838955301163,1905.8908194139624,3.1091805860389594,3.1091805860389594,3315.4294644557572,0.57053554423927055,0.57053554423927055,16.600000000000001
34.5,12,79.031284868257586,4.4798559499071438,120.48003542906,5.4623209227692389,0.88122769419342561,0.14531056487266408,0.019905076294903359,0.011200312809706441,223.86843386547417,0.13156613452582869,1905.7727037684936,3.2272962315079909,3.2272962315079909,3315.4047687093594,0.59523129063746005,0.59523129063746005,16.600000000000001
34.75,12,78.959053589235069,4.4868559055212875,120.41363768637594,5.5084571265081275,0.89614099373617928,0.14949238499940445,0.020590686164328138,0.011681122215969649,223.86347370132691,0.13652629867310637,1905.6511014543007,3.3488985457007168,3.3488985457007168,3315.379218886073,0.62078111392369684,0.62078111392369684,16.600000000000001
35,12,78.886903955626067,4.4937421327291958,120.34717379882413,5.5544315451250359,0.91116376217232598,0.15375860434744332,0.021293868062368736,0.012178421468637813,223.85836812880004,0.14163187119995996,1905.5259396295367,3.4740603704648945,3.4740603704648945,3315.3527930128171,0.64720698717972469,0.64720698717972469,16.600000000000001
35.25,12,78.814835727217712,4.5005173936256107,120.28064557785675,5.6002416367312495,0.92629506588309918,0.15811017654239939,0.022014911684530392,0.012692631301919409,223.8531141225082,0.14688587749180562,1905.3971445908912,3.6028554091103517,3.6028554091103517,3315.325468753515,0.67453124648146012,0.67453124648146012,16.600000000000001
35.5,12,78.742848667917983,4.5071844108362606,120.21405479079814,5.645884906432987,0.94153395800570694,0.16254805680712961,0.022754108603971531,0.013224179351997935,223.84770862080626,0.1522913791937448,1905.2646417727499,3.7353582272515178,3.7353582272515178,3315.2972234067925,0.70277659320429997,0.70277659320429997,16.600000000000001
35.75,12,78.67094254569632,4.5137458682857803,120.14740316152542,5.691358905541632,0.95687947854285249,0.1670732019334821,0.02351175225512691,0.013773500201430247,223.84214852571213,0.15785147428784252,1905.1283557464394,3.8716442535623501,3.8716442535623501,3315.268033903692,0.73196609630487586,0.73196609630487586,16.600000000000001
36,12,78.599117132525308,4.5202044119513447,120.08069237113622,5.7366612307988127,0.97233065447050548,0.17168657025409167,0.024288137917158968,0.014341035423153728,223.83643070283173,0.16356929716827126,1904.9882102195595,4.0117897804420704,4.0117897804420704,3315.2378768054177,0.76212319457878852,0.76212319457878852,16.600000000000001
36.25,12,78.527372204323513,4.526562650602207,120.0139240586043,5.7817895236161476,0.98788649984398214,0.17638912161420234,0.025083562697230669,0.014927233624091348,223.83055198128571,0.16944801871428086,1904.8441280354118,4.1558719645898288,4.1558719645898288,3315.2067283011029,0.79327169889362947,0.79327169889362947,16.600000000000001
36.5,12,78.455707540899425,4.5328231565254455,119.94709982142281,5.8267414693293764,1.0035460159023879,0.18118181734341943,0.025898325513577885,0.015532550488363451,223.82450915363901,0.17549084636100035,1904.6960311725138,4.3039688274877825,4.3039688274877825,3315.1745642055989,0.82543579439766823,0.82543579439766823,16.600000000000001
36.75,12,78.384122925896392,4.5389884662380995,119.88022121623592,5.8715147964666983,1.0193081911714845,0.18606562022738135,0.026732727078374603,0.016157448820094004,223.81829897583199,0.18170102416802672,1904.5438407442111,4.4561592557905279,4.4561592557905279,3315.1413599572934,0.85864004270344041,0.85864004270344041,16.600000000000001
37,12,78.312618146738728,4.5450610811859322,119.81328975945837,5.9161072760310729,1.0351720015650328,0.19104149447929153,0.027587069880374432,0.016802398585811396,223.81191816711421,0.18808183288578167,1904.387476998382,4.6125230016196666,4.6125230016196666,3315.1070906159503,0.8929093840461384,0.8929093840461384,16.600000000000001
37.25,12,78.241192994578768,4.5510434684289889,119.74630692788389,5.9605167207963143,1.0511364104846814,0.19611040571131494,0.028461658167326289,0.017467876956424995,223.80536340998043,0.19463659001958072,1904.2268593172405,4.7731406827609844,4.7731406827609844,3315.0717308605808,0.92826913941567424,0.92826913941567424,16.600000000000001
37.5,12,78.169847264244922,4.5569380613142076,119.6792741592821,6.0047409846167286,1.0672003689184442,0.20127332090574915,0.029356797928139458,0.018154368348786736,223.79863135010862,0.20136864989140923,1904.0619062172379,4.938093782763552,4.938093782763552,3315.0352549873337,0.9647450126628192,0.9647450126628192,16.600000000000001
37.75,12,78.098580754190877,4.5627472601352936,119.61219285298446,6.0487779617500967,1.0833628155378308,0.20653120838595368,0.0302727968747902,0.018862364466825307,223.79171859630065,0.20828140369935952,1903.8925353490631,5.1074646509385877,5.1074646509385877,3314.9976369074179,1.0023630925786304,1.0023630925786304,16.600000000000001
38,12,78.027393266445543,4.5684734327800349,119.54506437045927,6.0926255861938108,1.099622676793683,0.2118850377869842,0.031209964423952297,0.01959236434225204,223.78462172042532,0.21537827957470282,1903.718663497745,5.2813365022566794,5.2813365022566794,3314.9588501450498,1.0411498549470133,1.0411498549470133,16.600000000000001
38.25,12,77.956284606564125,4.5741189153652755,119.47789003587611,6.1362818310339575,1.1159788670107795,0.21733578002592499,0.032168611678347066,0.02034487437482033,223.77733725736348,0.22266274263653577,1903.5402065828609,5.4597934171407054,5.4597934171407054,3314.9188678354276,1.0811321645693028,1.0811321645693028,16.600000000000001
38.5,12,77.885254583580078,4.5796860128597094,119.41067113665974,6.1797447078071563,1.1324302884812607,0.2228844072718606,0.033149051407792798,0.021120408372139545,223.76986170495604,0.23013829504397718,1903.3570796588485,5.642920341153137,5.642920341153137,3314.8776627227357,1.1223372772608258,1.1223372772608258,16.600000000000001
38.75,12,77.814303009957996,4.5851769996947427,119.34340892403365,6.2230122658749485,1.1489758315569307,0.22853189291544887,0.034151598029939417,0.021919487589037345,223.76219152395416,0.23780847604587527,1903.1691969154258,5.8308030845758569,5.8308030845758569,3314.8352071581776,1.1647928418189748,1.1647928418189748,16.600000000000001
39,12,77.74342970154737,4.5905941203635816,119.27610461355371,6.2660825918105436,1.1656143747404886,0.23427921153806452,0.035176567590674904,0.022742640766461823,223.75432313797202,0.24567686202797931,1902.976471678121,6.0235283218804101,6.0235283218804101,3314.7914730980347,1.2085269019622304,1.2085269019622304,16.600000000000001
39.25,12,77.672634477537343,4.5959395900087294,119.20875938563188,6.308953808797745,1.1823447847757511,0.24012733888047905,0.036224277744190424,0.023590404169914182,223.74625293344249,0.25374706655752904,1902.7788164089152,6.2211835910865885,6.2211835910865885,3314.7464321017574,1.2535678982394929,1.2535678982394929,16.600000000000001
39.5,12,77.601917160412128,4.6012155949980773,119.14137438605002,6.3516240760418707,1.1991659167369231,0.24607725181105294,0.037295047732694209,0.024463321627398425,223.73797725957482,0.26202274042520979,1902.5761427069945,6.4238572930069413,6.4238572930069413,3314.7000553300877,1.2999446699088653,1.2999446699088653,16.600000000000001
39.75,12,77.531277575907467,4.6064242934897681,119.0739507264645,6.3940915881924676,1.216076614116963,0.25212992829338815,0.038389198365751789,0.025361944566889706,223.72949242831561,0.27050757168443601,1902.3683613096259,6.6316386903756843,6.6316386903756843,3314.6523135432112,1.3476864567858649,1.3476864567858649,16.600000000000001
40,12,77.460715552967841,4.6115678159860245,119.00648948490122,6.4363545747776509,1.233075708915105,0.25828634735341915,0.03950705199924278,0.026286832053306761,223.72079471431212,0.27920528568790859,1902.1553820931422,6.8446179068595283,6.8446179068595283,3314.6031770989371,1.3968229010601427,1.3968229010601427,16.600000000000001
40.25,12,77.390230923704578,4.6166482658760941,118.93899170624167,6.4784112996498937,1.2501620217235858,0.26454748904590364,0.040648932513916582,0.027238550824983606,223.71188035487864,0.28811964512140037,1901.9371140740532,7.0628859259484864,7.0628859259484864,3314.5526159509168,1.4473840490803223,1.4473840490803223,16.600000000000001
40.5,12,77.319823523354557,4.6216677199684764,118.87145840269977,6.5202600604430767,1.2673343618136463,0.27091433442029605,0.041815165293540277,0.028217675329618767,223.70274554996533,0.29725445003469692,1901.7134654102781,7.2865345897235088,7.2865345897235088,3314.5005996468917,1.4994003531056357,1.4994003531056357,16.600000000000001
40.75,12,77.249493190240003,4.6266282290126073,118.80389055429019,6.561899188040643,1.2845915272208479,0.27738786548595734,0.043006077202615255,0.029224787759705551,223.69338646213038,0.30661353786965984,1901.4843434025022,7.5156565974996195,7.5156565974996195,3314.4470973269727,1.5529026730244293,1.5529026730244293,16.600000000000001
41,12,77.179239765728781,4.6315318182101777,118.73628910928777,6.6033270460546687,1.3019323048297602,0.28396906517667697,0.044221996563651757,0.030260478087427163,223.6837992165147,0.31620078348534791,1901.2496544956598,7.7503455043417757,7.7503455043417757,3314.3920777219582,1.6079222780385269,1.6079222780385269,16.600000000000001
41.25,12,77.109063094195591,4.6363804877162096,118.66865498467871,6.6445420303156926,1.319355470458079,0.29065891731447657,0.045463253133984048,0.031325344099010048,223.67397990081992,0.32602009918014185,1901.0093042805506,7.9906957194513284,7.9906957194513284,3314.3355091516842,1.6644908483129619,1.6644908483129619,16.600000000000001
41.5,12,77.038963022983936,4.6411762131300831,118.60098906660329,6.685542568373136,1.3368597889402278,0.29745840657266931,0.046730178082116422,0.03241999142851603,223.66392456528922,0.33607543471080509,1900.7631974955816,8.2368025044200426,8.2368025044200426,3314.2773595234071,1.7226404765898602,1.7226404765898602,16.600000000000001
41.75,12,76.968939402368633,4.6459209459766324,118.53329221079052,6.7263271190061493,1.354444014210499,0.30436851843814455,0.048023103963581532,0.033545033591067634,223.65362922269162,0.34637077730842514,1900.5112380286523,8.488761971349609,8.488761971349609,3314.2175963302307,1.7824036697660497,1.7824036697660497,16.600000000000001
42,12,76.898992085519211,4.6506166141774861,118.46556524298481,6.7668941717447195,1.3721068893857813,0.3113902391728493,0.049342364696295965,0.034701092015495622,223.64308984830885,0.35691015169117518,1900.2533289191676,8.7466710808341528,8.7466710808341528,3314.1561866495631,1.8438133504336625,1.8438133504336625,16.600000000000001
42.25,12,76.829120928463993,4.6552651225127955,118.39780895936489,6.8072422464008842,1.3898471468479323,0.31852455577444067,0.050688295535398463,0.035888796076396445,223.63230237992622,0.36769762007383328,1899.9893723601986,9.0106276398032605,9.0106276398032605,3314.0930971416142,1.9069028583829233,1.9069028583829233,16.600000000000001
42.5,12,76.759325790054746,4.659868353073481,118.33002412695498,6.8473698926098949,1.4076635083258471,0.32577245593608306,0.052061233047556249,0.037108783125585784,223.62126271782606,0.37873728217399044,1899.719269700779,9.2807302992226983,9.2807302992226983,3314.028294047931,1.9717059520662186,1.9717059520662186,16.600000000000001
42.75,12,76.689606531932085,4.66442816570415,118.26221148402847,6.8872756893811751,1.4255546849772869,0.33313492800536437,0.053461515084726872,0.038361698522930671,223.60996672478518,0.39003327521487507,1899.4429214483519,9.5570785516498535,9.5570785516498535,3313.9617431899746,2.0382568100223288,2.0382568100223288,16.600000000000001
43,12,76.619963018491518,4.6689463984368169,118.19437174050432,6.9269582446589073,1.4435193774705062,0.34061296094230548,0.054889480757356265,0.039648195666555995,223.59841022607532,0.4015897739247391,1899.1602272713596,9.8397727286419716,9.8397727286419716,3313.8934099677367,2.1065900322604976,2.1065900322604976,16.600000000000001
43.25,12,76.550395116850169,4.6734248679155765,118.12650557833624,6.9664161948921297,1.461556276065737,0.34820754427643913,0.056345470407000761,0.04096893602240724,223.5865890094673,0.41341099053272956,1898.8710860019878,10.128913998014047,10.128913998014047,3313.8232593583939,2.1767406416031658,2.1767406416031658,16.600000000000001
43.5,12,76.480902696814056,4.677865369812336,118.05861365189476,7.0056482046141513,1.4796640606965819,0.35591966806293573,0.057829825578356614,0.042324589153158801,223.57449882523883,0.42550117476118032,1898.5753956390579,10.424604360944015,10.424604360944015,3313.7512559150105,2.2487440849866753,2.2487440849866753,16.600000000000001
43.75,12,76.411485630845974,4.6822696792337695,117.99069658834252,7.0446529660311814,1.4978414010513801,0.36375032283774844,0.059342888990685336,0.043715832746444312,223.56213538618579,0.43786461381423825,1898.2730533510805,10.726946648921453,10.726946648921453,3313.6773637652782,2.322636234718447,2.322636234718447,16.600000000000001
44,12,76.342143794034129,4.6866395511195886,117.92275498800259,7.0834291986199931,1.5160869566545827,0.37170049957175944,0.06088500450861653,0.045143352642404939,223.54949436763727,0.45050563236276553,1897.9639554794637,11.036044520538091,11.036044520538091,3313.6015466103063,2.3984533896903195,2.3984533896903195,16.600000000000001
44.25,12,76.272877064061163,4.6909767206322845,117.85478942472051,7.1219756487345016,1.5343993769481989,0.37977118962390377,0.062456517112315091,0.046607842860536305,223.53657140747458,0.46342859252543828,1897.6479975418852,11.3520024581168,11.3520024581168,3313.5237677234504,2.4762322765468219,2.4762322765468219,16.600000000000001
44.5,12,76.203685321173893,4.6952829035384376,117.78680044621943,7.1602910892211096,1.5527773013733561,0.38796338469325087,0.06405777286699732,0.048110005625822232,223.52336210615405,0.47663789384597183,1897.325074235825,11.674925764176605,11.674925764176605,3313.4439899491895,2.556010050807596,2.556010050807596,16.600000000000001
44.75,12,76.134568448153573,4.6995597965817417,117.71878857444931,7.1983743190426779,1.5712193594520447,0.39627807677001942,0.06568911889178268,0.049650551394132124,223.50986202673363,0.49013797326638298,1896.9950794422718,12.004920557729987,12.004920557729987,3313.3621757020546,2.6378242979425184,2.6378242979425184,16.600000000000001
45,12,76.065526330286644,4.7038090778478319,117.65075430592965,7.2362241629109807,1.5897241708690804,0.40471625808550704,0.067350903327865488,0.05123019887687115,223.49606669490382,0.50393330509621803,1896.6579062295916,12.34209377041009,12.34209377041009,3313.2782869655985,2.7217130343987761,2.7217130343987761,16.600000000000001
45.25,12,75.996558855336204,4.7080324071210615,117.58269811208631,7.2738394709275234,1.6082903455543474,0.41327892106091724,0.069043475305992322,0.052849675064867742,223.48197159902233,0.518028400977673,1896.3134468575768,12.686553142424989,12.686553142424989,3313.1922852914181,2.8077147085789291,2.8077147085789291,16.600000000000001
45.5,12,75.927665913513735,4.7122314262333074,117.51462043958225,7.311219118232577,1.6269164837653596,0.42196705825506514,0.070767184913230918,0.054509715251482717,223.46757219015353,0.53242780984652438,1895.9615927816656,13.038407218336191,13.038407218336191,3313.1041317982281,2.895868201768943,2.895868201768943,16.600000000000001
45.75,12,75.858847397451626,4.7164077594049507,117.44652171064256,7.3483620046623068,1.6456011761702103,0.43078166231094106,0.072522383159016532,0.056211063054919415,223.45286388211125,0.54713611788878591,1895.6022346573438,13.397765342657918,13.397765342657918,3313.0137871709821,2.9862128290148666,2.9862128290148666,16.600000000000001
46,12,75.790103202176027,4.7205630135781087,117.37840232337388,7.3852670544138457,1.6643430039309555,0.43972372590110825,0.074309421940460807,0.057954470439711525,223.43784205150706,0.56215794849299194,1895.2352623447284,13.764737655273398,13.764737655273398,3312.9212116600506,3.0787883399466924,3.0787883399466924,16.600000000000001
46.25,12,75.72143322508019,4.7246987787422485,117.31026265207805,7.421933215718207,1.6831405387874736,0.44879424167193155,0.076128654006910296,0.059740697737385454,223.42250203780199,0.57749796219805882,1894.8605649133347,14.139435086666959,14.139435086666959,3312.8263650804479,3.173634919549166,3.173634919549166,16.600000000000001
46.5,12,75.652837365898407,4.7288166282522752,117.24210304756058,7.4583594605209012,1.7019923431418587,0.45799420218660991,0.07798043292373992,0.061570513666269061,223.40683914336344,0.59316085663661511,1894.4780306470343,14.521969352967529,14.521969352967529,3312.7292068111196,3.2707931888777684,3.2707931888777684,16.600000000000001
46.75,12,75.584315526680342,4.7329181191391934,117.17392383743363,7.4945447841701194,1.7208969701433954,0.46732459986700203,0.079865113035368029,0.063444695350431596,223.3908486335263,0.60915136647372536,1894.0875470492008,14.912452950800942,14.912452950800942,3312.6296957942786,3.3703042057188983,3.3703042057188983,16.600000000000001
47,12,75.515867611765827,4.7370047924134431,117.10572532641393,7.5304882051124054,1.7398529637741318,0.47678642693424828,0.081783049427481186,0.065364028337758714,223.37452573665905,0.6254742633409669,1893.6890008480509,15.310999151950734,15.310999151950734,3312.5277905348025,3.4722094651945037,3.4722094651945037,16.600000000000001
47.25,12,75.447493527760102,4.7410781733610206,117.03750779661551,7.5661887645956059,1.7588588589351939,0.4863806753481193,0.08373459788845046,0.067329306617081947,223.35786564423438,0.64213435576564182,1893.2822780021852,15.717721997816575,15.717721997816575,3312.4234490996914,3.5765509003060525,3.5765509003060525,16.600000000000001
47.5,12,75.379193183509585,4.7451397718324797,116.96927150783765,7.6016455263790483,1.7779131815338156,0.49610833674512383,0.085720114869930447,0.069341332634394348,223.34086351090488,0.65913648909514511,1892.8672637063282,16.132736293673684,16.132736293673684,3312.3166291175771,3.6833708824198577,3.6833708824198577,16.600000000000001
47.75,12,75.310966490077845,4.7491910825248862,116.90101669784789,7.6368575764508213,1.7970144485711337,0.5059704023753594,0.08773995744662702,0.071400917308129849,223.32351445458363,0.67648554541639605,1892.4438423972722,16.556157602729645,16.556157602729645,3312.2072877783053,3.7927122216923221,3.7927122216923221,16.600000000000001
48,12,75.242813360722309,4.7532335852568357,116.83274358266036,7.6718240227520091,1.816161168230825,0.51596786303808007,0.089794483275220174,0.073508880043471198,223.30581355652981,0.69418644347020686,1892.0118977600282,16.988102239973639,16.988102239973639,3312.0953818325643,3.9046181674329041,3.9046181674329041,16.600000000000001
48.25,12,75.174733710871052,4.7572687452366145,116.76445235680947,7.7065439949077943,1.83535183996861,0.52610170901597786,0.091884050552431248,0.075666048745677797,223.28775586143951,0.71224413856052815,1891.5713127341853,17.428687265816439,17.428687265816439,3311.9808675915929,4.0191324084042446,4.0191324084042446,16.600000000000001
48.5,12,75.106727458100309,4.7612980133235903,116.69614319361915,7.7410166439653176,1.8545849546026552,0.53637293000818453,0.094009017972224898,0.077873259832427155,223.26933637754152,0.7306636224585138,1891.1219695204818,17.878030479519925,17.878030479519925,3311.8637009269378,4.1362990730591038,4.1362990730591038,16.600000000000001
48.75,12,75.038794522112042,4.7653228262829632,116.62781624546773,7.7752411421380954,1.8738589944050421,0.54678251506190401,0.096169744682117683,0.080131358245073531,223.25055007669891,0.74944992330112981,1890.6637495875989,18.336250412402691,18.336250412402691,3311.7438372702891,4.2561627297079063,4.2561627297079063,16.600000000000001
49,12,74.970934824712188,4.7693446070339034,116.55947164404851,7.809216682556996,1.8931724331941977,0.55733145250276384,0.098366590238602031,0.082441197458898718,223.23139189451558,0.76860810548444869,1890.1965336791702,18.803466320831642,18.803466320831642,3311.6212316133756,4.3787683866217835,4.3787683866217835,16.600000000000001
49.25,12,74.90314828978903,4.7733647648911806,116.49110950062618,7.8429424790276014,1.9125237364284047,0.56802072986382579,0.10059991456166333,0.084803639492286129,223.21185673044863,0.78814326955142067,1889.7202018210119,19.279798178989967,19.279798178989967,3311.4958385079303,4.5041614920666921,4.5041614920666921,16.600000000000001
49.5,12,74.83543484329212,4.7773846958003778,116.42272990628923,7.8764177657938568,1.9319113613004368,0.57885133381325515,0.10287007788838019,0.087219554914801212,223.19193944792599,0.80806055207403971,1889.234633328583,19.76536667141896,19.76536667141896,3311.3676120657292,4.6323879342675696,4.6323879342675696,16.600000000000001
49.75,12,74.767794413211391,4.7814057825667442,116.35433293219829,7.9096417973079172,1.95133375683333,0.58982425008065575,0.10517744072560285,0.089689822854176968,223.17163487447019,0.82836512552986452,1888.7397068146681,20.260293185333474,20.260293185333474,3311.236505958695,4.7634940413025246,4.7634940413025246,16.600000000000001
50,12,74.700226929556777,4.7854293950777906,116.28591862983066,7.94261384800605,1.970789363977381,0.60094046338204221,0.10752236380169011,0.092215331002154829,223.15093780182733,0.8490621981727271,1888.2353001972979,20.764699802703912,20.764699802703912,3311.1024734190732,4.89752658092383,4.89752658092383,16.600000000000001
50.25,12,74.632732324337965,4.7894568905197268,116.21748703122121,7.9753332120904572,1.9902766157084653,0.61220095734341495,0.10990520801728756,0.094796975619134569,223.12984298610257,0.87015701389747502,1887.7212907079036,21.278709292098164,21.278709292098164,3310.9654672396946,5.0345327603028052,5.0345327603028052,16.600000000000001
50.5,12,74.565310531544696,4.7934896135877594,116.14903814919954,8.0077992033169956,2.0097939371275904,0.62360671442300442,0.11232633439515853,0.097435661537682919,223.10834514790119,0.89165485209883677,1887.1975548997111,21.802445100290775,21.802445100290775,3310.8254397742953,5.174560225701879,5.174560225701879,16.600000000000001
50.75,12,74.4979614871271,4.7975288966903564,116.08057197762352,8.0400111547886333,2.0293397455618232,0.63515871583212657,0.11478610402904227,0.10013230216482617,223.08643897247586,0.91356102752418133,1886.6639686563731,22.336031343628719,22.336031343628719,3310.6823429379283,5.3176570620690411,5.3176570620690411,16.600000000000001
51,12,74.430685128976677,4.8015760601475526,116.0120884916095,8.0719684187545493,2.0489124506666099,0.64685794145466013,0.11728487803153415,0.10288781948311737,223.06411910987993,0.93588089012011322,1886.1204072008493,22.879592799152718,22.879592799152718,3310.5361282074432,5.4638717925541389,5.4638717925541389,16.600000000000001
51.25,12,74.363481396907247,4.8056324123833392,115.94358764775905,8.103670366414816,2.0685104545294859,0.65870536976516325,0.11982301748098984,0.10570314405048255,223.04138017512716,0.95861982487288644,1885.5667451045267,23.433254895475223,23.433254895475223,3310.3867466220499,5.6132533779474327,5.6132533779474327,16.600000000000001
51.5,12,74.296350232636399,4.8096992501122795,115.87506938438246,8.1351163877304451,2.0881321517753566,0.67070197774556073,0.12240088336741278,0.10857921499874353,223.01821674835773,0.98178325164231262,1885.002856296602,23.997143703399914,23.997143703399914,3310.234148783964,5.7658512160336768,5.7658512160336768,16.600000000000001
51.75,12,74.229291579767178,4.813777858520349,115.80653362171924,8.1663058912387889,2.1077759296732772,0.68284874080045554,0.12501883653734461,0.11151698003086216,222.99462337501078,1.0053766249892677,1884.4286140737115,24.571385926290287,24.571385926290287,3310.0782848591325,5.9217151408648432,5.9217151408648432,16.600000000000001
52,12,74.162305383769905,4.8178695114400973,115.73798026215532,8.1972383038741974,2.1274401682447821,0.69514663267105747,0.12767723763774624,0.11451739541687349,222.97059456600337,1.0294054339966736,1883.843891109819,25.156108890182761,25.156108890182761,3309.9191045780481,6.0808954219494602,6.0808954219494602,16.600000000000001
52.25,12,74.095391591964514,4.8219754715201919,115.66940919043729,8.2279130707938002,2.1471232403738396,0.70759662534771095,0.13037644705885615,0.11758142598846724,222.94612479791624,1.0538752020838107,1883.2485594663628,25.751440533639009,25.751440533639009,3309.7565572366416,6.2434427633559446,6.2434427633559446,16.600000000000001
52.5,12,74.028550153502835,4.826096990389404,115.60082027388393,8.258329655208323,2.1668235119184525,0.72019968898103326,0.13311682487602358,0.12071004513220723,222.92120851318614,1.0787914868139092,1882.6424906026655,26.357509397336504,26.357509397336504,3309.5905916972688,6.4094083027294069,6.4094083027294069,16.600000000000001
52.75,12,73.961781019351449,4.8302353088151078,115.5322133625946,8.2884875382178933,2.1865393418239121,0.73295679179167439,0.13589873079051668,0.12390423478137928,222.89584012030505,1.1041598796949612,1882.0255553866052,26.974444613396699,26.974444613396699,3309.4211563897766,6.5788436102214192,6.5788436102214192,16.600000000000001
53,12,73.895084142274541,4.834391656856396,115.46358828965525,8.3183862186525683,2.2062690822379065,0.74586889997863559,0.13872252406926244,0.12716498540635487,222.87001399402664,1.1299860059734026,1881.3976241055673,27.602375894434559,27.602375894434559,3309.2481993126726,6.751800687325292,6.751800687325292,16.600000000000001
53.25,12,73.828459476817002,4.8385672540118083,115.39494487134162,8.3480252129176797,2.2260110786273266,0.75893697762623247,0.14158856348355961,0.13049329600356044,222.84372447557914,1.1562755244209066,1880.758566477658,28.24143352234395,28.24143352234395,3309.0716680343749,6.9283319656230882,6.9283319656230882,16.600000000000001
53.5,12,73.7619069792879,4.8427633093617741,115.32628290731991,8.3774040548438169,2.2457636698968968,0.77216198660965696,0.14449720724673593,0.13389017408296894,222.81696587288602,1.1830341271140175,1880.1082516631948,28.891748336807158,28.891748336807158,3308.8915096945589,7.1084903054389148,7.1084903054389148,16.600000000000001
53.75,12,73.695426607744054,4.8469810217058136,115.25760218084496,8.406522295541345,2.2655251885096792,0.78554488649915322,0.14744881295074605,0.13735663565409548,222.78973246079349,1.2102675392065489,1879.4465482764751,29.55345172352682,29.55345172352682,3308.7076710056008,7.2923289943974172,7.2923289943974172,16.600000000000001
54,12,73.629018321973803,4.8512215796945632,115.18890245895609,8.4353795032594299,2.2852939606094274,0.79908663446281691,0.15044373750171716,0.14089370521049663,222.76201848130532,1.2379815186947329,1878.7733243978209,30.226675602181217,30.226675602181217,3308.5200982541101,7.4799017458876449,7.4799017458876449,16.600000000000001
54.25,12,73.562682083481064,4.8554861619566898,115.12018349267056,8.4639752632493757,2.305068306144904,0.81278818516801044,0.15348233705442185,0.14450241571271094,222.73381814382515,1.2661818561749036,1878.0884475859073,30.911552414094658,30.911552414094658,3308.3287373025696,7.6712626974282143,7.6712626974282143,16.600000000000001
54.5,12,73.49641785546946,4.8597759372207756,115.0514450171749,8.4923091776322011,2.3248465389962267,0.82665049068138541,0.15656496694566915,0.14818380856959737,222.70512562540648,1.2948743745935711,1877.3917848903845,31.608215109617511,31.608215109617511,3308.1335335910662,7.8664664089309877,7.8664664089309877,16.600000000000001
54.75,12,73.430225602826738,4.8640920644321772,114.98268675201409,8.5203808652704307,2.3446269671031441,0.84067450036755575,0.15969198162663908,0.15193893361812094,222.67593507101003,1.3240649289900193,1876.6832028647773,32.316797135224654,32.316797135224654,3307.9344321391304,8.0655678608668655,8.0655678608668655,16.600000000000001
55,12,73.364105292109329,4.8684356928649599,114.91390840127859,8.5481899616439634,2.3644078925953895,0.85486116078640406,0.16286373459413722,0.15576884910150432,222.64624059376888,1.3537594062311615,1875.9625675796808,33.037432420321295,33.037432420321295,3307.7313775476696,8.2686224523283247,8.2686224523283247,16.600000000000001
55.25,12,73.298056891527068,4.8728079622289373,114.84510965378942,8.5757361187299175,2.3841876119251024,0.86921141558902959,0.1660805783207725,0.15967462164573498,222.61603627526145,1.3839637247386096,1875.2297446362463,33.770255363755879,33.770255363755879,3307.5243140010098,8.4756859989882045,8.4756859989882045,16.600000000000001
55.5,12,73.232080370928031,4.8772100027718697,114.77629018328135,8.603019004886459,2.4039644160013127,0.88372620541236058,0.16934286418406935,0.16365732623443605,222.58531616579208,1.4146838342079648,1874.4845991799596,34.515400820042757,34.515400820042757,3307.3131852690422,8.6868147309555237,8.6868147309555237,16.600000000000001
55.75,12,73.166175701783729,4.8816429353769344,114.70744964858415,8.6300383047403013,2.4237365903266692,0.89840646777240951,0.17265094239447867,0.16771804618197728,222.5540742846801,1.4459257153199465,1873.7269959147243,35.273004085277819,35.273004085277819,3307.0979347094776,8.9020652905200688,8.9020652905200688,16.600000000000001
56,12,73.100342857174113,4.8861078716554536,114.63858769380229,8.6567937190779727,2.4435024151363067,0.91325313695620725,0.17600516192231924,0.17185787310489015,222.52230462055653,1.4776953794435321,1872.9567991172444,36.043200882757823,36.043200882757823,3306.8785052702074,9.1214947297903421,9.1214947297903421,16.600000000000001
56.25,12,73.034581811773009,4.8906059140349658,114.56970394849273,8.6832849647407304,2.4632601655389097,0.92826714391242038,0.17940587042364356,0.17607790689154396,222.49000113166906,1.509998868330974,1872.1738726517033,36.826127348298762,36.826127348298762,3306.6548394917754,9.3451605082221896,9.3451605082221896,16.600000000000001
56.5,12,72.968892541833668,4.8951381558426847,114.50079802784123,8.7095117745230084,2.4830081116600287,0.94344941614065858,0.18285341416502379,0.18037925567004079,222.45715774619549,1.5428422538045481,1871.3780799847536,37.621920015248563,37.621920015248563,3306.426879509962,9.5731204900354356,9.5731204900354356,16.600000000000001
56.75,12,72.903275025174182,4.899705681384404,114.43186953283693,8.735473897074316,2.5027445187876576,0.9588008775794874,0.18634813794726415,0.18476303577432096,222.42376836256506,1.5762316374350005,1870.5692842008077,38.430715799194502,38.430715799194502,3306.1945670584801,9.8054329415181698,9.8054329415181698,16.600000000000001
57,12,72.837729241163387,4.9043095660188687,114.36291805044567,8.76117109680456,2.5224676475200725,0.97432244849315675,0.18989038502804598,0.18923037170846757,222.38982684978839,1.6101731502116501,1869.747348017637,39.252651982365215,39.252651982365215,3305.9578434717796,10.042156528218142,10.042156528218142,16.600000000000001
57.25,12,72.772255170706615,4.9089508762277783,114.29394315378175,8.7866031537924769,2.5421757539161178,0.9900150453570572,0.19348049704348294,0.19378239610908576,222.35532704779629,1.6446729522037586,1868.9121338022901,40.08786619771189,40.08786619771189,3305.716649687985,10.283350312013006,10.283350312013006,16.600000000000001
57.5,12,72.706852796231672,4.9136306696813259,114.22494440227844,8.8117698636973731,2.5618670896477571,1.005879580741923,0.19711881392862429,0.198420249705864,222.32026276778655,1.6797372322134905,1868.0635035873174,40.936496412684917,40.936496412684917,3305.4709262519309,10.529073748066994,10.529073748066994,16.600000000000001
57.75,12,72.641522101674866,4.9183499952994145,114.15592134185709,8.8366710376739466,2.5815399021550305,1.0219169631967921,0.20080567383689249,0.20314508128022252,222.28462779257987,1.7153722074201634,1867.2013190873076,41.79868091269465,41.79868091269465,3305.2206133183299,10.779386681667773,10.779386681667773,16.600000000000001
58,12,72.576263072467199,4.9231098933085837,114.08687350509523,8.8613065022900912,2.6011924348034228,1.0381280971307423,0.20454141305846255,0.20795804762203282,222.2484158769843,1.7515841230157381,1866.3254417157461,42.674558284255966,42.674558284255966,3304.9656506550555,11.03434934494266,11.03434934494266,16.600000000000001
58.25,12,72.511075695520617,4.9279113952946645,114.01780041139322,8.8856760994477124,2.6208229270436316,1.0545138826934117,0.20832636593759374,0.21286031348441292,222.21162074816849,1.788379251831552,1865.4357326021834,43.564267397818732,43.564267397818732,3304.7059776465435,11.294022353454737,11.294022353454737,16.600000000000001
58.5,12,72.445959959214321,4.9327555242512737,113.94870156714008,8.9097796863063117,2.6404296145738173,1.0710752156543339,0.21216086478891227,0.2178530515365244,222.17423610604396,1.8257638939560779,1864.5320526097255,44.467947390276514,44.467947390276514,3304.441533297324,11.558466702674085,11.558466702674085,16.600000000000001
58.75,12,72.380915853381097,4.9376432946241877,113.87957646587824,8.9336171352092801,2.6600107295043758,1.087812987281102,0.21604523981265211,0.22293744231433793,222.13625562365644,1.8637443763436055,1863.614262352851,45.385737647151124,45.385737647151124,3304.1722562356763,11.827743764322086,11.827743764322086,16.600000000000001
59,12,72.315943369294004,4.9425757123515934,113.81042458846724,8.9571883336129297,2.6795645005251512,1.1047280842163714,0.21997981900887134,0.22811467416941694,222.09767294758606,1.9023270524139806,1862.6822222155411,46.317777784461057,46.317777784461057,3303.8980847174057,12.101915282592522,12.101915282592522,16.600000000000001
59.25,12,72.251042499652698,4.94755377490032,113.74124540324667,8.9804931840181084,2.6990891530751906,1.1218213883537302,0.2239649280906453,0.23338594321563677,222.05848169835687,1.9415183016431665,1861.7357923697368,47.264207630265247,47.264207630265247,3303.6189566297539,12.381043370243999,12.381043370243999,16.600000000000001
59.5,12,72.18621323857019,4.9525784712980743,113.67203836619812,9.0035316039042943,2.71858290951503,1.1390937767124536,0.22800089039624738,0.23875245327383227,222.01867547085544,1.9813245291445969,1860.7748327941188,48.225167205883253,48.225167205883253,3303.3348094954345,12.665190504563613,12.665190504563613,16.600000000000001
59.75,12,72.121455581559474,4.9576507821617142,113.60280292110642,9.0263035256662185,2.7380439893014916,1.1565461213111428,0.2320880268003267,0.24421541581439157,221.97824783475869,2.0217521652413679,1859.7992032932066,49.200796706795408,49.200796706795408,3303.0455804767948,12.954419523203226,12.954419523203226,16.600000000000001
60,12,72.056769525520238,4.9627716797217065,113.53353849972014,9.0488088965526146,2.7574706091651482,1.1741792890403353,0.23622665562409767,0.24977604989764063,221.93719233497117,2.0628076650288429,1858.808763516794,50.191236483207824,50.191236483207824,3302.75120638012,13.24879361987802,13.24879361987802,16.600000000000001
60.25,12,71.992155068725623,4.9679421278427167,113.4642445219116,9.0710476786073322,2.7768609832903324,1.1919941415340409,0.24041709254454888,0.25543558211212508,221.89550249207207,2.1044975079279524,1857.8033729797064,51.196627020295566,51.196627020295566,3302.451623660063,13.548376339934993,13.548376339934993,16.600000000000001
60.5,12,71.927612210809045,4.973163082040414,113.39492039583598,9.0930198486126059,2.7962133234977289,1.2099915350402544,0.24465965050268557,0.26119524651073389,221.85317180277099,2.1468281972290404,1856.7828910818819,52.217108918119976,52.217108918119976,3302.1467684242102,13.853231575787797,13.853231575787797,16.600000000000001
60.75,12,71.863140952751024,4.9784354894945437,113.32556551809004,9.1147253980344232,2.8155258394295966,1.228172320290466,0.24895463961081968,0.26705628454462232,221.8101937403739,2.1898062596261396,1855.7471771287844,53.252822871217568,53.252822871217568,3301.8365764377827,14.163423562215325,14.163423562215325,16.600000000000001
61,12,71.798741296866041,4.983760289058333,113.25617927387046,9.1361643329698623,2.8347967387376181,1.2465373423682,0.2533023670589214,0.27301994499491999,221.76656175525838,2.2334382447416434,1854.696090352141,54.303909647860976,54.303909647860976,3301.5209831284747,14.479016871523429,14.479016871523429,16.600000000000001
61.25,12,71.734413246789444,4.989138411264241,113.18676103713135,9.1573366740964204,2.8540242272733614,1.2650874405765891,0.25770313702004377,0.27908748390222504,221.72226927535868,2.2777307246413625,1853.6294899310083,55.37051006899393,55.37051006899393,3301.1999235914282,14.800076408570039,14.800076408570039,16.600000000000001
61.5,12,71.67015680746438,4.9945707783260653,113.11731017074165,9.1782424566233107,2.8732065092813177,1.2838234483049831,0.26215725055482919,0.28526016449390568,221.67730970666,2.3226902933400417,1852.5472350131574,56.452764986844628,56.452764986844628,3300.8733325943426,15.126667405655557,15.126667405655557,16.600000000000001
61.75,12,71.605971985128662,5.0000583041377249,113.04782602664224,9.1988817302440857,2.8923417875947877,1.3027461928947839,0.26666500551515715,0.29153925710892936,221.63167643370346,2.3683235662965982,1851.4491847368099,57.550815263192291,57.550815263192291,3300.541144582739,15.458855417259583,15.458855417259583,16.600000000000001
62,12,71.541858787301763,5.0056018942684162,112.97830794600269,9.2192545590912705,2.9114282638342717,1.3218564955043191,0.27122669644689379,0.29792603912054089,221.58536282010013,2.4146371798999269,1850.3351982526817,58.664801747320453,58.664801747320453,3300.203293685352,15.796706314646343,15.796706314646343,16.600000000000001
62.25,12,71.477817222771705,5.011202445954372,112.90875525937763,9.239361021692531,2.9304641386085426,1.3411551709728906,0.27584261449179298,0.30442179485659632,221.53836220905526,2.4616377909447746,1849.2051347463616,59.794865253640474,59.794865253640474,3299.8597137196721,16.140286280325924,16.140286280325924,16.600000000000001
62.5,12,71.413847301581995,5.0168608480872674,112.83916728686309,9.2592012109283637,2.9494476117183939,1.3606430276840209,0.28051304728856263,0.31102781551755115,221.49066792390238,2.5093320760976843,1848.0588534610145,60.941146538987716,60.941146538987716,3299.5103381976264,16.489661802371472,16.489661802371472,16.600000000000001
62.75,12,71.349949035018597,5.0225779811992943,112.76954333825263,9.2787752339911975,2.9683768823630423,1.3803208674279175,0.28523827887311737,0.31774539909208893,221.44227326864706,2.5577267313529872,1846.8962137204105,62.10378627959161,62.10378627959161,3299.1551003314062,16.84489966859184,16.84489966859184,16.600000000000001
63,12,71.286122435596781,5.0283547174449899,112.69988271319335,9.2980832123458583,2.9872501493492369,1.4001894852631749,0.29001858957801896,0.32457585027035846,221.39317152852132,2.6068284714787424,1845.717074952285,63.282925047717079,63.282925047717079,3298.7939330394406,17.20606696055761,17.20606696055761,16.600000000000001
63.25,12,71.222367517048113,5.0341919205798442,112.63018470134193,9.3171252816913057,3.0060656113030229,1.420249669377762,0.29485425593114717,0.33152048035481474,221.34335597054741,2.6566440294526505,1844.5212967120203,64.478703287981745,64.478703287981745,3298.4267689525177,17.573231047480736,17.573231047480736,16.600000000000001
63.5,12,71.158684294307236,5.0400904459357561,112.56044858252058,9.335901591923621,3.0248214668840543,1.4405022009493693,0.29974555055367669,0.33858060716868693,221.29281984411199,2.7071801558880715,1843.3087387066421,65.691261293360029,65.691261293360029,3298.0535404200486,17.946459579949781,17.946459579949781,16.600000000000001
63.75,12,71.095072783498864,5.046051140393395,112.49067362687296,9.354412307100052,3.0435159150026778,1.4609478540050596,0.30469274205727287,0.34575755496196997,221.24155638155028,2.7584436184497725,1842.0792608191471,66.920739180854923,66.920739180854923,3297.6741795164844,18.325820483513738,18.325820483513738,16.600000000000001
64,12,71.031533001924458,5.0520748423515069,112.42085909502032,9.3726576054041502,3.0621471550396198,1.4815873952803151,0.30969609494060507,0.35305265431498101,221.18955879874045,2.8104412012596041,1840.83272313315,68.16727686685222,68.16727686685222,3297.2886180478808,18.711381952117708,18.711381952117708,16.600000000000001
64.25,12,70.968064968049148,5.0581623816932364,112.35100423821768,9.390637679111844,3.0807133870683208,1.5024215840775066,0.31475586948518669,0.36046724203944941,221.13682029570802,2.8631797042920266,1839.5689859578458,69.431014042156249,69.431014042156249,3296.8967875586095,19.103212441388806,19.103212441388806,16.600000000000001
64.5,12,70.904668701488418,5.0643145797495102,112.28110829851018,9.4083527345584113,3.0992128120798883,1.5234511721238124,0.31987232165056956,0.36800266107712681,221.08333405724056,2.9166659427594768,1838.2879098532935,70.712090146708718,70.712090146708718,3296.4986193382269,19.501380661771503,19.501380661771503,16.600000000000001
64.75,12,70.84134422299492,5.070532249259518,112.21117050888962,9.4258029921062789,3.117643632210731,1.5446769034285959,0.32504570296888169,0.37566026039588141,221.02909325351257,2.9709067464874521,1836.9893556560157,72.010644343986428,72.010644343986428,3296.0940444284879,19.905955571510262,19.905955571510262,16.600000000000001
65,12,70.778091554445027,5.0768161943284076,112.14119009345124,9.442988686113539,3.1360040509727058,1.566099514140356,0.33027626043882535,0.38344139488330797,220.97409104072051,3.0259089592795227,1835.6731845049076,73.326815495094593,73.326815495094593,3295.6829936305157,20.317006369482407,20.317006369482407,16.600000000000001
65.25,12,70.714910718825578,5.0831672103822143,112.07116626755079,9.4599100649031538,3.1542922734858485,1.5877197324032482,0.33556423641912086,0.39134742523781957,220.91832056172788,3.0816794382721531,1834.3392578674514,74.660742132550709,74.660742132550709,3295.2653975121198,20.734602487878874,20.734602487878874,16.600000000000001
65.5,12,70.65180174022035,5.0895860841200591,112.0010982379618,9.4765673907327201,3.1725065067137308,1.609538278213172,0.3409098685213825,0.39937971785718035,220.86177494672083,3.1382250532792093,1832.9874375662475,76.012562433754582,76.012562433754582,3294.8411864152681,21.158813584730488,21.158813584730488,16.600000000000001
65.75,12,70.588764643796679,5.0960735934637151,111.93098520303334,9.4929609397647727,3.1906449597013427,1.6315558632735156,0.34631338950251084,0.40753964472449977,220.80444731387374,3.1955526861262888,1831.6175858058466,77.382414194155473,77.382414194155473,3294.410290463717,21.589709536281568,21.589709536281568,16.600000000000001
66,12,70.525799455791883,5.1026305075045686,111.86082635284811,9.5090910020375041,3.2087058438155052,1.6537731908505791,0.35177502715661901,0.41582858329166561,220.74633077002522,3.2536692299748298,1830.2295651998843,78.770434800117656,78.770434800117656,3293.9726395707885,22.027360429209747,22.027360429209747,16.600000000000001
66.25,12,70.462906203499585,5.1092575864480665,111.79062086938087,9.5249578814358671,3.2266873729878012,1.6761909556287178,0.35729500420652255,0.42424791636020065,220.68741841136406,3.3125815886359846,1828.823238798517,80.176761201485206,80.176761201485206,3293.5281634473072,22.471836552691251,22.471836552691251,16.600000000000001
66.5,12,70.400084915256144,5.115955581555709,111.72036792665757,9.540561895662794,3.2445877639601517,1.6988098435652346,0.36287353819477541,0.43279903195945141,220.62770332412603,3.372296675873987,1827.398470116166,81.601529883836292,81.601529883836292,3293.0767916096929,22.923208390305533,22.923208390305533,16.600000000000001
66.75,12,70.33733562042687,5.1227252350845855,111.6500666909146,9.5559033762109493,3.2624052365325187,1.7216305317451019,0.3685108413744545,0.44148332322236283,220.56717858530013,3.4328214146999274,1825.9551231595262,83.044876840475908,83.044876840475908,3292.6184533882006,23.381546611797845,23.381546611797845,16.600000000000001
67,12,70.274658349392226,5.129567280224598,111.57971632075866,9.5709826683344694,3.2801380138132137,1.7446536882355166,0.37420712059955913,0.45030218825856366,220.505837263345,3.4941627366550398,1824.4930624558781,84.506937544124057,84.506937544124057,3292.1530779353179,23.846922064680413,23.846922064680413,16.600000000000001
67.25,12,70.212053133533928,5.1364824410333867,111.50931596732732,9.5858001310207506,3.2977843224716312,1.767879971940338,0.37996257721511029,0.45925703002482943,220.44367241891626,3.5563275810837678,1823.0121530816857,85.987846918316436,85.987846918316436,3291.6805942343208,24.319405765677512,24.319405765677512,16.600000000000001
67.5,12,70.149520005220936,5.1434714323690489,111.43886477444998,9.6003561369622705,3.3153423929933186,1.7913100324544582,0.38577740694700946,0.46834925619295081,220.3806771056033,3.6193228943967521,1821.5122606914745,87.487739308527679,87.487739308527679,3291.2009311079814,24.799068892016798,24.799068892016798,16.600000000000001
67.75,12,70.087058997795481,5.1505349598206838,111.36836187880945,9.6146510725283303,3.3328104599373813,1.814944509918148,0.39165179979168446,0.47758027901498451,220.31684437067634,3.6831556293237169,1819.9932515469839,89.006748453018346,89.006748453018346,3290.7140172274326,25.285982772565646,25.285982772565646,16.600000000000001
68,12,70.024670145558886,5.1576737196368425,111.29780641010426,9.6286853377366821,3.3501867621962114,1.8387840348714122,0.39758593990554802,0.48695151518587032,220.25216725584386,3.7478327441562227,1818.4549925465947,90.545007453407607,90.545007453407607,3290.2197811211863,25.78021887881172,25.78021887881172,16.600000000000001
68.25,12,69.962353483757298,5.1648883986519225,111.2271974912115,9.6424593462248716,3.3674695432575539,1.8628292281083918,0.40358000549428352,0.49646438570339241,220.1866387980198,3.8133612019802601,1816.897351255031,92.102648744971177,92.102648744971177,3289.7181511843119,26.281848815686487,26.281848815686487,16.600000000000001
68.5,12,69.900109048567415,5.1721796742106765,111.15653423835028,9.6559735252214551,3.384657051468559,1.8870807005319266,0.40963416870216607,0.50612031572560601,220.12025203010083,3.8797479698992476,1815.320195933301,93.679804066701195,93.679804066701195,3289.2090556877565,26.790944312241571,26.790944312241571,16.600000000000001
68.75,12,69.8379368770821,5.1795482140907572,111.085815761246,9.6692283155167491,3.4017475403022024,1.9115390530082317,0.41574859550123816,0.51592073442556086,220.05299998175329,3.9470000182467615,1813.7233955689117,95.276604431090647,95.276604431090647,3288.692422787833,27.307577212165096,27.307577212165096,16.600000000000001
69,12,69.775837007295777,5.1869946764234536,111.01504116329527,9.6822241714332371,3.4187392686258011,1.9362048762217752,0.4219234455804981,0.52586707484340667,219.98487568021065,4.0151243197894244,1812.1068199063327,96.893180093669727,96.893180093669727,3288.168180535853,27.831819464145326,27.831819464145326,16.600000000000001
69.25,12,69.713809478089914,5.1945197096126554,110.94420954173151,9.6949615607954467,3.4356305009716173,1.9610787505304073,0.42815887223513355,0.53596077373587125,219.91587215108012,4.0841278489199526,1810.470339477705,98.529660522297348,98.529660522297348,3287.6362568879172,28.363743112081114,28.363743112081114,16.600000000000001
69.5,12,69.651854329218267,5.2021239522521387,110.8733199877914,9.7074409648993409,3.4524195078095055,1.986161245820778,0.43445502225584048,0.54620327142311065,219.84598241915964,4.1540175808404314,1808.81382563379,100.18617436621244,100.18617436621244,3287.0965797148583,28.903420285139507,28.903420285139507,16.600000000000001
69.75,12,69.589971601292106,5.2098080330411909,110.80237158688209,9.7196628784810546,3.4691045658216022,2.0114529213640866,0.44081203581825174,0.55659601163290318,219.7751995092643,4.2248004907357535,1807.1371505751565,101.86284942484579,101.86284942484579,3286.5490768123391,29.450923187659022,29.450923187659022,16.600000000000001
70,12,69.528161335765205,5.2175725706986888,110.73136341874907,9.7316278096849747,3.4856839581789556,2.0369543256722169,0.44723004637254787,0.5671404413422273,219.70351644706264,4.2964835529374215,1805.4401873835975,103.55981261640487,103.55981261640487,3285.9936759110965,30.00632408890166,30.00632408890166,16.600000000000001
70.25,12,69.466423574918892,5.2254181738757612,110.66029455764496,9.7433362800311372,3.5021559748198965,2.0626659963543355,0.45370918053335579,0.57783801061629603,219.63092625992201,4.3690737400780542,1803.7228100537488,105.27718994625349,105.27718994625349,3285.4303046873388,30.569695312659675,30.569695312659675,16.600000000000001
70.5,12,69.404758361846959,5.2333454410669615,110.58916407249913,9.7547888243817749,3.5185189127303977,2.0885884599739426,0.46024955796985645,0.58869017244489752,219.55742197776399,4.4425780222360869,1801.9848935249427,107.01510647505947,107.01510647505947,3284.8588907732919,31.141109226706263,31.141109226706263,16.600000000000001
70.75,12,69.343165740440242,5.2413549605201304,110.51797102708795,9.7659859909070228,3.5347710762261704,2.1147222319064607,0.46685129129623765,0.59969838257615493,219.48299663392891,4.5170033660711377,1800.2263137132618,108.77368628674024,108.77368628674024,3284.2793617678994,31.720638232098938,31.720638232098938,16.600000000000001
71,12,69.281645755371443,5.2494473101449799,110.44671448020618,9.776928341049727,3.5509107772364663,2.1410678161974062,0.47351448596252255,0.61086409934768826,219.40764326605003,4.592356733950048,1798.4469475437945,110.55305245620771,110.55305245620771,3283.6916452476635,32.308354752334864,32.308354752334864,16.600000000000001
71.25,12,69.220198452079558,5.2576230574204983,110.37539348583898,9.787616449489251,3.5669363355895416,2.1676257054211852,0.48023924014582448,0.62218878351519114,219.33135491693639,4.6686450830636925,1796.646672983082,112.35332701692039,112.35332701692039,3283.0956687776393,32.904331222359154,32.904331222359154,16.600000000000001
71.5,12,69.158823876754255,5.2658827593011743,110.30400709333495,9.7980509041042421,3.5828460792998018,2.1943963805405624,0.48702564464201703,0.63367389807840691,219.25412463546556,4.7458753645344913,1794.8253690717618,114.17463092824067,114.17463092824067,3282.4913599225729,33.508640077425227,33.508640077425227,16.600000000000001
71.75,12,69.097522076320246,5.2742269621222508,110.23255434757984,9.8082323059343341,3.5986383448563402,2.2213803107668668,0.49387378275802341,0.64532090810457232,219.17594547748496,4.8240545225151008,1792.9829159573749,116.0170840426276,116.0170840426276,3281.8786462581847,34.121353741813557,34.121353741813557,16.600000000000001
72,12,69.03629309842141,5.2826562015040102,110.16103428917135,9.8181612691407185,3.6143114775129384,2.2485779534209711,0.50078373020469247,0.65713128054931214,219.09681050672188,4.903189493278191,1791.1191949273421,117.88080507266035,117.88080507266035,3281.2574553825912,34.742544617407468,34.742544617407468,16.600000000000001
72.25,12,68.975136991404824,5.291171002255119,110.08944595459464,9.8278384209654721,3.6298638315795344,2.275989753795097,0.50775555499025382,0.66910648407497542,219.0167127957028,4.9832872042972607,1789.2340884421103,119.76591155789207,119.76591155789207,3280.6277149278731,35.372285072124974,35.372285072124974,16.600000000000001
72.5,12,68.914053804304729,5.2997718782751866,110.01778837639891,9.8372644016896587,3.6452937707149755,2.3036161450154902,0.51478931731448996,0.68124798886645888,218.93564542668122,5.0643545733188278,1787.3274801684481,121.67251983155417,121.67251983155417,3279.9893525717871,36.0106474282113,36.0106474282113,16.600000000000001
72.75,12,68.853043586826331,5.3084593324565708,109.94606058337465,9.8464398645900992,3.6605996682210136,2.3314575479060307,0.52188506946365432,0.69355726644452909,218.85360149257403,5.1463985074260341,1785.3992550128855,123.60074498711681,123.60074498711681,3279.3422960496055,36.657703950392751,36.657703950392751,16.600000000000001
73,12,68.792106389329433,5.3172338565855268,109.87426160073205,9.8553654758947928,3.6757799073374766,2.3595143708528079,0.52904285570619269,0.7060357894766508,218.77057409790626,5.2294259020938068,1783.4492991552891,125.55070084471313,125.55070084471313,3278.6864731661053,37.313526833893235,37.313526833893235,16.600000000000001
73.25,12,68.73124226281206,5.3260959312427261,109.80239045028014,9.8640419147368945,3.6908328815386238,2.3877870096697302,0.53626271218929988,0.71868503158528585,218.68655635976455,5.3134436402354952,1781.4775000825762,127.52249991742623,127.52249991742623,3278.0218118076878,37.978188192310839,37.978188192310839,16.600000000000001
73.5,12,68.670451258893848,5.3350460257033738,109.73044615060681,9.8724698731072955,3.7057569948303195,2.4162758474652057,0.54354466683644465,0.73150646715388379,218.60154140875829,5.3984585912417717,1779.4837466225192,129.5162533774832,129.5162533774832,3277.3482399546274,38.651760045371248,38.651760045371248,16.600000000000001
73.75,12,68.609733429799334,5.3440845978368587,109.6584277172599,9.8806500558056527,3.7205506620482427,2.4449812545099481,0.5508887392458427,0.74450157113037685,218.51552238998877,5.4844776100112824,1777.467928977673,131.53207102232918,131.53207102232918,3276.6656856934542,39.334314306544229,39.334314306544229,16.600000000000001
74,12,68.549088828341198,5.3532120940060404,109.58633416292895,9.8885831803898796,3.735212309156958,2.473903588105959,0.55829494058995977,0.75767181882826606,218.42849246402668,5.5715075359733852,1775.4299387593996,133.57006124060277,133.57006124060277,3275.9740772294681,40.025922770530499,40.025922770530499,16.600000000000001
74.25,12,68.488517507903282,5.3624289489662962,109.51416449762804,9.8962699771239979,3.7497403735497259,2.5030431924567385,0.565763273516112,0.77101868572534682,218.34044480789686,5.6595551921032152,1773.3696690219758,135.63033097802634,135.63033097802634,3275.2733428993765,40.726657100622283,40.726657100622283,16.600000000000001
74.5,12,68.428019522423497,5.3717355857643909,109.4419177288795,9.9037111889244027,3.7641333043489933,2.5324003985387598,0.57329373204821865,0.78454364726008896,218.25137261607085,5.7486273839291959,1771.2870142967827,137.7129857032196,137.7129857032196,3274.5634111840591,41.436588815939253,41.436588815939253,16.600000000000001
74.75,12,68.367594926376654,5.3811324156372331,109.36959286189838,9.9109075713043708,3.7783895627074915,2.561975523974287,0.5808863014897504,0.79824817862568564,218.16126910146698,5.8387308985330932,1769.1818706265583,139.81812937344384,139.81812937344384,3273.8442107214578,42.155789278541036,42.155789278541036,16.600000000000001
75,12,68.307243774757154,5.390619837910605,109.29718889977799,9.9178598923168071,3.7925076221099001,2.5917688729055683,0.58854095832791398,0.81213375456178793,218.07012749645733,5.9298725035427333,1767.0541355997193,141.94586440028272,141.94586440028272,3273.1156703195816,42.884329680417409,42.884329680417409,16.600000000000001
75.25,12,68.246966123061512,5.4001982398980317,109.22470484367611,9.9245689324953812,3.8064859686746959,2.6217807358704168,0.59625767013928588,0.82620184914406902,217.97794105388198,6.0220589461180865,1764.9037083846999,144.09629161530242,144.09629161530242,3272.3777189696298,43.622281030368946,43.622281030368946,16.600000000000001
75.5,12,68.186762027270774,5.4098679967997523,109.15213969300221,9.9310354847937319,3.8203231014564865,2.6520113896792945,0.60403639549674426,0.84045393557149373,217.88470304806992,6.1152969519301665,1762.7304897643437,146.2695102356586,146.2695102356586,3271.6302858592321,44.369714140766725,44.369714140766725,16.600000000000001
75.75,12,68.126631543832843,5.419629471601934,109.07949244560542,9.9372603545228344,3.8340175327485202,2.6824610972939089,0.61187708387787276,0.85489148595140829,217.79040677586678,6.2095932241333012,1760.5343821703175,148.46561782968473,148.46561782968473,3270.8733003857978,45.126699614201208,45.126699614201208,16.600000000000001
76,12,68.066574729644628,5.4294830149762152,109.00676209796343,9.9432443592864992,3.8475677883853066,2.7131301077073817,0.61977967557488189,0.86951597108247736,217.69504555766912,6.3049544423309465,1758.3152897175323,150.68471028246987,150.68471028246987,3270.1066921699767,45.89330783002238,45.89330783002238,16.600000000000001
76.25,12,68.006591642034152,5.4394289651796539,108.93394764537213,9.9489883289149503,3.8609724080452539,2.74401865582603,0.62774410160610883,0.88432886023550206,217.59861273846488,6.4013872615352012,1756.073118238565,152.92688176143724,152.92688176143724,3269.3303910692252,46.669608930773656,46.669608930773656,16.600000000000001
76.5,12,67.946682338742377,5.4494676479551449,108.86104808213618,9.9544931053964216,3.8742299455532683,2.7751269623528305,0.63577028362914223,0.8993316209321176,217.50110168887997,6.4988983111201239,1753.8077753180733,155.19222468192902,155.19222468192902,3268.5443271914796,47.455672808519743,47.455672808519743,16.600000000000001
76.75,12,67.886846877905086,5.4595993764324335,108.78806240176033,9.9597595428067809,3.8873389691831504,2.8064552336725952,0.64385813385565427,0.91452571872146204,217.40250580623083,6.5974941937692186,1751.5191703271846,157.48082967281749,157.48082967281749,3267.7484309089236,48.251569091075538,48.251569091075538,16.600000000000001
77,12,67.827085318034548,5.4698244510298286,108.71498959714134,9.9647885072372198,3.9002980619595937,2.8380036617388575,0.65200755496801455,0.92991261695493466,217.30281851558254,6.697181484417519,1749.2072144578344,159.79278554216768,159.79278554216768,3266.9426328718541,49.057367128145025,49.057367128145025,16.600000000000001
77.25,12,67.767397718001064,5.4801431593566168,108.64182866076101,9.9695808767198297,3.9131058219599111,2.8697724239626199,0.6602184400377038,0.94549377655889311,217.20203327081214,6.7979667291879267,1746.8718207570698,162.12817924293225,162.12817924293225,3266.1268640226403,49.873135977359006,49.873135977359006,16.600000000000001
77.5,12,67.707784137014443,5.4905557761163264,108.56857858487962,9.9741375411511157,3.9257608626152187,2.9017616831029316,0.66849067244562188,0.96127065580546822,217.10014355567768,6.8998564443224,1744.512904161289,164.48709583871315,164.48709583871315,3265.3010556097743,50.69894439022513,50.69894439022513,16.600000000000001
77.75,12,67.648244634605305,5.5010625630109162,108.49523836173029,9.978459402213435,3.938261813011013,2.9339715871593706,0.67682412580434448,0.9772447100815097,216.9971428848919,7.0028571151081715,1742.1303815304043,166.8696184695979,166.8696184695979,3264.4651392020078,51.534860797991598,51.534860797991598,16.600000000000001
78,12,67.588779270606281,5.511663768645966,108.42180698371405,9.9825473732943237,3.9506073181870205,2.9664022692664629,0.68521866388239061,0.99341739165571252,216.89302480520089,7.1069751947991779,1739.7241716819192,169.27582831808309,169.27582831808309,3263.6190467025708,52.380953297427915,52.380953297427915,16.600000000000001
78.25,12,67.529388105133094,5.5223596284369592,108.34828344359546,9.9864023794036356,3.9627960394362542,2.9990538475901118,0.69367414053056231,1.0097901494439319,216.78778289646721,7.2122171035328702,1737.2941954249088,171.70580457509331,171.70580457509331,3262.762710363475,53.237289636523961,53.237289636523961,16.600000000000001
78.5,12,67.470071198565577,5.5331503645167466,108.27466673469904,9.9900253570885358,3.9748266546031212,3.03192642522606,0.70219039961042207,1.0263644287727858,216.68141077275729,7.3185892272427742,1734.8403755938868,174.15962440611528,174.15962440611528,3261.8960627998845,54.103937200114295,54.103937200114295,16.600000000000001
78.75,12,67.410828611528558,5.5440361856442761,108.2009558511062,9.9934172543463262,3.986697858380464,3.0650200901004183,0.71076727492496505,1.0431416711415862,216.57390208343307,7.4260979165669934,1732.3626370825436,176.63736291745852,176.63736291745852,3261.0190370045684,54.980962995431149,54.980962995431149,16.600000000000001
79,12,67.351660404872561,5.5550172871146959,108.12714978785289,9.9965790305351856,3.9984083626053493,3.0983349148722614,0.71940459015154712,1.060123313982734,216.46525051424686,7.5347494857531832,1729.8609068773344,179.13909312266765,179.13909312266765,3260.1315663624032,55.868433637595906,55.868433637595906,16.600000000000001
79.25,12,67.292566639654467,5.5660938506708924,108.05324754112759,9.9995116562827118,4.0099568965535841,3.1318709568383971,0.72810215877713547,1.077310790420545,216.35544978844007,7.6445502115599897,1727.3351140909137,181.6648859090883,181.6648859090883,3259.2335846649521,56.76641533504695,56.76641533504695,16.600000000000001
79.5,12,67.233547377118114,5.5772660444165458,107.97924810847016,10.002216113392134,4.0213422072328795,3.1656282578403694,0.73685978403593788,1.0947055290284979,216.24449366784506,7.755506332155,1724.7851899954107,184.21481000459116,184.21481000459116,3258.325026125096,57.674973874903117,57.674973874903117,16.600000000000001
79.75,12,67.174602678674731,5.5885340227307694,107.90515048897099,10.004693394746228,4.0325630596745672,3.1996068441737422,0.74567725884947711,1.1123089535849595,216.13237595399056,7.8676240460094897,1722.2110680555327,186.78893194446934,186.78893194446934,3257.4058253917319,58.594174608267494,58.594174608267494,16.600000000000001
80,12,67.115732605883238,5.599897926184445,107.83095368347095,10.006944504208946,4.0436182372237202,3.2338067264996986,0.75455436576916735,1.1301224828274807,216.0190904892097,7.9809095107903376,1719.6126839614758,189.38731603852605,189.38731603852605,3256.4759175645218,59.524082435477681,59.524082435477681,16.600000000000001
80.25,12,67.056937220430484,5.6113578814583835,107.75665669476139,10.008970456525041,4.054506541827295,3.2682278997588314,0.76349087692144757,1.1481475302059603,215.90463115775,8.095368842250064,1716.989975661603,192.01002433839898,192.01002433839898,3255.5352382086749,60.464761791324591,60.464761791324591,16.600000000000001
80.5,12,66.998216584111503,5.6229140012633438,107.68225852778477,10.010772277217386,4.0652267943204734,3.3028703430873367,0.77248655395553867,1.1663855036344721,215.78899188688555,8.2110081131145058,1714.3428833949022,194.65711660509982,194.65711660509982,3254.5837233697744,61.416276630224885,61.416276630224885,16.600000000000001
80.75,12,66.939570758809481,5.6345663842620342,107.60775818983554,10.012351002482172,4.0757778347108529,3.3377340197355219,0.78154114799387953,1.1848378052420128,215.67216664803109,8.3278333519689642,1711.6713497231922,197.32865027680998,197.32865027680998,3253.6213095886337,62.378690411365795,62.378690411365795,16.600000000000001
81,12,66.8809998064757,5.6463151149930786,107.53315469076159,10.013707679081486,4.086158522460841,3.3728188769889407,0.79065439958530692,1.203505831121797,215.55414945785822,8.4458505421418604,1708.975319563114,200.02468043688796,200.02468043688796,3252.6479339162042,63.352066083795371,63.352066083795371,16.600000000000001
81.25,12,66.822503789109589,5.6581602637971349,107.45844704316596,10.014843364233853,4.0963677367675961,3.4081248460918792,0.79982603866102242,1.2223909710796594,215.43493437941245,8.5650656205875961,1706.2547402178332,202.7452597821688,202.7452597821688,3251.6635339285012,64.336466071498648,64.336466071498648,16.600000000000001
81.5,12,66.764082768738319,5.6701018867451705,107.38363426260874,10.015759125502331,4.1064043768407821,3.4436518421734403,0.80905578449340998,1.241494608381281,215.31451552323216,8.6854844767678916,1703.5095614084785,205.4904385915234,205.4904385915234,3250.6680477415603,65.331952258439642,65.331952258439642,16.600000000000001
81.75,12,66.70573680739669,5.6821400255691223,107.30871536780921,10.016456040680698,4.116267362177533,3.4793997641760153,0.81834334565777134,1.2608181194987509,215.19288704846676,8.8071129515332647,1700.7397353052504,208.26026469475161,208.26026469475161,3249.6614140263946,66.338585973605177,66.338585973605177,16.600000000000001
82,12,66.647465967106626,5.6942747075948503,107.23368938084832,10.016935197677151,4.1259556328349989,3.5153684947864239,0.8276884199970197,1.2803628738560624,215.07004316399656,8.9299568360034982,1697.9452165582402,211.05478344176154,211.05478344176154,3248.6435720239765,67.356427976022786,67.356427976022786,16.600000000000001
82.25,12,66.589270309856929,5.7065059456775975,107.15855532737112,10.017197694395925,4.1354681497000119,3.5515579003695987,0.83709069458940033,1.3001302335739171,214.94597812955172,9.0540218704483308,1695.1259623279122,213.87403767208949,213.87403767208949,3247.6144615602207,68.385538439778657,68.385538439778657,16.600000000000001
82.5,12,66.531149897582608,5.7188337381399137,107.0833122367895,10.017244638616498,4.1448038947560599,3.5879678309049843,0.8465498457192705,1.3201215532136685,214.82068625683212,9.1793137431679455,1692.2819323152589,216.71806768474292,216.71806768474292,3246.5740230609754,69.425976939024011,69.425976939024011,16.600000000000001
82.75,12,66.473104792144412,5.7312580687122283,107.00795914248485,10.017077147870721,4.1539618713471445,3.6245981199255457,0.85606553885101311,1.3403381795206941,214.69416191062584,9.3058380893742214,1689.4130887915906,219.58691120841115,219.58691120841115,3245.5221975670092,70.47780243299043,70.47780243299043,16.600000000000001
83,12,66.415135055308255,5.7437789064760931,106.93249508201099,10.01669634931765,4.1629411044385831,3.6614485844594906,0.86563742860611936,1.3607814511671392,214.56639950992741,9.4336004900726547,1686.5193966279619,222.48060337203978,222.48060337203978,3244.4589267489896,71.541073251010118,71.541073251010118,16.600000000000001
83.25,12,66.357240748724351,5.7563962058102174,106.85691909729675,10.016103379616293,4.1717406408745088,3.6985190249746966,0.87526515874351152,1.381452698494207,214.43739352905442,9.5626064709456244,1683.600823324203,225.39917667579863,225.39917667579863,3243.384152922446,72.615847077553525,72.615847077553525,16.600000000000001
83.5,12,66.299421933906672,5.7691099063393283,106.78123023484881,10.015299384796132,4.1803595496320289,3.7358092253258919,0.88494836214313188,1.4023532432539869,214.30713849876309,9.6928615012369779,1680.6573390375572,228.34266096244448,228.34266096244448,3242.2978190627164,73.702180937283345,73.702180937283345,16.600000000000001
83.75,12,66.241678672212103,5.781919932885959,106.70542754595418,10.014285520125505,4.1887969220718881,3.773318952704602,0.89468666079285242,1.4234843983509495,214.17562900736161,9.8243709926384799,1677.6889166109004,231.31108338910136,231.31108338910136,3241.1998688198651,74.8001311801344,74.8001311801344,16.600000000000001
84,12,66.184011024819554,5.7948261954252214,106.62951008688276,10.013062949977867,4.1970518721855115,3.8110479575919114,0.90447966577876915,1.4448474675831573,214.04285970182173,9.9571402981783379,1674.6955316005324,234.30446839946939,234.30446839946939,3240.0902465335766,75.909753466422771,75.909753466422771,16.600000000000001
84.25,12,66.12641905270911,5.8078285890426669,106.5534769190895,10.011632847695934,4.2051235368383102,3.8489959737140298,0.91432697727890688,1.4664437453832904,213.9088252888879,10.091174711112185,1671.677162303522,237.32283769647967,237.32283769647967,3238.9688972480085,77.031102751990915,77.031102751990915,16.600000000000001
84.5,12,66.068902816641227,5.8209269938952781,106.47732710941648,10.009996395453735,4.2130110760091082,3.8871627180007087,0.92422818456040134,1.4882745165595468,213.77352053618327,10.226479463816823,1668.6337897845942,240.36621021540742,240.36621021540742,3237.8357667266059,78.164233273393364,78.164233273393364,16.600000000000001
84.75,12,66.011462377135615,5.8341212751756766,106.40105973029451,10.008154784116648,4.2207136730255819,3.9255478905465218,0.93418286598017153,1.5103410560365478,213.63694027331294,10.363059726687133,1665.5653979025399,243.43460209746183,243.43460209746183,3236.6908014668684,79.309198533131209,79.309198533131209,16.600000000000001
85,12,65.954097794450433,5.8474112830796203,106.32467385994455,10.006109213099384,4.2282305347955793,3.9641511745750284,0.94419058898914954,1.5326446285962796,213.49907939296367,10.50092060703642,1662.4719733361378,246.52802666386418,246.52802666386418,3235.5339487150613,80.466051284938445,80.466051284938445,16.600000000000001
85.25,12,65.896809128561188,5.8607968527768364,106.24816858257867,10.003860890221981,4.2355608920342078,4.0029722364058307,0.95425091014008356,1.5551864886191955,213.35993285199953,10.64006714800054,1659.353505609572,249.64649439042984,249.64649439042984,3234.365156480872,81.634843519127983,81.634843519127983,16.600000000000001
85.5,12,65.839596439139783,5.8742778043853008,106.17154298860049,10.001411031563844,4.2427039994865554,4.0420107254245652,0.96436337509899284,1.5779678798255314,213.2194956725539,10.780504327446186,1656.2099871173323,252.79001288266966,252.79001288266966,3233.1843735519983,82.815626448001424,82.815626448001424,16.600000000000001
85.75,12,65.782459785533462,5.8878539429489907,106.09479617480517,9.9987608613158372,4.2496591361459313,4.0812662740558272,0.97452751866027698,1.6009900350169401,213.07776294311645,10.922237056883635,1653.0414131485784,255.95858685142369,255.95858685142369,3231.9915495086702,84.008450491329938,84.008450491329938,16.600000000000001
86,12,65.725399226743804,5.9015250584192067,106.0179272445789,9.9959116116304845,4.2564256054675029,4.1207384977390387,0.98474286476554995,1.6242541758185041,212.93472981961582,11.065270180384271,1649.8477819109603,259.15221808904164,259.15221808904164,3230.78663473809,85.213365261909999,85.213365261909999,16.600000000000001
86.25,12,65.668414821405705,5.9152909256394794,105.94093530809766,9.992864522470347,4.2630027355772162,4.1604269949072883,0.99500892652615669,1.6477615124213048,212.79039152649671,11.209608473503396,1646.6290945538733,262.37090544612857,262.37090544612857,3229.5695804487941,86.430419551205503,86.430419551205503,16.600000000000001
86.5,12,65.611506627766317,5.9291513043341686,105.86381948252537,9.9896208414545686,4.2693898794758631,4.2003313469691399,1.0053252062494904,1.6715132433255304,212.64474335779161,11.355256642208484,1643.3853551911373,265.61464480886457,265.61464480886457,3228.3403386849236,87.659661315076079,87.659661315076079,16.600000000000001
86.75,12,65.554674703663977,5.9431059391007937,105.78657889221132,9.9861818237036495,4.2755864152381964,4.240451118293433,1.0156911954691012,1.6955105550842668,212.49778067818676,11.502219321813328,1640.1165709230866,268.88342907691538,268.88342907691538,3227.0988623403991,88.901137659600735,88.901137659600735,16.600000000000001
87,12,65.497919106507325,5.9571545594061677,105.70921266888676,9.9825487316824866,4.2815917462069697,4.2807858561970882,1.0261063749786363,1.7197546220480489,212.34949892408173,11.650501075918372,1636.8227518580543,272.1772481419477,272.1772481419477,3225.845105172998,90.154894827002281,90.154894827002281,16.600000000000001
87.25,12,65.441239893254235,5.9712968795864745,105.63171995186079,9.9787228350415695,4.2874053011818134,4.3213350909359525,1.0365702148697731,1.7442466061101025,212.19989360464274,11.800106395357362,1633.5039111332474,275.49608886675469,275.49608886675469,3224.5790218183306,91.420978181669398,91.420978181669398,16.600000000000001
87.5,12,65.384637120390806,5.9855325988510852,105.55409988821521,9.9747054104568029,4.2930265346027632,4.3620983356985956,1.0470821745737993,1.7689876564528093,212.04896030284871,11.951039697151371,1630.1600649349753,278.83993506502674,278.83993506502674,3223.3005678036925,92.699432196307342,92.699432196307342,16.600000000000001
87.75,12,65.328110843910466,5.9998614012904081,105.47635163299853,9.9704977414676428,4.2984549267283825,4.4030750866031489,1.0576417029071836,1.7939789092951042,211.89669467653022,12.103305323469892,1626.791232518239,282.20876748176306,282.20876748176306,3222.0096995617978,93.990300438201828,93.990300438201828,16.600000000000001
88,12,65.2716611192931,6.0142829558877633,105.39847434941873,9.9661011183136257,4.3036899838083693,4.4442648226971739,1.0682482381211176,1.8192214876409554,211.7430924594006,12.256907540599483,1623.3974362256629,285.60256377433927,285.60256377433927,3220.706374444394,95.293625555605644,95.293625555605644,16.600000000000001
88.25,12,65.215288001484183,6.0287969165353132,105.32046720903536,9.9615168377694587,4.3087312382505214,4.4856670059605701,1.0789012079549769,1.8447165010291067,211.58814946207966,12.411850537920449,1619.978701505752,289.02129849424983,289.02129849424983,3219.3905507357413,96.609449264258558,96.609449264258558,16.600000000000001
88.5,12,65.158991544873842,6.0434029220541285,105.24232939195007,9.9567462029785272,4.3135782487819965,4.527281081311548,1.089600029693818,1.8704650452840241,211.43186157310853,12.568138426891556,1616.5350569304746,292.46494306952746,292.46494306952746,3218.0621876659616,97.937812334038128,97.937812334038128,16.600000000000001
88.75,12,65.102771803276255,6.0581005962183783,105.16406008699641,9.9517905232851351,4.3182306006046742,4.5691064766156027,1.1003441102297906,1.8964682022683657,211.27422475995638,12.725775240043699,1613.0665342121338,295.93346578786822,295.93346578786822,3216.7212454242394,99.278754575760686,99.278754575760686,16.600000000000001
89,12,65.046628829908812,6.0728895477836806,105.08565849192793,9.9466511140655154,4.3226879055445631,4.6111426026974609,1.111132846127485,1.922727039637032,211.11523507001741,12.88476492998268,1609.5731682195305,299.42683178047145,299.42683178047145,3215.3676851718633,100.63231482813696,100.63231482813696,16.600000000000001
89.25,12,64.990562677371599,6.0877693705197355,105.0071238136052,9.9413292965573952,4.3269498021951707,4.6533888533561401,1.1219656236933842,1.9492426105926863,210.95488863159898,13.045111368401104,1606.0549969934086,302.94500300659354,302.94500300659354,3214.0014690551247,101.99853094487527,101.99853094487527,16.600000000000001
89.5,12,64.934573397626664,6.1027396432472312,104.92845526818154,9.9358263976884071,4.3310159560547241,4.6958446053830079,1.1328418190492959,1.9760159536430177,210.79318165490002,13.206818345100062,1602.5120617611612,306.48793823884074,306.48793823884074,3212.6225602180502,103.3774397819499,103.3774397819499,16.600000000000001
89.75,12,64.878661041977693,6.1177999298790517,104.84965208128708,9.9301437499032712,4.3348860596571415,4.7385092185828981,1.1437607982098326,2.003048092359768,210.63011043297928,13.369889567020783,1598.9444069507958,310.05559304920598,310.05559304920598,3211.2309228149647,104.76907718503539,104.76907718503539,16.600000000000001
90,12,64.822825661049393,6.1329497794658661,104.77071348821167,9.9242826909898643,4.3385598326966575,4.7813820357982628,1.1547219171639342,2.0303400351396106,210.46567134271351,13.534328657286602,1595.3520802041394,313.64791979586255,313.64791979586255,3209.8265220228868,106.17347797711318,106.17347797711318,16.600000000000001
90.25,12,64.76706730476738,6.1481887262460244,104.69163873408586,9.9182445639044374,4.3420370221459752,4.8244623829362228,1.1657245219603372,2.0578927749671698,210.29986084574404,13.700139154256062,1591.7351323892656,317.26486761073647,317.26486761073647,3208.4093240537313,107.59067594626835,107.59067594626835,16.600000000000001
90.5,12,64.711386022337791,6.1635162896999143,104.61242707406052,9.9120307165956909,4.3453174023679164,4.8677495689987325,1.1767679487971505,2.0857072891799859,210.13267548941334,13.867324510586725,1588.0936176121495,320.9063823878526,320.9063823878526,3206.9792961663356,109.02070383366414,109.02070383366414,16.600000000000001
90.75,12,64.655781862227187,6.178931974608747,104.53307777348475,9.9056425018279697,4.3484007752204485,4.911242886115696,1.1878515241154435,2.1137845392356924,209.96411190768956,14.035888092310516,1584.4275932275286,324.57240677247347,324.57240677247347,3205.5364066782886,110.46359332171131,110.46359332171131,16.600000000000001
91,12,64.600254872142543,6.1944352711177899,104.45359010808195,9.8990812770036101,4.3512869701549981,4.9549416095811081,1.1989745646968706,2.1421254704814534,209.79416682207929,14.205833177920804,1580.7371198489607,328.26288015104132,328.26288015104132,3204.0806249775646,111.91937502243502,111.91937502243502,16.600000000000001
91.25,12,64.544805099011313,6.2100256548041468,104.37396336412434,9.892348403984391,4.3539758443079783,4.998844997892216,1.2101363777653742,2.1707310119257102,209.62283704252872,14.3771629574714,1577.0222613580718,331.97773864193022,331.97773864193022,3202.6119215339577,113.38807846604203,113.38807846604203,16.600000000000001
91.5,12,64.489432588961662,6.2257025867489277,104.29419683860525,9.8854452489125073,4.3564672825854469,5.0429522927915036,1.2213362610927712,2.1996020760125283,209.45011946831175,14.549880531688336,1573.2830849129773,335.7169150870248,335.7169150870248,3201.1302679102923,114.86973208970727,114.86973208970727,16.600000000000001
91.75,12,64.434137387302741,6.2414655136140151,104.21428983940987,9.8783731820307459,4.3587611977408223,5.0872627193117248,1.2325735031084215,2.2287395583984111,209.27601108890596,14.723988911094137,1569.5196609558739,339.48033904412802,339.48033904412802,3199.6356367734297,116.36436322657008,116.36436322657008,16.600000000000001
92,12,64.378919538505201,6.2573138677233446,104.13424168548383,9.8711335775020892,4.3608575304455615,5.1317754858238542,1.2438473830128818,2.2581443377317774,209.10050898485488,14.899491015145209,1565.7320632197911,343.26793678021085,343.26793678021085,3198.1280019050464,117.8719980949531,117.8719980949531,16.600000000000001
92.25,12,64.323779086181744,6.2732470671487395,104.05405170699972,9.8637278132288344,4.3627562493527643,5.1764897840879653,1.2551571708955251,2.2878172754351902,208.92361032861743,15.07638967138266,1561.92036873449,347.07963126551226,347.07963126551226,3196.6073382121908,119.39266178780882,119.39266178780882,16.600000000000001
92.5,12,64.268716073067921,6.2892645158003617,103.97371924552166,9.8561572706711384,4.3644573511535567,5.2214047893070701,1.2665021278561921,2.3177592154903719,208.74531238540342,15.254687614596678,1558.0846578315025,350.91534216849976,350.91534216849976,3195.0736217376038,120.92637826239611,120.92637826239611,16.600000000000001
92.75,12,64.213730541002946,6.305365603521631,103.89324365416762,9.8484233346653998,4.3659608606263181,5.2665196601837518,1.277881506130659,2.3479709842262464,208.56561251399492,15.434387486005177,1554.2250141483075,354.77498585169474,354.77498585169474,3193.5268296697996,122.4731703302004,122.4731703302004,16.600000000000001
93,12,64.158822530910811,6.3215497061887334,103.81262429776947,9.8405273932422421,4.3672668306785827,5.3118335389796707,1.28929454922005,2.3784533901099727,208.38450816755343,15.615491832446656,1550.3415246316306,358.65847536837168,358.65847536837168,3191.9669403529037,124.03305964709635,124.03305964709635,16.600000000000001
93.25,12,64.103992082781488,6.3378161858147379,103.73186055303091,9.8324708374442729,4.3683753423815777,5.3573455515779713,1.3007404920241699,2.4092072235410895,208.20199689441236,15.79800310558773,1546.4342795398597,362.56572046014247,362.56572046014247,3190.3939332962409,125.60606670375907,125.60606670375907,16.600000000000001
93.5,12,64.049239235652252,6.3541643906582665,103.6509518086829,9.8242550611436847,4.3692865049973726,5.4030548075484788,1.3122185609786772,2.4402332566488765,208.01807633885446,15.981923661145613,1542.5033724445739,366.49662755542852,366.49662755542852,3188.8077891836688,127.19221081633096,127.19221081633096,16.600000000000001
93.75,12,63.994564027589298,6.3705936553367799,103.56989746563687,9.8158814608597069,4.3700004559984951,5.4489604002157694,1.3237279741961649,2.4715322430929816,207.83274424187428,16.167255758125801,1538.5489002311692,370.45109976883305,370.45109976883305,3187.2084898826529,128.79151011734677,128.79151011734677,16.600000000000001
94,12,63.939966495669474,6.3871033009444034,103.48869693713534,9.807351435576102,4.3705173610800898,5.4950614067299801,1.3352679416109832,2.5031049178674794,207.64599844192469,16.354001558075392,1534.5709630985882,374.42903690141424,374.42903690141424,3185.5960184530736,130.40398154692582,130.40398154692582,16.600000000000001
94.25,12,63.885446675962164,6.4036926351742096,103.40734964890014,9.798666386558823,4.3708374141645487,5.5413568881402986,1.3468376651277283,2.5349519971084509,207.45783687564784,16.542163124352243,1530.569664558142,378.43033544186028,378.43033544186028,3183.9703591557632,132.02964084423672,132.02964084423672,16.600000000000001
94.5,12,63.831004603511467,6.4203609524451517,103.3258550392779,9.7898277171736598,4.3709608373984796,5.5878458894712892,1.3584363387735838,2.5670741779050812,207.26825757858987,16.731742421410203,1526.545111431416,382.45488856858628,382.45488856858628,3182.3314974607651,133.66850253923462,133.66850253923462,16.600000000000001
94.75,12,63.776640312318456,6.4371075340334851,103.24421255938314,9.7808368327041748,4.3708878811420426,5.6345274398018859,1.3700631488543056,2.5994721381144319,207.07725868589927,16.92274131410079,1522.4974138472551,386.50258615274737,386.50258615274737,3180.6794200553195,135.32057994468016,135.32057994468016,16.600000000000001
95,12,63.722353835323773,6.4539316482087399,103.16242167323861,9.7716951401698626,4.3706188239505819,5.6814005523470978,1.3817172741138879,2.6321465361799601,206.88483843300853,17.115161566991571,1518.4266852378232,390.57331476217911,390.57331476217911,3179.0141148515568,136.98588514844303,136.98588514844303,16.600000000000001
95.25,12,63.668145204390278,6.4708325503742339,103.08048185791273,9.762404048144651,4.3701539725484935,5.7284642245423933,1.3933978858978837,2.6650980109538494,206.69099515629867,17.309004843701441,1514.3330423337316,394.66695766627078,394.66695766627078,3177.3355709939042,138.66442900609553,138.66442900609553,16.600000000000001
95.5,12,63.61401445028612,6.4878094832118531,102.99839260365454,9.7529649665759646,4.3694936617955218,5.775717438130588,1.4051041483200666,2.6983271815233212,206.49572729374688,17.5042727062532,1510.2166051582499,398.78339484175262,398.78339484175262,3175.6437788661979,140.35622113380185,140.35622113380185,16.600000000000001
95.75,12,63.559961602667848,6.504861676831438,102.91615341402556,9.7433793066041918,4.3686382546451439,5.8231591592514294,1.4168352184327704,2.7318346470409023,206.29903338555656,17.700966614443541,1506.0774970205696,402.92250297943298,402.92250297943298,3173.9387300984945,142.06126990150531,142.06126990150531,16.600000000000001
96,12,63.505986690063828,6.52198834892455,102.83376380602891,9.7336484803827492,4.3675881420951983,5.8707883385337229,1.4285902464006333,2.7656209865587851,206.10091207476927,17.899087925230827,1501.9158445081325,407.08415549186998,407.08415549186998,3172.2204175735806,143.77958242641913,143.77958242641913,16.600000000000001
96.25,12,63.452089739857939,6.5391887049226289,102.75122331023539,9.7237739008987845,4.3663437431306935,5.9186039111900044,1.4403683756777574,2.7996867588673613,205.90136210785926,18.098637892140829,1497.7317774780161,411.26822252198639,411.26822252198639,3170.4888354331747,145.51116456682527,145.51116456682527,16.600000000000001
96.5,12,63.398270778273435,6.5564619381596163,102.6685314709067,9.7137569817945586,4.3649055046586707,5.9666047971137726,1.4521687431883268,2.8340325023379718,205.70038233530934,18.299617664690764,1493.525429047364,415.47457095263826,415.47457095263826,3168.7439790838148,147.25602091618484,147.25602091618484,16.600000000000001
96.75,12,63.344529830357097,6.5738072300386525,102.58568784611539,9.7035991371897516,4.3632739014354831,6.0147899009790704,1.4639904795102516,2.8686587347700376,205.49797171216844,18.502028287831681,1489.2969355828993,419.70306441710318,419.70306441710318,3166.9858452024355,149.01415479756417,149.01415479756417,16.600000000000001
97,12,63.290866919963641,6.5912237502031923,102.50269200786202,9.6933017815045659,4.361449435986076,6.0631581123425775,1.4758327090621861,2.9035659532425595,205.29412929859052,18.70587070140958,1485.0464366894737,423.95356331052864,423.95356331052864,3165.2144317416191,150.78556825838027,150.78556825838027,16.600000000000001
97.25,12,63.237282069740381,6.6087106567123541,102.41954354218889,9.6828663292837636,4.3594326385154369,6.111708305748115,1.487694550293702,2.9387546339700954,205.08885426035462,18.911145739645484,1480.7740751976755,428.22592480232703,428.22592480232703,3163.4297379345298,152.57026206546996,152.57026206546996,16.600000000000001
97.5,12,63.183775301112149,6.6262670962204462,102.33624204929069,9.6722941950217329,4.3572240668122078,6.1604393408335136,1.4995751158785386,2.9742252321633016,204.8821458693655,19.117854130634583,1476.4799971504874,432.52000284951509,432.52000284951509,3161.6317642995141,154.36823570048585,154.36823570048585,16.600000000000001
97.75,12,63.130346634266516,6.6438922041607551,102.2527871436221,9.6615867929885937,4.3548243061443204,6.2093500624398725,1.5114735129110133,3.0099781818940885,204.67400350413519,19.325996495864899,1472.1643517889861,436.83564821101641,436.83564821101641,3159.8205126443754,156.17948735562425,156.17948735562425,16.600000000000001
98,12,63.076996088139218,6.6615851049332573,102.16917845400172,9.6507455370575279,4.3522339691470044,6.2584393007230474,1.5233888431051918,3.0460138959654821,204.46442665024483,19.535573349755268,1467.8272915371172,441.17270846288528,441.17270846288528,3157.9959860703157,158.00401392968408,158.00401392968408,16.600000000000001
98.25,12,63.023723680399982,6.6793449120963908,102.08541562371308,9.6397718405333155,4.3494536957029393,6.3077058712674283,1.5353202029969777,3.0823327657862505,204.25341490078696,19.746585099213132,1463.4689719855228,445.53102801447966,445.53102801447966,3156.1581889755362,159.84181102446362,159.84181102446362,16.600000000000001
98.5,12,62.970529427438528,6.6971707285628952,102.00149831060193,9.6286671159821413,4.3464841528145204,6.3571485752019665,1.5472666841490836,3.118935161250358,204.04096795678782,19.959032043212265,1459.0895518744173,449.91044812558522,449.91044812558522,3154.3071270585028,161.69287294149709,161.69287294149709,16.600000000000001
98.75,12,62.917413344350955,6.7150616467995423,101.91742618717039,9.6174327750627686,4.3433260344683884,6.406766199318402,1.5592273733587063,3.1558214306213244,203.82708562760945,20.17291437239064,1454.6891930755266,454.31080692447597,454.31080692447597,3152.4428073208655,163.55719267913403,163.55719267913403,16.600000000000001
99,12,62.864375444926331,6.7330167490308446,101.8331989406676,9.606070228359135,4.3399800614920752,6.4565575161916735,1.5712013528679543,3.1929919004215566,203.61176783133141,20.388232168668662,1450.2680605730752,458.73193942692728,458.73193942692728,3150.565238070033,165.43476192996633,165.43476192996633,16.600000000000001
99.25,12,62.811415741633674,6.7510351074465085,101.74881627317663,9.5945808852144392,4.3364469814029913,6.5065212843024414,1.5831877005767918,3.2304468753266993,203.39501459511229,20.604985404887799,1445.8263224438479,463.17367755615459,463.17367755615459,3148.674428921398,167.32557107860148,167.32557107860148,16.600000000000001
99.5,12,62.758534245609212,6.7691157844124605,101.66427790169824,9.5829661535668293,4.3327275682499113,6.5566562481616391,1.5951854902583156,3.2681866380650497,203.17682605553051,20.823173944469552,1441.3641498363415,467.6358501636609,467.6358501636609,3146.7703908002172,169.22960919978212,169.22960919978212,16.600000000000001
99.75,12,62.705730966643934,6.7872578326857518,101.57958355823084,9.5712274397866501,4.3288226224465642,6.6069611384371534,1.6071937917766326,3.3062114493221473,202.95720245890459,21.04279754109551,1436.8817169489644,472.11828305103813,472.11828305103813,3144.8531359431363,171.14686405686277,171.14686405686277,16.600000000000001
100,12,62.653005913171498,6.8054602956329955,101.4947329898469,9.5593661485154193,4.3247329705976796,6.6574346720824673,1.6192116713069973,3.3445215476505421,202.73614416159197,21.263855838408123,1432.3792010073203,476.62079899268218,476.62079899268218,3142.9226778993602,173.07732210063941,173.07732210063941,16.600000000000001
100.25,12,62.600359092256404,6.8237222074524642,101.40972595876565,9.5473836825065135,4.3204594653173256,6.7080755524673439,1.6312381915583005,3.3831171493848489,202.51365163026733,21.486348369732763,1427.8567822405605,481.14321775944211,481.14321775944211,3140.9790315314608,175.02096846853829,175.02096846853829,16.600000000000001
100.5,12,62.547790509582619,6.842042593399734,101.32456224242236,9.5352814424676851,4.3160029850395807,6.7588824695104419,1.6432724119978064,3.4219984485621144,202.28972544217908,21.710274557821005,1423.3146438568062,485.68535614319637,485.68535614319637,3139.0222130158336,176.9777869841659,176.9777869841659,16.600000000000001
100.75,12,62.495300169442338,6.8604204700161828,101.23924163353357,9.5230608269054375,4.311364433822388,6.8098540998137098,1.6553133890774103,3.4611656168474645,202.06436628538557,21.935633714614497,1418.7529720177458,490.24702798225667,490.24702798225667,3137.0522398427952,178.94776015720382,178.94776015720382,16.600000000000001
101,12,62.442888074725296,6.8788548453612464,101.15376394015892,9.5107232319713422,4.3065447411434175,6.860989106798753,1.6673601764623196,3.5006188034652248,201.83757495896927,22.162425041030801,1414.1719558122634,494.82804418773929,494.82804418773929,3135.0691308163223,180.93086918367686,180.93086918367686,16.600000000000001
101.25,12,62.390554226908272,6.8973447192477764,101.06812898575902,9.498270051310298,4.3015448616887202,6.9122861408449863,1.6794118252614798,3.5403581351354769,201.60935237322946,22.390647626770615,1409.5717872291921,499.42821277081032,499.42821277081032,3133.072906053419,182.92709394658036,182.92709394658036,16.600000000000001
101.5,12,62.338298626044995,6.915889083480617,100.98233660924957,9.4857026759108454,4.2963657751339905,6.9637438394296014,1.6914673842598562,3.5803837160161094,201.37969954985346,22.62030045014664,1404.9526611291744,504.04733887082841,504.04733887082841,3131.0635869831267,184.93641301687222,184.93641301687222,16.600000000000001
101.75,12,62.286121270756396,6.9344869220985865,100.89638666505175,9.4730224939574903,4.2910084859182076,7.0153608272693688,1.7035259001527483,3.6206956276504201,201.14861762206556,22.851382377934513,1400.3147752155912,508.68522478441133,508.68522478441133,3129.0411963451629,186.95880365483623,186.95880365483623,16.600000000000001
102,12,62.234022158221215,6.9531372116184968,100.81027902313863,9.4602308906853292,4.2854740230111217,7.0671357164638851,1.7155864177807438,3.6612939289202622,200.91610783475559,23.083892165244492,1395.6583300047535,513.34166999524928,513.34166999524928,3127.0057581882079,188.99424181179131,188.99424181179131,16.600000000000001
102.25,12,62.182001284166958,6.9718389212826901,100.72401356907795,9.4473292482367821,4.2797634396729602,7.1190671066406663,1.7276479803668001,3.7021786560048278,200.68217154458443,23.317828455415661,1390.9835287951387,518.01647120486405,518.01647120486405,3124.9572978678198,191.0427021321795,191.0427021321795,16.600000000000001
102.5,12,62.130058642861208,6.9905910133092544,100.63759020407073,9.4343189455205447,4.2738778132072088,7.171153585101834,1.7397096297545942,3.743349822345079,200.44681022006813,23.553189779931948,1386.2905776357964,522.70942236420649,522.70942236420649,3122.8958420439817,193.10415795601753,193.10415795601753,16.600000000000001
102.75,12,62.078194227103353,7.0093924431449439,100.55100884498621,9.4212013580728566,4.2678182447064907,7.22339372697241,1.7517704066481594,3.7848074186138438,200.21002544164006,23.789974558360019,1381.5796852939061,527.42031470609663,527.42031470609663,3120.8214186782861,195.1785813217131,195.1785813217131,16.600000000000001
103,12,62.026408028216579,7.0282421597212013,100.46426942439302,9.4079778579207094,4.2615858587911708,7.2757860953503943,1.7638293508532707,3.826551412691408,199.97181890169105,24.028181098309023,1376.8510632214602,532.14893677854252,532.14893677854252,3118.7340570307565,197.26594296924259,197.26594296924259,16.600000000000001
103.25,12,61.974700036040339,7.0471391057116648,100.37737189058591,9.3946498134481562,4.2551818033420226,7.3283292414578804,1.7758855015187498,3.8685817496472601,199.73219240458741,24.267807595412656,1372.104925521217,536.89507447878577,536.89507447878577,3116.6337876562957,199.36621234370304,199.36621234370304,16.600000000000001
103.5,12,61.923070238923131,7.0660822177925802,100.29031620760895,9.3812185892646589,4.2486072492258176,7.3810217047938709,1.7879378973793041,3.9108983517273903,199.49114786666701,24.508852133333075,1367.3414889117971,541.65851108820561,541.65851108820561,3114.5206424007742,201.47935759922456,201.47935759922456,16.600000000000001
103.75,12,61.871518623715723,7.0850704269055731,100.20310235527458,9.3676855460758937,4.2418633900143021,7.433862013288568,1.7999855769992825,3.953501118347353,199.24868731621314,24.751312683786949,1362.5609726919745,546.43902730802813,546.43902730802813,3112.3946543967518,203.6053456032472,203.6053456032472,16.600000000000001
104,12,61.820045175764655,7.1041026585225291,100.11573032917887,9.3540520405570771,4.2349514416967713,7.4868486834590211,1.8120275790170877,3.9963899260911577,199.00481289340652,24.995187106593541,1357.7635987041876,551.23640129581474,551.23640129581474,3110.255858058837,205.74414194116181,205.74414194116181,16.600000000000001
104.25,12,61.768649878906203,7.1231778329131785,100.02820014071281,9.3403194252282589,4.2278726423859236,7.5399802205664868,1.8240629423909283,4.0395646287155653,198.75952685025581,25.240473149744282,1352.9495912972375,556.05040870276514,556.05040870276514,3108.1042890787016,207.89571092129734,207.89571092129734,16.600000000000001
104.5,12,61.717332715460699,7.1422948654137484,99.940511817069492,9.3264890483330412,4.2206282520179892,7.5932551187745743,1.8360907066440411,4.0830250571608397,198.51283155050476,25.487168449495311,1348.1191772882796,560.880822711723,560.880822711723,3105.9399844197051,210.06001558029374,210.06001558029374,16.600000000000001
104.75,12,61.666093666227255,7.1614526666976506,99.852665401247108,9.3125622537197597,4.2132195520466187,7.6466718613087714,1.8481099121104843,4.1267710195672507,198.2647294695181,25.73527053048198,1343.2725859240613,565.72741407594106,565.72741407594106,3103.7629823111674,212.23701768883132,212.23701768883132,16.600000000000001
105,12,61.614932710478868,7.1806501430482852,99.764660952048246,9.2985403807249511,4.2056478451305361,7.7002289206174108,1.8601196001816622,4.170802301297174,198.01522319414514,25.984776805854942,1338.4100488413983,570.58995115860432,570.58995115860432,3101.57332224229,214.42667775770877,214.42667775770877,16.600000000000001
105.25,12,61.563849825957931,7.1998861966333276,99.676498544075173,9.2844247640596471,4.1979144548153755,7.7539247585337669,1.8721188135528388,4.2151186649631764,197.76431542256159,26.235684577438466,1333.5318000269397,575.46819997306295,575.46819997306295,3099.3710449557166,216.62895504428241,216.62895504428241,16.600000000000001
105.5,12,61.512844988872104,7.2191597257811191,99.588178267721133,9.2702167336978913,4.1900207252093571,7.8077578264395866,1.8841065964703527,4.2597198504616518,197.51200896408983,26.487991035910255,1328.6380757761849,580.36192422381782,580.36192422381782,3097.1561924407483,218.84380755925039,218.84380755925039,16.600000000000001
105.75,12,61.461918173890545,7.2384696252580225,99.499700229157639,9.2559176147683573,4.1819680206535832,7.8617265654295396,1.8960819949782817,4.3046055750125776,197.25830673899657,26.741693261003512,1323.7291146518428,585.27088534816005,585.27088534816005,3094.9288079262005,221.07119207379822,221.07119207379822,16.600000000000001
106,12,61.411069354140736,7.2578147865465485,99.411064550317434,9.241528727449122,4.1737577253871745,7.9158294064764769,1.9080440571643018,4.3497755332054622,197.00321177826876,26.996788221731308,1318.8051574415565,590.194842558446,590.194842558446,3092.6889358728945,223.3110641271042,223.3110641271042,16.600000000000001
106.25,12,61.360298501205413,7.2771940981255012,99.322271368873928,9.2270513868645381,4.1653912432064253,7.9700647705981762,1.9199918334062454,4.3952293970506746,196.74672722336808,27.253272776631995,1313.8664471149041,595.13355288509888,595.13355288509888,3090.43662196582,225.56337803417864,225.56337803417864,16.600000000000001
106.5,12,61.309605585120181,7.2966064457509461,99.233320838216301,9.212486902985086,4.1568699971188572,8.0244310690249847,1.9319243766179601,4.4409668160367852,196.48885632596341,27.511143674036653,1308.9132287797688,600.08677122023369,600.08677122023369,3088.1719131059463,227.82808689405243,227.82808689405243,16.600000000000001
106.75,12,61.258990574371303,7.3160507127385328,99.144213127421054,9.197836580529799,4.1481954289918095,8.0789267033686087,1.9438407424951127,4.4869874171936006,196.22960244764212,27.770397552357945,1303.9457496380489,605.05425036195356,605.05425036195356,3085.8948574016918,230.10514259830694,230.10514259830694,16.600000000000001
107,12,61.208453435894008,7.3355257802468623,99.054948421219251,9.1831017188713755,4.1393689991958613,8.1335500657919511,1.9557399897605923,4.5332908051609593,195.96896905959952,28.031030940400555,1298.9642589407279,610.03574105927487,610.03574105927487,3083.6055041600566,232.39449583994192,232.39449583994192,16.600000000000001
107.25,12,61.157994135071185,7.355030527560185,98.965526919959785,9.1682836119448758,4.1303921862445065,8.1882995391792992,1.9676211804076444,4.5798765622638751,195.70695974230685,28.293040257693228,1293.9690079424881,615.03099205751448,615.03099205751448,3081.3039038774123,234.69609612258654,234.69609612258654,16.600000000000001
107.5,12,61.107612635732508,7.3745638323730249,98.875948839568878,9.1533835481585157,4.1212664864280493,8.2431734973079536,1.9794833799436213,4.6267442485929733,195.44357818515817,28.556421814841897,1288.9602498556183,620.03975014438424,620.03975014438424,3078.9901082299616,237.00989177003694,237.00989177003694,16.600000000000001
107.75,12,61.057308900153899,7.3941245710749532,98.78621441150554,9.138402810307463,4.1119934134431766,8.2981703050205642,1.9913256576324068,4.6738934020908474,195.17882818609601,28.821171813904076,1283.9382398033881,625.06176019661427,625.06176019661427,3076.6641700638743,239.33582993612467,239.33582993612467,16.600000000000001
108,12,61.007082889057415,7.41371161903598,98.696323882713187,9.1233426754903988,4.1025744980178809,8.3532883183983841,2.003147086736027,4.7213235386441097,194.9127136512158,29.087286348784311,1278.9032347728544,630.09676522714813,630.09676522714813,3074.3261433850862,241.67385661491227,241.67385661491227,16.600000000000001
108.25,12,60.956934561611568,7.4333238508928812,98.606277515567527,9.1082044150286467,4.0930112875314562,8.4085258849355053,2.0149467447558291,4.7690341521810309,194.64523859434928,29.354761405650805,1273.8554935670595,635.1445064329431,635.1445064329431,3071.9760833487835,244.02391665121499,244.02391665121499,16.600000000000001
108.5,12,60.90686387543203,7.4529601408337776,98.516075587820126,9.0929892943888202,4.0833053456321027,8.4638813437133233,2.0267237136703495,4.8170247147752683,194.37640713662782,29.623592863372284,1268.7952767569379,640.20472324306445,640.20472324306445,3069.614046248571,246.38595375142759,246.38595375142759,16.600000000000001
108.75,12,60.856870786582768,7.4726193628841449,98.425718392538556,9.0776985731077673,4.0734582518492211,8.5193530255761551,2.0384770801733163,4.8652946767549743,194.10622350602421,29.89377649397586,1263.7228466325703,645.27715336743211,645.27715336743211,3067.2400895053247,248.75991049467393,248.75991049467393,16.600000000000001
109,12,60.806955249577527,7.4923003911924901,98.335206238042502,9.0623335047204545,4.0634716012021022,8.574939253307484,2.0502059359098856,4.9138434668175712,193.83469203687477,30.165307963125318,1258.6384671539902,650.36153284601232,650.36153284601232,3064.8542716557349,251.1457283442636,251.1457283442636,16.600000000000001
109.25,12,60.757117217381769,7.5120021003158763,98.244539447836104,9.0468953366906391,4.0533470038048582,8.6306383418069217,2.0619093777113395,4.9626704921501341,193.56181716938036,30.438182830619766,1253.54240390153,655.45759609847244,655.45759609847244,3062.4566523405429,253.54334765945501,253.54334765945501,16.600000000000001
109.5,12,60.707356641414947,7.5317233655060818,98.153718360536658,9.0313853103442092,4.0430860844668315,8.6864485982679902,2.0735865078290732,5.0117751385552509,193.28760344908707,30.712396550913034,1248.4349240256088,660.56507597439372,660.56507597439372,3060.0472922924646,255.95270770753356,255.95270770753356,16.600000000000001
109.75,12,60.657673471553309,7.5514630629933288,98.062743329799304,9.015804660805621,4.0326904822916552,8.7423683223561461,2.0852364341647251,5.0611567705825458,193.01205552634832,30.987944473651773,1243.3162961963512,665.6837038036515,665.6837038036515,3057.626253323845,258.3737466761533,258.3737466761533,16.600000000000001
110,12,60.608067656132945,7.5712200702705719,97.971614724238336,9.0001546169369604,4.0221618502719547,8.7983958063876262,2.0968582704995442,5.1108147316655819,192.73517815576605,31.264821844234049,1238.1867905526688,670.81320944733386,670.81320944733386,3055.193598314012,260.80640168598632,260.80640168598632,16.600000000000001
110.25,12,60.558539141953347,7.5909932663771267,97.880332927344469,8.9844364012797548,4.0115018548809651,8.8545293355088717,2.1084511367217611,5.1607483442641815,192.45697619561258,31.543023804387509,1233.0466786509583,675.95332134904424,675.95332134904424,3052.7493911963402,263.25060880365754,263.25060880365754,16.600000000000001
110.5,12,60.509087874281306,7.6107815321813943,97.788898337398763,8.9686512299995496,4.0007121756613566,8.9107671878764609,2.1200141590517236,5.210956910012138,192.17745460723319,31.822545392766941,1227.896233413454,681.10376658654832,681.10376658654832,3050.2936969450393,265.70630305495882,265.70630305495882,16.600000000000001
110.75,12,60.45971379685524,7.6305837506635612,97.697311367382767,8.9528003128332259,3.9897945048103449,8.9671076348376921,2.1315464702656994,5.2614397098702756,191.89661845442839,32.103381545571722,1222.7357290761167,686.26427092388553,686.26427092388553,3047.8265815616405,268.17341843835777,268.17341843835777,16.600000000000001
111,12,60.410416851889885,7.6503988071959617,97.605572444885013,8.9368848530390359,3.9787505467636852,9.0235489411114909,2.1430472099160358,5.3121960042847345,191.61447290281893,32.385527097181189,1217.5654411363828,691.43455886361983,691.43455886361983,3045.3481120612528,270.6518879387454,270.6518879387454,16.600000000000001
111.25,12,60.361196980081424,7.6702255898225662,97.513682012004281,8.920906047349332,3.9675820177769383,9.0800893649698029,2.1545155245491898,5.3632250333504574,191.33102321919128,32.668976780808833,1212.3856463005723,696.61435369943013,696.61435369943013,3042.8583564585456,273.14164354145231,273.14164354145231,16.600000000000001
111.5,12,60.31205412061292,7.6900629895376644,97.421640525249003,8.9048650859259624,3.956290645504017,9.1367271584194985,2.1659505679216671,5.4145260169798552,191.04627477082454,32.953725229175568,1207.1966224309583,701.80337756904419,701.80337756904419,3040.3573837534632,275.64261624653489,275.64261624653489,16.600000000000001
111.75,12,60.262988211160277,7.7099099005630025,97.329448455433436,8.8887631523183135,3.944878168573823,9.1934605673846566,2.1773515012131792,5.4660981550765717,190.76023302479899,33.239766975201121,1201.9986484925926,707.00135150741005,707.00135150741005,3037.845263916689,278.15473608330927,278.15473608330927,16.600000000000001
112,12,60.213999187898395,7.7297652206236398,97.237106287570313,8.8726014234241095,3.9333463361646803,9.2502878318892421,2.1887174932372617,5.5179406277143928,190.47290354728614,33.527096452713977,1196.7920044998541,712.20799550014863,712.20799550014863,3035.3220678748544,280.67793212514448,280.67793212514448,16.600000000000001
112.25,12,60.165086985507941,7.749627851221728,97.144614520760058,8.8563810694525316,3.9216969075777008,9.3072071862401682,2.2000477206486742,5.5700525953208553,190.18429200282202,33.81570799717808,1191.5769714628618,717.42302853714068,717.42302853714068,3032.7878674955305,283.21213250446766,283.21213250446766,16.600000000000001
112.5,12,60.116251537182265,7.7694966979088509,97.051973668076982,8.8401032538900726,3.909931651808193,9.3642168592106874,2.2113413681481289,5.6224331988659273,189.89440415356236,34.10559584643778,1186.3538313336376,722.64616866636504,722.64616866636504,3030.2427355719783,285.75726442802011,285.75726442802011,16.600000000000001
112.75,12,60.067492774634871,7.7893706705564929,96.95918425645182,8.8237691334688684,3.8980523471157182,9.4213150742241218,2.2225976286839941,5.6750815600554718,189.60324585852018,34.396754141479946,1181.1228669520924,727.87713304791009,727.87713304791009,3027.6867458076608,288.31325419233781,288.31325419233781,16.600000000000001
113,12,60.018810628107168,7.8092486836249,96.866246826551247,8.8073798581375993,3.8860607805925382,9.4785000495378711,2.2338157036512238,5.7279967815295212,189.31082307278652,34.689176927213609,1175.8843619918105,733.11563800819192,733.11563800819192,3025.1199728005345,290.8800271994636,290.8800271994636,16.600000000000001
113.25,12,59.970205026376604,7.8291296564301947,96.77316193265402,8.7909365710348837,3.8739587477306325,9.5357699984277566,2.2449948030874265,5.7811779470652853,189.01714184673338,34.98285815326674,1170.6386009056453,738.36139909435713,738.36139909435713,3022.5424920271143,293.45750797288372,293.45750797288372,16.600000000000001
113.5,12,59.921675896765223,7.8490125134078461,96.679930142524299,8.7744404084648586,3.861748051989617,9.5931231293725254,2.2561341458642117,5.8346241217844907,188.72220832520247,35.277791674797655,1165.3858688714172,743.61413112858543,743.61413112858543,3019.9543798263753,296.04562017362286,296.04562017362286,16.600000000000001
113.75,12,59.873223165148517,7.868896184375143,96.586552037281677,8.7578924998753269,3.8494305043624264,9.6505576462386617,2.2672329598764396,5.888334352365467,188.42602874667591,35.573971253324231,1160.1264517373256,748.87354826267688,748.87354826267688,3017.3557133834156,298.64428661658224,298.64428661658224,16.600000000000001
114,12,59.824846755964657,7.8887796047909795,96.493028211268197,8.7412939678382209,3.8370079229408365,9.708071748465386,2.2782904822277326,5.942307667259616,188.12860944243138,35.871390557568738,1154.8606359673329,754.13936403266973,754.13936403266973,3014.7465707129372,301.2534292870605,301.2534292870605,16.600000000000001
114.25,12,59.776546592224108,7.9086617160134232,96.399359271912331,8.7246459280325404,3.8244821324801865,9.7656636312498204,2.2893059594126726,5.9965430769124417,187.82995683568103,36.170043164319061,1149.5887085864324,759.41129141356998,759.41129141356998,3012.1270306425154,303.87296935748242,303.87296935748242,16.600000000000001
114.5,12,59.7283225955196,7.9285414655544315,96.305545839590067,8.7079494892293887,3.8118549639643282,9.8233314857323268,2.3002786474952108,6.0510395739886613,187.53007744069558,36.469922559304514,1144.3109571259401,764.68904287406224,764.68904287406224,3009.4971727957095,306.50282720428788,306.50282720428788,16.600000000000001
114.75,12,59.680174686036402,7.9484178073317153,96.211588547483402,8.6912057532790428,3.799128254170824,9.8810734991820954,2.3112078122832713,6.1057961336013529,187.22897786191376,36.771022138086344,1139.0276695688001,769.97233043120229,769.97233043120229,3006.8570775750163,309.14292242498146,309.14292242498146,16.600000000000001
115,12,59.632102782562946,7.968289701918124,96.117488041435678,8.6744158151004669,3.7863038452357842,9.9388878551827542,2.3220927294998543,6.1608117135454608,186.92666479303628,37.073335206963812,1133.7391342948331,775.26086570516941,775.26086570516941,3004.206826144627,311.79317385537081,311.79317385537081,16.600000000000001
115.25,12,59.584106802501871,7.9881561167880752,96.02324497980436,8.6575807626728682,3.7733835842191321,9.9967727338181298,2.3329326849502721,6.2160852545352343,186.6231450161055,37.376854983894617,1128.4456400260249,780.55435997397763,780.55435997397763,3001.5465004130392,314.4534995869588,314.4534995869588,16.600000000000001
115.5,12,59.536186661881274,8.0080160265616325,95.928860033310912,8.6407016770296252,3.7603693226694856,10.054726311858055,2.3437269746860654,6.2716156804458665,186.31842540056957,37.681574599430583,1123.1474757717547,785.85252422824806,785.85252422824806,2998.8761830154799,317.12381698451776,317.12381698451776,16.600000000000001
115.75,12,59.488342275366435,8.0278684132444482,95.834333884888323,8.6237796322537417,3.7472629161911373,10.11274676294431,2.3544749051640164,6.3274018985584837,186.01251290233486,37.98748709766528,1117.8449307742637,791.15506922573866,791.15506922573866,2996.1959572962423,319.80404270375561,319.80404270375561,16.600000000000001
116,12,59.440573556271737,8.0477122664649645,95.73966722952602,8.6068156954754986,3.7340662240112397,10.170832257776633,2.3651757934015407,6.3834427998090675,185.70541456280415,38.294585437195998,1112.538294454137,796.46170554586558,796.46170554586558,2993.5059072908562,322.49409270914157,322.49409270914157,16.600000000000001
116.25,12,59.392880416572986,8.0675465837085305,95.644860774112217,8.5898109268720866,3.7207811085477527,10.228980964298724,2.3758289671281387,6.4397372590410775,185.39713750790088,38.602862492099263,1107.2278563558593,801.77214364414351,801.77214364414351,2990.8061177081295,325.19388229186808,325.19388229186808,16.600000000000001
116.5,12,59.345262766920015,8.0873703705481574,95.54991523727378,8.572766379669142,3.7074094349785027,10.287191047884253,2.3864337649327081,6.4962841352616172,185.08768894708081,38.912311052919314,1101.9139060934958,807.08609390650645,807.08609390650645,2988.0966739120599,327.90332608793813,327.90332608793813,16.600000000000001
116.75,12,59.297720516649676,8.1071826408722174,95.454831349213549,8.5556831001443729,3.6939530708109718,10.345460671522833,2.3969895364069873,6.553082271901288,184.77707617233,39.22292382767013,1096.5967332964458,812.40326670355671,812.40326670355671,2985.377661903608,330.62233809639014,330.62233809639014,16.600000000000001
117,12,59.250253573798993,8.1269824171076941,95.359609851545898,8.5385621276323018,3.6804138854549748,10.403787996006113,2.4074956422839318,6.6101304970767778,184.46530655715276,39.534693442847377,1091.2766275555282,817.72337244447431,817.72337244447431,2982.6491683024269,333.35083169757115,333.35083169757115,16.600000000000001
117.25,12,59.202861845118726,8.1467687304404812,95.264251497129663,8.5214044945311773,3.6667937497959517,10.46217118011374,2.4179514545723588,6.6674276238571073,184.15238755554614,39.847612444453979,1085.9538783691314,823.04612163087097,823.04612163087097,2979.9112803284456,336.08871967155233,336.08871967155233,16.600000000000001
117.5,12,59.155545236087214,8.1665406210318956,95.168757049898943,8.5042112263114706,3.6530945357701974,10.520608380799294,2.42835635668715,6.7249724505329311,183.83832670096317,40.161673299036963,1080.6287750895799,828.37122491042271,828.37122491042271,2977.164085783369,338.83591421662919,338.83591421662919,16.600000000000001
117.75,12,59.108303650924505,8.1862971382316196,95.073127284691779,8.4869833415262121,3.6393181159416694,10.579097753376065,2.4387097435751723,6.7827637608890887,183.52313160526381,40.476868394736329,1075.3016068696752,833.6983931303273,833.6983931303273,2974.4076730320717,341.59232696792594,341.59232696792594,16.600000000000001
118,12,59.061136992606741,8.2060373407868497,94.977362987076631,8.4697218518228663,3.6254663630808519,10.637637451702767,2.4490110218367573,6.8408003244801039,183.20680995765528,40.79319004234484,1069.9726626094725,839.02733739052974,839.02733739052974,2971.6421309839193,344.35786901607878,344.35786901607878,16.600000000000001
118.25,12,59.014045162880848,8.2257602970468788,94.881464953177471,8.4524277619561179,3.6115411497469108,10.696225628369314,2.4592596098423107,6.8990808969078614,182.88936952362351,41.110630476376592,1064.6422309034403,844.35776909656215,844.35776909656215,2968.867549074062,347.13245092593581,347.13245092593581,16.600000000000001
118.5,12,58.967028062279525,8.2454650851643514,94.785433989496411,8.4351020698026939,3.5975443478712137,10.754860434882293,2.4694549378447581,6.9576042201026214,182.57081814385248,41.429181856147672,1059.3105999877655,849.68940001223689,849.68940001223689,2966.084017244626,349.91598275537194,349.91598275537194,16.600000000000001
118.75,12,58.920085590136381,8.2651507932922428,94.68927091273477,8.4177457663774007,3.5834778283436752,10.813540021850372,2.4795964480873214,7.0163690226064537,182.25116373313389,41.748836266866242,1053.9780576879884,855.02194231201395,855.02194231201395,2963.2916259258536,352.70837407414416,352.70837407414416,16.600000000000001
119,12,58.873217644601546,8.2848165197771255,94.592976549612089,8.4003598358508249,3.5693434606011492,10.872262539169421,2.4896835949070186,7.0753740198594892,181.93041427926667,42.069585720733443,1048.6448913668687,860.35510863313368,860.35510863313368,2960.4904660171751,355.50953398282246,355.50953398282246,16.600000000000001
119.25,12,58.826424122657329,8.3044613733477721,94.49655173668377,8.3829452555678952,3.5551431122194641,10.931026136207608,2.499715844833112,7.1346179144881372,181.6085778419482,42.391422158051924,1043.3113878726731,865.68861212732941,865.68861212732941,2957.6806288682724,358.31937113172529,358.31937113172529,16.600000000000001
119.5,12,58.779704920134208,8.3240844732994894,94.399997320157141,8.3655029960676224,3.5408786485084551,10.989828961990291,2.5096926766808818,7.194099396595603,181.28566255165663,42.714337448343493,1037.9778334878085,871.02216651219385,871.02216651219385,2954.8622062601112,361.13779373988638,361.13779373988638,16.600000000000001
119.75,12,58.733059931727112,8.3436849496744117,94.303314155705735,8.3480340211042474,3.5265519321096512,11.048669165384652,2.5196135816409502,7.2538171440547536,180.96167660852413,43.038323391475991,1032.6445138777619,876.35548612224045,876.35548612224045,2952.0352903859307,363.96470961406726,363.96470961406726,16.600000000000001
120,12,58.68648905101179,8.3632619434373829,94.206503108282277,8.3305392876694597,3.5121648225973252,11.107544895284104,2.5294780633638068,7.3137698228030192,180.63662828120181,43.363371718798298,1027.3117140404274,881.68828595957507,881.68828595957507,2949.1999738322152,366.80002616778285,366.80002616778285,16.600000000000001
120.25,12,58.639992170461674,8.3828146066477078,94.109565051929835,8.3130197460160904,3.4977191760822897,11.166454300792308,2.5392856380397588,7.373956087139705,180.31052590571556,43.68947409428452,1021.9797182557508,887.02028174425175,887.02028174425175,2946.3563495596227,369.64365044037521,369.64365044037521,16.600000000000001
120.5,12,58.593569181464616,8.4023421026258376,94.012500869592358,8.2954763396819455,3.4832168448204563,11.225395531407209,2.5490358344738224,7.4343745800242029,179.98337788431692,44.016622115683177,1016.6488100359292,892.35118996407334,892.35118996407334,2943.5045108839799,372.49548911601812,372.49548911601812,16.600000000000001
120.75,12,58.547219974340159,8.4218436061158748,93.915311452923547,8.2779100055149932,3.4686596768243865,11.284366737204648,2.5587281941560072,7.4950239333764168,179.65519268432516,44.344807315674949,1011.3192720759574,897.68072792404507,897.68072792404507,2940.6445514572411,375.35544854275673,375.35544854275673,16.600000000000001
121,12,58.500944438356811,8.4413183034434951,93.817997702094601,8.2603216736994955,3.4540495154785926,11.343366069021677,2.5683622713268184,7.5559027683788109,179.32597883696269,44.674021163037395,1005.9913862046078,903.00861379539469,903.00861379539469,2937.7765652484613,378.2234347515365,378.2234347515365,16.600000000000001
121.25,12,58.454742461749589,8.4607653926693356,93.720560525600831,8.2427122677830003,3.4393881991586368,11.402391678639503,2.5779376330379948,7.6170096957800189,178.9957449361838,45.004255063816331,1000.6654333358534,908.33456666414907,908.33456666414907,2934.9006465247785,381.09935347521963,381.09935347521963,16.600000000000001
121.5,12,58.408613931737847,8.4801840837378748,93.623000840067036,8.2250827047043629,3.4246775608539077,11.461441718966073,2.5874538592085474,7.6783433162000749,178.66449963749594,45.335500362504206,995.34169342072016,913.65830657928234,913.65830657928234,2932.0168898324036,383.98311016759442,383.98311016759442,16.600000000000001
121.75,12,58.362558734543128,8.4995735986210867,93.525319570052389,8.2074338948216461,3.409919427795701,11.520514344218503,2.596910542675658,7.7399022204360914,178.33225165677828,45.667748343221859,990.02044539975373,918.97955460024878,918.97955460024878,2929.125389977708,386.87461002228991,386.87461002228991,16.600000000000001
122,12,58.316576755407304,8.5189331714577978,93.427517647854287,8.1897667419413285,3.3951156210886677,11.57960771010497,2.6063072892410228,7.8016849897697202,177.99900976909248,46.000990230907661,984.70196715588088,924.29803284412162,924.29803284412162,2926.2262420082993,389.77375799169829,389.77375799169829,16.600000000000001
122.25,12,58.270667878610858,8.5382620486881518,93.329596013311132,8.1720821433479269,3.3802679553468598,11.638719974006264,2.6156437177123255,7.8636901962754875,177.66478280748882,46.335217192511308,979.38653546780677,929.61346453219574,929.61346453219574,2923.3195411941579,392.68045880583992,392.68045880583992,16.600000000000001
122.5,12,58.224831987491406,8.5575594891834452,93.231555613604485,8.1543809898344755,3.3653782383339137,11.697849295156821,2.6249194599399366,7.9259164031303637,177.3295796618068,46.670420338193352,974.07442596389683,934.92557403610567,934.92557403610567,2920.4053830088028,395.59461699119549,395.59461699119549,16.600000000000001
122.75,12,58.179068964462239,8.5768247643710325,93.133397403060457,8.1366641657333094,3.3504482706080658,11.756993834825408,2.6341341608487858,7.9883621649239531,176.9934092774715,47.006590722528635,968.76591307662056,940.23408692338194,940.23408692338194,2917.4838631105335,398.51613688946452,398.51613688946452,16.600000000000001
123,12,58.133378691031176,8.596057158354192,93.035122342951027,8.1189325489468516,3.3354798451723813,11.816151756495454,2.6432874784653753,8.0510260279688985,176.65628065428754,47.343719345712586,963.46126999760497,945.53873000239753,945.53873000239753,2914.5550773237737,401.44492267622445,401.44492267622445,16.600000000000001
123.25,12,58.087761047819427,8.6152559680273608,92.936731401294196,8.1011870109792969,3.3204747471291864,11.87532122604479,2.6523790839400814,8.1139065306124305,176.31820284522726,47.681797154772887,958.16076863318028,950.83923136682222,950.83923136682222,2911.6191216204443,404.38087837955391,404.38087837955391,16.600000000000001
123.5,12,58.04221591458068,8.6344205031863819,92.838225552654137,8.0834284169684825,3.305434753339596,11.934500411924917,2.6614086615646571,8.1770022035481968,175.97918495521606,48.020815044784072,952.86467956052127,956.13532043948123,956.13532043948123,2908.6760921014347,407.32390789856356,407.32390789856356,16.600000000000001
123.75,12,57.996743170220334,8.6535500866340094,92.739605777940369,8.0656576257184174,3.2903616320875995,11.993687485339695,2.6703759087849686,8.2403115701289362,175.63923613991366,48.360763860086479,947.57327198432404,961.42672801567846,961.42672801567846,2905.7260849781273,410.27391502187101,410.27391502187101,16.600000000000001
124,12,57.951342692814812,8.6726440542802212,92.640873064207327,8.0478754897314619,3.2752571427499437,12.052880620423613,2.6792805362090046,8.3038331466786346,175.29836560449397,48.701634395506176,942.28681369416086,966.71318630584165,966.71318630584165,2902.7691965540644,413.2308034459341,413.2308034459341,16.600000000000001
124.25,12,57.906014359630987,8.6917017552377018,92.542028404453433,8.0300828552407992,3.2601230354710431,12.112077994419526,2.6881222676101557,8.367565442805029,174.95658260242234,49.043417397577784,937.00557102241964,971.99442897758286,971.99442897758286,2899.8055232067013,416.19447679329716,416.19447679329716,16.600000000000001
124.5,12,57.860758047145737,8.7107225519123741,92.443072797419944,8.0122805622432427,3.2449610508429729,12.171277787855725,2.6969008399258034,8.4315069617123051,174.61389643423013,49.386103565770014,931.72980880284535,977.27019119715715,977.27019119715715,2896.8351613692548,419.16483863074319,419.16483863074319,16.600000000000001
124.75,12,57.815573631065654,8.7297058200889985,92.344007247389669,7.9944694445321067,3.2297729195908476,12.230478184722454,2.7056160032512131,8.4956562005136895,174.27031644628721,49.729683553712903,926.45979032971024,982.54020967029226,982.54020967029226,2893.8582075126642,422.14179248733376,422.14179248733376,16.600000000000001
125,12,57.77046098634677,8.7486509490118465,92.244832763985499,7.9766503297305258,3.2145603622632439,12.28967737264767,2.7142675208287241,8.5600116505443147,173.92585202957233,50.074147970427795,921.19577731758181,987.80422268242069,987.80422268242069,2890.8747581276384,425.12524187235954,425.12524187235954,16.600000000000001
125.25,12,57.725419987214444,8.7675573414602344,92.145550361969555,7.9588240393237237,3.1993250889291898,12.348873543072466,2.7228551690324947,8.6245717976725587,173.58051261844474,50.419487381555406,915.93802986185062,993.06197013815188,993.06197013815188,2887.8849097069074,428.11509029309076,428.11509029309076,16.600000000000001
125.5,12,57.680450507183238,8.7864244138192049,92.046161061042085,7.9409913886919066,3.1840687988800682,12.408064891425628,2.7313787373485514,8.689335122611741,173.2343076894133,50.765692310586836,910.68680639984075,998.31319360016175,998.31319360016175,2884.8887587275512,431.11124127244722,431.11124127244722,16.600000000000001
125.75,12,57.635552419076994,8.8052515961452258,91.94666588564067,7.9231531871429821,3.1687931803372869,12.467249617297561,2.7398380283503077,8.7543001012311841,172.88724675990545,51.112753240094698,905.44236367259907,1003.5576363274034,1003.5576363274034,2881.8864016334719,434.11359836652611,434.11359836652611,16.600000000000001
126,12,57.590725595048845,8.8240383322269036,91.847065864739534,7.9053102379450575,3.1534999101657561,12.526425924613493,2.7482328576695871,8.8194652048665532,172.53933938703577,51.460660612964382,900.20495668736601,1008.7950433126365,1008.7950433126365,2878.8779348180151,437.12206518198269,437.12206518198269,16.600000000000001
126.25,12,57.545969906601435,8.8427840796408272,91.747362031648834,7.8874633383595469,3.138190653592444,12.585592021805795,2.7565630539629433,8.884828900630426,172.19059516637262,51.809404833627511,894.97483868065251,1014.0251613193499,1014.0251613193499,2875.8634546066764,440.13654539332168,440.13654539332168,16.600000000000001
126.5,12,57.50128522460718,8.8614883098024162,91.647555423814509,7.8696132796735112,3.1228670639313028,12.644746121985641,2.7648284588737186,8.9503896517213075,171.84102373070678,52.158976269293341,889.7522610820622,1019.2477389179402,1019.2477389179402,2872.8430572400016,443.15694275999653,443.15694275999653,16.600000000000001
126.75,12,57.456671419328352,8.8801505080117042,91.547647082619719,7.8517608472305245,3.1075307823152483,12.703886443114222,2.7730289269900545,9.0161459177302135,171.49063474882414,52.509365251175964,884.53747347892522,1024.4625265210771,1024.4625265210771,2869.8168388567369,446.18316114326126,446.18316114326126,16.600000000000001
127,12,57.412128360437471,8.8987701734943645,91.447638053185543,7.8339068204627873,3.0921834374326855,12.763011208172749,2.781164325798132,9.0820961549480934,171.13943792427503,52.86056207572507,879.33072358148991,1029.6692764185125,1029.6692764185125,2866.7848954770247,449.21510452297326,449.21510452297326,16.600000000000001
127.25,12,57.367655917037581,8.9173468194377854,91.347529384172603,7.8160519729223843,3.0768266452705335,12.822118645331772,2.7892345356312629,9.1482388166714284,170.78744299414629,53.21255700585381,874.13225718887361,1034.8677428111287,1034.8677428111287,2863.7473229858074,452.25267701419034,452.25267701419034,16.600000000000001
127.5,12,57.323253957682638,8.9358799730222387,91.247322127583431,7.7981970723122611,3.0614620088632902,12.881206988119619,2.7972394496146955,9.2145723535066963,170.43465972783483,53.565340272165294,868.94231815572641,1040.057681844276,1040.057681844276,2860.704217116398,455.29578288359994,455.29578288359994,16.600000000000001
127.75,12,57.278922350397949,8.9543691754470363,91.147017338564623,7.7803428805175612,3.0460911180476371,12.940274475589867,2.8051789736056922,9.2810952136746021,170.08109792582025,53.918902074179861,863.76114835956173,1045.2388516404408,1045.2388516404408,2857.6556734341671,458.34432656583118,458.34432656583118,16.600000000000001
128,12,57.234660962700453,8.9728139819521697,91.046616075211546,7.7624901536348965,3.0307155492244164,12.999319352488115,2.8130530261305831,9.3478058433104394,169.72676741844543,54.27323258155468,858.58898766893105,1050.4110123310713,1050.4110123310713,2854.6017873205392,461.39821267945894,461.39821267945894,16.600000000000001
128.25,12,57.190469661619147,8.991213961834978,90.94611939837273,7.7446396420020092,3.0153368651261734,13.058339869417743,2.8208615383171489,9.4147026867641816,169.37167806469617,54.628321935303951,853.42607391226943,1055.5739260877328,1055.5739260877328,2851.5426539571104,464.45734604288782,464.45734604288782,16.600000000000001
128.5,12,57.146348313715471,9.0095686984620098,90.845528371455487,7.7267920902270131,2.99995661459088,13.117334283004677,2.8286044538229334,9.4817841868990111,169.01583975098367,54.984160249016419,848.27264284747378,1060.7273571525286,1060.7273571525286,2848.4783683099477,467.52163169005087,467.52163169005087,16.600000000000001
128.75,12,57.102296785103697,9.0278777892761699,90.744844060232253,7.7089482372169575,2.9845763323420398,13.176300856061184,2.8362817287596873,9.5490487853878676,168.65926238993066,55.340737610069475,843.128928132233,1065.8710718677696,1065.8710718677696,2845.4090251140974,470.59097488590101,470.59097488590101,16.600000000000001
129,12,57.058314941471338,9.0461408457989751,90.644067532647938,7.6911088162062251,2.9691975387748628,13.23523785774865,2.8438933316135664,9.6164949230087604,168.30195591915896,55.698044080841186,837.99516129508584,1071.0048387049167,1071.0048387049167,2842.334718858267,473.66528114173161,473.66528114173161,16.600000000000001
129.25,12,57.014402648099512,9.064357493628119,90.543199858627887,7.6732745547844416,2.9538217397487019,13.294143563739276,2.8514392431613911,9.6841210399382938,167.94393030008095,56.056069699919185,832.87157170722151,1076.1284282927809,1076.1284282927809,2839.255543769696,476.74445623030215,476.74445623030215,16.600000000000001
129.5,12,56.970559769883209,9.0825273724309117,90.442242109888667,7.6554461749224174,2.9384504263866407,13.353016256376872,2.8589194563843794,9.7519255760410246,167.58519551669895,56.414804483301161,827.75838655510017,1081.2416134449024,1081.2416134449024,2836.1715937993463,479.82840620065178,479.82840620065178,16.600000000000001
129.75,12,56.926786171351608,9.1006501359326002,90.341195359748411,7.6376243929987506,2.9230850748806696,13.411854224836423,2.866333976376982,9.8199069711587512,167.22576157440454,56.774238425595598,822.65583081376224,1086.3441691862404,1086.3441691862404,2833.0829626071964,482.91703739280206,482.91703739280206,16.600000000000001
130,12,56.883081716688302,9.1187254519002821,90.240060682939117,7.6198099198254354,2.9077271463034569,13.470655765282572,2.8736828202524189,9.8880636653969916,166.86563849878317,57.134361501216958,817.56412722091534,1091.435872779087,1091.435872779087,2829.9897435477833,486.01025645221489,486.01025645221489,16.600000000000001
130.25,12,56.839446269751548,9.1367530021222869,90.138839155419959,7.6020034606727656,2.8923780864265098,13.529419181026938,2.8809660170446314,9.9563940994092022,166.50483633442386,57.4951636655763,812.48349625177934,1096.5165037482232,1096.5165037482232,2826.8920296559641,489.10797034403384,489.10797034403384,16.600000000000001
130.5,12,56.795879694094445,9.1547324823825367,90.037531854191442,7.5842057152940665,2.8770393255446534,13.588142782684352,2.8881836076058494,10.024896714679624,166.14336514373107,57.856634856269054,807.41415609469595,1101.5858439053063,1101.5858439053063,2823.7899136328538,492.21008636714453,492.21008636714453,16.600000000000001
130.75,12,56.752381852984982,9.1726636024314097,89.936139857112181,7.5664173779488557,2.8617122783070568,13.64682488832775,2.8953356445022425,10.093569953801905,165.78123500574594,58.218764994254208,802.35632262749573,1106.6436773725065,1106.6436773725065,2820.6834878320597,495.31651216793847,495.31651216793847,16.600000000000001
131,12,56.708952609426078,9.1905460859519277,89.834664242716457,7.5486391374255382,2.8463983435546107,13.705463823641892,2.9024221919057314,10.162412260755758,165.41845601497081,58.581543985029334,797.3102093946278,1111.6897906053746,1111.6897906053746,2817.5728442461245,498.42715575387371,498.42715575387371,16.600000000000001
131.25,12,56.665591826175543,9.2083796705213938,89.733106090033289,7.5308716770635886,2.831098904163682,13.764057922075846,2.909443325482143,10.23142208118144,165.05503828019914,58.944961719801,792.2760275850552,1116.7239724149472,1116.7239724149472,2814.4580744931773,501.54192550682086,501.54192550682086,16.600000000000001
131.5,12,56.622299365765919,9.2261641075688701,89.631466478407106,7.5131156747748502,2.8158153268962716,13.822605524994138,2.9163991322763763,10.300597862651255,164.69099192335148,59.309008076648674,787.25398601091445,1121.7460139890879,1121.7460139890879,2811.3392698038319,504.66073019616647,504.66073019616647,16.600000000000001
131.75,12,56.579075090524363,9.2438991623282316,89.529746487319827,7.4953718030641818,2.8005489622566273,13.881104981826645,2.9232897105941045,10.369938054938617,164.32632707831675,59.673672921683384,782.24429108694596,1126.7557089130564,1126.7557089130564,2808.216521008309,507.78347899168915,507.78347899168915,16.600000000000001
132,12,56.535918862592354,9.2615846137866242,89.427947196214319,7.4776407290495275,2.7853011443543214,13.939554650217225,2.9301151698798202,10.439441110284793,163.96105388979913,60.038946110201017,777.24714681070543,1131.752853189297,1131.752853189297,2805.0899185237804,510.91008147621773,510.91008147621773,16.600000000000001
132.25,12,56.492830543945239,9.2792202546303439,89.326069684320672,7.4599231144804463,2.7700731907733691,13.997952896170652,2.9368756305941321,10.509105483660724,163.59518251217463,60.404817487825497,772.26275474347699,1136.7372452565253,1136.7372452565253,2801.9595523420203,514.04044765797823,514.04044765797823,16.600000000000001
132.5,12,56.449809996411794,9.2968058911854445,89.224115030483347,7.442219615756458,2.7548664024479623,14.056298094198389,2.9435712240863725,10.57892963302748,163.22872310835177,60.771276891648363,767.29131399199616,1141.7086860080062,1141.7086860080062,2798.8255120172435,517.17448798275461,517.17448798275461,16.600000000000001
132.75,12,56.406857081693609,9.3143413433546254,89.122084312990111,7.4245308839444508,2.7396820635444739,14.114588627462895,2.9502020924647936,10.64891201959329,162.86168584863944,61.138314151360682,762.3330211909215,1146.6669788090808,1146.6669788090808,2795.687886654207,520.31211334579166,520.31211334579166,16.600000000000001
133,12,56.363971661384383,9.3318264445502415,89.019978609403069,7.4068575647952679,2.7245214413497663,14.172822887920395,2.9567683884640914,10.719051108067424,162.49408090962226,61.505919090377873,757.38807048606373,1151.6119295139388,1151.6119295139388,2792.54676489655,523.45323510344826,523.45323510344826,16.600000000000001
133.25,12,56.321153596989163,9.3492610416227322,88.917798996390985,7.3892002987595813,2.7093857861661399,14.230999276462439,2.963270275309295,10.789345366911554,162.12591847304162,61.874081526958513,752.45665351842183,1156.5433464815806,1156.5433464815806,2789.4022349153797,526.59776508461869,526.59776508461869,16.600000000000001
133.5,12,56.278402749943375,9.3666449947862009,88.815546549564175,7.3715597210028241,2.6942763312120666,14.289116203055586,2.9697079265784092,10.859793268586943,161.75720872468634,62.242791275313806,747.53895940890561,1161.4610405910967,1161.4610405910967,2786.2543843981166,529.74561560188158,529.74561560188158,16.600000000000001
133.75,12,56.235718981631734,9.3839781775404205,88.713222343311145,7.3539364614192717,2.6791942925290884,14.34717208687954,2.9760815260627242,10.930393289798245,161.38796185329053,62.612038146709587,742.63517474379978,1166.3648252562025,1166.3648252562025,2783.1033005376025,532.89669946239553,532.89669946239553,16.600000000000001
134,12,56.19310215340704,9.4012604765884848,88.610827450637103,7.3363311446454214,2.6641408688952399,14.405165356463867,2.9823912676238256,11.001143911734546,161.01818804943883,62.981811950561294,737.74548356102423,1171.254516438978,1171.254516438978,2779.9490700214424,536.0509299785557,536.0509299785557,16.600000000000001
134.25,12,56.150552126608851,9.4184917917511548,88.508362943004528,7.3187443900725171,2.6491172417444986,14.463094449823032,2.9886373550486565,11.07204362030676,160.64789750447952,63.352102495520619,732.87006733712121,1176.1299326628812,1176.1299326628812,2776.7917790216088,539.20822097838948,539.20822097838948,16.600000000000001
134.5,12,56.108068762582008,9.4356720358774702,88.405829890175667,7.3011768118582516,2.6341245750924718,14.520957814589854,2.9948200019021218,11.143090906381628,160.27710040944606,63.722899590554086,728.00910497499842,1180.9908950250042,1180.9908950250042,2773.6315131842998,542.36848681569836,542.36848681569836,16.600000000000001
134.75,12,56.065651922695046,9.4528011347511054,88.30322936005679,7.2836290189376278,2.619164015468725,14.578753908147554,3.0009394313764934,11.214284266012802,159.90580695398597,64.094193046014155,723.16277279247834,1185.8372272075242,1185.8372272075242,2770.4683576200487,545.53164237994963,545.53164237994963,16.600000000000001
135,12,56.023301468358355,9.4698790269954944,88.200562418545445,7.266101615033115,2.6042366918537105,14.63648119775938,3.0069958761414859,11.285622200666856,159.5340273253006,64.465972674699529,718.33124451140577,1190.6687554885966,1190.6687554885966,2767.3023968941043,548.69760310589368,548.69760310589368,16.600000000000001
135.25,12,55.981017261042268,9.4869056639741824,88.097830129379219,7.2485951986639323,2.5893437156226669,14.694138160697005,3.0129895781904916,11.357103217446687,159.16177170709179,64.838228292908383,713.51469124760615,1195.4853087523963,1195.4853087523963,2764.1337150170621,551.86628498293624,551.86628498293624,16.600000000000001
135.5,12,55.938799162294956,9.5038810096881132,87.995033553986701,7.2311103631545652,2.5744861804953403,14.751723284367086,3.018920788685167,11.428725829311139,158.78905027851769,65.21094972148245,708.71328150155171,1200.2867184984509,1200.2867184984509,2760.9623954357494,555.03760456424902,555.03760456424902,16.600000000000001
135.75,12,55.896647033760132,9.5208050406698899,87.892173751340806,7.2136476966425027,2.5596651624915183,14.80923506643601,3.0247897677983677,11.500488555290799,158.41587321315805,65.584126786842091,703.92718114974105,1205.0728188502615,1205.0728188502615,2757.7885210243767,558.21147897562116,558.21147897562116,16.600000000000001
136,12,55.854560737194724,9.5376777458742108,87.789251777813973,7.1962077820850414,2.5448817198930032,14.86667201495308,3.0305967845544974,11.572389920700401,158.04225067798757,65.957749322012575,699.15655343686353,1209.843446563139,1209.843446563139,2754.6121740759513,561.38782592404721,561.38782592404721,16.600000000000001
136.25,12,55.81254013448617,9.5544991265658723,87.686268687035906,7.1787911972654417,2.5301368932109081,14.924032648471664,3.0363421166689069,11.644428457347171,157.66819283235938,66.331807167640747,694.40155896861927,1214.5984410313831,1214.5984410313831,2751.4334362939394,564.56656370605901,564.56656370605901,16.600000000000001
136.5,12,55.770585087669687,9.5712691962058329,87.583225529753662,7.1613985147985844,2.5154317051578858,14.981315496168071,3.0420260503869256,11.716602703734885,157.29370982699834,66.706290173001776,689.66235570514914,1219.3376442948531,1219.3376442948531,2748.2523887841953,567.74761121580275,567.74761121580275,16.600000000000001
136.75,12,55.728695458945261,9.5879879803331001,87.480123353693784,7.1440303021355627,2.5007671606271002,15.03851909795903,3.0476488803198678,11.788911205264659,156.91881180300317,67.081188196996948,684.93909895529134,1224.060901044711,1224.060901044711,2745.069112047147,570.93088795285087,570.93088795285087,16.600000000000001
137,12,55.686871110694533,9.6046555164443017,87.376963203426911,7.1266871215676746,2.4861442466764441,15.095642004617114,3.0532109092802089,11.861352514431653,156.54350889085842,67.456491109141695,680.23194137148698,1228.7680586285153,1228.7680586285153,2741.8836859702437,574.11631402975456,574.11631402975456,16.600000000000001
137.25,12,55.645111905497401,9.6212718538704785,87.273746120234563,7.1093695302296629,2.4715639325183636,15.152682777884154,3.0587124481154051,11.933925191017849,156.16781120945629,67.832188790543796,675.54103294538049,1233.4589670546218,1233.4589670546218,2738.6961898206587,577.30381017933939,577.30381017933939,16.600000000000001
137.5,12,55.603417706148605,9.637837053650415,87.170473141978306,7.0920780801019889,2.4570271695159587,15.209639990583096,3.0641538155395498,12.006627802281098,155.79172886512836,68.208271134871723,670.86652100418883,1238.1334789958134,1238.1334789958134,2735.5067022382714,580.49329776172692,580.49329776172692,16.600000000000001
137.75,12,55.561788375673885,9.6543511884029147,87.067145302971355,7.0748133180129056,2.4425348911831479,15.266512226727215,3.0695353379655845,12.079458923139791,155.41527195068733,68.584728049312773,666.20855020759291,1242.7914497924091,1242.7914497924091,2732.3153012288763,583.68469877112193,583.68469877112193,16.600000000000001
138,12,55.520223777346096,9.670814342195877,86.963763633852551,7.0575757856396368,2.4280880131908549,15.323298081627598,3.074857349335669,12.152417136353701,155.03845054447899,68.961549455521109,661.56726254537216,1247.4327374546301,1247.4327374546301,2729.1220641576674,586.87793584233043,586.87793584233043,16.600000000000001
138.25,12,55.478723774701102,9.6872266104128837,86.86032916146263,7.0403660195088671,2.4136874333785854,15.379996161998625,3.0801201909504572,12.225501032700826,154.66127470944451,69.338725290555558,656.94279733571204,1252.0572026642901,1252.0572026642901,2725.9270677429795,590.07293225701869,590.07293225701869,16.600000000000001
138.5,12,55.437288231553374,9.7035880996182104,86.756842908723257,7.0231845509967794,2.3993340317706195,15.436605086061077,3.0853242112983796,12.298709211149891,154.2837544921932,69.716245507806889,652.33529122409766,1256.6647087759043,1256.6647087759043,2722.7303880502745,593.26961194972341,593.26961194972341,16.600000000000001
138.75,12,55.395917012011488,9.7198989274190666,86.653305894517985,7.0060319063283529,2.3850286705977841,15.493123483643371,3.0904697658834999,12.372040279028999,153.90589992208535,70.094100077914717,647.74487818290459,1261.2551218170975,1261.2551218170975,2719.5321004863963,596.46789951360176,596.46789951360176,16.600000000000001
139,12,55.354609980493315,9.7361592223254032,86.549719133576005,6.9889086065760191,2.3707721943245446,15.549549996280774,3.0955572170523236,12.445492852190336,153.52772101032596,70.472278989674123,643.17168951165604,1265.828310488346,1265.828310488346,2716.3322797940705,599.66772020592782,599.66772020592782,16.600000000000001
139.25,12,55.313367001741128,9.7523691236083359,86.446083636358154,6.9718151676578941,2.3565654296805323,15.605883277312174,3.1005869338207925,12.519065555170458,153.14922774906879,70.850772250931314,638.61585383785155,1270.3841461621505,1270.3841461621505,2713.1310000466597,602.86899995333852,602.86899995333852,16.600000000000001
139.5,12,55.272187940836325,9.7685287811559309,86.342400408945466,6.954752100335277,2.3424091856975529,15.662121991974979,3.1055592916999952,12.592757021346715,152.77043011053138,71.229569889468721,634.07749711847941,1274.9225028815226,1274.9225028815226,2709.9283346431735,606.07166535682427,606.07166535682427,16.600000000000001
139.75,12,55.2310726632141,9.7846383553265213,86.238670452930094,6.937719910209462,2.3283042537519743,15.718264817498001,3.110474672520759,12.666565893089693,152.39133804612067,71.60866195387942,629.55674264220499,1279.4432573577972,1279.4432573577972,2706.7243563035377,609.27564369646018,609.27564369646018,16.600000000000001
140,12,55.190021034677784,9.8006980168023539,86.134894765308829,6.9207190977186794,2.314251407609909,15.774310443191336,3.1153334642603476,12.740490821910887,152.01196148556966,71.988038514430443,625.05371103195512,1283.9462889680469,1283.9462889680469,2703.519137064081,612.48086293591678,612.48086293591678,16.600000000000001
140.25,12,55.149032921412953,9.8167079464397577,86.031074338379028,6.903750158134053,2.3002514034786619,15.830257570534638,3.1201360608668653,12.814530468606744,151.63231033608494,72.367689663915144,620.5685202482739,1288.4314797517281,1288.4314797517281,2700.3127482732966,615.68725172670099,615.68725172670099,16.600000000000001
140.5,12,55.108108190001388,9.8326683351181288,85.927210159637056,6.8868135815552058,2.2863049800623632,15.886104913262979,3.124882862084001,12.888683503398401,151.25239448150529,72.747605518494794,616.10128559322663,1292.8987144067753,1292.8987144067753,2697.105260587839,618.89473941215851,618.89473941215851,16.600000000000001
140.75,12,55.06724670743472,9.8485793835879267,85.823303211679303,6.8699098529054634,2.2724128586217027,15.941851197450253,3.1295742732764054,12.96294860606687,150.87222378147163,73.127776218528453,611.65211971484428,1297.347880285158,1297.347880285158,2693.8967439687735,622.10325603122408,622.10325603122408,16.600000000000001
141,12,55.026448341127903,9.8644413023161714,85.719354472105536,6.8530394519266302,2.2585757430387736,15.99749516159058,3.1342107052537047,13.037324466084776,150.49180807060739,73.508191929392709,607.22113261221307,1301.7788673877892,1301.7788673877892,2690.6872676780531,625.3127323219444,625.3127323219444,16.600000000000001
141.25,12,54.985712958932467,9.8802543113311092,85.615364913424713,6.8362028531733925,2.2447943198858673,16.053035556677223,3.1387925740952864,13.111809782743522,150.11115715771052,73.888842842289577,602.80843164109024,1306.191568358912,1306.191568358912,2687.4769002752432,628.52309972475416,628.52309972475416,16.600000000000001
141.5,12,54.945040429149451,9.8960186400655932,85.511335502963419,6.8194005260073727,2.2310692584984819,16.108471146279161,3.1433203009752533,13.186403265276313,149.73028082495676,74.269719175043349,598.41412152007308,1310.5858784799293,1310.5858784799293,2684.2657096144835,631.73429038551421,631.73429038551421,16.600000000000001
141.75,12,54.904430620542215,9.9117345271986341,85.407267202776751,6.8026329345906698,2.2174012110530401,16.163800706615504,3.1477943119869112,13.261103632977129,149.34918882711403,74.650811172886065,594.0383043373696,1314.9616956626326,1314.9616956626326,2681.0537628416905,634.94623715830733,634.94623715830733,16.600000000000001
142,12,54.863883402348925,9.9274022204963916,85.303160969561631,6.7859005378792805,2.2037908126481121,16.219023026627344,3.1522150379681739,13.335909615315465,148.9678908907683,75.032109109231797,589.68107955805215,1319.3189204419498,1319.3189204419498,2677.8411263919875,638.15887360801025,638.15887360801025,16.600000000000001
142.25,12,54.823398644294855,9.9430219766522185,85.199017754572665,6.7692037896163182,2.190238681389495,16.274136908047172,3.1565829143274686,13.410819952046875,148.58639671356056,75.413603286439525,585.34254403182695,1323.6574559681751,1323.6574559681751,2674.6278659873633,641.37213401263398,641.37213401263398,16.600000000000001
142.5,12,54.782976216604382,9.958594061125261,85.094838503540544,6.75254313832479,2.1767454184796002,16.329141165466023,3.1608983808695719,13.485833393319473,148.20471596343549,75.79528403656461,581.02279200136581,1327.9772079986362,1327.9772079986362,2671.4140466345652,644.58595336543203,644.58595336543203,16.600000000000001
142.75,12,54.742615990012837,9.9741187479782667,84.99062415659273,6.7359190273002083,2.1633116083105568,16.384034626398186,3.1651618816220455,13.560948699776283,147.82285827790125,76.177141722098852,576.72191511113942,1332.2780848888628,1332.2780848888628,2668.1997326232167,647.80026737678099,647.80026737678099,16.600000000000001
143,12,54.702317835778025,9.9895963197144972,84.886375648176838,6.7193318946029663,2.1499378185610922,16.438816131343476,3.1693738646621861,13.63616464265345,147.44083326330104,76.559166736699069,572.44000241675815,1336.559997583244,1336.559997583244,2664.9849875241621,651.01501247583576,651.01501247583576,16.600000000000001
143.25,12,54.662081625691556,10.005027067114051,84.782093906986319,6.7027821730506369,2.1366246002967637,16.493484533847052,3.1735347819448103,13.711480003874433,147.05865049409579,76.941349505904313,568.17714039478005,1340.8228596052222,1340.8228596052222,2661.7698741880245,654.23012581197327,654.23012581197327,16.600000000000001
143.5,12,54.621907232089903,10.020411289069365,84.677779855888616,6.6862702902100635,2.1233724880739424,16.548038700556784,3.1776450891305541,13.786893576140058,146.67631951215839,77.323680487841699,563.93341295302116,1345.0665870469809,1345.0665870469809,2658.554454743989,657.44554525600881,657.44554525600881,16.600000000000001
143.75,12,54.581794527865242,10.03574929242011,84.573434411855814,6.6697966683893064,2.1101820000472062,16.602477511278195,3.1817052454149883,13.862404163014489,146.29384982607968,77.706150173920406,559.70890144133932,1349.291098558663,1349.291098558663,2655.3387905987988,660.66120940119845,660.66120940119845,16.600000000000001
144,12,54.541743386476007,10.051041391787441,84.469058485897918,6.6533617246292494,2.097053638080332,16.656799859027025,3.1857157133586207,13.938010579006866,145.91125091048613,78.088749089513982,555.50368466290831,1353.4963153370938,1353.4963153370938,2652.1229424359913,663.87705756400646,663.87705756400646,16.600000000000001
144.25,12,54.501753681957268,10.066287909408036,84.364652982998066,6.6369658706956258,2.0839878878600446,16.711004650079087,3.1896769587176923,14.013711649649482,145.52853220536821,78.47146779463192,551.31783888589018,1357.682161114112,1357.682161114112,2648.9069702152956,667.0930297847018,667.0930297847018,16.600000000000001
144.5,12,54.461825288930747,10.081489174967594,84.260218802050659,6.6206095130707343,2.070985219013207,16.76509080401777,3.1935894502759985,14.089506211571619,145.14570311542096,78.854296884579156,547.15143785558473,1361.8485621444174,1361.8485621444174,2645.6909331722741,670.30906682772354,670.30906682772354,16.600000000000001
144.75,12,54.421958082614758,10.096645525434043,84.155756835801597,6.6042930529451294,2.0580460852270739,16.819057253779047,3.1974536596777359,14.165393112569415,144.76277300939597,79.237226990604157,543.00455280701317,1365.9954471929889,1365.9954471929889,2642.4748898181542,673.5251101818435,673.5251101818435,16.600000000000001
145,12,54.382151938833736,10.111757304890265,84.051267970790988,6.588016886209358,2.0451709243727465,16.872902945693955,3.2012700612610292,14.241371211671927,144.37975121946471,79.620248780535405,538.87725247794333,1370.1227475220585,1370.1227475220585,2639.2588979398702,676.74110206012801,676.74110206012801,16.600000000000001
145.25,12,54.342406734027591,10.126824864366945,83.946753087298276,6.5717814034457298,2.0323601586312083,16.926626839528581,3.2050391318930722,14.317439379203126,143.9966470405935,80.003352959406612,534.76960312230619,1374.2303968776957,1374.2303968776957,2636.0430146002955,679.95698539970249,679.95698539970249,16.600000000000001
145.5,12,54.302722345260861,10.141848561675335,83.842213059289691,6.5555869899201831,2.0196141946221418,16.980227908521538,3.2087613508064607,14.393596496839981,143.61346972992999,80.386530270070125,530.68166852401896,1378.3183314759833,1378.3183314759833,2632.8272961386797,683.17270386131827,683.17270386131827,16.600000000000001
145.75,12,54.263098650231512,10.156828761239817,83.737648754367996,6.5394340255742129,2.0069334235356173,17.033705139418888,3.2124371994365148,14.469841457666769,143.23022850620097,80.769771493799141,526.61351001121488,1382.3864899887874,1382.3864899887874,2629.6117981712696,686.38820182872837,686.38820182872837,16.600000000000001
146,12,54.223535527279608,10.171765833930539,83.633061033724672,6.5233228850168326,1.9943182212664252,17.087057532506648,3.2160671612600629,14.546173166225355,142.8469325491221,81.153067450878012,522.56518647086943,1386.4348135291327,1386.4348135291327,2626.3965755921322,689.60342440786565,689.60342440786565,16.600000000000001
146.25,12,54.184032855395614,10.186660156896135,83.528450752094486,6.5072539375166158,1.9817689485509709,17.140284101640713,3.2196517216356035,14.6225905385616,142.46359099881889,81.536409001181184,518.53675436380661,1390.4632456361958,1390.4632456361958,2623.1816825741694,692.8183174258287,692.8183174258287,16.600000000000001
146.5,12,54.144590514228575,10.201512113396722,83.423818757712041,6.4912275469942706,1.9692859511062706,17.193383874274211,3.2231913676447101,14.699092502268485,142.08021295525879,81.919787044741327,514.52826774003427,1394.4717322599679,1394.4717322599679,2619.9671725702842,696.03282742971408,696.03282742971408,16.600000000000001
146.75,12,54.105208384093977,10.216322092637052,83.319165892270874,6.4752440720150783,1.9568695597715666,17.246355891482381,3.2266865879350553,14.77567799652504,141.69680747769485,82.303192522305253,510.5397782544718,1398.4602217455304,1398.4602217455304,2616.7530983147544,699.24690168524376,699.24690168524376,16.600000000000001
147,12,54.065886345981362,10.231090489599937,83.214492990884708,6.4593038657816368,1.9445200906521696,17.299199207984952,3.2301378725648506,14.852345972131676,141.31338358412117,82.686616415878916,506.57133518302084,1402.4286648169814,1402.4286648169814,2613.5395118247789,702.46048817521921,702.46048817521921,16.600000000000001
147.25,12,54.026624281561745,10.245817704879839,83.109800882051076,6.4434072761267576,1.9322378452657218,17.351912892165991,3.233545712848596,14.929095391541848,140.92995025073941,83.070049749260662,502.62298543899755,1406.3770145610044,1406.3770145610044,2610.3264644021992,705.67353559779872,705.67353559779872,16.600000000000001
147.5,12,53.987422073194764,10.260504144517416,83.005090387616931,6.4275546455068264,1.9200231106898353,17.404496026091216,3.2369106012050737,15.005925228890108,140.54651641143644,83.453483588563628,498.69477358983397,1410.305226410168,1410.305226410168,2607.114006635381,708.88599336461709,708.88599336461709,16.600000000000001
147.75,12,53.948279603935568,10.275150219834218,82.900362322746602,6.4117463109953317,1.9078761597121485,17.456947705522794,3.2402330310065701,15.082834470016541,140.16309095727351,83.836909042726575,494.78674187413696,1414.2132581258652,1414.2132581258652,2603.9021884012682,712.09781159873012,712.09781159873012,16.600000000000001
148,12,53.909196757541487,10.289756347267982,82.795617495891875,6.3959826042767336,1.8957972509821959,17.509267039931657,3.2435134964298551,15.159822112487664,139.77968273598654,84.220317264013545,490.89893021904993,1418.1010697809522,1418.1010697809522,2600.6910588676014,715.30894113239663,715.30894113239663,16.600000000000001
148.25,12,53.870173418478494,10.304322948208354,82.690856708764343,6.3802638516405512,1.883786629165334,17.561453152507319,3.2467524923087185,15.236887165613719,139.39630055149792,84.603699448502155,487.03137625793772,1421.9686237420644,1421.9686237420644,2597.4806664953048,718.51933350469369,718.51933350469369,16.600000000000001
148.5,12,53.831209471927352,10.318850448832936,82.586080756309897,6.364590373975628,1.8718445250988498,17.613505180165291,3.2499505139879434,15.314028650462381,139.0129531634397,84.987046836560367,483.18411534840453,1425.8158846515978,1425.8158846515978,2594.2710590410393,721.72894095895879,721.72894095895879,16.600000000000001
148.75,12,53.792304803789577,10.333339279945355,82.481290426685007,6.3489624867655072,1.8599711559478955,17.665422273551723,3.2531080571803797,15.39124559986948,138.6296492866868,85.370350713313286,479.35718059043194,1429.6428194095702,1429.6428194095702,2591.0622835598647,724.93771644013373,724.93771644013373,16.600000000000001
149,12,53.753459300693166,10.347789876813103,82.376486501235377,6.3333805000836412,1.8481667253643752,17.717203597045774,3.2562256178248701,15.468537058445952,138.24639759090218,85.753602409097894,475.55060284491572,1433.4493971550864,1433.4493971550864,2587.8543864080834,728.14561359191487,728.14561359191487,16.600000000000001
149.25,12,53.714672849998081,10.362202679006467,82.271669754476619,6.3178447185891589,1.8364314236469359,17.768848328759418,3.2593036919463234,15.545902082581524,137.86320670009306,86.136793299907026,471.76441075243378,1437.2355892475684,1437.2355892475684,2584.6474132462313,731.35258675376667,731.35258675376667,16.600000000000001
149.5,12,53.675945339801466,10.376578130237784,82.166840954076932,6.3023554415227778,1.8247654279029031,17.820355660535117,3.2623427755171326,15.623339740445136,137.48008519217754,86.519914807822545,467.99863075231627,1441.0013692476857,1441.0013692476857,2581.4414090422179,734.55859095778032,734.55859095778032,16.600000000000001
149.75,12,53.637276658942767,10.390916678201645,82.062000860841721,6.2869129627031635,1.8131689022115036,17.871724797940974,3.2653433643205534,15.700849111982071,137.09704159856256,86.902958401437502,464.25328710196032,1444.7467128980418,1444.7467128980418,2578.2364180746076,737.76358192539089,737.76358192539089,16.600000000000001
150,12,53.598666697008362,10.405218774417845,81.957150228700485,6.2715175705247592,1.8016419977864777,17.922954960262608,3.2683059538179036,15.778429288907759,136.7140844037333,87.285915596266804,460.52840189622589,1448.4715981037762,1448.4715981037762,2575.0324839360019,740.96751606399619,740.96751606399619,16.600000000000001
150.25,12,53.560115344336225,10.419484874073705,81.852289804695317,6.2561695479551851,1.7901848531415503,17.97404538049339,3.2712310390160586,15.856079374698492,136.33122204485258,87.668777955147505,456.8239950872055,1452.1760049127965,1452.1760049127965,2571.829649536593,744.17035046340527,744.17035046340527,16.600000000000001
150.5,12,53.5216224920202,10.433715435868013,81.747420328971657,6.2408691725334347,1.7787975942564049,18.024995305322001,3.2741191143375534,15.933798484578942,135.94846291137182,88.051537088628251,453.1400845041656,1455.8599154958365,1455.8599154958365,2568.6279571078308,747.37204289216731,747.37204289216731,16.600000000000001
150.75,12,53.483188031914203,10.447910921854582,81.642542534770271,6.2256167163679796,1.7674803347446491,18.075803995118637,3.2769706734909101,16.011585745507546,135.56581534464974,88.434184655350379,449.47668587377086,1459.5233141262311,1459.5233141262311,2565.4274482062183,750.57255179378001,750.57255179378001,16.600000000000001
151,12,53.444811856636086,10.462071797288463,81.537657148421673,6.2104124461360417,1.7562331760216587,18.126470723917809,3.2797862093448376,16.089440296157967,135.18328763758416,88.816712362415942,445.83381284043429,1463.1661871595677,1463.1661871595677,2562.2281637172287,753.77183628276964,753.77183628276964,16.600000000000001
151.25,12,53.406493859571206,10.476198530474786,81.432764889342877,6.1952566230840551,1.7450562074722373,18.176994779397766,3.2825662138063065,16.16736128689675,134.80088803425701,89.1991119657431,442.21147698678624,1466.7885230132158,1466.7885230132158,2559.030143859351,756.96985614064681,756.96985614064681,16.600000000000001
151.5,12,53.368233934875938,10.490291592616758,81.32786647003519,6.1801495030277955,1.7339495066204658,18.227375462859101,3.2853111776981407,16.245347879759294,134.41862472958599,89.5813752704141,438.60968785443117,1470.3903121455708,1470.3903121455708,2555.8334281882449,760.16657181175344,760.16657181175344,16.600000000000001
151.75,12,53.330031977480843,10.50435145766567,81.222962596084201,6.165091336353429,1.7229131392996933,18.277612089200424,3.2880215906396759,16.323399248422575,134.036505868988,89.963494131012084,435.02845296484037,1473.9715470351621,1473.9715470351621,2552.6380556010017,763.36194439899634,763.36194439899634,16.600000000000001
152,12,53.291887883093828,10.518378602169967,81.118053966160474,6.1500823680181966,1.7119471598245977,18.327703986893464,3.2906979409268229,16.401514578176442,133.65453954804892,90.345460451951155,431.46777784051409,1477.5322221594884,1477.5322221594884,2549.4440643405173,766.55593565948084,766.55593565948084,16.600000000000001
152.25,12,53.253801548202894,10.532373505129129,81.013141272023489,6.1351228375531894,1.7010516111614997,18.377650497953351,3.2933407154184482,16.479693065890025,133.27273381220954,90.727266187790548,427.92766602614131,1481.0723339738611,1481.0723339738611,2546.251491999973,769.74850800002525,769.74850800002525,16.600000000000001
152.5,12,53.215772870078595,10.546336647848648,80.908225198526935,6.1202129790666451,1.6902265250992927,18.427450977906872,3.2959503994246053,16.557933919975653,132.8910966564612,91.10890334353887,424.40811910991869,1484.5918808900838,1484.5918808900838,2543.0603755274269,772.93962447257172,772.93962447257172,16.600000000000001
152.75,12,53.177801746776545,10.560268513795004,80.803306423625287,6.1053530212472618,1.6794719224216941,18.477104795759551,3.2985274765951891,16.63623636035101,132.5096360250491,91.490363974950981,420.9091367450776,1488.0908632549247,1488.0908632549247,2539.8707512304895,776.12924876950865,776.12924876950865,16.600000000000001
153,12,53.139888077139517,10.574169588452623,80.698385618382233,6.0905431873684002,1.6687878130794396,18.526611333960084,3.3010724288114672,16.714599618398378,132.12835981118621,91.871640188813871,417.43071667151781,1491.5692833284845,1491.5692833284845,2536.6826547811052,779.31734521889314,779.31734521889314,16.600000000000001
153.25,12,53.102031760799541,10.588040359179834,80.59346344697984,6.0757836952918005,1.6581741963645698,18.575969988364314,3.3035857360769207,16.793022936922547,131.74727585677363,92.252724143226445,413.9728547377037,1495.0271452622985,1495.0271452622985,2533.4961212204203,782.50387877957803,782.50387877957803,16.600000000000001
153.5,12,53.064232698179616,10.601881315071177,80.488540566730919,6.0610747574741906,1.6476310610813041,18.625180168193772,3.3060678764158955,16.87150557010391,131.36639195213786,92.633608047862211,410.53554492240892,1498.4644550775931,1498.4644550775931,2530.3111849637403,785.68881503625789,785.68881503625789,16.600000000000001
153.75,12,53.02649079049521,10.615692946819243,80.383617628092139,6.0464165809736521,1.6371583857185046,18.674241295993451,3.3085193257721475,16.950046783450095,130.98571583577501,93.014284164225089,407.11877935668116,1501.8812206433213,1501.8812206433213,2527.1278798055719,788.87212019442632,788.87212019442632,16.600000000000001
154,12,52.988805939755672,10.62947574657759,80.278695274678682,6.0318093674564475,1.6267561386225444,18.723152807587809,3.3109405579090283,17.028645853745484,130.60525519410348,93.394744805896607,403.72254834593349,1505.2774516540687,1505.2774516540687,2523.9462389247474,792.05376107525092,792.05376107525092,16.600000000000001
154.25,12,52.951178048765421,10.643230207825386,80.173774143280298,6.0172533132046029,1.6164242781700762,18.771914152034565,3.3133320443120922,17.107302068998347,130.22501766122696,93.774982338773171,400.34684039212533,1508.6531596078771,1508.6531596078771,2520.7662948896295,795.23370511036842,795.23370511036842,16.600000000000001
154.5,12,52.913607021125067,10.656956825231397,80.068854863878556,6.0027486091230937,1.6061627529426168,18.820524791577885,3.3156942540913779,17.186014728386475,129.84501081870349,94.154989181296642,396.99164221617502,1512.0083577838275,1512.0083577838275,2517.5880796634133,798.41192033658467,798.41192033658467,16.600000000000001
154.75,12,52.876092761232002,10.670656094525171,79.963938059666347,5.988295440750405,1.5959715018963998,18.868984201596074,3.3180276538921056,17.264783142198649,129.46524219533146,94.534757804668672,393.65693878009603,1515.3430612199065,1515.3430612199065,2514.4116246094513,801.58837539054639,801.58837539054639,16.600000000000001
155,12,52.838635174281144,10.684328512366569,79.859024347068569,5.9738939882682187,1.5858504545347594,18.917291870549366,3.320332707803932,17.343606631775145,129.08571926694032,94.914280733059826,390.34271330941544,1518.6572866905869,1518.6572866905869,2511.2369604966811,804.7630395033168,804.7630395033168,16.600000000000001
155.25,12,52.801234166265274,10.697974576217339,79.754114335763717,5.9595444265119779,1.5757995310799762,18.965447299925486,3.3226098772728001,17.422484529446027,128.70644945619102,95.293550543809076,387.04894731563513,1521.9510526843674,1521.9510526843674,2508.0641175051092,807.93588249488869,807.93588249488869,16.600000000000001
155.5,12,52.763889643975389,10.711594784214013,79.649208628707214,5.9452469249819906,1.5658186426451619,19.013450004183508,3.3248596210146673,17.501416178467444,128.32744013238545,95.672559867614666,383.7756206187787,1525.2243793812238,1525.2243793812238,2504.893125231371,811.10687476862711,811.10687476862711,16.600000000000001
155.75,12,52.726601515000752,10.725189635040934,79.544307822155588,5.9310016478544432,1.5559076914072305,19.061299510696699,3.3270823949297705,17.580400932956259,127.94869861128267,96.051301388717462,380.5227113701053,1528.4772886298972,1528.4772886298972,2501.7240126943698,814.27598730562818,814.27598730562818,16.600000000000001
156,12,52.689369687728785,10.738759627810495,79.439412505692758,5.9168087539958956,1.5460665707745114,19.108995359690372,3.3292786520248758,17.659438157821569,127.57023215493038,96.429767845069748,377.29019607447179,1531.7098039255307,1531.7098039255307,2498.5568083408998,817.44319165909837,817.44319165909837,16.600000000000001
156.25,12,52.652194071344731,10.752305261941167,79.334523262257079,5.9026683969765221,1.5362951655574772,19.156537104180167,3.3314488423335709,17.738527228695183,127.1920479715009,96.80795202849923,374.07804961301878,1534.9219503869838,1534.9219503869838,2495.3915400513761,820.60845994862211,820.60845994862211,16.600000000000001
156.5,12,52.615074575831244,10.765827037038211,79.229640668169537,5.8885807250845241,1.5265933521381059,19.203924309907968,3.3335934128397411,17.817667531860121,126.81415321513667,97.185846784863458,370.88624526581913,1538.1137547341834,1538.1137547341834,2492.228235145606,823.77176485439225,823.77176485439225,16.600000000000001
156.75,12,52.578011111967825,10.779325452775257,79.12476529316335,5.8745458813408158,1.516960998639608,19.251156555276548,3.3357128074023152,17.896858464177356,126.43655498580371,97.563445014196418,367.71475473462823,1541.2852452653744,1541.2852452653744,2489.066920388625,826.93307961137282,826.93307961137282,16.600000000000001
157,12,52.541003591330046,10.792801008777252,79.019897700414489,5.8605640035142077,1.5073979650959344,19.298233431282622,3.3378074666817876,17.976099433010948,126.05926032915333,97.940739670846796,364.56354816568393,1544.4364518343186,1544.4364518343186,2485.90762199659,830.09237800340793,830.09237800340793,16.600000000000001
157.25,12,52.504051926288518,10.806254204509717,78.915038446573746,5.84663522413965,1.4979041036162561,19.345154541445922,3.3398778280734778,18.055389856150949,125.68227623639611,98.317723763604008,361.43259417216092,1547.5674058278416,1547.5674058278416,2482.7503656426256,833.2496343573722,833.2496343573722,16.600000000000001
157.5,12,52.467156030007871,10.819685539165933,78.810188081799552,5.8327596705352001,1.4884792585525113,19.391919501738546,3.3419243256390394,18.134729161735148,125.305609644181,98.694390355819124,358.32185985694008,1550.6781401430626,1550.6781401430626,2479.5951764627903,836.4048235372079,836.4048235372079,16.600000000000001
157.75,12,52.43031581644545,10.833095511557183,78.705347149792104,5.818937464820344,1.4791232666650174,19.438527940512063,3.3439473900413583,18.214116788169115,124.92926743448356,99.07073256551655,355.23131083527977,1553.7686891647229,1553.7686891647229,2476.4420790620502,839.55792093794787,839.55792093794787,16.600000000000001
158,12,52.393531200349983,10.846484620003231,78.600516187828319,5.8051687239342229,1.4698359572889359,19.484979498423691,3.3459474484800955,18.293552184044746,124.55325643450142,99.446743565498707,352.16091125761989,1556.8390887423827,1556.8390887423827,2473.2910975203349,842.70890247966372,842.70890247966372,16.600000000000001
158.25,12,52.356802097259958,10.859853362225969,78.495695726797976,5.7914535596552525,1.4606171524985669,19.531273828360316,3.34792492463062,18.37303480805728,124.17758341655845,99.822416583441694,349.11062383226209,1559.8893761677405,1559.8893761677405,2470.1422553985844,845.85774460141408,845.85774460141408,16.600000000000001
158.5,12,52.32012842350197,10.87320223524744,78.390886291240818,5.7777920786228183,1.451466667268088,19.577410595359751,3.3498802385875472,18.452564128920987,123.80225509801917,100.19774490198094,346.08040984780735,1562.9195901521955,1562.9195901521955,2466.9955757447738,849.00442425522431,849.00442425522431,16.600000000000001
158.75,12,52.283510096188792,10.886531735286782,78.286088399384568,5.7641843823581294,1.4423843096344744,19.623389476531884,3.3518138068075345,18.53213962528341,123.42727814120865,100.57272185879148,343.07022919583005,1565.9297708041727,1565.9297708041727,2463.8510811000315,852.14891889996682,852.14891889996682,16.600000000000001
159,12,52.246947033217467,10.899842357660116,78.181302563183934,5.7506305672863567,1.4333698808583237,19.669210160977805,3.3537260420552339,18.611760785638364,123.05265915334083,100.9473408466593,340.08004039342842,1568.9199596065744,1568.9199596065744,2460.7087935047534,855.29120649524464,855.29120649524464,16.600000000000001
159.25,12,52.210439153267131,10.913134596680305,78.076529288360476,5.7371307247584316,1.4244231755859134,19.714872349708283,3.355617353349496,18.691427108237402,122.67840468645377,101.32159531354635,337.10980060593045,1571.8901993940722,1571.8901993940722,2457.5687345048059,858.43126549519229,858.43126549519229,16.600000000000001
159.5,12,52.173986375796801,10.926408945561432,77.971769074443472,5.7236849410750601,1.4155439820070606,19.760375755559711,3.3574881459142834,18.771138101000421,122.30452123735381,101.6954787626463,334.15946566928972,1574.8405343307129,1574.8405343307129,2454.4309251576565,861.56907484234182,861.56907484234182,16.600000000000001
159.75,12,52.137588621042923,10.939665896325664,77.867022414811331,5.7102932975116971,1.4067320820113758,19.805720103108403,3.3593388211320927,18.850893281425108,121.93101524756766,102.06898475243247,331.22899011239053,1577.7710098876121,1577.7710098876121,2451.2953860385128,864.70461396148517,864.70461396148517,16.600000000000001
160,12,52.101245810016856,10.952905939710183,77.762289796734066,5.6969558703432783,1.3979872513453895,19.850905128584355,3.3611697764977833,18.930692176495132,121.55789310330076,102.44210689669937,328.31832717947157,1580.681672820531,1580.681672820531,2448.1621372465288,867.83786275346927,867.83786275346927,16.600000000000001
160.25,12,52.064957864502233,10.966129565076754,77.657571701416529,5.6836727308700343,1.3893092597677523,19.895930579783293,3.3629814055751064,19.010534322587294,121.18516113540355,102.81483886459658,325.42742885242728,1583.5725711475752,1583.5725711475752,2445.0311984109981,870.96880158900024,870.96880158900024,16.600000000000001
160.5,12,52.028724707052163,10.979337260320767,77.552868604042573,5.6704439454427122,1.3806978712060907,19.940796215978331,3.3647740979531715,19.090419265377143,120.81282561934361,103.18717438065651,322.55624587329675,1586.4437541267059,1586.4437541267059,2441.9025886976447,874.09741130235352,874.09741130235352,16.600000000000001
160.75,12,51.99254626098638,10.992529511786881,77.448180973819532,5.6572695754909867,1.3721528439071005,19.985501807828719,3.3665482392090058,19.170346559744662,120.44089277518734,103.55910722481279,319.70472776620119,1589.2952722338011,1589.2952722338011,2438.7763268147587,877.22367318523948,877.22367318523948,16.600000000000001
161,12,51.95642245038816,11.005706804184756,77.343509274023674,5.6441496775516047,1.3636739305875158,20.03004713728803,3.3683042108705448,19.250315769678647,120.06936876758749,103.93063123241264,316.87282285939563,1592.1271771406068,1592.1271771406068,2435.6524310193963,880.34756898060232,880.34756898060232,16.600000000000001
161.25,12,51.920353200101218,11.018869620505964,77.23885396204615,5.6310843032967997,1.3552608785846803,20.074431997511407,3.3700423903809411,19.33032646818004,119.69825970577753,104.30174029422258,314.06047830732206,1594.9395216926803,1594.9395216926803,2432.5309191236092,883.46908087638906,883.46908087638906,16.600000000000001
161.5,12,51.884338435726441,11.032018441943411,77.134215489439825,5.6180734995637307,1.3469134300050418,20.118656192761435,3.3717631510653892,19.41037823716459,119.32757164357307,104.67242835642706,311.26764011251532,1597.7323598874871,1597.7323598874871,2429.4118085006562,886.58819149934186,886.58819149934186,16.600000000000001
161.75,12,51.848378083618591,11.045153747812307,77.029594301966654,5.6051173083843873,1.3386313218717723,20.162719538313009,3.3734668620995754,19.490470667364608,118.95731057937975,105.04268942062038,308.49425314746463,1600.5057468525379,1600.5057468525379,2426.2951160912221,889.70488390877642,889.70488390877642,16.600000000000001
162,12,51.812472070882762,11.058276015470145,76.924990839646142,5.5922157670147037,1.3304142862745991,20.206621860357856,3.3751538884776582,19.570603358229047,118.58748245620731,105.41251754379282,305.7402611767032,1603.2597388232994,1603.2597388232994,2423.1808584097453,892.81914159025314,892.81914159025314,16.600000000000001
162.25,12,51.776620325370885,11.07138572024537,76.82040553680325,5.5793689079677655,1.3222620505097649,20.250362995906276,3.3768245909877788,19.650775917825168,118.21809316169158,105.78190683830854,303.00560687805063,1605.9943931219518,1605.9943931219518,2420.0690515504789,895.93094844951952,895.93094844951952,16.600000000000001
162.5,12,51.740822775678026,11.084483335363663,76.715838822117604,5.5665767590454962,1.3141743372238839,20.293942792688998,3.3784793261858903,19.730987962738144,117.84914852812213,106.15085147187798,300.29023186422802,1608.7097681357743,1608.7097681357743,2416.9597111937042,899.04028880629414,899.04028880629414,16.600000000000001
162.75,12,51.705079351138622,11.097569331876265,76.611291118673122,5.5538393433710542,1.3061508645561402,20.337361109057987,3.3801184463715752,19.811239117970146,117.48065433247601,106.51934566752412,297.59407670435201,1611.4059232956504,1611.4059232956504,2413.8528526119294,902.14714738806902,902.14714738806902,16.600000000000001
163,12,51.669389981822633,11.110644178590563,76.506762844008094,5.5411566794220484,1.2981913462785317,20.380617813886289,3.3817422995659836,19.891529016839062,117.11261629645787,106.88738370354226,294.91708094527831,1614.0829190547242,1614.0829190547242,2410.7484906760592,905.2515093239391,905.2515093239391,16.600000000000001
163.25,12,51.633754598531596,11.123708342003315,76.402254410165881,5.5285287810647565,1.2902954919338685,20.423712786466542,3.3833512294923977,19.971857300876565,116.74504008654695,107.25495991345318,292.25918313277498,1616.7408168672277,1616.7408168672277,2407.6466398615398,908.35336013845824,908.35336013845824,16.600000000000001
163.5,12,51.598173132794443,11.136762286237589,76.297766223746038,5.5159556575898527,1.2824630069704881,20.4666459164077,3.3849455755604896,20.052223619725456,116.37793131405145,107.62206868594868,289.62032083244344,1619.3796791675593,1619.3796791675593,2404.5473142544552,911.45268574554325,911.45268574554325,16.600000000000001
163.75,12,51.562645516863554,11.14980647297547,76.193298685955426,5.5034373137457182,1.2746935928812639,20.509417103534066,3.3865256728460027,20.132627631037526,116.01129553516395,107.98870446483618,287.00043065097441,1621.9995693490282,1621.9995693490282,2401.450527557703,914.5494724422955,914.5494724422955,16.600000000000001
164,12,51.527171683710471,11.162841361397367,76.088852192660326,5.4909737497746809,1.2669869473364934,20.552026257781058,3.3880918520771304,20.213069000370314,115.64513825102651,108.35486174897362,284.39944825692641,1624.600551743076,1624.600551743076,2398.356293097077,917.64370690292094,917.64370690292094,16.600000000000001
164.25,12,51.491751567021602,11.175867408122208,75.984427134438434,5.4785649614493623,1.2593427643161412,20.594473299090758,3.389644439621597,20.293547401083718,115.27946490780076,108.72053509219937,281.81730840144991,1627.1826915985528,1627.1826915985528,2395.2646238273433,920.73537617265538,920.73537617265538,16.600000000000001
164.5,12,51.456385101193852,11.188885067149226,75.880023896631556,5.4662109401094652,1.2517607342406984,20.636758157306833,3.3911837574752042,20.374062514236257,114.91428089674345,109.08571910325668,279.25394493889888,1629.7460550611038,1629.7460550611038,2392.175532338289,923.82446766170881,923.82446766170881,16.600000000000001
164.75,12,51.421072221330135,11.201894789802822,75.775642859398474,5.4539116726998689,1.2442405440991646,20.678880772068087,3.3927101232532348,20.454614028481171,114.54959155428858,109.45040844571155,276.7092908472037,1632.2907091527991,1632.2907091527991,2389.0890308607304,926.91096913926776,926.91096913926776,16.600000000000001
165,12,51.385812863234825,11.214897024679548,75.671284397768233,5.4416671418094875,1.236781877575045,20.720841092701168,3.3942238501838249,20.535201639962242,114.18540216213535,109.81459783786478,274.18327824807722,1634.8167217519253,1634.8167217519253,2386.0051312724659,929.99486872753255,929.99486872753255,16.600000000000001
165.25,12,51.350606963409241,11.227892217592331,75.566948881693463,5.4294773257078361,1.2293844151754443,20.762639078115221,3.3957252470984987,20.615825052209541,113.82171794733742,110.17828205266271,271.67583842747604,1637.3241615725265,1637.3241615725265,2382.9238451043329,933.07615489566513,933.07615489566513,16.600000000000001
165.5,12,51.315454459046926,11.240880811520842,75.462636676104182,5.4173421983848158,1.2220478343539773,20.804274696693515,3.3972146184285497,20.696483976034969,113.45854408240145,110.54145591759868,269.18690185554158,1639.813098144461,1639.813098144461,2379.8451835461165,936.15481645388184,936.15481645388184,16.600000000000001
165.75,12,51.280355288028943,11.253863246562398,75.358348140961766,5.4052617295902357,1.2147718096333116,20.84574792618519,3.398692264201757,20.777178129427742,113.09588568538939,110.90411431461074,266.71639820650341,1642.2836017934992,1642.2836017934992,2376.7691574524547,939.2308425475436,939.2308425475436,16.600000000000001
166,12,51.245309388919054,11.266839959884523,75.254083631313136,5.3932358848737785,1.2075560127261284,20.887058753596587,3.4001584800405467,20.857907237449826,112.7337478200261,111.26625217997402,264.26425637844216,1644.7357436215607,1644.7357436215607,2373.6957773487211,942.30422265127743,942.30422265127743,16.600000000000001
166.25,12,51.21031670095887,11.279811385680881,75.149843497345188,5.3812646256263985,1.2004001126527779,20.928207175081145,3.4016135571632118,20.938671032131271,112.37213549581303,111.6278645041871,261.83040451277321,1647.1695954872296,1647.1695954872296,2370.6250534368296,945.37494656316858,945.37494656316858,16.600000000000001
166.5,12,51.175377164062894,11.292777955127459,75.045628084439429,5.3693479091213403,1.1933037758587057,20.969193195829675,3.4030577823852064,21.019469252365639,112.01105366814565,111.98894633185448,259.41477001369333,1649.5852299863093,1649.5852299863093,2367.5569956010422,948.44300439895596,948.44300439895596,16.600000000000001
166.75,12,51.140490718813609,11.305740096338551,74.941437733226508,5.3574856885544611,1.1862666663321164,21.010016829961337,3.4044914381200284,21.100301643805548,111.65050723843443,112.3494927615657,257.01727956762238,1651.9827204323803,1651.9827204323803,2364.4916134137752,951.50838658622331,951.50838658622331,16.600000000000001
167,12,51.105657306456436,11.318698234327231,74.837272779641168,5.3456779130866661,1.179288445717112,21.050678100412629,3.4059148023842249,21.181167958758209,111.29050105423237,112.70949894576775,254.63785916226496,1654.3621408377378,1654.3621408377378,2361.4289161413085,954.57108385868946,954.57108385868946,16.600000000000001
167.25,12,51.070876868894672,11.331652790966547,74.733133554977158,5.3339245278862055,1.1723687734260886,21.091177038826558,3.4073281488028573,21.262067956081122,110.93103990936669,113.06896009063344,252.27643410558872,1656.7235658944139,1656.7235658944139,2358.3689127494795,957.63108725051882,957.63108725051882,16.600000000000001
167.5,12,51.03614934868434,11.344604184952363,74.629020385942397,5.3222254741713684,1.165507306750442,21.131513685441554,3.4087317466163154,21.34300140107791,110.57212854407486,113.42787145592527,249.93292904464124,1659.0670709553615,1659.0670709553615,2355.3116119093283,960.68838809066983,960.68838809066983,16.600000000000001
167.75,12,51.001474689028996,11.357552831768738,74.524933594714241,5.310580689253741,1.1587037009689407,21.171688088979657,3.4101258606898193,21.423968065393595,110.21377164514611,113.786228354854,247.60726798417576,1661.3927320158268,1661.3927320158268,2352.2570220027274,963.74297799727083,963.74297799727083,16.600000000000001
168,12,50.966852833774524,11.370499143653518,74.420873498994624,5.2989901065815586,1.1519576094553685,21.2117003065351,3.4115107515221545,21.504967726911193,109.85597384606588,114.14402615393423,245.2993743051565,1663.7006256948462,1663.7006256948462,2349.2051511279374,966.79484887206047,966.79484887206047,16.600000000000001
168.25,12,50.93228372740392,11.383443529565666,74.316840412065162,5.2874536557834473,1.1452686837843695,21.251550403462669,3.4128866752558848,21.586000169648457,109.49873972716441,114.50126027283572,243.00917078309317,1665.9908292169093,1665.9908292169093,2346.1560071051294,969.84399289486828,969.84399289486828,16.600000000000001
168.5,12,50.897767315031956,11.396386395154838,74.212834642842594,5.2759712627126278,1.1386365738351301,21.291238453265521,3.4142538836898191,21.667065183654298,109.14207381577049,114.85792618422964,240.73657960618672,1668.263420393816,1668.263420393816,2343.1095974818691,972.89040251812912,972.89040251812912,16.600000000000001
168.75,12,50.863303542399855,11.409328142732198,74.108856495933992,5.2645428494913764,1.1320609278935716,21.330764537483073,3.4156126242922382,21.748162564905737,108.78598058636881,115.21401941363132,238.48152239331552,1670.5184776066869,1670.5184776066869,2340.0659295385526,975.93407046144523,975.93407046144523,16.600000000000001
169,12,50.828892355869925,11.422269171242776,74.004906271692093,5.2531683345558537,1.1255413927528353,21.370128745578675,3.4169631402152829,21.829292115205259,108.43046446076143,115.56953553923869,236.24392021184875,1672.756079788154,1672.756079788154,2337.0250102937994,978.9749897061987,978.9749897061987,16.600000000000001
169.25,12,50.794533702420182,11.43520987623946,73.90098426627037,5.2418476327019343,1.11907761381177,21.409331174826718,3.4183056703101524,21.910453642079055,108.07552980823311,115.924470191767,234.02369359525494,1674.9763064047477,1674.9763064047477,2333.9868465097529,982.01315349024503,982.01315349024503,16.600000000000001
169.5,12,50.760227529638883,11.448150649858185,73.797090771678427,5.2305806551299323,1.1126692351723442,21.448371930200729,3.4196404491440275,21.991646958674544,107.72118094572036,116.27881905427977,231.82076256060182,1677.1792374394008,1677.1792374394008,2330.9514446974126,985.0485553025851,985.0485553025851,16.600000000000001
169.75,12,50.725973785719056,11.461091880794726,73.693226075837075,5.219367309490246,1.1063158997350906,21.487251124260951,3.4209677070177729,22.072871883658859,107.36742213798412,116.63257786201601,229.63504662585018,1679.3649533741525,1679.3649533741525,2327.9188111218787,988.08118887811952,988.08118887811952,16.600000000000001
170,12,50.691772419453081,11.474033954282918,73.589390462633432,5.2082074999294301,1.1000172492928129,21.525968877041826,3.4222876699845952,22.15412824111791,107.01425759778638,116.98574240221375,227.46646482696553,1681.5335351730371,1681.5335351730371,2324.8889518075375,991.11104819246043,991.11104819246043,16.600000000000001
170.25,12,50.657623380227108,11.48697725207429,73.485584211975805,5.1971011271363645,1.0937729246226899,21.564525315939612,3.4236005598697736,22.23541586045576,106.66169148607004,117.33830851393009,225.31493573485977,1683.685064265143,1683.685064265143,2321.8618725432111,994.13812745678683,994.13812745678683,16.600000000000001
170.5,12,50.623526618015575,11.499922152419215,73.381807599848685,5.1860480883886559,1.0875825655766018,21.60292057560002,3.4249065942915986,22.31673457629444,106.30972791214248,117.69027208785765,223.18037747214933,1685.8196225278534,1685.8196225278534,2318.8375788872509,997.1624211127471,997.1624211127471,16.600000000000001
170.75,12,50.589482083375586,11.512869030050235,73.278060898367642,5.1750482775993625,1.0814458111691883,21.641154797805708,3.4262059866844363,22.398084228373659,105.95837093386341,118.04162906613672,221.06270772970603,1687.9372922702969,1687.9372922702969,2315.8160761725944,1000.1839238274035,1000.1839238274035,16.600000000000001
171,12,50.555489727441362,11.525818256164754,73.174344375833726,5.1641015853636274,1.0753622996657812,21.67922813136455,3.4274989463198322,22.479464661452468,105.6076245578339,118.39237544216621,218.96184378310093,1690.0381562169021,1690.0381562169021,2312.7973695117435,1003.2026304882544,1003.2026304882544,16.600000000000001
171.25,12,50.52154950191872,11.538770198410386,73.070658296788039,5.1532078990056753,1.0693316686676697,21.717140731997617,3.42878567833047,22.560875725210526,105.25749273959018,118.74250726040995,216.87770250881945,1692.1222974911834,1692.1222974911834,2309.7814638017071,1006.218536198291,1006.218536198291,16.600000000000001
171.5,12,50.487661359079411,11.551725220871486,72.967002922065987,5.1423671026259425,1.0633535551958291,21.754892762227406,3.4300663837348329,22.642317274150003,104.90797938380011,119.0920206162,214.81020040030035,1694.1897995997026,1694.1897995997026,2306.7683637288906,1009.2316362711076,1009.2316362711076,16.600000000000001
171.75,12,50.453825251755489,11.564683684056854,72.86337850885154,5.1315790771483334,1.0574275957731063,21.792484391266282,3.4313412594625685,22.723789167498175,104.55908834446302,119.44091165553711,212.7592535837972,1696.2407464162056,1696.2407464162056,2303.7580737739304,1012.2419262260677,1012.2419262260677,16.600000000000001
172,12,50.420041133333754,11.577645944888816,72.759785310731104,5.1208437003677671,1.0515534265046464,21.829915794905091,3.4326104983807117,22.805291269110686,104.2108234251123,119.78917657488783,210.72477783404651,1698.2752221659564,1698.2752221659564,2300.7505982164685,1015.2494017835293,1015.2494017835293,16.600000000000001
172.25,12,50.386308957750018,11.590612356693697,72.656223577747255,5.1101608469980908,1.0457306831564652,21.867187155401801,3.4338742893207614,22.886823447375622,103.86318837902112,120.136811620979,208.70668858973249,1700.2933114102705,1700.2933114102705,2297.7459411398581,1018.2540588601397,1018.2540588601397,16.600000000000001
172.5,12,50.352628679483566,11.603583269192857,72.552693556452411,5.0995303887191135,1.0399590012333602,21.904298661371183,3.4351328171062909,22.968385575117644,103.51618690941065,120.48381309058948,206.70490096884626,1702.2950990311565,1702.2950990311565,2294.7441064358645,1021.2558935641333,1021.2558935641333,16.600000000000001
172.75,12,50.319000253551422,11.616559028495455,72.449195489962079,5.0889521942245315,1.0342380160544649,21.941250507674201,3.4363862625814838,23.049977529503238,103.16982266966119,120.83017733033894,204.71932978379826,1704.2806702162045,1704.2806702162045,2291.7450978092706,1024.2549021907273,1024.2549021907273,16.600000000000001
173,12,50.28542363550276,11.629539977092254,72.345729618007994,5.0784261292697686,1.0285673628274064,21.97804289530789,3.4376348026403356,23.131599191946599,102.82409926352599,121.17590073647413,202.74988955636121,1706.2501104436417,1706.2501104436417,2288.7489187824362,1027.2510812175617,1027.2510812175617,16.600000000000001
173.25,12,50.251898781413203,11.642526453850552,72.242296176990962,5.0679520567198226,1.022946676720923,22.014676031295572,3.4388786102565283,23.213250448016193,102.47902024534778,121.52097975465234,200.79649453243169,1708.2035054675712,1708.2035054675712,2285.755572699803,1030.2444273001954,1030.2444273001954,16.600000000000001
173.5,12,50.218425647879215,11.655518794010552,72.138895400033462,5.0575298365973236,1.017375592935633,22.051150128577351,3.4401178545142499,23.294931187341977,102.13458912027779,121.86541087972233,198.85905869658873,1710.1409413034141,1710.1409413034141,2282.7650627323364,1033.2349372676622,1033.2349372676622,16.600000000000001
173.75,12,50.185004192012364,11.668517329182816,72.035527517031994,5.0471593261306085,1.0118537467732518,22.087465405901035,3.4413527006396638,23.376641303523446,101.79080934449728,122.20919065550285,196.93749578646739,1712.0625042135355,1712.0625042135355,2279.7773918819144,1036.2226081180841,1036.2226081180841,16.600000000000001
174,12,50.151634371433765,11.681522387345925,71.932192754709135,5.0368403798014132,1.0063807737051624,22.123622087713812,3.4425833100321155,23.458380694038347,101.44768432544114,122.55231567455898,195.03171930700464,1713.9682806929982,1713.9682806929982,2276.7925629856732,1039.207437014325,1039.207437014325,16.600000000000001
174.25,12,50.11831614426837,11.694534292846093,71.828891336665336,5.0265728493929744,1.0009563094385812,22.159620404054063,3.4438098402968009,23.540149260152223,101.10521742202413,122.894782577976,193.14164254444387,1715.8583574555589,1715.8583574555589,2273.8105787202826,1042.1894212797158,1042.1894212797158,16.600000000000001
174.5,12,50.085049469139335,11.70755336639755,71.725623483430397,5.0163565840380189,0.9955799899814709,22.195460590443702,3.4450324452777323,23.621946906828676,100.76341194486925,123.23658805513088,191.26717858017236,1717.7328214198305,1717.7328214198305,2270.8314416061658,1045.1685583938331,1045.1685583938331,16.600000000000001
174.75,12,50.05183430516243,11.720579925083955,71.622389412514607,5.006191430266715,0.99025145170596085,22.231142887781015,3.4462512750912557,23.703773542640437,100.42227115653832,123.57772884346181,189.40824030437295,1719.5917596956299,1719.5917596956299,2267.8551540116646,1048.1448459883336,1048.1448459883336,16.600000000000001
175,12,50.018670611940344,11.733614282360872,71.51918933845964,4.9960772320546578,0.98497033141011703,22.266667542234092,3.4474664761602134,23.785629079681282,100.08179827176484,123.91820172823529,187.56474042947553,1721.4352595705273,1721.4352595705273,2264.8817181571471,1051.1182818428517,1051.1182818428517,16.600000000000001
175.25,12,49.985558349557103,11.74665674805903,71.41602347288908,4.9860138308706929,0.97973626637858913,22.302034805134671,3.4486781912483089,23.867513433478656,99.741996457688643,124.25800354231149,185.7365915034579,1723.2634084965448,1723.2634084965448,2261.9111361190558,1054.0888638809429,1054.0888638809429,16.600000000000001
175.5,12,49.952497478572461,11.759707628388636,71.312892024558707,4.9760010657247129,0.97454889444164494,22.337244932872629,3.4498865594950661,23.949426522907228,99.402868834092402,124.59713116590771,183.92370592294694,1725.076294077056,1725.076294077056,2258.9434098339088,1057.05659016609,1057.05659016609,16.600000000000001
175.75,12,49.919487960016305,11.7727672259446,71.209795199406372,4.9660387732154092,0.96940785403274854,22.372298186791017,3.4510917164512565,24.031368270103194,99.064418473640472,124.93558152635966,182.12599594613388,1726.8740040538689,1726.8740040538689,2255.9785411022326,1060.0214588977658,1060.0214588977658,16.600000000000001
176,12,49.886529755383073,11.785835839712643,71.106733200601468,4.9561267875779089,0.96431278424475453,22.407194833081697,3.4522937941147038,24.113338600379457,98.726648402119153,125.27335159788097,180.34337370551091,1728.6566262944921,1728.6566262944921,2253.0165315924442,1062.9834684075543,1062.9834684075543,16.600000000000001
176.25,12,49.853622826626193,11.798913765076488,71.003706228594183,4.9462649407314876,0.95926332488444932,22.441935142681466,3.4534929209665512,24.195337442141842,98.389561598679094,125.61043840132103,178.57575122040654,1730.4242487795964,1730.4242487795964,2250.0573828446627,1065.942617155335,1065.942617155335,16.600000000000001
176.5,12,49.82076713615249,11.812001293825926,70.9007144811643,4.9364530623271641,0.9542591165257116,22.476519391168786,3.4546892220078922,24.277364726806127,98.053160996078958,125.94683900392116,176.82304040934022,1732.1769595906628,1732.1769595906628,2247.1010962744672,1068.898903725531,1068.898903725531,16.600000000000001
176.75,12,49.787962646816737,11.825098714165073,70.797758153469672,4.9266909797946985,0.94929980056201635,22.510947858661559,3.4558828187965354,24.359420388715503,97.717449480931293,126.28255051906883,175.08515310224715,1733.9148468977558,1733.9148468977558,2244.147673176622,1071.852326823376,1071.852326823376,16.600000000000001
177,12,49.755209321916055,11.838206310722086,70.694837438094339,4.9169785183899393,0.94438501925684815,22.545220829715152,3.457073829484302,24.441504365059405,97.382429893949535,126.61757010605059,173.36200105246948,1735.6379989475336,1735.6379989475336,2241.197114728724,1074.8028852712739,1074.8028852712739,16.600000000000001
177.25,12,49.722507125184485,11.851324364559492,70.591952525096261,4.9073155012418974,0.93951441579298811,22.579338593221227,3.4582623688545553,24.523616595793062,97.048105030196723,126.9518949698034,171.6534959485825,1737.3465040514204,1737.3465040514204,2238.2494219947916,1077.7505780052063,1077.7505780052063,16.600000000000001
177.5,12,49.68985602078746,11.864453153185268,70.489103602054627,4.8977017493996495,0.93468763432045876,22.613301442307247,3.459448548360033,24.605757023557963,96.714477639335684,127.28552236066443,169.95954942604033,1739.0404505739625,1739.0404505739625,2235.3045959288038,1080.6954040711944,1080.6954040711944,16.600000000000001
177.75,12,49.657255973316396,11.877592950564875,70.386290854116808,4.8881370818790479,0.92990432000293355,22.647109674236834,3.4606324761612268,24.687925593603136,96.381550425880803,127.61844957411931,168.28007307862234,1740.7199269213806,1740.7199269213806,2232.3626373781758,1083.6373626218219,1083.6373626218219,16.600000000000001
178,12,49.624706947783238,11.890744027133655,70.283514464044899,4.878621315709311,0.92516411906330187,22.680763590310576,3.4618142571644275,24.770122253707477,96.049326049450755,127.95067395054936,166.61497846974109,1742.3850215302618,1742.3850215302618,2229.423547087189,1086.5764529128087,1086.5764529128087,16.600000000000001
178.25,12,49.59220890961506,11.90390664981013,70.180774612261914,4.8691542659793887,0.92046667882772926,22.714263495767778,3.4629939930602807,24.852346954102888,95.717807125022745,128.28219287497737,164.96417714355229,1744.0358228564507,1744.0358228564507,2226.487325700356,1089.512674299642,1089.512674299642,16.600000000000001
178.5,12,49.559761824648682,11.917081082009997,70.078071476897591,4.8597357458841239,0.91581164776842638,22.747609699688859,3.4641717823625862,24.934599647398393,95.386996223187893,128.61300377681221,163.32758063588577,1745.6724193641173,1745.6724193641173,2223.5539737657323,1092.4460262342654,1092.4460262342654,16.600000000000001
178.75,12,49.527365659125302,11.930267583660763,69.975405233833669,4.8503655667702059,0.91119867554521516,22.780802514898596,3.4653477204472254,25.016880288505082,95.056895870408027,128.94310412959209,161.70510048500392,1747.2948995149991,1747.2948995149991,2220.6234917381748,1095.3765082618233,1095.3765082618233,16.600000000000001
179,12,49.495020379685222,11.943466411217132,69.872776056748791,4.8410435381820198,0.90662741304569427,22.813842257870022,3.4665218995912377,25.099188834562216,94.727508549273253,129.27249145072687,160.09664824217026,1748.9033517578325,1748.9033517578325,2217.6958799825302,1098.3041200174675,1098.3041200174675,16.600000000000001
179.25,12,49.462725953362444,11.956677817677006,69.770184117163055,4.8317694679072485,0.90209751242421266,22.84672924862917,3.4676944090120294,25.181525244864254,94.398836698760704,129.60116330123941,158.50213548204496,1750.4978645179579,1750.4978645179579,2214.7711387767754,1101.228861223223,1101.228861223223,16.600000000000001
179.5,12,49.43048234757952,11.969902052597808,69.667629584482185,4.8225431620219439,0.89760862714011602,22.879463810660695,3.4688653349067557,25.263889480788279,94.070882714494601,129.92911728550553,156.92147381294808,1752.0785261870549,1752.0785261870549,2211.8492683151217,1104.1507316848765,1104.1507316848765,16.600000000000001
179.75,12,49.3982895301422,11.983139362113677,69.565112626041127,4.8133644249356582,0.89316041199433094,22.912046270814219,3.4700347604917519,25.346281505722899,93.743648949006868,130.25635105099329,155.35457488690801,1753.6454251130949,1753.6454251130949,2208.9302687110448,1107.0697312889529,1107.0697312889529,16.600000000000001
180,12,49.366147469234285,11.996389988953167,69.462633407147351,4.804233059436231,0.8887525231649327,22.944476959211471,3.4712027660420688,25.428701284997935,93.417137711998819,130.58286228800134,153.80135040955116,1755.1986495904519,1755.1986495904519,2206.0141400002635,1109.9858599997342,1109.9858599997342,16.600000000000001
180.25,12,49.33405613341241,12.009654172457482,69.360192091123679,4.7951488667343067,0.88438461824154879,22.976756209154331,3.472369428931092,25.511148785815017,93.091351270603809,130.90864872939633,152.26171214981943,1756.7382878501835,1756.7382878501835,2203.1008821436626,1112.8991178563354,1112.8991178563354,16.600000000000001
180.5,12,49.302015491600912,12.022932148599461,69.25778883935061,4.7861116465075844,0.88005635625837031,23.008884357033754,3.473534823670422,25.593623977179238,92.7662918496505,131.23370815034963,150.73557194949615,1758.2644280505069,1758.2644280505069,2200.1904950301596,1115.8095049698386,1115.8095049698386,16.600000000000001
180.75,12,49.270025513086686,12.036224150002663,69.155423811308324,4.7771211969447807,0.87576739772658341,23.040861742239368,3.4746990219493807,25.676126829831542,92.441961631927015,131.55803836807314,149.22284173260809,1759.7771582673947,1759.7771582673947,2197.2829784795285,1118.7170215204694,1118.7170215204694,16.600000000000001
181,12,49.238086167514119,12.049530405961164,69.053097164618208,4.7681773147893036,0.87151740466543159,23.072688707070068,3.4758620926747485,25.758657316182212,92.118362758445699,131.88163724155447,147.72343351463707,1761.2765664853659,1761.2765664853659,2194.3783322451654,1121.6216677548323,1121.6216677548323,16.600000000000001
181.25,12,49.20619742488001,12.06285114245985,68.95080905508398,4.7592797953826258,0.86730604063216765,23.104365596645422,3.4770241020105459,25.841215410245237,91.79549732870862,132.20450267129155,146.23725941156249,1762.7627405884405,1762.7627405884405,2191.4765560167975,1124.5234439832004,1124.5234439832004,16.600000000000001
181.5,12,49.1743592555286,12.076186582195129,68.848559636732219,4.7504284327073529,0.86313297075099182,23.135892758818009,3.4781851134177653,25.923801087573633,91.473367400973643,132.52663259902653,144.76423164874299,1764.23576835126,1764.23576835126,2188.5776494231441,1127.4223505768537,1127.4223505768537,16.600000000000001
181.75,12,49.142571630146513,12.089536944596137,68.746349061852669,4.7416230194300288,0.85899786174083526,23.16727054408657,3.4793451876940411,26.006414325195838,91.15197499252109,132.84802500747907,143.30426256962139,1765.6957374303815,1765.6957374303815,2185.681612034517,1130.3183879654807,1130.3183879654807,16.600000000000001
182,12,49.110834519757873,12.102902445846327,68.644177481037786,4.7328633469436099,0.85490038194213724,23.198499305510136,3.4805043830132889,26.089055101553022,90.831322079920767,133.1686779200794,141.85726464426918,1767.142735355734,1767.142735355734,2182.7884433653685,1133.2115566346292,1133.2115566346292,16.600000000000001
182.25,12,49.079147895719359,12.116283298905403,68.542045043222288,4.7241492054094891,0.85084020134290139,23.229579398622928,3.481662754965388,26.171723396436992,90.511410599299808,133.48858940070036,140.42315047780133,1768.5768495222017,1768.5768495222017,2179.898142876812,1136.1018571231857,1136.1018571231857,16.600000000000001
182.5,12,49.047511729715325,12.129679713531724,68.439951895721876,4.7154803837993242,0.84681699160345547,23.260511181350257,3.4828203565956941,26.254419190929372,90.192242446610635,133.80775755338954,139.00183281859685,1769.998167181406,1769.998167181406,2177.0107099790671,1138.9892900209304,1138.9892900209304,16.600000000000001
182.75,12,49.015925993752958,12.143091896305041,68.337898184271722,4.7068566699364771,0.84283042608032988,23.291295013925279,3.4839772384444982,26.337142467341675,89.873819477899403,134.12618052210075,137.59322456637059,1771.4067754336324,1771.4067754336324,2174.1261440338626,1141.8738559661351,1141.8738559661351,16.600000000000001
183,12,48.98439066015748,12.15652005064962,68.235884053064339,4.6982778505371163,0.83888017984915586,23.321931258806707,3.4851334485864003,26.41989320915625,89.556143509574923,134.44385649042528,136.19723878008537,1772.8027612199176,1772.8027612199176,2171.2444443567883,1144.7555556432094,1144.7555556432094,16.600000000000001
183.25,12,48.952905701567396,12.169964376857841,68.13390964478711,4.6897437112509728,0.83496592972639405,23.352420280597482,3.4862890326696574,26.502671400968357,89.239216318677435,134.76078368132275,134.81378868568646,1774.1862113143166,1774.1862113143166,2168.3656102195873,1147.6343897804106,1147.6343897804106,16.600000000000001
183.5,12,48.921471090929721,12.183425072113817,68.031975100659352,4.6812540367017226,0.83108735429059988,23.382762445964222,3.4874440339552519,26.585477028428826,88.9230396431483,135.07696035685188,133.44278768372297,1775.5572123162801,1775.5572123162801,2165.4896408524201,1150.5103591475779,1150.5103591475779,16.600000000000001
183.75,12,48.89008680149535,12.19690233051749,67.930080560468937,4.6728086105270128,0.82724413390253304,23.412958123557701,3.4885984933559198,26.668310078187869,88.607615182099423,135.39238481790076,132.08414935679258,1776.9158506432104,1776.9158506432104,2162.6165354460677,1153.3834645539305,1153.3834645539305,16.600000000000001
184,12,48.858752806814344,12.210396343109029,67.828226162608459,4.6644072154181266,0.82343595072434894,23.443007683934233,3.4897524494750392,26.751170537839759,88.292944596083032,135.70705540391717,130.73778747683136,1778.2622125231715,1778.2622125231715,2159.7462931540858,1156.2537068459121,1156.2537068459121,16.600000000000001
184.25,12,48.827469080731369,12.223907297893485,67.72641204411093,4.6560496331592676,0.81966248873795267,23.472911499478009,3.4909059386453656,26.83405839586845,87.979029507361602,136.02097049263858,129.40361601225567,1779.5963839877472,1779.5963839877472,2156.8789130949167,1159.1210869050815,1159.1210869050815,16.600000000000001
184.5,12,48.796235597381099,12.237435379865726,67.624638340684967,4.6477356446664686,0.81592343376240606,23.502669944324381,3.4920589949675667,26.916973641594179,87.665871500177758,136.33412849982241,128.08154913494306,1780.9184508650599,1780.9184508650599,2154.014394353941,1161.9856056460567,1161.9856056460567,16.600000000000001
184.75,12,48.765052331183703,12.250980771035602,67.522905186749611,4.6394650300261189,0.81221847347051257,23.532283394284146,3.4932116503485977,26.999916265120987,87.353472121024367,136.6465278789758,126.77150122706706,1782.2284987729358,1782.2284987729358,2151.152735985494,1164.8472640145039,1164.8472640145039,16.600000000000001
185,12,48.733919256840331,12.264543650453325,67.421212715468712,4.631237568533102,0.80854729740477715,23.561752226768547,3.4943639345399538,27.08288625728488,87.041832878914676,136.95816712108549,125.47338688781043,1783.5266131121923,1783.5266131121923,2148.2939370148374,1167.7060629851601,1167.7060629851601,16.600000000000001
185.25,12,48.70283634932867,12.278124194235099,67.319561058784856,4.6230530387285409,0.80490959699233378,23.59107682071544,3.4955158751756557,27.165883609603153,86.730955245652382,137.26904475434782,124.18712093990435,1784.8128790600986,1784.8128790600986,2145.4379964400837,1170.5620035599143,1170.5620035599143,16.600000000000001
185.5,12,48.671803583898537,12.291722575588942,67.217950347452742,4.6149112184371521,0.80130506555914416,23.620257556516304,3.4966674978100611,27.248908314224558,86.420840656101603,137.57915934389857,122.91261843603145,1786.0873815639716,1786.0873815639716,2142.5849132340672,1173.4150867659307,1173.4150867659307,16.600000000000001
185.75,12,48.640820936067527,12.305338964840706,67.116380711072296,4.606811884804201,0.79773339834339541,23.649294815944259,3.4978188259554521,27.331960363880359,86.111490508456967,137.8885094915432,121.64979466508329,1787.3502053349196,1787.3502053349196,2139.7346863461803,1176.2653136538172,1176.2653136538172,16.600000000000001
186,12,48.609888381616642,12.318973529460358,67.014852278120998,4.5987548143320467,0.79419429250793483,23.678188982083103,3.4989698811193444,27.415039751836538,85.802906164513132,138.19709383548704,120.39856515825375,1788.6014348417491,1788.6014348417491,2136.887314704145,1179.1126852958521,1179.1126852958521,16.600000000000001
186.25,12,48.579005896586047,12.332626434088255,66.913365175986186,4.5907397829162928,0.79068744715240413,23.706940439257082,3.5001206828416982,27.498146471846308,85.495088949934768,138.5049110500654,119.15884569504236,1789.8411543049606,1789.8411543049606,2134.0427972157736,1181.9572027842237,1181.9572027842237,16.600000000000001
186.5,12,48.548173457270821,12.346297840561654,66.811919530996676,4.582766565881526,0.7872125633243755,23.735549572961705,3.5012712487318156,27.581280518103867,85.188040154526007,138.81195984547418,117.93055230908901,1791.0694476909139,1791.0694476909139,2131.2011327706664,1184.7988672293313,1184.7988672293313,16.600000000000001
186.75,12,48.517391040216715,12.359987907941399,66.710515468454034,4.5748349380166378,0.78376934402975951,23.764016769795568,3.502421594504987,27.664441885198976,84.881761032499767,139.11823896750042,116.7136012938699,1792.2863987061328,1792.2863987061328,2128.362320241868,1187.6376797581295,1187.6376797581295,16.600000000000001
187,12,48.486658622216041,12.373696792538688,66.609153112663307,4.5669446736097399,0.78035749424254763,23.792342417393069,3.5035717340188959,27.747630568072413,84.576252802746836,139.42374719725336,115.50790920826179,1793.492090791741,1793.492090791741,2125.5263584874865,1190.473641512511,1190.473641512511,16.600000000000001
187.25,12,48.455976180303502,12.38742464794198,66.50783258696336,4.5590955464826557,0.77697672091386993,23.820526904358076,3.5047216793097662,27.830846561972244,84.271516649104612,139.72848335089557,114.31339288197206,1794.6866071180307,1794.6866071180307,2122.6932463522653,1193.3067536477322,1193.3067536477322,16.600000000000001
187.5,12,48.425343691752168,12.401171625044064,66.406554013756718,4.5512873300249641,0.77362673298014339,23.848570620198739,3.505871440628173,27.914089862411235,83.967553720625446,140.03244627937471,113.12996942080623,1795.8700305791967,1795.8700305791967,2119.862982669104,1196.1370173308935,1196.1370173308935,16.600000000000001
187.75,12,48.394761134069434,12.414937872069226,66.305317514538828,4.5435197972276047,0.7703072413705474,23.876473955263268,3.5070210264745714,27.997360465125144,83.664365131844676,140.33563486815549,111.9575562118023,1797.0424437882007,1797.0424437882007,2117.0355662605371,1198.9644337394595,1198.9644337394595,16.600000000000001
188,12,48.364228484993006,12.428723534600261,66.204123209927502,4.535792720716211,0.76701795901465797,23.904237300675952,3.5081704436347882,28.080658366030846,83.361951963048767,140.6380480369514,110.79607092833361,1798.2039290716691,1798.2039290716691,2114.2109959402233,1201.7890040597736,1201.7890040597736,16.600000000000001
188.25,12,48.333745722486938,12.442528755605808,66.102971219691312,4.528105872783871,0.76375860084862124,23.931861048274847,3.5093196972149814,28.163983561186328,83.060315260542566,140.93968473945759,109.64543153498039,1799.3545684650226,1799.3545684650226,2111.3892705143394,1204.6107294856577,1204.6107294856577,16.600000000000001
188.5,12,48.303312824737766,12.456353675467675,66.001861662777756,4.5204590254235013,0.76052888382094863,23.959345590550193,3.5104687906763736,28.247336046751183,82.759456036916319,141.24054396308384,108.50555629230344,1800.4944437076995,1800.4944437076995,2108.5703887829559,1207.4296112170412,1207.4296112170412,16.600000000000001
188.75,12,48.272929770150618,12.470198432008191,65.900794657341038,4.5128519503597984,0.75732852689771835,23.986691320583759,3.5116177258697014,28.330715818947951,82.459375271312169,141.54062472868799,107.37636376149268,1801.6236362385102,1801.6236362385102,2105.7543495413729,1210.2456504586244,1210.2456504586244,16.600000000000001
189,12,48.242596537345399,12.484063160517632,65.799770320769326,4.5052844190807564,0.75415725106717912,24.013898631989115,3.5127665030693458,28.41412287402424,82.160073909690212,141.83992609030994,106.25777280888998,1802.742227191113,1802.742227191113,2102.9411515814154,1213.0588484185814,1213.0588484185814,16.600000000000001
189.25,12,48.212313105153015,12.497947993781626,65.698788769711413,4.4977562028686382,0.75101477934351024,24.040967918853287,3.5139151210069093,28.497557208216204,81.861552865093671,142.1384471349065,105.14970261034537,1803.8502973896575,1803.8502973896575,2100.1307936926728,1215.8692063073245,1215.8692063073245,16.600000000000001
189.5,12,48.182079452611674,12.511853062108626,65.597850120103402,4.4902670728307355,0.747900836770516,24.067899575678531,3.5150635769049394,28.581018817711833,81.563813017914299,142.43618698208587,104.05207265553135,1804.9479273444715,1804.9479273444715,2097.3232746637373,1218.6767253362596,1218.6767253362596,16.600000000000001
189.75,12,48.151895558963098,12.525778493357395,65.49695448719477,4.4828167999296014,0.74481515042459023,24.094693997325393,3.516211866510166,28.664507698615434,81.266855216156884,142.73314478384327,102.96480275210773,1806.0351972478952,1806.0351972478952,2094.5185932833983,1221.4814067165989,1221.4814067165989,16.600000000000001
190,12,48.121761403648968,12.53972441296446,65.396101985573935,4.4754051550128224,0.74175744941702282,24.121351578956805,3.5173599841263052,28.748023846913071,80.970680275703145,143.02931972429701,101.88781302974797,1807.1121869702549,1807.1121869702549,2091.7167483417838,1224.2832516582132,1224.2832516582132,16.600000000000001
190.25,12,48.091676966307254,12.553690943971581,65.295292729193434,4.4680319088423728,0.73872746489585817,24.147872715983016,3.5185079226466041,28.831567258438671,80.675288980574976,143.32471101942519,100.82102394406002,1808.1789760559429,1808.1789760559429,2088.9177386314791,1227.0822613685184,1227.0822613685184,16.600000000000001
190.5,12,48.061642226768669,12.567678207053184,65.194526831394811,4.4606968321235438,0.73572493004724526,24.174257804007443,3.5196556735860605,28.91513792884086,80.3806820831972,143.61931791680294,99.764356280391468,1809.2356437196113,1809.2356437196113,2086.1215629486042,1229.8784370513929,1229.8784370513929,16.600000000000001
190.75,12,48.031657165053161,12.581686320543792,65.09380440493284,4.4533996955333857,0.73274958009620539,24.20050723877354,3.5208032271132286,28.998735853550773,80.08686030465951,143.91313969534067,98.717731157506194,1810.2822688424969,1810.2822688424969,2083.3282200938575,1232.6717799061394,1232.6717799061394,16.600000000000001
191,12,48.001721761366433,12.595715400465396,64.993125561999335,4.4461402697486365,0.72980115230676379,24.226621416112856,3.5219505720815594,29.082361027750821,79.793824334977487,144.2061756650227,97.681070031123951,1811.318929968879,1811.318929968879,2080.5377088735086,1235.4622911264883,1235.4622911264883,16.600000000000001
191.25,12,47.971835996096466,12.609765560554825,64.892490414247106,4.4389183254735585,0.72687938598221447,24.252600731893015,3.5230976960609404,29.166013446343136,79.501574833353885,144.49842516664629,96.654294697445536,1812.3457053025575,1812.3457053025575,2077.7500281004072,1238.2499718995896,1238.2499718995896,16.600000000000001
191.5,12,47.94199984981018,12.623836912291027,64.791899072812967,4.4317336334670623,0.72398402246441385,24.2784455819674,3.5242445853684394,29.249693103919697,79.210112428438521,144.78988757156165,95.637327296485424,1813.3626727035175,1813.3626727035175,2074.9651765949216,1241.0348234050753,1241.0348234050753,16.600000000000001
191.75,12,47.912213303249999,12.637929564922327,64.6913516483405,4.4245859645694505,0.7211148051327394,24.304156362125568,3.5253912250988022,29.333399994732908,78.919437718587417,145.08056228141277,94.630090315314249,1814.3699096846888,1814.3699096846888,2072.1831531858511,1243.8168468141459,1243.8168468141459,16.600000000000001
192,12,47.882476337330615,12.652043625493596,64.590848251002498,4.4174750897287476,0.71827147940262925,24.329733468044498,3.5265375991546239,29.417134112666965,78.629551272121432,145.37044872787874,93.63250659119646,1815.3674934088065,1815.3674934088065,2069.40395671131,1246.5960432886873,1246.5960432886873,16.600000000000001
192.25,12,47.852788933135663,12.666179198873364,64.490388990522916,4.410400780026599,0.71545379272369802,24.355177295240765,3.5276836902761728,29.500895451209825,78.340453627583983,145.65954637241617,92.644499314622436,1816.3555006853805,1816.3555006853805,2066.6275860195788,1249.3724139804183,1249.3724139804183,16.600000000000001
192.5,12,47.823151071914538,12.680336387780757,64.389973976198249,4.4033628067035675,0.71266149457730699,24.380488239023908,3.5288294800706077,29.584684003426318,78.05214529399764,145.94785470600249,91.66599203220558,1817.3340079677976,1817.3340079677976,2063.8540399699145,1252.1459600300827,1252.1459600300827,16.600000000000001
192.75,12,47.793562735079206,12.694515292812499,64.289603316918971,4.3963609411842528,0.70989433647392086,24.405666694450208,3.5299749490412036,29.668499761931411,77.764626751120559,146.2353732488796,90.696908649519585,1818.3030913504836,1818.3030913504836,2061.0833174333457,1254.9166825666514,1254.9166825666514,16.600000000000001
193,12,47.764023904200968,12.708716012469793,64.189277121190329,4.3893949551020013,0.70715207195009555,24.430713056277217,3.5311200766162685,29.752342718864053,77.477898449702025,146.52210155029812,89.737173433839374,1819.2628265661638,1819.2628265661638,2058.3154172934469,1257.6845827065501,1257.6845827065501,16.600000000000001
193.25,12,47.734534561007493,12.722938643185071,64.088995497152837,4.3824646203230122,0.70443445656494696,24.455627718919558,3.5322648411774304,29.83621286586218,77.191960811736749,146.80803918826339,88.786711016749223,1820.213288983254,1820.213288983254,2055.5503384470644,1260.4496615529329,1260.4496615529329,16.600000000000001
193.5,12,47.705094687379628,12.737183279348612,63.98875855260232,4.3755697089700911,0.70174124789630643,24.480411076405446,3.5334092200876857,29.920110194038116,76.906814230718695,147.09318576928146,87.84544639666548,1821.1545536033377,1821.1545536033377,2052.7880798050214,1263.2119201949754,1263.2119201949754,16.600000000000001
193.75,12,47.675704265348415,12.751450013335115,63.888566395009605,4.368709993445993,0.69907220553652027,24.505063522334034,3.5345531897190838,30.004034693954729,76.622459071893729,147.37754092810641,86.913304941261813,1822.0866950587413,1822.0866950587413,2050.0286402927968,1265.9713597072005,1265.9713597072005,16.600000000000001
194,12,47.646363277092163,12.765738935530075,63.788419131539882,4.3618852464562927,0.69642709108788614,24.529585449833661,3.5356967254799994,30.087986355602251,76.338895672511569,147.6611043274886,85.990212389793399,1823.0097876102097,1823.0097876102097,2047.2720188511692,1268.7279811488279,1268.7279811488279,16.600000000000001
194.25,12,47.617071704933444,12.780050134355951,63.688316869071414,4.3550952410316963,0.69380566815768019,24.553977251521307,3.5368398018417393,30.171965168376129,76.056124342076174,147.94387565792397,85.076094855300553,1823.9239051447025,1823.9239051447025,2044.5182144368273,1271.4817855631698,1271.4817855631698,16.600000000000001
194.5,12,47.587829531336205,12.79438369629853,63.58825971421448,4.3483397505503474,0.69120770235305429,24.578239319461947,3.5379823923656057,30.255971121054525,75.774145362596641,148.22585463740353,84.170878826789135,1824.8291211732142,1824.8291211732142,2041.7672260229845,1274.2327739770126,1274.2327739770126,16.600000000000001
194.75,12,47.558636738902884,12.808739705932924,63.48824777332954,4.3416185487594303,0.68863296127547879,24.602372045129353,3.5391244697290256,30.340004201777134,75.492958988836065,148.50704101116409,83.274491171269844,1825.7255088287334,1825.7255088287334,2039.0190525999458,1276.9809474000515,1276.9809474000515,16.600000000000001
195,12,47.529493310371649,12.823118245949468,63.388281152545098,4.33493140979638,0.68608121451489212,24.626375819367688,3.540266005751382,30.424064398024527,75.212565448559729,148.78743455144047,82.386859135712498,1826.6131408642907,1826.6131408642907,2036.2736931756504,1279.7263068243467,1279.7263068243467,16.600000000000001
195.25,12,47.500399228613517,12.837519397179475,63.288359957775256,4.328278108209715,0.68355223364356499,24.650251032353808,3.541406971419534,30.508151696598084,74.93296494278232,149.06703505721782,81.507910348915203,1827.4920896510878,1827.4920896510878,2033.5311467761915,1282.4688532238056,1282.4688532238056,16.600000000000001
195.5,12,47.471354476629685,12.851943238620864,63.188484294736966,4.3216584189794602,0.68104579220967743,24.673998073560398,3.542547336912977,30.592266083600489,74.654157646014355,149.34584235398583,80.637572823285851,1828.3624271767171,1828.3624271767171,2030.7914124463134,1285.2085875536839,1285.2085875536839,16.600000000000001
195.75,12,47.44235903754879,12.866389847463537,63.0886542689667,4.3150721175370101,0.67856166573057519,24.697617331720167,3.5436870716284781,30.676407544417032,74.376143706506952,149.62385629349325,79.775774956520536,1829.2242250434826,1829.2242250434826,2028.0544892498742,1287.9455107501228,1287.9455107501228,16.600000000000001
196,12,47.41341289462428,12.880859299114684,62.988869985837034,4.3085189797846954,0.67609963168578791,24.721109194790628,3.5448261442044742,30.760576063697343,74.09892324649627,149.9010767535039,78.9224455332091,1830.077554466794,1830.077554466794,2025.3203762702944,1290.6796237297026,1290.6796237297026,16.600000000000001
196.25,12,47.384516031231733,12.895351667224059,62.889131550572898,4.3019987821152128,0.67365946950985645,24.744474049919219,3.545964522545396,30.844771625337373,73.822496362447126,150.17750363755306,78.077513726385732,1830.9224862736173,1830.9224862736173,2022.5890726109915,1293.4109273890056,1293.4109273890056,16.600000000000001
196.5,12,47.355668430866281,12.909867023708902,62.789439068267448,4.2955113014303103,0.67124096058481586,24.767712283409772,3.5471021738452593,30.92899421246236,73.546863125294976,150.45313687470519,77.240909098959051,1831.7590909010441,1831.7590909010441,2019.8605773957781,1296.1394226042189,1296.1394226042189,16.600000000000001
196.75,12,47.326870077140065,12.924405438778775,62.689792643897462,4.2890563151591845,0.6688438882324651,24.790824280689588,3.5482390646110273,31.013243807410237,73.272023580687247,150.72797641931294,76.412561605073833,1832.5874383949292,1832.5874383949292,2017.1348897692417,1298.8651102307554,1298.8651102307554,16.600000000000001
197,12,47.298120953779716,12.938966980960217,62.590192382338628,4.2826336012764914,0.6664680377064035,24.813810426277254,3.5493751606856176,31.097520391715573,72.997977749223409,151.00202225077675,75.592401591392999,1833.4075984086101,1833.4075984086101,2014.4120088971054,1301.5879911028919,1301.5879911028919,16.600000000000001
197.25,12,47.269421044623861,12.953551717121195,62.490638388380347,4.2762429383199523,0.66411319618384257,24.836671103751225,3.5505104272705279,31.181823946094067,72.724725626694166,151.27527437330602,74.7803597982996,1834.2196402017032,1834.2196402017032,2011.6919339665631,1304.308066033434,1304.308066033434,16.600000000000001
197.5,12,47.240770333620723,12.968159712495215,62.39113076674014,4.2698841054073711,0.66177915275721833,24.859406695719542,3.5516448289477593,31.266154450427923,72.452267184318913,151.54773281568129,73.976367361001394,1835.0236326390016,1835.0236326390016,2008.9746641865866,1307.0253358134105,1307.0253358134105,16.600000000000001
197.75,12,47.212168804825694,12.982791030705647,62.291669622078061,4.2635568822536918,0.65946569842555502,24.882017583789484,3.5527783297021389,31.350511883751025,72.180602368983301,151.81939763101687,73.18035581060299,1835.8196441893999,1835.8196441893999,2006.260198788234,1309.7398012117633,1309.7398012117633,16.600000000000001
198,12,47.183616442398922,12.997445733789673,62.192255059010563,4.2572610491874361,0.65717262608564786,24.904504148538393,3.5539108929428864,31.434896224235032,71.909731103475082,152.09026889652512,72.392257075079684,1836.6077429249233,1836.6077429249233,2003.5485370249262,1312.4514629750711,1312.4514629750711,16.600000000000001
198.25,12,47.155113230603042,13.012123882221974,62.092887182124144,4.250996387166742,0.65489973052305506,24.926866769485255,3.5550424815247736,31.519307449175994,71.63965328671874,152.36034671328144,71.612003480174948,1837.387996519828,1837.387996519828,2000.839678172702,1315.1603218272953,1315.1603218272953,16.600000000000001
198.5,12,47.126659153800851,13.026825534938313,61.993566095988584,4.2447626777950642,0.65264680840290001,24.949105825062944,3.5561730577690147,31.60374553498146,71.370368794009295,152.6296312059909,70.839527750229863,1838.1604722497732,1838.1604722497732,1998.1336215304573,1317.8663784695398,1317.8663784695398,16.600000000000001
198.75,12,47.098254196453027,13.041550749358899,61.894291905170022,4.2385597033365059,0.65041365826049391,24.971221692591147,3.5573025834838052,31.688210457157993,71.101877477244798,152.89812252275539,70.074763008941886,1838.925236991061,1838.925236991061,1995.4303664201655,1320.5696335798316,1320.5696335798316,16.600000000000001
199,12,47.069898343115945,13.056299581411496,61.795064714243566,4.2323872467306831,0.64820008049179889,24.993214748250157,3.558431019984408,31.772702190299349,70.834179165157664,153.16582083484252,69.317642780046484,1839.6823572199567,1839.6823572199567,1992.7299121870758,1323.270087812921,1323.270087812921,16.600000000000001
199.25,12,47.041591578439458,13.071072085554293,61.695884627805668,4.2262450916071899,0.64600587734373061,25.015085367055406,3.5595583281128498,31.857220708075118,70.567273663544725,153.43272633645549,68.568100987927508,1840.4318990120757,1840.4318990120757,1990.0322581998948,1325.967741800102,1325.967741800102,16.600000000000001
199.5,12,47.013333887164762,13.085868314798923,61.596751750486391,4.2201330223000886,0.64383085290425501,25.036833922832052,3.5606844682577585,31.941765983219426,70.30116075549698,153.6988392445032,67.826071958190866,1841.1739280418121,1841.1739280418121,1987.3374038509612,1328.6625961490356,1328.6625961490356,16.600000000000001
199.75,12,46.985125254122231,13.100688320732941,61.497666186961148,4.2140508238616601,0.6416748130923815,25.05846078819086,3.5618094003734013,32.026337987520506,70.035840201627423,153.96415979837278,67.091490418142442,1841.9085095818607,1841.9085095818607,1984.6453485563939,1331.3546514436032,1331.3546514436032,16.600000000000001
200,12,46.956965664229379,13.115532153542201,61.398628041962361,4.207998282075911,0.63953756564799868,25.07996633450459,3.5629330839985092,32.110936691810593,69.771311740297946,154.22868825970224,66.364291497209322,1842.6357085027937,1842.6357085027937,1981.9560917562239,1334.0439082437729,1334.0439082437729,16.600000000000001
200.25,12,46.928855102488754,13.130399862033048,61.299637420290622,4.2019751834717178,0.63741892012157186,25.101350931884987,3.5640554782747786,32.195562065956281,69.507575087845055,154.49242491215512,65.644410727297696,1843.3555892727054,1843.3555892727054,1979.2696329145144,1336.7303670854824,1336.7303670854824,16.600000000000001
200.5,12,46.900793553985956,13.145291493654268,61.200694426825763,4.1959813153356373,0.63531868786371082,25.122614949160507,3.5651765419650374,32.280214078849312,69.244629938804508,154.75537006119566,64.931784043088186,1844.0682159569151,1844.0682159569151,1976.5859715194611,1339.4140284805358,1339.4140284805358,16.600000000000001
200.75,12,46.872781003887646,13.160207094518642,61.101799166537447,4.1900164657241419,0.63323668201469296,25.143758753854957,3.5662962334707782,32.364892698397945,68.98247596613426,155.01752403386593,64.226347782255587,1844.7736522177474,1844.7736522177474,1973.9051070834739,1342.0948929165229,1342.0948929165229,16.600000000000001
201,12,46.844817437439573,13.175146709424679,61.002951744495732,4.184080423475911,0.63117271749372184,25.164782712166197,3.5674145108499196,32.449597891518486,68.721112821437075,155.27888717856311,63.528038685654053,1845.4719613143491,1845.4719613143491,1971.2270391432542,1344.7729608567429,1344.7729608567429,16.600000000000001
201.25,12,46.816902839964655,13.190110381878032,60.904152265881294,4.1781729782236656,0.62912661098811851,25.185687188945611,3.5685313318340781,32.534329624127203,68.460540135181716,155.53945986481847,62.83679389743547,1846.1632061025678,1846.1632061025678,1968.5517672598532,1347.4482327401436,1347.4482327401436,16.600000000000001
201.5,12,46.789037196861074,13.205098154112552,60.80540083599535,4.1722939204055436,0.62709818094245251,25.206472547678452,3.5696466538453371,32.619087861132833,68.200757516922721,155.79924248307745,62.152550965101476,1846.8474490349015,1846.8474490349015,1965.8792910187149,1350.120708981282,1350.120708981282,16.600000000000001
201.75,12,46.761220493600447,13.220110067111227,60.706697560269312,4.1664430412762066,0.62508724754754597,25.227139150464648,3.5707604340127959,32.703872566429453,67.9417645555191,156.05823544448106,61.475247839503282,1847.5247521604997,1847.5247521604997,1963.2096100297042,1352.7903899702926,1352.7903899702926,16.600000000000001
202,12,46.733452715725967,13.235146160626883,60.608042544274255,4.1606201329176287,0.62309363272938134,25.247687358000224,3.5718726291888125,32.788683702889671,67.683560819351868,156.3164391806483,60.804822874785835,1848.1951771252175,1848.1951771252175,1960.5427239271246,1355.4572760728722,1355.4572760728722,16.600000000000001
202.25,12,46.705733848850592,13.250206473202713,60.509435893730029,4.1548249882495609,0.62111716013791707,25.268117529559298,3.572983195964933,32.873521232358215,67.42614585654033,156.57385414345987,60.141214828277498,1848.8587851717255,1848.8587851717255,1957.8786323697209,1358.1213676302759,1358.1213676302759,16.600000000000001
202.5,12,46.678063878655344,13.265291042192244,60.410877714514129,4.1490574010394061,0.61915765513594812,25.288430022977142,3.5740920906870861,32.958385115646237,67.169519195156653,156.83048080484355,59.484362860309737,1849.5156371396934,1849.5156371396934,1955.2173350406642,1360.7826649593328,1360.7826649593328,16.600000000000001
202.75,12,46.650442790887524,13.280399903779447,60.312368112670327,4.1433171659120678,0.61721494478774597,25.308625194633294,3.5751992694709291,33.043275312525594,66.913680343439822,157.08631965656036,58.834206534001993,1850.1657934660011,1850.1657934660011,1952.5588316475289,1363.4411683524679,1363.4411683524679,16.600000000000001
203,12,46.622870571359016,13.295533092998951,60.21390719441731,4.1376040783597761,0.61528885784749798,25.328703399434843,3.5763046882173413,33.128191781723203,66.658628790009061,157.34137120999114,58.19068581501233,1850.8093141849906,1850.8093141849906,1949.9031219222691,1366.0968780777278,1366.0968780777278,16.600000000000001
203.25,12,46.595347205944591,13.310690643755473,60.115495066156797,4.1319179347511144,0.61337922474790396,25.348664990801005,3.5774083026268277,33.21313448091631,66.404364004074907,157.59563599592525,57.55374107120759,1851.4462589287955,1851.4462589287955,1947.2502056211674,1368.7497943788294,1368.7497943788294,16.600000000000001
203.5,12,46.567872680580258,13.325872588843227,60.017131834481539,4.1262585323399001,0.61148587758862949,25.368510320648074,3.5785100682139066,33.298103366727908,66.150885435649556,157.84911456435063,56.923313072294704,1852.0766869277084,1852.0766869277084,1944.6000825247786,1371.3999174752182,1371.3999174752182,16.600000000000001
203.75,12,46.540446981261674,13.341078959965133,59.918817606183026,4.1206256692737844,0.60960865012469623,25.388239739374796,3.5796099403212018,33.383098394722452,65.898192515755809,158.10180748424438,56.299342989403904,1852.7006570105991,1852.7006570105991,1941.952752437862,1374.0472475621348,1374.0472475621348,16.600000000000001
204,12,46.51307009404254,13.356309787751801,59.820552488258997,4.1150191446025461,0.60774737775481746,25.40785359584838,3.5807078741332479,33.468119519401966,65.64628465663499,158.3537153433652,55.681772394624495,1853.3182276053785,1853.3182276053785,1939.3082151893018,1376.6917848106953,1376.6917848106953,16.600000000000001
204.25,12,46.485742005033025,13.371565101780174,59.722336587920722,4.1094387582859779,0.60590189750975321,25.427352237391158,3.5818038246898602,33.553166694202481,65.395161251953269,158.60483874804692,55.07054326049014,1853.9294567395129,1853.9294567395129,1936.6664706320182,1379.3335293679786,1379.3335293679786,16.600000000000001
204.5,12,46.458462700398265,13.386844930591904,59.624170012600004,4.1038843112014325,0.6040720480406494,25.446736009767847,3.5828977468991652,33.638239871490867,65.144821677006789,158.8551783229934,54.465597959416989,1854.5344020405862,1854.5344020405862,1934.0275186428685,1381.9724813571283,1381.9724813571283,16.600000000000001
204.75,12,46.431232166356814,13.402149301712063,59.526052869956153,4.098355605151613,0.60225766960702121,25.466005257172579,3.5839895955509742,33.723339002561616,64.895265288926524,159.10473471107363,53.866879263116353,1855.1331207368867,1855.1331207368867,1931.3913591225382,1384.6086408774586,1384.6086408774586,16.600000000000001
205,12,46.404050389179197,13.417478241667107,59.427985267882605,4.0928524428715658,0.60045860406500806,25.485160322217208,3.585079325329259,33.808464037634309,64.646491426880942,159.35350857311926,53.274330341945365,1855.7256696580578,1855.7256696580578,1928.7579919954246,1387.2420080045722,1387.2420080045722,16.600000000000001
205.25,12,46.376917355186436,13.432831776002756,59.329967314513333,4.0873746280355325,0.59867469485550906,25.504201545919855,3.5861668908245239,33.893614925851196,64.398499412277673,159.60150058772251,52.687894764220303,1856.3121052357828,1856.3121052357828,1926.1274172095079,1389.8725827904889,1389.8725827904889,16.600000000000001
205.5,12,46.349833050748629,13.448209929301662,59.231999118229105,4.0819219652635388,0.59690578699228403,25.523129267693974,3.5872522465459138,33.978791615275149,64.151288548964018,159.84871145103614,52.107516495488774,1856.8924835045143,1856.8924835045143,1923.499634736216,1392.5003652637809,1392.5003652637809,16.600000000000001
205.75,12,46.322797462283553,13.463612725200894,59.134080787663443,4.0764942601277223,0.59515172705002672,25.541943825337892,3.5883353469330581,34.063994052887814,63.904858123426202,160.09514187657399,51.533139897761366,1857.4668601022415,1857.4668601022415,1920.8746445702786,1395.1253554297184,1395.1253554297184,16.600000000000001
206,12,46.295810576255285,13.479040186409112,59.03621243170852,4.0710913191583256,0.59341236315245993,25.560645555024905,3.5894161463675558,34.149222184588197,63.659207404987242,160.34079259501294,50.964709728701727,1858.0352902713014,1858.0352902713014,1918.2524467295757,1397.7475532704211,1397.7475532704211,16.600000000000001
206.25,12,46.26887237917289,13.494492334723224,58.938394159520563,4.0657129498492202,0.59168754496057741,25.579234791294169,3.5904945991838613,34.234475955191563,63.414335646003096,160.58566435399706,50.402171140770925,1858.5978288592321,1858.5978288592321,1915.6330412549728,1400.366958745024,1400.366958745024,16.600000000000001
206.5,12,46.241982857589058,13.509969191045737,58.840626080525539,4.0603589606638284,0.58997712366037069,25.597711867041092,3.5915706596809325,34.319755308428192,63.170242082059154,160.82975791794101,49.845469680355315,1859.1545303196476,1859.1545303196476,1913.0164282101557,1402.9835717898411,1402.9835717898411,16.600000000000001
206.75,12,46.215141998098794,13.525470775401194,58.742908304424304,4.0550291610402835,0.588280951950926,25.61607711350889,3.5926442821328433,34.405060186942706,62.926925932164302,161.07307406783585,49.294551286841241,1859.7054487131618,1859.7054487131618,1910.4026076814546,1405.5973923185422,1405.5973923185422,16.600000000000001
207,12,46.188349787338183,13.540997106952512,58.645240941197656,4.0497233613964347,0.58659888403245275,25.634330860280503,3.593715420799263,34.490390532293645,62.684386398943921,161.31561360105624,48.74936229165607,1860.2506377083471,1860.2506377083471,1907.7915797776582,1408.2084202223386,1408.2084202223386,16.600000000000001
207.25,12,46.161606211983127,13.55654820401716,58.547624101111204,4.0444413731346076,0.58493077559428563,25.65247343527091,3.5947840299357292,34.575746284953226,62.442622668831739,161.55737733116842,48.209849417275002,1860.7901505827278,1860.7901505827278,1905.1833446298267,1410.8166553701703,1410.8166553701703,16.600000000000001
207.5,12,46.13491125874809,13.572124084083113,58.45005789472004,4.0391830086461544,0.58327648380288377,25.670505164719845,3.595850063803681,34.661127384307356,62.201633912260434,161.79836608773974,47.675959776193508,1861.3240402238096,1861.3240402238096,1902.5779023910909,1413.4220976089059,1413.4220976089059,16.600000000000001
207.75,12,46.108264914384954,13.587724763824577,58.352542432873271,4.0339480813157227,0.58163586728984418,25.688426373184992,3.5969134766802204,34.746533768655922,61.961419283851001,162.03858071614914,47.14764086986618,1861.8523591301371,1861.8523591301371,1899.9752532364516,1416.0247467635454,1416.0247467635454,16.600000000000001
208,12,46.081667165681793,13.603350259117216,58.255077826718214,4.028736405525092,0.58000878614012519,25.706237383535857,3.5979742228673315,34.831965375213336,61.72197792260036,162.27802207739978,46.624840587610542,1862.3751594123928,1862.3751594123928,1897.3753973625694,1418.6246026374274,1418.6246026374274,16.600000000000001
208.25,12,46.055117999461757,13.619000585053792,58.157664187704718,4.0235477966572351,0.57839510187983734,25.723938516947459,3.5990322567015198,34.917422140109196,61.483308952068796,162.51669104793135,46.107507205483948,1862.8924927945191,1862.8924927945191,1894.7783349875488,1421.2216650124481,1421.2216650124481,16.600000000000001
208.5,12,46.028617402581901,13.634675755959272,58.060301627589048,4.018382071099917,0.57679467746427604,25.741530092894717,3.6000875325628745,35.002903998389129,61.245411480565693,162.75458851943446,45.5955893851269,1863.4044106148763,1863.4044106148763,1892.1840663507162,1423.8159336492806,1423.8159336492806,16.600000000000001
208.75,12,46.0021653619321,13.650375785405654,57.962990258437792,4.013239046249006,0.57520737726601112,25.759012429147319,3.6011400048838262,35.088410884016007,61.008284601333855,162.99171539866629,45.089036172575568,1863.9109638274276,1863.9109638274276,1889.5925917123932,1426.4074082876036,1426.4074082876036,16.600000000000001
209,12,45.975761864433927,13.666100686226661,57.865730192631439,4.0081185405116369,0.5736330670629447,25.776385841764917,3.6021896281577552,35.173942729871271,60.771927392732749,163.22807260726739,44.587796997045402,1864.4122030029578,1864.4122030029578,1887.0039113536652,1428.9960886463316,1428.9960886463316,16.600000000000001
209.25,12,45.949406897039637,13.681850470532236,57.768521542867909,4.0030203733091376,0.57207161402638684,25.793650645092686,3.6032363569473707,35.25949946775647,60.536338918420483,163.46366108157969,44.091821669686055,1864.908178330317,1864.908178330317,1884.4180255761426,1431.5819744238545,1431.5819744238545,16.600000000000001
209.5,12,45.923100446731084,13.697625149722821,57.671364422165865,3.9979443650797588,0.57052288670915108,25.81080715175727,3.6042801458928739,35.345081028395043,60.301518227534558,163.69848177246558,43.601060382308326,1865.3989396176951,1865.3989396176951,1881.8349347017204,1434.1650652982764,1434.1650652982764,16.600000000000001
209.75,12,45.89684250051873,13.713424734503189,57.574258943867882,3.9928903372810018,0.56898675503385732,25.827855672663311,3.6053209497197054,35.430687341434201,60.067464354871063,163.93253564512906,43.115463706084533,1865.8845362939187,1865.8845362939187,1879.2546390723339,1436.7453609276629,1436.7453609276629,16.600000000000001
210,12,45.870633045440599,13.729249234896471,57.477205221643452,3.9878581123920278,0.56746309028097519,25.844796516990016,3.6063587232463798,35.516318335447117,59.834176321063133,164.16582367893702,42.63498259022159,1866.3650174097816,1866.3650174097816,1876.6771390497063,1439.3228609502905,1439.3228609502905,16.600000000000001
210.25,12,45.844472068561331,13.745098660257948,57.380203369491902,3.9828475139158672,0.56595176507689848,25.861629992188039,3.6073934213921133,35.601973937935142,59.601653132758415,164.39834686724174,42.159568360608795,1866.8404316393944,1866.8404316393944,1874.1024350150899,1441.8975649849069,1441.8975649849069,16.600000000000001
210.5,12,45.818359556971203,13.760973019288418,57.283253501745129,3.9778583663812404,0.56445265338223038,25.878356403976991,3.6084249991840465,35.687654075330322,59.369893782794726,164.63010621720542,41.689172718440723,1867.3108272815625,1867.3108272815625,1871.5305273690112,1444.4694726309856,1444.4694726309856,16.600000000000001
210.75,12,45.79229549778519,13.77687232004747,57.186355733070144,3.9728904953442696,0.56296563048002435,25.894976056343129,3.6094534117643411,35.77335867299805,59.138897250374733,164.86110274962545,41.223747738815945,1867.7762522611872,1867.7762522611872,1868.9614165310047,1447.0385834689921,1447.0385834689921,16.600000000000001
211,12,45.766279878142029,13.792796569966557,57.089510178471535,3.9679437273899936,0.56149057296405691,25.911489251537446,3.6104786143970853,35.85908765523984,58.908662501239391,165.09133749876077,40.763245869312065,1868.2367541306912,1868.2367541306912,1866.3951029393488,1449.6048970606482,1449.6048970606482,16.600000000000001
211.25,12,45.740312685203335,13.808745775861862,56.992716953293751,3.9630178901336999,0.56002735872713449,25.927896290074049,3.6115005624749945,35.944840945296335,58.679188487840229,165.32081151215993,40.307619928537981,1868.6923800714653,1868.6923800714653,1863.8315870507936,1452.1684129492032,1452.1684129492032,16.600000000000001
211.5,12,45.714393906152708,13.824719943946855,56.895976173223239,3.9581128122219869,0.55857586694956651,25.944197470728962,3.6125192115257501,36.030618465350464,58.450474149510057,165.54952585049008,39.856823104665736,1869.1431768953378,1869.1431768953378,1861.2708693402903,1454.7291306597067,1454.7291306597067,16.600000000000001
211.75,12,45.688523528194885,13.840719079844671,56.799287954290463,3.9532283233336849,0.55713597808761017,25.960393090539231,3.6135345172182296,36.116420136530749,58.222518412632738,165.77748158736742,39.410808953940126,1869.5891910460634,1869.5891910460634,1858.7129503007141,1457.287049699283,1457.287049699283,16.600000000000001
212,12,45.662701538554849,13.856743188600733,56.702652412871842,3.9483642541808135,0.55570757386166303,25.976483444802017,3.6145464353689616,36.20224587891466,57.995320190812286,166.00467980918785,38.969531399163074,1870.0304686008403,1870.0304686008403,1856.1578304425832,1459.8421695574136,1459.8421695574136,16.600000000000001
212.25,12,45.63692792447705,13.872792274694676,56.606069665691507,3.9435204365091088,0.55429053724485766,25.99246882707439,3.6155549219478935,36.288095611532199,57.768878385040075,166.23112161496005,38.532944728163159,1870.4670552718403,1870.4670552718403,1853.6055102937776,1462.3944897062192,1462.3944897062192,16.600000000000001
212.5,12,45.61120267322454,13.888866342052276,56.509539829822906,3.9386967030984659,0.55288475245158575,26.008349529173216,3.6165599330841363,36.373969252369655,57.543191883861049,166.45680811613909,38.101003592243899,1870.8989964077596,1870.8989964077596,1851.0559903992546,1464.9440096007422,1464.9440096007422,16.600000000000001
212.75,12,45.585525772078221,13.904965394057148,56.413063022690338,3.9338928877632133,0.55149010492606787,26.024125841175426,3.6175614250715338,36.459866718373384,57.31825956353871,166.68174043646141,37.673663004613125,1871.3263369953904,1871.3263369953904,1848.5092713207614,1467.4907286792354,1467.4907286792354,16.600000000000001
213,12,45.559897208336068,13.921089433562305,56.316639362070319,3.9291088253522219,0.55010648133096807,26.039798051418522,3.6185593543740531,36.54578792545388,57.094080288219018,166.90591971178111,37.250878338794109,1871.7491216612091,1871.7491216612091,1845.9653536365458,1470.034646363451,1470.034646363451,16.600000000000001
213.25,12,45.534316969312322,13.937238462901428,56.220268966092867,3.924344351748819,0.54873376953611808,26.055366446501395,3.6195536776309676,36.631732788489785,56.870652910092872,167.12934708990727,36.832605327020822,1872.1673946729825,1872.1673946729825,1843.4242379410666,1472.5757620589302,1472.5757620589302,16.600000000000001
213.5,12,45.508785042336811,13.95341248389988,56.123951953242617,3.9195993038704713,0.54737185860738224,26.070831311285538,3.6205443516618199,36.717701221332121,56.647976269557269,167.35202373044291,36.41880005861919,1872.5811999413843,1872.5811999413843,1840.8859248447068,1475.11407515529,1475.11407515529,16.600000000000001
213.75,12,45.483301414754173,13.969611497885964,56.027688442359903,3.9148735196686122,0.54602063879517271,26.086192928896153,3.6215313334714483,36.803693136808668,56.426049195376109,167.57395080462405,36.009418978359093,1872.9905810216444,1872.9905810216444,1838.3504149734672,1477.6495850265296,1477.6495850265296,16.600000000000001
214,12,45.457866073923185,13.985835505701617,55.931478552641614,3.9101668381280601,0.54468000152336937,26.101451580723843,3.622514580254649,36.889708446728413,56.204870504839164,167.79512949516101,35.604418884801667,1873.3955811152016,1873.3955811152016,1835.8177089686744,1480.1822910313224,1480.1822910313224,16.600000000000001
214.25,12,45.432479007216024,14.002084507713022,55.835322403642067,3.9054790992663522,0.54334983937821313,26.116607546426469,3.62349404940072,36.975747061886132,55.984439003919903,168.01556099608027,35.203756928628806,1873.7962430713746,1873.7962430713746,1833.2878074866833,1482.7121925133138,1482.7121925133138,16.600000000000001
214.5,12,45.407140202017615,14.018358503821052,55.739220115273667,3.9008101441329361,0.54203004609724326,26.131661103931236,3.6244696984978542,37.061808892067013,55.764753487432266,168.2352465125679,34.807390610957547,1874.1926093890459,1874.1926093890459,1830.7607111985765,1485.2392888014203,1485.2392888014203,16.600000000000001
214.75,12,45.381849645724955,14.034657493471528,55.643171807807505,3.8961598148082275,0.54072051655829245,26.146612529437075,3.62544148533738,37.147893846051474,55.545812739186282,168.45418726081388,34.415277781640349,1874.5847222183629,1874.5847222183629,1828.2364207898656,1487.7635792101314,1487.7635792101314,16.600000000000001
215,12,45.356607325746488,14.050981475665305,55.547177601873827,3.891527954402513,0.53942114676856256,26.161462097417207,3.6264093679178262,37.23400183162002,55.327615532142374,168.6723844678578,34.027376637552621,1874.9726233624508,1874.9726233624508,1825.7149369601873,1490.2850630398095,1490.2850630398095,16.600000000000001
215.25,12,45.33141322950145,14.067330448967976,55.45123761846245,3.8869144070546371,0.53813183385393237,26.176210080622081,3.6273733044486751,37.320132755558184,55.110160628564287,168.8898393714359,33.643645720873842,1875.3563542791296,1875.3563542791296,1823.1962604230082,1492.8037395769886,1492.8037395769886,16.600000000000001
215.5,12,45.306267344419247,14.083704411519875,55.355351978922997,3.8823190179307705,0.5368524760478891,26.190856750082297,3.628333253354374,37.406286523661628,54.893446780171608,169.10655321982856,33.264043917339521,1875.7359560826637,1875.7359560826637,1820.6803919053132,1495.3196080946836,1495.3196080946836,16.600000000000001
215.75,12,45.281169657938861,14.100103361045612,55.259520804965142,3.8777416332229051,0.53558297268081267,26.205402375111891,3.6292891732779311,37.492463040741278,54.677472728290716,169.32252727170945,32.888530454492305,1876.111469545511,1876.111469545511,1818.1673321473036,1497.8326678526932,1497.8326678526932,16.600000000000001
216,12,45.256120157508242,14.11652729486344,55.163744218658636,3.8731821001472362,0.53432322416930522,26.219847223311856,3.6302410230843893,37.578662210628536,54.462237204004417,169.53776279599575,32.517064899920868,1876.4829351000826,1876.4829351000826,1815.6570819020924,1500.3429180979044,1500.3429180979044,16.600000000000001
216.25,12,45.231118830583753,14.13297620989451,55.068022342433338,3.8686402669424287,0.53307313200555495,26.234191560573827,3.6311887618641774,37.664883936180622,54.247738928300699,169.75226107169948,32.149607159486884,1876.8503928405166,1876.8503928405166,1813.1496419354,1502.8503580645968,1502.8503580645968,16.600000000000001
216.5,12,45.206165664629594,14.149450102671938,54.972355299079105,3.8641159828677707,0.53183259874676214,26.248435651084012,3.6321323489363411,37.751128119285958,54.03397661222013,169.96602338778001,31.786117475541282,1877.2138825244622,1877.2138825244622,1810.6450130252474,1505.3549869747494,1505.3549869747494,16.600000000000001
216.75,12,45.181260647117249,14.165948969349726,54.876743211745605,3.8596090982012052,0.53060152800463189,26.26257975732727,3.6330717438516205,37.837394660869627,53.820948957002358,170.1790510429978,31.426556425130773,1877.5734435748725,1877.5734435748725,1808.1431959616514,1507.8568040383457,1507.8568040383457,16.600000000000001
217,12,45.156403765524942,14.182472805711404,54.781186203942006,3.8551194642372031,0.5293798244350465,26.276624140091489,3.6340069063953413,37.923683460898879,53.608654654230989,170.39134534576917,31.070884918200701,1877.9291150818026,1877.9291150818026,1805.6441915463215,1510.3558084536753,1510.3558084536753,16.600000000000001
217.25,12,45.131595007337133,14.199021607178691,54.685684399536655,3.8506469332845952,0.52816739372762733,26.290569058472041,3.6349377965902785,38.009994418388764,53.397092385977949,170.6029076140222,30.719064195779762,1878.2809358042236,1878.2809358042236,1803.1480005923524,1512.8519994076444,1512.8519994076444,16.600000000000001
217.5,12,45.106834360043983,14.215595368819937,54.590237922756586,3.846191358664278,0.52696414259540691,26.30441476987648,3.6358643746993695,38.096327431407843,53.18626082494643,170.81373917505374,30.371055828158465,1878.628944171845,1878.628944171845,1800.6546239239176,1515.3453760760794,1515.3453760760794,16.600000000000001
217.75,12,45.08212181114088,14.232194085358365,54.494846898187021,3.8417525947067888,0.52576997876463227,26.318161530029418,3.6367866012282648,38.182682397083838,52.976158634612716,171.02384136538745,30.026821713062649,1878.9731782869408,1878.9731782869408,1798.1640623759636,1517.8359376240332,1517.8359376240332,16.600000000000001
218,12,45.057457348127933,14.248817751180185,54.39951145077071,3.8373304967497885,0.52458481096460785,26.331809592977571,3.6377044369277742,38.269059211609509,52.766784469366918,171.23321553063323,29.686324073818053,1879.3136759261852,1879.3136759261852,1795.6763167939073,1520.3236832060895,1520.3236832060895,16.600000000000001
218.25,12,45.032840958509496,14.265466360342634,54.304231705807283,3.8329249211354779,0.52340854891751665,26.345359211094976,3.6386178427962745,38.355457770248442,52.55813697465274,171.4418630253474,29.349525457503312,1879.6504745425,1879.6504745425,1793.1913880333268,1522.80861196667,1522.80861196667,16.600000000000001
218.5,12,45.00827262979368,14.282139906581836,54.209007788952434,3.8285357252079009,0.52224110332834817,26.358810635088329,3.6395267800819662,38.441877967340986,52.350214787106161,171.64978521289399,29.016388733098104,1879.9836112669052,1879.9836112669052,1790.709276959657,1525.2907230403398,1525.2907230403398,16.600000000000001
218.75,12,44.983752349491965,14.298838383320341,54.113839826217095,3.8241627673100878,0.52108238587507016,26.372164114002633,3.6404312102848708,38.528319696310213,52.143016534692528,171.85698346530762,28.686877089632819,1880.3131229103706,1880.3131229103706,1788.2299844478891,1527.7700155521077,1527.7700155521077,16.600000000000001
219,12,44.959280105118694,14.31556178367471,54.018727943966496,3.81980590678118,0.51993230919866418,26.385419895226843,3.6413310951588924,38.61478284966789,51.936540836843115,172.06345916315703,28.360954034322837,1880.6390459656805,1880.6390459656805,1785.7535113822648,1530.246488617732,1530.246488617732,16.600000000000001
219.25,12,44.934855884190682,14.332310100462911,53.923672268919177,3.8154650039534475,0.51879078689328928,26.398578224499762,3.6422263967137201,38.701267319020566,51.730786304590346,172.2692136954098,28.038583390699952,1880.9614166093033,1880.9614166093033,1783.2798586559743,1532.7201413440225,1532.7201413440225,16.600000000000001
219.5,12,44.910479674226771,14.349083326211499,53.82867292814592,3.811139920149198,0.51765773349657285,26.411639345916058,3.6431170772165746,38.787772995075642,51.525751540701947,172.4742484592982,27.719729296741257,1881.280270703262,1881.280270703262,1780.8090271708538,1535.190972829143,1535.190972829143,16.600000000000001
219.75,12,44.886151462747435,14.365881453162535,53.733730049068583,3.8068305176775583,0.51653306448011194,26.424603501932456,3.6440030991937125,38.874299767647543,51.32143513981358,172.67856486018655,27.404356203000141,1881.5956437970033,1881.5956437970033,1778.3410178370896,1537.6589821629073,1537.6589821629073,16.600000000000001
220,12,44.861871237274364,14.382704473280764,53.638843759458922,3.8025366598313055,0.51541669623962183,26.437470933374037,3.6448844254322355,38.960847525663844,51.117835688561442,172.88216431143871,27.092428870712332,1881.907571129291,1881.907571129291,1775.8758315729119,1540.1241684270849,1540.1241684270849,16.600000000000001
220.25,12,44.837638985330123,14.399552378260333,53.544014187437305,3.798258210883513,0.51430854608548149,26.450241879440643,3.6457610189814909,39.047416157171533,50.914951765712971,173.08504823428717,26.783912369913722,1882.2160876300895,1882.2160876300895,1773.4134693042984,1542.5865306956985,1542.5865306956985,16.600000000000001
220.5,12,44.813454694437709,14.41642515953145,53.449241461471381,3.7939950360841408,0.51320853223329443,26.4629165777135,3.6466328431544262,39.134005549343229,50.712781942296701,173.28721805770343,26.478772077551746,1882.5212279224515,1882.5212279224515,1770.9539319646751,1545.0460680353217,1545.0460680353217,16.600000000000001
220.75,12,44.789318352120212,14.433322808266892,53.354525710374645,3.7897470016565546,0.51211657379450104,26.475495264161935,3.6474998615288707,39.220615588483469,50.511324781731048,173.48867521826909,26.176973675592652,1882.8230263244109,1882.8230263244109,1768.4972204946216,1547.5027795053752,1547.5027795053752,16.600000000000001
221,12,44.765229945900458,14.450245315388569,53.259867063305038,3.7855139747940054,0.5110325907669242,26.48797817315014,3.6483620379489139,39.30724616003495,50.310578839952321,173.6894211600478,25.878483149120669,1883.1215168508829,1883.1215168508829,1766.0433358415721,1549.9566641584247,1549.9566641584247,16.600000000000001
221.25,12,44.74118946330065,14.467192671573637,53.165265649763377,3.7812958236559719,0.50995650402564652,26.500365537444186,3.6492193365258441,39.393897148584948,50.110542665541196,173.88945733445897,25.583266784444341,1883.4167332155591,1883.4167332155591,1763.5922789595243,1552.4077210404726,1552.4077210404726,16.600000000000001
221.5,12,44.71719689184205,14.484164867260635,53.070721599591771,3.777092417364468,0.50888823531383853,26.51265758821911,3.6500717216391605,39.480568437871625,49.911214799848345,174.08878520015182,25.291291167195986,1883.7087088328076,1883.7087088328076,1761.1440508087449,1554.855949191252,1554.855949191252,16.600000000000001
221.75,12,44.693252219044574,14.501161892655526,52.976235042972007,3.7729036260002848,0.50782770723362702,26.524854555066081,3.6509191579375488,39.567259910790426,49.71259377711916,174.287406222881,25.00252318042816,1883.9974768195755,1883.9974768195755,1758.6986523554783,1557.3013476445185,1557.3013476445185,16.600000000000001
222,12,44.669355432426578,14.518183737737568,52.881806110423817,3.7687293205991703,0.50677484323705868,26.536956665999707,3.6517616103397312,39.653971449400487,49.514678124617269,174.48532187538285,24.716930002709383,1884.2830699972942,1884.2830699972942,1756.2560845716562,1559.7439154283406,1559.7439154283406,16.600000000000001
222.25,12,44.645506519504465,14.535230392265005,52.787434932803137,3.7645693731479231,0.50572956761721588,26.548964147465476,3.6525990440351577,39.740702934931058,49.317466362747012,174.6825336372531,24.434479106222337,1884.5655208937812,1884.5655208937812,1753.8163484346105,1562.1836515653863,1562.1836515653863,16.600000000000001
222.5,12,44.621705467792388,14.552301845780693,52.693121641300337,3.7604236565804472,0.5046918054993208,26.560877224347234,3.6534314244847041,39.827454247787919,49.120957005174994,174.87904299482514,24.155138254857174,1884.8448617451463,1884.8448617451463,1751.3794449267855,1564.6205550732113,1564.6205550732113,16.600000000000001
222.75,12,44.597952264801975,14.569398087617673,52.598866367438312,3.756292044773756,0.50366148283186396,26.572696119974818,3.654258717421349,39.914225267559864,48.925148558950632,175.07485144104947,23.878875502301955,1885.1211244977014,1885.1211244977014,1748.9453750354514,1567.0546249645454,1567.0546249645454,16.600000000000001
223,12,44.57424689804202,14.586519106904509,52.504669243070595,3.7521744125439018,0.50263852637790329,26.58442105613176,3.6550808888506645,40.001015873025146,48.730039524625653,175.26996047537449,23.605659190137331,1885.3943408098662,1885.3943408098662,1746.5141397524219,1569.4858602475749,1569.4858602475749,16.600000000000001
223.25,12,44.55058935501819,14.603664892570549,52.410530400379415,3.7480706356418563,0.50162286370640286,26.596052253063085,3.6558979050512721,40.087825942157934,48.535628396372509,175.46437160362763,23.335457945929676,1885.664542054074,1885.664542054074,1744.0857400737714,1571.9142599262254,1571.9142599262254,16.600000000000001
223.5,12,44.526979623232812,14.620835433351063,52.316449971873659,3.7439805907493438,0.50061442318364391,26.607589929483236,3.6567097325752176,40.174655352134856,48.341913662101881,175.65808633789825,23.068240681324593,1885.931759318679,1885.931759318679,1741.660176999555,1574.3398230004418,1574.3398230004418,16.600000000000001
223.75,12,44.503417690184492,14.638030717792264,52.222428090386842,3.7399041554746377,0.49961313396470669,26.619034302583998,3.6575163382482727,40.261503979341505,48.148893803579135,175.851106196421,22.803976590141019,1886.1960234098626,1886.1960234098626,1739.2374515335289,1576.7625484664679,1576.7625484664679,16.600000000000001
224,12,44.479903543367968,14.655250734256221,52.128464889074991,3.7358412083482668,0.49861892598503182,26.630385588042611,3.658317689170187,40.348371699378873,47.956567296539788,176.04343270346035,22.542635146465756,1886.4573648535377,1886.4573648535377,1736.8175646828749,1579.1824353171219,1579.1824353171219,16.600000000000001
224.25,12,44.456437170273794,14.672495470925643,52.034560501414518,3.7317916288187085,0.49763172995204868,26.641644000029899,3.6591137527148563,40.435258387069936,47.764932610804003,176.23506738919613,22.284186102749427,1886.7158138972541,1886.7158138972541,1734.4005174579252,1581.5994825420717,1581.5994825420717,16.600000000000001
224.5,12,44.43301855838812,14.68976491580856,51.940715061200009,3.7277552972480303,0.4966514773368787,26.652809751218506,3.6599044965304239,40.522163916466113,47.573988210390091,176.42601178961004,22.028599487903726,1886.9714005120998,1886.9714005120998,1731.9863108718885,1584.0136891281084,1584.0136891281084,16.600000000000001
224.75,12,44.409647695192426,14.707059056742903,51.846928702542009,3.7237320949074859,0.49567810036610827,26.663883052791171,3.6606898885393364,40.609088160853851,47.383732553627027,176.61626744637312,21.775845605400445,1887.2241543946029,1887.2241543946029,1729.5749459405799,1586.4250540594169,1586.4250540594169,16.600000000000001
225,12,44.38632456816331,14.724377881401002,51.753201559864777,3.7197219039730447,0.49471153201362239,26.674864114449115,3.6614698969384341,40.696030992760967,47.194164093266004,176.80583590673413,21.525895031373654,1887.4741049686297,1887.4741049686297,1727.1664236821562,1588.8335763178407,1588.8335763178407,16.600000000000001
225.25,12,44.363049164772264,14.741721377293894,51.659533767903916,3.715724607520932,0.49375170599253604,26.68575314442047,3.6622444901987694,40.782992283963338,47.005281276590992,176.99471872340914,21.278718612721175,1887.721281387282,1887.721281387282,1724.7607451168428,1591.2392548831542,1591.2392548831542,16.600000000000001
225.5,12,44.339821472485418,14.759089531775595,51.565925461704083,3.7117400895231039,0.49279855674718054,26.696550349468794,3.663013637065498,40.869971905491298,46.817082545528422,177.18291745447169,21.034287465210078,1887.9657125347933,1887.9657125347933,1722.3579112666714,1593.6420887333254,1593.6420887333254,16.600000000000001
225.75,12,44.316641478763387,14.776482332047248,51.472376776616571,3.7077682348426793,0.49185201944516171,26.707255934901617,3.6637773065577117,40.956969727636221,46.629566336755765,177.37043366324437,20.792572971584768,1888.2074270284186,1888.2074270284186,1719.9579231552186,1596.0420768447784,1596.0420768447784,16.600000000000001
226,12,44.293509171061018,14.793899765161168,51.378887848296863,3.7038089292293477,0.49091202996949151,26.717870104579081,3.6645354679682063,41.04398561995697,46.442731081809342,177.5572689181908,20.553546779677699,1888.4464532203258,1888.4464532203258,1717.5607818073431,1598.4392181926537,1598.4392181926537,16.600000000000001
226.25,12,44.270424536827171,14.811341818024724,51.285458812702217,3.6998620593147677,0.48997852491083393,26.728393060922606,3.6652880908630667,41.13101945128647,46.256575207190934,177.74342479280918,20.317180800524529,1888.6828191994789,1888.6828191994789,1715.166488248927,1600.8335117510701,1600.8335117510701,16.600000000000001
226.5,12,44.247387563504603,14.828808477404216,51.192089806089129,3.6959275126078954,0.48905144155975927,26.738825004923633,3.6660351450813833,41.218071089738153,46.07109713447376,177.92890286552637,20.083447206480542,1888.9165527935229,1888.9165527935229,1712.7750435066193,1603.2249564933775,1603.2249564933775,16.600000000000001
226.75,12,44.224398238529673,14.84629972992864,51.098780965010839,3.6920051774902891,0.48813071789907614,26.749166136152422,3.6667766007348956,41.305140402712439,45.886295280407261,178.11370471959287,19.852318429340784,1889.1476815706626,1889.1476815706626,1710.3864486075847,1605.6135513924121,1605.6135513924121,16.600000000000001
227,12,44.201456549332249,14.863815562093302,51.005532426314716,3.6880949432113992,0.4872162925962642,26.759416652766884,3.667512428207504,41.392227256903197,45.702168057021119,178.297831942979,19.623767158464759,1889.3762328415387,1889.3762328415387,1708.0007045792481,1607.9992954207489,1607.9992954207489,16.600000000000001
227.25,12,44.178562483335476,14.88135596026337,50.912344327139721,3.6841966998838331,0.48630810499596505,26.769576751521459,3.6682425981547602,41.479331518304221,45.518713871728252,178.48128612827185,19.397766338904692,1889.6022336610988,1889.6022336610988,1705.6178124490455,1610.3821875509514,1610.3821875509514,16.600000000000001
227.5,12,44.155716027955592,14.898920910677344,50.819216804913765,3.680310338478578,0.48540609511253119,26.779646627776053,3.6689670815033817,41.566453052215657,45.335931127426946,178.66406887257318,19.17428916953839,1889.8257108304649,1889.8257108304649,1703.2377732441796,1612.7622267558172,1612.7622267558172,16.600000000000001
227.75,12,44.132917170601807,14.916510399450441,50.72614999735103,3.6764357508202012,0.48451020362264557,26.789626475505006,3.6696858494507096,41.653591723250372,45.153818222602041,178.84618177739804,18.953309101206393,1890.0466908987969,1890.0466908987969,1700.8605879913732,1615.1394120086236,1615.1394120086236,16.600000000000001
228,12,44.110165898676073,14.934124412577814,50.633144042449331,3.6725728295820579,0.48362037185804296,26.799516487306104,3.6703988734639656,41.740747395340463,44.972373551425235,179.02762644857486,18.734799834852005,1890.2652001651511,1890.2652001651511,1698.4862577166257,1617.5137422833711,1617.5137422833711,16.600000000000001
228.25,12,44.087462199573004,14.951762935937758,50.540199078487355,3.668721468281448,0.48273654179826614,26.809316854409616,3.6711061252796315,41.827919931743651,44.79159550385446,179.20840449614565,18.51873531966762,1890.4812646803357,1890.4812646803357,1696.1147834449721,1619.8852165550247,1619.8852165550247,16.600000000000001
228.5,12,44.064806060679643,14.969425955294797,50.447315244021929,3.6648815612747594,0.48185865606350076,26.819027766687398,3.6718075769027445,41.915109195049631,44.611482465732358,179.38851753426775,18.305089751245358,1890.6949102487579,1890.6949102487579,1693.7461662002463,1622.2538337997507,1622.2538337997507,16.600000000000001
228.75,12,44.042197469375353,14.98711345630268,50.354492677885304,3.6610530037526026,0.48098665790748596,26.828649412661981,3.6725032006061378,42.00231504718645,44.432032818883911,179.56796718111622,18.093837569733115,1890.9061624302701,1890.9061624302701,1691.3804070048436,1624.6195929951532,1624.6195929951532,16.600000000000001
229,12,44.019636413031648,15.004825424507271,50.261731519182277,3.6572356917349311,0.4801204912105177,26.838181979515735,3.6731929689295875,42.089537349426919,44.253244941213076,179.74675505878704,17.884953457996946,1891.1150465420062,1891.1150465420062,1689.0175068794886,1626.9824931205083,1626.9824931205083,16.600000000000001
229.25,12,43.997122879012082,15.022561845349422,50.169031907287433,3.6534295220661188,0.47926010047244572,26.847625653100035,3.673876854679083,42.176775962394842,44.075117206798687,179.92488279320142,17.67841233978524,1891.321587660218,1891.321587660218,1686.657466843003,1629.3425331569938,1629.3425331569938,16.600000000000001
229.5,12,43.97465685467207,15.040322704167723,50.076393981842315,3.6496343924100456,0.47840543080579412,26.856980617944465,3.6745548309259424,42.264030746071391,43.89764798598938,180.10235201401073,17.47418937790103,1891.5258106221022,1891.5258106221022,1684.3002879120779,1631.6997120879189,1631.6997120879189,16.600000000000001
229.75,12,43.952238327358792,15.058107986201147,49.983817882752511,3.6458502012451666,0.47755642792893871,26.866247057266055,3.6752268710059148,42.351301559801378,43.720835645497658,180.27916435450246,17.272259972379548,1891.7277400276237,1891.7277400276237,1681.9459711010468,1634.05402889895,1634.05402889895,16.600000000000001
230,12,43.929867284411038,15.075917676591647,49.89130375018479,3.6420768478595633,0.4767130381593489,26.875425152978497,3.6758929485182561,42.438588262299511,43.544678548493138,180.45532145150699,17.072599758671384,1891.927400241332,1891.927400241332,1679.594517421662,1636.4054825783348,1636.4054825783348,16.600000000000001
230.25,12,43.907543713159079,15.093751760386667,49.798851724564194,3.638314232345996,0.47587520840690012,26.884515085701455,3.6765530373247648,42.525890711656658,43.369175054694885,180.63082494530522,16.875184605832107,1892.1248153941713,1892.1248153941713,1677.2459278828733,1638.7540721171235,1638.7540721171235,16.600000000000001
230.5,12,43.885267600924543,15.111610222541517,49.706461946571117,3.6345622555969639,0.47504288616728574,26.893517034769779,3.677207111548737,42.61320876534608,43.19432352046281,180.80567647953728,16.67999061472117,1892.320009385282,1892.320009385282,1674.9002034906084,1641.0997965093886,1641.0997965093886,16.600000000000001
230.75,12,43.863038935020334,15.129493047921779,49.614134557138343,3.6308208192997,0.47421601951541592,26.902431178242864,3.6778551455740107,42.700542280229634,43.020122298888445,180.97987770111166,16.486994116199433,1892.5130058838038,1892.5130058838038,1672.557345247556,1643.4426547524411,1643.4426547524411,16.600000000000001
231,12,43.840857702750455,15.14740022130556,49.521869697448082,3.6270898259311979,0.47339455709893197,26.911257692913953,3.6784971140439033,42.787891112563905,42.846569739884721,181.15343026011539,16.296171669337863,1892.7038283306656,1892.7038283306656,1670.2173541529519,1645.7826458470449,1645.7826458470449,16.600000000000001
231.25,12,43.818723891409924,15.165331727385691,49.429667508928951,3.6233691787532285,0.47257844813178351,26.919996754319467,3.6791329918601257,42.875255118006415,42.673664190274906,181.32633580972521,16.107500059632624,1892.8924999403707,1892.8924999403707,1667.8802312023672,1648.1197687976296,1648.1197687976296,16.600000000000001
231.5,12,43.796637488284681,15.183287550771855,49.337528133253031,3.6196587818073498,0.47176764238786539,26.928648536748344,3.6797627541816773,42.962634151621707,42.501403993880714,181.49859600611939,15.92095629722624,1893.079043702777,1893.079043702777,1665.5459773874986,1650.4540226124982,1650.4540226124982,16.600000000000001
231.75,12,43.774598480651456,15.201267675992625,49.245451712332759,3.6159585399099115,0.47096209019471863,26.93721321325139,3.6803863764237184,43.050028067887467,42.329787491609679,181.67021250839042,15.736517615135709,1893.2634823848678,1893.2634823848678,1663.2145936959614,1652.7854063040354,1652.7854063040354,16.600000000000001
232,12,43.75260685577765,15.219272087497488,49.15343838831798,3.6122683586470452,0.47016174242729564,26.945690955650615,3.6810038342564977,43.137436720700535,42.158813021541505,181.84118697845858,15.554161467490079,1893.4458385325133,1893.4458385325133,1660.8860811110876,1655.1139188889092,1655.1139188889092,16.600000000000001
232.25,12,43.730662600921285,15.237300769658722,49.061488303592817,3.6085881443696755,0.46936655050178738,26.954081934548626,3.681615103604102,43.224859963382968,41.988478919013851,182.01152108098623,15.373865527769855,1893.6261344722336,1893.6261344722336,1658.5604406117216,1657.4395593882753,1657.4395593882753,16.600000000000001
232.5,12,43.708765703330862,15.25535370677323,48.969601600772627,3.6049178041885122,0.46857646636951356,26.962386319337977,3.6822201606432565,43.312297648688087,41.818783516707128,182.18121648329296,15.195607687055956,1893.8043923129474,1893.8043923129474,1656.2376731720205,1659.7623268279763,1659.7623268279763,16.600000000000001
232.75,12,43.686916150245288,15.273430883064343,48.877778422700921,3.6012572459690468,0.46779144251087534,26.970604278210548,3.6828189818021273,43.399749628806461,41.649725144728507,182.35027485527158,15.019366052286538,1893.9806339477168,1893.9806339477168,1653.9177797612572,1662.0822202387396,1662.0822202387396,16.600000000000001
233,12,43.665113928893746,15.291532282683516,48.78601891244621,3.5976063783265504,0.46701143192936956,26.978735978166917,3.6834115437590822,43.487215755371835,41.481302130695227,182.51869786930484,14.845118944520557,1894.154881055483,1894.154881055483,1651.6007613436261,1664.3992386563707,1664.3992386563707,16.600000000000001
233.25,12,43.643359026495666,15.30965788971197,48.694323213298986,3.5939651106210677,0.46623638814566509,26.986781585025735,3.6839978234414374,43.574695879467079,41.313512799816948,182.68648720018314,14.672844897208808,1894.3271551027944,1894.3271551027944,1649.2866188780515,1666.7133811219455,1666.7133811219455,16.600000000000001
233.5,12,43.62165143026057,15.327807688162252,48.602691468768469,3.5903333529524524,0.4654662651917672,26.994741263433056,3.6845777980241308,43.662189851630096,41.146355474977426,182.85364452502267,14.502522654475419,1894.4974773455281,1894.4974773455281,1646.9753533179953,1669.0246466820015,1669.0246466820015,16.600000000000001
233.75,12,43.599991127388044,15.345981661979769,48.511123822579577,3.5867110161553462,0.46470101760519789,27.002615176871739,3.6851514449284619,43.749697521859652,40.979828476815378,183.0201715231847,14.334131169402095,1894.6658688306013,1894.6658688306013,1644.6669656112731,1671.3330343887237,1671.3330343887237,16.600000000000001
234,12,43.578378105067621,15.364179795044242,48.419620418669702,3.5830980117941813,0.46394060042324708,27.010403487670811,3.6857187418207942,43.837218739621235,40.813930123804568,183.18606987619552,14.167649602321164,1894.8323503976821,1894.8323503976821,1642.3614566998665,1673.6385433001303,1673.6385433001303,16.600000000000001
234.25,12,43.556812350478694,15.382402071171089,48.328181401185553,3.5794942521582049,0.46318496917730023,27.018106357014815,3.6862796666112114,43.924753353852878,40.648658732333111,183.35134126766695,14.003057319118238,1894.9969426808852,1894.9969426808852,1640.0588275197429,1675.9411724802542,1675.9411724802542,16.600000000000001
234.5,12,43.535293850790445,15.400648474112767,48.236806914480013,3.5758996502564964,0.46243407988721735,27.025723944953175,3.686834197452169,44.012301212970897,40.484012616781975,183.51598738321812,13.840333889541883,1895.1596661104616,1895.1596661104616,1637.7590790006723,1678.2409209993245,1678.2409209993245,16.600000000000001
234.75,12,43.513822593161791,15.418918987560026,48.145497103108902,3.5723141198129955,0.46168788905577113,27.033256410409511,3.6873823127371361,44.099862164875653,40.319990089602776,183.6800099103973,13.679459085521209,1895.3205409144821,1895.3205409144821,1635.4622120660533,1680.5377879339437,1680.5377879339437,16.600000000000001
235,12,43.492398564741265,15.437213595143154,48.054252111827822,3.568737575261534,0.46094635366314685,27.040703911190995,3.6879239910992627,44.18743605695721,40.156589461394759,183.8434105386053,13.52041287949366,1895.4795871205094,1895.4795871205094,1633.1682276327363,1682.8317723672606,1682.8317723672606,16.600000000000001
235.25,12,43.471021752666978,15.455532280433111,47.963072085588934,3.5651699317408792,0.46020943116149632,27.048066603997633,3.6884592114099792,44.275022736101057,39.993809040981034,184.00619095901902,13.363175442738218,1895.6368245572651,1895.6368245572651,1630.8771266108522,1685.1228733891446,1685.1228733891446,16.600000000000001
235.5,12,43.449692144066518,15.473875026942633,47.871957169537723,3.5616111050897832,0.45947707946954724,27.055344644431621,3.6889879527775702,44.36262204869373,39.831647135484111,184.16835286451595,13.207727143715861,1895.7922728562874,1895.7922728562874,1628.5889099036397,1687.4110900963574,1687.4110900963574,16.600000000000001
235.75,12,43.428409726056884,15.492241818127278,47.780907509009808,3.5580610118420406,0.45874925696727453,27.062538187006616,3.6895101945457824,44.450233840628449,39.670102050400622,184.32989794959946,13.0540485464209,1895.9459514535824,1895.9459514535824,1626.3035784072783,1689.6964215927185,1689.6964215927185,16.600000000000001
236,12,43.407174485744463,15.510632637386429,47.689923249527681,3.5545195692215579,0.45802592249062651,27.069647385157023,3.6900259162924076,44.537857957310678,39.509172089675339,184.49082791032473,12.902120408739624,1896.0978795912636,1896.0978795912636,1624.0211330107238,1691.978866989273,1691.978866989273,16.600000000000001
236.25,12,43.385986410224866,15.529047468064221,47.599004536797445,3.5509866951374338,0.45730703532630662,27.076672391247275,3.6905350978278544,44.62549424366366,39.348855555774442,184.65114444422565,12.751923680817338,1896.2480763191859,1896.2480763191859,1621.7415745955429,1694.2584254044539,1694.2584254044539,16.600000000000001
236.5,12,43.364845486582965,15.547486293450424,47.508151516705645,3.5474623081790564,0.45659255520662062,27.083613356581036,3.6910377191937092,44.713142544133909,39.189150749758056,184.81084925024203,12.603439503435467,1896.3965604965679,1896.3965604965679,1619.4649040357554,1696.5350959642415,1696.5350959642415,16.600000000000001
236.75,12,43.343751701892749,15.565949096781297,47.417364335315916,3.5439463276112106,0.45588244230437286,27.09047043141047,3.6915337606612897,44.800802702696721,39.030055971352077,184.969944028648,12.456649206396099,1896.543350793607,1896.543350793607,1617.1911221976734,1698.8088778023234,1698.8088778023234,16.600000000000001
237,12,43.322705043217312,15.584435861240353,47.326643138865791,3.5404386733691799,0.45517665722780248,27.097243764945457,3.6920232027301885,44.888474562861553,38.871569519019253,185.12843048098082,12.311534306912261,1896.6884656930911,1896.6884656930911,1614.9202299397471,1701.0797700602498,1701.0797700602498,16.600000000000001
237.25,12,43.301705497608744,15.602946569959112,47.235988073763401,3.5369392660538801,0.4544751610155926,27.103933505362765,3.692506026126813,44.97615796767753,38.713689690029618,185.28631030997047,12.168076508010392,1896.8319234919929,1896.8319234919929,1612.6522281124087,1703.3477718875881,1703.3477718875881,16.600000000000001
237.5,12,43.280753052108132,15.621481206017775,47.145399286584201,3.5334480269270028,0.45377791513192894,27.110539799815264,3.6929822118029123,45.063852759738673,38.556414780530083,185.44358521947001,12.026257696940334,1896.9737423030631,1896.9737423030631,1610.3871175579241,1705.6128824420728,1705.6128824420728,16.600000000000001
237.75,12,43.259847693745414,15.640039752445873,47.054876924067692,3.5299648779061719,0.45308488146160991,27.117062794441033,3.6934517409341048,45.151558781189365,38.399743085613473,185.60025691438659,11.886059943594013,1897.1139400564093,1897.1139400564093,1608.1248991102407,1707.8751008897561,1707.8751008897561,16.600000000000001
238,12,43.238989409539393,15.658622192222856,46.964421133114165,3.5264897415601206,0.45239602230521564,27.123502634372514,3.6939145949183905,45.239275873729561,38.243672899386752,185.75632710061333,11.747465498933956,1897.2525345010692,1897.2525345010692,1605.8655735948435,1710.1344264051534,1710.1344264051534,16.600000000000001
238.25,12,43.218178186497646,15.677228508278642,46.874032060781367,3.523022541103892,0.45171130037433055,27.129859463745593,3.6943707553746652,45.327003878620118,38.088202515038553,185.91179748496154,11.610456793430934,1897.3895432065722,1897.3895432065722,1603.6091418286089,1712.3908581713881,1712.3908581713881,16.600000000000001
238.5,12,43.197414011616452,15.695858683494116,46.783709854281256,3.519563200394018,0.45103067878680092,27.13613342570871,3.6948202041412306,45.414742636687947,37.933330224906143,186.06666977509394,11.475016435506369,1897.5249835644968,1897.5249835644968,1601.3556046196632,1714.6443953803337,1714.6443953803337,16.600000000000001
238.75,12,43.176696871880772,15.714512700701594,46.693454660976649,3.5161116439237476,0.45035412106206174,27.142324662431921,3.695262923274294,45.502491988331293,37.77905432054154,186.22094567945857,11.341127209987565,1897.6588727900155,1897.6588727900155,1599.1049627672433,1716.8950372327536,1716.8950372327536,16.600000000000001
239,12,43.156026754264161,15.733190542685229,46.603266628377966,3.5126677968182847,0.44968159111650863,27.148433315115916,3.6956988950464713,45.59025177352482,37.62537309277706,186.37462690722305,11.20877207657081,1897.7912279234322,1897.7912279234322,1596.8572170615578,1719.142782938439,1719.142782938439,16.600000000000001
239.25,12,43.135403645728729,15.751892192181385,46.513145904139918,3.5092315848300419,0.44901305325892182,27.154459524001027,3.6961281019452761,45.678021831824779,37.472284831790127,186.52771516820999,11.077934168293332,1897.9220658317097,1897.9220658317097,1594.6123682836524,1721.3876317163445,1721.3876317163445,16.600000000000001
239.5,12,43.114827533225053,15.770617631878983,46.423092636058186,3.5058029343339108,0.44834847218594176,27.16040342837622,3.6965505266716314,45.76580200237408,37.319787827167453,186.68021217283265,10.948596790014928,1898.0514032099884,1898.0514032099884,1592.3704172052771,1723.6295827947197,1723.6295827947197,16.600000000000001
239.75,12,43.094298403692164,15.789366844419776,46.333106972066119,3.5023817723225537,0.44768781297759674,27.166265166588015,3.6969661521383848,45.853592123907298,37.167880367968507,186.83211963203161,10.820743416909778,1898.1792565830935,1898.1792565830935,1590.1313645887567,1725.8686354112401,1725.8686354112401,16.600000000000001
240,12,43.073816244057475,15.808139812398599,46.243189060231444,3.4989680264017093,0.44703104109287006,27.172044876049451,3.697374961468757,45.941392034755729,37.016560742788371,186.98343925721173,10.69435769296277,1898.3056423070404,1898.3056423070404,1587.8952111868598,1728.104788813137,1728.104788813137,16.600000000000001
