model_time,CD95,FADD,DISC,p55free,DISCp55,p30,p43,p18,p18inactive,Bid,tBid,PrNES_mCherry,PrNES,mCherry,PrER_mGFP,PrER,mGFP,CD95L
0,116,93,0,155,0,0,0,0,0,236,0,973,0,0,5178,0,0,16.600000000000001
0.25,116,91.876040356892204,1.1132933193095047,154.98933367619844,0.010656151182114867,1.0170067533745624e-05,2.5486822628028052e-09,3.2391906708768852e-12,1.1145325105580947e-14,235.99999999998664,1.3336272044616716e-11,972.99999999984163,1.5834774310641213e-10,1.5834774310641213e-10,5178,9.2498533704048584e-13,9.2498533704048584e-13,16.600000000000001
0.5,116,90.76721569207379,2.1905836850547371,154.95779937692447,0.042119904463391644,8.0638421569982031e-05,7.9986547165175949e-08,2.0265529854013238e-10,1.3833572076973487e-12,235.99999999916173,8.3817708528896069e-10,972.99999999004785,9.9520652649062302e-09,9.9520652649062302e-09,5177.9999999998854,1.1480913485139691e-10,1.1480913485139691e-10,16.600000000000001
0.75,116,89.673292931670005,3.2327938401712788,154.90608676955631,0.093642900811365171,0.00026973170057387896,5.9564682003382041e-07,2.2617658772456085e-09,2.3198067735419622e-11,235.99999999060142,9.3984939678736148e-09,972.99999988840727,1.1159267772712316e-07,1.1159267772712316e-07,5177.9999999980755,1.9252800882574716e-09,1.9252800882574716e-09,16.600000000000001
1,116,88.594043109520499,4.2408321513145184,154.83487524821228,0.1644886236484846,0.00063365413125096798,2.4613852927987888e-06,1.2451989367727555e-08,1.7071648434444475e-10,235.99999994801416,5.1985729822058461e-08,972.99999938274925,6.1725068008590283e-07,6.1725068008590283e-07,5177.9999999858328,1.4168294178374529e-08,1.4168294178374529e-08,16.600000000000001
1.25,116,87.529241296919309,5.2155921338832725,154.74483338346064,0.25393268491749427,0.001226518596727017,7.3656832373002619e-06,4.6542271910254624e-08,7.9965867557945087e-10,235.99999980477796,1.9522191716487313e-07,972.99999768203952,2.3179603610721085e-06,2.3179603610721085e-06,5177.9999999336351,6.6366170796853599e-08,6.6366170796853599e-08,16.600000000000001
1.5,116,86.478666532583091,6.1579520432271098,154.63661843682755,0.36126307489111087,0.0021003774636337022,1.7971835087185317e-05,1.3616794607463834e-07,2.8147274227640215e-09,235.99999942615827,5.7384163399763578e-07,972.99999318651214,6.8134878421984495e-06,6.8134878421984495e-06,5177.9999997663972,2.3360301912233381e-07,2.3360301912233381e-07,16.600000000000001
1.75,116,85.44210175293513,7.068774528129036,154.51087593650371,0.48578037734216584,0.0033052532054608846,3.808838824688266e-05,3.3642614062143173e-07,8.1343802708076488e-09,235.99999857556347,1.4244364113677511e-06,972.99998308700572,1.6912994043927677e-05,1.6912994043927677e-05,5177.999999324903,6.7509762206487844e-07,6.7509762206487844e-07,16.600000000000001
2,116,84.419333722786348,7.9489063427337587,154.36823931070444,0.62679795164344054,0.004889168853100939,7.2813983391069811e-05,7.3446744595338755e-07,2.0348257313295792e-08,235.9999968756365,3.1243633833689853e-06,972.99996290298486,3.7097015012038956e-05,3.7097015012038956e-05,5177.9999983112348,1.688765421174664e-06,1.688765421174664e-06,16.600000000000001
2.25,116,83.410152966488269,8.799178113189086,154.20932957521291,0.78364208332448126,0.0068981782969376477,0.00012865870125484572,1.4588761256430446e-06,4.5588395965819631e-08,235.99999376491922,6.2350806674835153e-06,972.99992596799734,7.4032002643474563e-05,7.4032002643474563e-05,5177.9999962164775,3.7835233510639289e-06,3.7835233510639289e-06,16.600000000000001
2.5,116,82.414353699626531,9.6204041553740733,154.03475507171754,0.95565210457627225,0.0093763964584229389,0.00021364396473506122,2.6896524286277459e-06,9.3630711977514333e-08,235.99998845076945,1.1549230433949544e-05,972.999862870637,0.00013712936295744965,0.00013712936295744965,5177.9999922292964,7.7707051871902041e-06,7.7707051871902041e-06,16.600000000000001
2.75,116,81.431733761317702,10.413382340203151,153.84511125365086,1.1421804861618581,0.012366029342803335,0.00033738297450934367,4.6686311029971171e-06,1.7923899163962171e-07,235.99997985915141,2.0140848450101504e-05,972.99976085838455,0.00023914161542387105,0.00023914161542387105,5177.9999851243974,1.4875603652994801e-05,1.4875603652994801e-05,16.600000000000001
3,116,80.46209454716714,11.178894003116298,153.64098051633457,1.3425929021611245,0.015907403978944013,0.00051114357650609084,7.7101889030646764e-06,3.237600520172446e-07,235.99996658186697,3.3418132900632472e-05,972.99960321106209,0.00039678893783939129,0.00039678893783939129,5177.9999731301441,2.6869857740478785e-05,2.6869857740478785e-05,16.600000000000001
3.25,116,79.505240942939267,11.917703894498134,153.42293206834944,1.5562682689478851,0.020038998246456077,0.0007478953682881935,1.2212112712951912e-05,5.5697530080344971e-07,235.99994682173914,5.3178260724806665e-05,972.99936858998092,0.00063141001896331258,0.00063141001896331258,5177.9999537748827,4.6225119425113067e-05,4.6225119425113067e-05,16.600000000000001
3.5,116,78.56098125898724,12.630560167899942,153.19152184115967,1.7825987597702306,0.024797470585362271,0.0010623427572335035,1.8666516401426127e-05,9.1921117477760548e-07,235.99991833621021,8.1663789655745151e-05,972.99903036826663,0.00096963173338791668,0.00096963173338791668,5177.9999237117963,7.6288205502741992e-05,7.6288205502741992e-05,16.600000000000001
3.75,116,77.629127165484249,13.318194403075459,152.94729243414096,2.0209897962773975,0.030217689578871561,0.00147094558403989,2.7670710335083882e-05,1.4637084492544861e-06,235.99987837976693,0.00012162023295434294,972.9985559472683,0.0014440527316310413,0.0014440527316310413,5177.9998785222679,0.00012147773389785112,0.00012147773389785112,16.600000000000001
4,116,76.709493628493007,13.981321660979187,152.69077309228194,2.2708600183087109,0.036332763395654312,0.0019919288234582335,3.9937942055414465e-05,2.2592482937974829e-06,235.99982364555996,0.00017635443991053751,972.9979060634156,0.002093936584277035,0.002093936584277035,5177.9998124979338,0.00018750206807445027,0.00018750206807445027,16.600000000000001
4.25,116,75.801898846907108,14.620640568014275,152.42247971395031,2.5316412332322669,0.043174069074319435,0.0026452827720295272,5.6307939993350757e-05,3.3930311631927665e-06,235.99975020654145,0.00024979345841333821,972.99703408936932,0.0029659106306605533,0.0029659106306605533,5177.9997184017557,0.00028159824491432833,0.00028159824491432833,16.600000000000001
4.5,116,74.906164190292671,15.236833426954819,152.14291488624031,2.8027783460922517,0.050771281629706802,0.0034527550305608139,7.7757204035299596e-05,4.9738032047122352e-06,235.9996534564041,0.00034654359572922603,972.99588533284646,0.0041146671535440184,0.0041146671535440184,5177.9995872085565,0.00041279144454866651,0.00041279144454866651,16.600000000000001
4.75,116,74.022114137655024,15.830566352103654,151.85256794553706,3.0837292717944167,0.059152402957770384,0.0044378354891336192,0.00010540899813563025,7.1352235641563727e-06,235.99952805056793,0.00047194943192913909,972.99439633604629,0.0056036639536785121,0.0056036639536785121,5177.9994078255486,0.00059217445282458555,0.00059217445282458555,16.600000000000001
5,116,73.149576217152344,16.402489426381226,151.55191506105862,3.3739648305286676,0.068343790513685859,0.0056257354240924224,0.00014054300989636164,1.0039465099234598e-05,235.99936784742513,0.00063215257471620472,972.99249417819726,0.0075058218026286408,0.0075058218026286408,5177.9991667935074,0.00083320649450787472,0.00083320649450787472,16.600000000000001
5.25,116,72.288380946773273,16.953236878172874,151.24141933925495,3.6729686275963283,0.078370185736032535,0.0070433617214941506,0.00018460465096895853,1.3881040267145895e-05,235.99916585002345,0.00083414997638859656,972.9900957833712,0.0099042166286489527,0.0099042166286489527,5177.9988479692483,0.0011520307537026572,0.0011520307537026572,16.600000000000001
5.5,116,71.438361775994125,17.483427275890147,150.9215309470608,3.9802369187771167,0.089254742188534311,0.0087192871500888277,0.00023921398008125983,1.8890843433085655e-05,235.99891414833672,0.0010858516631359622,972.9871072353634,0.012892764636403238,0.012892764636403238,5177.9984321901466,0.0015678098547166005,0.0015678098547166005,16.600000000000001
5.75,116,70.59935502842653,17.993663738326713,150.59268725211527,4.2952784623374578,0.10101905338987847,0.01068371751942615,0.00030617423753934013,2.5340400478624494e-05,235.99860386224617,0.0013961377536907374,972.98342310112446,0.016576898875431626,0.016576898875431626,5177.9978969214553,0.0021030785459694957,0.0021030785459694957,16.600000000000001
6,116,69.77119984546519,18.484534159010416,150.25531297817312,4.6176143587474465,0.11368318030157613,0.012968456475356088,0.00038747998612648769,3.3546316417416865e-05,235.99822508533131,0.0017749146685360098,972.97892576394543,0.021074236054425415,0.021074236054425415,5177.9972158871869,0.0027841128151751366,0.0027841128151751366,16.600000000000001
6.25,116,68.953738130941787,18.956611442869566,149.90982037404112,4.9467778791386205,0.12726567844359271,0.01560686860641732,0.00048532485865483368,4.3874911664076215e-05,235.99776682954703,0.0022331704528125908,972.97348476734646,0.026515232653373702,0.026515232653373702,5177.9963586853437,0.0036413146587447169,0.0036413146587447169,16.600000000000001
6.5,116,68.146814496789062,19.41045375364401,149.55660939447847,5.2823142834989785,0.14178362460756747,0.018633841460365501,0.00060210891698301509,5.6747037663610536e-05,235.99721697084414,0.002783029155701537,972.96695617038722,0.033043829612650885,0.033043829612650885,5177.9952903882695,0.0047096117332637872,0.0047096117332637872,16.600000000000001
6.75,116,67.350276209717208,19.846604770579173,149.1960678916025,5.6237806295653305,0.15725264313781981,0.022085747000467282,0.00074044563117514552,7.2643062751538749e-05,235.99656219577329,0.00343780422657112,972.95918191492058,0.040818085079324058,0.040818085079324058,5177.9939711288725,0.006028871130152407,0.006028871130152407,16.600000000000001
7,116,66.563973138902114,20.265593953044267,148.82857181543636,5.9707455733364947,0.17368693175097735,0.026000402966148122,0.00090316849070513731,9.2108019356786064e-05,235.99578794909621,0.0042120509036732336,972.94998920513228,0.050010794867592946,0.050010794867592946,5177.9923556734675,0.0076443265344035647,0.0076443265344035647,16.600000000000001
7.25,116,65.78775770468377,20.667936811814428,148.45448542233203,6.3227891620938035,0.19109928686594968,0.030417034542042497,0.0010933372622144886,0.00011575690398300143,235.99487838241515,0.0051216175847105128,972.93918989955694,0.060810100443008365,0.060810100443008365,5177.9903929819484,0.009607018054798775,0.009607018054798775,16.600000000000001
7.5,116,65.021484828270928,21.054135185849958,148.0741614900887,6.6795026207786892,0.20950112841702945,0.035376236683384743,0.0013142439104821798,0.00014428012175863306,235.99381630381933,0.0061836961805313249,972.9265799156268,0.073420084373176916,0.073420084373176916,5177.9880257559607,0.011974244042020504,0.011974244042020504,16.600000000000001
7.75,116,64.265011882446899,21.424677523495042,147.68794153867344,7.0404881325399975,0.228902524124208,0.040919937393825767,0.0015694182007980272,0.00017844906778199729,235.99258312853664,0.0074168714632099801,972.91193864670288,0.088061353297094913,0.088061353297094913,5177.9851899757559,0.0148100242467835,0.0148100242467835,16.600000000000001
8,116,63.518198643270011,21.780039167102458,147.29615605553249,7.4053586142272954,0.24931221319619726,0.04709136220401864,0.0018626330021538785,0.00021912183791651031,235.99115883057138,0.0088411694285113057,972.89502839144097,0.10497160855905527,0.10497160855905527,5177.9818144262972,0.01818557370514683,0.01818557370514683,16.600000000000001
8.25,116,62.780907242760541,22.120682640170759,146.89912472455779,7.773737487570088,0.27073762944323793,0.053935000055354759,0.0021979093114029265,0.00026724906217280955,235.98952189530002,0.01047810469988553,972.87559379527272,0.12440620472728089,0.12440620472728089,5177.9778202132256,0.022179786777501681,0.022179786777501681,16.600000000000001
8.5,116,62.053002122565609,22.447057936155527,146.497156657848,8.1452584467472438,0.2931849237784685,0.061496570753136616,0.0025795210189499072,0.00032387985429332196,235.98764927299288,0.012350727007006252,972.85336130372434,0.14663869627573023,0.14663869627573023,5177.9731202691955,0.026879730806741785,0.026879730806741785,16.600000000000001
8.75,116,61.334349988591569,22.759602808187324,146.0905506294707,8.5195652230159027,0.31665898608843746,0.069822994116747361,0.0030119994366114705,0.00039016787164736786,235.98551633322336,0.014483666776506757,972.82803862724938,0.17196137275059437,0.17196137275059437,5177.9676188511012,0.032381148901177534,0.032381148901177534,16.600000000000001
9,116,60.624819766593205,23.058743058995763,145.67959531050096,8.8963113470348354,0.3411634664552351,0.078962360920943012,0.0035001376080805,0.0004673774800319397,235.98309682012382,0.016903179876084529,972.79931421722802,0.20068578277197099,0.20068578277197099,5177.9612110286153,0.038788971387247261,0.038788971387247261,16.600000000000001
9.25,116,59.924282558707937,23.344892830401488,145.26456950466911,9.2751599094838735,0.36670079571469744,0.088963905691985604,0.0040489944219632571,0.00055689001845357058,235.98036280844426,0.019637191555626401,972.76685675276269,0.23314324723719901,0.23314324723719901,5177.9537821644872,0.04621783551589579,0.04621783551589579,16.600000000000001
9.5,116,59.232611600922581,23.618454891796656,144.84574238401325,9.6557833205487835,0.39327220533716878,0.099877981394790871,0.0046638985466674471,0.00066021015943267002,235.97728466036935,0.022715339630530657,972.73031463790369,0.2696853620962843,0.2696853620962843,5177.9452073869579,0.054792613044002299,0.054792613044002299,16.600000000000001
9.75,116,58.549682221459612,23.879820927089579,144.42337372398296,10.037863068809214,0.42087774661942878,0.11175603602215137,0.0053504522055072687,0.00077897236082166558,235.97383098304687,0.026169016953035584,972.68931550893774,0.31068449106227364,0.31068449106227364,5177.9353510546543,0.0646489453482713,0.0646489453482713,16.600000000000001
10,116,57.875371800069239,24.129371819639832,143.99771413749428,10.421089480037717,0.44951630917850932,0.12465059107469753,0.0061145348093274805,0.00091494740554836067,235.96996858678273,0.030031413217204692,972.64346575139803,0.356534248602068,0.356534248602068,5177.9240662142402,0.075933785762445846,0.075933785762445846,16.600000000000001
10.25,116,57.209559728213272,24.367477934758266,143.56900530748283,10.805161476388397,0.47918563874033659,0.1386152218997192,0.0069623064626966255,0.0010700490260945948,235.96566244385761,0.034337556142316636,972.59235002647415,0.40764997352587262,0.40764997352587262,5177.911194051143,0.088805948860186668,0.088805948860186668,16.600000000000001
10.5,116,56.552127370126321,24.594499399391584,143.13748021754881,11.189786336425644,0.50988235421842565,0.15370453983801891,0.0079002113582979129,0.0012463406108936172,235.96087564792217,0.039124352077757281,972.5355308065441,0.46446919345601839,0.46446919345601839,5177.8965633335674,0.10343666643513165,0.10343666643513165,16.600000000000001
10.75,116,55.902958024739192,24.810786378642803,142.70336338031905,11.574679456424594,0.54160196407971961,0.16997417611368074,0.0089349810729891441,0.0014460419900860604,235.95556937392897,0.044430626070987071,972.47254791957914,0.52745208042099079,0.52745208042099079,5177.8799898500538,0.12001014994921365,0.12001014994921365,16.600000000000001
11,116,55.261936888450236,25.016679348847752,142.26687106322328,11.959564113320486,0.5743388819978853,0.18748076738361666,0.010073637776242832,0.0016715362986071346,235.94970283856517,0.05029716143476208,972.40291810225722,0.59708189774278997,0.59708189774278997,5177.8612758407407,0.13872415926252771,0.13872415926252771,16.600000000000001
11.25,116,54.628951018728351,25.212509366917235,141.8282115113696,12.344171229708078,0.60808644179560944,0.20628194285070697,0.011323497361648383,0.0019253769144687686,235.94323326114929,0.056766738850674417,972.32613456163858,0.67386543836148505,0.67386543836148505,5177.8402094225576,0.15979057744593086,0.15979057744593086,16.600000000000001
11.5,116,54.003889298532357,25.398598335712101,141.38758516726466,12.728239141242042,0.64283691168031687,0.22643631283317059,0.012692172509413291,0.0022102944705234633,235.9361158249601,0.063884175039870414,972.24166654534213,0.75833345465782509,0.75833345465782509,5177.8165640084917,0.18343599151082932,0.18343599151082932,16.600000000000001
11.75,116,53.386642401531709,25.575259265261657,140.94518488716986,13.111513366753213,0.67858150778032167,0.24800345867308188,0.014187575685384906,0.002529203938258969,235.928303638974,0.071696361025962135,972.14895892024845,0.85104107975149512,0.85104107975149512,5177.790097721092,0.20990227891011812,0.20990227891011812,16.600000000000001
12,116,52.777102758112427,25.742796529638092,140.50119615388743,13.493746381405227,0.7153104069904378,0.27104392385379544,0.015817922081119134,0.0028852117820943558,235.91974769998666,0.080252300013279113,972.04743175980582,0.95256824019407915,0.95256824019407915,5177.7605528003478,0.23944719965388372,0.23944719965388372,16.600000000000001
12.25,116,52.175164522152578,25.90150611933597,140.05579728580884,13.874697393184602,0.75301275913873744,0.29561920618809934,0.017591732497025666,0.0032816231828116348,235.91039685510279,0.089603144897151168,971.93647994011735,1.0635200598825838,1.0635200598825838,5177.7276550061079,0.27234499389425681,0.27234499389425681,16.600000000000001
12.5,116,51.580723538547986,26.051675889000652,139.60915964205194,14.254132123062091,0.79167669849202804,0.32179175089723344,0.019517836168359799,0.0037219493284754023,235.90019776458064,0.09980223541930254,971.81547274513741,1.1845272548624377,1.1845272548624377,5177.691113015203,0.30888698479875709,0.30888698479875709,16.600000000000001
12.75,116,50.993677311492064,26.193585800547346,139.16144782373354,14.631822588751591,0.83128935459807252,0.34962494461091864,0.021605373532891083,0.0042099147731413751,235.88909486503726,0.11090513496265687,971.68375348096799,1.3162465190320116,1.3162465190320116,5177.6506178132586,0.34938218674345756,0.34938218674345756,16.600000000000001
13,116,50.413924973448445,26.327508161234473,138.71281987089205,15.007546893096467,0.87183686252775217,0.37918310969285696,0.023863798933071521,0.0047494648579461127,235.87703033298834,0.12296966701157326,971.54063910056584,1.4593608994341078,1.4593608994341078,5177.6058420817762,0.39415791822571278,0.39415791822571278,16.600000000000001
13.25,116,49.841367254865688,26.453707857082694,138.26342745549641,15.381089016224655,0.9133043724723795,0.41053149935458627,0.026302883253423927,0.0053447731987193168,235.86394404875884,0.13605595124106851,971.38541983804896,1.6145801619510356,1.6145801619510356,5177.5564395800493,0.44356041995304046,0.44356041995304046,16.600000000000001
13.5,116,49.275906454547311,26.572442581127071,137.81341606997276,15.752238612855924,0.9556760588015778,0.44373629266810971,0.028932716469857241,0.0060002492319502776,235.84977356076701,0.15022643923292092,971.21735885507701,1.7826411449229156,1.7826411449229156,5177.5020445228092,0.49795547719181504,0.49795547719181504,16.600000000000001
13.75,116,48.717446410730219,26.683963056863522,137.36292521165413,16.120790813884518,0.99893512852715727,0.47886458999457582,0.031763710116568887,0.0067205458232230441,235.83445405020174,0.16554594979815576,971.03569189816744,1.9643081018325537,1.9643081018325537,5177.4422709531582,0.55772904684383517,0.55772904684383517,16.600000000000001
14,116,48.165892472807293,26.788513256544732,136.91208856277089,16.486546033233019,1.0430638292558041,0.51598440815914992,0.034806599649354182,0.0075105669319545636,235.81791829610961,0.18208170389031983,970.83962696898277,2.1603730310171256,2.1603730310171256,5177.3767121114452,0.62328788855653816,0.62328788855653816,16.600000000000001
14.25,116,47.621151473689061,26.886330614462178,136.46103416614807,16.849309779947522,1.0880434566721855,0.55516467522904878,0.038072446674451949,0.0083754753288856221,235.80009664097827,0.19990335902164699,970.62834400915631,2.3716559908436561,2.3716559908436561,5177.304939800506,0.69506019949511788,0.69506019949511788,16.600000000000001
14.5,116,47.083131702822222,26.977646235203217,136.0098845965905,17.208892475331027,1.1338543615094119,0.59647522513412332,0.041572641065565796,0.0093207003695428264,235.78091695676358,0.21908304323635802,970.4009945982815,2.5990054017184114,2.5990054017184114,5177.2265037468733,0.77349625312857195,0.77349625312857195,16.600000000000001
14.75,116,46.551742879791014,27.062685096789806,135.55875712788153,17.565109276059598,1.1804759561687903,0.63998679119078816,0.045318902888906283,0.010351945810536028,235.76030461154056,0.23969538845936972,970.15670167007193,2.8432983299279146,2.8432983299279146,5177.1409309593937,0.85906904060832312,0.85906904060832312,16.600000000000001
15,116,46.026896128545467,27.141666248812633,135.10776389551921,17.917779902688729,1.2278867209148885,0.68577099903828009,0.04932328416582997,0.011475197673219119,235.73818243672949,0.26181756327042593,969.89455924463948,3.1054407553603069,3.1054407553603069,5177.0477250847343,0.95227491526693742,0.95227491526693742,16.600000000000001
15.25,116,45.508503952211441,27.214803005481958,134.65701205511618,18.26672847413651,1.2760642097376553,0.73390035843242674,0.053598170429742499,0.012696732147636012,235.71447069498902,0.28552930501087898,969.61363217965186,3.3863678203480365,3.3863678203480365,5176.9463657605411,1.0536342394610141,1.0536342394610141,16.600000000000001
15.5,116,44.996480208456603,27.282303133673313,134.2066039365981,18.611783348420886,1.3249850559893575,0.78444825345983915,0.05815628200789983,0.014023123524085994,235.68908704897291,0.31091295102703331,969.31295594422954,3.6870440557703117,3.6870440557703117,5176.8363079675173,1.1636920324842746,1.1636920324842746,16.600000000000001
15.75,116,44.490740085445047,27.344369035939408,133.7566371941362,18.952776969267525,1.3746249776966388,0.83748893165137683,0.06301067508637237,0.015461252162050843,235.66194653079813,0.33805346920182211,968.99153641221949,4.0084635877804349,4.0084635877804349,5176.7169813794389,1.283018620562824,1.283018620562824,16.600000000000001
16,116,43.991200078309674,27.40119792854836,133.30720495196437,19.289545719426606,1.4249587827767207,0.89309749093862911,0.068174742421884746,0.01701831247198619,235.63296151259001,0.36703848740992351,968.64834968267769,4.3516503173222167,4.3516503173222167,5176.5877897135742,1.4122102864260744,1.4122102864260744,16.600000000000001
16.25,116,43.497777966168698,27.452982014557474,132.85839594608657,19.621929780377613,1.4759603741030716,0.9513498647931421,0.073662213727143766,0.018701820912627953,235.60204167804991,0.39795832195000391,968.28234192591526,4.7176580740846852,4.7176580740846852,5176.4481100812218,1.5518899187789124,1.5518899187789124,16.600000000000001
16.5,116,43.010392789668501,27.499908651922386,132.41029466188533,19.949772998637869,1.5276027544653743,1.0123228053058624,0.079487155705524129,0.020519624000229279,235.56909399510343,0.43090600489651926,967.89242925654401,5.1075707434557431,5.1075707434557431,5176.2972923387142,1.7027076612875145,1.7027076612875145,16.600000000000001
16.75,116,42.528964829004536,27.542160516750251,131.96298146787575,20.27292275923487,1.5798580316559545,1.0760938633543748,0.085663971582750353,0.022479906296488633,235.53402269008126,0.46597730991869268,967.47749764200432,5.5225023579954673,5.5225023579954673,5176.1346584421826,1.865341557819665,1.865341557819665,16.600000000000001
17,116,42.053415582473448,27.579915761594268,131.51653274538126,20.591229865726561,1.6326974234553757,1.1427413667503383,0.092207400281545421,0.024591198405110402,235.49672922301136,0.50327077698859879,967.03640283839218,5.9635971616076633,5.9635971616076633,5175.9595018030941,2.0404981969071119,2.0404981969071119,16.600000000000001
17.25,116,41.583667745457355,27.613348168986583,131.07102101459341,20.904548427927324,1.6860912629779441,1.2123443946507806,0.099132514939291191,0.026862384911426965,235.45711226490883,0.54288773509113275,966.56797037033118,6.4320296296687642,6.4320296296687642,5175.771086651007,2.2289133489942601,2.2289133489942601,16.600000000000001
17.5,116,41.119645189915062,27.642627300061275,130.62651505668913,21.212735756478061,1.7400090040515617,1.2849827494940358,0.10645472097926109,0.029302712308145636,235.41506767645649,0.58493232354348212,966.07099554316198,6.9290044568378848,6.9290044568378848,5175.568647399261,2.4313526007405679,2.4313526007405679,16.600000000000001
17.75,116,40.661272944311463,27.667918638412509,130.18308003236243,21.515652265065487,1.7944192269783867,1.360736925232146,0.11418975350678946,0.031921796854952021,235.37048848876387,0.62951151123610205,965.54424350014654,7.4557564998532957,7.4557564998532957,5175.3513880187193,2.6486119812818179,2.6486119812818179,16.600000000000001
18,116,40.208477173986189,27.68938372917712,129.74077759677249,21.813161380280558,1.8492896446864977,1.4396880718696248,0.12235367402259151,0.034729632368428853,235.32326488622758,0.67673511377240003,964.98644932496006,8.0135506750398129,8.0135506750398129,5175.1184814198814,2.8815185801204328,2.8815185801204328,16.600000000000001
18.25,116,39.761185161956277,27.707180313361366,129.29966601097081,22.10512945919,1.9045871093256688,1.5219179561666789,0.13096286641646226,0.037736597930578868,235.27328419162765,0.72671580837229266,964.39631819165618,8.6036818083436977,8.6036818083436977,5174.8690688444494,3.1309311555525028,3.1309311555525028,16.600000000000001
18.5,116,39.319325290135218,27.721462457428732,128.85980024993427,22.391425714850737,1.9602776194504967,1.6075089181348043,0.14003403214565791,0.040953465484248594,235.22043085379315,0.77956914620678541,963.7725255675158,9.227474432484092,9.227474432484092,5174.6022592693462,3.3977407306555611,3.3977407306555611,16.600000000000001
18.75,116,38.882827020958196,27.732380678185617,128.42123210725768,22.671922149871353,2.0163263278282422,1.6965438231565884,0.1495841845717322,0.044391407314624758,235.16458643788334,0.83541356211660289,963.1137174699702,9.8862825300298027,9.8862825300298027,5174.317128823307,3.6828711766948081,3.6828711766948081,16.600000000000001
19,116,38.451620879402874,27.74008206295424,127.98401029663414,22.946493498171275,2.0726975500285305,1.7891060094430731,0.15963064234951468,0.048062003373676755,235.10562961868584,0.89437038131409419,962.41851078359605,10.581489216403858,10.581489216403858,5174.012720220041,3.9872797799607951,3.9872797799607951,16.600000000000001
19.25,116,38.02563843539275,27.744710385077692,127.54818055017641,23.215017175090011,2.1293547738300966,1.8852792306094441,0.1701910218455579,0.051977248448676551,235.0434361769812,0.95656382301875975,961.68549363851935,11.314506361480532,11.314506361480532,5173.6880422079194,4.3119577920822358,4.3119577920822358,16.600000000000001
19.5,116,37.604812286573583,27.746406214733561,127.11378571371034,23.477373235962013,2.1862606696141271,1.9851475931167128,0.18128322847158171,0.056149559125426379,234.97787899940658,1.0221210005933601,960.91322585650767,12.086774143492155,12.086774143492155,5173.3420690407447,4.6579309592576488,4.6579309592576488,16.600000000000001
19.75,116,37.189076041449731,27.745307025098487,126.68086583910311,23.733444343314769,2.2433771017916131,2.0887954883453932,0.1929254469018325,0.0605917805434881,234.9088280818969,1.0911719181030421,960.10023946650676,12.899760533493049,12.899760533493049,5172.9737399699061,5.0262600300956448,5.0262600300956448,16.600000000000001
20,116,36.778364302871495,27.741547293840171,126.2494582737439,23.983115742790442,2.3006651414200059,2.1963075190778829,0.20513613007117029,0.065317192896798382,234.83615053710707,1.1638494628928453,959.24503929539765,13.754960704602221,13.754960704602221,5172.5819587622291,5.4180412377723952,5.4180412377723952,16.600000000000001
20.25,116,36.372612651861424,27.735258599954633,125.8195977472584,24.226275247908791,2.3580850800955386,2.3077684201796029,0.21793398689852364,0.07033951765934375,234.75971060601458,1.2402893939853386,958.34610363710306,14.653896362896829,14.653896362896829,5172.1655932453968,5.8344067546045313,5.8344067546045313,16.600000000000001
20.5,116,35.971757631768476,27.7265697159641,125.39131645555433,24.462813233837768,2.4155964452244731,2.4232629732051625,0.23133796866367154,0.075672923514799539,234.67936967393754,1.32063032606238,957.40188500398688,15.598114996012947,15.598114996012947,5171.7234748829587,6.2765251170426257,6.2765251170426257,16.600000000000001
20.75,116,35.575736732741788,27.715606695427677,124.96464414230088,24.692622640138442,2.4731580168349572,2.5428759148571172,0.24536725394216596,0.081332031926632145,234.59498629142462,1.4050137085753049,956.41081096615153,16.589189033848246,16.589189033848246,5171.2543983846836,6.7456016153180851,6.7456016153180851,16.600000000000001
21,116,35.184488376511553,27.702492955801645,124.53960817793184,24.915598982703045,2.5307278460077112,2.6666918389760403,0.26004123203954699,0.087331922342031798,234.50641620016634,1.4935837998335586,955.37128508175704,17.628714918242832,17.628714918242832,5170.7571213529582,7.2428786470431268,7.2428786470431268,16.600000000000001
21.25,116,34.797951901466405,27.687349356648749,124.11623363626178,25.131640374906155,2.5882632750340551,2.7947950919446289,0.27537948486187136,0.093688136991721085,234.41351236421605,1.5864876357838704,954.2816879221117,18.718312077888196,18.718312077888196,5170.2303639687016,7.7696360312999735,7.7696360312999735,16.600000000000001
21.5,116,34.416067548019747,27.670294273144773,123.69454336882352,25.34064755795815,2.6457209594709674,2.9272696614063487,0.29140176711980681,0.10041668522141417,234.31612500699333,1.6838749930065582,953.14037819750831,19.859621802491564,19.859621802491564,5169.6728087226247,8.3271912773760075,8.3271912773760075,16.600000000000001
21.75,116,34.038776444251162,27.651443664940086,123.2745580770098,25.542523940690678,2.7030568921473574,3.0641990579707064,0.30812798482244047,0.10753404735921424,234.21410165414906,1.7858983458508528,951.94569398606063,21.054306013939268,21.054306013939268,5169.0831001915703,8.9168998084313138,8.9168998084313138,16.600000000000001
22,116,33.666020591817805,27.630911140289292,122.85629638212014,25.737175648423801,2.7602264293102645,3.2056661901588219,0.32557817197325756,0.11505717801391391,234.10728718290548,1.8927128170944334,950.69595407137888,22.304045928620983,22.304045928620983,5168.4598448693105,9.5401551306913142,9.5401551306913142,16.600000000000001
22.25,116,33.297742852119903,27.608808015533761,122.43977489340521,25.924511581490233,2.8171843189554142,3.3517532319006751,0.34377246540352924,0.12300350884513118,233.99552387783382,2.0044761221660865,949.3894593918294,23.610540608170524,23.610540608170524,5167.8016110483622,10.198388951639183,10.198388951639183,16.600000000000001
22.5,116,32.933886932717506,27.585243369843294,122.02500827419519,26.104443482570073,2.8738847315140545,3.5025414833550612,0.36273107770555996,0.13139095066025416,233.87865149376469,2.1213485062352206,948.02449460542823,24.975505394571726,24.975505394571726,5167.1069287656273,10.893071234374338,10.893071234374338,16.600000000000001
22.75,116,32.574397373981618,27.560324095278727,121.61200930622019,26.276886013818157,2.9302812929840005,3.6581112239374844,0.38247426813987223,0.14023789490050823,233.75650732581133,2.2434926741885559,946.5993297756562,26.400670224343767,26.400670224343767,5166.374289806623,11.625710193379009,11.625710193379009,16.600000000000001
23,116,32.219219535977658,27.534154942140493,121.20078895218849,26.441756842436316,2.986327120593907,3.8185415588516145,0.40302231157355256,0.149563214356325,233.62892628709949,2.3710737129004285,945.11222217810223,27.887777821897664,27.887777821897664,5165.6021477822596,12.397852217742351,12.397852217742351,16.600000000000001
23.25,116,31.868299585564323,27.50683855959824,120.79135641674708,26.598976736015967,3.04197486117158,3.9839102576498746,0.42439546524182259,0.15938626317387652,233.49574099432417,2.504259005675729,943.56141823696544,29.438581763034506,29.438581763034506,5164.7889182731215,13.211081726879874,13.211081726879874,16.600000000000001
23.5,116,31.521584483706029,27.478475531658493,120.38371920587173,26.748469665892092,3.0971767321950945,4.1542935865482802,0.44661393349450079,0.16972687599849343,233.35678186153066,2.6432181384692348,941.94515558647538,31.054844413524656,31.054844413524656,5163.9329790544998,14.067020945502005,14.067020945502005,16.600000000000001
23.75,116,31.179021972982632,27.449164408383751,119.9778831848223,26.890162920014035,3.151884565787459,4.3297661328321055,0.46969783024708667,0.18060536629720064,233.21187720244106,2.7881227975588723,940.26166526985253,32.738334730147592,32.738334730147592,5163.032670399014,14.96732960098811,14.96732960098811,16.600000000000001
24,116,30.840560565294084,27.419001732520456,119.57385263469855,27.023987223352137,3.2060498555236947,4.5104006233096143,0.49366713938683482,0.19204252372936742,233.06085334148082,2.9391466585190966,938.50917406650422,34.490825933495792,34.490825933495792,5162.086295467836,15.913704532167005,15.913704532167005,16.600000000000001
24.25,116,30.506149529745123,27.388082061386282,119.17163030773345,27.149876867261131,3.2596238063699929,4.6962677352374564,0.51854167282187558,0.20405961057628977,232.90353473400842,3.096465265991486,936.68590696191723,36.31409303808271,36.31409303808271,5161.0921207901902,16.907879209811963,16.907879209811963,16.600000000000001
24.5,116,30.175738880707097,27.356497984267289,118.77121748135184,27.267769845727042,3.3125573875264096,4.8874359017721494,0.54434102649397897,0.2166783571287817,232.73974409566281,3.2602559043370727,934.79008974733949,38.209910252660499,38.209910252660499,5160.048376839326,17.951623160675645,17.951623160675645,16.600000000000001
24.75,116,29.849279366041447,27.324340135060687,118.37261401114633,27.377608000250614,3.3648013886227894,5.0839711100244465,0.57108453393307557,0.22992095602294857,232.56930254159801,3.4306974584019208,932.81995176903206,40.180048230967898,40.180048230967898,5158.9532587067106,19.046741293291891,19.046741293291891,16.600000000000001
25,116,29.526722455482187,27.291697200487437,117.97581838279035,27.479337171154999,3.4163064789583126,5.2859366939170522,0.59879121773794375,0.24381005544153952,232.39202973534324,3.6079702646566796,930.77372881107954,42.226271188920414,42.226271188920414,5157.80492688085,20.195073119151896,20.195073119151896,16.600000000000001
25.25,116,29.208020329172943,27.258655924115427,117.58082776292686,27.572907353656987,3.4670232695825201,5.493393123472111,0.62747973925427847,0.25836875110745455,232.20774404717864,3.792255952821276,928.6496661008016,44.350333899198425,44.350333899198425,5156.6015081365804,21.398491863420961,21.398491863420961,16.600000000000001
25.5,116,28.893125866331754,27.225301105331759,117.18763804930676,27.658272864005994,3.5169023794192671,5.7063977849112089,0.65716834525711809,0.27362057709986026,232.01626272388293,3.9837372761169734,926.44602149089587,46.553978509104084,46.553978509104084,5155.341096534803,22.658903465199696,22.658903465199696,16.600000000000001
25.75,116,28.581992634063706,27.191715594831674,116.79624391994835,27.73539250652923,3.5658945035704357,5.9250047610049412,0.68787481357928382,0.28958949536796058,231.81740206720858,4.1825979327913227,924.16106873185822,48.838931268141764,48.838931268141764,5154.0217545391906,23.978245460811518,23.978245460811518,16.600000000000001
26,116,28.274574876288582,27.157980285300578,116.40663888166772,27.804229748543619,3.6139504855489268,6.1492646043182839,0.71961639601148442,0.30629988391016982,231.61097762401019,4.3890223759897227,921.79310091210164,51.206899087898364,51.206899087898364,5152.6415142566002,25.35848574340168,25.35848574340168,16.600000000000001
26.25,116,27.970827502788396,27.12417409813915,116.01881531791003,27.864752898842109,3.6610213925009121,6.3792241077294207,0.7524097594304332,0.32377652358730002,231.39680438661426,4.6031956133856706,919.34043402284988,53.65956597715023,53.65956597715023,5151.1983788016005,26.801621198401968,26.801621198401968,16.600000000000001
26.5,116,27.670706078375808,27.09037396686583,115.63276453585539,27.91693528668948,3.7070585927472584,6.6149260753216055,0.78627092584031943,0.34204458354615647,231.17469700243791,4.8253029975620034,916.80141061724578,56.198589382754264,56.198589382754264,5149.6903237855122,28.309676214490029,28.309676214490029,16.600000000000001
26.75,116,27.374166812148001,27.05665481555387,115.24847681318499,27.960755448419967,3.7520138377449661,6.8564090861331728,0.82121520940968762,0.36112960510740644,230.94446999660929,5.0555300033906363,914.17440365323637,58.825596346763575,58.825596346763575,5148.1152989475831,29.884701052418592,29.884701052418592,16.600000000000001
27,116,27.081166546859293,27.023089534988181,114.86594144411517,27.996197310293329,3.7958393453162675,7.1037072625429101,0.85725715345438858,0.38105748427814268,230.70593800213169,5.2940619978682379,911.45782038368952,61.542179616310378,61.542179616310378,5146.4712299066214,31.528770093380178,31.528770093380178,16.600000000000001
27.25,116,26.791662748371188,26.989748954515346,114.4851467851509,28.023250375384524,3.8384878867005234,7.3568500350283967,0.89441046510542377,0.40185445263043629,230.45891600241239,5.5410839975875392,908.65010640135972,64.349893598640151,64.349893598640151,5144.7560200617145,33.243979938287445,33.243979938287445,16.600000000000001
27.5,116,26.505613495189227,26.956701810746459,114.10608030044018,28.041909910028878,3.8799128761297914,7.6158619079056278,0.93268794886417972,0.4235470566315378,230.20321958384503,5.7967804161549239,905.74974978252737,67.250250217472683,67.250250217472683,5142.9675526312576,35.032447368744947,35.032447368744947,16.600000000000001
27.75,116,26.222977468096357,26.924014714293037,113.72872860660527,28.052177125465064,3.9200684616046289,7.8807622305409009,0.97210144025339873,0.44616213553092804,229.93866519604182,6.0613348039581449,902.75528527249287,70.244714727507144,70.244714727507144,5141.1036928177073,36.896307182294898,36.896307182294898,16.600000000000001
28,116,25.943713939833895,26.891752112094963,113.35307751758089,28.054059362546944,3.9589096199207559,8.1515649656034235,1.0126617369771203,0.46972679737106832,229.66507042581449,6.3349295741854359,899.66529863867981,73.334701361320185,73.334701361320185,5139.1622901434193,38.837709856582102,38.837709856582102,16.600000000000001
28.25,116,25.66778276488315,26.859976249065515,112.97911208886357,28.04757026750551,3.9963922515398247,8.4282784670059865,1.0543785313947829,0.49426839369052489,229.38225427625241,6.6177457237475208,896.4784310074624,76.521568992537652,76.521568992537652,5137.1411808965549,40.858819103446635,40.858819103446635,16.600000000000001
28.5,116,25.395144369295537,26.828747126564576,112.60681666172817,28.032729965862575,4.032473278426921,8.7109052598503816,1.0972603417414313,0.51981449239072364,229.09003745741782,6.9099625425821039,893.19338331205483,79.806616687945223,79.806616687945223,5135.0381907411911,42.961809258810412,42.961809258810412,16.600000000000001
28.75,116,25.125759740584698,26.798122458972166,112.23617490725525,28.009565230634081,4.0671107434068539,8.9994418264021832,1.1413144433399591,0.54639284896187901,228.78824268577344,7.2117573142265039,889.80892079071236,83.191079209287565,83.191079209287565,5132.8511374706286,45.148862529373439,45.148862529373439,16.600000000000001
29,116,24.85959041770376,26.768157630118431,111.86716986991314,27.978109639859579,4.100263908994215,9.2938784033239976,1.1865468015211169,0.57403137638814328,228.47669498812584,7.5233050118740898,886.32387745034259,86.676122549657435,86.676122549657435,5130.5778338703394,47.422166129663026,47.422166129663026,16.600000000000001
29.25,116,24.596598481040427,26.738905646581074,111.49978401139336,27.938403730350302,4.1318933594746534,9.5941987825535282,1.2329620032896307,0.60275811293871306,228.15522201849677,7.8447779815031637,882.73716064756672,90.262839352433247,90.262839352433247,5128.2160907700554,49.783909229946737,49.783909229946737,16.600000000000001
29.5,116,24.336746542507509,26.710417092160164,111.13399925388315,27.890495137475746,4.1619611010119355,9.9003801268446328,1.2805631918961151,0.63260118888860206,227.8236543763976,8.1763456236023373,879.04775557421192,93.952244425788081,93.952244425788081,5125.7637201791822,52.2362798208204,52.2362798208204,16.600000000000001
29.75,116,24.079997735665724,26.682740081048173,110.76979702341623,27.834438725597963,4.1904306629824495,10.212392794705677,1.3293520019148197,0.66358879138304694,227.4818259340469,8.5181740659530192,875.25472977481775,97.745270225182182,97.745270225182182,5123.218538583219,54.781461416783202,54.781461416783202,16.600000000000001
30,116,23.826315705894658,26.655920210832029,110.40715829313319,27.770296706551804,4.2172671992138149,10.530200177507677,1.3793284958829968,0.69574912771069897,227.12957416957445,8.870425830425491,871.35723764142483,101.64276235857508,101.64276235857508,5120.5783703740944,57.421629625907947,57.421629625907947,16.600000000000001
30.25,116,23.575664600652122,26.630000517433892,110.04606362603896,27.69813874217013,4.2424375865621222,10.853758553181715,1.4304911044528097,0.72911038759443625,226.76674050016177,9.2332594998381801,867.35452478126422,105.6454752187357,105.6454752187357,5117.8410513534918,60.158948646510751,60.158948646510751,16.600000000000001
30.5,116,23.328009059735397,26.605021429092005,109.68649321811165,27.618042034051118,4.2659105246791116,11.183016952442346,1.4828365673865873,0.76370070332935724,226.39317062506947,9.6068293749304772,863.24593240947991,109.75406759052005,109.75406759052005,5115.0044324232185,62.995567576783294,62.995567576783294,16.600000000000001
30.75,116,23.08331420564522,26.581020723381876,109.32842694076272,27.530091395583913,4.2876566318596465,11.517917043529325,1.5363598789989505,0.79954810926561326,226.00871486542155,9.9912851345783871,859.03090156171697,113.96909843828304,113.96909843828304,5112.0663833156259,65.933616684376915,65.933616684376915,16.600000000000001
31,116,22.841545633982967,26.558033485445758,108.97184438331946,27.434379306571053,4.3076485395472028,11.858393034453002,1.5910542364324241,0.8366804996770163,225.61322850809893,10.386771491901031,854.70897722720099,118.2910227727989,118.2910227727989,5109.0247964563032,68.975203543699195,68.975203543699195,16.600000000000001
31.25,116,22.6026694038956,26.536092068235217,108.61672489538341,27.331005949273859,4.325860984532472,12.204371594062829,1.6469109914643674,0.87512558528322593,225.20657215126303,10.793427848736895,850.27981236233177,122.72018763766805,122.72018763766805,5105.8775909324468,72.122409067554671,72.122409067554671,16.600000000000001
31.5,116,22.366652028626593,26.515226056651649,108.26304762850476,27.220079225203232,4.3422708963429368,12.555771793175568,1.7039196074311544,0.91491084934250766,224.78861204427855,11.21138795572139,845.74317168415621,127.25682831584378,127.25682831584378,5102.6227164780257,75.377283521976253,75.377283521976253,16.600000000000001
31.75,116,22.133460466071995,26.495462233770279,107.91079157811581,27.101714749139422,4.3568574826802067,12.912505068338076,1.762067619872741,0.95606350185390376,224.35922043186042,11.640779568139486,841.09893535431831,131.90106464568152,131.90106464568152,5099.2581576142466,78.741842385755987,78.741842385755987,16.600000000000001
32,116,21.903062109457377,26.476824551640746,107.55993562463999,26.976035823793868,4.3696023092198937,13.274475205888095,1.8213406027867025,0.99861043367160607,223.91827588991274,12.081724110087176,836.34710240693005,136.65289759306987,136.65289759306987,5095.7819377735368,82.21806222646579,82.21806222646579,16.600000000000001
32.25,116,21.675424778068095,26.459334106110656,107.21045857439182,26.843173390203738,4.3804893750062037,13.641578350611285,1.8817221402328397,1.0425781695542722,223.46566365872926,12.534336341270663,831.4877939665239,141.51220603347602,141.51220603347602,5092.1921234981037,85.807876501898264,85.807876501898264,16.600000000000001
32.5,116,21.450516708042663,26.443009116129943,106.86233920017342,26.703265953543173,4.3895051828816998,14.013703039402506,1.9431938036486938,1.0879928203506615,223.0012759718814,12.998724028118522,826.52125623228869,146.47874376771125,146.47874376771125,5088.4868286933624,89.513171306639464,89.513171306639464,16.600000000000001
32.75,116,21.228306543300214,26.427864908308965,106.51555628092463,26.556459489586295,4.3966388034748576,14.390730255329647,2.0057351352179196,1.1348800354668136,222.52501237388887,13.474987626111037,821.44786316943555,151.55213683056434,151.55213683056434,5084.6642188289752,93.335781171026383,93.335781171026383,16.600000000000001
33,116,21.008763326499665,26.413913907134432,106.17008864132539,26.402907319363706,4.4018819333281716,14.772533513674011,2.0693236382282492,1.1832649540806313,222.0367800339306,13.9632199660693,816.26811892711714,156.73188107288283,156.73188107288283,5080.7225152274677,97.277484772533228,97.277484772533228,16.600000000000001
33.25,116,20.791856490144813,26.401165630661616,105.82591519034781,26.242769965552601,4.4052289462521745,15.158978967388782,2.1339347735303265,1.2331721569284635,221.53649404645566,14.46350595354426,810.98265994716508,162.01734005283487,162.01734005283487,5076.6599992731353,101.34000072686669,101.34000072686669,16.600000000000001
33.5,116,20.577555847780744,26.389626692756771,105.48301495921905,26.076214980942432,4.4066769373371573,15.549925541182883,2.1995419634557427,1.2846256178628928,221.02407772134515,14.975922278654741,805.59225673811,167.40774326188998,167.40774326188998,5072.475016612043,105.52498338795868,105.52498338795868,16.600000000000001
33.75,116,20.365831585284791,26.379300812249546,105.14136713875997,25.903416748293822,4.4062257592256691,15.945225094946153,2.266116603490766,1.3376486552837812,220.49946286258273,15.500537137417178,800.09781529706606,172.90218470293397,172.90218470293397,5068.1659813328442,109.83401866715793,109.83401866715793,16.600000000000001
34,116,20.156654252323818,26.370188827672006,104.800951115499,25.724556264471047,4.4038780513170215,16.344722604216081,2.333628079887756,1.3922638846092332,219.96259003111146,16.037409968888444,794.50037820631428,178.4996217936858,178.4996217936858,5063.7313800247057,114.26861997529606,114.26861997529606,16.600000000000001
34.25,116,19.949994753892835,26.362288721070712,104.46174650723546,25.539820887344703,4.3996392591500966,16.74825637854163,2.4020437972139104,1.4484931705143429,219.41340879385146,16.586591206148444,788.80112529078747,184.19887470921265,184.19887470921265,5059.1697758199043,118.8302241800957,118.8302241800957,16.600000000000001
34.5,116,19.745824342026719,26.35559564737181,104.12373319732251,25.349404068169193,4.3935176466959591,17.155658295736302,2.4713292116642642,1.5063575804119231,218.8518779557931,17.148122044206808,783.00137394659509,189.99862605340499,189.99862605340499,5054.4798122953662,123.52018770463449,123.52018770463449,16.600000000000001
34.75,116,19.544114607652624,26.350101971844499,103.78689136790236,25.153505057196291,4.385524299265902,17.566754064040662,2.5414478728699108,1.5658773387250304,218.27796577414821,17.722034225851672,777.10257904609784,195.89742095390227,195.89742095390227,5049.6602172674584,128.33978273254283,128.33978273254283,16.600000000000001
35,116,19.344837472582704,26.345797316377517,103.45120153208372,24.952328580177713,4.3756731163104403,17.981363514551603,2.612361474882456,1.6270717819942206,217.69165015336745,18.308349846632435,771.10633238894036,201.89366761105993,201.89366761105993,5044.7098064742313,133.29019352577021,133.29019352577021,16.600000000000001
35.25,116,19.147965181700823,26.342668610483599,103.11664456467679,24.74608450587958,4.3639807977843459,18.399300904151637,2.6840299118190227,1.6899593156887662,217.09291882176234,18.907081178237526,765.01436184724616,207.98563815275401,207.98563815275401,5039.6274870772195,138.37251292278222,138.37251292278222,16.600000000000001
35.5,116,18.95347029529777,26.340700153709356,102.78320173174826,24.534987477036296,4.3504668176752777,18.820375256281274,2.7564113451654992,1.7545573720935155,216.48176948431146,19.518230515688433,758.82852994339362,214.17147005660652,214.17147005660652,5034.4122610209015,143.58773897909887,143.58773897909887,16.600000000000001
35.75,116,18.761325681603413,26.339873682850541,102.4508547187084,24.319256532526293,4.3351533909979709,19.244390712021758,2.8294622757132291,1.8208823700324874,215.85820995620381,20.141790043796078,752.55083211608405,220.44916788391612,220.44916788391612,5029.0632282000633,148.93677179993745,148.93677179993745,16.600000000000001
36,116,18.571504509510163,26.340168447291166,102.1195856569134,24.099114709191642,4.3180654309119229,19.671146903095082,2.9031376234753874,1.8889496764127003,215.22225827286533,20.77774172713454,746.18339453715839,226.81660546284172,226.81660546284172,5023.579589426482,154.42041057351921,154.42041057351921,16.600000000000001
36.25,116,18.383980241490928,26.341561293954928,101.78937714872579,23.874788618843851,4.2992304944104864,20.10043935129978,2.9773908170235406,1.9587735696966975,214.5739427739388,21.426057226061065,739.72847141474142,233.27152858525878,233.27152858525878,5017.9606491805653,160.03935081943604,160.03935081943604,16.600000000000001
36.5,116,18.19872662672671,26.344026755138177,101.46021229103731,23.646508024468083,4.2786787233349814,20.532059870332024,3.052173885310105,2.0303672055176438,213.91330216883611,22.086697831163765,733.18844205906407,239.81155794093607,239.81155794093607,5012.205818150238,165.79418184976419,165.79418184976419,16.600000000000001
36.75,116,18.015717694455176,26.347537148127465,101.13207469697785,23.414505387894565,4.2564427714896711,20.965796998033095,3.1274375608421612,2.1037425847628102,213.24038557049863,22.759614429501212,726.56580732992609,246.43419267007422,246.43419267007422,5006.3146154979213,171.68538450208024,171.68538450208024,16.600000000000001
37,116,17.834927747532674,26.352062678216758,100.80494851604409,23.17901541547624,4.2325577265206897,21.401436432253615,3.2031313857620165,2.178910523943506,212.55525250929421,23.444747490705659,719.8631858234462,253.13681417655397,253.13681417655397,5000.2866709010395,177.71332909896174,177.71332909896174,16.600000000000001
37.25,116,17.656331356227096,26.357571548213958,100.47881845243607,22.94027459387523,4.207061023232133,21.838761478451559,3.2792038237914563,2.2558806282137054,211.85797292105309,24.142027078946764,713.08330965893902,259.91669034106127,259.91669034106127,4994.1217263222379,183.87827367776435,183.87827367776435,16.600000000000001
37.5,116,17.47990335225866,26.364030076752218,100.15366978140736,22.698520710569966,4.1799923458082606,22.277553514610872,3.3556023802172272,2.3346612673864726,211.14862710432988,24.851372895669975,706.22901975957552,266.77098024042476,266.77098024042476,4987.8196374693107,190.18036253069118,190.18036253069118,16.600000000000001
37.75,116,17.305618823049386,26.371402817185558,99.829488364133468,22.453992381029032,4.151393527737234,22.717592450998769,3.4322737218713484,2.4152595542303121,210.42730566160961,25.572694338390274,699.30326099555202,273.69673900444815,273.69673900444815,4981.3803750412108,196.61962495879132,196.61962495879132,16.600000000000001
38,116,17.13345310625542,26.379652686249919,99.506260660273881,22.206928561925153,4.121308439331739,23.158657206237741,3.5091638057941057,2.4976813264375433,209.69410940476408,26.305890595235812,692.30907676158859,280.69092323841164,280.69092323841164,4974.8040255976921,203.19597440230928,203.19597440230928,16.600000000000001
38.25,116,16.963381784519211,26.388741094308205,99.183973738935748,21.957568069231726,4.0897828718268023,23.600526180114027,3.5862180087528883,2.581931131138977,208.94914924178127,27.050850758218601,685.24960337061964,287.75039662938059,287.75039662938059,4968.0907921882417,209.9092078117597,209.9092078117597,16.600000000000001
38.5,116,16.795380680470927,26.398628079179343,98.86261528774601,21.706149098383495,4.0568644157306739,24.042977726235534,3.6633812593829691,2.6680122125214858,208.19254603906293,27.80745396093695,678.12806416295007,294.87193583705022,294.87193583705022,4961.2409946812286,216.75900531877352,216.75900531877352,16.600000000000001
38.75,116,16.629425852018613,26.409272446153075,98.542173619638987,21.452908742990068,4.0226023303921083,24.485790628446118,3.7405981752470243,2.7559265032858589,207.42443045176813,28.575569548231766,670.94776319860148,302.05223680139881,302.05223680139881,4954.2550697148563,223.7449302851457,223.7449302851457,16.600000000000001
39,116,16.465493587829872,26.420631906502084,98.222637678351717,21.19808252518359,3.987047413583281,24.928744566901155,3.8178131977540457,2.845674618226389,206.64494274210449,29.355057257895421,663.71207891706763,309.28792108293266,309.28792108293266,4947.133570461363,230.86642953863873,230.86642953863873,16.600000000000001
39.25,116,16.303560403132,26.432663221596265,97.903997041391492,20.941903930110119,3.9502518626216716,25.371620582539922,3.8949707311100106,2.9372558522269627,205.85423256316491,30.145767436835012,656.42445738734477,316.57554261265545,316.57554261265545,4939.8771659612285,238.12283403877353,238.12283403877353,16.600000000000001
39.5,116,16.143603035726969,26.445322346613516,97.586241921487826,20.684603951561638,3.9122691341659745,25.814201531931886,3.9720152800013007,3.030668180851543,205.05245872675508,30.947541273244852,649.08840546787496,323.91159453212538,323.91159453212538,4932.4866402235502,245.51335977645178,245.51335977645178,16.600000000000001
39.75,116,15.985598442248314,26.458564574457537,97.269363166283711,20.42641065010606,3.8731538018074416,26.256272531380624,4.0488915863851709,3.125908264037156,204.2397889515259,31.760211048474016,641.70748383444402,331.29251616555621,331.29251616555621,4924.9628910425963,253.03710895740596,253.03710895740596,16.600000000000001
40,116,15.829523794723457,26.472344681711341,96.953352255683541,20.167548725459369,3.8329614089853701,26.697621389120446,4.1255447667070335,3.222971454044409,203.41639958233674,32.583600417663163,634.28529975882407,338.71470024117633,338.71470024117633,4917.3069284141557,260.69307158584655,260.69307158584655,16.600000000000001
40.25,116,15.675356477298875,26.486617071715163,96.638201298181158,19.908239102278621,3.791748323608612,27.13803902509871,4.2019204456768504,3.3218518051562107,202.58247530211398,33.417524697885945,626.82549994064425,346.17450005935609,346.17450005935609,4909.5198728105806,268.48012718942203,268.48012718942203,16.600000000000001
40.5,116,15.52307408328285,26.501335917893634,96.323903024776968,19.648698537393134,3.7495715897223141,27.577319871708049,4.2779648884985031,3.4225420879011907,201.7382088157452,34.261791184254726,619.33176315808623,353.66823684191417,353.66823684191417,4901.60295303771,276.39704696229165,276.39704696229165,16.600000000000001
40.75,116,15.372654412386112,26.516455304712789,96.010450781563037,19.38913924329826,3.7064887800363109,28.015262259566512,4.3536251298369768,3.525033805699068,200.88380052204323,35.11619947795667,611.8077929304967,361.19220706950352,361.19220706950352,4893.5575038856678,284.44249611433509,284.44249611433509,16.600000000000001
41,116,15.224075468174227,26.531929365885283,95.697838520865346,19.129768530818591,3.6625578495783402,28.451668785543546,4.4288490989950517,3.629317214199296,200.01945817272929,35.980541827270628,604.25731020069657,368.74268979930366,368.74268979930366,4885.3849635495826,292.61503645042029,292.61503645042029,16.600000000000001
41.25,116,15.077315455809766,26.547712419722167,95.386060790276858,18.870788480095182,3.6178369898422287,28.886346654530644,4.5035857405268125,3.7353813447284478,199.14539651011464,36.854603489885285,596.68404598799509,376.31595401200508,376.31595401200508,4877.0868706854835,300.91312931451989,300.91312931451989,16.600000000000001
41.5,116,14.932352779924303,26.563759101102615,95.075112720959496,18.612395624199483,3.5723844854827203,29.319108009290872,4.5777851310475874,3.8432140290200132,198.26183690136983,37.738163098630103,589.09173414801717,383.908265851983,383.908265851983,4868.6648613750967,309.33513862490736,309.33513862490736,16.600000000000001
41.75,116,14.789166042769484,26.580024488485883,94.76499001397282,18.354780666544944,3.5262585737692591,29.749770228430425,4.6513985893666128,3.9528019279161151,197.36900695513282,38.630993044867125,581.48410420072707,391.5158957992731,391.5158957992731,4860.1206657482026,317.87933425180137,317.87933425180137,16.600000000000001
42,116,14.647734042537465,26.596464226796307,94.455688925547094,18.098128218058555,3.4795173069807821,30.178156205626877,4.724378781681871,4.0641305621049888,196.46714013129454,39.532859868705387,573.86487427132943,399.13512572867086,399.13512572867086,4851.4561044455277,326.54389555447642,326.54389555447642,16.600000000000001
42.25,116,14.508035771848043,26.613034645611137,94.147206251335362,17.842616555772651,3.4322184183535538,30.604094608414606,4.79667982125242,4.1771843448715904,195.55647534491797,40.443524655081937,566.23774417108211,406.76225582891817,406.76225582891817,4842.6730849270853,335.32691507291821,335.32691507291821,16.600000000000001
42.5,116,14.370050416477131,26.62969287001221,93.839539309063682,17.588417418789202,3.3844191935895047,31.027420101131938,4.8682573591979699,4.2919466182278727,194.63725655936616,41.362743440633757,558.60638867608714,414.39361132391321,414.39361132391321,4833.7735975060059,344.22640249399853,344.22640249399853,16.600000000000001
42.75,116,14.233757354183631,26.646396928184977,93.532685920707991,17.335695814899804,3.3361763450786834,31.447973557652894,4.9390686717875818,4.4083996898732236,193.70973237916951,42.290267620830399,550.97445093675481,422.02554906324548,422.02554906324548,4824.7597113358688,353.24028866413505,353.24028866413505,16.600000000000001
43,116,14.099136153747549,26.663105850236615,93.226644393356722,17.084609865975871,3.2875458934529607,31.865602236586987,5.0090727375753721,4.5265248730522547,192.77415563705989,43.22584436294003,543.34553616993412,429.65446383006633,429.65446383006633,4815.6335701769294,362.36642982307455,362.36642982307455,16.600000000000001
43.25,116,13.966166574139034,26.679779761546055,92.92141349936837,16.835310674532479,3.2385830538239389,32.28015993595848,5.078230308439621,4.6463025278772792,191.83078297983795,44.169217020161973,535.72320555312933,437.27679444687095,437.27679444687095,4806.3973880646136,371.60261193538952,371.60261193538952,16.600000000000001
43.5,116,13.834828563804004,26.696379970636599,92.616992455944356,16.587942210307627,3.1893421268499278,32.691507128401838,5.1465039746150758,4.7677121038813679,190.87987445460737,45.12012554539254,528.11097033244278,444.88902966755757,444.88902966755757,4797.0534449030265,380.94655509697657,380.94655509697657,16.600000000000001
43.75,116,13.705102260117771,26.712869046704171,92.313380903789408,16.342641236247367,3.1398763991523722,33.099511057778308,5.2138582182573012,4.8907321847754126,189.92169309568985,46.078306904310082,520.51228631387937,452.48771368612091,452.48771368612091,4787.6040819120153,390.39591808798735,390.39591808798735,16.600000000000001
44,116,13.576967988910084,26.72921089426713,92.010578885507812,16.099537243262795,3.0902380463129315,33.504045827247047,5.2802594640217277,5.0153405336478576,188.95650451355147,47.043495486448464,512.93054849158284,460.0694515084175,460.0694515084175,4778.0516970627668,399.94830293723663,399.94830293723663,16.600000000000001
44.25,116,13.450406264119085,26.745370817298184,91.708586823422166,15.858752421303638,3.0404780457692731,33.904992451509806,5.3456761182767636,5.1415141397185247,187.98457648882135,48.015423511178575,505.36908609769358,467.63091390230676,467.63091390230676,4768.3987404310928,409.60125956890977,409.60125956890977,16.600000000000001
44.5,116,13.325397787531038,26.761315577164218,91.407405497078614,15.620401650642512,2.9906460955639296,34.302238889098284,5.4100786017596896,5.2692292658571303,187.0061785707243,48.99382142927562,497.83115792047886,475.16884207952148,475.16884207952148,4758.647709523495,419.35229047650841,419.35229047650841,16.600000000000001
44.75,116,13.201923448589834,26.777013445258135,91.10703602055105,15.384592509613627,2.9407905381862265,34.69568005835216,5.4734393767047997,5.3984614965922999,186.02158168052961,49.978418319470329,490.31994786480197,482.68005213519837,482.68005213519837,4748.8011445979391,429.19885540206377,429.19885540206377,16.600000000000001
45,116,13.079964324290122,26.792434244337777,90.807479819569309,15.151425316942767,2.8909582955405915,35.085217818888729,5.5357329621182805,5.5291857869404728,185.03105772589475,50.968942274105181,482.8385610038012,490.16143899619914,490.16143899619914,4738.8616239776748,439.13837602232923,439.13837602232923,16.600000000000001
45.25,116,12.95950167911924,26.807549387307276,90.50873860855242,14.920993181588765,2.8411948063686836,35.470760945616021,5.596935946519082,5.6613765113551713,184.0348792189439,51.965120781056051,475.39001976829212,497.60998023170816,497.60998023170816,4728.8317593804122,449.1682406195913,449.1682406195913,16.600000000000001
45.5,116,12.840516965047382,26.822331905828989,90.21081436773764,14.693382081037099,2.7915439739761738,35.852225074110336,5.6570269902415564,5.7950075128973388,183.03331890764656,52.966681092353383,467.97726060691292,505.02273939308742,505.02273939308742,4718.7141912930983,459.28580870690485,459.28580870690485,16.600000000000001
45.75,116,12.722991821556436,26.836756472768077,89.913709320384498,14.468670956547646,2.7420481202264702,36.229532628901353,5.7159868215165899,5.9300521524235794,182.02664941643019,53.97335058356974,460.60313094842093,512.39686905157942,512.39686905157942,4708.5115843900712,469.48841560993202,469.48841560993202,16.600000000000001
46,116,12.606908075700074,26.850799420065915,89.617425910074687,14.246931820602276,2.6927479442239446,36.602612739407768,5.7737982280351936,6.0664833576562822,181.01514289475318,54.984857105246761,453.27038640119645,519.72961359880378,519.72961359880378,4698.2266229986953,479.77337700130812,479.77337700130812,16.600000000000001
46.25,116,12.492247742167431,26.864438746371864,89.32196677848593,14.028229889324543,2.6436824917998045,36.971401130336325,5.8304460383072003,6.2042736717463445,179.99907068385528,56.000929316144649,445.98168846270596,527.01831153729438,527.01831153729438,4687.8620066819294,490.13799331807451,490.13799331807451,16.600000000000001
46.5,116,12.378993023375832,26.877654122300338,89.027334743217452,13.812623721580035,2.5948891274351022,37.335840005308661,5.8859171007839715,6.3433953016749181,178.97870298871294,57.021297011286997,438.7396023678844,534.26039763211577,534.26039763211577,4677.4204458585291,500.5795541414754,500.5795541414754,16.600000000000001
46.75,116,12.267126309545494,26.890426887393382,88.733532776221153,13.600165376223501,2.5464035151817925,37.695877911655799,5.9402002549414288,6.4838201657764634,177.95430856797836,58.045691432021563,431.5465953786761,541.45340462132413,541.45340462132413,4666.9046575652801,511.09534243472314,511.09534243472314,16.600000000000001
47,116,12.156630178769284,26.90274004168133,88.44056398264749,13.390900581314794,2.4982596054660458,38.051469592768512,5.993286297222304,6.6255199405809924,176.92615443661916,59.073845563380779,424.40503537331813,548.5949646266821,548.5949646266821,4656.3173613241697,521.68263867583323,521.68263867583323,16.600000000000001
47.25,116,12.04748739708514,26.914578233623178,88.148431579991652,13.184868911543441,2.4504896258581623,38.402575831890047,6.0451679436246764,6.7684661070921566,175.89450557801698,60.105494421982961,417.31718964792861,555.68281035207167,555.68281035207167,4645.661275091712,532.33872490829162,532.33872490829162,16.600000000000001
47.5,116,11.939680918488657,26.925927740271845,87.857138878184017,12.982103979137152,2.4031240807010077,38.749163281401309,6.0958397850746975,6.9126299955019634,174.85962467786408,61.140375322135888,410.2852241702584,562.71477582974194,562.71477582974194,4634.9391114140662,543.06088858593796,543.06088858593796,16.600000000000001
47.75,116,11.83319388495665,26.93677644520055,87.566689259865242,12.782633630533455,2.3561917531894907,39.091204286119819,6.1452982408072252,7.0579828294849003,173.82177186456721,62.178228135432718,403.31120297280421,569.68879702719607,569.68879702719607,4624.1535736398882,553.84642636011586,553.84642636011586,16.600000000000001
48,116,11.728009626407585,26.947113810739921,87.277086161574175,12.586480151194273,2.309719714181381,39.42867669747681,6.1935415067059871,7.2044957688675151,172.78120446896142,63.218795531038531,396.39708790563918,576.60291209436105,576.60291209436105,4613.3073523315552,564.69264766844879,564.69264766844879,16.600000000000001
48.25,116,11.624111660621894,26.956930846150392,86.988333055602709,12.393660476612318,2.2637333358335439,39.761563680781819,6.2405695001164183,7.3521399510533252,171.73817679849711,64.261823201502878,389.54473865341856,583.45526134658178,583.45526134658178,4602.4031218260398,575.59687817396389,575.59687817396389,16.600000000000001
48.5,116,11.521483693145587,26.966220073116919,86.700433432276071,12.204186408187343,2.2182563083995901,40.089853517150537,6.2863838023958092,7.5008865315908055,170.69293992133078,65.307060078669238,382.7559129311295,590.24408706887073,590.24408706887073,4591.4435368972527,586.55646310275142,586.55646310275142,16.600000000000001
48.75,116,11.420109617093757,26.97497548653644,86.413390783429705,12.018064831943672,2.1733106630947772,40.41353940133132,6.3309875976907692,7.6507067225098959,169.64574147238878,66.354258527611194,376.03226702556833,596.96773297443178,596.96773297443178,4580.4312296698572,597.56877033014609,597.56877033014609,16.600000000000001
49,116,11.319973512948648,26.983192513298199,86.127208586189752,11.835297941618233,2.1289167973115912,40.732619234823296,6.3743856100563789,7.8015718300008947,168.59682546695925,67.403174533040712,369.37535647122377,603.62464352877646,603.62464352877646,4569.3688066087034,608.63119339129958,608.63119339129958,16.600000000000001
49.25,116,11.221059648271341,26.9908679679877,85.841890287781609,11.655883461962961,2.085093504076915,41.047095417701051,6.4165840383842783,7.9534532900933348,167.54643213236758,68.453567867632373,362.78663698281116,610.21336301718895,610.21336301718895,4558.2588457249803,619.74115427502295,619.74115427502295,16.600000000000001
49.5,116,11.123352477349846,26.998000006153255,85.557439291150089,11.479814872700873,2.0418580048646664,41.356974638931327,6.457590489633775,8.1063227027194014,166.49479775419721,69.505202245802792,356.26746559267701,616.7325344073231,616.7325344073231,4547.1038939556629,630.8961060443404,630.8961060443404,16.600000000000001
49.75,116,11.026836640818667,27.0045880757378,85.273858941068653,11.307081634685265,1.9992259847948015,41.662267663963434,6.4974139107341387,8.2601518647538494,165.44215453215205,70.55784546784794,349.81910193126379,623.18089806873627,623.18089806873627,4535.9064646521301,642.09353534787249,642.09353534787249,16.600000000000001
50,116,10.931496965161752,27.010632866729601,84.99115251149388,11.137669410875432,1.9572116310202154,41.962989126212953,6.53606451984008,8.4149128005575822,164.38873045547368,71.611269544526294,343.44270972960095,629.55729027039911,629.55729027039911,4524.6690353252625,653.33096467474047,653.33096467474047,16.600000000000001
50.25,116,10.83731846220102,27.016136259165087,84.709323193277228,10.971560290278171,1.9158276731623156,42.259157315193363,6.5735537363415411,8.5705777917475157,163.33474918596568,72.665250814034309,337.13935843998723,635.86064156001282,635.86064156001282,4513.3940454721578,664.6059545278456,664.6059545278456,16.600000000000001
50.5,116,10.744286328480399,27.021101270336693,84.428374082984107,10.808733005536077,1.8750854257891907,42.550793969857601,6.6098941111515384,8.7271194046816305,162.28042995768106,73.719570042318921,330.91002501944024,642.08997498055976,642.08997498055976,4502.0838946303011,675.91610536970268,675.91610536970268,16.600000000000001
50.75,116,10.652385944570561,27.025532001279846,84.148308172598931,10.649163146072823,1.8349948326112198,42.837924075465509,6.6450992571640635,8.8845105160875928,161.22598749021984,74.774012509780164,324.75559584740387,648.24440415259608,648.24440415259608,4490.7409406150255,687.25905938497863,687.25905938497863,16.600000000000001
51,116,10.561602874383214,27.029433581582122,83.86912833937582,10.492823376258448,1.7955645125135398,43.120575655262641,6.6791837782468191,9.0427243383428788,160.17163190669143,75.828368093308569,318.67686873644658,654.32313126355348,654.32313126355348,4479.3674977948003,698.6325022052032,698.6325022052032,16.600000000000001
51.25,116,10.471922864338236,27.03281211508417,83.590837337107658,10.339683639965658,1.7568018062921837,43.398779574319711,6.7121632005526699,9.2017344417622606,159.1175686706805,76.882431329319488,312.6745550643227,660.32544493567741,660.32544493567741,4467.9658356518603,710.03416434814335,710.03416434814335,16.600000000000001
51.5,116,10.383331842463699,27.035674625500096,83.313437788150779,10.189711360267339,1.7187128243165384,43.672569347452281,6.7440539045623114,9.3615147752508783,158.06399853431677,77.936001465683219,306.7492819953473,666.25071800465275,666.25071800465275,4456.5381774979487,721.46182250205538,721.46182250205538,16.600000000000001
51.75,116,10.29581591750097,27.038029000370315,83.036932175625509,10.042871643562782,1.6813024960518341,43.941980942514057,6.7748730556907386,9.5220396865552175,157.01111749132332,78.988882508676667,300.90159479491808,672.09840520508203,672.09840520508203,4445.0866992323045,732.91330076769987,732.91330076769987,16.600000000000001
52,116,10.209361377871152,27.039883937396269,82.761322836913621,9.8991274676965428,1.6445746186522525,44.20705259838374,6.8046385386796819,9.6832839396743022,155.959116745779,80.040883254220972,295.13195918459684,677.86804081540322,677.86804081540322,4433.6135283574295,744.38647164257418,744.38647164257418,16.600000000000001
52.25,116,10.123954690588544,27.041248890942821,82.48661195777531,9.7584398657586604,1.6085319060760521,44.467824646633879,6.8333688928618992,9.8452227308943314,154.90818268981377,81.091817310186215,289.44076375801069,683.55923624198954,683.55923624198954,4422.1207431212179,755.87925687878658,755.87925687878658,16.600000000000001
52.5,116,10.039582500170658,27.042134017095805,82.212801566708535,9.6207681130061466,1.5731760399101362,44.724339329817212,6.8610832462639548,10.007831704294153,153.85849688681301,82.141503113186971,283.8283224855914,689.17167751440888,689.17167751440888,4410.610371712507,767.38962828749743,767.38962828749743,16.600000000000001
52.75,116,9.9562316274139206,27.042550122310182,81.939893530518944,9.4860698954992593,1.5385077179562539,44.976640636820342,6.8878012547047929,10.171086964500539,152.81023606787241,83.189763932127562,278.29487719437952,694.70512280562059,694.70512280562059,4399.0843916943359,778.91560830566846,778.91560830566846,16.600000000000001
53,116,9.873889068131767,27.042508612219645,81.667889550373772,9.3543014756038882,1.5045267031898002,45.224774140854862,6.9135430416330159,10.334965088344815,151.76357213526484,84.236427864735163,272.84060009175852,700.15939990824154,700.15939990824154,4387.5447295352242,790.45527046478037,790.45527046478037,16.600000000000001
53.25,116,9.7925419918778278,27.042021439434077,81.396791158179568,9.225417858644942,1.4712318740861101,45.468786835957005,6.9383291373166793,10.499443135815847,150.71867217195035,85.281327828049641,267.46559636698254,705.53440363301752,705.53440363301752,4375.9932602082326,802.00673979177122,802.00673979177122,16.600000000000001
53.5,116,9.7121777405555516,27.041101055683107,81.126599713962875,9.0993729413268305,1.4386212717130178,45.708726990721452,6.9621804236489107,10.66449865862706,149.67569846067792,86.324301539322093,262.16990670788073,710.83009329211939,710.83009329211939,4364.4318069836509,813.56819301635267,813.56819301635267,16.600000000000001
53.75,116,9.6327838269986863,27.039760364020211,80.85731640366069,8.9761196577625189,1.4066921472123519,45.944644004006193,6.9851180795111167,10.830109707847281,148.63480850912984,87.365191490870146,256.95350985620377,716.0464901437964,716.0464901437964,4352.8621413040782,825.13785869592618,825.13785869592618,16.600000000000001
54,116,9.5543479335310408,27.038012670484509,80.588942237266963,8.8556101247558701,1.3754410102128982,46.176588261015652,7.0071635260039127,10.99625484074485,147.59615508108752,88.403844918912498,251.8163252219839,721.18367477801621,721.18367477801621,4341.2859827324064,836.71401726759802,836.71401726759802,16.600000000000001
54.25,116,9.4768579104314057,27.035871640556547,80.321478047799559,8.7377957697748361,1.3448636733527013,46.404611005884476,7.0283383776057349,11.162913125582838,146.55988623401038,89.440113765989608,246.75821537041162,726.24178462958855,726.24178462958855,4329.7049990541373,848.29500094586729,848.29500094586729,16.600000000000001
54.5,116,9.4003017743770538,27.033351255526242,80.054924490612734,8.622627457133305,1.3149552972647478,46.628764215698624,7.0486643936649704,11.330064145625766,145.52614536194829,90.473854638051677,241.77898854544242,731.2210114545577,731.2210114545577,4318.1208064489665,859.87919355103702,859.87919355103702,16.600000000000001
54.75,116,9.3246677068618506,27.030465768909394,79.789282043085578,8.5100556119167194,1.2857104359233071,46.849100476388692,7.0681634303878367,11.49768800229802,144.49507124395109,91.504928756048898,236.87840122811264,736.12159877188753,736.12159877188753,4306.5349697370839,871.46503026292089,871.46503026292089,16.600000000000001
55,116,9.2499440525432153,27.0272296676102,79.524551004919971,8.4000303281547186,1.2571230779068971,47.065672873784941,7.0868573985225911,11.665765316711045,143.46679809616225,92.53320190383775,232.05616054183358,740.94383945816662,740.94383945816662,4294.9490027367256,883.05099726327933,883.05099726327933,16.600000000000001
55.25,116,9.1761193175708886,27.023657632959488,79.260731498756272,8.2925014755360973,1.2291866881283904,47.278534885805101,7.1047682212983609,11.834277230475925,142.44145562878262,93.558544371217351,227.31192669289385,745.68807330710627,745.68807330710627,4283.364368684729,894.63563131527496,894.63563131527496,16.600000000000001
55.5,116,9.1031821678904965,27.019764502273219,78.99782347114504,8.1874188025542036,1.2018942494297162,47.487740277852332,7.1219177933347861,12.003205405684076,141.41916910779258,94.580830892207416,222.64531542103154,750.35468457896854,750.35468457896854,4271.7824807265824,906.21751927342189,906.21751927342189,16.600000000000001
55.75,116,9.0311214274967337,27.015565234950902,78.735826693950699,8.0847320262084335,1.1752383000963991,47.693343011247507,7.1383279448651917,12.17253202363192,140.40005941795508,95.599940582044923,218.05590028420886,754.94409971579125,754.94409971579125,4260.2047024806361,917.79529751936798,917.79529751936798,16.600000000000001
56,116,8.9599260766710334,27.011074878423774,78.474740766049678,7.9843909201496475,1.1492109718381134,47.895397152917404,7.1540204061552757,12.342239782890037,139.38424313044098,96.615756869559036,213.54321497664006,759.45678502336,759.45678502336,4248.6323486606852,929.36765133931908,929.36765133931908,16.600000000000001
56.25,116,8.8895852501961841,27.006308535063386,78.214565115348307,7.8863453984921819,1.1238040271507699,48.093956789097447,7.1690167733168542,12.512311896594609,138.37183257416254,97.628167425837447,209.1067556323016,763.89324436769846,763.89324436769846,4237.0666857591314,940.93331424087273,940.93331424087273,16.600000000000001
56.5,116,8.820088235540803,27.001281333147073,77.95529900106952,7.7905455885086594,1.0990088928955362,48.289075949907897,7.1833384787744912,12.682732088844057,137.3629359066671,98.637064093332896,204.74598296344425,768.25401703655587,768.25401703655587,4225.5089327715114,952.49106722849274,952.49106722849274,16.600000000000001
56.75,116,8.7514244710288942,26.996008397768577,77.696941516324102,7.6969419015489331,1.0748166942368547,48.480808535416713,7.1970067620065015,12.853484590467058,136.35765718936,99.642342810640002,200.46032442728216,772.53967557271801,772.53967557271801,4213.9602619770167,964.03973802298799,964.03973802298799,16.600000000000001
57,116,8.6835835439912934,26.99050482301778,77.43949159094548,7.605485099239564,1.0512182875878902,48.66920824616345,7.2100426419525014,13.024554134111273,135.35609646530023,100.64390353469979,196.2491763568103,776.75082364318973,776.75082364318973,4202.4217997671267,975.57820023287684,975.57820023287684,16.600000000000001
57.25,116,8.6165551889039715,26.984785647645769,77.182947994463348,7.5161263509275278,1.0282042901964752,48.854328522326227,7.222466893339722,13.195925948746856,134.35834983533266,101.64165016466737,192.1119059361433,780.88809406385678,780.88809406385678,4190.8946274895616,987.10537251044161,987.10537251044161,16.600000000000001
57.5,116,8.5503292855119923,26.978865830810065,76.927309339350302,7.4288172889612092,1.0057651099419065,49.036222484774804,7.2343000234077666,13.367585753564168,133.3645095382428,102.63549046175719,188.04785319680286,784.95214680319725,784.95214680319725,4179.3797823457853,998.62021765421775,998.62021765421775,16.600000000000001
57.75,116,8.4848958569423232,26.972760229275302,76.672574084463264,7.3435100592894313,0.98389097387273361,49.214942880620185,7.2455622504274277,13.539519751327107,132.37466403229405,103.62533596770596,184.0563329606795,788.94366703932064,788.94366703932064,4167.8782583215843,1010.1217416784191,1010.1217416784191,16.600000000000001
58,116,8.4202450678164311,26.966483577494706,76.418740538529008,7.2601573654018807,0.96257195388306749,49.39054203540389,7.2562734854026436,13.711714621379675,131.38889807441677,104.61110192558321,180.13663664348186,792.86336335651833,792.86336335651833,4156.3910071147775,1021.6089928852251,1021.6089928852251,16.600000000000001
58.25,116,8.3563672223495384,26.96005046794054,76.165806863887184,7.1787125097302811,0.94179799241256035,49.563071807567049,7.2664533143264629,13.884157512076619,130.40729280300636,105.59270719699364,176.28803406975703,796.71196593024308,796.71196593024308,4144.9189391129548,1033.081060887049,1033.081060887049,16.600000000000001
58.5,116,8.2932527624465369,26.953475332962736,75.91377108035455,7.0991294307311481,0.92155892673007889,49.732583547129465,7.2761209822355495,14.056836032819364,129.42992582096522,106.57007417903479,172.50977522191619,800.49022477808398,800.49022477808398,4133.4629243886584,1044.5370756113446,1044.5370756113446,16.600000000000001
58.75,116,8.2308922658076078,26.946772428930821,75.662631069067302,7.0213627350608556,0.90184451087911233,49.899128059321576,7.285295379740127,14.229738245931172,128.45687127613789,107.54312872386211,168.80109186898866,804.19890813101142,804.19890813101142,4122.0237936794902,1055.9762063205126,1055.9762063205126,16.600000000000001
59,116,8.1692764440218344,26.939955820805711,75.412384576560768,6.9453677269033944,0.88264443744253618,50.062755570826504,7.2939950302757293,14.402852657991227,127.48819994484663,108.51180005515336,165.16119919648585,807.83880080351423,807.83880080351423,4110.6023394137392,1067.3976605862647,1067.3976605862647,16.600000000000001
59.25,116,8.1083961406660734,26.933039368197765,75.163029218893953,6.8711004335900885,0.86394835784585589,50.223515699700194,7.302238079031965,14.576168210938103,126.52397931463994,109.47602068536006,161.5892973624872,811.41070263751283,811.41070263751283,4099.1993167376231,1078.8006832623796,1078.8006832623796,16.600000000000001
59.5,116,8.048242329419411,26.926036713191412,74.914562485719003,6.7985176276671959,0.84574590080186829,50.381457428920093,7.3100422837653696,14.749674273126613,125.56427366451534,110.43572633548465,158.08457295356163,814.91542704643825,814.91542704643825,4087.815444521967,1090.1845554780364,1090.1845554780364,16.600000000000001
59.75,116,7.9888061121681462,26.918961268757027,74.666981744556892,6.7275768459376692,0.82802669038182175,50.536629082755319,7.3174250064675892,14.923360629900865,124.60914414762451,111.39085585237549,154.64620043085588,818.35379956914403,818.35379956914403,4076.4514064076907,1101.5485935923125,1101.5485935923125,16.600000000000001
60,116,7.9300787171242497,26.911826208512245,74.420284245049928,6.6582364055634695,0.81078036268402531,50.689078306115988,7.3244032064946198,15.097217474092124,123.65864887237005,112.34135112762995,151.27334350014877,821.72665649985117,821.72665649985117,4065.1078518390295,1112.8921481609734,1112.8921481609734,16.600000000000001
60.25,116,7.8720514969626967,26.904644457833243,74.174467123143998,6.5904554175667824,0.79399658104439375,50.838852046592855,7.3309934351116963,15.271235396540419,122.71284298122085,113.28715701877915,147.96515639959895,825.03484360040102,825.03484360040102,4053.7853970743618,1124.2146029256414,1124.2146029256414,16.600000000000001
60.5,116,7.8147159269526147,26.897428685667315,73.929527405441348,6.5241937972996338,0.77766505071879843,50.985996539361608,7.3372118309781102,15.445405376200645,121.77177873136155,114.22822126863844,144.72078516812667,828.27921483187322,828.27921483187322,4042.4846262282681,1135.5153737717346,1135.5153737717346,16.600000000000001
60.75,116,7.7580636031090791,26.890191297494038,73.685462013473384,6.4594122727821581,0.76177553229874972,51.130557294315949,7.3430741168179887,15.619718770311922,120.83550557314474,115.16449442685526,141.5393688399736,831.46063116002631,831.46063116002631,4031.206092289965,1146.7939077100382,1146.7939077100382,16.600000000000001
61,116,7.7020862403652419,26.882944429328706,73.442267767899608,6.3960723910770731,0.74631785397423034,51.272579085254726,7.3485955971662822,15.794167304628226,119.9040702265458,116.0959297734542,138.42004057139542,834.57995942860452,834.57995942860452,4019.9503181198006,1158.0496818802023,1158.0496818802023,16.600000000000001
61.25,116,7.6467756707420627,26.875699942482541,73.199941392839548,6.3341365217722014,0.73128192316975937,51.412105941833417,7.3537911570750483,15.968743063310177,118.97751675884132,117.02248324115868,135.36192874080874,837.63807125919118,837.63807125919118,4008.7177974690421,1169.2822025309606,1169.2822025309606,16.600000000000001
61.5,116,7.5921238415445451,26.868469419243446,72.958479520080019,6.2735678591007229,0.71665773709136404,51.549181143019894,7.3586752617124995,16.143438478995648,118.05588665970676,117.94411334029323,132.36415798030541,840.63584201969445,840.63584201969445,3997.5089959674483,1180.4910040325549,1180.4910040325549,16.600000000000001
61.75,116,7.5381228135786298,26.861264159377573,72.71787869321183,6.2143304225060536,0.70243539234717245,51.683847212190543,7.3632619567962765,16.318246322948269,117.13921891459582,118.86078108540418,129.42585015060072,843.57414984939919,843.57414984939919,3986.3243520905389,1191.6756479094645,1191.6756479094645,16.600000000000001
62,116,7.484764759369547,26.854095177395717,72.478135371862237,6.1563890545629629,0.68860509389077795,51.816145914780961,7.3675648699577811,16.49315969494543,116.22755007879152,119.77244992120848,126.54612528453319,846.45387471546667,846.45387471546667,3975.1642781424425,1202.8357218575604,1202.8357218575604,16.600000000000001
62.25,116,7.4320419614111994,26.846973200507247,72.239245935770512,6.0997094182175431,0.67515716307248119,51.9461182567915,7.3715972127114657,16.668172013436639,115.32091434867364,120.67908565132635,123.72410246901742,849.27589753098243,849.27589753098243,3964.0291612006131,1213.9708387993899,1213.9708387993899,16.600000000000001
62.5,116,7.3799468104358565,26.839908667239268,72.001206688799044,6.0442579927285376,0.6620820449276007,52.073804484668706,7.375371783091814,16.84327700578444,114.4193436315098,121.58065636849018,120.95890067899936,852.04109932100062,852.04109932100062,3952.9193640422568,1225.0806359577464,1225.0806359577464,16.600000000000001
62.75,116,7.3284718036893786,26.832911726786985,71.764013863002788,5.9900020673013854,0.64937031477914753,52.19924408744307,7.3789009691472316,17.018468698326533,113.52286761541544,122.47713238458455,118.24963957699646,854.75036042300349,854.75036042300349,3941.8352260787392,1236.1647739212642,1236.1647739212642,16.600000000000001
63,116,7.2776095432397314,26.825992238839756,71.527663622528195,5.9369097345465081,0.63701268414520384,52.322475799228769,7.382196752791601,17.193741406759866,112.6315138365587,123.3684861634413,115.59544025966899,857.40455974033091,857.40455974033091,3930.7770642498222,1247.2229357501815,1247.2229357501815,16.600000000000001
63.25,116,7.2273527343052031,26.819159773966472,71.292152067453856,5.8849498828009663,0.62500000599760797,52.443537602929716,7.3852707142115861,17.369089726606415,111.74530774507809,124.25469225492189,112.99542596266528,860.00457403733481,860.00457403733481,3919.7451739015391,1258.2548260984638,1258.2548260984638,16.600000000000001
63.5,116,7.1776941835934336,26.812423614653291,71.057475237643672,5.8340921866362709,0.61332327936172992,52.562466735755244,7.3881340369994195,17.54450852360381,110.86427277059595,125.13572722940404,110.4487227290482,862.5512772709518,862.5512772709518,3908.7398296627189,1269.2601703372843,1269.2601703372843,16.600000000000001
63.75,116,7.1286267976746869,26.805792756627998,70.823629116426176,5.7843070975683641,0.60197365340706832,52.679299694721848,7.3907975134304937,17.719992924446196,109.98843038512614,126.01156961487386,107.95446003364583,865.04553996635411,865.04553996635411,3897.7612862814617,1280.2387137185415,1280.2387137185415,16.600000000000001
64,116,7.0801435813726963,26.799275910694394,70.59060963423201,5.735565833615567,0.59094243095888699,52.794072243358428,7.3932715502573281,17.89553830757793,109.11780016496499,126.882199835035,105.5117713706754,867.48822862932457,867.48822862932457,3886.8097794492373,1291.1902205507661,1291.1902205507661,16.600000000000001
64.25,116,7.0322376361699295,26.792881505115233,70.358412672213746,5.6878403674630125,0.58022107142024892,52.906819419831542,7.3955661750854604,18.071140293986126,108.25239985184893,127.74760014815105,103.11979480613785,869.88020519386214,869.88020519386214,3875.8855266176352,1302.1144733823678,1302.1144733823678,16.600000000000001
64.5,116,6.9849021586492643,26.78661768811077,70.127034065677137,5.6411034152664721,0.56980119334032209,53.017575544633146,7.3976910426896909,18.246794738393373,107.39224541147918,128.60775458852081,100.77767349275143,872.22232650724857,872.22232650724857,3864.9887277728035,1313.0112722271999,1313.0112722271999,16.600000000000001
64.75,116,6.938130438950874,26.780492330847526,69.896469607488015,5.5953284242298329,0.55967457644443064,53.1263742295273,7.3996554418411264,18.422497720469448,106.53735109127373,129.46264890872624,98.484556151800788,874.5154438481992,874.5154438481992,3854.1195662014616,1323.8804337985416,1323.8804337985416,16.600000000000001
65,116,6.891915859248062,26.774513030839163,69.666715051424845,5.5504895593285513,0.54983316316960462,53.233248387414591,7.4014683025298407,18.598245536132723,105.6877294770092,130.31227052299076,96.239597521718466,876.76040247828155,876.76040247828155,3843.278209242395,1334.7217907576087,1334.7217907576087,16.600000000000001
65.25,116,6.8462518922575173,26.768687115358691,69.437766115360532,5.5065616907299368,0.54026905997220087,53.338230241681622,7.4031382030289761,18.774034689226887,104.84339154717802,131.15660845282196,94.041958776927515,878.95804122307243,878.95804122307243,3832.4648090000424,1345.5351909999615,1345.5351909999615,16.600000000000001
65.5,116,6.8011320997644606,26.763021645316265,69.209618484419863,5.4635203800627936,0.53097453812300233,53.441351336733447,7.4046733774422009,18.949861883218819,104.00434672658089,131.99565327341907,91.890807915179849,881.10919208482005,881.10919208482005,3821.6795030499261,1356.3204969500775,1356.3204969500775,16.600000000000001
65.75,116,6.7565501311699601,26.757523419400734,68.98226781405755,5.4213418662971806,0.52194203412786189,53.542642549004235,7.4060817234587137,19.125724013054601,103.17060293860574,132.82939706139422,89.785320115666678,883.21467988433324,883.21467988433324,3810.922415124875,1367.0775848751284,1367.0775848751284,16.600000000000001
66,116,6.7124997220705591,26.7521989781802,68.755709732982396,5.3800030523106059,0.51316414999375315,53.642134097444853,7.4073708099065811,19.301618157361954,102.3421666555015,133.65783334449844,87.724678072594955,885.27532192740489,885.27532192740489,3800.193655767428,1377.8063442325754,1377.8063442325754,16.600000000000001
66.25,116,6.6689746928525961,26.747054608633515,68.529939846056422,5.3394814903902512,0.5046336530163662,53.739855555107233,7.4085478847510995,19.477541570678756,101.51904294789306,134.4809570521069,85.708072299090389,887.29192770090958,887.29192770090958,3789.4933229741059,1388.5066770258973,1388.5066770258973,16.600000000000001
66.5,116,6.6259689473116916,26.742096348787555,68.304953737091864,5.2997553678059237,0.49634347532653195,53.835835860768263,7.4096198831036117,19.65349167590394,100.70123553283057,135.29876446716938,83.734701406769474,889.26529859323045,889.26529859323045,3778.8215028164623,1399.1784971835416,1399.1784971835416,16.600000000000001
66.75,116,6.583476471300739,26.737329992326508,68.080746971522856,5.2608034928698322,0.48828671330254791,53.930103330200339,7.410593435069817,19.829466057034743,99.888746820190562,136.11125317980938,81.803772364379242,891.19622763562063,891.19622763562063,3768.1782700344993,1409.8217299655041,1409.8217299655041,16.600000000000001
67,116,6.5414913313937504,26.732761093565223,67.857315099040719,5.2226052801608702,0.48045662655902305,54.022685668321103,7.4114748739585785,20.005462451959847,99.081577958219967,136.91842204177996,79.914500728808676,893.08549927119122,893.08549927119122,3757.5636886199368,1420.4363113800671,1420.4363113800671,16.600000000000001
67.25,116,6.5000076735763876,26.728394972396167,67.634653656116626,5.1851407361469457,0.47284663681540418,54.113609981065068,7.4122702443441693,20.181478745511928,98.279728877596455,137.72027112240349,78.066110857025606,894.93388914297429,894.93388914297429,3746.9778123746755,1431.0221876253283,1431.0221876253283,16.600000000000001
67.5,116,6.4590197219615213,26.724236719241542,67.412758168423068,5.1483904450756279,0.46545032662597652,54.202902787095297,7.4129853100279517,20.357512962752224,97.483198334121255,138.51680166587866,76.257836099069024,896.74216390093079,896.74216390093079,3736.4206854468243,1441.5793145531798,1441.5793145531798,16.600000000000001
67.75,116,6.4185217775219714,26.720291200286447,67.191624153207357,5.1123355542818327,0.45826143775707129,54.290590030152643,7.4136255622582503,20.53356326234298,96.691983950473499,139.30801604952646,74.48891896618305,898.51108103381671,898.51108103381671,3725.8923428545613,1452.1076571454425,1452.1076571454425,16.600000000000001
68,116,6.3785082168501148,26.716563062590705,66.971247121551514,5.0769577600957323,0.45127386953843429,54.376697090924978,7.4141962276964817,20.709627930193008,95.906082256547805,140.09391774345215,72.758611284643848,900.24138871535604,900.24138871535604,3715.3928109854896,1462.607189014514,1462.607189014514,16.600000000000001
68.25,116,6.3389734909398339,26.713056739238517,66.751622580548386,5.0422392938620435,0.4444816770647913,54.461248798894772,7.4147022763362997,20.885705373293842,95.125488728616233,140.87451127138371,71.066174331830751,901.93382566816899,901.93382566816899,3704.9221080773304,1473.0778919226736,1473.0778919226736,16.600000000000001
68.5,116,6.2999121239866458,26.709776454686047,66.532746035421383,5.0081629076098286,0.43787906911830626,54.544269444599138,7.4151484295807393,21.061794113670743,94.350197827506264,141.64980217249368,69.4108789505555,903.5891210494442,903.5891210494442,3694.4802446850031,1483.5197553150003,1483.5197553150003,16.600000000000001
68.75,116,6.2613187122140097,26.706726229925277,66.314612991535185,4.974711860412615,0.43146040613444858,54.625782791313611,7.4155391680008362,21.237892782603442,93.580203035481659,142.41979696451827,67.792005653107978,905.20799434689184,905.20799434689184,3684.0672241247107,1493.9327758752927,1493.9327758752927,16.600000000000001
69,116,6.2231879227199158,26.703909887708324,66.097218956335382,4.9418699047576817,0.4252201980103828,54.705812086803654,7.415878739085124,21.414000115007919,92.815496892078087,143.18450310792187,66.208844708462252,906.79115529153762,906.79115529153762,3673.6830429020056,1504.3169570979987,1504.3169570979987,16.600000000000001
69.25,116,6.1855144923432617,26.701331057849572,65.880559441219589,4.9096212728830322,0.41915310174164422,54.78438007518244,7.4161711650025026,21.590114943970928,92.056071028906615,143.94392897109333,64.660696212238875,908.33930378776085,908.33930378776085,3663.327691124327,1514.6723088756771,1514.6723088756771,16.600000000000001
69.5,116,6.1482932265524779,26.698993182436883,65.664629963324984,4.8779506634905143,0.41325391903923964,54.861509008480844,7.4164202501746628,21.766236195489885,91.301916203390846,144.69808379660913,63.146870145677333,909.85312985432256,909.85312985432256,3653.0011528956552,1524.9988471043489,1524.9988471043489,16.600000000000001
69.75,116,6.1115189983546019,26.696899521027746,65.449426047243051,4.8468432286339951,0.40751759386376335,54.937220658119848,7.4166295887539979,21.942362883385467,90.553022331501694,145.44697766849828,61.666686421508111,911.33331357849158,911.33331357849158,3642.7034066952351,1535.2965933047694,1535.2965933047694,16.600000000000001
70,116,6.0751867472264864,26.695053155762963,65.234943226649435,4.816284560994557,0.40193920993023824,55.011536326085711,7.4168025719199422,22.11849410442025,89.809378519395551,146.19062148060445,60.219474918387256,912.7805250816125,912.7805250816125,3632.4344257380631,1545.5655742619413,1545.5655742619413,16.600000000000001
70.25,116,6.0392914780648947,26.693456996479824,65.021177045870772,4.7862606812509991,0.39651398812732053,55.084476856076918,7.4169423951069575,22.294629033567158,89.070973094158177,146.92902690584179,58.80457550309692,914.19542449690277,914.19542449690277,3622.1941783215925,1555.8058216784116,1555.8058216784116,16.600000000000001
70.5,116,6.0038282601544051,26.692113785850971,64.808123061395676,4.756758025458879,0.39123728383294282,55.156062644702757,7.4170520652002505,22.470766919409623,88.337793633715563,147.66220636628441,57.421338040298629,915.57866195970109,915.57866195970109,3611.9826281600463,1566.0173718399583,1566.0173718399583,16.600000000000001
70.75,116,5.9687922261581212,26.69102610434804,64.595776843294843,4.7277634330437257,0.38610458428774264,55.226313652162325,7.41713440744204,22.646907079769449,87.609826995653407,148.39017300434656,56.06912239488905,916.93087760511071,916.93087760511071,3601.7997346997845,1576.2002653002203,1576.2002653002203,16.600000000000001
71,116,5.93417857112735,26.6901963751525,64.384133976576322,4.6992641350198845,0.3811115059335729,55.295249412766644,7.4171920722100415,22.82304889749366,86.887059345156615,149.11294065484336,54.747298424673055,918.25270157532668,918.25270157532668,3591.6454534207528,1586.3545465792522,1586.3545465792522,16.600000000000001
71.25,116,5.899982551526918,26.689626869125419,64.173190062498662,4.6712477420817677,0.37625379163201361,55.362889045633835,7.4172275418132223,22.999191816340623,86.169476182263082,149.83052381773689,53.455245961140101,919.54475403885965,919.54475403885965,3581.5197361284586,1596.4802638715464,1596.4802638715464,16.600000000000001
71.5,116,5.866199484282137,26.689319709589586,63.962940719799704,4.6437022333106821,0.3715273079609937,55.429251264856553,7.4172431369917184,23.17533533708048,85.457062368108339,150.54293763189162,52.192354784624257,920.80764521537537,920.80764521537537,3571.4225312284943,1606.5774687715111,1606.5774687715111,16.600000000000001
71.75,116,5.8328247458448272,26.689276877008655,63.753381585858953,4.616615945225381,0.36692804252591954,55.494354389395163,7.4172410232310302,23.351479013763687,84.749802150318843,151.25019784968111,50.958024592269247,922.04197540773043,922.04197540773043,3561.3537839871269,1616.6462160128785,1616.6462160128785,16.600000000000001
72,116,5.7998537712736997,26.68950021371959,63.544508317823848,4.5899775607014481,0.36245210116406107,55.558216353141148,7.4172232170963026,23.52762245007332,84.047679187783118,151.95232081221684,49.751664955584047,923.24833504441563,923.24833504441563,3551.3134367838338,1626.6865632161714,1626.6865632161714,16.600000000000001
72.25,116,5.7672820533348039,26.689991428492782,63.336316593661827,4.5637760984273497,0.35809570522415346,55.62085471452086,7.417191592296235,23.703765295869704,83.350676574532116,152.64932342546783,48.572695273253927,924.42730472674566,924.42730472674566,3541.3014293485498,1636.6985706514547,1636.6985706514547,16.600000000000001
72.5,116,5.735105141619357,26.690752101007472,63.128802113155814,4.5380009026327919,0.35385518885416456,55.682286665886167,7.4171478855916853,23.879907243879508,82.658776862867356,153.34122313713257,47.420544717513472,925.57945528248615,925.57945528248615,3531.3176989870449,1646.6823010129599,1646.6823010129599,16.600000000000001
72.75,116,5.7033186416773871,26.69178368627804,62.921960598852266,4.5126416329591441,0.34972699627247916,55.742529042812905,7.4170937026001287,24.056048026503216,81.971962085814994,154.02803791418492,46.294652173780001,926.70534782621962,926.70534782621962,3521.3621807963641,1656.6378192036407,1656.6378192036407,16.600000000000001
73,116,5.6719182141685831,26.693087518972476,62.715787796952704,4.4876882546557004,0.34570767907094291,55.801598333132247,7.4170305234195242,24.232187412769012,81.290213778847317,154.70978622115263,45.194466175157629,927.80553382484186,927.80553382484186,3511.4348078685662,1666.5651921314388,1666.5651921314388,16.600000000000001
73.25,116,5.6408995740294889,26.694664817631391,62.510279478153258,4.4631310290449733,0.34179389354691703,55.859510685747175,7.4169597080885454,24.40832520541926,80.613513000918516,155.38648699908143,44.119444832166501,928.88055516783311,928.88055516783311,3501.5355114838176,1676.464488516187,1676.464488516187,16.600000000000001
73.5,116,5.6102584896563785,26.696516688815844,62.305431438437282,4.4389605042114066,0.33798239804186458,55.916281919274461,7.4168825019150919,24.584461238120024,79.941840354849603,156.05815964515031,43.069055757068284,929.93094424293133,929.93094424293133,3491.6642212936517,1686.335778706353,1686.335778706353,16.600000000000001
73.75,116,5.5799907821038071,26.698644131156961,62.101239499819556,4.415167505952053,0.33427005031223206,55.971927530474893,7.4168000406455707,24.760595372795823,79.275176007068694,156.72482399293125,42.042775984016529,930.95722401598289,930.95722401598289,3481.8208654943505,1696.1791345056542,1696.1791345056542,16.600000000000001
74,116,5.5500923242990803,26.701048039293408,61.897699511041139,4.3917431290410933,0.33065380494552171,56.026462702420844,7.4167133554555011,24.936727497096026,78.613499706708964,157.38650029329094,41.04009188559067,931.95990811440879,931.95990811440879,3472.0053709902204,1705.9946290097844,1705.9946290097844,16.600000000000001
74.25,116,5.5205590402710518,26.703729207737286,61.694807348223229,4.3686787286735722,0.32713071079101524,56.079902312527025,7.4166233778191257,25.112857521966152,77.956790804124836,158.04320919587508,40.060499085107892,932.9395009148916,932.9395009148916,3462.217663548523,1715.7823364514818,1715.7823364514818,16.600000000000001
74.5,116,5.4913869043936741,26.706688334645211,61.492558915477723,4.3459659121597385,0.32369790842587798,56.132260940375446,7.4165309442275618,25.288985379333777,77.305028268821175,158.69497173117875,39.103502365535839,933.89649763446369,933.89649763446369,3452.4576679456068,1725.5423320543978,1725.5423320543978,16.600000000000001
74.75,116,5.4625719406441728,26.709926025481682,61.29095014547466,4.3235965308914164,0.3203526276700206,56.183552875312657,7.4164368007422787,25.465111019909099,76.658190706810572,159.34180929318936,38.168615575743026,934.8313844242565,934.8313844242565,3442.7253081043973,1735.2746918956072,1735.2746918956072,16.600000000000001
75,116,5.434110221875156,26.713442796597164,61.089976999970638,4.3015626725286298,0.31709218513193987,56.233792123867062,7.4163416074122788,25.641234411089584,76.016256377423886,159.98374362257604,37.255361533632609,935.74463846636695,935.74463846636695,3433.0205072239532,1744.9794927760515,1744.9794927760515,16.600000000000001
75.25,116,5.4059978691004407,26.717239078718496,60.889635470299091,4.2798566534103344,0.31391398178932911,56.282992416981351,7.4162459425533935,25.81735553496663,75.379203209588937,160.62079679041096,36.363271926493056,936.63672807350645,936.63672807350645,3423.3431879013369,1754.6568120986674,1754.6568120986674,16.600000000000001
75.5,116,5.3782310507945779,26.721315220332261,60.689921577822105,4.2584710112219959,0.31081550062366398,56.331167217027442,7.4161503068685857,25.993474386436326,74.747008817591862,161.25299118240804,35.491887209512171,937.5081127904873,937.5081127904873,3413.6932722458614,1764.3067277541434,1764.3067277541434,16.600000000000001
75.75,116,5.3508059822055634,26.725671490977891,60.490831374346712,4.2373984978845076,0.30779430429543803,56.378329724636544,7.4160551274305488,26.169590971406375,74.11965051633922,161.88034948366069,34.640756502132405,938.35924349786717,938.35924349786717,3404.0706819862326,1773.9293180137722,1773.9293180137722,16.600000000000001
76,116,5.3237189246799952,26.730308084466731,60.292360942508878,4.2166320726171618,0.30484803284797268,56.424492885388084,7.4159607615499263,26.345705305088106,73.497105336144202,162.5028946638557,33.809437482068631,939.19056251793086,939.19056251793086,3394.4753385713002,1783.5246614287046,1783.5246614287046,16.600000000000001
76.25,116,5.2969661850012422,26.735225121993732,60.094506396122625,4.1961648952585495,0.30197440147004112,56.46966939627638,7.4158675004867307,26.521817410385797,72.879350037038634,163.12064996296124,32.997496278179057,940.00250372182052,940.00250372182052,3384.9071632639152,1793.0928367360891,1793.0928367360891,16.600000000000001
76.5,116,5.27054411474003,26.740422655151242,59.897263880497114,4.175990319816159,0.29917119831138533,56.513871711981125,7.4157755730199852,26.697927316374347,72.26636112263418,163.73363887736571,32.204507362267542,940.79549263773197,940.79549263773197,3375.366077228532,1802.6339227714725,1802.6339227714725,16.600000000000001
76.75,116,5.2444491096166983,26.745900668879234,59.700629572724999,4.1561018881625884,0.29643628232094138,56.557112051020482,7.4156851489176878,26.874035056853419,71.658114853543339,164.34188514645655,31.430053438695829,941.56994656130371,941.56994656130371,3365.852001613101,1812.1479983869037,1812.1479983869037,16.600000000000001
77,116,5.2186776088754616,26.751659084314099,59.504599681940689,4.1364933239651984,0.29376758114394647,56.599402401701241,7.415596342262968,27.050140668986078,71.054587260376408,164.94541273962349,30.67372533347946,942.32627466652013,942.32627466652013,3356.364857625138,1821.6351423748667,1821.6351423748667,16.600000000000001
77.25,116,5.1932260946702291,26.757697761543987,59.309170449550486,4.1171585268144515,0.29116308907262878,56.640754527898657,7.415509214648071,27.226244192015827,70.455754156333597,165.54424584366632,29.935121882810762,943.06487811718887,943.06487811718887,3346.9045666023935,1831.0954333976113,1831.0954333976113,16.600000000000001
77.5,116,5.1680910914615712,26.76401650229224,59.114338149436371,4.0980915665277982,0.2886208650309891,56.681179974687346,7.4154237782615171,27.402345666056103,69.861591149390875,166.13840885060907,29.213849820338954,943.78615017966069,943.78615017966069,3337.4710500783494,1840.5289499216556,1840.5289499216556,16.600000000000001
77.75,116,5.1432691654246829,26.770615052516685,58.920099088134116,4.0792866776376755,0.28613903060695556,56.720690073813948,7.4153399988560054,27.578445130951422,69.272073654101376,166.72792634589854,28.509523663917467,944.490476336082,944.490476336082,3328.0642298427911,1849.9357701572137,1849.9357701572137,16.600000000000001
78,116,5.1187569238682302,26.777493104917788,58.726449604986506,4.0607382540790953,0.28371576813974742,56.759295948995089,7.41525779858965,27.754542625210036,68.687176903026952,167.31282309697298,27.821765602298996,945.17823439770052,945.17823439770052,3318.6840279976323,1859.3159720023721,1859.3159720023721,16.600000000000001
78.25,116,5.0945510146637067,26.784650301367787,58.533386072272997,4.0424408440521153,0.28134931885230813,56.797008521064036,7.4151770587559227,27.930638185002742,68.106875957806949,167.89312404219297,27.150205381485026,945.84979461851458,945.84979461851458,3309.3303670082573,1868.669632991747,1868.669632991747,16.600000000000001
78.5,116,5.070648125684853,26.792086235273665,58.340904895317621,4.0243891450207601,0.27903798101800231,56.833838513002668,7.4150976224196068,28.106731843221464,67.53114571987355,168.46885428012638,26.494480190397631,946.50551980960199,946.50551980960199,3300.0031697506984,1877.996830249306,1877.996830249306,16.600000000000001
78.75,116,5.0470449842573055,26.799800453851397,58.14900251257491,4.0065779989072796,0.27678010818404997,56.869796454799918,7.4150192969316713,28.282823628602291,66.959960940831834,169.04003905916812,25.854234546981296,947.14576545301827,947.14576545301827,3290.7023595546993,1887.2976404453054,1887.2976404453054,16.600000000000001
79,116,5.0237383566179865,26.80779246032164,57.957675395695702,3.989002387441924,0.27457410744382305,56.904892688174577,7.4149418563378733,28.458913564906219,66.393296232518779,169.60670376748115,25.229120184550947,947.77087981544855,947.77087981544855,3281.4278602430531,1896.5721397569516,1896.5721397569516,16.600000000000001
79.25,116,5.0007250473840896,26.816061716043727,57.766920049573066,3.9716574276611256,0.27241843774153346,56.939137371169473,7.4148650436991197,28.635001670155809,65.831126076728324,170.16887392327163,24.618795937696103,948.38120406230348,948.38120406230348,3272.179596167111,1905.8204038328938,1905.8204038328938,16.600000000000001
79.5,116,4.978001899031419,26.824607642570779,57.576733012369807,3.9545383675600849,0.27031160822837969,56.972540482609283,7.414788573306951,28.811087955925611,65.273424834637183,170.72657516536276,24.022927628788036,948.97707237121142,948.97707237121142,3262.9574922389402,1915.0425077610651,1915.0425077610651,16.600000000000001
79.75,116,4.9555657913819262,26.833429623629069,57.387110855528412,3.9376405819024782,0.26825217666798717,57.005111826418485,7.4147121327977299,28.987172426685028,64.720166755937754,171.27983324406222,23.441187955098858,949.55881204490061,949.55881204490061,3253.7614739602427,1924.2385260397621,1924.2385260397621,16.600000000000001
80,116,4.9334136411001399,26.842527007036509,57.198050183763812,3.9209595681581866,0.26623874787711199,57.036861035827997,7.4146353851837477,29.16325507918927,64.171325987673413,171.82867401232653,22.873256375968175,950.12674362403141,950.12674362403141,3244.5914674481041,1933.4085325519004,1933.4085325519004,16.600000000000001
80.25,116,4.9115424011983428,26.851899106553333,57.009547635040242,3.9044909425800411,0.2642699722098048,57.067797577458428,7.4145579707940596,29.339335901917551,63.626876582794409,172.37312341720556,22.318819000520811,950.68118099947867,950.68118099947867,3235.4473994578084,1942.5526005421966,1942.5526005421966,16.600000000000001
80.5,116,4.8899490605503022,26.861545203662509,56.821599880532979,3.8882304364227935,0.26234454408874325,57.097930755275591,7.4144795091233293,29.515414874556679,63.08679250844866,172.9132074915513,21.777568476243459,951.22243152375597,951.22243152375597,3226.3291974029544,1951.6708025970504,1951.6708025970504,16.600000000000001
80.75,116,4.8686306434133382,26.871464549287193,56.634203624575584,3.8721738922901441,0.26046120057723388,57.127269714432032,7.4143996005976538,29.691491967527476,62.55104765400899,173.44895234599099,21.249203878189903,951.75079612180957,951.75079612180957,3217.236789372957,1960.7632106270478,1960.7632106270478,16.600000000000001
81,116,4.847584208958561,26.881656365451583,56.447355604592964,3.85631726059722,0.25861871998592351,57.155823445006646,7.414317828265145,29.867567141552218,62.019615838836579,173.98038416116339,20.733430598577854,952.26656940142163,952.26656940142163,3208.1701041479441,1969.8298958520604,1969.8298958520604,16.600000000000001
81.25,116,4.826806850809068,26.892119846876152,56.261052591021851,3.8406565961622849,0.25681592052521934,57.183600785627213,7.4142337594023964,30.043640347261146,61.492470819806258,174.5075291801937,20.229960237488459,952.77003976251103,952.77003976251103,3199.1290712114569,1978.8709287885474,1978.8709287885474,16.600000000000001
81.5,116,4.8062956965859058,26.90285416251167,56.075291387219103,3.8251880549125605,0.25505165899967547,57.210610426990122,7.4141469470427568,30.219711524835894,60.969586298598124,175.03041370140184,19.738510494543007,953.26148950545644,953.26148950545644,3190.1136207610389,1987.8863792389654,1987.8863792389654,16.600000000000001
81.75,116,4.7860479074617013,26.91385845702322,55.890068829357617,3.8099078907035628,0.25332482953290825,57.236860915278548,7.4140569314383509,30.395780603689126,60.450935928742119,175.54906407125785,19.258805061052133,953.74119493894739,953.74119493894739,3181.1236837165516,1996.8763162834532,1996.8763162834532,16.600000000000001
82,116,4.7660606777217129,26.925131852214573,55.705381786311591,3.7948124522471285,0.25163436233475367,57.262360655481771,7.4139632414472478,30.571847502177626,59.93649332244636,176.06350667755362,18.790573513339567,954.20942648665994,954.20942648665994,3172.1591917266751,2005.8408082733292,2005.8408082733292,16.600000000000001
82.25,116,4.7463312343321276,26.936673448396729,55.521227159531627,3.7798981801523315,0.24997922250770299,57.287117914611052,7.4138653958502179,30.747912127347188,59.426232057211976,176.57376794278798,18.333551207213169,954.66644879278635,954.66644879278635,3163.2200771736912,2014.7799228263134,2014.7799228263134,16.600000000000001
82.5,116,4.7268568365155046,26.948482325707221,55.337601882909524,3.7651616040604088,0.24835840888573113,57.311140824831071,7.4137629046048819,30.923974374708493,58.920125682229411,177.07987431777056,17.88747917321481,955.1125208267847,955.1125208267847,3154.3062731764298,2023.6937268235743,2023.6937268235743,16.600000000000001
82.75,116,4.7076347753331911,26.960557545378411,55.154502922633725,3.7505993398800266,0.24677095290860729,57.334437386499701,7.4136552700359033,31.100034128042154,58.418147724569245,177.58185227543075,17.452104012928601,955.54789598707089,955.54789598707089,3145.4177135916293,2032.5822864083752,2032.5822864083752,16.600000000000001
83,116,4.6886623732744726,26.972898150953778,54.971927277036485,3.7362080871189431,0.24521591753411295,57.357015471118636,7.4135419879616,31.276091259230341,57.920271695182819,178.07972830481714,17.027177796605322,955.97282220339423,955.97282220339423,3136.554333013959,2041.4456669860456,2041.4456669860456,16.600000000000001
83.25,116,4.669936983852395,26.985503169457434,54.789871976432771,3.7219846263072274,0.24369239618277222,57.378882824200105,7.413422548762389,31.452145628114849,57.426471094706919,178.57352890529305,16.61245796182445,956.38754203817507,956.38754203817507,3127.7160667746098,2050.2839332253948,2050.2839332253948,16.600000000000001
83.5,116,4.6514559912061895,26.998371612521005,54.608334082950392,3.7079258165124034,0.24219951171070198,57.400047068049638,7.4132964383955988,31.628197082381387,56.936719419068524,179.06328058093146,16.20770721300018,956.79229278699938,956.79229278699938,3118.9028509383661,2059.097149061638,2059.097149061638,16.600000000000001
83.75,116,4.6332168097099755,27.011502477462532,54.427310690353657,3.6940285929376464,0.24073641541855559,57.420515704471235,7.4131631393529931,31.804245457466028,56.450990164918785,179.54900983508119,15.81269342230806,957.18730657769152,957.18730657769152,3110.1146222996722,2067.8853777003324,2067.8853777003324,16.600000000000001
84,116,4.6152168835875509,27.024894748315365,54.246798923861512,3.6802899646023537,0.23930228609988954,57.440296117394773,7.4130221315598117,31.980290576481764,55.969256834910489,180.03074316508946,15.427189532308176,957.5728104676914,957.5728104676914,3101.3513183779351,2076.6486816220695,2076.6486816220695,16.600000000000001
84.25,116,4.5974536865334601,27.038547396824598,54.066795939957458,3.6667070121037999,0.23789632910825387,57.459395575429831,7.4128728932319996,32.156332250168774,55.491492942776425,180.50850705722357,15.050973459055559,957.94902654094403,957.94902654094403,3092.6128774113067,2085.3871225886978,2085.3871225886978,16.600000000000001
84.5,116,4.5799247213399896,27.052459383403477,53.887298926193537,3.6532768854553868,0.23651777545320624,57.477821234347878,7.4127149016858001,32.332370276864303,55.017672018241029,180.98232798175894,14.683827996404982,958.3161720035946,958.3161720035946,3083.8992383495079,2094.1007616504962,2094.1007616504962,16.600000000000001
84.75,116,4.5626275195299071,27.066629658045244,53.708305100989811,3.6399968019989837,0.23516588093177973,57.495580139494024,7.4125476340958887,32.508404442489628,54.547767611786604,181.45223238821336,14.325540721958394,958.67445927804124,958.67445927804124,3075.2103408460548,2102.7896591539497,2102.7896591539497,16.600000000000001
85,116,4.5455596409951262,27.081057161188731,53.52981171342801,3.6268640444006488,0.23383992529537934,57.512679228120049,7.4123705681986811,32.684434520557346,54.081753299262601,181.91824670073734,13.975903904479674,959.02409609551989,959.02409609551989,3066.5461252496043,2111.4538747503998,2111.4538747503998,16.600000000000001
85.25,116,4.528718673640495,27.095740824565539,53.35181604304146,3.6138759586932103,0.23253921142708392,57.529125331673612,7.4121831829750677,32.860460272189691,53.619602686339555,182.38039731366038,13.634714412020855,959.36528558797875,959.36528558797875,3057.906532594654,2120.0934674053506,2120.0934674053506,16.600000000000001
85.5,116,4.5121022330331702,27.110679572003932,53.174315399600587,3.60102995239387,0.23126306455328074,57.544925178015681,7.4119849592830587,33.03648144615363,53.161289412821539,182.83871058717841,13.301773621636393,959.69822637836319,959.69822637836319,3049.2915045916225,2128.7084954083821,2128.7084954083821,16.600000000000001
85.75,116,4.4957079620576188,27.125872320194187,52.997307122892998,3.5883234926943026,0.23001083148363669,57.560085393570198,7.4117753804446975,33.212497778914283,52.706787156804729,183.29321284319522,12.976887330290905,960.02311266970855,960.02311266970855,3040.7009836160646,2137.2990163839395,2137.2990163839395,16.600000000000001
86,116,4.4795335305766573,27.141317979412364,52.820788582495787,3.5757541047328805,0.22878187987962542,57.57461250539842,7.4115539327809614,33.388508994712438,52.256069638661394,183.74393036133856,12.659865666635197,960.34013433336429,960.34013433336429,3032.1349126964928,2145.8650873035117,2145.8650873035117,16.600000000000001
86.25,116,4.4635766350952997,27.157015454238213,52.644757177555796,3.5633193698670511,0.22757559753564924,57.58851294326373,7.4113201061535658,33.564514805624313,51.809110624988413,184.19088937501155,12.350523005170748,960.64947699482877,960.64947699482877,3023.5932355040654,2154.4067644959387,2154.4067644959387,16.600000000000001
86.5,116,4.4478349984310785,27.172963644225284,52.469210336559513,3.5510169240411571,0.22639139169176484,57.601793041610655,7.4110733944446014,33.740514911652426,51.365883932362486,184.63411606763748,12.04867788103325,960.95132211896623,960.95132211896623,3015.075896340355,2162.9241036596495,2162.9241036596495,16.600000000000001
86.75,116,4.4323063693898517,27.189161444536474,52.29414551709727,3.5388444562243926,0.22522868837054344,57.614459041478689,7.4108132959942736,33.916509000834957,50.926363430940668,185.07363656905929,11.754152905716081,961.24584709428336,961.24584709428336,3006.5828401241006,2171.417159875904,2171.417159875904,16.600000000000001
87,116,4.4169885224463634,27.205607746551301,52.119560205625106,3.5267997069012123,0.22408693173605976,57.626517092365006,7.4105393140078393,34.092496749364891,50.490523047939128,185.50947695206082,11.466774684109271,961.53322531589015,961.53322531589015,2998.1140123776631,2179.8859876223414,2179.8859876223414,16.600000000000001
87.25,116,4.401879257427356,27.222301438465788,51.945451917235154,3.5148804665574773,0.22296558346808423,57.637973254081238,7.4102509569683281,34.268477821689828,50.058336771092918,185.941663228907,11.186373734084015,961.81362626591545,961.81362626591545,2989.6693592154998,2188.3306407845048,2188.3306407845048,16.600000000000001
87.5,116,4.3869763992011732,27.239241405847984,51.771818195414482,3.5030845742648444,0.22186412216288803,57.648833498523054,7.4099477389892154,34.444451870645636,49.629778651911145,186.37022134808879,10.912784406278567,962.08721559372077,962.08721559372077,2981.2488273303602,2196.7511726696439,2196.7511726696439,16.600000000000001
87.75,116,4.3722777973726501,27.256426532160106,51.598656611798461,3.4914099163326906,0.22078204275748897,57.659103711377014,7.4096291801265588,34.620418537607918,49.20482280878462,186.79517719121532,10.645844804789402,962.35415519520996,962.35415519520996,2972.852363978508,2205.1476360214961,2205.1476360214961,16.600000000000001
88,116,4.357781325980933,27.273855699270616,51.425964765929827,3.4798544249673657,0.21971885596820495,57.668789693812826,7.4092948066903954,34.796377452631511,48.783443430051747,187.21655656994821,10.385396709947607,962.61460329005183,962.61460329005183,2964.4799169663029,2213.5200830337017,2213.5200830337017,16.600000000000001
88.25,116,4.3434848832012767,27.291527787945991,51.253740285018125,3.4684160769667431,0.21867408774700539,57.677897164138933,7.4089441515372059,34.972328234592119,48.365614776973224,187.63438522302673,10.131285502559246,962.86871449744012,962.86871449744012,2956.1314346369995,2221.868565363005,2221.868565363005,16.600000000000001
88.5,116,4.329386391052136,27.309441678309355,51.081980823692874,3.4570928924841686,0.21764727876015941,57.686431759394125,7.4085767543211176,35.148270491347674,47.951311186555884,188.04868881344407,9.8833600888715853,963.11663991112789,963.11663991112789,2947.8068658563766,2230.1931341436275,2230.1931341436275,16.600000000000001
88.75,116,4.3154837951074247,27.327596250265991,50.910684063751106,3.4458829338596781,0.21663798388993083,57.694399036876916,7.4081921617043838,35.324203819918097,47.540507074232927,188.45949292576705,9.6414728263649074,963.35852717363457,963.35852717363457,2939.5061599973319,2238.4938400026726,2238.4938400026726,16.600000000000001
89,116,4.301775064210541,27.345990383932556,50.739847713915026,3.4347843044304969,0.215645771742598,57.701804475683751,7.4077899275877686,35.500127806640478,47.133176936546256,188.86682306345369,9.4054794518774809,963.59452054812209,963.59452054812209,2931.2292669266812,2246.7707330733233,2246.7707330733233,16.600000000000001
89.25,116,4.2882581901933161,27.36462296003603,50.569469509584664,3.4237951474036299,0.21467022417756998,57.708653478189397,7.4073696133041897,35.676042027340664,46.729295353693452,189.27070464630648,9.1752390105509889,963.82476098944846,963.82476098944846,2922.9761369910448,2255.0238630089598,2255.0238630089598,16.600000000000001
89.5,116,4.2749311875993685,27.383492860287856,50.399547212587947,3.4129136447773711,0.21371093585519443,57.714951371480161,7.4069307877844786,35.851946047514978,46.328836991961872,189.67116300803809,8.9506137858157597,964.04938621418376,964.04938621418376,2914.7467210022828,2263.2532789977217,2263.2532789977217,16.600000000000001
89.75,116,4.2617920934120868,27.402598967730157,50.230078610926881,3.402138016318268,0.21276751380481954,57.720703408734614,7.4064730276903994,36.027839422525147,45.931776606040295,190.06822339395964,8.731469230308603,964.26853076969087,964.26853076969087,2906.540970222256,2271.4590297777481,2271.4590297777481,16.600000000000001
90,116,4.2488389667840476,27.42194016709071,50.061061518534302,3.3914665185117077,0.21183957699476627,57.725914770618715,7.4059959175732617,36.203721697767378,45.538089041340413,190.4619109586595,8.5176738989404956,964.48232610105902,964.48232610105902,2898.3588363497911,2279.6411636502135,2279.6411636502135,16.600000000000001
90.25,116,4.2360698887716337,27.441515345103554,49.892493775023745,3.3808974435835601,0.21092675592531587,57.730590566615881,7.4054990499888662,36.379592408862763,45.14774923617113,190.85225076382883,8.3090993825828097,964.69090061741667,964.69090061741667,2890.2002715063404,2287.7997284936641,2287.7997284936641,16.600000000000001
90.5,116,4.2234829620735965,27.461323390808985,49.724373245438194,3.3704291185613737,0.2100286922380887,57.734735836317903,7.4049820255907779,36.555451081853803,44.760732223817222,191.23926777618274,8.105620242856288,964.89437975714304,964.89437975714304,2882.0652282214778,2295.9347717785267,2295.9347717785267,16.600000000000001
90.75,116,4.2110763107732874,27.481363195836433,49.556697819998632,3.3600599043681361,0.20914503833970868,57.738355550682378,7.4044444532072067,36.731297233404064,44.377013134534032,191.62298686546592,7.9071139480797346,965.09288605191966,965.09288605191966,2873.9536594184196,2304.0463405815849,2304.0463405815849,16.600000000000001
91,116,4.1988480800827013,27.501633654692171,49.389465413860307,3.3497881949026063,0.20827545702790481,57.741454613294557,7.4038859499355105,36.907130370979246,43.99656719753122,192.00343280246872,7.7134608109660778,965.28653918903331,965.28653918903331,2865.8655184011359,2312.1344815988687,2312.1344815988687,16.600000000000001
91.25,116,4.1867964360913845,27.5221336650153,49.222673966863276,3.3396124161838139,0.20741962113944412,57.744037861570007,7.403306141196957,37.082949993046633,43.619369742823075,192.38063025717688,7.5245439269936103,965.47545607300572,965.47545607300572,2857.8007588403589,2320.1992411596457,2320.1992411596457,16.600000000000001
91.5,116,4.1749195655191951,27.542862127813542,49.056321443281611,3.329531025535053,0.20657721321387482,57.746110067918281,7.402704660769988,37.258755589281336,43.245396202986157,192.75460379701377,7.3402491138033472,965.65975088619609,965.65975088619609,2849.7593347593752,2328.2406652406294,2328.2406652406294,16.600000000000001
91.75,116,4.163215675471819,27.563817947692407,48.890405831575556,3.3195425107797991,0.20574792516533633,57.747675940890588,7.4020811508223163,37.434546640766541,42.874622114866433,193.1253778851335,7.1604648518947585,965.83953514810457,965.83953514810457,2841.7412005204401,2336.2587994795645,2336.2587994795645,16.600000000000001
92,116,4.1516829931985049,27.58500003308415,48.724925144148912,3.3096453894360018,0.20493145795862852,57.748740126322666,7.4014352619518267,37.610322620182103,42.507023121257262,193.49297687874267,6.9850822267496984,966.01491777324975,966.01491777324975,2833.7463108122211,2344.2536891877835,2344.2536891877835,16.600000000000001
92.25,116,4.1403197658541941,27.606407296449522,48.559877417102136,3.2998382079655917,0.20412752130467018,57.749307208425975,7.4007666531943146,37.786082992007451,42.142574972461453,193.85742502753845,6.8139948717075054,966.18600512829198,966.18600512829198,2825.7746206364409,2352.2253793635637,2352.2253793635637,16.600000000000001
92.5,116,4.1291242602652929,27.628038654461083,48.395260709984562,3.2901195410591648,0.2033358333706542,57.749381710843757,7.4000749920120743,37.961827212729929,41.78125352776842,194.21874647223152,6.6470989118453181,966.35290108815411,966.35290108815411,2817.8260852943658,2360.1739147056387,2360.1739147056387,16.600000000000001
92.75,116,4.1180947626975364,27.649893028187762,48.231073105551538,3.2804879909186884,0.20255612049299135,57.748968097702978,7.3993599542922919,38.137554731041661,41.423034756904372,194.57696524309557,6.4842929091646342,966.51570709083478,966.51570709083478,2809.9006603742555,2368.0993396257491,2368.0993396257491,16.600000000000001
93,116,4.1072295786266793,27.671969343271094,48.067312709523513,3.2709421865568924,0.20178811689866613,57.748070774646621,7.3986212243407712,38.31326498803368,41.067894741427324,194.93210525857262,6.3254778088885253,966.67452219111078,966.67452219111078,2801.9983017391701,2376.0016982608345,2376.0016982608345,16.600000000000001
93.25,116,4.0965270325128369,27.694266530082476,47.90397765034357,3.2614807831339405,0.20103156444123443,57.746694089829461,7.3978584948550399,38.488957417396897,40.715809676035398,195.28419032396457,6.1705568866583098,966.82944311334109,966.82944311334109,2794.1189655144999,2383.8810344855046,2383.8810344855046,16.600000000000001
93.5,116,4.0859854675784426,27.716783523861384,47.741066078933628,3.2521024613313192,0.20028621235169114,57.744842334877113,7.397071466876735,38.664631445629659,40.366755869789735,195.63324413021019,6.0194356966473057,966.98056430335203,966.98056430335203,2786.262608075247,2391.7373919247575,2391.7373919247575,16.600000000000001
93.75,116,4.07560324558772,27.739519264861794,47.57857616845714,3.2428059267113243,0.19955181698733004,57.74251974585178,7.3962598497632666,38.840286492229296,40.020709747330685,195.97929025266924,5.8720220209500802,967.12797797904932,967.12797797904932,2778.4291860345006,2399.5708139655035,2399.5708139655035,16.600000000000001
94,116,4.0653787466293156,27.762472698485027,47.41650611408182,3.2335899091036477,0.19882814159191278,57.739730504190042,7.3954233611465137,39.0159219698862,39.677647850024663,196.32235214997527,5.7282258199139804,967.27177418008534,967.27177418008534,2770.6186562319167,2407.3813437680878,2407.3813437680878,16.600000000000001
94.25,116,4.0553103689021288,27.78564277539861,47.254854132742238,3.224453162019846,0.19811495606734858,57.736478737612011,7.3945617268778667,39.191537284680827,39.337546837041224,196.66245316295871,5.5879591833917654,967.4120408166076,967.4120408166076,2762.83097572215,2415.1690242778545,2415.1690242778545,16.600000000000001
94.5,116,4.0453965285044982,27.809028451638451,47.093618462901581,3.2153944621005404,0.19741203675874505,57.732768520997716,7.3936746809557077,39.36713183628585,39.000383486353478,196.99961651364646,5.451136282900487,967.54886371709893,967.54886371709893,2755.0661017631401,2422.933898236864,2422.933898236864,16.600000000000001
94.75,116,4.035635659224666,27.832628688721666,46.932797364320088,3.2064126085447606,0.1967191662352164,57.728603877273635,7.3927619654747696,39.542705018151665,38.666134695738762,197.33386530426117,5.3176733249220725,967.68232667507732,967.68232667507732,2747.3239918055588,2430.6760081944458,2430.6760081944458,16.600000000000001
95,116,4.0260262123345436,27.856442453743149,46.772389117822527,3.1975064225715464,0.1960361330836527,57.723988778267049,7.3918233305581991,39.71825621769716,38.3347774837044,197.66522251629553,5.1874885050665771,967.81251149493278,967.81251149493278,2739.604603482082,2438.3953965179226,2438.3953965179226,16.600000000000001
95.25,116,4.0165666563862832,27.880468719462169,46.612392025066605,3.1886747469017429,0.19536273171134602,57.718927145538402,7.3908585342815014,39.893784816500535,38.006288990356936,197.99371100964296,5.0605019631486297,967.93949803685075,967.93949803685075,2731.9078945967935,2446.092105403211,2446.092105403211,16.600000000000001
95.5,116,4.0072554770119524,27.90470646437484,46.45280440831111,3.1799164452668629,0.19469876216021995,57.713422851186074,7.3898673425824395,40.069290190493426,37.680646478203919,198.31935352179602,4.9366357391448794,968.06336426085443,968.06336426085443,2724.2338231145268,2453.7661768854778,2453.7661768854778,16.600000000000001
95.75,116,3.9980911767243583,27.929154672798116,46.293624610190349,3.171230401901425,0.19404402991579789,57.707479718660245,7.3888495291928251,40.244771710139496,37.357827332958671,198.64217266704128,4.815813730157541,968.1841862698418,968.1841862698418,2716.5823471512676,2461.4176528487369,2461.4176528487369,16.600000000000001
96,116,3.989072274721178,27.953812334936472,46.134850993487397,3.162615521067909,0.19339834572972334,57.701101523544658,7.3878048755515655,40.420228740618882,37.037809064269851,198.96219093573006,4.6979616482023268,968.30203835179714,968.30203835179714,2708.9534249643302,2469.0465750356743,2469.0465750356743,16.600000000000001
96.25,116,3.980197306691637,27.978678446941156,45.976481940908748,3.1540707265978076,0.19276152544940567,57.694291994319933,7.3867331707127253,40.595660642011502,36.720569306402965,199.27943069359696,4.5830069788705305,968.41699302112875,968.41699302112875,2701.3470149427244,2476.6529850572801,2476.6529850572801,16.600000000000001
96.5,116,3.9714648246259667,28.003752010958767,45.818515854859434,3.1455949614544907,0.19213338985689565,57.687054813103828,7.3856342112439854,40.771066769481493,36.40608581886579,199.59391418113415,4.4708789408417786,968.52912105915755,968.52912105915755,2693.7630755975938,2484.2369244024103,2484.2369244024103,16.600000000000001
96.75,116,3.9628733966260241,28.029032035190077,45.660951157223685,3.1371871872804804,0.19151376450287022,57.679393616400489,7.3845078011447001,40.946446473447892,36.094336487034596,199.90566351296533,4.3615084462720679,968.63849155372725,968.63849155372725,2686.2015655535365,2491.798434446468,2491.798434446468,16.600000000000001
97,116,3.9544216067191038,28.054517533932412,45.503786289144642,3.1288463839769824,0.19090247955367709,57.671311995817767,7.3833537517459984,41.121799099761056,35.785299322709363,200.21470067729055,4.2548280619874905,968.74517193801182,968.74517193801182,2678.662443539728,2499.3375564602766,2499.3375564602766,16.600000000000001
97.25,116,3.946108054674125,28.080207527615826,45.347019710805519,3.1205715492966761,0.19029936964450153,57.66281349876882,7.382171881607472,41.297123989877143,35.478952464626225,200.5210475353737,4.150771971504656,968.84922802849462,968.84922802849462,2671.1456683812635,2506.8543316187411,2506.8543316187411,16.600000000000001
97.5,116,3.9379313558202149,28.106101042832826,45.190649901212218,3.1123616984506532,0.1897042737388453,57.65390162915741,7.3809620164097502,41.47242048103125,35.175274178926621,200.82472582107332,4.0492759378564793,968.95072406214285,968.95072406214285,2663.6511989906876,2514.348801009317,2514.348801009317,16.600000000000001
97.75,116,3.9298901408666302,28.13219711237512,45.034675357980298,3.1042158637072426,0.1891170349849346,57.64457984806603,7.3797239888613548,41.647687906400272,34.874242859620693,201.12575714037922,3.9502772671789437,969.04972273282044,969.04972273282044,2656.178994360188,2521.8210056398166,2521.8210056398166,16.600000000000001
98,116,3.9219830557256108,28.158494775256393,44.879094597121551,3.0961330940172478,0.18853750058350854,57.634851574417191,7.3784576385911098,41.822925595269524,34.575837028987891,201.42416297101204,3.8537147730904859,969.14628522690884,969.14628522690884,2648.7290135536891,2529.2709864463154,2529.2709864463154,16.600000000000001
98.25,116,3.9142087613376373,28.184993076727821,44.723906152831731,3.0881124546546528,0.18796552166245159,57.624720185617385,7.3771628120352304,41.998132873198678,34.280035337933342,201.71996466206659,3.759528741858615,969.2404712581407,969.2404712581407,2641.3012156990953,2536.6987843009092,2536.6987843009092,16.600000000000001
98.5,116,3.9065659334985035,28.211691068293721,44.569108577280957,3.0801530268604314,0.18740095315293037,57.614189018194359,7.3758393623289926,42.173309062182454,33.986816566321075,202.01318343367885,3.6676608982866039,969.33233910171282,969.33233910171282,2633.8955599809092,2544.1044400190954,2544.1044400190954,16.600000000000001
98.75,116,3.8990532626878656,28.238587807731491,44.414700440407643,3.0722539074828035,0.18684365366416086,57.603261368433628,7.3744871492083242,42.34845348080357,33.696159623295458,202.30384037670447,3.5780543722829909,969.42194562771635,969.42194562771635,2626.512005633339,2551.4879943666656,2551.4879943666656,16.600000000000001
99,116,3.8916694539006014,28.265682359098399,44.260680329712152,3.0644142086424662,0.18629348536898269,57.591940492989501,7.3731060388979968,42.523565444389028,33.408043547543897,202.59195645245603,3.4906536662056489,969.5093463337937,969.5093463337937,2619.1505119333378,2558.8494880666667,2558.8494880666667,16.600000000000001
99.25,116,3.8844132264800173,28.292973792737417,44.107046850052825,3.0566330574028595,0.18575031389169921,57.580229609487958,7.3716959040025607,42.69864426516223,33.122447507534275,202.87755249246567,3.4054046228974038,969.59459537710188,969.59459537710188,2611.8110381939514,2566.1889618060532,2566.1889618060532,16.600000000000001
99.5,116,3.8772833139545368,28.320461185261006,43.953798623439887,3.0489095954802434,0.18521400821309195,57.568131897091071,7.3702566233719722,42.873689252403864,32.83935080166998,203.16064919832996,3.3222543945678122,969.6777456054316,969.6777456054316,2604.4935437573349,2573.5064562426696,2573.5064562426696,16.600000000000001
99.75,116,3.8702784638738188,28.348143619564489,43.800934288837958,3.0412429789081847,0.18468444055588476,57.555650497097574,7.3687880820104237,43.0486997125901,32.558732858504349,203.44126714149559,3.2411514120833145,969.75884858791596,969.75884858791596,2597.1979879889655,2580.8020120110391,2580.8020120110391,16.600000000000001
100,116,3.8633974376477611,28.376020184824533,43.64845250196786,3.0336323777299561,0.18416148628222972,57.542788513515468,7.3672901709692153,43.223674949535393,32.280573236893289,203.71942676310667,3.16204535502031,969.83795464497905,969.83795464497905,2589.9243302717196,2588.075669728285,2588.075669728285,16.600000000000001
100.25,116,3.8566390103878856,28.404089976489075,43.496351935109026,3.0260769757085018,0.18364502379874131,57.529549013615743,7.365762787231942,43.398614264536171,32.004851626103381,203.99514837389657,3.0848871224175429,969.91511287758181,969.91511287758181,2582.6725299999957,2595.3274700000084,2595.3274700000084,16.600000000000001
100.5,116,3.8500019707505908,28.432352096265088,43.34463127690389,3.0185759700428734,0.18313493446451307,57.515935028476882,7.3642058336006846,43.573516956511284,31.731547845893328,204.26845215410663,3.0096288041856973,969.99037119581362,969.99037119581362,2575.4425465740878,2602.5574534259167,2602.5574534259167,16.600000000000001
100.75,116,3.8434851207830416,28.460805652094439,43.193289232162286,3.0111285711067173,0.18263110250918077,57.50194955350657,7.3626192185704786,43.748382322144892,31.460641846540799,204.53935815345915,2.9362236532856509,970.06377634671367,970.06377634671367,2568.2343393945457,2609.7656606054588,2609.7656606054588,16.600000000000001
101,116,3.8370872757687096,28.489449758154464,43.042324521672775,3.0037340021518193,0.18213341493426,57.48759554899069,7.3610028562386507,43.923209656011927,31.192113708922552,204.80788629107741,2.8646260581184233,970.13537394188097,970.13537394188097,2561.0478678573818,2616.9521321426228,2616.9521321426228,16.600000000000001
101.25,116,3.8308072640762938,28.518283534836993,42.891735882012057,2.99639149904861,0.181641761431525,57.472875940606521,7.3593566661900187,44.097998250711385,30.925943644512571,205.07405635548739,2.7947915158066099,970.20520848419267,970.20520848419267,2553.8830913490219,2624.1169086509822,2624.1169086509822,16.600000000000001
101.5,116,3.8246439270101531,28.547306108728844,42.741522065356932,2.989100310027716,0.18115603430155394,57.457793619931678,7.3576805733872819,44.272747396994973,30.662111995366303,205.33788800463364,2.7266766060125009,970.27332339398686,970.27332339398686,2546.7399692415488,2631.2600307584557,2631.2600307584557,16.600000000000001
101.75,116,3.8185961186631183,28.576516612582953,42.591681839296626,2.9818596954397742,0.18067612838052,57.442351444933585,7.3559745080527019,44.44745638389692,30.400599234059079,205.59940076594086,2.660238965476589,970.33976103452278,970.33976103452278,2539.6184608879921,2638.3815391120124,2638.3815391120124,16.600000000000001
102,116,3.8126627057707143,28.605914185291645,42.442213986647779,2.9746689275150771,0.18020194096656478,57.426552240455955,7.354238405555674,44.62212449885908,30.14138596361342,205.85861403638651,2.5954372630486797,970.40456273695065,970.40456273695065,2532.5185256178916,2645.481474382113,2645.481474382113,16.600000000000001
102.25,116,3.8068425675658801,28.635497971872901,42.293117305273597,2.967527290106001,0.17973337173774936,57.410398798717424,7.3524722063196721,44.79675102784568,29.884452917447206,206.11554708255275,2.5322311750028108,970.4677688249966,970.4677688249966,2525.4401227333501,2652.5598772666544,2652.5598772666544,16.600000000000001
102.5,116,3.8011345956367637,28.665267123438372,42.144390607901997,2.960434078461545,0.17927032268473048,57.393893879778531,7.3506758557091603,44.971335255464162,29.629780959251224,206.37021904074874,2.4705813612035969,970.52941863879573,970.52941863879573,2518.3832115049349,2659.6167884950692,2659.6167884950692,16.600000000000001
102.75,116,3.7955376937857914,28.695220797164637,41.996032721946243,2.9533885990000011,0.17881269804219943,57.377040212007323,7.3488493039235383,45.145876465080818,29.377351082859821,206.62264891714014,2.4104494417196416,970.58955055827983,970.58955055827983,2511.3477511678593,2666.6522488321452,2666.6522488321452,16.600000000000001
103,116,3.7900507778912793,28.725358156252526,41.848042489325799,2.9463901691044367,0.17836040423048433,57.359840492521229,7.3469925058791317,45.320373938939049,29.127144412069651,206.8728555879303,2.351797974215347,970.64820202578403,970.64820202578403,2504.3337009181832,2673.6662990818213,2673.6662990818213,16.600000000000001
103.25,116,3.7846727757692071,28.755678369902313,41.70041876629147,2.9394381168950661,0.17791334978622753,57.342297387647136,7.3451054211136029,45.494826958266621,28.879142200490353,207.12085779950957,2.2945904314340413,970.7054095685653,970.7054095685653,2497.3410199094515,2680.6589800905531,2680.6589800905531,16.600000000000001
103.5,116,3.7794026270370376,28.786180613282387,41.553160423251605,2.9325317810154674,0.17747144529909634,57.324413533365956,7.3431880136849701,45.669234803383027,28.633325831360374,207.36667416863958,2.2387911793099429,970.76120882068938,970.76120882068938,2490.3696672494184,2687.6303327505861,2687.6303327505861,16.600000000000001
103.75,116,3.7742392829794809,28.816864067492542,41.406266344599224,2.9256705104307414,0.17703460335363916,57.306191535743537,7.3412402520666449,45.843596753806331,28.389676817331679,207.61032318266828,2.1843654556720593,970.81563454432739,970.81563454432739,2483.4196019968831,2694.580398003121,2694.580398003121,16.600000000000001
104,116,3.7691817064157926,28.847727919526708,41.259735428541049,2.9188536642290677,0.17660273847265381,57.287633971355724,7.3392621090445846,46.017912088357043,28.148176800237145,207.85182319976283,2.1312793494328024,970.86872065056662,970.86872065056662,2476.4907831587007,2701.5092168413034,2701.5092168413034,16.600000000000001
104.25,116,3.7642288715691974,28.878771362228516,41.113566586927298,2.9120806114361306,0.1761757670671279,57.268743387698976,7.3372535616089021,46.19218008526169,27.908807550818441,208.09119244918153,2.0794997804598698,970.92050021953946,970.92050021953946,2469.5831696869336,2708.4168303130709,2708.4168303130709,16.600000000000001
104.5,116,3.7593797639362929,28.909993594262023,40.967758745085483,2.9053507308125028,0.17575360737546403,57.249522303613666,7.3352145908646884,46.366400022248321,27.671550968494945,208.32844903150502,2.0289944793499926,970.97100552064944,970.97100552064944,2462.6967204762313,2715.3032795237732,2715.3032795237732,16.600000000000001
104.75,116,3.7546333801590261,28.941393820070399,40.822310841654293,2.898663410670316,0.1753361794130226,57.229973209687181,7.3331451819317932,46.540571176643518,27.436389081076221,208.56361091892373,1.9797319680401024,971.02026803195929,971.02026803195929,2455.8313943613175,2722.168605638687,2722.168605638687,16.600000000000001
105,116,3.7499887278979838,28.972971249835517,40.677221828419341,2.8920180486918081,0.17492340492193745,57.210098568652704,7.3310453238479161,46.714692825466422,27.203304044464968,208.79669595553497,1.931681540798976,971.06831845920033,971.06831845920033,2448.9871501146208,2729.0128498853837,2729.0128498853837,16.600000000000001
105.25,116,3.7454448257075144,29.004725099432761,40.532490670150118,2.8854140517591214,0.17451520732567105,57.189900815774884,7.3289150094682816,46.888764245522047,26.97227814233154,209.02772185766841,1.884813245794104,971.11518675420518,971.11518675420518,2442.1639464440314,2735.8360535559732,2735.8360535559732,16.600000000000001
105.5,116,3.7410007029121908,29.036654590386298,40.388116344438671,2.8788508357860958,0.17411151168414632,57.169382359231221,7.3267542353681092,47.06278471349188,26.743293785777624,209.25670621422231,1.8390978670386695,971.16090213296081,971.16090213296081,2435.3617419908028,2742.6382580092018,2742.6382580092018,16.600000000000001
105.75,116,3.7366553994837521,29.068758949833786,40.244097841541183,2.8723278255367264,0.17371224464239765,57.148545580503288,7.3245630017584142,47.236753506018111,26.516333513018903,209.48366648698104,1.7945069063929124,971.20549309360638,971.20549309360638,2428.580495327657,2749.4195046723471,2749.4195046723471,16.600000000000001
106,116,3.7324079659204439,29.101037410479826,40.100434164219855,2.8658444544656159,0.17331733438897651,57.127392834745095,7.3223413123906713,47.410669899789916,26.291379989018896,209.70862001098104,1.7510125663467375,971.2489874336527,971.2489874336527,2421.8201649569523,2756.1798350430522,2756.1798350430522,16.600000000000001
106.25,116,3.7282574631274681,29.133489210551907,39.957124327586683,2.8594001645569551,0.17292671061334358,57.105926451150275,7.3200891744664904,47.584533171626362,26.068416005119307,209.93158399488064,1.7085877330927186,971.29141226690672,971.29141226690672,2415.0807093089998,2762.9192906910048,2762.9192906910048,16.600000000000001
106.5,116,3.7242029622993869,29.166113593750367,39.81416735894836,2.8529944061751986,0.17254030446892463,57.084148733306073,7.3178065985430925,47.758342598558464,25.847424478635666,210.15257552136424,1.6672059602520082,971.33279403974745,971.33279403974745,2408.362086740538,2769.6379132594661,2769.6379132594661,16.600000000000001
106.75,116,3.720243544802976,29.198909809206366,39.671562297653459,2.8466266379066205,0.1721580485306321,57.062061959553354,7.3154935984490201,47.93209745790702,25.628388452474393,210.37161154752553,1.626841452565956,971.37315854743349,971.37315854743349,2401.6642555332824,2776.3357444667217,2776.3357444667217,16.600000000000001
107,116,3.7163783020616252,29.23187711143747,39.52930819494113,2.8402963264071679,0.1717798767551571,57.03966838333853,7.3131501911992922,48.105797027358832,25.411291094729947,210.58870890526998,1.5874690500532693,971.41253094994624,971.41253094994624,2394.9871738926072,2783.0128261073969,2783.0128261073969,16.600000000000001
107.25,116,3.712606335441345,29.265014760300165,39.387404113790943,2.8340029462576051,0.17140572444457605,57.016970233556258,7.3107763969092279,48.279440585041499,25.196115698259742,210.8038843017402,1.5490642126602547,971.45093578733918,971.45093578733918,2388.3307999463559,2789.6692000536486,2789.6692000536486,16.600000000000001
107.5,116,3.7089267561380419,29.298322020942393,39.245849128774331,2.8277459798213256,0.17103552821082929,56.993969714887363,7.3083722387100991,48.45302740959616,24.982845680249039,211.01715431975089,1.5116030052543927,971.48839699474513,971.48839699474513,2381.6950917437621,2796.3049082562425,2796.3049082562425,16.600000000000001
107.75,116,3.7053386850665477,29.331798163751571,39.104642325907193,2.8215249171113204,0.17066922594469502,56.970669008125817,7.3059377426620102,48.626556780249068,24.771464581748088,211.22853541825182,1.4750620831899612,971.52493791680956,971.52493791680956,2375.080007254523,2802.9199927454815,2802.9199927454815,16.600000000000001
108,116,3.7018412527497881,29.365442464312576,38.963782802504845,2.8153392556453363,0.1703067567774364,56.947070270514814,7.3034729376786345,48.800027976879029,24.561956067240512,211.43804393275943,1.4394186776598474,971.56058132233954,971.56058132233954,2368.4855043678826,2809.5144956321219,2809.5144956321219,16.600000000000001
108.25,116,3.6984335992099577,29.399254203358673,38.82326966703792,2.8091885003138257,0.1699480610490208,56.923175636068478,7.3009778554465008,48.973440280084361,24.35430392417398,211.64569607582595,1.4046505817462696,971.59534941825325,971.59534941825325,2361.9115408918792,2816.0884591081249,2816.0884591081249,16.600000000000001
108.5,116,3.6951148738608395,29.433232666723104,38.683102038989681,2.8030721632495155,0.16959308027661438,56.898987215889875,7.2984525303465855,49.146792971247827,24.148492062484735,211.85150793751518,1.3707361367492787,971.62926386325023,971.62926386325023,2355.3580745526879,2822.6419254473167,2822.6419254473167,16.600000000000001
108.75,116,3.6918842354015764,29.467377145288705,38.543279048714815,2.7969897637032184,0.16924175712550327,56.874507098480947,7.2958969993756018,49.320085332600016,23.944504514104626,212.05549548589531,1.3376542189493084,971.66234578105013,971.66234578105013,2348.8250629940794,2829.1749370059247,2829.1749370059247,16.600000000000001
109,116,3.6887408517116396,29.501686934937371,38.40379983729958,2.7909408279223031,0.16889403538088871,56.849737350047739,7.2933113020687497,49.493316647280842,23.742325432459381,212.25767456754053,1.305384226677279,971.69461577332208,971.69461577332208,2342.3124637769783,2835.6875362230262,2835.6875362230262,16.600000000000001
109.25,116,3.6856838997462864,29.536161336505351,38.26466355642377,2.7849248890209926,0.16854985991565016,56.824680014811669,7.2906954804297479,49.666486199398278,23.541939091984801,212.45806090801514,1.2739060673138058,971.72609393268556,971.72609393268556,2335.8202343790258,2842.1797656209787,2842.1797656209787,16.600000000000001
109.5,116,3.6827125654338979,29.570799655732561,38.125869368223725,2.7789414868639701,0.16820917666379215,56.799337115305725,7.2880495788565058,49.839593274086369,23.343329887608551,212.65667011239137,1.2432001449534327,971.75679985504598,971.75679985504598,2329.3483321943104,2848.6516678056942,2848.6516678056942,16.600000000000001
109.75,116,3.6798260435742942,29.605601203213439,37.987416445156839,2.7729901679495179,0.16787193259336688,56.77371065266933,7.2853736440698125,50.01263715756123,23.146482334231244,212.85351766576869,1.2132473482572523,971.78675265174218,971.78675265174218,2322.8967145331644,2855.1032854668401,2855.1032854668401,16.600000000000001
110,116,3.6770235377385942,29.640565294344835,37.849303969867293,2.7670704852990022,0.16753807568271337,56.747802606934798,7.2826677250409659,50.185617137175328,22.951381066184815,213.04861893381511,1.1840290388187844,971.8159709611806,971.8159709611806,2316.4653386221153,2861.5346613778893,2861.5346613778893,16.600000000000001
110.25,116,3.6743042601696381,29.675691249278135,37.711531135053363,2.7611819983430235,0.16720755489375455,56.721614937315394,7.2799318729243989,50.358532501470158,22.758010836705676,213.24198916329425,1.1555270394711505,971.84447296052826,971.84447296052826,2310.0541616038081,2867.9458383961965,2867.9458383961965,16.600000000000001
110.5,116,3.6716674316835936,29.710978392870896,37.574097143336054,2.7553242728105078,0.16688032014643525,56.695149582488511,7.2771661409912802,50.531382540227305,22.566356517398493,213.43364348260144,1.1277236229019565,971.87227637709748,971.87227637709748,2303.6631405370108,2874.3368594629937,2874.3368594629937,16.600000000000001
110.75,116,3.6691122815729313,29.74642605463664,37.437001207128972,2.7494968806225386,0.16655632229548045,56.66840846087235,7.2743705845629156,50.70416654451784,22.376403097683614,213.62359690231631,1.1006015006791319,971.89939849932034,971.89939849932034,2297.2922323967505,2880.7077676032536,2880.7077676032536,16.600000000000001
111,116,3.6666380475104581,29.782033568694949,37.30024254850953,2.7436993997882149,0.16623551310757587,56.641393470898748,7.2715452609457474,50.876883806750278,22.188135684239626,213.81186431576029,1.0741438125142493,971.92585618748501,971.92585618748501,2290.9413940745053,2887.0586059254993,2887.0586059254993,16.600000000000001
111.25,116,3.6642439754548013,29.81780027371904,37.163820399091513,2.7379314143073068,0.16591784524144101,56.614106491277354,7.2686902293654976,51.049533620716979,22.001539500426102,213.99846049957381,1.0483341159940698,971.95166588400537,971.95166588400537,2284.6105823785419,2893.3894176214626,2893.3894176214626,16.600000000000001
111.5,116,3.661929319556076,29.853725512889653,37.027733999898864,2.7321925140637315,0.16560327222311275,56.586549381267375,7.2658055509079711,51.222115281639034,21.816599885733865,214.18340011426605,1.0231563760352373,971.9768436239641,971.9768436239641,2278.2997540341439,2899.7002459658606,2899.7002459658606,16.600000000000001
111.75,116,3.6596933420631972,29.889808633844837,36.891982601240919,2.7264822947285934,0.16529174842546027,56.558723980937856,7.2628912884576069,51.39462808620965,21.633302295207486,214.36669770479241,0.99859495492904327,972.00140504507033,972.00140504507033,2272.0088656840176,2905.991134315987,2905.991134315987,16.600000000000001
112,116,3.6575353132321906,29.926048988630239,36.756565462588654,2.720800357664487,0.16498322904794138,56.530632111425085,7.259947506637662,51.56707133263626,21.45163229886472,214.54836770113519,0.9746346025875311,972.02536539741186,972.02536539741186,2265.7378738887514,2912.2621261112531,2912.2621261112531,16.600000000000001
112.25,116,3.6554545112354861,29.962445933649793,36.621481852452419,2.7151463098312316,0.16467767009668419,56.502275575186751,7.2569742717519219,51.739444320681088,21.271575581112511,214.72842441888739,0.95126044699553691,972.04873955300388,972.04873955300388,2259.4867351273215,2918.5132648726831,2918.5132648726831,16.600000000000001
112.5,116,3.6534502220725762,29.998998829614511,36.486731048260829,2.7095197636970645,0.16437502836690385,56.473656156248886,7.2539716517263457,51.911746351700067,21.093117940145479,214.90688205985444,0.92845798510094313,972.07154201489834,972.07154201489834,2253.2554057977445,2924.74459420226,2924.74459420226,16.600000000000001
112.75,116,3.6515217394812947,30.035707041493684,36.352312336240836,2.7039203371476765,0.16407526142384876,56.444775620453434,7.2509397160534226,52.083976728680874,20.916245287354347,215.08375471264554,0.90621307368259418,972.09378692631674,972.09378692631674,2247.0438422176821,2930.9561577823224,2930.9561577823224,16.600000000000001
113,116,3.6496683648499757,30.072569938466884,36.218225011299047,2.6983476533957735,0.1637783275836231,56.415635715703679,7.2478785357382245,52.256134756279742,20.740943646734717,215.25905635326521,0.88451192035430537,972.11548807964505,972.11548807964505,2240.8520006250692,2937.1479993749354,2937.1479993749354,16.600000000000001
113.25,116,3.6478894071309713,30.109586893873914,36.08446837690424,2.6928013408964029,0.16348418589651703,56.386238172202141,7.2447881832441672,52.428219740856626,20.567199154277596,215.43280084572231,0.86334107501779445,972.13665892498148,972.13665892498148,2234.6798371788846,2943.32016282112,2943.32016282112,16.600000000000001
113.5,116,3.6461841827550305,30.146757285165545,35.951041744971064,2.6872810332628188,0.16319279613023163,56.356584702686312,7.2416687324403757,52.600230990509289,20.394998057360404,215.60500194263952,0.84268742144701081,972.15731257855225,972.15731257855225,2228.5273079599447,2949.4726920400599,2949.4726920400599,16.600000000000001
113.75,116,3.6445520155465334,30.184080493855404,35.817944435744991,2.6817863691823609,0.16290411875281344,56.326677002662827,7.238520258551147,52.772167815105952,20.224326714138304,215.77567328586161,0.82253816901609067,972.17746183098325,972.17746183098325,2222.3943689717266,2955.6056310282779,2955.6056310282779,16.600000000000001
114,116,3.6429922366393916,30.221555905474446,35.685175777688578,2.6763169923294319,0.16261811491395659,56.296516750642724,7.235342838109065,52.944029526316349,20.055171592942806,215.94482840705712,0.80288084446427488,972.19711915553501,972.19711915553501,2216.2809761412018,2961.7190238588028,2961.7190238588028,16.600000000000001
114.25,116,3.6415041843948082,30.259182909517783,35.552735107368385,2.6708725512942992,0.16233474643335549,56.266105608359695,7.2321365489014635,53.115815437642894,19.887519271642912,216.11248072835701,0.78370328436270664,972.21629671563664,972.21629671563664,2210.1870853198311,2967.8129146801734,2967.8129146801734,16.600000000000001
114.5,116,3.6400872043192867,30.296960899397611,35.420621769343398,2.6654526995027723,0.16205397578455569,56.235445220995715,7.2289014699238789,53.287524864449772,19.721356437028724,216.27864356297118,0.76499362739079246,972.2350063726085,972.2350063726085,2204.1126522845143,2973.8873477154903,2973.8873477154903,16.600000000000001
114.75,116,3.6387406489836964,30.334889272395074,35.288835116054528,2.6600570951395097,0.16177576608021982,56.204537217401445,7.2256376813334322,53.459157123990963,19.556669884186952,216.44333011581296,0.74674030687432769,972.25325969312496,972.25325969312496,2198.0576327385966,2979.942367261408,2979.942367261408,16.600000000000001
115,116,3.6374638779432762,30.372967429612199,35.157374507715168,2.6546854010732757,0.16150008105800653,56.17338321031319,7.222345264403093,53.630711535437364,19.393446515872718,216.6065534841272,0.72893204351994645,972.27106795647944,972.27106795647944,2192.0219823129169,2985.9780176870877,2985.9780176870877,16.600000000000001
115.25,116,3.6362562576581845,30.41119477592672,35.026239312203074,2.649337284781514,0.16122688506447141,56.141984796569055,7.2190243014792328,53.802187419902751,19.231673341893259,216.76832665810664,0.71155783812294582,972.28844216187645,972.28844216187645,2186.005656566821,2991.9943434331835,2991.9943434331835,16.600000000000001
115.5,116,3.6351171614154913,30.449570719942873,34.895428904953,2.6440124182798117,0.16095614304304734,56.110343557318728,7.2156748759367639,53.973584100468742,19.071337478466969,216.92866252153294,0.6946069647632801,972.30539303523608,972.30539303523608,2180.0086109893182,2997.9913890106864,2997.9913890106864,16.600000000000001
115.75,116,3.6340459692519684,30.488094673942978,34.764942668850573,2.6387104780523227,0.16068782052185651,56.078461058230822,7.2122970721358133,54.144900902208704,18.912426147583602,217.08757385241631,0.67806896412359896,972.32193103587576,972.32193103587576,2174.030801000265,3003.9691989997395,3003.9691989997395,16.600000000000001
116,116,3.6330420678775219,30.526766053841051,34.634779994127229,2.6334311449822332,0.16042188360038667,56.046338849698756,7.2088909753808288,54.316137152210651,18.754926676371653,217.24507332362825,0.66193363684365514,972.33806636315569,972.33806636315569,2168.0721819515193,3009.9278180484853,3009.9278180484853,16.600000000000001
116.25,116,3.6321048505995956,30.565584279135766,34.504940278256214,2.6281741042843145,0.16015829893724695,56.013978467043025,7.2054566718799986,54.487292179599301,18.598826496459573,217.40117350354035,0.64619103709758752,972.35380896290178,972.35380896290178,2162.1327091281596,3015.8672908718449,3015.8672908718449,16.600000000000001
116.5,116,3.6312337172483047,30.604548772864607,34.375422925849612,2.6229390454372377,0.15989703373748709,55.981381430712311,7.2019942487064856,54.658365315556956,18.444113143339742,217.55588685666015,0.63083146626187114,972.36916853373748,972.36916853373748,2156.2123377497023,3021.7876622503018,3021.7876622503018,16.600000000000001
116.75,116,3.6304280741022916,30.643658961559208,34.246227348556602,2.6177256621155105,0.1596380557394112,55.94854924648353,7.1985037937615379,54.829355893343504,18.290774255735666,217.70922574426422,0.61584546666523643,972.38415453333403,972.38415453333403,2150.3110229713357,3027.6889770286689,3027.6889770286689,16.600000000000001
117,116,3.629687333815995,30.682914275196218,34.117352964962272,2.612533652130729,0.15938133320573183,55.91548340565128,7.1949853957342205,55.000263248315861,18.138797574945464,217.86120242505442,0.60122381583057904,972.39877618416881,972.39877618416881,2144.4287198852667,3033.5712801147374,3033.5712801147374,16.600000000000001
117.25,116,3.6290109153472314,30.722314147152488,33.988799200487875,2.6073627173671508,0.15912683491158283,55.88218538522149,7.1914391440657939,55.171086717946196,17.988170944203567,218.01182905579634,0.58695752056887729,972.41304247943037,972.41304247943037,2138.5653835220164,3039.4346164779881,3039.4346164779881,16.600000000000001
117.5,116,3.6283982438857172,30.761858014159507,33.860565487291844,2.6022125637201872,0.15887453013368719,55.848656648100842,7.1878651289140985,55.341825641839428,17.838882308036624,218.16111769196326,0.57303781128833586,972.42696218871106,972.42696218871106,2132.7209688517546,3045.2790311482499,3045.2790311482499,16.600000000000001
117.75,116,3.6278487507823924,30.801545316258068,33.732651264171942,2.5970829010360736,0.15862438863983563,55.814898643283584,7.1842634411188318,55.512479361749826,17.69091971161842,218.30908028838147,0.55945613644613312,972.44054386355322,972.44054386355322,2126.8954307856561,3051.104569214348,3051.104569214348,16.600000000000001
118,116,3.6273618734794471,30.841375496754317,33.605055976468407,2.5919734430501986,0.15837638067769877,55.780912806038295,7.1806341721692242,55.683047221596269,17.544271300126727,218.45572869987319,0.54620415708653702,972.45379584291277,972.45379584291277,2121.0887241772875,3056.911275822717,3056.911275822717,16.600000000000001
118.25,116,3.6269370554412919,30.881348002174114,33.477779075967938,2.586883907330972,0.15813047696560653,55.746700558087973,7.1769774141699214,55.853528567477682,17.398925318094818,218.60107468190509,0.53327374160157481,972.46672625839778,972.46672625839778,2115.3008038239973,3062.6991961760068,3062.6991961760068,16.600000000000001
118.5,116,3.6265737460862342,30.921462282218382,33.350820020808627,2.5818140152229638,0.15788664868290195,55.71226330778947,7.1732932598088279,56.023922747687308,17.254870108764536,218.74512989123536,0.5206569605854563,972.47934303941395,972.47934303941395,2109.5316244683372,3068.4683755316673,3068.4683755316673,16.600000000000001
118.75,116,3.6262714007188914,30.961717789719192,33.224178275385952,2.5767634917902886,0.1576448674602422,55.67760245031134,7.1695818023262738,56.194229112725999,17.112094113439859,218.88790588656002,0.50834608179985685,972.49165391819952,972.49165391819952,2103.7811407994895,3074.218859200515,3074.218859200515,16.600000000000001
119,116,3.6260294804633784,31.002113980595855,33.097853310259694,2.5717320657614966,0.15740510537033675,55.642719367808887,7.1658431354847378,56.364447015314937,16.970585870839837,219.02941412916007,0.4963335652733854,972.50366643472591,972.50366643472591,2098.049307454723,3079.9506925452815,3079.9506925452815,16.600000000000001
119.25,116,3.6258474521972457,31.042650313811041,32.971844602061651,2.5667194694770976,0.15716733491911719,55.607615429595455,7.1620773535387547,56.534575810408029,16.830334016452234,219.16966598354765,0.48461205851673056,972.51538794148269,972.51538794148269,2092.3360790208308,3085.6639209791733,3085.6639209791733,16.600000000000001
119.5,116,3.6257247884861545,31.083326251327186,32.846151633404325,2.5617254388381796,0.15693152903715327,55.572291992311278,7.1582845512055986,56.704614855203559,16.691327281887407,219.30867271811249,0.4731743918557641,972.52682560814367,972.52682560814367,2086.641410035586,3091.3585899644186,3091.3585899644186,16.600000000000001
119.75,116,3.6256609675192726,31.124141258063894,32.72077389279066,2.5567497132513486,0.15669766107074187,55.536750400094704,7.1544648236385324,56.874563509154115,16.553554494229857,219.44644550577004,0.46201357389571968,972.53798642610366,972.53798642610366,2080.9652549892708,3097.0347450107338,3097.0347450107338,16.600000000000001
120,116,3.6256554730454038,31.16509480185487,32.595710874524499,2.5517920355794232,0.15646570477379054,55.50099198474647,7.1506182663989843,57.04442113397694,16.417004575392635,219.58299542460722,0.4511227870825788,972.54887721291675,972.54887721291675,2075.307568326155,3102.6924316738496,3102.6924316738496,16.600000000000001
120.25,116,3.625707794309827,31.206186353405329,32.470962078621959,2.5468521520917946,0.15623563429976794,55.465018065893233,7.1467449754299732,57.214187093663377,16.281666541471445,219.71833345852843,0.44049538337929106,972.55950461662019,972.55950461662019,2069.6683044459983,3108.3316955540063,3108.3316955540063,16.600000000000001
120.5,116,3.6258174259918357,31.247415386249816,32.346527010723754,2.5419298124152752,0.15600742419378186,55.428829951149247,7.1428450470304101,57.383860754487635,16.147529502099502,219.85247049790038,0.4301248800446773,972.56987511995476,972.56987511995476,2064.0474177055671,3113.9525822944374,3113.9525822944374,16.600000000000001
120.75,116,3.6259838681428875,31.288781376711245,32.222405182008423,2.5370247694815986,0.15578104938405893,55.392428936280169,7.1389185778315998,57.553441485014261,16.014582659805107,219.98541734019477,0.42000495547105476,972.57999504452846,972.57999504452846,2058.4448624201691,3119.555137579835,3119.555137579835,16.600000000000001
121,116,3.6262066261256187,31.330283803858258,32.098596109106239,2.532136779484587,0.15555648517527731,55.355816305356221,7.1349656647713982,57.722928656106383,15.882815309365776,220.1171846906341,0.41012944521891775,972.58987055478053,972.58987055478053,2052.8605928651737,3125.1394071348304,3125.1394071348304,16.600000000000001
121.25,116,3.6264852105534326,31.371922149463945,31.975099314014056,2.5272656018332631,0.15533370724116483,55.31899333090815,7.1309864050707672,57.8923216409327,15.752216837165586,220.24778316283428,0.40049233809836099,972.59950766190104,972.59950766190104,2047.2945632775468,3130.7054367224578,3130.7054367224578,16.600000000000001
121.5,116,3.6268191372307692,31.413695897964999,31.851914324011037,2.5224109991054631,0.15511269161722221,55.281961274081503,7.126980896211121,58.06161981497376,15.622776720553638,220.37722327944624,0.39108777234449182,972.60891222765497,972.60891222765497,2041.7467278573974,3136.2532721426069,3136.2532721426069,16.600000000000001
121.75,116,3.6272079270940436,31.455604536420939,31.729040671575174,2.5175727370028791,0.15489341469374412,55.244721384788349,7.122949235912122,58.230822556027832,15.494484527203245,220.50551547279665,0.38191003189480699,972.61808996810475,972.61808996810475,2036.2170407695273,3141.782959230477,3141.782959230477,16.600000000000001
122,116,3.6276511061532379,31.497647554473627,31.606477894300603,2.5127505843081779,0.15467585320904387,55.207274901855868,7.1188915221098155,58.399929244216587,15.367329914473213,220.63267008552666,0.37295354274810505,972.62704645725125,972.62704645725125,2030.7054561449645,3147.29454385504,3147.29454385504,16.600000000000001
122.25,116,3.6281482054341483,31.539824444307094,31.484225534815753,2.5079443128420165,0.15445998424282453,55.169623053173872,7.1148078529356225,58.568939261990018,15.241302628769748,220.75869737123014,0.36421286942130765,972.63578713057814,972.63578713057814,2025.2119280825141,3152.7880719174905,3152.7880719174905,16.600000000000001
122.5,116,3.6286987609212833,31.582134700607757,31.362283140702345,2.5031536974190072,0.15424578520966997,55.131767055842239,7.1106983266964079,58.73785199413043,15.116392504908347,220.88360749509155,0.35568271151029962,972.64431728848922,972.64431728848922,2019.7364106503364,3158.2635893496681,3158.2635893496681,16.600000000000001
122.75,116,3.6293023135013853,31.624577820524813,31.240650264415137,2.4983785158068343,0.15403323385275519,55.093708116314161,7.106563041854578,58.906666827756631,14.992589465478849,221.007410534521,0.34735790031640096,972.65264209968302,972.65264209968302,2014.2788578874947,3163.7211421125098,3163.7211421125098,16.600000000000001
123,116,3.6299584089075867,31.667153303630954,31.119326463202444,2.4936185486853688,0.15382230823769616,55.055447430538351,7.1024020970089312,59.075383152327312,14.869883520211422,221.13011647978846,0.33923339556365495,972.66076660443571,972.66076660443571,2008.8392238055133,3169.1607761944915,3169.1607761944915,16.600000000000001
123.25,116,3.6306665976641752,31.709860651883435,30.998311299027474,2.4888735796065133,0.15361298674650015,55.016986184099331,7.0982155908761619,59.244000359644112,14.748264765344347,221.25173523465554,0.33130428219271707,972.6686957178066,972.6686957178066,2003.417462389933,3174.5825376100715,3174.5825376100715,16.600000000000001
123.5,116,3.6314264350319503,31.752699369585713,30.877604338490421,2.4841433949547271,0.15340524807140773,54.978325552356161,7.0940036222730889,59.412517843854289,14.627723382994727,221.37227661700516,0.32356576720759089,972.67643423279185,972.67643423279185,1998.0135276018596,3179.9864723981445,3179.9864723981445,16.600000000000001
123.75,116,3.6322374809542564,31.795668963348717,30.757205152751293,2.4794277839083994,0.15319907120949325,54.939466700579089,7.0897662900990159,59.580935001452808,14.508249640527875,221.49175035947204,0.31601317666615047,972.68398682333327,972.68398682333327,1992.6273733795315,3185.3726266204726,3185.3726266204726,16.600000000000001
124,116,3.6330993000035625,31.838768942052845,30.637113317453526,2.4747265384018524,0.15299443545699035,54.900410784084713,7.0855036933189286,59.749251231284099,14.389833889930546,221.61016611006934,0.30864195270278688,972.6913580472966,972.6913580472966,1987.2589536398739,3190.74104636013,3190.74104636013,16.600000000000001
124.25,116,3.6340114613286501,31.881998816810221,30.51732841264834,2.4700394530880532,0.15279132040379098,54.861158948369244,7.0812159309471943,59.917465934543486,14.272466567185802,221.72753343281408,0.3014476506296544,972.69855234936972,972.69855234936972,1981.9082222800498,3196.0917777199547,3196.0917777199547,16.600000000000001
124.5,116,3.6349735386023805,31.925358100927234,30.397850022719801,2.4653663253020115,0.15258970592810336,54.821712329240228,7.0769031020317659,60.085578514778184,14.156138191649667,221.84386180835023,0.2944259361134956,972.70557406388593,972.70557406388593,1976.5751331790084,3201.4248668209957,3201.4248668209957,16.600000000000001
124.75,116,3.6359851099700196,31.968846309867441,30.278677736310691,2.4607069550221228,0.15238957219112653,54.782072052949246,7.0725653056392312,60.253588377887681,14.04083936543098,221.95916063456892,0.28757258240518213,972.7124274175942,972.7124274175942,1971.2596401990347,3206.7403598009696,3206.7403598009696,16.600000000000001
125,116,3.6370457579981639,32.012462961214737,30.159811146248988,2.4560611448352794,0.15219089963197469,54.742239236319804,7.0682026408399716,60.421494932124084,13.926560772771884,222.07343922722799,0.28088346765920913,972.71911653234019,972.71911653234019,1965.9616971872911,3212.038302812713,3212.038302812713,16.600000000000001
125.25,116,3.6381550696242515,32.056207574636609,30.041249849475168,2.4514286999036172,0.15199366896276253,54.702214986872725,7.0638152066937039,60.58929758809213,13.813293179430005,222.18670682056987,0.27435457232750937,972.72564542767191,972.72564542767191,1960.6812579773566,3217.3187420226473,3217.3187420226473,16.600000000000001
125.5,116,3.6393126361065966,32.100079671847944,29.922993446970146,2.4468094279288715,0.15179786116368779,54.662000402952863,7.0594031022358559,60.756995758748687,13.701027432064052,222.29897256793583,0.26798197659931944,972.73201802340009,972.73201802340009,1955.4182763907634,3222.5817236092407,3222.5817236092407,16.600000000000001
125.75,116,3.6405180529749868,32.144078776575043,29.805041543683945,2.4422031391183099,0.15160345747826892,54.621596573853353,7.0549664264642971,60.924588859401929,13.589754457621243,222.41024554237862,0.26176185791221024,972.7382381420872,972.7382381420872,1950.172706238526,3227.8272937614784,3227.8272937614784,16.600000000000001
126,116,3.6417709199818344,32.188204414519923,29.687393748465059,2.4376096461523096,0.15141043940867283,54.581004579937222,7.0505052783263871,61.092076307710457,13.479465262727187,222.5205347372727,0.25569048852062526,972.74430951147872,972.74430951147872,1944.9445013226584,3233.0554986773459,3233.0554986773459,16.600000000000001
126.25,116,3.6430708410538579,32.232456113324915,29.570049673990415,2.4330287641552859,0.15121878871110003,54.5402254927548,7.0460197567061149,61.259457523682386,13.37015093307874,222.62984906692114,0.24976423311270601,972.7502357668867,972.7502357668867,1939.7336154376667,3238.2663845623374,3238.2663845623374,16.600000000000001
126.5,116,3.6444174242443115,32.276833402537562,29.45300893669619,2.4284603106587452,0.15102848739142333,54.499260375167914,7.0415099604127613,61.426731929673068,13.261802632837426,222.73819736716246,0.24397954652484122,972.75602045347443,972.75602045347443,1934.5400023720933,3243.4599976279105,3243.4599976279105,16.600000000000001
126.75,116,3.6458102816857352,32.321335813575786,29.336271156709156,2.423904105571399,0.15083951770081316,54.458110281466226,7.0369759881691571,61.593898950383355,13.154411604026659,222.84558839597321,0.2383329714849059,972.76166702851447,972.76166702851447,1929.363615910009,3248.6363840899953,3248.6363840899953,16.600000000000001
127,116,3.6472490295432345,32.365962879693349,29.219835957778741,2.4193599711486744,0.15065186213148396,54.416776257483221,7.0324179386004877,61.7609580128575,13.047969165931216,222.95203083406867,0.23282113641759764,972.76717886358176,972.76717886358176,1924.2044098325064,3253.7955901674977,3253.7955901674977,16.600000000000001
127.25,116,3.6487332879682706,32.410714135945632,29.103702967209752,2.4148277319624856,0.15046550341253662,54.375259340711033,7.0278359102235592,61.927908546480722,12.942466714499153,223.05753328550071,0.22744075330567953,972.77255924669373,972.77255924669373,1919.0623379191879,3258.9376620808166,3258.9376620808166,16.600000000000001
127.5,116,3.6502626810529248,32.45558911915591,28.987871815795756,2.4103072148678284,0.150280424505705,54.333560560417588,7.0232300014370184,62.094749982976197,12.837895721747524,223.16210427825237,0.222188615583719,972.77781138441571,972.77781138441571,1913.9373539496514,3264.0626460503531,3264.0626460503531,16.600000000000001
127.75,116,3.6518368367847285,32.500587367881579,28.872342137753069,2.4057982489754686,0.15009660860147531,54.291680937756709,7.0186003105111059,62.261481756402269,12.734247735168877,223.26575226483098,0.21706159611630524,972.78293840388312,972.78293840388312,1908.8294117049577,3269.1705882950469,3269.1705882950469,16.600000000000001
128,116,3.6534553870019857,32.545708422380692,28.757113570655399,2.401300665624202,0.14991403911524495,54.249621485877839,7.0139469355779553,62.428103303149463,12.631514377140725,223.36848562285914,0.21205664522213802,972.78794335477733,972.78794335477733,1903.7384649690937,3274.2615350309111,3274.2615350309111,16.600000000000001
128.25,116,3.6551179673495566,32.59095182457898,28.642185755369155,2.3968142983512055,0.14973269968344541,54.207383210036767,7.0092699746226037,62.594614061936916,12.529687344338436,223.47031265566144,0.2071707887345344,972.7928292112648,972.7928292112648,1898.6644675304269,3279.3355324695776,3279.3355324695776,16.600000000000001
128.5,116,3.6568242172351502,32.636317118037091,28.527558335989337,2.3923389828638659,0.14955257415979839,54.164967107704051,7.0045695254742375,62.761013473808802,12.42875840715052,223.57124159284936,0.20240112611657651,972.79759887388275,972.79759887388275,1893.6073731831546,3284.3926268168502,3284.3926268168502,16.600000000000001
128.75,116,3.6585737797860913,32.681803847917969,28.413230959776072,2.3878745570124851,0.14937364661171723,54.122374168671698,6.999845685797542,62.927300982130582,12.328719409096975,223.67128059090288,0.19774482861830672,972.80225517138115,972.80225517138115,1888.5671357287301,3289.4328642712744,3289.4328642712744,16.600000000000001
129,116,3.6603663018065684,32.727411560954508,28.299203277091671,2.3834208607638869,0.14919590131685639,54.079605375158138,6.9950985530841656,63.093476032585372,12.229562266250733,223.77043773374911,0.193199137474515,972.80680086252482,972.80680086252482,1883.5437089772747,3294.4562910227301,3294.4562910227301,16.600000000000001
129.25,116,3.6622014337353566,32.773139805417856,28.185474941338505,2.3789777361732685,0.14901932275942587,54.036661701914056,6.990328224645654,63.259538073169182,12.131278966660462,223.8687210333394,0.18876136217416897,972.81123863782523,972.81123863782523,1878.5370467490193,3299.4629532509853,3299.4629532509853,16.600000000000001
129.5,116,3.6640788296040054,32.81898813108559,28.072045608897263,2.3745450273583626,0.14884389562685896,53.99354411632514,6.9855347976057116,63.425486554186755,12.033861569777473,223.96613843022237,0.18442887875089634,972.81557112124847,972.81557112124847,1873.5471028756995,3304.4528971243049,3304.4528971243049,16.600000000000001
129.75,116,3.6659981469954852,32.864956089210402,27.958914939065945,2.3701225804735633,0.14866960480649263,53.950253578514022,6.9807183688930152,63.591320928247065,11.937302205885226,224.06269779411463,0.18019912812207153,972.81980087187731,972.81980087187731,1868.5738312019496,3309.4261687980547,3309.4261687980547,16.600000000000001
130,116,3.667959047003297,32.911043232488886,27.846082593999377,2.3657102436845134,0.1484964353822906,53.906791041440982,6.9758790352343851,63.757040650258539,11.841593075531728,224.1584069244681,0.17606961446933364,972.82393038553005,972.82393038553005,1863.6171855866874,3314.3828144133167,3314.3828144133167,16.600000000000001
130.25,116,3.6699611941909911,32.957249115031331,27.733548238649323,2.3613078671446575,0.14832437263111689,53.863157451001868,6.971016893148918,63.922645177424201,11.746726448965656,224.2532735510342,0.17203790364316857,972.82796209635626,972.82796209635626,1858.6771199044847,3319.3228800955198,3319.3228800955198,16.600000000000001
130.5,116,3.6720042565521989,33.003573292330721,27.621311540705204,2.3569153029694907,0.14815340201999672,53.819353746127568,6.9661320389412493,64.08813396923658,11.65269466557406,224.34730533442578,0.16810162163716177,972.83189837836221,972.83189837836221,1853.7535880469327,3324.2464119530719,3324.2464119530719,16.600000000000001
130.75,116,3.6740879054710751,33.050015321232415,27.50937217053535,2.3525324052123486,0.14798350920306141,53.775380858881064,6.9612245686955863,64.253506487472677,11.559490133323591,224.44050986667625,0.16425845308890127,972.83574154691053,972.83574154691053,1848.8465439239917,3329.1534560760128,3329.1534560760128,16.600000000000001
131,116,3.6762118156831707,33.096574759904385,27.397729801128847,2.3481590298411352,0.14781468001838496,53.731239714552892,6.9562945782702457,64.418762196188581,11.467105328204982,224.53289467179485,0.1605061398134601,972.83949386018605,972.83949386018605,1843.9559414653313,3334.0440585346732,3334.0440585346732,16.600000000000001
131.25,116,3.6783756652367408,33.143251167807442,27.286384108037943,2.3437950347151708,0.14764690048497947,53.686931231755629,6.9513421632923373,64.583900561714032,11.375532793680385,224.62446720631945,0.1568424793772934,972.84315752062207,972.84315752062207,1839.0817346216593,3338.9182653783455,3338.9182653783455,16.600000000000001
131.5,116,3.6805791354544777,33.190044105665621,27.175334769320969,2.3394402795603146,0.14748015680013274,53.642456322519415,6.9463674191523443,64.748921052646907,11.284765140134224,224.7152348598656,0.15326532370131149,972.84673467629807,972.84673467629807,1834.2238773660333,3343.7761226339717,3343.7761226339717,16.600000000000001
131.75,116,3.682821910895667,33.236953135436707,27.064581465485833,2.3350946259443619,0.14731443533681746,53.597815892386414,6.941370440998945,64.913823139847722,11.194795044327094,224.80520495567271,0.14977257769877436,972.85022742230058,972.85022742230058,1829.3823236951584,3348.6176763048461,3348.6176763048461,16.600000000000001
132,116,3.6851036793187655,33.283977820283937,26.954123879434135,2.3307579372589049,0.14714972264033435,53.553010840498018,6.9363513237351953,65.078606296433506,11.105615248851448,224.89438475114838,0.14636219796723371,972.85363780203215,972.85363780203215,1824.5570276306953,3353.4429723693092,3353.4429723693092,16.600000000000001
132.25,116,3.6874241316443856,33.331117724547134,26.843961696405735,2.3264300786952918,0.14698600542585447,53.508042059687298,6.9313101620138413,65.243269997772074,11.017218561591687,224.98278143840813,0.14303219149385507,972.85696780850549,972.85696780850549,1819.7479432205323,3358.2520567794722,3358.2520567794722,16.600000000000001
132.5,116,3.6897829619186915,33.378372413714224,26.734094603923864,2.3221109172226173,0.14682327057578839,53.462910436568642,6.9262470502331661,65.407813721476018,10.92959785518701,225.07040214481282,0.13978061439902389,972.86021938560043,972.86021938560043,1814.9550245400549,3363.0449754599499,3363.0449754599499,16.600000000000001
132.75,116,3.6921798672771931,33.425741454393226,26.62452229174081,2.3178003215664984,0.14666150513715623,53.417616851625887,6.9211620825331215,65.572236947396604,10.842746066497412,225.1572539335024,0.13660557071056997,972.86339442928875,972.86339442928875,1810.1782256934021,3367.8217743066029,3367.8217743066029,16.600000000000001
133,116,3.6946145479089232,33.473224414284907,26.515244451784092,2.313498162192368,0.14650069631849927,53.372162179295266,6.9160553527920738,65.73653915761777,10.75665619607328,225.24334380392654,0.13350521115740066,972.86649478884192,972.86649478884192,1805.4175008146983,3372.5824991853065,3372.5824991853065,16.600000000000001
133.25,116,3.6970867070210476,33.520820862154658,26.406260778103171,2.3092043112804364,0.1463408314879035,53.326547288055913,6.9109269546229584,65.90071983644971,10.671321307627206,225.32867869237259,0.13047773201709942,972.86952226798223,972.86952226798223,1800.6728040692963,3377.3271959307085,3377.3271959307085,16.600000000000001
133.5,116,3.6995960508038395,33.56853036780528,26.297570966816679,2.304918642705847,0.14618189817047961,53.280773040514511,6.9057769813701047,66.064778470422453,10.586734527509478,225.41326547249034,0.12752137397965832,972.87247862601976,972.87247862601976,1795.9440896549918,3382.0559103450132,3382.0559103450132,16.600000000000001
133.75,116,3.7021422883960455,33.616352502050006,26.189174716060172,2.3006410320194881,0.1460238840458534,53.234840293488567,6.9006055261062951,66.228714548279697,10.502889044186766,225.49711095581304,0.12463442103914779,972.87536557896021,972.87536557896021,1791.231311803228,3386.768688196777,3386.768688196777,16.600000000000001
134,116,3.704725131850628,33.664286836685761,26.081071725934343,2.2963713564285406,0.14586677694577754,53.188749898089249,6.8954126816299741,66.392527560972184,10.419778107723925,225.58022189227589,0.12181519941519428,972.87818480058411,972.87818480058411,1786.5344247802886,3391.4655752197164,3391.4655752197164,16.600000000000001
134.25,116,3.7073442961008758,33.712332944466617,25.973261698453822,2.2921094947753047,0.1457105648518133,53.142502699805341,6.8901985404627686,66.556217001651035,10.337395029269477,225.66260497073034,0.11906207649392474,972.88093792350537,972.88093792350537,1781.8533828884811,3396.1466171115235,3396.1466171115235,16.600000000000001
134.5,116,3.7099994989268912,33.760490399077604,25.865744337496345,2.2878553275177449,0.14555523589303471,53.096099538584681,6.8849631948471384,66.719782365661146,10.255733180543936,225.7442668194559,0.11637345980083318,972.88362654019852,972.88362654019852,1777.1881404673009,3400.8118595327037,3400.8118595327037,16.600000000000001
134.75,116,3.7126904609224769,33.808758775108693,25.758519348752611,2.2836087367132296,0.14540077834373311,53.049541248911822,6.8797067367440592,66.883223150534633,10.174785993330667,225.82521400666914,0.11374779601057365,972.88625220398876,972.88625220398876,1772.5386518945884,3405.4613481054166,3405.4613481054166,16.600000000000001
135,116,3.7154169054623476,33.857137648029138,25.651586439676407,2.2793696059987383,0.14524718062121209,53.002828659888522,6.8744292578311086,67.046538855984096,10.09454695897084,225.90545304102898,0.11118356996757971,972.88881643003174,972.88881643003174,1767.904871587669,3410.0951284123357,3410.0951284123357,16.600000000000001
135.25,116,3.7181785586697202,33.905626594161973,25.54494531943541,2.2751378205725534,0.14509443128360261,52.955962595312101,6.8691308495006771,67.209728983895744,10.015009627861325,225.9849903721385,0.10867930373596883,972.89132069626328,972.89132069626328,1763.2867540044856,3414.7132459955196,3414.7132459955196,16.600000000000001
135.5,116,3.7209751493842562,33.954225190658732,25.438595698862336,2.2709132671762076,0.14494251902780844,52.908943873752939,6.8638116028581582,67.372793038322641,9.9361676089558841,226.06383239104395,0.10623355567189527,972.89376644432741,972.89376644432741,1758.68425364471,3419.3157463552952,3419.3157463552952,16.600000000000001
135.75,116,3.7238064091303715,34.002933015473928,25.33253729040657,2.2666958340767023,0.14479143268793451,52.861773308631008,6.8584716087193307,67.535730525478542,9.8580145692700079,226.14198543072982,0.10384491951150875,972.89615508048792,972.89615508048792,1754.0973250508239,3423.9026749491813,3423.9026749491813,16.600000000000001
136,116,3.726672072085869,34.051749647340905,25.226769808086384,2.2624854110489232,0.14464116123269771,52.814451708291557,6.8531109576102445,67.698540953730273,9.7805442333879657,226.21945576661184,0.10151202350069767,972.8984879764987,972.8984879764987,1749.5259228092357,3428.4740771907695,3428.4740771907695,16.600000000000001
136.25,116,3.7295718750509295,34.100674665747199,25.121292967441541,2.2582818893583143,0.14449169376360074,52.766979876079901,6.8477297397656685,67.861223833591069,9.7037503829737606,226.29624961702606,0.099233529534408366,972.90076647046499,972.90076647046499,1744.9700015513479,3433.0299984486574,3433.0299984486574,16.600000000000001
136.5,116,3.7325055574174471,34.14970765091023,25.016106485486368,2.2540851617437823,0.1443430195130869,52.719358610415405,6.8423280451278261,68.023778677713622,9.6276268562852465,226.37237314371455,0.097008132318959481,972.90299186768038,972.90299186768038,1740.4295159546184,3437.5704840453873,3437.5704840453873,16.600000000000001
136.75,116,3.7354728611387005,34.198848183753164,24.911210080663295,2.2498951224008268,0.14419512784269337,52.671588704864568,6.8369059633453642,68.186205000883348,9.5521675476914218,226.44783245230838,0.094834558556438922,972.9051654414427,972.9051654414427,1735.9044207436093,3442.0955792563959,3442.0955792563959,16.600000000000001
137,116,3.7384735306993138,34.248095845882169,24.806603472796905,2.2457116669671788,0.14404800824032912,52.623670948210957,6.831463583773953,68.348502320010766,9.4773664071933226,226.52263359280647,0.092711566142226198,972.90728843385693,972.90728843385693,1731.3946706910381,3446.6053293089672,3446.6053293089672,16.600000000000001
137.25,116,3.7415073130855987,34.297450219562648,24.702286383048371,2.24153469250605,0.14390165031865859,52.575606124526992,6.8260009954752778,68.510670154124739,9.4032174399477135,226.59678256005211,0.090637943391464373,972.90936205660785,972.90936205660785,1726.900220618797,3451.099779381208,3451.099779381208,16.600000000000001
137.5,116,3.744573957756236,34.34691088769538,24.598258533870343,2.2373640974887778,0.14375604381386226,52.527395013245695,6.8205182872156174,68.672708024365789,9.3297147057938705,226.67028529420591,0.088612508288047759,972.91138749171114,972.91138749171114,1722.4210253989568,3455.5789746010482,3455.5789746010482,16.600000000000001
137.75,116,3.747673216613236,34.39647743379399,24.494519648962317,2.2331997817802223,0.14361117858342332,52.479038389229082,6.8150155474661887,68.83461545397887,9.2568523187839826,226.74314768121582,0.086634107744581426,972.91336589225466,972.91336589225466,1717.9570399547699,3460.0429600452353,3460.0429600452353,16.600000000000001
138,116,3.7508048439732344,34.446149441962319,24.391069453226446,2.2290416466235663,0.14346704460428447,52.430537022836546,6.809492864403067,68.996391968306185,9.1846244467166187,226.81537555328319,0.084701616883962688,972.91529838311533,972.91529838311533,1713.5082192616596,3464.4917807383454,3464.4917807383454,16.600000000000001
138.25,116,3.7539685965391061,34.495926496871689,24.287907672723751,2.2248895946242198,0.14332363197134085,52.381891679993593,6.8039503259067438,69.158037094780454,9.1130253106735832,226.88697468932619,0.082813938337173737,972.91718606166205,972.91718606166205,1709.0745183481872,3468.9254816518182,3468.9254816518182,16.600000000000001
138.5,116,3.7571642333719151,34.54580818373752,24.185034034630693,2.2207435297309988,0.14318093089675515,52.333103122262756,6.7983880195605142,69.319550362918378,9.0420491845603124,226.95795081543949,0.080970001553808707,972.91902999844547,972.91902999844547,1704.65589229699,3473.3441077030152,3473.3441077030152,16.600000000000001
138.75,116,3.760391515863112,34.595794088298888,24.082448267196433,2.2166033572264374,0.14303893170689627,52.284172106904613,6.7928060326528961,69.480931304312818,8.9716903946484425,227.02830960535132,0.079168762144996019,972.92083123785426,972.92083123785426,1700.2522962457592,3477.7477037542462,3477.7477037542462,16.600000000000001
139,116,3.7636502077070833,34.645883796796205,23.980150099700289,2.2124689837104201,0.14289762484116658,52.235099386945066,6.7872044521771429,69.64217945262601,8.9019433191223847,227.09805668087739,0.077409201231562336,972.92259079876771,972.92259079876771,1695.8636853881621,3482.1363146118433,3482.1363146118433,16.600000000000001
139.25,116,3.7669400748739958,34.696076895949588,23.878139262409693,2.208340317085228,0.1427570008505297,52.185885711240608,6.7815833648314019,69.803294343582635,8.832802387628961,227.16719761237081,0.075690324810796586,972.9243096751884,972.9243096751884,1691.490014974763,3486.5099850252427,3486.5099850252427,16.600000000000001
139.5,116,3.7702608855829327,34.746372972937429,23.776415486538575,2.2042172665410704,0.14261705039599701,52.136531824542523,6.7759428570190936,69.964275514962836,8.7642620808302372,227.23573791916954,0.074011163139537733,972.92598883685969,972.92598883685969,1687.1312403139291,3490.8687596860764,3490.8687596860764,16.600000000000001
139.75,116,3.7736124102753044,34.796771615376144,23.674978504206155,2.2000997425454814,0.14247776424640149,52.087038467556617,6.770283014850345,70.12512250659509,8.6963169299597443,227.30368307004002,0.072370770126559084,972.92762922987265,972.92762922987265,1682.7873167727305,3495.2126832272747,3495.2126832272747,16.600000000000001
140,116,3.776994421588586,34.847272411298796,23.57382804839618,2.195987656827354,0.14233913327733158,52.037406377007883,6.764603924142051,70.285834860349297,8.6289615163815796,227.37103848361821,0.070768222749658438,972.92923177724958,972.92923177724958,1678.4581997778203,3499.541800222185,3499.541800222185,16.600000000000001
140.25,116,3.7804066943303418,34.897874949134241,23.472963852916511,2.1918809223621145,0.14220114846990417,51.987636285703353,6.7589056704182759,70.446412120129935,8.5621904711527126,227.43780952884705,0.06920262048598283,972.93079737951325,972.93079737951325,1674.1438448163017,3503.8561551837033,3503.8561551837033,16.600000000000001
140.5,116,3.7838490054525189,34.948578817686993,23.37238565235916,2.1877794533594446,0.14206380090909085,51.937728922591909,6.7531883389113538,70.606853831869131,8.4959984745886086,227.50400152541116,0.06767308475285419,972.93232691524645,972.93232691524645,1669.8442074365864,3508.1557925634193,3508.1557925634193,16.600000000000001
140.75,116,3.7873211340260253,34.999383606117092,23.272093182060747,2.1836831652502173,0.14192708178227403,51.887685012824335,6.7474520145628114,70.76715954351971,8.4303802558319845,227.5696197441678,0.066178758364469403,972.93382124163475,972.93382124163475,1665.5592432492394,3512.4407567507656,3512.4407567507656,16.600000000000001
141,116,3.7908228612155841,35.050288903920318,23.172086178063346,2.1795919746729191,0.14179098237778254,51.837505277813342,6.7416967820245448,70.927328805048163,8.36533059242484,227.63466940757493,0.064718805000079274,972.93528119499922,972.93528119499922,1661.2889079278145,3516.7110920721902,3516.7110920721902,16.600000000000001
141.25,116,3.7943539702548525,35.101294300908563,23.072364377075694,2.1755057994595246,0.14165549408340342,51.787190435293603,6.7359227256602487,71.08736116842762,8.3008443098838356,227.69915569011593,0.063292408683204113,972.93670759131601,972.93670759131601,1657.0331572096788,3520.9668427903257,3520.9668427903257,16.600000000000001
141.5,116,3.7979142464218572,35.152399387190364,22.972927516434879,2.1714245586251,0.14152060838510461,51.736741199377526,6.7301299295461803,71.247256187631308,8.2369162812780061,227.76308371872176,0.06189877328493916,972.93810122671425,972.93810122671425,1652.791946896813,3525.2080531031916,3525.2080531031916,16.600000000000001
141.75,116,3.801503477014661,35.203603753151775,22.873775334068348,2.1673481723545116,0.14138631686560069,51.686158280613405,6.7243184774726874,71.407013418625553,8.1735414268103082,227.82645857318946,0.060537122030393117,972.93946287796882,972.93946287796882,1648.5652328566123,3529.4347671433929,3529.4347671433929,16.600000000000001
142,116,3.8051214513273073,35.254906989437451,22.774907568456356,2.1632765619900614,0.14125261120297128,51.635442386042165,6.7184884529456657,71.56663241936289,8.1107147134021034,227.88928528659767,0.059206697019881932,972.94079330297939,972.94079330297939,1644.3529710226696,3533.6470289773351,3533.6470289773351,16.600000000000001
142.25,116,3.8087679606260307,35.306308686931935,22.676323958594761,2.1592096500192866,0.1411194831693541,51.58459421925334,6.7126399391879961,71.726112749775368,8.0484311542807667,227.95156884571901,0.057906758762121729,972.9420932412371,972.9420932412371,1640.1551173955497,3537.844882604456,3537.844882604456,16.600000000000001
142.5,116,3.8124427981257663,35.357808436740008,22.57802424395814,2.1551473600619442,0.14098692463069529,51.533614480441528,6.7067730191389607,71.88545397176884,7.9866858085706527,228.01331419142912,0.056636585714208723,972.94336341428505,972.94336341428505,1635.9716280435139,3542.0283719564914,3542.0283719564914,16.600000000000001
142.75,116,3.8161457589668508,35.409405830169241,22.480008164463456,2.1510896168588589,0.14085492754469131,51.482503866460313,6.7008877754574137,72.044655649215372,7.9254737808867031,228.0745262191131,0.055395473842000782,972.94460452615715,972.94460452615715,1631.8024591032959,3546.1975408967096,3546.1975408967096,16.600000000000001
143,116,3.8198766401920099,35.461100458712004,22.382275460434013,2.1470363462601934,0.14072348395952181,51.43126307087622,6.6949842905234567,72.203717347946693,7.8647902209313019,228.13520977906848,0.054182736188052277,972.94581726381125,972.94581726381125,1627.6475667808345,3550.3524332191705,3550.3524332191705,16.600000000000001
143.25,116,3.8236352407236098,35.512891914027264,22.284825872563779,2.1429874752135354,0.14059258601294916,51.379892784022587,6.6890626464395044,72.362638635747757,7.8046303230943046,228.19536967690547,0.052997702448912394,972.94700229755028,972.94700229755028,1623.506907351991,3554.4930926480142,3554.4930926480142,16.600000000000001
143.5,116,3.8274213613411527,35.564779787922866,22.187659141882087,2.1389429317522906,0.14046222593125629,51.328393693052384,6.6831229250317676,72.52141908235032,7.7449893260560509,228.25501067394373,0.051839718564115636,972.94816028143509,972.94816028143509,1619.3804371632555,3558.61956283675,3558.61956283675,16.600000000000001
143.75,116,3.8312348046589819,35.616763672338827,22.090775009718769,2.1349026449858739,0.14033239602735417,51.276766481988908,6.6771652078533128,72.680058259425891,7.6858625123935651,228.31413748760622,0.050708146313165489,972.94929185368596,972.94929185368596,1615.2681126324628,3562.7318873675426,3562.7318873675426,16.600000000000001
144,116,3.8350753751042355,35.668843159331104,21.994173217669641,2.1308665450901105,0.1402030886988794,51.22501183177561,6.671189576187226,72.838555740578627,7.627245208189775,228.37275479180997,0.049602362922556147,972.95039763707655,972.95039763707655,1611.1698902494959,3566.8301097505096,3566.8301097505096,16.600000000000001
144.25,116,3.8389428788951414,35.721017841052664,21.897853507562274,2.126834563293047,0.14007429642877975,51.173130420330317,6.6651961110454296,72.99691110134026,7.5691327826454238,228.43086721735432,0.048521760689547638,972.95147823930961,972.95147823930961,1607.0857265769262,3570.9142734230795,3570.9142734230795,16.600000000000001
144.5,116,3.8428371240194523,35.773287309737661,21.801815621422179,2.1228066318657817,0.13994601178339083,51.121122922593656,6.6591848931720516,73.155123919163032,7.5115206476943222,228.48847935230543,0.047465746608586885,972.95253425339058,972.95253425339058,1603.0155782506952,3574.9844217493105,3574.9844217493105,16.600000000000001
144.75,116,3.8467579202131414,35.825651157685058,21.706059301439403,2.1187826841121309,0.13981822741121777,51.068990010578396,6.6531560030456225,73.313193773413317,7.4544042576215128,228.54559574237823,0.046433742009098937,972.95356625799002,972.95356625799002,1598.9594019807701,3579.0405980192354,3579.0405980192354,16.600000000000001
145,116,3.8507050789393356,35.87810897724227,21.610584289935431,2.1147626543580249,0.13969093604189164,51.016732353418419,6.6471095208810365,73.471120245365285,7.3977791086844453,228.60222089131534,0.04542518220204516,972.95457481779704,972.95457481779704,1594.917154551787,3583.0828454482184,3583.0828454482184,16.600000000000001
145.25,116,3.8546784133675382,35.930660360787471,21.515390329330334,2.1107464779371745,0.13956413048661981,50.964350617421147,6.6410455266289921,73.628902918195834,7.3416407387373832,228.65835926126238,0.044439516131605079,972.95556048386743,972.95556048386743,1590.8887928236477,3587.1112071763578,3587.1112071763578,16.600000000000001
145.5,116,3.8586777383529705,35.983304900715346,21.420477162110533,2.1067340911848715,0.13943780363559188,50.911845466111174,6.6349640999808122,73.786541376977127,7.2859847268582332,228.71401527314154,0.043476206043345282,972.95652379395574,972.95652379395574,1586.8742737321743,3591.1257262678319,3591.1257262678319,16.600000000000001
145.75,116,3.8627028704162054,36.036042189421323,21.325844530796743,2.1027254314274098,0.13931194845712647,50.859217560277884,6.6288653203702985,73.944035208670641,7.230806692978593,228.7691933070212,0.04253472715647922,972.95746527284257,972.95746527284257,1582.8735542897136,3595.126445710292,3595.126445710292,16.600000000000001
146,116,3.8667536277230234,36.088871819285828,21.231492177912312,2.0987204369713228,0.13918655799694718,50.806467558022831,6.6227492669754273,74.101384002121264,7.1761022975167847,228.82389770248298,0.041614567344136828,972.95838543265495,972.95838543265495,1578.8865915857305,3599.1134084142755,3599.1134084142755,16.600000000000001
146.25,116,3.8708298300644901,36.141793382658911,21.137419845951861,2.0947190470932773,0.13906162537727057,50.753596114805994,6.616616018720447,74.258587348051236,7.1218672410137538,228.87813275898603,0.04071522682227325,972.95928477317671,972.95928477317671,1574.9133427873924,3603.0866572126138,3603.0866572126138,16.600000000000001
146.5,116,3.8749312988372271,36.194806471845759,21.043627277350371,2.0907212020321384,0.13893714379541841,50.700603883489407,6.6104656542787055,74.415644839054067,7.0680972637719579,228.93190273622778,0.039836217844035307,972.96016378215495,972.96016378215495,1570.9537651401499,3607.0462348598562,3607.0462348598562,16.600000000000001
146.75,116,3.8790578570239211,36.247910679091888,20.950114214452498,2.0867268429797163,0.13881310652280049,50.64749151438162,6.6042982520749982,74.572556069588472,7.0147881454970777,228.98521185450269,0.03897706440341174,972.96102293559557,972.96102293559557,1567.0078159683032,3610.9921840317029,3610.9921840317029,16.600000000000001
147,116,3.8832093291740715,36.301105596567915,20.856880399482311,2.0827359120687481,0.13868950690462054,50.594259655284588,6.5981138902869354,74.729320635972897,6.9619357049425004,229.03806429505727,0.038137301949661966,972.96186269804934,972.96186269804934,1563.0754526755491,3614.9245473244578,3614.9245473244578,16.600000000000001
147.25,116,3.8873855413849157,36.354390816355441,20.763925574513323,2.0787483523648302,0.13856633835867463,50.540908951536089,6.5919126468476472,74.885938136379536,6.9095357995567941,229.09046420044297,0.037316477104622818,972.96268352289439,972.96268352289439,1559.1566327455255,3618.8433672544807,3618.8433672544807,16.600000000000001
147.5,116,3.8915863212825803,36.407765930432852,20.67124948143891,2.0747641078572783,0.13844359437446155,50.487440046052775,6.5856945994480904,75.04240817082858,6.8575843251340007,229.14241567486576,0.036514147388508764,972.96348585261046,972.96348585261046,1555.2513137423482,3622.7486862576584,3622.7486862576584,16.600000000000001
147.75,116,3.8958114980034275,36.461230530661474,20.578851861943008,2.0707831234499681,0.13832126851221888,50.433853579372865,6.5794598255395886,75.19873034118244,6.8060772154667895,229.19392278453299,0.035729880952082009,972.96427011904689,972.96427011904689,1551.3594533111329,3626.6405466888732,3626.6405466888732,16.600000000000001
148,116,3.9000609021755848,36.514784208772355,20.486732457471216,2.0668053449515424,0.13819935440154832,50.380150189698931,6.5732084023373814,75.354904251139473,6.7550104420026225,229.24498955799714,0.034963256312927134,972.96503674368614,972.96503674368614,1547.4810091785268,3630.5189908214797,3630.5189908214797,16.600000000000001
148.25,116,3.9043343659007452,36.568426556352129,20.394891009202166,2.0628307190676107,0.13807784574105794,50.326330512938412,6.5669404068218471,75.510929506229004,6.7043800135022478,229.29561998649751,0.034213862104651681,972.96578613789427,972.96578613789427,1543.6159391531928,3634.3840608468136,3634.3840608468136,16.600000000000001
148.5,116,3.9086317227361249,36.622157164829943,20.303327258019259,2.058859193391819,0.13795673629732158,50.272395182744745,6.5606559157413677,75.666805713805573,6.6541819757012926,229.34581802429847,0.033481296828206816,972.96651870317078,972.96651870317078,1539.7642011263094,3638.2357988736971,3638.2357988736971,16.600000000000001
148.75,116,3.9129528076766182,36.675975625464439,20.212040944482723,2.0548907163971744,0.13783601990390038,50.218344830557825,6.5543550056151005,75.822532483043375,6.6044124109745921,229.39558758902515,0.032765168609874731,972.96723483138919,972.96723483138919,1535.9257530720572,3642.0742469279494,3642.0742469279494,16.600000000000001
149,116,3.9172974571371584,36.72988152933096,20.121031808801984,2.0509252374275633,0.13771569046041038,50.164180085643864,6.5480377527356852,75.97810942493058,6.5550674380032721,229.4449325619965,0.032065094965635935,972.9679349050333,972.9679349050333,1532.100553048095,3645.8994469519116,3645.8994469519116,16.600000000000001
149.25,116,3.9216655089353236,36.783874467307513,20.030299590808305,2.0469627066880705,0.13759574193290874,50.109901575136149,6.5417042331693427,76.133536152265322,6.5061432114446465,229.49385678855512,0.031380702569227134,972.96861929742977,972.96861929742977,1528.2885591959905,3649.7114408040161,3649.7114408040161,16.600000000000001
149.5,116,3.9260568022740769,36.837954030062583,19.939844029927812,2.043003075236919,0.13747616835275914,50.055509924073618,6.5353545227590883,76.288812279649889,6.4576359216047479,229.54236407839502,0.030711627028605484,972.96928837297037,972.96928837297037,1524.4897297416842,3653.5102702583222,3653.5102702583222,16.600000000000001
149.75,116,3.9304711777246726,36.892119808043788,19.849664865154917,2.0390462949779709,0.13735696381503104,50.001005755438491,6.5289886971288977,76.443937423484783,6.4095417941135002,229.59045820588628,0.030057512668887853,972.96994248733006,972.96994248733006,1520.7040229959543,3657.295977004052,3657.295977004052,16.600000000000001
150,116,3.9349084772098153,36.946371391465057,19.759761835025937,2.0350923186518908,0.13723812247834963,49.946389690194842,6.5226068316850192,76.598911201964057,6.3618570896027151,229.63814291039705,0.02941801231836905,972.97058198768059,972.97058198768059,1516.9313973548365,3661.0686026451694,3661.0686026451694,16.600000000000001
150.25,116,3.9393685439869865,37.000708370294525,19.670134677593051,2.0311410998278618,0.13711963856428144,49.891662347326303,6.5162090016182503,76.753733235070356,6.314578103386709,229.68542189661304,0.028792787100773619,972.97120721289821,972.97120721289821,1513.1718113000438,3664.8281886999621,3664.8281886999621,16.600000000000001
150.5,116,3.9438512226319298,37.055130334243294,19.580783130398633,2.0271925928962107,0.13700150635621375,49.836824343872308,6.5097952819072047,76.908403144569519,6.2677011651456347,229.73229883485416,0.028181506232099245,972.97181849376693,972.97181849376693,1509.4252233993921,3668.5747766006139,3668.5747766006139,16.600000000000001
150.75,116,3.9483563590222635,37.109636872755772,19.491706930449968,2.0232467530632108,0.13688372019691125,49.781876294961798,6.5033657473241027,77.062920554004094,6.2212226386115308,229.77877736138825,0.027583846820971217,972.97241615317807,972.97241615317807,1505.6915923072452,3672.3084076927603,3672.3084076927603,16.600000000000001
151,116,3.9528838003214535,37.164227574995785,19.402905814194011,2.0193035363396556,0.13676627449015222,49.726818813852908,6.4969204724328948,77.217285088690474,6.1751389212567416,229.82486107874306,0.026999493678740775,972.9730005063202,972.9730005063202,1501.9708767648583,3676.0291232351474,3676.0291232351474,16.600000000000001
151.25,116,3.9574333949628282,37.218902029836329,19.314379517492696,2.015362899534431,0.13664916369922811,49.671652511967139,6.4904595315933342,77.371496375713264,6.1294464439851515,229.87055355601464,0.026428139130738711,972.97357186086822,972.97357186086822,1498.2630356007837,3679.736964399222,3679.736964399222,16.600000000000001
151.5,116,3.9620049926337941,37.273659825848917,19.226127775598481,2.0114248002473176,0.13653238234601164,49.616377998923923,6.4839829989639997,77.525554043920366,6.0841416708259759,229.9158583291738,0.02586948283293302,972.97413051716603,972.97413051716603,1494.5680277312561,3683.4319722687496,3683.4319722687496,16.600000000000001
151.75,116,3.9665984442602307,37.328500551292983,19.138150323130194,2.0074891968616821,0.13641592501015767,49.560995882574908,6.4774909485050953,77.679457723918048,6.0392210986301338,229.96077890136968,0.025323231593279458,972.97467676840574,972.97467676840574,1490.8858121605647,3687.114187839441,3687.114187839441,16.600000000000001
152,116,3.9712136019911135,37.383423794103898,19.050446894049102,2.0035560485341413,0.13629978632978251,49.505506769041013,6.4709834539785769,77.833207048067464,5.9946812567693168,230.00531874323048,0.024789099195631593,972.9752109008034,972.9752109008034,1487.2163479813858,3690.7836520186202,3690.7836520186202,16.600000000000001
152.25,116,3.9758503191832326,37.438429141883589,18.963017221635436,1.9996253151890353,0.13618396099991653,49.449911262744173,6.4644605889523712,77.986801650479151,5.9505187068374124,230.04948129316239,0.024266806230906275,972.97573319376818,972.97573319376818,1483.559594375155,3694.4404056248509,3694.4404056248509,16.600000000000001
152.5,116,3.9805084503860866,37.493516181890989,18.875861038465178,1.9956969575121652,0.1360684437713516,49.394209966439362,6.4579224268038908,78.140241167008142,5.9067300423544804,230.0932699576453,0.023756079932009098,972.97624392006708,972.97624392006708,1479.9155106124235,3698.0844893875828,3698.0844893875828,16.600000000000001
152.75,116,3.9851878513269861,37.548684501031602,18.788978076387092,1.9917709369426153,0.13595322945043467,49.338403481248321,6.4513690407218443,78.293525235249788,5.8633118884733406,230.13668811152647,0.02325665401171205,972.9767433459873,972.9767433459873,1476.2840560531831,3701.7159439468228,3701.7159439468228,16.600000000000001
153,116,3.9898883788963064,37.60393368584775,18.702368066500089,1.9878472156654803,0.13583831289847664,49.282492406691944,6.4448005037087794,78.446653494535326,5.82026090168862,230.17973909831119,0.022768268505114347,972.97723173149382,972.97723173149382,1472.6651901471953,3705.3348098528104,3705.3348098528104,16.600000000000001
153.25,116,3.9946098911328995,37.659263322509162,18.616030739130878,1.9839257566054491,0.13572368903101154,49.226477340721438,6.4382168885838151,78.599625585927498,5.7775737695483134,230.2224262304515,0.022290669615368519,972.97770933038373,972.97770933038373,1469.0588724343093,3708.9411275656967,3708.9411275656967,16.600000000000001
153.5,116,3.9993522472096639,37.714672996803891,18.529965823811928,1.9800065234212727,0.13560935281689884,49.170358879748228,6.4316182679855878,78.752441152216164,5.7352472103678203,230.26475278963201,0.021823609562551517,972.97817639043649,972.97817639043649,1465.4650625447755,3712.5349374552302,3712.5349374552302,16.600000000000001
153.75,116,4.0041153074193065,37.770162294128596,18.444173049259717,1.9760894804964209,0.13549529927827594,49.114137618677361,6.4250047143741016,78.905099837914207,5.6932779729463459,230.30672202705347,0.021366846439573772,972.9786331535596,972.9786331535596,1461.8837201995441,3716.1162798004621,3716.1162798004621,16.600000000000001
154,116,4.0088989331602374,37.825730799479743,18.35865214335325,1.9721745929331984,0.13538152348980495,49.057814150936977,6.4183763000334837,79.05760128925337,5.6516628362858068,230.34833716371401,0.020920144068876004,972.97907985593019,972.97907985593019,1458.3148052105582,3719.6851947894475,3719.6851947894475,16.600000000000001
154.25,116,4.0137029869226328,37.881378097444788,18.273402833112915,1.9682618265461291,0.13526802057811227,49.001389068508296,6.4117330970745003,79.209945154180133,5.6103986093121527,230.38960139068766,0.020483271863390169,972.97951672813565,972.97951672813565,1454.7582774810419,3723.2417225189638,3723.2417225189638,16.600000000000001
154.5,116,4.0185273322746475,37.937103772193616,18.188424844679599,1.9643511478553559,0.13515478572120501,48.944862961955124,6.4050751774371415,79.362131082351652,5.5694821305990825,230.43051786940072,0.02005600469094072,972.97994399530819,972.97994399530819,1451.2140970057778,3726.7859029942283,3726.7859029942283,16.600000000000001
154.75,116,4.0233718338487359,37.992907407471186,18.103717903294129,1.9604425240799392,0.13504181414701863,48.888236420453069,6.3984026128951568,79.51415872513077,5.528910268094279,230.47108973190552,0.019638122740500814,972.98036187725847,972.98036187725847,1447.6822238714046,3730.3177761286015,3730.3177761286015,16.600000000000001
155,116,4.0282363573282147,38.0487885865885,18.01928173327698,1.9565359231315786,0.13492910113351819,48.831510031818134,6.3917154750571417,79.666027735582716,5.4886799188477911,230.51132008115201,0.019229411394475576,972.98077058860451,972.98077058860451,1444.1626182566615,3733.8373817433444,3733.8373817433444,16.600000000000001
155.25,116,4.0331207694339373,38.104746892414674,17.93511605800823,1.9526313136082771,0.13481664200815013,48.774684382534915,6.3850138353690706,79.817737768471432,5.4487880087428504,230.55121199125696,0.018829661103079352,972.98117033889594,972.98117033889594,1440.655240432643,3737.3447595673633,3737.3447595673633,16.600000000000001
155.5,116,4.0380249379111026,38.160781907369369,17.851220599907855,1.9487286647880402,0.13470443214700772,48.717760057784425,6.3782977651174901,79.969288480255258,5.4092314922290718,230.59076850777072,0.018438667261376142,972.98156133273778,972.98156133273778,1437.1600507630556,3740.8399492369508,3740.8399492369508,16.600000000000001
155.75,116,4.0429487315162262,38.216893213415403,17.767595080416299,1.9448279466226961,0.1345924669741525,48.660737641471464,6.3715673354323608,80.120679529083105,5.3700073520579537,230.62999264794186,0.018056230089695445,972.98194376990944,972.98194376990944,1433.677009704463,3744.3229902955427,3744.3229902955427,16.600000000000001
156,116,4.0478920200042907,38.273080392050353,17.684239219975257,1.9409291297309279,0.13448074196188789,48.603617716252501,6.3648226172879481,80.271910574791562,5.3311125990206989,230.66888740097912,0.017682154516329832,972.98231784548273,972.98231784548273,1430.2060778064993,3747.7939221935067,3747.7939221935067,16.600000000000001
156.25,116,4.0528546741160492,38.329343024298367,17.601152738008725,1.9370321853913375,0.13436925263106719,48.546400863563129,6.3580636815036486,80.422981278902171,5.2925442716883246,230.70745572831146,0.017316250063120854,972.98268374993597,972.98268374993597,1426.7472157120719,3751.252784287934,3751.252784287934,16.600000000000001
156.5,116,4.0578365655653563,38.38568069070525,17.518335352904554,1.9331370855380186,0.13425799454869547,48.489087663642636,6.3512905987504045,80.573891304615785,5.2542994361539908,230.74570056384582,0.016958330735886065,972.98304166926323,972.98304166926323,1423.3003841576328,3754.6996158423731,3754.6996158423731,16.600000000000001
156.75,116,4.0628375670267527,38.442092971330517,17.435786781996036,1.9292438027536623,0.13414696332832879,48.431678695560691,6.3445034395513629,80.724640316809996,5.216375185777637,230.78362481422218,0.016608214915574671,972.98339178508354,972.98339178508354,1419.8655439733664,3758.1344560266393,3758.1344560266393,16.600000000000001
157,116,4.0678575521231704,38.498579445740553,17.353506741543864,1.925352310263398,0.13403615462972715,48.3741745372431,6.3377022742840721,80.875227982035923,5.1787686409328417,230.82123135906699,0.016265725252700574,972.98373427474644,972.98373427474644,1416.4426560833917,3761.5573439166142,3761.5573439166142,16.600000000000001
157.25,116,4.0728963954137614,38.555139693002154,17.271494946718366,1.9214625819289597,0.13392556415831108,48.316575765496779,6.3308871731830747,81.02565396851459,5.1414769487559271,230.85852305124388,0.015930688564289718,972.98406931143472,972.98406931143472,1413.0316815059609,3764.968318494045,3764.968318494045,16.600000000000001
157.5,116,4.0779539723817759,38.611773291678332,17.189751111582105,1.9175745922454146,0.13381518766271255,48.258882956031727,6.32405820634626,81.175917946131861,5.1044972828973183,230.89550271710249,0.01560293573225649,972.98439706426677,972.98439706426677,1409.6325813536992,3768.3674186463068,3768.3674186463068,16.600000000000001
157.75,116,4.0830301594227638,38.668479819820014,17.108274949072555,1.9136883163327774,0.13370502093629963,48.201096683488096,6.3172154437333781,81.326019586436971,5.0678268432749753,230.93217315672482,0.015282301606613462,972.98471769839239,972.98471769839239,1406.2453168337422,3771.7546831662644,3771.7546831662644,16.600000000000001
158,116,4.0881248338328069,38.725258854960288,17.027066170985169,1.9098037299306163,0.13359505981646627,48.143217521459775,6.3103589551689581,81.475958562639107,5.031462855830056,230.96853714416972,0.014968624909802476,972.98503137508919,972.98503137508919,1402.8698492479175,3775.1301507520889,3775.1301507520889,16.600000000000001
158.25,116,4.0932378737968795,38.782109974109076,16.946124487956705,1.9059208093929145,0.13348530018378366,48.085246042517305,6.3034888103455042,81.625734549603877,4.9954025722847542,231.00459742771503,0.014661748143328901,972.98533825185564,972.98533825185564,1399.5061399929282,3778.4938600070777,3778.4938600070777,16.600000000000001
158.5,116,4.0983691583773476,38.83903275374761,16.865449609448831,1.9020395316826575,0.13337573796141899,48.027182818230926,6.2966050788261603,81.77534722385009,4.9596432699022754,231.0403567300975,0.014361517496886949,972.98563848250217,972.98563848250217,1396.1541505605194,3781.8458494394868,3781.8458494394868,16.600000000000001
158.75,116,4.1035185675026451,38.896026769822242,16.785041243731936,1.8981598743648107,0.13326636911544565,47.969028419194814,6.2897078300456926,81.924796263547378,4.9241822512489843,231.07581774875081,0.014067782759042292,972.98593221723991,972.98593221723991,1392.8138425376205,3785.1861574623854,3785.1861574623854,16.600000000000001
159,116,4.1086859819560404,38.953091597739018,16.704899097869244,1.8942818156005272,0.13315718965452869,47.910783415049842,6.2827971333126502,82.074081348513289,4.8890168439586121,231.11098315604116,0.013780397230598956,972.98621960276841,972.98621960276841,1389.4851776064961,3788.5148223935098,3788.5148223935098,16.600000000000001
159.25,116,4.1138712833645004,39.010226812359839,16.62502287770128,1.890405334143721,0.1330481956283722,47.852448374503524,6.2758730578138628,82.223202160209325,4.8541444004985372,231.14585559950123,0.01349921764107714,972.98650078235789,972.98650078235789,1386.1681175449162,3791.8318824550897,3791.8318824550897,16.600000000000001
159.5,116,4.119074354187731,39.067431987996997,16.545412287830484,1.8865304093345971,0.13293938312782286,47.794023865352806,6.2689356726158039,82.372158381738572,4.8195622979381927,231.1804377020616,0.013224104066003257,972.98677589593296,972.98677589593296,1382.8626242262849,3795.137375773721,3795.137375773721,16.600000000000001
159.75,116,4.1242950777073331,39.124706698408446,16.46606703160613,1.8826570210941889,0.13283074828446315,47.73551045450553,6.2619850466669256,82.520949697842838,4.7852679377195244,231.21473206228026,0.01295491984665109,972.98704508015237,972.98704508015237,1379.5686596197752,3798.4313403802303,3798.4313403802303,16.600000000000001
160,116,4.1295333380160768,39.182050516793232,16.386986811109537,1.8787851499191555,0.13272228727020086,47.676908708001292,6.2550212487999479,82.669575794899956,4.7512587454295145,231.24874125457026,0.012691531511614762,972.98730846848741,972.98730846848741,1376.2861857904559,3801.7138142095496,3801.7138142095496,16.600000000000001
160.25,116,4.1347890200073065,39.239463015787244,16.308171327139448,1.8749147768777539,0.13261399629678697,47.618219191030867,6.2480443477340497,82.818036360921184,4.7175321705747244,231.28246782942506,0.012433808699555581,972.98756619129949,972.98756619129949,1373.0151648994092,3804.9848351005962,3804.9848351005962,16.600000000000001
160.5,116,4.1400620093644607,39.296943767458842,16.229620279197793,1.8710458836030937,0.13250587161556149,47.559442467958,6.2410544120771663,82.966331085548461,4.6840856863578502,231.31591431364194,0.012181624085696622,972.98781837591343,972.98781837591343,1369.7555592038511,3808.2444407961548,3808.2444407961548,16.600000000000001
160.75,116,4.145352192550722,39.354492343304841,16.151333365475626,1.8671784522882942,0.13239790951707381,47.500579102339032,6.2340515103281522,83.114459660051907,4.6509167894562786,231.34908321054348,0.011934853308911088,972.98806514669013,972.98806514669013,1366.5073310572386,3811.4926689427671,3811.4926689427671,16.600000000000001
161,116,4.1506594567987793,39.412108314246616,16.073310282839333,1.8633124656815012,0.13229010633073571,47.441629656942325,6.2270357108788916,83.26242177732729,4.6180229998026441,231.38197700019714,0.011693374900735597,972.9883066250984,972.9883066250984,1363.2704429093737,3814.7295570906317,3814.7295570906317,16.600000000000001
161.25,116,4.1559836901007206,39.469791250626379,15.995550726817134,1.8594479070808334,0.13218245842449758,47.382594693767523,6.2200070820164006,83.410217131893688,4.5854018603673445,231.41459813963243,0.011457070216223554,972.98854292978274,972.98854292978274,1360.0448573064996,3817.9551426935063,3817.9551426935063,16.600000000000001
161.5,116,4.1613247811979726,39.527540722204662,15.918054391585819,1.8555847603295226,0.13207496220359116,47.323474774064202,6.2129656919270042,83.557845419889929,4.553050936943082,231.44694906305671,0.011225823365853692,972.98877417663311,972.98877417663311,1356.8305368914196,3821.1694631085861,3821.1694631085861,16.600000000000001
161.75,116,4.1666826195714393,39.585356298156746,15.840820969957784,1.8517230098109425,0.13196761411037852,47.264270458350452,6.2059116086980302,83.705306339072493,4.52096781793127,231.47903218206852,0.010999521149876783,972.98900047884911,972.98900047884911,1353.6274444035805,3824.3725555964256,3824.3725555964256,16.600000000000001
162,116,4.1720570954317555,39.643237547068892,15.763850153368196,1.8478626404436387,0.13186041062453938,47.204982306431127,6.1988449003187158,83.852599588813874,4.4891501141303376,231.51084988586948,0.010778052994529287,972.98922194700447,972.98922194700447,1350.4355426791358,3827.5644573208697,3827.5644573208697,16.600000000000001
162.25,116,4.1774480997096122,39.701184036935928,15.68714163186254,1.8440036376765743,0.13175334826223239,47.145610877415621,6.1917656346834251,83.999724870099698,4.4575954585260114,231.54240454147379,0.010561310889129715,972.98943868910987,972.98943868910987,1347.2547946510401,3830.7452053489656,3830.7452053489656,16.600000000000001
162.5,116,4.1828555240462046,39.759195335158523,15.610695094084361,1.8401459874843842,0.13164642357559878,47.086156729735251,6.1846738795940803,84.146681885526391,4.4263015060834769,231.57369849391631,0.010349189324977075,972.98965081067399,972.98965081067399,1344.0851633491218,3833.9148366508839,3833.9148366508839,16.600000000000001
162.75,116,4.188279260783812,39.817271008540267,15.53451022726326,1.8362896763622882,0.1315396331527425,47.026620421160843,6.1775697027615744,84.293470339299375,4.3952659335414159,231.60473406645838,0.010141585235575306,972.98985841476349,972.98985841476349,1340.9266119001431,3837.0733880998623,3837.0733880998623,16.600000000000001
163,116,4.1937192029565562,39.875410623283464,15.458586717203007,1.8324346913200871,0.1314329736189232,46.967002508820926,6.1704531718045583,84.440089937232585,4.364486439207897,231.63551356079188,0.0099383979378751593,972.99006160206102,972.99006160206102,1337.7791035278206,3840.2208964721844,3840.2208964721844,16.600000000000001
163.25,116,4.1991752442810863,39.933613744989167,15.38292424827022,1.8285810198791097,0.13132644163407453,46.907303549216522,6.1633243542561162,84.586540386744034,4.3339607427581441,231.66603925724164,0.0097395290763252745,972.99026047092264,972.99026047092264,1334.6426015529387,3843.3573984470668,3843.3573984470668,16.600000000000001
163.5,116,4.2046472791475056,39.9918799386543,15.307522503383025,1.8247286500669315,0.13122003389318324,46.847524098238033,6.1561833175642722,84.732821396854632,4.3036865850341162,231.69631341496566,0.0095448825672611592,972.99045511743168,972.99045511743168,1331.5170693933826,3846.4829306066226,3846.4829306066226,16.600000000000001
163.75,116,4.2101352026103935,40.050208768669449,15.232381164000047,1.8208775704125226,0.13111374712616888,46.787664711181414,6.1490301290935889,84.878932678186345,4.273661727845921,231.72633827215384,0.0093543645448565683,972.99064563545414,972.99064563545414,1328.4024705641809,3849.5975294358245,3849.5975294358245,16.600000000000001
164,116,4.215638910379913,40.108599798816961,15.157499910109646,1.8170277699415327,0.13100757809765501,46.72772594276389,6.1418648561269666,85.024873942960397,4.2438839537750237,231.75611604622478,0.00916788330843161,972.9908321166904,972.9908321166904,1325.2987686775434,3852.7012313224618,3852.7012313224618,16.600000000000001
164.25,116,4.2211582988129566,40.167052592270956,15.082878420219455,1.8131792381734619,0.13090152360511942,46.667708347137456,6.1346875658707685,85.170644904993821,4.2143510659793009,231.78564893402049,0.0089853492705002664,972.99101465072829,972.99101465072829,1322.2059274429369,3855.7940725570684,3855.7940725570684,16.600000000000001
164.5,116,4.2266932649045099,40.225566711594873,15.008516371346074,1.8093319651160689,0.13079558047952269,46.607612477904965,6.1274983254548454,85.31624527969862,4.185060887999807,231.81493911199996,0.00880667490692052,972.9911933250919,972.9911933250919,1319.1239106670955,3858.8760893329099,3858.8760893329099,16.600000000000001
164.75,116,4.2322437062790987,40.284141718739569,14.934413439004995,1.8054859412603146,0.13068974558550359,46.54743888813546,6.1202972019334148,85.461674784080401,4.156011263569301,231.84398873643048,0.0086317747081299731,972.99136822529078,972.99136822529078,1316.0526822540344,3861.9473177459713,3861.9473177459713,16.600000000000001
165,116,4.2378095211822906,40.342777175042755,14.860569297200843,1.8016411575765239,0.13058401582054635,46.487188130377838,6.113084262288063,85.606933136736288,4.1272000564225646,231.87279994357723,0.0084605651312379022,972.99153943486772,972.99153943486772,1312.9922062050859,3865.0077937949191,3865.0077937949191,16.600000000000001
165.25,116,4.2433906084723141,40.401472641228118,14.786983618417816,1.7977976055100997,0.13047838811458159,46.426860756674834,6.105859573429826,85.752020057852931,4.0986251501084308,231.90137484989134,0.0082929645534445956,972.99170703544553,972.99170703544553,1309.942446618923,3868.0575533810825,3868.0575533810825,16.600000000000001
165.5,116,4.2489868676117943,40.460227677404276,14.71365607361037,1.7939552769766511,0.13037285942994037,46.366457318577289,6.0986232022005886,85.896935269205244,4.0702844478035534,231.92971555219623,0.0081288932264084908,972.99187110677246,972.99187110677246,1306.9033676915656,3871.0966323084399,3871.0966323084399,16.600000000000001
165.75,116,4.2545981986596058,40.519041843063356,14.640586332194081,1.7901141643565062,0.13026742676167194,46.305978367158808,6.0913752153737599,86.041678494155263,4.0421758721278724,231.9578241278719,0.0079682732315290074,972.99203172676732,972.99203172676732,1303.8749337163786,3874.1250662836269,3874.1250662836269,16.600000000000001
166,116,4.2602245022627425,40.577914697081852,14.567774062036898,1.7862742604923567,0.13016208713611394,46.245424453026885,6.0841156796583178,86.186249457649524,4.0142973649617559,231.98570263503802,0.0078110284372571431,972.99218897156163,972.99218897156163,1300.8571090841033,3877.1428909159022,3877.1428909159022,16.600000000000001
166.25,116,4.2658656796483561,40.636845797719786,14.495218929450509,1.782435558684224,0.13005683761098935,46.184796126336593,6.0768446616998801,86.330647886217903,3.9866468872648264,232.01335311273496,0.0076570844566452084,972.99234291554217,972.99234291554217,1297.8498582828504,3880.1501417171548,3880.1501417171548,16.600000000000001
166.5,116,4.271521632615876,40.695834702620587,14.422920599181959,1.7785980526851006,0.12995167527513843,46.124093936803256,6.0695622280824857,86.474873507972148,3.9592224188964686,232.04077758110333,0.00750636860613162,972.99249363139268,972.99249363139268,1294.8531458980981,3883.1468541019071,3883.1468541019071,16.600000000000001
166.75,116,4.277192263529213,40.754880968810994,14.350878734405537,1.7747617366966983,0.12984659724824218,46.063318433714805,6.0622684453303508,86.618926052604451,3.9320219584379688,232.06797804156179,0.0073588098653241674,972.99264119013355,972.99264119013355,1291.8669366126833,3886.1330633873217,3886.1330633873217,16.600000000000001
167,116,4.2828774753090855,40.813984152701074,14.279092996714827,1.7709266053659858,0.12974160068071197,46.002470165943095,6.0549633799090206,86.762805251386439,3.9050435230162899,232.09495647698347,0.007214338837327432,972.99278566116152,972.99278566116152,1288.8911952067856,3889.1088047932194,3889.1088047932194,16.600000000000001
167.25,116,4.2885771714254002,40.873143810084613,14.207563046115089,1.7670926537803777,0.12963668275331364,45.941549681956246,6.0476470982274986,86.906510837167559,3.878285148129486,232.12171485187028,0.0070728877108120689,972.99292711228816,972.99292711228816,1285.9258865579152,3892.07411344209,3892.07411344209,16.600000000000001
167.5,116,4.2942912558897541,40.932359496139533,14.136288541015791,1.7632598774635178,0.12953184067692142,45.880557529830227,6.0403196666399106,87.05004254437371,3.8517448874737119,232.14825511252604,0.006934390222695045,972.99306560977618,972.99306560977618,1282.9709756408968,3895.0290243591085,3895.0290243591085,16.600000000000001
167.75,116,4.3000196332480174,40.991630765428432,14.065269138223409,1.7594282723713304,0.12942707169233678,45.819494257259841,6.0329811514469327,87.193400109006234,3.8254208127718305,232.17457918722792,0.0067987816215971083,972.99320121837729,972.99320121837729,1280.0264275278425,3897.9735724721627,3897.9735724721627,16.600000000000001
168,116,4.3057622085730118,41.050957171899242,13.994504492934432,1.7555978348879455,0.12932237307009437,45.758360411569655,6.0256316188972718,87.336583268640695,3.7993110136036004,232.20068898639616,0.0066659986322803498,972.99333400136663,972.99333400136663,1277.0922073881229,3900.9077926118821,3900.9077926118821,16.600000000000001
168.25,116,4.3115188874572459,41.110338268886771,13.923994258728662,1.7517685618217982,0.12921774210969583,45.697156539724446,6.0182711351904725,87.479591762425017,3.7734135972374614,232.22658640276231,0.0065359794207527338,972.99346402057813,972.99346402057813,1274.1682804883533,3903.831719511651,3903.831719511651,16.600000000000001
168.5,116,4.3172895760057406,41.169773609114287,13.853738087562681,1.7479404504017644,0.12911317613883266,45.635883188339342,6.0108997664797261,87.62242533107775,3.7477266884638669,232.2522733115359,0.0064086635602149822,972.99359133643861,972.99359133643861,1271.254612192374,3906.7453878076303,3906.7453878076303,16.600000000000001
168.75,116,4.3230741808290274,41.229262744693521,13.78373562976353,1.7441134982729365,0.12900867251425147,45.574540903690213,6.0035175788708353,87.765083716888313,3.7222484294301017,232.27775157056965,0.0062839919984042352,972.99371600800055,972.99371600800055,1268.3511679611802,3909.6488320388248,3909.6488320388248,16.600000000000001
169,116,4.3288726090361518,41.288805227126737,13.71398653402265,1.7402877034928415,0.12890422862092865,45.513130231723295,5.9961246384251012,87.907566663715272,3.6969769794766894,232.30302302052309,0.0061619070251620819,972.99383809297376,972.99383809297376,1265.4579133528971,3912.5420866471072,3912.5420866471072,16.600000000000001
169.25,116,4.3346847682277723,41.348400607308314,13.644490447390044,1.7364630645275885,0.12879984187170204,45.451651718064582,5.9887210111611315,88.049873916985035,3.6719105149752984,232.32808948502446,0.0060423522409542539,972.99395764775795,972.99395764775795,1262.5748140227404,3915.4251859772648,3915.4251859772648,16.600000000000001
169.5,116,4.3405105664893693,41.408048435526446,13.575247015268653,1.7326395802479326,0.12869550970706306,45.390105908029156,5.9813067630562671,88.192005223691012,3.6470472291681566,232.35295277083159,0.0059252725261237961,972.99407472747282,972.99407472747282,1259.7018357229651,3918.2981642770401,3918.2981642770401,16.600000000000001
169.75,116,4.3463499123846008,41.467748261463271,13.506255881408855,1.7288172499243406,0.12859122959642258,45.32849334663134,5.9738819600447073,88.333960332394426,3.6223853320089199,232.37761466799085,0.0058106140105690035,972.99418938598831,972.99418938598831,1256.8389443027745,3921.16105569723,3921.16105569723,16.600000000000001
170,116,4.3522027149485929,41.527499634198549,13.437516687903397,1.7249960732241969,0.12848699903633312,45.266814578592296,5.9664466680224093,88.475738993221469,3.5979230500050816,232.40207694999467,0.0056983240448156393,972.99430167595403,972.99430167595403,1253.9861057083083,3924.0138942916965,3924.0138942916965,16.600000000000001
170.25,116,4.3580688836814057,41.587302102211638,13.369029075182391,1.7211760502078282,0.12838281555044417,45.205070148348653,5.959000952848112,88.617340957862666,3.5736586260618073,232.42634137393796,0.0055883511714247261,972.99441164882751,972.99441164882751,1251.143285982577,3926.8567140174277,3926.8567140174277,16.600000000000001
170.5,116,4.3639483285415732,41.647155213383328,13.300792682008593,1.7173571813244701,0.12827867668957257,45.143260600061019,5.9515448803440751,88.75876597957236,3.5495903193272245,232.45040968067252,0.0054806450970741067,972.99451935490185,972.99451935490185,1248.3104512653947,3929.6895487346101,3929.6895487346101,16.600000000000001
170.75,116,4.369840959939733,41.707058514998259,13.232807145472837,1.7135394674083904,0.1281745800315803,45.081386477622004,5.944078516297238,88.900013813168044,3.5257164050391583,232.47428359496061,0.0053751566653662316,972.99462484333355,972.99462484333355,1245.4875677933107,3932.512432206694,3932.512432206694,16.600000000000001
171,116,4.3757466887322725,41.767011553748247,13.165072100989793,1.7097229096759399,0.12807052318036424,45.019448324663145,5.9366019264622745,89.04108421502859,3.502035174373308,232.49796482562644,0.0052718378300958026,972.99472816216883,972.99472816216883,1242.6746018995616,3935.3253981004436,3935.3253981004436,16.600000000000001
171.25,116,4.3816654262151111,41.827013875735219,13.09758718229387,1.7059075097219893,0.1279665037654838,44.957446684562164,5.9291151765632408,89.18197694309336,3.478544934292823,232.52145506570693,0.0051706416293000566,972.99482935836954,972.99482935836954,1239.8715200140045,3938.1284799860005,3938.1284799860005,16.600000000000001
171.5,116,4.3875970841175924,41.887065026472847,13.030352021435291,1.7020932695151461,0.12786251944302454,44.89538210045135,5.92161833229257,89.322691756862724,3.4552440073992705,232.54475599260047,0.0050715221602098065,972.9949284778387,972.9949284778387,1237.0782886630159,3940.9217113369896,3940.9217113369896,16.600000000000001
171.75,116,4.3935415745964068,41.947164550890179,12.963366248776472,1.6982801913946697,0.12775856789481282,44.833255115223892,5.9141114593135704,89.463228417396678,3.4321307317850103,232.56786926821474,0.0049744345544491184,972.99502556544439,972.99502556544439,1234.2948744694286,3943.7051255305764,3943.7051255305764,16.600000000000001
172,116,4.3994988102295869,42.00731199333481,12.896629492988556,1.6944682780669009,0.1276546468281437,44.771066271540526,5.9065946232618156,89.603586687314149,3.4092034608869479,232.5907965391128,0.0048793349539491366,972.99512066504496,972.99512066504496,1231.5212441524525,3946.4787558475527,3946.4787558475527,16.600000000000001
172.25,116,4.4054687040106018,42.067506897576159,12.830141381048199,1.6906575326015341,0.12755075397560831,44.708816111836072,5.8990678897463162,89.743766330792369,3.3864605633416511,232.61353943665807,0.0047861804873997075,972.99521381951138,972.99521381951138,1228.7573645275934,3949.2426354724112,3949.2426354724112,16.600000000000001
172.5,116,4.4114511693425467,42.127748806808242,12.763901538234489,1.6868479584270066,0.1274468870954287,44.646505178326741,5.8915313243496961,89.883767113566748,3.3639004228418257,232.63609957715792,0.0046949292470526366,972.99530507075178,972.99530507075178,1226.0032025065532,3951.9967974934516,3951.9967974934516,16.600000000000001
172.75,116,4.417446120032344,42.188037263654067,12.697909588126198,1.6830395593281327,0.12734304397054316,44.584134013014882,5.8839849926307695,90.023588802929595,3.3415214379941269,232.65847856200563,0.0046055402666057531,972.99539445973221,972.99539445973221,1223.2587250971585,3954.7412749028458,3954.7412749028458,16.600000000000001
173,116,4.4234534702850761,42.248371810169118,12.63216515259915,1.6792323394422539,0.12723922240853119,44.521703157694986,5.8764289601254776,90.163231167729705,3.3193220221783042,232.68067797782143,0.004517973499272839,972.99548202649953,972.99548202649953,1220.523899403267,3957.476100596738,3957.476100596738,16.600000000000001
173.25,116,4.4294731346983607,42.308751987845191,12.566667851823839,1.6754263032555603,0.12713542024145535,44.459213153959404,5.8688632923479735,90.302693978371863,3.2973006034076686,232.7026993965921,0.0044321897964175877,972.99556781020249,972.99556781020249,1217.7986926246717,3960.2013073753328,3960.2013073753328,16.600000000000001
173.5,116,4.4355050282568245,42.369177337614346,12.501417304263223,1.6716214555995206,0.12703163532564873,44.396664543203642,5.8612880547917845,90.441977006816288,3.2754556241908661,232.72454437580888,0.0043481508867267435,972.99565184911205,972.99565184911205,1215.0830720570063,3962.916927942998,3962.916927942998,16.600000000000001
173.75,116,4.4415490663266404,42.429647399852797,12.43641312667074,1.6678178016477032,0.12692786554173605,44.334057866631099,5.8537033129302642,90.581080026578562,3.2537855413949299,232.74621445860481,0.0042658193556992137,972.99573418064324,972.99573418064324,1212.3770050916364,3965.6229949083681,3965.6229949083681,16.600000000000001
174,116,4.4476051646501427,42.490161714385181,12.37165493408852,1.6640153469121695,0.1268241087943939,44.271393665258088,5.8461091322178218,90.72000281272912,3.2322888261096412,232.76771117389009,0.0041851586258450958,972.99581484137298,972.99581484137298,1209.6804592155602,3968.3195407844446,3968.3195407844446,16.600000000000001
174.25,116,4.4536732393404872,42.550719820489057,12.307142339845839,1.6602140972397441,0.12672036301204015,44.208672479918647,5.8385055780913468,90.858745141892484,3.2109639635131639,232.78903603648658,0.0041061329374299013,972.99589386706145,972.99589386706145,1206.9934020113092,3971.0065979886954,3971.0065979886954,16.600000000000001
174.5,116,4.4597532068764112,42.611321256899302,12.242874955557721,1.6564140588087066,0.12661662614677865,44.145894851268771,5.8308927159708599,90.997306792247258,3.1898094527389222,232.81019054726082,0.0040287073294862042,972.99597129266931,972.99597129266931,1204.3158011568369,3973.6841988431675,3973.6841988431675,16.600000000000001
174.75,116,4.4658449840970604,42.671965561812648,12.178852391123772,1.6526152381253547,0.12651289617427205,44.083061319790644,5.823270611260364,91.135687543525705,3.1688238067437409,232.831176193256,0.0039528476213528214,972.99604715237751,972.99604715237751,1201.647624425407,3976.3523755745973,3976.3523755745973,16.600000000000001
175,116,4.4719484881968565,42.732652272892643,12.115074254727226,1.6488176420206502,0.12640917109337152,44.020172425796446,5.8156393293492714,91.273887177013137,3.1480055521772323,232.85199444782251,0.0038785203946063145,972.99612147960431,972.99612147960431,1198.9888396854881,3979.0111603145174,3979.0111603145174,16.600000000000001
175.25,116,4.4780636367204156,42.793380927275521,12.0515401528342,1.6450212776470363,0.12630544892512793,43.957228709431881,5.8079989356153243,91.411905475546547,3.1273532292524169,232.87264677074734,0.0038056929752979321,972.99619430702353,972.99619430702353,1196.3394149006617,3981.6605850993433,3981.6605850993433,16.600000000000001
175.5,116,4.4841903475576288,42.85415106157393,11.988249690193095,1.6412261524748193,0.12620172771369428,43.894230710679906,5.8003494954228767,91.549742223515722,3.1068653916175308,232.89313460838221,0.0037343334170018908,972.99626566658185,972.99626566658185,1193.6993181294765,3984.3006818705289,3984.3006818705289,16.600000000000001
175.75,116,4.4903285389387371,42.914962211882582,11.925202469834227,1.6374322742889296,0.12609800552575806,43.831178969363968,5.792691074124745,91.687397206862485,3.0865406062290601,232.91345939377067,0.0036644104839758601,972.99633558951484,972.99633558951484,1191.0685175253384,3986.9314824746671,3986.9314824746671,16.600000000000001
176,116,4.4964781294294793,42.975813913783696,11.862398093069659,1.6336396511856428,0.12599428045023314,43.768074025150916,5.7850237370634066,91.824870213080246,3.066377453225976,232.93362254677376,0.0035958936347801809,972.99640410636414,972.99640410636414,1188.4469813363955,3989.5530186636101,3989.5530186636101,16.600000000000001
176.25,116,4.5026390379263121,43.036705702352442,11.799836159493235,1.6298482915692978,0.12589055059802007,43.70491641755391,5.7773475495720099,91.96216103121364,3.0463745258051489,232.95362547419458,0.0035287530062963093,972.99647124699254,972.99647124699254,1185.8346779054148,3992.1653220945905,3992.1653220945905,16.600000000000001
176.5,116,4.5088111836517646,43.097637112161209,11.737516266980728,1.6260582041482934,0.12578681410297934,43.641706685935731,5.7696625769725269,92.09926945185984,3.026530430097913,232.97346956990182,0.0034629593979471807,972.99653704060086,972.99653704060086,1183.2315756696269,3994.7684243303784,3994.7684243303784,16.600000000000001
176.75,116,4.5149944861497477,43.158607677286234,11.675438011690298,1.6222693979323011,0.12568306912092872,43.578445369510767,5.7619688845785211,92.23619526716729,3.0068437850478387,232.99315621495188,0.0033984842565844163,972.99660151574233,972.99660151574233,1180.6376431606211,3997.3623568393841,3997.3623568393841,16.600000000000001
177,116,4.5211888652809469,43.219616931313787,11.6136009880631,1.6184818822292235,0.12557931382908194,43.51513300734694,5.7542665376968554,92.372938270834908,2.9873132222896466,233.01268677771006,0.003335299661675368,972.99666470033731,972.99666470033731,1178.0528490042268,3999.9471509957789,3999.9471509957789,16.600000000000001
177.25,116,4.5273942412183334,43.280664407345675,11.552004788824078,1.6146956666417105,0.12547554642624617,43.451770138368019,5.7465556016276134,92.509498258112444,2.9679373860292522,233.03206261397045,0.0032733783107351724,972.99672662168814,972.99672662168814,1175.4771619203718,4002.5228380796334,4002.5228380796334,16.600000000000001
177.5,116,4.5336105344427038,43.341749638005268,11.490649004982938,1.6109107610638957,0.12537176513267273,43.388357301355441,5.7388361416648035,92.64587502580035,2.9487149329249474,233.05128506707479,0.0032126935051604343,972.99678730649373,972.99678730649373,1172.9105507229501,4005.0894492770553,4005.0894492770553,16.600000000000001
177.75,116,4.5398376657382897,43.402872155443667,11.429533225835319,1.6071271756781591,0.12526796818990904,43.324895034949968,5.7311082230970536,92.782068372249697,2.9296445319697098,233.07035546803002,0.0031532191363965252,972.9968467808626,972.9968467808626,1170.3529843196834,4007.6470156803225,4007.6470156803225,16.600000000000001
178,116,4.5460755561884225,43.464031491346084,11.368657038964162,1.6033449209523518,0.12516415386044033,43.26138387765269,5.7233719112086607,92.9180780973618,2.9107248643746106,233.08927513562512,0.0030949296721228883,972.99690507032687,972.99690507032687,1167.8044317119895,4010.1955682880161,4010.1955682880161,16.600000000000001
178.25,116,4.5523241271712642,43.525227176938188,11.308020030241252,1.5995640076363102,0.12506032042768242,43.197824367826541,5.7156272712799812,93.053904002588339,2.891954623453346,233.10804537654639,0.0030378001432646074,972.9969621998556,972.9969621998556,1165.2648619948391,4012.7351380051668,4012.7351380051668,16.600000000000001
178.5,116,4.5585833003556102,43.586458742992455,11.247621783828945,1.5957844467585403,0.12495646619590611,43.134217043697475,5.7078743685879099,93.189545890931328,2.8733325145078483,233.12666748549188,0.0029818061312130448,972.9970181938678,972.9970181938678,1162.7342443566138,4015.2657556433919,4015.2657556433919,16.600000000000001
178.75,116,4.5648529976967369,43.647725719834867,11.187461882182102,1.5920062496232035,0.1248525894900287,43.070562443355151,5.7001132684065956,93.325003566943025,2.8548572547149837,233.14514274528472,0.0029269237551551859,972.99707307624374,972.99707307624374,1160.2125480789625,4017.7874519210436,4017.7874519210436,16.600000000000001
179,116,4.571133141432318,43.709027637351625,11.127539906050178,1.5882294278069924,0.12474868865547277,43.006861104753575,5.6923440360080058,93.460276836725882,2.8365275730143202,233.16347242698541,0.0028731296597954742,972.99712687033923,972.99712687033923,1157.6997425366574,4020.3002574633483,4020.3002574633483,16.600000000000001
179.25,116,4.5774236540783866,43.770364024996013,11.067855434479505,1.5844539931560173,0.12464476205802102,42.943113565711549,5.6845667366624832,93.595365507932527,2.8183422099969619,233.18165779000279,0.0028204010033667966,972.99717959899556,972.99717959899556,1155.1957971974464,4022.8042028025598,4022.8042028025598,16.600000000000001
179.5,116,4.5837244584253529,43.831734411795694,11.008408044815793,1.5806799577825117,0.12454080808335269,42.879320363913088,5.6767814356401658,93.730269389765212,2.80029991779544,233.19970008220429,0.0027687154457304314,972.99723128455321,972.99723128455321,1152.7006816219164,4025.2993183780895,4025.2993183780895,16.600000000000001
179.75,116,4.5900354775340979,43.893138326359583,10.949197312706742,1.5769073340618704,0.12443682513708686,42.815482036907348,5.6689881982109815,93.864988292976079,2.7823994599746422,233.2176005400251,0.0027180511370684941,972.99728194886188,972.99728194886188,1150.2143654633371,4027.7856345366686,4027.7856345366686,16.600000000000001
180,116,4.5963566347321274,43.954575296884975,10.890222812104888,1.5731361346296369,0.12433281164472257,42.751599122108523,5.6611870896449137,93.999522029867421,2.7646396114237723,233.23536038857597,0.0026683867067866691,972.9973316132922,972.9973316132922,1147.7368184675049,4030.2631815325008,4030.2631815325008,16.600000000000001
180.25,116,4.602687853609762,44.016044851164921,10.831484115270593,1.5693663723783791,0.1242287660513671,42.687672156795557,5.6533781752128336,94.13387041429138,2.7470191582493459,233.25298084175037,0.0026197012525548936,972.99738029874629,972.99738029874629,1145.2680104725951,4032.7319895274109,4032.7319895274109,16.600000000000001
180.5,116,4.6090290580163975,44.077546516595739,10.772980792775249,1.565598060454638,0.12412468682155353,42.623701678111665,5.6455615201870604,94.268033261649947,2.7295368976691958,233.27046310233055,0.0025719743296667721,972.99742802566925,972.99742802566925,1142.8079114090076,4035.1920885909981,4035.1920885909981,16.600000000000001
180.75,116,4.6153801720568115,44.139079820184527,10.714712413504623,1.5618312122558864,0.12402057243906867,42.559688223063695,5.6377371898418831,94.402010388894951,2.712191637907484,233.28780836209225,0.0025251859406484013,972.99747481405836,972.99747481405836,1140.3564912992122,4037.6435087007935,4037.6435087007935,16.600000000000001
181,116,4.6217411200875711,44.200644288556084,10.656678544662364,1.5580658414274178,0.1239164214074782,42.495632328521438,5.6299052494522686,94.535801614529134,2.6949821980906838,233.30501780190906,0.0024793165248936356,972.99752068347402,972.99752068347402,1137.9137202575696,4040.0862797424361,4040.0862797424361,16.600000000000001
181.25,116,4.6281118267134334,44.2622394479611,10.598878751773725,1.5543019618593767,0.12381223224955479,42.431534531216521,5.6220657642953702,94.669406758605561,2.6779074081445935,233.32209259185515,0.0024343469488890476,972.99756565305006,972.99756565305006,1135.479568490186,4042.5204315098199,4042.5204315098199,16.600000000000001
181.5,116,4.6344922167838094,44.323864824284243,10.541312598689457,1.5505395876837822,0.12370800350691583,42.367395367741231,5.614218799651483,94.802825642727228,2.6609661086923202,233.33903389130742,0.0023902584966096398,972.9976097415024,972.9976097415024,1133.0540062947587,4044.945993705247,4044.945993705247,16.600000000000001
181.75,116,4.6408822153893068,44.385519943051847,10.483979647589846,1.546778733271498,0.12360373374013514,42.3032153745472,5.6063644208037635,94.936058090047666,2.6441571509532165,233.35584284904652,0.0023470328599968357,972.99765296713906,972.99765296713906,1130.6370040604072,4047.3629959395985,4047.3629959395985,16.600000000000001
182,116,4.6472817478583206,44.447204329439877,10.426879458988932,1.5430194132292427,0.12349942152865605,42.238995087943891,5.5985026930384398,95.069103925270937,2.6274793966427854,233.37252060335695,0.002304652129727323,972.99769534786924,972.99769534786924,1128.2285322675073,4049.7714677324989,4049.7714677324989,16.600000000000001
182.25,116,4.6536907397536744,44.508917508282046,10.370011591738894,1.539261642396617,0.1233950654706983,42.174735044096963,5.5906336816450128,95.20196297465192,2.6109317178735361,233.3890682821262,0.002263098786197825,972.99773690121287,972.99773690121287,1125.8285614875251,4052.171438512481,4052.171438512481,16.600000000000001
182.5,116,4.6601091168692577,44.570659004078891,10.313375603034647,1.5355054358434435,0.12329066418235572,42.110435779026041,5.5827574519184733,95.334635065995144,2.5945129970567939,233.40548700294295,0.0022223556905643827,972.99777764430848,972.99777764430848,1123.4370623828738,4054.5629376171323,4054.5629376171323,16.600000000000001
182.75,116,4.6665368052267979,44.632428341005635,10.256971048418531,1.5317508088666474,0.12318621629797086,42.046097828602946,5.5748740691582963,95.467120028655728,2.5782221268054295,233.42177787319432,0.0021824060762386591,972.99781759392283,972.99781759392283,1121.0540057067315,4056.9459942932745,4056.9459942932745,16.600000000000001
183,116,4.6729737310726751,44.694225042920202,10.2007974817852,1.5279977769872308,0.12308172047028985,41.981721728549601,5.5669835986679805,95.599417693539806,2.5620580098375174,233.43794199016222,0.0021432335405448832,972.99785676645843,972.99785676645843,1118.6793623028625,4059.3206376971439,4059.3206376971439,16.600000000000001
183.25,116,4.6794198208747471,44.756048633372153,10.144854455386682,1.5242463559474722,0.12297717537005594,41.917308014435569,5.5590861057559593,95.731527893104385,2.5460195588809182,233.45398044111883,0.0021048220364665938,972.99789517796262,972.99789517796262,1116.3131031054565,4061.6868968945491,4061.6868968945491,16.600000000000001
183.5,116,4.6858750013192347,44.817898635611364,10.089141519837597,1.520496561708049,0.12287257968584452,41.852857221675514,5.5511816557358928,95.863450461357218,2.5301056965787652,233.46989430342097,0.0020671558646359364,972.99793284413443,972.99793284413443,1113.9551991389585,4064.0448008610479,4064.0448008610479,16.600000000000001
183.75,116,4.6923391993076695,44.879774572596723,10.03365822412054,1.5167484104451714,0.12276793212390344,41.788369885526521,5.5432703139269357,95.995185233857043,2.5143153553958557,233.48568464460388,0.0020302196655097803,972.99796978033351,972.99796978033351,1111.6056215178958,4066.3943784821104,4066.3943784821104,16.600000000000001
184,116,4.6988123419539143,44.94167596700445,9.9784041155915837,1.5130019185473225,0.12266323140859113,41.723846541085706,5.5353521456525421,96.12673204771437,2.4986474775259073,233.50135252247384,0.0019939984115884407,972.99800600158744,972.99800600158744,1109.2643414466902,4068.7356585533157,4068.7356585533157,16.600000000000001
184.25,116,4.7052943565811827,45.003602341237332,9.9233787399860045,1.5092571026126387,0.12255847628188068,41.659287723286951,5.5274272162415041,96.258090741591133,2.4831010147997357,233.51689898519999,0.0019584774000350304,972.9980415225989,972.9980415225989,1106.931330219493,4071.0686697805136,4071.0686697805136,16.600000000000001
184.5,116,4.7117851707191161,45.065553217434029,9.8685816414241483,1.5055139794462022,0.12245366550301136,41.59469396689763,5.5194955910286163,96.38926115570051,2.4676749285943043,233.53232507140544,0.001923642245435969,972.99807635775358,972.99807635775358,1104.6065592200148,4073.3934407799911,4073.3934407799911,16.600000000000001
184.75,116,4.7182847121009379,45.127528117477958,9.8140123624174258,1.5017725660570569,0.12234879784856517,41.530065806515474,5.5115573353542979,96.520243131807305,2.4523681897426197,233.54763181025712,0.0018894788726336528,972.99811052112636,972.99811052112636,1102.2899999213444,4075.7100000786618,4075.7100000786618,16.600000000000001
185,116,4.7247929086606302,45.189526563006467,9.7596704438744908,1.4980328796553604,0.12224387211236185,41.465403776565168,5.5036125145646428,96.651036513228092,2.4371797784445017,233.56282022155523,0.0018559735097709391,972.99814402648929,972.99814402648929,1099.9816238857686,4078.0183761142371,4078.0183761142371,16.600000000000001
185.25,116,4.7313096885301755,45.251548075420089,9.7055554251075549,1.4942949376495429,0.12213888710535585,41.400708411294829,5.4956611940114364,96.781641144831397,2.4221086841781996,233.57789131582155,0.0018231126814972555,972.99817688731753,972.99817688731753,1097.6814027645942,4080.3185972354117,4080.3185972354117,16.600000000000001
185.5,116,4.7378349800368209,45.313592175892076,9.6516668438388749,1.4905587576438133,0.12203384165537871,41.33598024477191,5.487703439052436,96.912056873037699,2.4071539056128377,233.59284609438691,0.0017908832022050258,972.99820911679683,972.99820911679683,1095.3893082979694,4082.6106917020365,4082.6106917020365,16.600000000000001
185.75,116,4.7443687117004147,45.375658385377719,9.5980042362073767,1.4868243574351596,0.12192873460713029,41.271219810879572,5.479739315051174,97.0422835458197,2.3923144505217202,233.60768554947802,0.0017592721696210551,972.9982407278294,972.9982407278294,1093.1053123147003,4084.8946876853056,4084.8946876853056,16.600000000000001
186,116,4.750910812230777,45.43774622462383,9.5445671367754272,1.4830917550104383,0.12182356482213862,41.206427643312807,5.4717688873768155,97.172321012702497,2.3775893356964599,233.62241066430326,0.0017282669585215091,972.9982717330405,972.9982717330405,1090.8293867320685,4087.1706132679374,4087.1706132679374,16.600000000000001
186.25,116,4.7574612105251139,45.499855214178389,9.4913550785357668,1.4793609685437112,0.12171833117860932,41.141604275574167,5.4637922214041756,97.30216912476368,2.3629775868619185,233.63702241313783,0.0016978552145024059,972.99830214478447,972.99830214478447,1088.5615035556468,4089.4384964443589,4089.4384964443589,16.600000000000001
186.5,116,4.7640198356654837,45.561984874400203,9.4383675929185902,1.4756320163934922,0.12161303257132798,41.076750240969481,5.4558093825136309,97.431827734633586,2.3484782385919587,233.65152176140776,0.0016680248479357851,972.99833197515102,972.99833197515102,1086.3016348791159,4091.6983651208898,4091.6983651208898,16.600000000000001
186.75,116,4.7705866169162974,45.624134725468735,9.3856042097987604,1.4719049171000054,0.12150766791156042,41.011866072603382,5.4478204360910087,97.56129669649539,2.3340903342260071,233.66590966577374,0.0016387640280659174,972.99836123597095,972.99836123597095,1084.0497528840781,4093.9502471159276,4093.9502471159276,16.600000000000001
187,116,4.7771614837218497,45.68630428739425,9.3330644575031965,1.4681796893823011,0.12140223612666187,40.946952303374928,5.4398254475283458,97.690575866084671,2.3198129257864104,233.68018707421334,0.0016100611771447213,972.9983899388219,972.9983899388219,1081.8058298398828,4096.1941701601227,4096.1941701601227,16.600000000000001
187.25,116,4.7837443657039254,45.748493080027551,9.2807478628183784,1.4644563521356195,0.12129673616013038,40.882009465972772,5.4318244822232931,97.819665100689917,2.3056450738965824,233.69435492610316,0.001581904964852984,972.99841809503414,972.99841809503414,1079.5698381034338,4098.4301618965719,4098.4301618965719,16.600000000000001
187.5,116,4.7903351926594384,45.810700623069934,9.228653950998007,1.460734924428734,0.12119116697160122,40.817038092870291,5.423817605578666,97.948564259152818,2.2915858476999356,233.70841415229981,0.0015542843028338992,972.99844571569611,972.99844571569611,1077.3417501189967,4100.6582498810094,4100.6582498810094,16.600000000000001
187.75,116,4.7969338945581077,45.872926436083397,9.1767822457707897,1.4570154255011938,0.12108552753662245,40.752038716320676,5.4158048830026582,98.077273201868167,2.2776343247795876,233.72236567522015,0.0015271883392823623,972.99847281165967,972.99847281165967,1075.1215384180168,4102.8784615819895,4102.8784615819895,16.600000000000001
188,116,4.8035404015401744,45.935170038500829,9.125132269348402,1.4532978747606247,0.12097981684651835,40.687011868351846,5.407786379908754,98.205791790783962,2.2637895910788317,233.73621040892093,0.0015006064536914369,972.99849939354533,972.99849939354533,1072.9091756189293,4105.0908243810773,4105.0908243810773,16.600000000000001
188.25,116,4.8101546439141591,45.997430949636332,9.0737035424335506,1.4495822917800403,0.12087403390825734,40.621958080761203,5.3997621617156204,98.334119889401435,2.2500507408223736,233.74994925917736,0.0014745282517201097,972.99852547174726,972.99852547174726,1070.7046344269718,4107.2953655730344,4107.2953655730344,16.600000000000001
188.5,116,4.8167765521547041,46.059708688694869,9.022495584228178,1.4458686962951079,0.12076817774488144,40.556877885110431,5.3917322938454362,98.462257362776086,2.2364168764382883,233.76358312356143,0.0014489435600871315,972.99855105643894,972.99855105643894,1068.5078876339755,4109.4921123660297,4109.4921123660297,16.600000000000001
188.75,116,4.8234060569003976,46.122002774783084,8.9715079124418189,1.4421571082015068,0.1206622473950861,40.491771812719918,5.3836968417245457,98.590204077517242,2.2228871084807693,233.77711289151895,0.0014238424217231805,972.9985761575773,972.9985761575773,1066.3189081181856,4111.6810918818201,4111.6810918818201,16.600000000000001
189,116,4.8300430889516459,46.184312726919963,8.9207400433001105,1.4384475475522829,0.12055624191289964,40.426640394663195,5.3756558707838211,98.717959901787793,2.2094605555536111,233.79053944444613,0.0013992150910210736,972.99860078490792,972.99860078490792,1064.1376688440746,4113.8623311559313,4113.8623311559313,16.600000000000001
189.25,116,4.8366875792686148,46.246638064047161,8.8701914915533937,1.4347400345551757,0.12045016036779267,40.361484161761247,5.3676094464578261,98.845524705304683,2.1961363442344042,233.80386365576533,0.0013750520291267274,972.99862494796992,972.99862494796992,1061.9641428621442,4116.035857137862,4116.035857137862,16.600000000000001
189.5,116,4.8433394589691963,46.30897830503951,8.8198617704854687,1.4310345895699674,0.12034400184461447,40.296303644576703,5.359557634184438,98.972898359338913,2.1829136089994625,233.81708639100026,0.0013513438993690854,972.99864865609959,972.99864865609959,1059.7983033087312,4118.2016966912752,4118.2016966912752,16.600000000000001
189.75,116,4.8499986593270172,46.371332968715691,8.7697503919224857,1.4273312331058439,0.12023776544352788,40.231099373407915,5.3515004994044659,99.100080736715867,2.1697914921494701,233.83020850785024,0.0013280815627952022,972.99867191843634,972.99867191843634,1057.6401234058114,4120.3598765941952,4120.3598765941952,16.600000000000001
190,116,4.8566651117694537,46.433701573849525,8.7198568662419813,1.4236299858189689,0.12013145027936836,40.165871878282672,5.3434381075627675,99.227071711814347,2.1567691437358394,233.84323085626389,0.001305256073734231,972.99869474392528,972.99869474392528,1055.4895764608223,4122.5104235391836,4122.5104235391836,16.600000000000001
190.25,116,4.8633387478757308,46.496083639180455,8.6701807023820017,1.4199308685097647,0.12002505548187525,40.100621688952167,5.335370524107045,99.353871160567252,2.143845721487776,233.85615427851195,0.0012828586755745546,972.99871714132348,972.99871714132348,1053.3466358664587,4124.6533641335482,4124.6533641335482,16.600000000000001
190.5,116,4.8700194993750623,46.55847868342407,8.6207214078503736,1.4162339021202315,0.11991858019583895,40.035349334884785,5.3272978144868501,99.480478960462037,2.1310203907400393,233.8689796092597,0.0012608807966288332,972.99873911920247,972.99873911920247,1051.2112751004681,4126.7887248995385,4126.7887248995385,16.600000000000001
190.75,116,4.8767072981448001,46.6208862252833,8.5714784887341064,1.4125391077314382,0.11981202358079701,39.970055345259659,5.3192200441537612,99.60689499054034,2.1182923243613985,233.88170767563832,0.0012393140460378203,972.99876068595302,972.99876068595302,1049.0834677254616,4128.9165322745448,4128.9165322745448,16.600000000000001
191,116,4.883402076208629,46.683305783459375,8.5224514497089174,1.4088465065609572,0.11970538481091583,39.904740248960117,5.3111372785610582,99.733119131398141,2.1056607026837719,233.89433929731595,0.0012181502097929017,972.99878184978922,972.99878184978922,1046.9631873887174,4131.0368126112899,4131.0368126112899,16.600000000000001
191.25,116,4.8901037657348025,46.745736876662939,8.4736397940488715,1.4051561199603113,0.11959866307487316,39.839404574567062,5.3030495831633804,99.859151265185602,2.0931247134320436,233.9068752865677,0.0011973812468498294,972.99880261875217,972.99880261875217,1044.8504078219842,4133.1495921780233,4133.1495921780233,16.600000000000001
191.5,116,4.8968122990344316,46.808179023624717,8.4250430236361513,1.401467969412163,0.11949185757611563,39.774048850352557,5.2949570234154297,99.984991275607683,2.0806835516545354,233.9193164483452,0.0011769992852665361,972.99882300071386,972.99882300071386,1042.7451028412743,4135.254897158733,4135.254897158733,16.600000000000001
191.75,116,4.9035276085597861,46.870631743106919,8.3766606389709288,1.3977820765279132,0.11938496753255422,39.708673604272811,5.2868596647720674,100.11063904792384,2.0683364196541749,233.93166358034557,0.0011569966185263024,972.99884300338056,972.99884300338056,1040.6472463466705,4137.3527536533365,4137.3527536533365,16.600000000000001
192,116,4.9102496269026261,46.933094553914628,8.3284921391814013,1.3940984630452684,0.11927799217630478,39.643279363961156,5.2787575726882814,100.23609446894768,2.0560825269203153,233.94391747307944,0.0011373657019386914,972.9988626342971,972.9988626342971,1038.5568123221321,4139.4431876778744,4139.4431876778744,16.600000000000001
192.25,116,4.9169782867925935,46.995566974906893,8.2805370220338972,1.3904171508256151,0.11917093075372844,39.577866656721149,5.2706508126183875,100.36135742704732,2.043921090061203,233.95607890993853,0.0011180991490721199,972.99888190084994,972.99888190084994,1036.4737748352923,4141.5262251647146,4141.5262251647146,16.600000000000001
192.5,116,4.9237135210956255,47.058048525008076,8.2327947839431239,1.3867381618514827,0.11906378252534942,39.51243600951944,5.2625394500155327,100.48642781214517,2.0318513327370873,233.96814866726265,0.0010991897282899784,972.99890081027081,972.99890081027081,1034.3981080372585,4143.6018919627486,4143.6018919627486,16.600000000000001
192.75,116,4.930455262812413,47.120538723219177,8.1852649199825187,1.3830615182240205,0.11895654676577481,39.446987948978595,5.25442355033117,100.61130551571802,2.0198724855939814,233.98012751440575,0.0010806303593658717,972.99891936963968,972.99891936963968,1032.3297861624117,4145.6702138375958,4145.6702138375958,16.600000000000001
193,116,4.9372034450768751,47.183037088629298,8.1379469238947255,1.3793872421606972,0.11884922276355239,39.381523001369558,5.2463031790145678,100.735990430797,2.007983786198035,233.99201621380172,0.0010624141101203345,972.99893758588894,972.99893758588894,1030.2687835282059,4147.7312164718014,4147.7312164718014,16.600000000000001
193.25,116,4.9439580011546882,47.245543140427088,8.0908402881021679,1.3757153559926907,0.11874180982112617,39.316041692604387,5.2381784015122248,100.8604824519675,1.9961844789705647,234.00381552102917,0.0010445341932166184,972.99895546580592,972.99895546580592,1028.2150745349675,4149.78492546504,4149.78492546504,16.600000000000001
193.5,116,4.9507188644418418,47.308056397912189,8.0439445037177482,1.3720458821623067,0.11863430725478824,39.250544548228852,5.2300492832672543,100.98478147536916,1.9844738151237018,234.01552618487605,0.001026983963025458,972.99897301603596,972.99897301603596,1026.1686336656931,4151.8313663343142,4151.8313663343142,16.600000000000001
193.75,116,4.9574859684632298,47.370576380506812,7.997259060555642,1.3683788432205863,0.11852671439458146,39.185032093414762,5.2219158897188045,101.10888739869573,1.9728510525966463,234.02714894740308,0.0010097569125166899,972.99899024308661,972.99899024308661,1024.1294354858469,4153.8705645141599,4153.8705645141599,16.600000000000001
194,116,4.9642592468712641,47.433102607767331,7.9507834471422134,1.3647142618248496,0.11841903058422605,39.119504852952311,5.2137782863014293,101.23280012119508,1.9613154559925372,234.0386845440072,0.00099284667024073631,972.99900715332888,972.99900715332888,1022.0974546431597,4155.9025453568474,4155.9025453568474,16.600000000000001
194.25,116,4.9710386334445404,47.495634599395885,7.9045171507270284,1.3610521607362478,0.11831125518104536,39.05396335124226,5.2056365384444563,101.35651954366907,1.9498662965159279,234.05013370348382,0.00097624699737863829,972.99902375300167,972.99902375300167,1020.0726658674249,4157.9273341325825,4157.9273341325825,16.600000000000001
194.5,116,4.9778240620864995,47.558171875252405,7.8584596572939835,1.3573925628172061,0.11820338755564615,38.988408112288219,5.1974907115721329,101.48004556847292,1.9385028519108516,234.0614971480889,0.00095995178480506687,972.99904004821417,972.99904004821417,1018.0550439703061,4159.9449560297016,4159.9449560297016,16.600000000000001
194.75,116,4.9846154668241649,47.620713955366085,7.8126104515725343,1.3537354910290673,0.11809542709198408,38.92283965968867,5.1893408711025151,101.60337809951533,1.9272244063994977,234.07277559360023,0.00094395505030273681,972.9990560449487,972.9990560449487,1016.0445638451276,4161.955436154879,4161.955436154879,16.600000000000001
195,116,4.9914127818069005,47.683260359947099,7.7669690170490089,1.3500809684297288,0.1179873731873904,38.85725851662886,5.181187082446451,101.72651704225866,1.9160302506214695,234.08396974937827,0.00092825093583292682,972.99907174906321,972.99907174906321,1014.0412004666676,4163.9587995333395,4163.9587995333395,16.600000000000001
195.25,116,4.9982159413051868,47.745810609398461,7.721534835978046,1.3464290181711855,0.11787922525239215,38.791665205872761,5.1730294110072359,101.8494623037185,1.904919681573622,234.09508031842611,0.00091283370482368514,972.9990871662942,972.9990871662942,1012.0449288909576,4165.9550711090487,4165.9550711090487,16.600000000000001
195.5,116,5.0050248797094357,47.808364224327931,7.6763073893941192,1.3427796634971285,0.11777098271061928,38.726060249754866,5.1648679221799707,101.97221379246342,1.8938920025504768,234.10610799744927,0.00089769773953958141,972.99910230225953,972.99910230225953,1010.0557242550797,4167.9442757449269,4167.9442757449269,16.600000000000001
195.75,116,5.0118395315288327,47.870920725559905,7.6312861571231663,1.3391329277405533,0.11766264499870972,38.660444170171971,5.1567026813509083,102.0947714186148,1.8829465230852118,234.11705347691452,0.00088283753851214441,972.99911716246061,972.99911716246061,1008.0735617769628,4169.926438223044,4169.926438223044,16.600000000000001
196,116,5.0186598313902246,47.933479634147275,7.586470617794312,1.3354888343213589,0.1175542115662639,38.594817488574861,5.1485337538966522,102.21713509384665,1.8720825588912093,234.12791744110854,0.00086824771401215035,972.99913175228494,972.99913175228494,1006.0984167551778,4171.9015832448295,4171.9015832448295,16.600000000000001
196.25,116,5.0254857140370319,47.996040471383033,7.5418602488516742,1.3318474067438464,0.11744568187606901,38.529180725959996,5.140361205182578,102.33930473138594,1.8612994318041276,234.13870056819562,0.00085392298948774729,972.99914607700964,972.99914607700964,1004.130264568723,4173.8697354312844,4173.8697354312844,16.600000000000001
196.5,116,5.0323171143281717,48.058602758812739,7.4974545265662931,1.3282086685945078,0.11733705540362627,38.46353440286093,5.1321851005632144,102.46128024601153,1.8505964697246227,234.14940353027509,0.00083985819729597304,972.99916014180178,972.99916014180178,1002.1690806768323,4175.8309193231744,4175.8309193231744,16.600000000000001
196.75,116,5.039153967237028,48.121166018246385,7.4532529260481271,1.3245726435396317,0.11722833163716084,38.39787903933977,5.1240055053812394,102.58306155405418,1.8399730065615549,234.16002699343818,0.00082604827632541602,972.9991739517227,972.9991739517227,1000.2148406187681,4177.7851593812393,4177.7851593812393,16.600000000000001
197,116,5.0459962078504477,48.183729771770409,7.4092549212581478,1.3209393553229307,0.11711951007759212,38.332215154978591,5.1158224849665945,102.70464857339624,1.8294283821757453,234.17057161782398,0.00081248826968659466,972.99918751172936,972.99918751172936,998.26752001361388,4179.7324799863936,4179.7324799863936,16.600000000000001
197.25,116,5.0528437713677734,48.246293541759755,7.3654599850205242,1.3173088277631968,0.11701059023846759,38.266543268870777,5.1076361046356702,102.82604122347146,1.8189619423242789,234.18103805767547,0.00079917332246793682,972.99920082667666,972.99920082667666,996.32709456006955,4181.6729054399384,4181.6729054399384,16.600000000000001
197.5,116,5.0596965930998898,48.308856850889939,7.3218675890348948,1.313681084751962,0.11690157164589975,38.20086389961228,5.0994464296904836,102.94723942526458,1.8085730386053394,234.1914269613944,0.00078609867954308797,972.99921390131942,972.99921390131942,994.39354003624533,4183.6064599637621,4183.6064599637621,16.600000000000001
197.75,116,5.066554608468306,48.371419222149314,7.2784772038887358,1.3100561502512671,0.11679245383838571,38.135177565292707,5.0912535254181481,103.06824310131087,1.7982610284035641,234.2017389715962,0.00077325968339460327,972.99922674031563,972.99922674031563,992.4668322994595,4185.5331677005479,4185.5331677005479,16.600000000000001
198,116,5.073417753004259,48.433980178851307,7.2352882990698006,1.3064340482914332,0.11668323636663663,38.069484783486345,5.0830574570902893,103.18905217569561,1.7880252748359204,234.21197472516383,0.00076065177198882344,972.99923934822698,972.99923934822698,990.54694728603602,4187.4530527139705,4187.4530527139705,16.600000000000001
198.25,116,5.080285962347868,48.496539244646286,7.1923003429786494,1.3028148029685382,0.11657391879377658,38.003786071243503,5.0748582899615222,103.30966657405411,1.7778651466981441,234.22213485330161,0.0007482704768026503,972.99925172952226,972.99925172952226,988.63386101108983,4189.3661389889166,4189.3661389889166,16.600000000000001
198.5,116,5.0871591722472971,48.559095943533912,7.14951280294125,1.2991984384422315,0.1164645006951472,37.938081945081379,5.066656089268907,103.43008622357118,1.7677800184116466,234.23221998158809,0.00073611142078549555,972.99926388857818,972.99926388857818,986.72754956832591,4191.2724504316811,4191.2724504316811,16.600000000000001
198.75,116,5.0940373185579437,48.621649799875343,7.1069251452216786,1.2955849789334606,0.11635498165822719,37.87237292097501,5.0584509202311185,103.55031105298062,1.757769269970944,234.24223073002881,0.00072417031639938141,972.99927582968269,972.99927582968269,984.82798912983253,4193.1720108701747,4193.1720108701747,16.600000000000001
199,116,5.1009203372416625,48.684200338405446,7.0645368350348869,1.2919744487222129,0.11624536128255401,37.806659514348112,5.0502428480475787,103.67034099256476,1.747832286891595,234.25216771310815,0.0007124429637044656,972.99928755703536,972.99928755703536,982.93515594587609,4195.0648440541308,4195.0648440541308,16.600000000000001
199.25,116,5.1078081643660109,48.746747084245094,7.0223473365595517,1.2883668721452572,0.11613563917964696,37.740942240063966,5.0420319378975984,103.79017597415408,1.7379684601586332,234.26203153984113,0.00070092524848654311,972.99929907475052,972.99929907475052,981.04902634469499,4196.9509736553118,4196.9509736553118,16.600000000000001
199.5,116,5.1147007361035275,48.809289562913357,6.9803561129509957,1.2847622735937052,0.11602581497302102,37.675221612416358,5.0338182549393187,103.9098159311267,1.7281771861754653,234.27182281382431,0.00068961314035703367,972.99931038685872,972.99931038685872,979.16957673229194,4198.8304232677147,4198.8304232677147,16.600000000000001
199.75,116,5.1215979887310246,48.871827300339824,6.9385626263542006,1.2811606775109108,0.11591588829804671,37.609498145120163,5.0256018643089426,104.02926079840783,1.7184578667133132,234.28154213328648,0.00067850269101277607,972.99932149730807,972.99932149730807,977.2967835922301,4200.7032164077764,4200.7032164077764,16.600000000000001
200,116,5.1284998586289188,48.934359822876949,6.8969663379168651,1.2775621083903024,0.11580585880184707,37.543772351301961,5.01738283111988,104.14851051246924,1.7088099088611239,234.29119009113865,0.00066759003250763669,972.99933240996666,972.99933240996666,975.43062348542628,4202.5693765145807,4202.5693765145807,16.600000000000001
200.25,116,5.1354062822805773,48.996886657312302,6.8555667078025566,1.2739665907730926,0.11569572614325421,37.478044743490749,5.0091612204617757,104.26756501132868,1.6992327249759429,234.30076727502382,0.00065687137551814876,972.99934312862354,972.99934312862354,973.57107304994508,4204.4289269500614,4204.4289269500614,16.600000000000001
200.5,116,5.1423171962716969,49.059407330880973,6.8143631952039261,1.2703741492460612,0.11558548999273727,37.41231583360851,5.0009370973995715,104.3864242345493,1.6897257326337747,234.310274267366,0.00064634300766971823,972.99935365699139,972.99935365699139,971.71810900079254,4206.2818909992138,4206.2818909992138,16.600000000000001
200.75,116,5.1492325372897048,49.121921371277821,6.7733552583559966,1.2667848084393454,0.115475150032331,37.346586132960773,4.9927105269725827,104.50508812323908,1.6802883545809113,234.31971164541883,0.00063600129190070974,972.99936399870717,972.99936399870717,969.87170812971044,4208.1282918702964,4208.1282918702964,16.600000000000001
201,116,5.1561522421231842,49.184428306669865,6.7325423545495102,1.2631985930242664,0.11536470595557732,37.280856152227074,4.9844815741934694,104.62355662005021,1.6709200186857258,234.32907998131404,0.00062584266485322612,972.99937415733416,972.99937415733416,968.03184730496923,4209.968152695038,4209.968152695038,16.600000000000001
201.25,116,5.1630762476613308,49.246927665708562,6.6919239401443535,1.2596155277112804,0.11525415746751924,37.215126401451286,4.9762503040469808,104.74182966917868,1.6616201578908969,234.33837984210888,0.00061586363525850153,972.99938413636391,972.99938413636391,966.19850347115801,4211.8014965288494,4211.8014965288494,16.600000000000001
201.5,116,5.1700044908934153,49.309418977542208,6.6514994705830413,1.2560356372476191,0.11514350428455135,37.149397390032178,4.9680167814893581,104.85990721636337,1.6523882101661707,234.34761178983359,0.0006060607824739248,972.99939393921659,972.99939393921659,964.37165364898397,4213.6283463510235,4213.6283463510235,16.600000000000001
201.75,116,5.1769369089082913,49.371901771828348,6.6112684004042537,1.2524589464151752,0.11503274613437751,37.083669626713778,4.9597810714472246,104.9777892088853,1.6432236184615154,234.35677638153825,0.00059643075496904866,972.99940356924401,972.99940356924401,962.55127493506404,4215.4487250649436,4215.4487250649436,16.600000000000001
202,116,5.1838734388939125,49.434375578746035,6.5712301832564561,1.2488854800283664,0.11492188275595602,37.017943619575696,4.9515432388165292,105.09547559556709,1.6341258306607362,234.36587416933904,0.00058697026885650848,972.99941302973014,972.99941302973014,960.73734450171901,4217.262655498289,4217.262655498289,16.600000000000001
202.25,116,5.1908140181368756,49.496839929008296,6.5313842719115627,1.2453152629319972,0.11481091389943977,36.952219876023364,4.9433033484615043,105.21296632677225,1.6250942995355393,234.37490570046424,0.00057767610646122412,972.99942232389253,972.99942232389253,958.92983959676621,4219.0701604032411,4219.0701604032411,16.600000000000001
202.5,116,5.1977585840219973,49.559294353874414,6.4917301182786629,1.2417483199991288,0.11469983932611831,36.886498902778314,4.9350614652136091,105.33026135440427,1.6161284827000337,234.38387151729975,0.00056854511492187827,972.99943145488419,972.99943145488419,957.12873754331406,4220.8712624566933,4220.8712624566933,16.600000000000001
202.75,116,5.2047070740318855,49.621738385162445,6.4522671734178179,1.2381846761289412,0.11458865880825067,36.82078120586845,4.9268176538708399,105.4473606319058,1.6072278425656583,234.39277215743411,0.00055957420479732956,972.99944042579432,972.99944042579432,955.33401573956007,4222.6659842604477,4222.6659842604477,16.600000000000001
203,116,5.2116594257465527,49.684171555261692,6.4129948875539009,1.2346243562446122,0.11447737212894304,36.755067290618172,4.9185719791968694,105.5642641142576,1.5983918462965445,234.40160815370322,0.00055076034871437592,972.9994492396504,972.9994492396504,953.54565165858639,4224.4543483414209,4224.4543483414209,16.600000000000001
203.25,116,5.2186155768430691,49.746593397144778,6.3739127100904884,1.2310673852912601,0.11436597908228749,36.689357661638589,4.9103245059193013,105.68097175797817,1.5896199657653398,234.41038003423441,0.00054210058010841725,972.99945789941899,972.99945789941899,951.76362284814707,4226.2363771518603,4226.2363771518603,16.600000000000001
203.5,116,5.225575465095206,49.80900344438016,6.3350200896238054,1.2275137882338369,0.11425447947319388,36.62365282281759,4.9020752987289482,105.79748352112273,1.5809116775094172,234.41908832249035,0.00053359199191969399,972.99946640800727,972.99946640800727,949.98790693046612,4228.0120930695421,4228.0120930695421,16.600000000000001
203.75,116,5.2325390283731172,49.871401231144503,6.2963164739567326,1.2239635900550494,0.11414287311731494,36.557953277309991,4.8938244222787972,105.91379936328221,1.5722664626875158,234.42773353731224,0.00052523173534088153,972.99947476826378,972.99947476826378,948.2184816020316,4229.7815183979765,4229.7815183979765,16.600000000000001
204,116,5.2395062046430336,49.933786292235077,6.2578013101128551,1.2204168157532937,0.11403115984097076,36.492259527527601,4.8855719411829552,106.02991924558242,1.563683807036798,234.43631619296295,0.00051701701859298375,972.99948298298045,972.99948298298045,946.45532463339134,4231.5446753666165,4231.5446753666165,16.600000000000001
204.25,116,5.2464769319669875,49.99615816308205,6.2194740443505694,1.2168734903405953,0.11391933948108027,36.426572075129265,4.8773179200155763,106.14584313068299,1.5551632008303165,234.44483679916945,0.00050894510572714244,972.99949105489338,972.99949105489338,944.69841386894802,4233.3015861310587,4233.3015861310587,16.600000000000001
204.5,116,5.253451148502565,50.05851637976064,6.1813341221772138,1.2133336388404798,0.11380741188531823,36.360891421010976,4.8690624233090753,106.26157098277702,1.5467041388348575,234.45329586116489,0.00050101331541232519,972.99949898668376,972.99949898668376,942.94772722674543,4235.0522727732614,4235.0522727732614,16.600000000000001
204.75,116,5.2604287925026565,50.120860479003632,6.1433809883632833,1.2097972862860018,0.11369537691186304,36.295218065295821,4.8608055155536105,106.37710276758951,1.5383061202692463,234.46169387973052,0.0004932190198231333,972.99950678097935,972.99950678097935,941.20324269827051,4236.7967573017368,4236.7967573017368,16.600000000000001
205,116,5.2674098023152327,50.183189998213784,6.1056140869566491,1.2062644577177288,0.11358323442928865,36.229552507323952,4.8525472611961007,106.49243845237638,1.5299686487630297,234.47003135123674,0.00048555964352711792,972.9995144403556,972.9995144403556,939.46493834825026,4238.5350616517571,4238.5350616517571,16.600000000000001
205.25,116,5.2743941163831582,50.245504475475983,6.0680328612968477,1.2027351781816982,0.11347098431656941,36.163895245642564,4.844287724638896,106.60757800592351,1.5216912323155414,234.47830876768421,0.00047803266237686482,972.9995219673367,972.9995219673367,937.73279231444405,4240.2672076855624,4240.2672076855624,16.600000000000001
205.5,116,5.2813816732440051,50.307803449569626,6.0306367540293992,1.1992094727274043,0.11335862646302457,36.098246777995918,4.8360269702386258,106.72252139854572,1.5134733832553653,234.48652661674438,0.00047063560243764036,972.99952936439672,972.99952936439672,936.00678280743921,4241.9932171925675,4241.9932171925675,16.600000000000001
205.75,116,5.2883724115298971,50.37008645998084,5.9934252071201666,1.195687366405797,0.11324616076826491,36.032607601315171,4.8277650623050326,106.83726860208566,1.5053146182001911,234.49468538179957,0.00046336603893891134,972.99953663396013,972.99953663396013,934.2868881104464,4243.7131118895604,4243.7131118895604,16.600000000000001
206,116,5.2953662699673725,50.432353046914805,5.9563976618697643,1.1921688842673217,0.11313358714209888,35.966978211708373,4.8195020650999076,106.95181958991262,1.4972144580170459,234.50278554198272,0.00045622159524177284,972.9995437784039,972.9995437784039,932.57308657909573,4245.4269134209117,4245.4269134209117,16.600000000000001
206.25,116,5.3023631873772432,50.494602751308179,5.9195535589280004,1.1886540513600767,0.11302090550431289,35.901359104450158,4.8112380428363757,107.06617433692115,1.4891724277828904,234.51082757221687,0.00044919994180671211,972.99955080005725,972.99955080005725,930.86535664123767,4247.1346433587696,4247.1346433587696,16.600000000000001
206.5,116,5.3093631026745189,50.556835114841064,5.8828923383083396,1.1851428927276577,0.11290811578484654,35.835750773971881,4.8029730596770728,107.18033281953028,1.4811880567456455,234.51881194325412,0.00044229879525318892,972.9995577012038,972.9995577012038,929.16367679673249,4248.8363232032743,4248.8363232032743,16.600000000000001
206.75,116,5.3163659548683109,50.619049679949292,5.8464134394024079,1.1816354334072634,0.11279521792366205,35.770153713851442,4.7947071797331695,107.29429501568214,1.4732608782855503,234.5267391217142,0.00043551591738693474,972.9995644840817,972.9995644840817,927.46802561724758,4250.5319743827595,4250.5319743827595,16.600000000000001
207,116,5.3233716830617679,50.681245989836661,5.8101163009945394,1.1781316984277703,0.11268221187066496,35.704568416803106,4.7864404670632412,107.40806090484075,1.465390429876898,234.53460957012288,0.00042884911425760823,972.99957115088489,972.99957115088489,925.7783817460554,4252.2216182539523,4252.2216182539523,16.600000000000001
207.25,116,5.3303802264520321,50.74342358848709,5.774000361276344,1.1746317128078108,0.11256909758563938,35.638995374667395,4.7781729856720929,107.52163046799079,1.457576253050139,234.54242374694962,0.00042229623523987403,972.99957770376386,972.99957770376386,924.09472389782945,4253.9052761021776,4253.9052761021776,16.600000000000001
207.5,116,5.337391524330199,50.805582020676802,5.7380650578613146,1.17113550155386,0.11245587503818244,35.573435078400934,4.7699047995095833,107.63500368763621,1.4498178933543491,234.55018210664539,0.00041585517213488005,972.99958414482694,972.99958414482694,922.41703085844176,4255.5829691415647,4255.5829691415647,16.600000000000001
207.75,116,5.34440551608132,50.867720831986361,5.7023098277994553,1.1676430896582375,0.1123425442076815,35.507888018066367,4.7616359724693691,107.74818054779895,1.4421149003200389,234.55788509967974,0.00040952385827247291,972.99959047614084,972.99959047614084,920.74528148475929,4257.254718515248,4257.254718515248,16.600000000000001
208,116,5.3514221411843952,50.929839568812866,5.666734107591938,1.1641545020971888,0.1122291050832611,35.442354682822263,4.7533665683876887,107.86116103401774,1.43446682742233,234.56553317257743,0.00040330026764607213,972.99959669973146,972.99959669973146,919.07945470444145,4258.9205452955657,4258.9205452955657,16.600000000000001
208.25,116,5.3584413392123986,50.991937778381988,5.6313373332057886,1.1606697638291488,0.11211555766365511,35.376835560912781,4.7450966510422825,107.97394513334642,1.4268732320445137,234.57312676795527,0.00039718241409960757,972.9996028175849,972.9996028175849,917.41952951573853,4260.5804704842685,4260.5804704842685,16.600000000000001
208.5,116,5.3654630498323153,51.054015008760054,5.5961189400885907,1.157188899792789,0.11200190195717756,35.311331139657632,4.7368262841511264,108.08653283435275,1.4193336754419177,234.58066632455785,0.00039116835048909592,972.99960883164863,972.99960883164863,915.76548498728869,4262.2345150127185,4262.2345150127185,16.600000000000001
208.75,116,5.3724872128052006,51.116070808866056,5.5610783631832144,1.1537119349051506,0.11188813798166168,35.2458419054419,4.7285555313712235,108.19892412711692,1.4118477227061346,234.58815227729363,0.00038525616787653136,972.99961474383122,972.99961474383122,914.11730025791667,4263.8826997420902,4263.8826997420902,16.600000000000001
209,116,5.3795137679862428,51.178104728483653,5.5262150369425722,1.1502388940597845,0.11177426576439869,35.180368343705901,4.7202844562973905,108.31111900323005,1.4044149427295896,234.59558505727017,0.00037944399474155544,972.99962055600429,972.99962055600429,912.47495453643194,4265.5250454635752,4265.5250454635752,16.600000000000001
209.25,116,5.3865426553248605,51.240116318273103,5.491528395344389,1.1467698021249118,0.11166028534207995,35.114910938935019,4.7120131224610224,108.42311745579266,1.3970349081704476,234.6029650918293,0.00037372999620897545,972.99962627000275,972.99962627000275,910.83842710142687,4267.1615728985798,4267.1615728985798,16.600000000000001
209.5,116,5.3935738148648005,51.302105129783179,5.4570178719059985,1.1433046839416992,0.11154619676079551,35.0494701746495,4.7037415933285525,108.53491947941355,1.3897071954178237,234.61029280458192,0.00036811237326609932,972.99963188762581,972.99963188762581,909.20769730107236,4268.7923026989356,4268.7923026989356,16.600000000000001
209.75,116,5.40060718674426,51.3640707154631,5.4226828996991481,1.1398435643223286,0.11143200007591855,34.984046533394363,4.6954699323005205,108.64652507020782,1.3824313845573897,234.61756861544237,0.00036258936205203621,972.99963741063686,972.99963741063686,907.58274455292008,4270.417255447087,4270.417255447087,16.600000000000001
210,116,5.4076427111960133,51.426012628674407,5.3885229113648174,1.1363864680481781,0.11131769535204411,34.918640496729331,4.6871982027103432,108.75793422579537,1.3752070593372796,234.62479294066247,0.00035715923313718394,972.99964284076577,972.99964284076577,905.96354834370197,4272.036451656305,4272.036451656305,16.600000000000001
210.25,116,5.4146803285475675,51.48793042370275,5.3545373391280577,1.1329334198680538,0.11120328266294778,34.853252545218652,4.6789264678229836,108.86914694529939,1.368033807134311,234.63196619286546,0.00035182029080934978,972.99964817970829,972.99964817970829,904.35008822912937,4273.6499117708781,4273.6499117708781,16.600000000000001
210.5,116,5.4217199792213213,51.549823655769707,5.3207256148128454,1.1294844444964018,0.11108876209153075,34.787883158421003,4.6706547908336864,108.98016322934461,1.3609112189205368,234.63908878107924,0.000346570872382399,972.99965342912662,972.99965342912662,902.74234383369185,4275.2576561663154,4275.2576561663154,16.600000000000001
210.75,116,5.4287616037347481,51.61169188104455,5.2870871698569442,1.1260395666115366,0.11097413372976568,34.722532814879365,4.6623832348667023,109.09098308005576,1.3538388892301174,234.64616111076967,0.00034140934752020091,972.99965859065151,972.99965859065151,901.14029485045774,4276.8597051495499,4276.8597051495499,16.600000000000001
211,116,5.4358051427005867,51.673534656655917,5.2536214353267763,1.1225988108538747,0.1108593976786435,34.657201992110949,4.654111862974017,109.20160650105582,1.3468164161265104,234.65318358387324,0.00033633411757560971,972.99966366588137,972.99966366588137,899.54392104087412,4278.4560789591333,4278.4560789591333,16.600000000000001
211.25,116,5.4428505368270415,51.735351540703569,5.2203278419323187,1.1191622018242178,0.11074455404805797,34.591891166597073,4.6458407381342637,109.31203349746414,1.339843401169944,234.66015659882981,0.0003313436149174046,972.99966865638407,972.99966865638407,897.95320223456963,4280.046797765438,4280.046797765438,16.600000000000001
211.5,116,5.449897726918004,51.797142092270157,5.1872058200419984,1.1157297640820389,0.11062960295670013,34.526600813773065,4.6375699232516121,109.42226407589467,1.332919449385209,234.66708055061457,0.00032643630227556384,972.99967356369666,972.99967356369666,896.36811832915714,4281.6318816708499,4281.6318816708499,16.600000000000001
211.75,116,5.4569466538732927,51.858905871432533,5.1542547996975667,1.1123015221436821,0.11051454453215052,34.461331408018317,4.6292994811540122,109.53229824445435,1.3260441692298404,234.67395583076993,0.00032161067218427065,972.99967838932673,972.99967838932673,894.78864929002941,4283.2113507099775,4283.2113507099775,16.600000000000001
212,116,5.4639972586889023,51.920642439273465,5.1214742106290068,1.1088775004806832,0.11039937891075266,34.396083422646164,4.6210294745921372,109.64213601274135,1.3192171725625097,234.68078282743727,0.0003168652463457088,972.99968313475267,972.99968313475267,893.21477515016375,4284.7852248498439,4284.7852248498439,16.600000000000001
212.25,116,5.4710494824572624,51.98235135789313,5.0888634822694403,1.1054577235180729,0.11028410623755129,34.330857329893959,4.612759966238122,109.75177739184295,1.3124380746117488,234.68756192538802,0.00031219857503479666,972.99968780142399,972.99968780142399,891.64647600992282,4286.3535239900848,4286.3535239900848,16.600000000000001
212.5,116,5.4781032663675076,52.04403219042058,5.0564220437700369,1.1020422156326892,0.11016872666623204,34.265653600912962,4.6044910186842865,109.86122239433388,1.3057064939449703,234.69429350605481,0.00030760923651759579,972.99969239076245,972.99969239076245,890.08373203685812,4287.9162679631499,4287.9162679631499,16.600000000000001
212.75,116,5.4851585517057657,52.105684501025195,5.024149324014922,1.0986310011515026,0.11005324035906039,34.200472705758443,4.5962226944418632,109.9704710342743,1.2990220524377871,234.700977947562,0.00030309583648246172,972.99969690416242,972.99969690416242,888.52652346551179,4289.4734765344956,4289.4734765344956,16.600000000000001
213,116,5.4922152798554631,52.167307854928026,4.9920447516360822,1.0952241043499431,0.10993764748683182,34.135315113379697,4.5879550559396911,110.07952332720784,1.2923843752436186,234.70761562475619,0.00029865700748037588,972.99970134299144,972.99970134299144,886.97483059721969,4291.0251694027884,4291.0251694027884,16.600000000000001
213.25,116,5.4992733922976349,52.22890181841305,4.9601077550282913,1.0918215494501211,0.10982194822892828,34.07018129161024,4.5796881655225974,110.1883792901599,1.2857930907635451,234.71420690923622,0.00029429140834666444,972.99970570859057,972.99970570859057,885.42863379991115,4292.5713662000971,4292.5713662000971,16.600000000000001
213.5,116,5.506332830611246,52.290465958838517,4.9283377623639906,1.0884233606193332,0.10970614277312617,34.005071707157747,4.5714220854504974,110.29703894163539,1.279247830616548,234.72075216938325,0.00028999772370630838,972.99971000227526,972.99971000227526,883.88791350791587,4294.1120864920922,4294.1120864920922,16.600000000000001
213.75,116,5.5133935364735276,52.351999844648269,4.8967342016081954,1.0850295619684127,0.10959023131555541,33.939986825594204,4.5631568778970522,110.40550230161666,1.2727482296099724,234.72725177038981,0.00028577466344737986,972.99971422533554,972.99971422533554,882.35265022176827,4295.6473497782399,4295.6473497782399,16.600000000000001
214,116,5.5204554516603217,52.413503045382797,4.8652965005333844,1.0816401775500872,0.10947421406066651,33.874927111346096,4.5548926049483089,110.51376939156154,1.2662939257102717,234.73370607428953,0.00028162096220359881,972.99971837903672,972.99971837903672,880.8228245080096,4297.1771754919982,4297.1771754919982,16.600000000000001
214.25,116,5.5275185180464472,52.474975131690435,4.8340240867343889,1.0782552313573679,0.10935809122117714,33.809893027684545,4.5466293286013899,110.62184023440122,1.2598845600140378,234.74011543998574,0.00027753537885413272,972.99972246462005,972.99972246462005,879.2984169989935,4298.7015830010141,4298.7015830010141,16.600000000000001
214.5,116,5.5345826776060658,52.536415675338411,4.8029163876432701,1.0748747473219524,0.10924186301801918,33.744885036715523,4.538367110763188,110.72971485453813,1.2535197767193087,234.74648022328046,0.00027351669603431657,972.99972648330288,972.99972648330288,877.7794083926899,4300.2205916073181,4300.2205916073181,16.600000000000001
214.75,116,5.5416478724130656,52.597824249223869,4.7719728305441897,1.0714987493126367,0.10912552968028658,33.679903599370121,4.5301060132490525,110.8373932778438,1.2471992230971478,234.75280077690263,0.00026956371965710464,972.99973043627938,972.99973043627938,876.26577945249039,4301.734220547517,4301.734220547517,16.600000000000001
215,116,5.5487140446414474,52.659200427384896,4.7411928425882737,1.0681272611338259,0.10900909144513561,33.614949175394663,4.5218460977815758,110.94487553165661,1.2409225494634666,234.75907745053632,0.00026567527842200951,972.99973432472041,972.99973432472041,874.75751100701461,4303.2424889929935,4303.2424889929935,16.600000000000001
215.25,116,5.5557811365657326,52.720543785011479,4.7105758508084676,1.0647603065239857,0.10889254855772454,33.550022223341038,4.5135874259892992,111.05216164477956,1.2346894091511378,234.76531059084866,0.00026185022335287054,972.99973814977545,972.99973814977545,873.25458394991551,4304.7454160500929,4304.7454160500929,16.600000000000001
215.5,116,5.5628490905613761,52.781853898456205,4.680121282134345,1.0613979091539714,0.1087759012712327,33.485123200557183,4.5053300594052414,111.1592516474781,1.228499458482426,234.77150054151736,0.00025808742738342671,972.99974191257138,972.99974191257138,871.75697923968528,4306.2430207603229,4306.2430207603229,16.600000000000001
215.75,116,5.5699178491051917,52.843130345245157,4.6498285634069312,1.0580400926255642,0.10865914984676746,33.420252563177279,4.4970740594656746,111.26614557147785,1.222352356741609,234.77764764325818,0.00025438578489891652,972.99974561421391,972.99974561421391,870.26467789946093,4307.7353221005469,4307.7353221005469,16.600000000000001
216,116,5.5769873547757856,52.904372704088672,4.6196971213935107,1.054686880469953,0.10854229455330867,33.35541076611225,4.4888194875088105,111.37284344996225,1.2162477661478857,234.78375223385191,0.00025074421130508997,972.99974925578761,972.99974925578761,868.77766101683233,4309.2223389831761,4309.2223389831761,16.600000000000001
216.25,116,5.5840575502539949,52.965580554891972,4.5897263828024117,1.0513382961462332,0.10842533566765324,33.29059826304011,4.4805664047734863,111.47934531757018,1.2101853518285375,234.78981464817124,0.0002471616426065677,972.99975283835624,972.99975283835624,867.29590974364896,4310.7040902563594,4310.7040902563594,16.600000000000001
216.5,116,5.5911283783233481,53.026753478765855,4.5599157742977674,1.0479943630399153,0.10830827347435951,33.225815506396486,4.4723148723978596,111.58565121039369,1.2041647817923509,234.79583521820743,0.0002436370349943278,972.99975636296381,972.99975636296381,865.81940529582721,4312.1805947041812,4312.1805947041812,16.600000000000001
216.75,116,5.5981997818705214,53.087891058037222,4.5302647225142749,1.0446551044614321,0.10819110826569341,33.161062947365103,4.4640649514181012,111.69176116597548,1.1981857269032834,234.80181427309654,0.00024016936443807196,972.9997598306345,972.9997598306345,864.34812895315918,4313.651871046849,4313.651871046849,16.600000000000001
217,116,5.6052717038858146,53.148992876259605,4.5007726540719242,1.0413205436445696,0.1080738403415831,33.096341035868392,4.4558167027671498,111.79767522330646,1.1922478608543479,234.80775213914546,0.00023675762626630047,972.99976324237264,972.99976324237264,862.88206205912172,4315.1179379408868,4315.1179379408868,16.600000000000001
217.25,116,5.6123440874636294,53.210058518223605,4.4714389955906952,1.0379907037451499,0.10795647000955003,33.031650220558028,4.4475701872733175,111.90339342282334,1.1863508601418353,234.81364913985797,0.00023340083481186767,972.9997665991641,972.9997665991641,861.42118602068308,4316.5788139793249,4316.5788139793249,16.600000000000001
217.5,116,5.6194168758029592,53.271087569967264,4.4422631737052365,1.0346656078395571,0.10783899758465661,32.966990948805524,4.4393254656590049,112.00891580640609,1.1804944040397172,234.81950559596009,0.00023009802302530313,972.99976990197592,972.99976990197592,859.96548230811356,4318.0345176918945,4318.0345176918945,16.600000000000001
217.75,116,5.6264900122078902,53.332079618786402,4.4132446150795186,1.0313452789232904,0.10772142338945241,32.902363666692928,4.4310825985394002,112.11424241737549,1.1746781745742991,234.8253218254255,0.00022684824210005068,972.99977315175681,972.99977315175681,858.51493245479367,4319.4850675452144,4319.4850675452144,16.600000000000001
218,116,5.6335634400881043,53.393034253244835,4.384382746421478,1.0280297399095462,0.1076037477539187,32.837768819003564,4.4228416464211771,112.2193733004904,1.1689018564991218,234.83109814350067,0.0002236505611089744,972.99977634943775,972.99977634943775,857.06951805702522,4320.9304819429826,4320.9304819429826,16.600000000000001
218.25,116,5.6406371029593991,53.453951063184597,4.3556769944976121,1.0247190136278104,0.10748597101541299,32.773206849212741,4.4146026697011935,112.32430850194531,1.163165137270098,234.83683486272972,0.00022050406664867378,972.99977949593233,972.99977949593233,855.6292207738411,4322.3707792261666,4322.3707792261666,16.600000000000001
218.5,116,5.6477109444442046,53.514829639736064,4.3271267861475602,1.021413122822465,0.10736809351861348,32.708678199478619,4.4063657286651887,112.42904806936764,1.1574677070208867,234.84253229297892,0.00021740786249144242,972.9997825921364,972.9997825921364,854.19402232681591,4323.8059776731916,4323.8059776731916,16.600000000000001
218.75,116,5.6547849082721209,53.575669575327929,4.2987315482986581,1.0181120901514269,0.10725011561550896,32.644183310632982,4.3981308834862674,112.53359205181525,1.1518092585384703,234.84819074146134,0.00021436106922740028,972.99978563892955,972.99978563892955,852.76390449987434,4325.2360955001341,4325.2360955001341,16.600000000000001
219,116,5.6618589382804609,53.636470463697243,4.2704907079804624,1.0148159381847746,0.10713203766532974,32.579722622172163,4.3898981942236626,112.63794049977369,1.1461894872390039,234.85381051276079,0.00021136282393646505,972.9997886371749,972.9997886371749,851.33884913910413,4326.6611508609039,4326.6611508609039,16.600000000000001
219.25,116,5.6689329784147828,53.697231899899322,4.242403692339213,1.0115246894033716,0.10701386003445541,32.515296572248019,4.3816677208216266,112.7420934651534,1.1406080911439131,234.85939190885588,0.00020841227987638292,972.99979158771907,972.99979158771907,849.91883815256892,4328.081161847439,4328.081161847439,16.600000000000001
219.5,116,5.6760069727294544,53.757953480317646,4.2144699286523011,1.0082383661975387,0.10689558309638805,32.450905597658938,4.3734395231079937,112.84605100128691,1.1350647708561707,234.86493522914364,0.00020550860615298059,972.99979449139278,972.99979449139278,848.50385351011982,4329.4961464898879,4329.4961464898879,16.600000000000001
219.75,116,5.6830808653882086,53.818634802673508,4.1866888443426875,1.0049569908657241,0.10677720723170137,32.386550133840821,4.3652136607928673,112.94981316292628,1.129559229536816,234.87044077046301,0.00020265098740652993,972.99979734901149,972.99979734901149,847.09387724320709,4330.9061227568,4330.9061227568,16.600000000000001
220,116,5.690154600664715,53.879275466035836,4.1590598669932834,1.001680585613187,0.10665873282799049,32.322230614858228,4.3569901934673076,113.05338000624009,1.1240911728816987,234.87590882711811,0.00019983862350479996,972.99980016137533,972.99980016137533,845.68889144469313,4332.3111085553146,4332.3111085553146,16.600000000000001
220.25,116,5.6972281229431543,53.939875070830766,4.1315824243613104,0.99840917255069483,0.10654016027982251,32.257947473395525,4.3487691806020141,113.15675158881071,1.1186603090984422,234.88133969090137,0.00019707072924267933,972.99980292926966,972.99980292926966,844.28887826866605,4333.7111217313413,4333.7111217313413,16.600000000000001
220.5,116,5.7043013767187931,54.000433218851228,4.1042559443926088,0.99514277369324511,0.10642148998866366,32.19370114074804,4.3405506815461026,113.25992796963143,1.1132663488836165,234.8867336511162,0.0001943465340435488,972.99980565346482,972.99980565346482,842.89381993025336,4335.1061800697535,4335.1061800697535,16.600000000000001
220.75,116,5.7113743065985689,54.060949513266536,4.0770798552359269,0.99188141095882698,0.10630272236274108,32.12949204681329,4.3323347555261265,113.36290920910317,1.1079090054001073,234.8920909945997,0.00019166528165386423,972.99980833471716,972.99980833471716,841.50369870544012,4336.4963012945673,4336.4963012945673,16.600000000000001
221,116,5.7184468573016938,54.121423558631669,4.0500535852571398,0.98862510616709998,0.10618385781712551,32.065320620082375,4.324121461644272,113.46569536903208,1.1025879942547732,234.89741200574505,0.00018902622988763344,972.99981097376906,972.99981097376906,840.11849693087777,4337.8815030691294,4337.8815030691294,16.600000000000001
221.25,116,5.7255189736602485,54.181854960896615,4.0231765630534451,0.9853738810381637,0.10606489677363615,32.001187287631289,4.3159108588772286,113.56828651262632,1.0973030334762566,234.90269696652354,0.00018642865034162133,972.99981357134857,972.99981357134857,838.73819700370063,4339.2618029963069,4339.2618029963069,16.600000000000001
221.5,116,5.7325906006197886,54.2422433274157,3.9964482174675218,0.9821277571913285,0.10594583966077684,31.937092475112369,4.3077030060749326,113.67068270449316,1.0920538434930129,234.9079461565068,0.00018387182812272171,972.99981612817078,972.99981612817078,837.36278138134162,4340.6372186186663,4340.6372186186663,16.600000000000001
221.75,116,5.7396616832399543,54.302588266956704,3.9698679776016421,0.97888675614389453,0.10582668691368068,31.873036606745725,4.2994979619592959,113.77288401063585,1.0868401471115527,234.91315985288824,0.00018135506158273174,972.99981864493736,972.99981864493736,835.99223258134782,4342.0077674186596,4342.0077674186596,16.600000000000001
222,116,5.7467321666950895,54.362889389710062,3.9434352728317403,0.97565089930994631,0.10570743897405384,31.809020105310807,4.2912957851229301,113.8748904984506,1.0816616694948906,234.91833833050492,0.00017887766205874081,972.99982112233681,972.99982112233681,834.62653318119737,4343.3734668188099,4343.3734668188099,16.600000000000001
222.25,116,5.7538019962748574,54.423146307297856,3.917149532821437,0.97242020799915763,0.10558809629012035,31.74504339213798,4.2830965340278739,113.97670223672353,1.0765181381411946,234.92348186185859,0.00017643895361884007,972.99982356104545,972.99982356104545,833.26566581811505,4344.7343341818932,4344.7343341818932,16.600000000000001
222.5,116,5.7608711173848812,54.483358632782661,3.8910101875360263,0.96919470341552194,0.10546865931665625,31.681106887100249,4.2749002670040372,114.07831929562761,1.0714092828626094,234.92859071713721,0.00017403827280010865,972.99982596172617,972.99982596172617,831.90961318888753,4346.09038681112,4346.09038681112,16.600000000000001
222.75,116,5.7679394755473661,54.543525980676549,3.8650166672564077,0.96597440665624312,0.1053491285148765,31.61721100860494,4.2667070422481217,114.1797417467195,1.0663348357643316,234.93366516423546,0.00017167496837333564,972.99982832503065,972.99982832503065,830.55835804968171,4347.4416419503259,4347.4416419503259,16.600000000000001
223,116,5.7750070164017355,54.603647966949865,3.8391684025929598,0.9627593387106187,0.10522950435234121,31.55335617358541,4.258516917822484,114.28096966293629,1.0612945312238748,234.93870546877591,0.00016934840111007307,972.9998306515979,972.9998306515979,829.21188321586487,4348.7881167841424,4348.7881167841424,16.600000000000001
223.25,116,5.7820736857052717,54.663724209039962,3.8134648244993841,0.95954952045886033,0.10510978730293963,31.489542797492934,4.2503299516537529,114.38200311859222,1.0562881058705049,234.94371189412928,0.00016705794354338532,972.99983294205549,972.99983294205549,827.87017156182026,4350.1298284381874,4350.1298284381874,16.600000000000001
223.5,116,5.789139429333769,54.723754325859794,3.7879053642864911,0.9563449726709613,0.10498997784683989,31.425771294288605,4.2421462015315567,114.48284218937563,1.051315298564881,234.94868470143493,0.00016480297973856398,972.99983519701925,972.99983519701925,826.53320602076667,4351.4667939792407,4351.4667939792407,16.600000000000001
223.75,116,5.7962041932821746,54.783737937806499,3.7624894536359403,0.95314571600557574,0.10487007647043935,31.362042076435273,4.2339657251072582,114.5834869523456,1.0463758503788902,234.95362414962091,0.00016258290506866336,972.99983741709389,972.99983741709389,825.20096958457748,4352.79903041543,4352.79903041543,16.600000000000001
224,116,5.8032679236652527,54.843674666769864,3.7372165246139222,0.94995177100891237,0.10475008366631523,31.298355554889621,4.2257885798926882,114.68393748592862,1.0414695045756726,234.95853049542413,0.00016039712599477299,972.99983960287307,972.99983960287307,823.87344530359883,4354.1265546964087,4354.1265546964087,16.600000000000001
224.25,116,5.8103305667182301,54.90356413614073,3.7120860096847976,0.94676315811367284,0.10462999993315544,31.234712139094182,4.217614823258935,114.78419386991536,1.0365960065898232,234.96340399341,0.00015824505984643442,972.99984175493921,972.99984175493921,822.55061628647127,4355.449383713536,4355.449383713536,16.600000000000001
224.5,116,5.8173920687974681,54.963405970819373,3.6870973417246904,0.94357989763804295,0.10450982577566331,31.171112236969421,4.209444512435188,114.88425618545709,1.0317551040077704,234.96824489599203,0.00015612613460088654,972.99984387386439,972.99984387386439,821.23246569994978,4356.7675343000574,4356.7675343000574,16.600000000000001
224.75,116,5.8244523763811253,55.023199797223626,3.6622499540349924,0.94040200978449862,0.10438956170459071,31.107556254906132,4.2012777045072998,114.98412451506258,1.0269465465484027,234.9730534534514,0.00015403978869462214,972.99984596021034,972.99984596021034,819.91897676872304,4358.0810232312842,4358.0810232312842,16.600000000000001
225,116,5.8315114360698255,55.082945243297026,3.6375432803558412,0.93722951463880466,0.10426920823665563,31.044044597757651,4.1931144564166107,115.08379894259451,1.0221700860438205,234.97782991395599,0.00015198547081407169,972.9998480145282,972.9998480145282,818.61013277523523,4359.3898672247715,4359.3898672247715,16.600000000000001
225.25,116,5.8385691945873317,55.142641938516959,3.6129767548795382,0.93406243216898577,0.10414876589448731,30.980577668832204,4.1849548249587256,115.18327955326615,1.0174254764202846,234.98257452357953,0.00014996263969648696,972.99985003735935,972.99985003735935,817.30591705950735,4360.6940829404994,4360.6940829404994,16.600000000000001
225.5,116,5.8456255987812247,55.202289513902549,3.5885498122639037,0.93090078222430472,0.10402823520657441,30.917155869885324,4.176798866782268,115.28256643363771,1.0127124736793447,234.98728752632047,0.00014797076393561928,972.99985202923494,972.99985202923494,816.00631301895908,4361.9936869810481,4361.9936869810481,16.600000000000001
225.75,116,5.8526805956235739,55.261887602022576,3.5642618876455816,0.92774458453425712,0.10390761670721292,30.853779601112354,4.1686466383876635,115.38165967161302,1.0080308358791463,234.99196916412063,0.00014600932179145609,972.99985399067714,972.99985399067714,814.71130410823162,4363.2886958917752,4363.2886958917752,16.600000000000001
226,116,5.8597341322116234,55.321435837003314,3.5401124166532796,0.92459385870757405,0.10378691093645469,30.790449261140999,4.1604981961259124,115.48055935643586,1.0033803231159131,234.99661967688391,0.00014407780100341594,972.99985592219809,972.99985592219809,813.42087383900969,4364.5791261609966,4364.5791261609966,16.600000000000001
226.25,116,5.8667861557684793,55.380933854536224,3.5161008354209633,0.92144862423116269,0.10366611844006439,30.72716524702404,4.1523535961974503,115.5792655786864,0.99876069750556806,235.00123930249427,0.00014217569859478453,972.99985782430042,972.99985782430042,812.13500577984621,4365.864994220161,4365.864994220161,16.600000000000001
226.5,116,5.8738366136437872,55.440381291885572,3.4922265806009727,0.91830890046921865,0.10354523976945869,30.66392795423193,4.1442128946508623,115.67777843027764,0.99417172316560098,235.00582827683422,0.00014030252070679723,972.99985969747831,972.99985969747831,810.85368355598553,4367.1463164440211,4367.1463164440211,16.600000000000001
226.75,116,5.8808854533144306,55.499777787896001,3.4684890893770706,0.91517470666228418,0.10342427548165269,30.600737776645598,4.1360761473816634,115.77609800445182,0.98961316619707529,235.01038683380276,0.00013845778242529909,972.99986154221665,972.99986154221665,809.57689084918593,4368.42310915082,4368.42310915082,16.600000000000001
227,116,5.8879326223852164,55.559122982999973,3.4448877994774514,0.91204606192628279,0.10330322613921085,30.537595106549286,4.1279434101311248,115.87422439577672,0.98508479466678778,235.01491520533304,0.0001366410076051243,972.99986335899143,972.99986335899143,808.30461139754539,4369.6953886024612,4369.6953886024612,16.600000000000001
227.25,116,5.8949780685895696,55.618416519225129,3.4214221491876753,0.90892298525159121,0.1031820923101949,30.474500334623485,4.1198147384850783,115.97215770014206,0.9805863785896084,235.01941362141019,0.00013485172870198296,972.99986514827037,972.99986514827037,807.03682899532612,4370.9631710046797,4370.9631710046797,16.600000000000001
227.5,116,5.9020217397902295,55.677658040201607,3.3980915773635414,0.90580549550212686,0.10306087456811157,30.411453849937892,4.1116901878727345,116.06989801475568,0.97611768991098569,235.02388231008882,0.00013308948660788376,972.99986691051242,972.99986691051242,805.7735274927802,4372.2264725072264,4372.2264725072264,16.600000000000001
227.75,116,5.9090635839799432,55.736847191169197,3.3748955234438931,0.90269361141444671,0.10293957349186027,30.348456039944516,4.1035698135654988,116.16744543813986,0.97167850248961751,235.02832149751023,0.0001313538304900377,972.99986864616858,972.99986864616858,804.51469079597507,4373.4853092040312,4373.4853092040312,16.600000000000001
228,116,5.9161035492821705,55.795983618984479,3.3518334274633617,0.89958735159686198,0.10281818966568064,30.285507290470779,4.0954536706757994,116.26480007012761,0.96726859208028593,235.03273140791956,0.00012964431763319174,972.99987035568142,972.99987035568142,803.26030286662012,4374.7396971333865,4374.7396971333865,16.600000000000001
228.25,116,5.9231415839517769,55.855066972127759,3.3289047300650507,0.89648673452854799,0.10269672367911591,30.22260798571277,4.0873418141558648,116.36196201185875,0.96288773631683189,235.03711226368301,0.00012796051327850004,972.99987203948581,972.99987203948581,802.01034772189246,4375.9896522781137,4375.9896522781137,16.600000000000001
228.5,116,5.9301776363757472,55.914096900710049,3.3061088725131706,0.8933917785586184,0.10257517612702197,30.159758508228535,4.0792342987963366,116.45893136577641,0.95853571469523191,235.04146428530458,0.00012630199044615475,972.99987369800874,972.99987369800874,800.76480943426225,4377.2351905657433,4377.2351905657433,16.600000000000001
228.75,116,5.9372116550738756,55.973073056479876,3.283445296705537,0.89030250190538673,0.10245354760941608,30.096959238931415,4.0711311792254739,116.55570823562286,0.95421230855704142,235.0457876914428,0.00012466832982964201,972.99987533166927,972.99987533166927,799.52367213132368,4378.4763278686823,4378.4763278686823,16.600000000000001
229,116,5.9442435886994742,56.031995092830059,3.260913445186056,0.88721892265549707,0.10233183873145787,30.034210557083483,4.0630325099078863,116.65229272643572,0.94991730107282324,235.05008269892699,0.00012305911963665506,972.9998769408794,972.9998769408794,798.28691999562136,4379.7130800043842,4379.7130800043842,16.600000000000001
229.25,116,5.9512733860400768,56.090862664804334,3.2385127611571325,0.88414105876309501,0.10221005010340697,29.971512840289058,4.0549383451433494,116.74868494454405,0.94565047722576223,235.05434952277406,0.00012147395544320618,972.99987852604363,972.99987852604363,797.05453726447843,4380.9454627355281,4380.9454627355281,16.600000000000001
229.5,116,5.9583009960181466,56.149675429103915,3.2162426884920063,0.8810689280490196,0.10208818234057379,29.908866464488312,4.0468487390656707,116.84488499756449,0.94141162379544363,235.0585883762044,0.0001199124400536073,972.99988008755906,972.99988008755906,795.82650822982544,4382.1734917701806,4382.1734917701806,16.600000000000001
229.75,116,5.9653263676917758,56.208433044093965,3.1941026717470136,0.87800254820000678,0.10196623606327074,29.846271803950952,4.0387637456415328,116.94089299439732,0.93720052934178344,235.06279947065806,0.00011837418336335666,972.99988162581576,972.99988162581576,794.6028172380295,4383.3971827619771,4383.3971827619771,16.600000000000001
230,116,5.972349450255404,56.267135169809947,3.1720921561737843,0.87494193676790843,0.1018442118967637,29.783729231269941,4.0306834186693701,117.03670904522231,0.93301698418911017,235.06698301581073,0.00011685880222488584,972.99988314119685,972.99988314119685,793.38344868972388,4384.6165513102824,4384.6165513102824,16.600000000000001
230.25,116,5.9793701930405145,56.325781467963942,3.1502105877313586,0.87188711116892181,0.1017221104712239,29.721239117355367,4.0226078117782365,117.13233326149499,0.92886078041039621,235.07113921958944,0.0001153659203161237,972.99988463407885,972.99988463407885,792.16838703963776,4385.8316129603691,4385.8316129603691,16.600000000000001
230.5,116,5.9863885455163439,56.384371601950853,3.1284574130982534,0.86883808868288848,0.10159993242163629,29.658801831428249,4.0145369784268157,117.22776575594224,0.92473171181159697,235.07526828818823,0.00011389516800047785,972.99988610483115,972.99988610483115,790.95761679642794,4387.0423832035776,4387.0423832035776,16.600000000000001
230.75,116,5.9934044572905858,56.442905236854543,3.1068320796844344,0.86579488645256386,0.10147767838774108,29.596417741014545,4.0064709719023384,117.32300664255847,0.92062957391616751,235.07937042608364,0.00011244618219802136,972.99988755381696,972.99988755381696,789.75112252251074,4388.2488774774947,4388.2488774774947,16.600000000000001
231,116,6.000417878110107,56.501382039453709,3.0853340356431995,0.86275752148279461,0.10135534901406304,29.534087211939301,3.998409845319236,117.4180560366015,0.9165541639498056,235.08344583605,0.00011101860628218231,972.99988898139281,972.99988898139281,788.54888883389015,4389.4511111661159,4389.4511111661159,16.600000000000001
231.25,116,6.0074287578616472,56.559801678227892,3.0639627298830137,0.85972601063985543,0.10123294494982027,29.471810608320762,3.9903536516181739,117.51291405458846,0.91250528082522719,235.0874947191746,0.00010961208994757415,972.9998903879092,972.9998903879092,787.35090039999068,4390.6490996000157,4390.6490996000157,16.600000000000001
231.5,116,6.0144370465725325,56.618163823363247,3.0427176120792616,0.85670037065075189,0.10111046684887294,29.409588292564571,3.982302443564965,117.60758081429167,0.90848272512712125,235.0915172748727,0.00010822628909081215,972.99989177371003,972.99989177371003,786.15714194349016,4391.842858056516,4391.842858056516,16.600000000000001
231.75,116,6.0214426944113724,56.67646814675831,3.0215981326859249,0.85368061810253582,0.10098791536967254,29.347420625358083,3.9742562737494951,117.70205643473437,0.90448629909724643,235.09551370090256,0.0001068608656938702,972.99989313913341,972.99989313913341,784.96759824015248,4393.0324017598541,4393.0324017598541,16.600000000000001
232,116,6.0284456516887754,56.734714322029589,3.0006037429471806,0.850666769441634,0.10086529117521069,29.285307965664764,3.9662151945846524,117.79634103618666,0.90051580661966757,235.09948419338014,0.00010551548770985718,972.9998944845114,972.9998944845114,783.78225411865992,4394.2177458813467,4394.2177458813467,16.600000000000001
232.25,116,6.0354458688580443,56.792902024517147,2.9797338949089238,0.84765884097319089,0.10074259493296808,29.223250670718627,3.9581792583052664,117.89043474016111,0.89657105320613084,235.10342894679371,0.00010418982895117639,972.99989581017007,972.99989581017007,782.60109446044714,4395.3989055395587,4395.3989055395587,16.600000000000001
232.5,116,6.0424432965158887,56.851030931289984,2.9589880414302141,0.84465684886042203,0.10061982731486534,29.16124909601881,3.9501485169670514,117.98433766940873,0.89265184598157277,235.10734815401824,0.00010288356897927965,972.99989711643013,972.99989711643013,781.42410419953535,4396.5758958004699,4396.5758958004699,16.600000000000001
232.75,116,6.0494378854031288,56.909100721151411,2.9383656361946566,0.84166080912388885,0.1004969889972705,29.099303595324276,3.9421230224454002,118.07804994791461,0.88875799366969466,235.11124200633012,0.00010159639297792156,972.99989840360615,972.99989840360615,780.25126832236538,4397.7487316776396,4397.7487316776396,16.600000000000001
233,116,6.0564295864053914,56.967111074644251,2.91786613372168,0.83867073764097244,0.10037408066089179,29.037414520648461,3.9341028264344988,118.17157170089359,0.88488930657881559,235.115110693421,0.00010032799166668863,972.99989967200736,972.99989967200736,779.08257186763342,4398.9174281323722,4398.9174281323722,16.600000000000001
233.25,116,6.0634183505538157,57.025061674056118,2.8974889893777322,0.83568665014528076,0.10025110299071877,28.975582222254037,3.9260879804463196,118.264903054786,0.88104559658779702,235.11895440341203,9.9078061200625665e-05,972.99990092193786,972.99990092193786,777.91799992612641,4400.0820000738795,4400.0820000738795,16.600000000000001
233.5,116,6.07040412902575,57.082952203424369,2.8772336593874224,0.83270856222602629,0.1001280566759913,28.913807048647826,3.9180785358095473,118.35804413725327,0.87722667713206515,235.12277332286774,9.7846303062817908e-05,972.99990215369598,972.99990215369598,776.75753764055742,4401.2424623594479,4401.2424623594479,16.600000000000001
233.75,116,6.0773868731454517,57.140782348541137,2.8570996008445642,0.82973648932744493,0.100004942410151,28.852089346575781,3.9100745436685553,118.4509950771736,0.87343236318978634,235.12656763681005,9.6632423964924168e-05,972.99990336757514,972.99990336757514,775.6011702054019,4402.3988297946034,4402.3988297946034,16.600000000000001
234,116,6.0843665343847855,57.198551796958164,2.837086271723146,0.82677044674822786,0.09988176089079269,28.790429461018,3.9020760549823996,118.54375600463752,0.86966247126817164,235.13033752873164,9.5436135749737879e-05,972.99990456386342,972.99990456386342,774.44888286673404,4403.5511171332719,4403.5511171332719,16.600000000000001
234.25,116,6.0913430643639153,57.256260237991569,2.8171931308882172,0.82381044964096595,0.099758512819616271,28.728827735183906,3.8940831205238107,118.63632705094359,0.86591681938990872,235.13408318060991,9.4257155295743674e-05,972.99990574284391,972.99990574284391,773.30066092206346,4404.6993390779426,4404.6993390779426,16.600000000000001
234.5,116,6.0983164148520013,57.313907362726567,2.797419638106692,0.82085651301160767,0.099635198902378652,28.667284510507418,3.8860957908782039,118.7287083485938,0.86219522707972263,235.13780477292008,9.3095204423639558e-05,972.99990690479467,972.99990690479467,772.15648972017311,4405.8435102798321,4405.8435102798321,16.600000000000001
234.75,116,6.1052865377678911,57.371492864022024,2.7777652540580724,0.81790865171894278,0.099511819848840055,28.605800126642272,3.8781141164426884,118.82090003128928,0.85849751535104613,235.14150248464875,9.1950009801715956e-05,972.99990804998936,972.99990804998936,771.01635466095627,4406.9836453390499,4406.9836453390499,16.600000000000001
235,116,6.112253385180809,57.429016436514985,2.7582294403450991,0.81496688047413868,0.099388376372693474,28.544374921457344,3.8701381474251044,118.91290223392571,0.8548235066927754,235.14517649330705,9.0821302844017919e-05,972.99990917869616,972.99990917869616,769.88024119525596,4408.1197588047498,4408.1197588047498,16.600000000000001
235.25,116,6.1192169093110387,57.486477776625023,2.7388116595042908,0.8120312138401532,0.09926486919155364,28.483009231032199,3.8621679338430317,119.00471509258887,0.85117302505628956,235.14882697494352,8.9708819641804748e-05,972.99991029117939,972.99991029117939,768.74813482470211,4409.2518651753044,4409.2518651753044,16.600000000000001
235.5,116,6.1261770625306191,57.543876582558546,2.7195113750164177,0.80910166623127122,0.099141299026897459,28.421703389652631,3.8542035255228364,119.09633874455004,0.8475458958424773,235.15245410415733,8.8612300871008146e-05,972.99991138769826,972.99991138769826,767.62002110155152,4410.3799788984543,4410.3799788984543,16.600000000000001
235.75,116,6.1331337973640174,57.601212554313008,2.7003280513168932,0.80617825191263615,0.099017666604013038,28.360457729806296,3.8462449720987175,119.18777332826154,0.84394194588890348,235.1560580541109,8.7531491705992857e-05,972.99991246850743,972.99991246850743,766.4958856285275,4411.5041143714789,4411.5041143714789,16.600000000000001
236,116,6.1400870664888183,57.658485393681005,2.6812611538060782,0.8032609849997876,0.098893972651951559,28.299272582178411,3.8382923230117596,119.2790189833521,0.84036100345710218,235.1596389965427,8.6466141736398424e-05,972.99991353385735,972.99991353385735,765.37571405865901,4412.6242859413478,4412.6242859413478,16.600000000000001
236.25,116,6.1470368227363936,57.715694804254277,2.6623101488594942,0.80034987945821234,0.098770217903479188,28.238148275647607,3.8303456275090006,119.3700758506223,0.83680289821998899,235.16319710177982,8.5416004885665382e-05,972.99991458399427,972.99991458399427,764.25949209512146,4413.7405079048849,4413.7405079048849,16.600000000000001
236.5,116,6.1539830190925864,57.772840491427658,2.643474503837961,0.79744494910290786,0.098646403095028978,28.177085137281789,3.8224049346425009,119.46094407203992,0.83326746124938911,235.16673253875044,8.43808393312204e-05,972.99991561915965,972.99991561915965,763.14720549107778,4414.852794508929,4414.852794508929,16.600000000000001
236.75,116,6.1609256086983759,57.829922162402852,2.6247536870976398,0.79454620759795935,0.098522528966653145,28.116083492334131,3.8144702932684242,119.55162379073528,0.82975452500368363,235.17024547499614,8.3360407426295204e-05,972.99991663959167,972.99991663959167,762.03884004951863,4415.9611599504879,4415.9611599504879,16.600000000000001
237,116,6.1678645448505538,57.88693952619218,2.6061471679999997,0.79165366845612728,0.098398596261962165,28.055143664239154,3.8065417520462219,119.64211515099663,0.82626392331553555,235.17373607668426,8.235447561659444e-05,972.9999176455234,972.9999176455234,760.93438162310622,4417.0656183769006,4417.0656183769006,16.600000000000001
237.25,116,6.1747997810023838,57.943892293622199,2.5876544169216888,0.7887673450384487,0.098274605728073436,27.994265974608865,3.7986193594377586,119.73241829826526,0.82279549137975361,235.17720450862006,8.1362814363376563e-05,972.99991863718469,972.99991863718469,759.83381611401592,4418.1661838859909,4418.1661838859909,16.600000000000001
237.5,116,6.1817312707642742,58.000780177337241,2.5692749052643196,0.78588725055385744,0.098150558115587053,27.93345074322901,3.7907031637062465,119.82253337913107,0.81934906574134492,235.18065093425847,8.0385198082190878e-05,972.99991961480089,972.99991961480089,758.73712947377692,4419.2628705262305,4419.2628705262305,16.600000000000001
237.75,116,6.1886589679044315,58.057602891802837,2.5510081054641658,0.7830133980588101,0.098026454178524874,27.872698288055371,3.7827932129154624,119.91246054132776,0.81592448428357778,235.18407551571624,7.9421405063985782e-05,972.9999205785939,972.9999205785939,757.64430770311606,4420.3556922968901,4420.3556922968901,16.600000000000001
238,116,6.1955828263495256,58.114360153309029,2.5328534910017795,0.78014580045692583,0.097902294674281701,27.812008925210215,3.774889554928881,120.00219993372802,0.81252158621619031,235.18747841378362,7.8471217404008141e-05,972.99992152878167,972.99992152878167,756.55533685180183,4421.4446631482051,4421.4446631482051,16.600000000000001
238.25,116,6.2025028001853357,58.171051679973658,2.5148105364115101,0.77728447049864136,0.097778080363576506,27.75138296897876,3.7669922374088189,120.09175170633878,0.80914021206370745,235.19085978793609,7.7534420932183728e-05,972.99992246557804,972.99992246557804,755.47020301848727,4422.5297969815192,4422.5297969815192,16.600000000000001
238.5,116,6.2094188436574065,58.227677191745506,2.4968787172909437,0.77442942078087607,0.097653812010403587,27.690820731805783,3.7591013078155897,120.18111601029649,0.8057802036538676,235.19421979634595,7.6610805144900417e-05,972.9999233891939,972.9999233891939,754.38889235055456,4423.6111076494526,4423.6111076494526,16.600000000000001
238.75,116,6.2163309111716938,58.284236410407296,2.4790575103102479,0.77158066374671175,0.097529490381983719,27.630322524292286,3.7512168134066681,120.2702929978622,0.8024414041061565,235.19755859589367,7.5700163138172591e-05,972.99992429983581,972.99992429983581,753.31139104396038,4424.6886089560467,4424.6886089560467,16.600000000000001
239,116,6.2232389572952096,58.34072905957872,2.4613463932214317,0.76873821168508216,0.097405116248717255,27.569888655192237,3.7433388012358555,120.35928282241676,0.79912365782044659,235.20087634217936,7.4802291541790458e-05,972.99992519770763,972.99992519770763,752.23768534307965,4425.7623146569276,4425.7623146569276,16.600000000000001
239.25,116,6.230142936756665,58.397154864719177,2.443744844867509,0.76590207673042621,0.09728069038419436,27.509519431409508,3.7354673181521849,120.44808563845626,0.79582681046568715,235.20417318953412,7.3916990444993411e-05,972.99992608300863,972.99992608300863,751.16776154054946,4426.8322384594576,4426.8322384594576,16.600000000000001
239.5,116,6.2370428044471042,58.453513553130605,2.4262523451915858,0.76307227086245233,0.097156213565090535,27.449215157994722,3.7276024107993804,120.53670160158686,0.79255070896880864,235.207449291031,7.3044063343149493e-05,972.99992695593585,972.99992695593585,750.10160597711706,4427.89839402289,4427.89839402289,16.600000000000001
239.75,116,6.2439385154205347,58.509804853960176,2.4088683752458446,0.7602488059058744,0.097031686571109749,27.388976138142279,3.7197441256150978,120.62513086851989,0.78929520150368282,235.2107047984961,7.2183317077568218e-05,972.99992781668197,972.99992781668197,749.03920504148675,4428.9607949585206,4428.9607949585206,16.600000000000001
240,116,6.2508300248945572,58.566028498202854,2.3915924172004424,0.75743169353013462,0.096907110184956388,27.328802673187468,3.711892508830041,120.71337359706705,0.78606013748016212,235.21393986251965,7.1334561771587478e-05,972.99992866543732,972.99992866543732,747.98054517016533,4430.0194548298423,4430.0194548298423,16.600000000000001
